INFO 2026-07-22 19:39:36 ot_train.py:217 {'batch_size': 176,
 'checkpoint_path': None,
 'cudnn_deterministic': False,
 'dataset': {'episodes': None,
             'image_transforms': {'enable': False,
                                  'max_num_transforms': 3,
                                  'random_order': False,
                                  'tfs': {'affine': {'kwargs': {'degrees': [-5.0,
                                                                            5.0],
                                                                'translate': [0.05,
                                                                              0.05]},
                                                     'type': 'RandomAffine',
                                                     'weight': 1.0},
                                          'brightness': {'kwargs': {'brightness': [0.8,
                                                                                   1.2]},
                                                         'type': 'ColorJitter',
                                                         'weight': 1.0},
                                          'contrast': {'kwargs': {'contrast': [0.8,
                                                                               1.2]},
                                                       'type': 'ColorJitter',
                                                       'weight': 1.0},
                                          'hue': {'kwargs': {'hue': [-0.05,
                                                                     0.05]},
                                                  'type': 'ColorJitter',
                                                  'weight': 1.0},
                                          'saturation': {'kwargs': {'saturation': [0.5,
                                                                                   1.5]},
                                                         'type': 'ColorJitter',
                                                         'weight': 1.0},
                                          'sharpness': {'kwargs': {'sharpness': [0.5,
                                                                                 1.5]},
                                                        'type': 'SharpnessJitter',
                                                        'weight': 1.0}}},
             'repo_id': 'coport-uni/FR5_task2_transfer_the_gray_tablets_from_the_brown_bottle_into_another_brown_bottle_50',
             'revision': None,
             'root': None,
             'streaming': False,
             'use_imagenet_stats': True,
             'video_backend': 'pyav'},
 'env': None,
 'eval': {'batch_size': 50, 'n_episodes': 50, 'use_async_envs': False},
 'eval_freq': 20000,
 'job_name': 'FR5_task2_transfer_the_gray_tablets_from_the_brown_bottle_into_another_brown_bottle_50_pi0_b200',
 'log_freq': 200,
 'num_workers': 10,
 'optimizer': {'betas': [0.9, 0.95],
               'eps': 1e-08,
               'grad_clip_norm': 1.0,
               'lr': 0.000104,
               'type': 'adamw',
               'weight_decay': 0.01},
 'output_dir': 'outputs/train/FR5_task2_transfer_the_gray_tablets_from_the_brown_bottle_into_another_brown_bottle_50_pi0_b200',
 'peft': None,
 'policy': {'action_expert_variant': 'gemma_300m',
            'chunk_size': 50,
            'compile_mode': 'default',
            'compile_model': True,
            'device': 'cuda',
            'dtype': 'bfloat16',
            'empty_cameras': 0,
            'freeze_vision_encoder': False,
            'gradient_checkpointing': True,
            'image_resolution': [224, 224],
            'input_features': {},
            'license': None,
            'max_action_dim': 32,
            'max_period': 4.0,
            'max_state_dim': 32,
            'min_period': 0.004,
            'n_action_steps': 50,
            'n_obs_steps': 1,
            'normalization_mapping': {'ACTION': <NormalizationMode.MEAN_STD: 'MEAN_STD'>,
                                      'STATE': <NormalizationMode.MEAN_STD: 'MEAN_STD'>,
                                      'VISUAL': <NormalizationMode.IDENTITY: 'IDENTITY'>},
            'num_inference_steps': 10,
            'optimizer_betas': [0.9, 0.95],
            'optimizer_eps': 1e-08,
            'optimizer_grad_clip_norm': 1.0,
            'optimizer_lr': 0.000104,
            'optimizer_weight_decay': 0.01,
            'output_features': {},
            'paligemma_variant': 'gemma_2b',
            'pretrained_path': 'models/pi0_base_v051compat',
            'private': None,
            'push_to_hub': True,
            'repo_id': 'coport-uni/FR5_task2_transfer_the_gray_tablets_from_the_brown_bottle_into_another_brown_bottle_50_pi0_b200',
            'rtc_config': None,
            'scheduler_decay_lr': 2.5e-06,
            'scheduler_decay_steps': 30000,
            'scheduler_warmup_steps': 1000,
            'tags': None,
            'time_sampling_beta_alpha': 1.5,
            'time_sampling_beta_beta': 1.0,
            'time_sampling_offset': 0.001,
            'time_sampling_scale': 0.999,
            'tokenizer_max_length': 48,
            'train_expert_only': False,
            'type': 'pi0',
            'use_amp': False,
            'use_peft': False},
 'rabc_epsilon': 1e-06,
 'rabc_head_mode': 'sparse',
 'rabc_kappa': 0.01,
 'rabc_progress_path': None,
 'rename_map': {},
 'resume': False,
 'save_checkpoint': True,
 'save_freq': 3000,
 'scheduler': {'decay_lr': 2.5e-06,
               'num_decay_steps': 30000,
               'num_warmup_steps': 1000,
               'peak_lr': 0.000104,
               'type': 'cosine_decay_with_warmup'},
 'seed': 55,
 'steps': 30000,
 'tolerance_s': 0.1,
 'use_policy_training_preset': True,
 'use_rabc': False,
 'wandb': {'add_tags': True,
           'disable_artifact': False,
           'enable': False,
           'entity': None,
           'mode': None,
           'notes': None,
           'project': 'lerobot',
           'run_id': None}}
INFO 2026-07-22 19:39:36 ot_train.py:225 [1m[33mLogs will be saved locally.[0m
INFO 2026-07-22 19:39:36 ot_train.py:241 Creating dataset
DEBUG 2026-07-22 19:39:36 ock/_api.py:536 Attempting to acquire lock 123276458206672 on /NHNHOME/workspace/sungwoo/hf_cache/datasets/_NHNHOME_workspace_sungwoo_hf_cache_datasets_parquet_default-f896360292013b54_0.0.0_ec3958b52035e87929642b609b5a781870321434b151a14fbe8fd5a26ff494bb.lock
DEBUG 2026-07-22 19:39:36 ock/_api.py:539 Lock 123276458206672 acquired on /NHNHOME/workspace/sungwoo/hf_cache/datasets/_NHNHOME_workspace_sungwoo_hf_cache_datasets_parquet_default-f896360292013b54_0.0.0_ec3958b52035e87929642b609b5a781870321434b151a14fbe8fd5a26ff494bb.lock
DEBUG 2026-07-22 19:39:36 ns/local.py:383 open file: /NHNHOME/workspace/sungwoo/hf_cache/datasets/parquet/default-f896360292013b54/0.0.0/ec3958b52035e87929642b609b5a781870321434b151a14fbe8fd5a26ff494bb/dataset_info.json
DEBUG 2026-07-22 19:39:36 ock/_api.py:568 Attempting to release lock 123276458206672 on /NHNHOME/workspace/sungwoo/hf_cache/datasets/_NHNHOME_workspace_sungwoo_hf_cache_datasets_parquet_default-f896360292013b54_0.0.0_ec3958b52035e87929642b609b5a781870321434b151a14fbe8fd5a26ff494bb.lock
DEBUG 2026-07-22 19:39:36 ock/_api.py:572 Lock 123276458206672 released on /NHNHOME/workspace/sungwoo/hf_cache/datasets/_NHNHOME_workspace_sungwoo_hf_cache_datasets_parquet_default-f896360292013b54_0.0.0_ec3958b52035e87929642b609b5a781870321434b151a14fbe8fd5a26ff494bb.lock
DEBUG 2026-07-22 19:39:36 ock/_api.py:536 Attempting to acquire lock 123276438256240 on /NHNHOME/workspace/sungwoo/hf_cache/datasets/parquet/default-f896360292013b54/0.0.0/ec3958b52035e87929642b609b5a781870321434b151a14fbe8fd5a26ff494bb_builder.lock
DEBUG 2026-07-22 19:39:36 ock/_api.py:539 Lock 123276438256240 acquired on /NHNHOME/workspace/sungwoo/hf_cache/datasets/parquet/default-f896360292013b54/0.0.0/ec3958b52035e87929642b609b5a781870321434b151a14fbe8fd5a26ff494bb_builder.lock
DEBUG 2026-07-22 19:39:36 ns/local.py:383 open file: /NHNHOME/workspace/sungwoo/hf_cache/datasets/parquet/default-f896360292013b54/0.0.0/ec3958b52035e87929642b609b5a781870321434b151a14fbe8fd5a26ff494bb/dataset_info.json
DEBUG 2026-07-22 19:39:36 ock/_api.py:568 Attempting to release lock 123276438256240 on /NHNHOME/workspace/sungwoo/hf_cache/datasets/parquet/default-f896360292013b54/0.0.0/ec3958b52035e87929642b609b5a781870321434b151a14fbe8fd5a26ff494bb_builder.lock
DEBUG 2026-07-22 19:39:36 ock/_api.py:572 Lock 123276438256240 released on /NHNHOME/workspace/sungwoo/hf_cache/datasets/parquet/default-f896360292013b54/0.0.0/ec3958b52035e87929642b609b5a781870321434b151a14fbe8fd5a26ff494bb_builder.lock
INFO 2026-07-22 19:39:36 eo_utils.py:108 Using video codec: libsvtav1
DEBUG 2026-07-22 19:39:36 ock/_api.py:536 Attempting to acquire lock 123276442807008 on /NHNHOME/workspace/sungwoo/hf_cache/datasets/_NHNHOME_workspace_sungwoo_hf_cache_datasets_parquet_default-f896360292013b54_0.0.0_ec3958b52035e87929642b609b5a781870321434b151a14fbe8fd5a26ff494bb.lock
DEBUG 2026-07-22 19:39:36 ock/_api.py:539 Lock 123276442807008 acquired on /NHNHOME/workspace/sungwoo/hf_cache/datasets/_NHNHOME_workspace_sungwoo_hf_cache_datasets_parquet_default-f896360292013b54_0.0.0_ec3958b52035e87929642b609b5a781870321434b151a14fbe8fd5a26ff494bb.lock
DEBUG 2026-07-22 19:39:36 ns/local.py:383 open file: /NHNHOME/workspace/sungwoo/hf_cache/datasets/parquet/default-f896360292013b54/0.0.0/ec3958b52035e87929642b609b5a781870321434b151a14fbe8fd5a26ff494bb/dataset_info.json
DEBUG 2026-07-22 19:39:36 ock/_api.py:568 Attempting to release lock 123276442807008 on /NHNHOME/workspace/sungwoo/hf_cache/datasets/_NHNHOME_workspace_sungwoo_hf_cache_datasets_parquet_default-f896360292013b54_0.0.0_ec3958b52035e87929642b609b5a781870321434b151a14fbe8fd5a26ff494bb.lock
DEBUG 2026-07-22 19:39:36 ock/_api.py:572 Lock 123276442807008 released on /NHNHOME/workspace/sungwoo/hf_cache/datasets/_NHNHOME_workspace_sungwoo_hf_cache_datasets_parquet_default-f896360292013b54_0.0.0_ec3958b52035e87929642b609b5a781870321434b151a14fbe8fd5a26ff494bb.lock
DEBUG 2026-07-22 19:39:36 ock/_api.py:536 Attempting to acquire lock 123276443026736 on /NHNHOME/workspace/sungwoo/hf_cache/datasets/parquet/default-f896360292013b54/0.0.0/ec3958b52035e87929642b609b5a781870321434b151a14fbe8fd5a26ff494bb_builder.lock
DEBUG 2026-07-22 19:39:36 ock/_api.py:539 Lock 123276443026736 acquired on /NHNHOME/workspace/sungwoo/hf_cache/datasets/parquet/default-f896360292013b54/0.0.0/ec3958b52035e87929642b609b5a781870321434b151a14fbe8fd5a26ff494bb_builder.lock
DEBUG 2026-07-22 19:39:36 ns/local.py:383 open file: /NHNHOME/workspace/sungwoo/hf_cache/datasets/parquet/default-f896360292013b54/0.0.0/ec3958b52035e87929642b609b5a781870321434b151a14fbe8fd5a26ff494bb/dataset_info.json
DEBUG 2026-07-22 19:39:36 ock/_api.py:568 Attempting to release lock 123276443026736 on /NHNHOME/workspace/sungwoo/hf_cache/datasets/parquet/default-f896360292013b54/0.0.0/ec3958b52035e87929642b609b5a781870321434b151a14fbe8fd5a26ff494bb_builder.lock
DEBUG 2026-07-22 19:39:36 ock/_api.py:572 Lock 123276443026736 released on /NHNHOME/workspace/sungwoo/hf_cache/datasets/parquet/default-f896360292013b54/0.0.0/ec3958b52035e87929642b609b5a781870321434b151a14fbe8fd5a26ff494bb_builder.lock
DEBUG 2026-07-22 19:39:36 ock/_api.py:536 Attempting to acquire lock 123276438256480 on /NHNHOME/workspace/sungwoo/hf_cache/datasets/_NHNHOME_workspace_sungwoo_hf_cache_datasets_parquet_default-afa5279ae0445a2e_0.0.0_ec3958b52035e87929642b609b5a781870321434b151a14fbe8fd5a26ff494bb.lock
DEBUG 2026-07-22 19:39:36 ock/_api.py:539 Lock 123276438256480 acquired on /NHNHOME/workspace/sungwoo/hf_cache/datasets/_NHNHOME_workspace_sungwoo_hf_cache_datasets_parquet_default-afa5279ae0445a2e_0.0.0_ec3958b52035e87929642b609b5a781870321434b151a14fbe8fd5a26ff494bb.lock
DEBUG 2026-07-22 19:39:36 ns/local.py:383 open file: /NHNHOME/workspace/sungwoo/hf_cache/datasets/parquet/default-afa5279ae0445a2e/0.0.0/ec3958b52035e87929642b609b5a781870321434b151a14fbe8fd5a26ff494bb/dataset_info.json
DEBUG 2026-07-22 19:39:36 ock/_api.py:568 Attempting to release lock 123276438256480 on /NHNHOME/workspace/sungwoo/hf_cache/datasets/_NHNHOME_workspace_sungwoo_hf_cache_datasets_parquet_default-afa5279ae0445a2e_0.0.0_ec3958b52035e87929642b609b5a781870321434b151a14fbe8fd5a26ff494bb.lock
DEBUG 2026-07-22 19:39:36 ock/_api.py:572 Lock 123276438256480 released on /NHNHOME/workspace/sungwoo/hf_cache/datasets/_NHNHOME_workspace_sungwoo_hf_cache_datasets_parquet_default-afa5279ae0445a2e_0.0.0_ec3958b52035e87929642b609b5a781870321434b151a14fbe8fd5a26ff494bb.lock
DEBUG 2026-07-22 19:39:36 ock/_api.py:536 Attempting to acquire lock 123276448439696 on /NHNHOME/workspace/sungwoo/hf_cache/datasets/parquet/default-afa5279ae0445a2e/0.0.0/ec3958b52035e87929642b609b5a781870321434b151a14fbe8fd5a26ff494bb_builder.lock
DEBUG 2026-07-22 19:39:36 ock/_api.py:539 Lock 123276448439696 acquired on /NHNHOME/workspace/sungwoo/hf_cache/datasets/parquet/default-afa5279ae0445a2e/0.0.0/ec3958b52035e87929642b609b5a781870321434b151a14fbe8fd5a26ff494bb_builder.lock
DEBUG 2026-07-22 19:39:36 ns/local.py:383 open file: /NHNHOME/workspace/sungwoo/hf_cache/datasets/parquet/default-afa5279ae0445a2e/0.0.0/ec3958b52035e87929642b609b5a781870321434b151a14fbe8fd5a26ff494bb/dataset_info.json
DEBUG 2026-07-22 19:39:36 ock/_api.py:568 Attempting to release lock 123276448439696 on /NHNHOME/workspace/sungwoo/hf_cache/datasets/parquet/default-afa5279ae0445a2e/0.0.0/ec3958b52035e87929642b609b5a781870321434b151a14fbe8fd5a26ff494bb_builder.lock
DEBUG 2026-07-22 19:39:36 ock/_api.py:572 Lock 123276448439696 released on /NHNHOME/workspace/sungwoo/hf_cache/datasets/parquet/default-afa5279ae0445a2e/0.0.0/ec3958b52035e87929642b609b5a781870321434b151a14fbe8fd5a26ff494bb_builder.lock
INFO 2026-07-22 19:39:38 ot_train.py:259 Creating policy
INFO 2026-07-22 19:40:43 ling_pi0.py:602 Enabled gradient checkpointing for PI0Pytorch model
WARNING 2026-07-22 19:40:44 ing_pi0.py:1156 Vision embedding key might need handling: paligemma_with_expert.paligemma.model.vision_tower.embeddings.patch_embedding.bias
WARNING 2026-07-22 19:40:44 ing_pi0.py:1156 Vision embedding key might need handling: paligemma_with_expert.paligemma.model.vision_tower.embeddings.patch_embedding.weight
INFO 2026-07-22 19:40:44 ing_pi0.py:1169 Remapped 437 vision-tower keys to the installed transformers naming (vision_tower.vision_model.* <-> vision_tower.*).
DEBUG 2026-07-22 19:40:58 re/_trace.py:47 connect_tcp.started host='huggingface.co' port=443 local_address=None timeout=10 socket_options=None
DEBUG 2026-07-22 19:40:58 re/_trace.py:47 connect_tcp.complete return_value=<httpcore._backends.sync.SyncStream object at 0x701c38a37cb0>
DEBUG 2026-07-22 19:40:58 re/_trace.py:47 start_tls.started ssl_context=<ssl.SSLContext object at 0x701c385ba3d0> server_hostname='huggingface.co' timeout=10
DEBUG 2026-07-22 19:40:58 re/_trace.py:47 start_tls.complete return_value=<httpcore._backends.sync.SyncStream object at 0x701c38425dc0>
DEBUG 2026-07-22 19:40:58 re/_trace.py:47 send_request_headers.started request=<Request [b'HEAD']>
DEBUG 2026-07-22 19:40:58 re/_trace.py:47 send_request_headers.complete
DEBUG 2026-07-22 19:40:58 re/_trace.py:47 send_request_body.started request=<Request [b'HEAD']>
DEBUG 2026-07-22 19:40:58 re/_trace.py:47 send_request_body.complete
DEBUG 2026-07-22 19:40:58 re/_trace.py:47 receive_response_headers.started request=<Request [b'HEAD']>
DEBUG 2026-07-22 19:40:58 re/_trace.py:47 receive_response_headers.complete return_value=(b'HTTP/1.1', 200, b'OK', [(b'Content-Type', b'text/plain; charset=utf-8'), (b'Content-Length', b'1027'), (b'Connection', b'keep-alive'), (b'Date', b'Wed, 22 Jul 2026 10:40:58 GMT'), (b'ETag', b'"b89393ba09b432265173f688b8a41a2c3c9e3e4c"'), (b'X-Powered-By', b'huggingface-moon'), (b'X-Request-Id', b'Root=1-6a609e3a-76c016ae08723c775ac5efb5;8a664128-d2bb-4ba6-ab4a-d133b9d8eb66'), (b'RateLimit', b'"resolvers";r=4996;t=164'), (b'RateLimit-Policy', b'"fixed window";"resolvers";q=5000;w=300'), (b'cross-origin-opener-policy', b'same-origin'), (b'Referrer-Policy', b'strict-origin-when-cross-origin'), (b'Access-Control-Max-Age', b'86400'), (b'Access-Control-Allow-Origin', b'https://huggingface.co'), (b'Vary', b'Origin'), (b'Access-Control-Expose-Headers', b'X-Repo-Commit,X-Request-Id,X-Error-Code,X-Error-Message,X-Total-Count,ETag,Link,Accept-Ranges,Content-Range,X-Linked-Size,X-Linked-ETag,X-Xet-Hash'), (b'X-Repo-Commit', b'35e4f46485b4d07967e7e9935bc3786aad50687c'), (b'Accept-Ranges', b'bytes'), (b'X-Hub-Cache', b'MISS'), (b'Content-Disposition', b'inline; filename*=UTF-8\'\'config.json; filename="config.json";'), (b'Content-Security-Policy', b"default-src 'none'; sandbox"), (b'X-Cache', b'Miss from cloudfront'), (b'Via', b'1.1 63a5602c0026310ff3bc102e4bcef29a.cloudfront.net (CloudFront)'), (b'X-Amz-Cf-Pop', b'ICN57-P5'), (b'Alt-Svc', b'h3=":443"; ma=86400'), (b'X-Amz-Cf-Id', b'dn1boBlN9e0F23GTObQzUey3Dkus1zkPNiGwJs-DJxWB6YvT3qxgmA==')])
INFO 2026-07-22 19:40:58 _client.py:1025 HTTP Request: HEAD https://huggingface.co/google/paligemma-3b-pt-224/resolve/main/config.json "HTTP/1.1 200 OK"
DEBUG 2026-07-22 19:40:58 re/_trace.py:47 receive_response_body.started request=<Request [b'HEAD']>
DEBUG 2026-07-22 19:40:58 re/_trace.py:47 receive_response_body.complete
DEBUG 2026-07-22 19:40:58 re/_trace.py:47 response_closed.started
DEBUG 2026-07-22 19:40:58 re/_trace.py:47 response_closed.complete
DEBUG 2026-07-22 19:40:58 re/_trace.py:47 send_request_headers.started request=<Request [b'HEAD']>
DEBUG 2026-07-22 19:40:58 re/_trace.py:47 send_request_headers.complete
DEBUG 2026-07-22 19:40:58 re/_trace.py:47 send_request_body.started request=<Request [b'HEAD']>
DEBUG 2026-07-22 19:40:58 re/_trace.py:47 send_request_body.complete
DEBUG 2026-07-22 19:40:58 re/_trace.py:47 receive_response_headers.started request=<Request [b'HEAD']>
DEBUG 2026-07-22 19:40:58 re/_trace.py:47 receive_response_headers.complete return_value=(b'HTTP/1.1', 200, b'OK', [(b'Content-Type', b'text/plain; charset=utf-8'), (b'Content-Length', b'39968'), (b'Connection', b'keep-alive'), (b'Date', b'Wed, 22 Jul 2026 10:40:58 GMT'), (b'ETag', b'"960dcec0bccc6e594d865eceb63c8078e164cfb2"'), (b'X-Powered-By', b'huggingface-moon'), (b'X-Request-Id', b'Root=1-6a609e3a-4bfe486d615e953d1f36a5e3;9d5d2366-4836-4d07-9d2f-adffd37e16b7'), (b'RateLimit', b'"resolvers";r=4994;t=164'), (b'RateLimit-Policy', b'"fixed window";"resolvers";q=5000;w=300'), (b'cross-origin-opener-policy', b'same-origin'), (b'Referrer-Policy', b'strict-origin-when-cross-origin'), (b'Access-Control-Max-Age', b'86400'), (b'Access-Control-Allow-Origin', b'https://huggingface.co'), (b'Vary', b'Origin'), (b'Access-Control-Expose-Headers', b'X-Repo-Commit,X-Request-Id,X-Error-Code,X-Error-Message,X-Total-Count,ETag,Link,Accept-Ranges,Content-Range,X-Linked-Size,X-Linked-ETag,X-Xet-Hash'), (b'X-Repo-Commit', b'35e4f46485b4d07967e7e9935bc3786aad50687c'), (b'Accept-Ranges', b'bytes'), (b'X-Hub-Cache', b'HIT'), (b'Content-Disposition', b'inline; filename*=UTF-8\'\'tokenizer_config.json; filename="tokenizer_config.json";'), (b'Content-Security-Policy', b"default-src 'none'; sandbox"), (b'X-Cache', b'Miss from cloudfront'), (b'Via', b'1.1 63a5602c0026310ff3bc102e4bcef29a.cloudfront.net (CloudFront)'), (b'X-Amz-Cf-Pop', b'ICN57-P5'), (b'Alt-Svc', b'h3=":443"; ma=86400'), (b'X-Amz-Cf-Id', b'alBqCY4t_R9cnOmmyRgWdGGLIZKLUYRmm2y5sLhwKwej2SWSj9fIHg==')])
INFO 2026-07-22 19:40:58 _client.py:1025 HTTP Request: HEAD https://huggingface.co/google/paligemma-3b-pt-224/resolve/main/tokenizer_config.json "HTTP/1.1 200 OK"
DEBUG 2026-07-22 19:40:58 re/_trace.py:47 receive_response_body.started request=<Request [b'HEAD']>
DEBUG 2026-07-22 19:40:58 re/_trace.py:47 receive_response_body.complete
DEBUG 2026-07-22 19:40:58 re/_trace.py:47 response_closed.started
DEBUG 2026-07-22 19:40:58 re/_trace.py:47 response_closed.complete
DEBUG 2026-07-22 19:40:58 re/_trace.py:47 send_request_headers.started request=<Request [b'GET']>
DEBUG 2026-07-22 19:40:58 re/_trace.py:47 send_request_headers.complete
DEBUG 2026-07-22 19:40:58 re/_trace.py:47 send_request_body.started request=<Request [b'GET']>
DEBUG 2026-07-22 19:40:58 re/_trace.py:47 send_request_body.complete
DEBUG 2026-07-22 19:40:58 re/_trace.py:47 receive_response_headers.started request=<Request [b'GET']>
DEBUG 2026-07-22 19:40:58 re/_trace.py:47 receive_response_headers.complete return_value=(b'HTTP/1.1', 404, b'Not Found', [(b'Content-Type', b'application/json; charset=utf-8'), (b'Content-Length', b'64'), (b'Connection', b'keep-alive'), (b'Date', b'Wed, 22 Jul 2026 10:40:58 GMT'), (b'ETag', b'W/"40-09f9IAqP13xarAhQxFS2W8rvRkM"'), (b'X-Powered-By', b'huggingface-moon'), (b'X-Request-Id', b'Root=1-6a609e3a-52d1a8a9569d6c605c6e78a1;4e28e8a1-c34c-441c-98cf-d6477ea1ee95'), (b'RateLimit', b'"api";r=996;t=164'), (b'RateLimit-Policy', b'"fixed window";"api";q=1000;w=300'), (b'cross-origin-opener-policy', b'same-origin'), (b'Referrer-Policy', b'strict-origin-when-cross-origin'), (b'Access-Control-Max-Age', b'86400'), (b'Access-Control-Allow-Origin', b'https://huggingface.co'), (b'Vary', b'Origin'), (b'Access-Control-Expose-Headers', b'X-Repo-Commit,X-Request-Id,X-Error-Code,X-Error-Message,X-Total-Count,ETag,Link,Accept-Ranges,Content-Range,X-Linked-Size,X-Linked-ETag,X-Xet-Hash'), (b'X-Error-Code', b'EntryNotFound'), (b'X-Error-Message', b'additional_chat_templates does not exist on "main"'), (b'X-Cache', b'Error from cloudfront'), (b'Via', b'1.1 63a5602c0026310ff3bc102e4bcef29a.cloudfront.net (CloudFront)'), (b'X-Amz-Cf-Pop', b'ICN57-P5'), (b'Alt-Svc', b'h3=":443"; ma=86400'), (b'X-Amz-Cf-Id', b'ZLirBfKIBXrsWNQDn2taRiHk4WS5exWCyS8TsUZ6ruPX0Fu1wHuDvA==')])
INFO 2026-07-22 19:40:58 _client.py:1025 HTTP Request: GET https://huggingface.co/api/models/google/paligemma-3b-pt-224/tree/main/additional_chat_templates?recursive=false&expand=false "HTTP/1.1 404 Not Found"
DEBUG 2026-07-22 19:40:58 re/_trace.py:47 receive_response_body.started request=<Request [b'GET']>
DEBUG 2026-07-22 19:40:58 re/_trace.py:47 receive_response_body.complete
DEBUG 2026-07-22 19:40:58 re/_trace.py:47 response_closed.started
DEBUG 2026-07-22 19:40:58 re/_trace.py:47 response_closed.complete
DEBUG 2026-07-22 19:40:58 re/_trace.py:47 send_request_headers.started request=<Request [b'GET']>
DEBUG 2026-07-22 19:40:58 re/_trace.py:47 send_request_headers.complete
DEBUG 2026-07-22 19:40:58 re/_trace.py:47 send_request_body.started request=<Request [b'GET']>
DEBUG 2026-07-22 19:40:58 re/_trace.py:47 send_request_body.complete
DEBUG 2026-07-22 19:40:58 re/_trace.py:47 receive_response_headers.started request=<Request [b'GET']>
DEBUG 2026-07-22 19:40:59 re/_trace.py:47 receive_response_headers.complete return_value=(b'HTTP/1.1', 200, b'OK', [(b'Content-Type', b'application/json; charset=utf-8'), (b'Transfer-Encoding', b'chunked'), (b'Connection', b'keep-alive'), (b'Date', b'Wed, 22 Jul 2026 10:40:58 GMT'), (b'content-encoding', b'gzip'), (b'ETag', b'W/"9c5-q9seafptu6jJvow4apCGJpG2b2M"'), (b'X-Powered-By', b'huggingface-moon'), (b'X-Request-Id', b'Root=1-6a609e3a-64d33cee78b38a7034af485d;c58013a5-9482-41fe-8630-611b2f4e0772'), (b'RateLimit', b'"api";r=994;t=164'), (b'RateLimit-Policy', b'"fixed window";"api";q=1000;w=300'), (b'cross-origin-opener-policy', b'same-origin'), (b'Referrer-Policy', b'strict-origin-when-cross-origin'), (b'Access-Control-Max-Age', b'86400'), (b'Access-Control-Allow-Origin', b'https://huggingface.co'), (b'Vary', b'Origin'), (b'vary', b'Accept-Encoding'), (b'Access-Control-Expose-Headers', b'X-Repo-Commit,X-Request-Id,X-Error-Code,X-Error-Message,X-Total-Count,ETag,Link,Accept-Ranges,Content-Range,X-Linked-Size,X-Linked-ETag,X-Xet-Hash'), (b'X-Cache', b'Miss from cloudfront'), (b'Via', b'1.1 63a5602c0026310ff3bc102e4bcef29a.cloudfront.net (CloudFront)'), (b'X-Amz-Cf-Pop', b'ICN57-P5'), (b'Alt-Svc', b'h3=":443"; ma=86400'), (b'X-Amz-Cf-Id', b'_s5IjFBexIu3r0blHAxw2txBISyRk3Osk3FG05V98ZgFM4uH3x6mgg==')])
INFO 2026-07-22 19:40:59 _client.py:1025 HTTP Request: GET https://huggingface.co/api/models/google/paligemma-3b-pt-224/tree/main?recursive=true&expand=false "HTTP/1.1 200 OK"
DEBUG 2026-07-22 19:40:59 re/_trace.py:47 receive_response_body.started request=<Request [b'GET']>
DEBUG 2026-07-22 19:40:59 re/_trace.py:47 receive_response_body.complete
DEBUG 2026-07-22 19:40:59 re/_trace.py:47 response_closed.started
DEBUG 2026-07-22 19:40:59 re/_trace.py:47 response_closed.complete
DEBUG 2026-07-22 19:40:59 re/_trace.py:47 send_request_headers.started request=<Request [b'GET']>
DEBUG 2026-07-22 19:40:59 re/_trace.py:47 send_request_headers.complete
DEBUG 2026-07-22 19:40:59 re/_trace.py:47 send_request_body.started request=<Request [b'GET']>
DEBUG 2026-07-22 19:40:59 re/_trace.py:47 send_request_body.complete
DEBUG 2026-07-22 19:40:59 re/_trace.py:47 receive_response_headers.started request=<Request [b'GET']>
DEBUG 2026-07-22 19:40:59 re/_trace.py:47 receive_response_headers.complete return_value=(b'HTTP/1.1', 200, b'OK', [(b'Content-Type', b'application/json; charset=utf-8'), (b'Transfer-Encoding', b'chunked'), (b'Connection', b'keep-alive'), (b'Date', b'Wed, 22 Jul 2026 10:40:59 GMT'), (b'content-encoding', b'gzip'), (b'ETag', b'W/"d05-vQ+f+J4NRXZpNsAiJcrG2aTx4Zg"'), (b'X-Powered-By', b'huggingface-moon'), (b'X-Request-Id', b'Root=1-6a609e3b-4039feca43cd43b052e7db0b;0ee093cb-5bdc-45a1-a6db-398b4533601f'), (b'RateLimit', b'"api";r=990;t=163'), (b'RateLimit-Policy', b'"fixed window";"api";q=1000;w=300'), (b'cross-origin-opener-policy', b'same-origin'), (b'Referrer-Policy', b'strict-origin-when-cross-origin'), (b'Access-Control-Max-Age', b'86400'), (b'Access-Control-Allow-Origin', b'https://huggingface.co'), (b'Vary', b'Origin'), (b'vary', b'Accept-Encoding'), (b'Access-Control-Expose-Headers', b'X-Repo-Commit,X-Request-Id,X-Error-Code,X-Error-Message,X-Total-Count,ETag,Link,Accept-Ranges,Content-Range,X-Linked-Size,X-Linked-ETag,X-Xet-Hash'), (b'X-Cache', b'Miss from cloudfront'), (b'Via', b'1.1 63a5602c0026310ff3bc102e4bcef29a.cloudfront.net (CloudFront)'), (b'X-Amz-Cf-Pop', b'ICN57-P5'), (b'Alt-Svc', b'h3=":443"; ma=86400'), (b'X-Amz-Cf-Id', b'j6Eg9cAZRYpIpCZPSnqyNd4-MqU46ps34cBMqVQOtF5y0OaWAVthkw==')])
INFO 2026-07-22 19:40:59 _client.py:1025 HTTP Request: GET https://huggingface.co/api/models/google/paligemma-3b-pt-224 "HTTP/1.1 200 OK"
DEBUG 2026-07-22 19:40:59 re/_trace.py:47 receive_response_body.started request=<Request [b'GET']>
DEBUG 2026-07-22 19:40:59 re/_trace.py:47 receive_response_body.complete
DEBUG 2026-07-22 19:40:59 re/_trace.py:47 response_closed.started
DEBUG 2026-07-22 19:40:59 re/_trace.py:47 response_closed.complete
INFO 2026-07-22 19:40:59 ot_train.py:314 Creating optimizer and scheduler
INFO 2026-07-22 19:40:59 ot_train.py:349 [1m[33mOutput dir:[0m outputs/train/FR5_task2_transfer_the_gray_tablets_from_the_brown_bottle_into_another_brown_bottle_50_pi0_b200
INFO 2026-07-22 19:40:59 ot_train.py:356 cfg.steps=30000 (30K)
INFO 2026-07-22 19:40:59 ot_train.py:357 dataset.num_frames=72541 (73K)
INFO 2026-07-22 19:40:59 ot_train.py:358 dataset.num_episodes=50
INFO 2026-07-22 19:40:59 ot_train.py:361 Effective batch size: 176 x 3 = 528
INFO 2026-07-22 19:40:59 ot_train.py:362 num_learnable_params=4028019472 (4B)
INFO 2026-07-22 19:40:59 ot_train.py:363 num_total_params=4028019472 (4B)
INFO 2026-07-22 19:40:59 ot_train.py:427 Start offline training on a fixed dataset, with effective batch size: 528
DEBUG 2026-07-22 19:41:00 re/_trace.py:47 close.started
DEBUG 2026-07-22 19:41:00 re/_trace.py:47 close.complete
DEBUG 2026-07-22 19:41:00 re/_trace.py:47 close.started
DEBUG 2026-07-22 19:41:00 re/_trace.py:47 close.complete
DEBUG 2026-07-22 19:41:00 re/_trace.py:47 close.started
DEBUG 2026-07-22 19:41:00 re/_trace.py:47 close.complete
DEBUG 2026-07-22 19:41:00 re/_trace.py:47 close.started
DEBUG 2026-07-22 19:41:00 re/_trace.py:47 close.complete
DEBUG 2026-07-22 19:41:00 re/_trace.py:47 close.started
DEBUG 2026-07-22 19:41:00 re/_trace.py:47 close.complete
DEBUG 2026-07-22 19:41:00 re/_trace.py:47 close.started
DEBUG 2026-07-22 19:41:00 re/_trace.py:47 close.complete
DEBUG 2026-07-22 19:41:00 re/_trace.py:47 close.started
DEBUG 2026-07-22 19:41:00 re/_trace.py:47 close.complete
DEBUG 2026-07-22 19:41:00 re/_trace.py:47 close.started
DEBUG 2026-07-22 19:41:00 re/_trace.py:47 close.complete
DEBUG 2026-07-22 19:41:00 re/_trace.py:47 close.started
DEBUG 2026-07-22 19:41:00 re/_trace.py:47 close.complete
DEBUG 2026-07-22 19:41:00 re/_trace.py:47 close.started
DEBUG 2026-07-22 19:41:00 re/_trace.py:47 close.complete
DEBUG 2026-07-22 19:41:57 ock/_api.py:536 Attempting to acquire lock 123257073797360 on /NHNHOME/WORKSPACE/26msit002_E/appeal_workspace/sungwoo/FR5ControllerVLA/.cache/torchinductor/locks/cf3c2y3itjriwbc3lx4pjamef6f2iyh5u7427we2pywnktc4srcq.lock
DEBUG 2026-07-22 19:41:57 ock/_api.py:539 Lock 123257073797360 acquired on /NHNHOME/WORKSPACE/26msit002_E/appeal_workspace/sungwoo/FR5ControllerVLA/.cache/torchinductor/locks/cf3c2y3itjriwbc3lx4pjamef6f2iyh5u7427we2pywnktc4srcq.lock
DEBUG 2026-07-22 19:42:01 ock/_api.py:568 Attempting to release lock 123257073797360 on /NHNHOME/WORKSPACE/26msit002_E/appeal_workspace/sungwoo/FR5ControllerVLA/.cache/torchinductor/locks/cf3c2y3itjriwbc3lx4pjamef6f2iyh5u7427we2pywnktc4srcq.lock
DEBUG 2026-07-22 19:42:01 ock/_api.py:572 Lock 123257073797360 released on /NHNHOME/WORKSPACE/26msit002_E/appeal_workspace/sungwoo/FR5ControllerVLA/.cache/torchinductor/locks/cf3c2y3itjriwbc3lx4pjamef6f2iyh5u7427we2pywnktc4srcq.lock
DEBUG 2026-07-22 19:42:01 ock/_api.py:536 Attempting to acquire lock 123266506667120 on /NHNHOME/WORKSPACE/26msit002_E/appeal_workspace/sungwoo/FR5ControllerVLA/.cache/torchinductor/locks/cnqn66uwixyzuccim6bspnqfoahsve6ufksbo2mmmwnwvfye3zwq.lock
DEBUG 2026-07-22 19:42:01 ock/_api.py:539 Lock 123266506667120 acquired on /NHNHOME/WORKSPACE/26msit002_E/appeal_workspace/sungwoo/FR5ControllerVLA/.cache/torchinductor/locks/cnqn66uwixyzuccim6bspnqfoahsve6ufksbo2mmmwnwvfye3zwq.lock
DEBUG 2026-07-22 19:42:03 ock/_api.py:568 Attempting to release lock 123266506667120 on /NHNHOME/WORKSPACE/26msit002_E/appeal_workspace/sungwoo/FR5ControllerVLA/.cache/torchinductor/locks/cnqn66uwixyzuccim6bspnqfoahsve6ufksbo2mmmwnwvfye3zwq.lock
DEBUG 2026-07-22 19:42:03 ock/_api.py:572 Lock 123266506667120 released on /NHNHOME/WORKSPACE/26msit002_E/appeal_workspace/sungwoo/FR5ControllerVLA/.cache/torchinductor/locks/cnqn66uwixyzuccim6bspnqfoahsve6ufksbo2mmmwnwvfye3zwq.lock
DEBUG 2026-07-22 19:42:03 ock/_api.py:536 Attempting to acquire lock 123241998342320 on /NHNHOME/WORKSPACE/26msit002_E/appeal_workspace/sungwoo/FR5ControllerVLA/.cache/torchinductor/locks/cbuiawkcao226cm43gj2woepy52yi5beodvnkwntqpsqt3tpwl3z.lock
DEBUG 2026-07-22 19:42:03 ock/_api.py:539 Lock 123241998342320 acquired on /NHNHOME/WORKSPACE/26msit002_E/appeal_workspace/sungwoo/FR5ControllerVLA/.cache/torchinductor/locks/cbuiawkcao226cm43gj2woepy52yi5beodvnkwntqpsqt3tpwl3z.lock
DEBUG 2026-07-22 19:42:04 ock/_api.py:568 Attempting to release lock 123241998342320 on /NHNHOME/WORKSPACE/26msit002_E/appeal_workspace/sungwoo/FR5ControllerVLA/.cache/torchinductor/locks/cbuiawkcao226cm43gj2woepy52yi5beodvnkwntqpsqt3tpwl3z.lock
DEBUG 2026-07-22 19:42:04 ock/_api.py:572 Lock 123241998342320 released on /NHNHOME/WORKSPACE/26msit002_E/appeal_workspace/sungwoo/FR5ControllerVLA/.cache/torchinductor/locks/cbuiawkcao226cm43gj2woepy52yi5beodvnkwntqpsqt3tpwl3z.lock
DEBUG 2026-07-22 19:42:04 ock/_api.py:536 Attempting to acquire lock 123241983179136 on /NHNHOME/WORKSPACE/26msit002_E/appeal_workspace/sungwoo/FR5ControllerVLA/.cache/torchinductor/locks/cqzkpn554ktul6b6rfmhff45r6u4h5a3tp5juqeoaexdrr3uirbq.lock
DEBUG 2026-07-22 19:42:04 ock/_api.py:539 Lock 123241983179136 acquired on /NHNHOME/WORKSPACE/26msit002_E/appeal_workspace/sungwoo/FR5ControllerVLA/.cache/torchinductor/locks/cqzkpn554ktul6b6rfmhff45r6u4h5a3tp5juqeoaexdrr3uirbq.lock
DEBUG 2026-07-22 19:42:06 ock/_api.py:568 Attempting to release lock 123241983179136 on /NHNHOME/WORKSPACE/26msit002_E/appeal_workspace/sungwoo/FR5ControllerVLA/.cache/torchinductor/locks/cqzkpn554ktul6b6rfmhff45r6u4h5a3tp5juqeoaexdrr3uirbq.lock
DEBUG 2026-07-22 19:42:06 ock/_api.py:572 Lock 123241983179136 released on /NHNHOME/WORKSPACE/26msit002_E/appeal_workspace/sungwoo/FR5ControllerVLA/.cache/torchinductor/locks/cqzkpn554ktul6b6rfmhff45r6u4h5a3tp5juqeoaexdrr3uirbq.lock
DEBUG 2026-07-22 19:42:06 ock/_api.py:536 Attempting to acquire lock 123257280047312 on /NHNHOME/WORKSPACE/26msit002_E/appeal_workspace/sungwoo/FR5ControllerVLA/.cache/torchinductor/locks/ccu2sfwnvwsiq6x3pig35rx2vmwcqmy52w575bsrlcrs5ighvgol.lock
DEBUG 2026-07-22 19:42:06 ock/_api.py:539 Lock 123257280047312 acquired on /NHNHOME/WORKSPACE/26msit002_E/appeal_workspace/sungwoo/FR5ControllerVLA/.cache/torchinductor/locks/ccu2sfwnvwsiq6x3pig35rx2vmwcqmy52w575bsrlcrs5ighvgol.lock
DEBUG 2026-07-22 19:42:07 ock/_api.py:568 Attempting to release lock 123257280047312 on /NHNHOME/WORKSPACE/26msit002_E/appeal_workspace/sungwoo/FR5ControllerVLA/.cache/torchinductor/locks/ccu2sfwnvwsiq6x3pig35rx2vmwcqmy52w575bsrlcrs5ighvgol.lock
DEBUG 2026-07-22 19:42:07 ock/_api.py:572 Lock 123257280047312 released on /NHNHOME/WORKSPACE/26msit002_E/appeal_workspace/sungwoo/FR5ControllerVLA/.cache/torchinductor/locks/ccu2sfwnvwsiq6x3pig35rx2vmwcqmy52w575bsrlcrs5ighvgol.lock
DEBUG 2026-07-22 19:42:07 ock/_api.py:536 Attempting to acquire lock 123241983176448 on /NHNHOME/WORKSPACE/26msit002_E/appeal_workspace/sungwoo/FR5ControllerVLA/.cache/torchinductor/locks/cuxiebnh26foehyjwlpflpstp5bd5gkxcgz2kearg3pvp6bopaox.lock
DEBUG 2026-07-22 19:42:07 ock/_api.py:539 Lock 123241983176448 acquired on /NHNHOME/WORKSPACE/26msit002_E/appeal_workspace/sungwoo/FR5ControllerVLA/.cache/torchinductor/locks/cuxiebnh26foehyjwlpflpstp5bd5gkxcgz2kearg3pvp6bopaox.lock
DEBUG 2026-07-22 19:42:08 ock/_api.py:568 Attempting to release lock 123241983176448 on /NHNHOME/WORKSPACE/26msit002_E/appeal_workspace/sungwoo/FR5ControllerVLA/.cache/torchinductor/locks/cuxiebnh26foehyjwlpflpstp5bd5gkxcgz2kearg3pvp6bopaox.lock
DEBUG 2026-07-22 19:42:08 ock/_api.py:572 Lock 123241983176448 released on /NHNHOME/WORKSPACE/26msit002_E/appeal_workspace/sungwoo/FR5ControllerVLA/.cache/torchinductor/locks/cuxiebnh26foehyjwlpflpstp5bd5gkxcgz2kearg3pvp6bopaox.lock
DEBUG 2026-07-22 19:42:09 ock/_api.py:536 Attempting to acquire lock 123241998554976 on /tmp/torchinductor_appeal/precompiled_headers/locks/cw7kyuoiou2qgbqfxfuplgwuromvcvbfvfwwtg7k4apogbttsqlx.lock
DEBUG 2026-07-22 19:42:09 ock/_api.py:539 Lock 123241998554976 acquired on /tmp/torchinductor_appeal/precompiled_headers/locks/cw7kyuoiou2qgbqfxfuplgwuromvcvbfvfwwtg7k4apogbttsqlx.lock
DEBUG 2026-07-22 19:42:09 ock/_api.py:568 Attempting to release lock 123241998554976 on /tmp/torchinductor_appeal/precompiled_headers/locks/cw7kyuoiou2qgbqfxfuplgwuromvcvbfvfwwtg7k4apogbttsqlx.lock
DEBUG 2026-07-22 19:42:09 ock/_api.py:572 Lock 123241998554976 released on /tmp/torchinductor_appeal/precompiled_headers/locks/cw7kyuoiou2qgbqfxfuplgwuromvcvbfvfwwtg7k4apogbttsqlx.lock
DEBUG 2026-07-22 19:42:09 ock/_api.py:536 Attempting to acquire lock 123263181236432 on /NHNHOME/WORKSPACE/26msit002_E/appeal_workspace/sungwoo/FR5ControllerVLA/.cache/torchinductor/locks/cd2wwilydnxk5wiyw47fhyjc34chkk7jbdacdk4eqcvxqcspzlsw.lock
DEBUG 2026-07-22 19:42:09 ock/_api.py:539 Lock 123263181236432 acquired on /NHNHOME/WORKSPACE/26msit002_E/appeal_workspace/sungwoo/FR5ControllerVLA/.cache/torchinductor/locks/cd2wwilydnxk5wiyw47fhyjc34chkk7jbdacdk4eqcvxqcspzlsw.lock
DEBUG 2026-07-22 19:42:09 ock/_api.py:568 Attempting to release lock 123263181236432 on /NHNHOME/WORKSPACE/26msit002_E/appeal_workspace/sungwoo/FR5ControllerVLA/.cache/torchinductor/locks/cd2wwilydnxk5wiyw47fhyjc34chkk7jbdacdk4eqcvxqcspzlsw.lock
DEBUG 2026-07-22 19:42:09 ock/_api.py:572 Lock 123263181236432 released on /NHNHOME/WORKSPACE/26msit002_E/appeal_workspace/sungwoo/FR5ControllerVLA/.cache/torchinductor/locks/cd2wwilydnxk5wiyw47fhyjc34chkk7jbdacdk4eqcvxqcspzlsw.lock
DEBUG 2026-07-22 19:42:09 ock/_api.py:536 Attempting to acquire lock 123257280046880 on /NHNHOME/WORKSPACE/26msit002_E/appeal_workspace/sungwoo/FR5ControllerVLA/.cache/torchinductor/locks/c7g4hyiheweontoyqro5za2c33ke3binfyc7itjlkfwcukucw7s6.lock
DEBUG 2026-07-22 19:42:09 ock/_api.py:539 Lock 123257280046880 acquired on /NHNHOME/WORKSPACE/26msit002_E/appeal_workspace/sungwoo/FR5ControllerVLA/.cache/torchinductor/locks/c7g4hyiheweontoyqro5za2c33ke3binfyc7itjlkfwcukucw7s6.lock
DEBUG 2026-07-22 19:42:09 ock/_api.py:568 Attempting to release lock 123257280046880 on /NHNHOME/WORKSPACE/26msit002_E/appeal_workspace/sungwoo/FR5ControllerVLA/.cache/torchinductor/locks/c7g4hyiheweontoyqro5za2c33ke3binfyc7itjlkfwcukucw7s6.lock
DEBUG 2026-07-22 19:42:09 ock/_api.py:572 Lock 123257280046880 released on /NHNHOME/WORKSPACE/26msit002_E/appeal_workspace/sungwoo/FR5ControllerVLA/.cache/torchinductor/locks/c7g4hyiheweontoyqro5za2c33ke3binfyc7itjlkfwcukucw7s6.lock
DEBUG 2026-07-22 19:42:09 ock/_api.py:536 Attempting to acquire lock 123257280046496 on /NHNHOME/WORKSPACE/26msit002_E/appeal_workspace/sungwoo/FR5ControllerVLA/.cache/torchinductor/locks/cd2wwilydnxk5wiyw47fhyjc34chkk7jbdacdk4eqcvxqcspzlsw.lock
DEBUG 2026-07-22 19:42:09 ock/_api.py:539 Lock 123257280046496 acquired on /NHNHOME/WORKSPACE/26msit002_E/appeal_workspace/sungwoo/FR5ControllerVLA/.cache/torchinductor/locks/cd2wwilydnxk5wiyw47fhyjc34chkk7jbdacdk4eqcvxqcspzlsw.lock
DEBUG 2026-07-22 19:42:09 ock/_api.py:568 Attempting to release lock 123257280046496 on /NHNHOME/WORKSPACE/26msit002_E/appeal_workspace/sungwoo/FR5ControllerVLA/.cache/torchinductor/locks/cd2wwilydnxk5wiyw47fhyjc34chkk7jbdacdk4eqcvxqcspzlsw.lock
DEBUG 2026-07-22 19:42:09 ock/_api.py:572 Lock 123257280046496 released on /NHNHOME/WORKSPACE/26msit002_E/appeal_workspace/sungwoo/FR5ControllerVLA/.cache/torchinductor/locks/cd2wwilydnxk5wiyw47fhyjc34chkk7jbdacdk4eqcvxqcspzlsw.lock
DEBUG 2026-07-22 19:42:09 ock/_api.py:536 Attempting to acquire lock 123257280045104 on /NHNHOME/WORKSPACE/26msit002_E/appeal_workspace/sungwoo/FR5ControllerVLA/.cache/torchinductor/locks/c7g4hyiheweontoyqro5za2c33ke3binfyc7itjlkfwcukucw7s6.lock
DEBUG 2026-07-22 19:42:09 ock/_api.py:539 Lock 123257280045104 acquired on /NHNHOME/WORKSPACE/26msit002_E/appeal_workspace/sungwoo/FR5ControllerVLA/.cache/torchinductor/locks/c7g4hyiheweontoyqro5za2c33ke3binfyc7itjlkfwcukucw7s6.lock
DEBUG 2026-07-22 19:42:09 ock/_api.py:568 Attempting to release lock 123257280045104 on /NHNHOME/WORKSPACE/26msit002_E/appeal_workspace/sungwoo/FR5ControllerVLA/.cache/torchinductor/locks/c7g4hyiheweontoyqro5za2c33ke3binfyc7itjlkfwcukucw7s6.lock
DEBUG 2026-07-22 19:42:09 ock/_api.py:572 Lock 123257280045104 released on /NHNHOME/WORKSPACE/26msit002_E/appeal_workspace/sungwoo/FR5ControllerVLA/.cache/torchinductor/locks/c7g4hyiheweontoyqro5za2c33ke3binfyc7itjlkfwcukucw7s6.lock
DEBUG 2026-07-22 19:50:26 re/_trace.py:47 close.started
DEBUG 2026-07-22 19:50:26 re/_trace.py:47 close.complete
DEBUG 2026-07-22 19:50:27 re/_trace.py:47 close.started
DEBUG 2026-07-22 19:50:27 re/_trace.py:47 close.complete
DEBUG 2026-07-22 19:50:27 re/_trace.py:47 close.started
DEBUG 2026-07-22 19:50:27 re/_trace.py:47 close.complete
DEBUG 2026-07-22 19:50:27 re/_trace.py:47 close.started
DEBUG 2026-07-22 19:50:27 re/_trace.py:47 close.complete
DEBUG 2026-07-22 19:50:27 re/_trace.py:47 close.started
DEBUG 2026-07-22 19:50:27 re/_trace.py:47 close.complete
DEBUG 2026-07-22 19:50:27 re/_trace.py:47 close.started
DEBUG 2026-07-22 19:50:27 re/_trace.py:47 close.complete
DEBUG 2026-07-22 19:50:27 re/_trace.py:47 close.started
DEBUG 2026-07-22 19:50:27 re/_trace.py:47 close.complete
DEBUG 2026-07-22 19:50:27 re/_trace.py:47 close.started
DEBUG 2026-07-22 19:50:27 re/_trace.py:47 close.complete
DEBUG 2026-07-22 19:50:27 re/_trace.py:47 close.started
DEBUG 2026-07-22 19:50:27 re/_trace.py:47 close.complete
DEBUG 2026-07-22 19:50:27 re/_trace.py:47 close.started
DEBUG 2026-07-22 19:50:27 re/_trace.py:47 close.complete
INFO 2026-07-22 19:54:45 ot_train.py:459 step:200 smpl:106K ep:73 epch:1.46 loss:0.878 grdn:8.442 lr:1.1e-05 updt_s:3.694 data_s:0.433
DEBUG 2026-07-22 19:59:07 re/_trace.py:47 close.started
DEBUG 2026-07-22 19:59:07 re/_trace.py:47 close.complete
DEBUG 2026-07-22 19:59:07 re/_trace.py:47 close.started
DEBUG 2026-07-22 19:59:07 re/_trace.py:47 close.complete
DEBUG 2026-07-22 19:59:07 re/_trace.py:47 close.started
DEBUG 2026-07-22 19:59:07 re/_trace.py:47 close.complete
DEBUG 2026-07-22 19:59:07 re/_trace.py:47 close.started
DEBUG 2026-07-22 19:59:07 re/_trace.py:47 close.complete
DEBUG 2026-07-22 19:59:07 re/_trace.py:47 close.started
DEBUG 2026-07-22 19:59:07 re/_trace.py:47 close.complete
DEBUG 2026-07-22 19:59:07 re/_trace.py:47 close.started
DEBUG 2026-07-22 19:59:07 re/_trace.py:47 close.complete
DEBUG 2026-07-22 19:59:07 re/_trace.py:47 close.started
DEBUG 2026-07-22 19:59:07 re/_trace.py:47 close.complete
DEBUG 2026-07-22 19:59:08 re/_trace.py:47 close.started
DEBUG 2026-07-22 19:59:08 re/_trace.py:47 close.complete
DEBUG 2026-07-22 19:59:08 re/_trace.py:47 close.started
DEBUG 2026-07-22 19:59:08 re/_trace.py:47 close.complete
DEBUG 2026-07-22 19:59:08 re/_trace.py:47 close.started
DEBUG 2026-07-22 19:59:08 re/_trace.py:47 close.complete
INFO 2026-07-22 20:07:00 ot_train.py:459 step:400 smpl:211K ep:146 epch:2.91 loss:0.052 grdn:1.539 lr:3.1e-05 updt_s:3.437 data_s:0.235
DEBUG 2026-07-22 20:07:49 re/_trace.py:47 close.started
DEBUG 2026-07-22 20:07:49 re/_trace.py:47 close.complete
DEBUG 2026-07-22 20:07:49 re/_trace.py:47 close.started
DEBUG 2026-07-22 20:07:49 re/_trace.py:47 close.complete
DEBUG 2026-07-22 20:07:49 re/_trace.py:47 close.started
DEBUG 2026-07-22 20:07:49 re/_trace.py:47 close.complete
DEBUG 2026-07-22 20:07:50 re/_trace.py:47 close.started
DEBUG 2026-07-22 20:07:50 re/_trace.py:47 close.complete
DEBUG 2026-07-22 20:07:50 re/_trace.py:47 close.started
DEBUG 2026-07-22 20:07:50 re/_trace.py:47 close.complete
DEBUG 2026-07-22 20:07:50 re/_trace.py:47 close.started
DEBUG 2026-07-22 20:07:50 re/_trace.py:47 close.complete
DEBUG 2026-07-22 20:07:50 re/_trace.py:47 close.started
DEBUG 2026-07-22 20:07:50 re/_trace.py:47 close.complete
DEBUG 2026-07-22 20:07:50 re/_trace.py:47 close.started
DEBUG 2026-07-22 20:07:50 re/_trace.py:47 close.complete
DEBUG 2026-07-22 20:07:50 re/_trace.py:47 close.started
DEBUG 2026-07-22 20:07:50 re/_trace.py:47 close.complete
DEBUG 2026-07-22 20:07:50 re/_trace.py:47 close.started
DEBUG 2026-07-22 20:07:50 re/_trace.py:47 close.complete
DEBUG 2026-07-22 20:16:34 re/_trace.py:47 close.started
DEBUG 2026-07-22 20:16:34 re/_trace.py:47 close.complete
DEBUG 2026-07-22 20:16:35 re/_trace.py:47 close.started
DEBUG 2026-07-22 20:16:35 re/_trace.py:47 close.complete
DEBUG 2026-07-22 20:16:35 re/_trace.py:47 close.started
DEBUG 2026-07-22 20:16:35 re/_trace.py:47 close.complete
DEBUG 2026-07-22 20:16:35 re/_trace.py:47 close.started
DEBUG 2026-07-22 20:16:35 re/_trace.py:47 close.complete
DEBUG 2026-07-22 20:16:35 re/_trace.py:47 close.started
DEBUG 2026-07-22 20:16:35 re/_trace.py:47 close.complete
DEBUG 2026-07-22 20:16:35 re/_trace.py:47 close.started
DEBUG 2026-07-22 20:16:35 re/_trace.py:47 close.complete
DEBUG 2026-07-22 20:16:35 re/_trace.py:47 close.started
DEBUG 2026-07-22 20:16:35 re/_trace.py:47 close.complete
DEBUG 2026-07-22 20:16:35 re/_trace.py:47 close.started
DEBUG 2026-07-22 20:16:35 re/_trace.py:47 close.complete
DEBUG 2026-07-22 20:16:35 re/_trace.py:47 close.started
DEBUG 2026-07-22 20:16:35 re/_trace.py:47 close.complete
DEBUG 2026-07-22 20:16:35 re/_trace.py:47 close.started
DEBUG 2026-07-22 20:16:35 re/_trace.py:47 close.complete
INFO 2026-07-22 20:20:12 ot_train.py:459 step:600 smpl:317K ep:218 epch:4.37 loss:0.037 grdn:1.130 lr:5.2e-05 updt_s:3.519 data_s:0.434
DEBUG 2026-07-22 20:25:23 re/_trace.py:47 close.started
DEBUG 2026-07-22 20:25:23 re/_trace.py:47 close.complete
DEBUG 2026-07-22 20:25:23 re/_trace.py:47 close.started
DEBUG 2026-07-22 20:25:23 re/_trace.py:47 close.complete
DEBUG 2026-07-22 20:25:23 re/_trace.py:47 close.started
DEBUG 2026-07-22 20:25:23 re/_trace.py:47 close.complete
DEBUG 2026-07-22 20:25:23 re/_trace.py:47 close.started
DEBUG 2026-07-22 20:25:23 re/_trace.py:47 close.complete
DEBUG 2026-07-22 20:25:23 re/_trace.py:47 close.started
DEBUG 2026-07-22 20:25:23 re/_trace.py:47 close.complete
DEBUG 2026-07-22 20:25:23 re/_trace.py:47 close.started
DEBUG 2026-07-22 20:25:23 re/_trace.py:47 close.complete
DEBUG 2026-07-22 20:25:23 re/_trace.py:47 close.started
DEBUG 2026-07-22 20:25:23 re/_trace.py:47 close.complete
DEBUG 2026-07-22 20:25:23 re/_trace.py:47 close.started
DEBUG 2026-07-22 20:25:23 re/_trace.py:47 close.complete
DEBUG 2026-07-22 20:25:24 re/_trace.py:47 close.started
DEBUG 2026-07-22 20:25:24 re/_trace.py:47 close.complete
DEBUG 2026-07-22 20:25:24 re/_trace.py:47 close.started
DEBUG 2026-07-22 20:25:24 re/_trace.py:47 close.complete
INFO 2026-07-22 20:32:30 ot_train.py:459 step:800 smpl:422K ep:291 epch:5.82 loss:0.031 grdn:0.965 lr:7.3e-05 updt_s:3.454 data_s:0.234
DEBUG 2026-07-22 20:34:06 re/_trace.py:47 close.started
DEBUG 2026-07-22 20:34:06 re/_trace.py:47 close.complete
DEBUG 2026-07-22 20:34:06 re/_trace.py:47 close.started
DEBUG 2026-07-22 20:34:06 re/_trace.py:47 close.complete
DEBUG 2026-07-22 20:34:06 re/_trace.py:47 close.started
DEBUG 2026-07-22 20:34:06 re/_trace.py:47 close.complete
DEBUG 2026-07-22 20:34:06 re/_trace.py:47 close.started
DEBUG 2026-07-22 20:34:06 re/_trace.py:47 close.complete
DEBUG 2026-07-22 20:34:06 re/_trace.py:47 close.started
DEBUG 2026-07-22 20:34:06 re/_trace.py:47 close.complete
DEBUG 2026-07-22 20:34:06 re/_trace.py:47 close.started
DEBUG 2026-07-22 20:34:06 re/_trace.py:47 close.complete
DEBUG 2026-07-22 20:34:07 re/_trace.py:47 close.started
DEBUG 2026-07-22 20:34:07 re/_trace.py:47 close.complete
DEBUG 2026-07-22 20:34:07 re/_trace.py:47 close.started
DEBUG 2026-07-22 20:34:07 re/_trace.py:47 close.complete
DEBUG 2026-07-22 20:34:07 re/_trace.py:47 close.started
DEBUG 2026-07-22 20:34:07 re/_trace.py:47 close.complete
DEBUG 2026-07-22 20:34:07 re/_trace.py:47 close.started
DEBUG 2026-07-22 20:34:07 re/_trace.py:47 close.complete
DEBUG 2026-07-22 20:42:51 re/_trace.py:47 close.started
DEBUG 2026-07-22 20:42:51 re/_trace.py:47 close.complete
DEBUG 2026-07-22 20:42:51 re/_trace.py:47 close.started
DEBUG 2026-07-22 20:42:51 re/_trace.py:47 close.complete
DEBUG 2026-07-22 20:42:51 re/_trace.py:47 close.started
DEBUG 2026-07-22 20:42:51 re/_trace.py:47 close.complete
DEBUG 2026-07-22 20:42:51 re/_trace.py:47 close.started
DEBUG 2026-07-22 20:42:51 re/_trace.py:47 close.complete
DEBUG 2026-07-22 20:42:51 re/_trace.py:47 close.started
DEBUG 2026-07-22 20:42:51 re/_trace.py:47 close.complete
DEBUG 2026-07-22 20:42:51 re/_trace.py:47 close.started
DEBUG 2026-07-22 20:42:51 re/_trace.py:47 close.complete
DEBUG 2026-07-22 20:42:51 re/_trace.py:47 close.started
DEBUG 2026-07-22 20:42:51 re/_trace.py:47 close.complete
DEBUG 2026-07-22 20:42:51 re/_trace.py:47 close.started
DEBUG 2026-07-22 20:42:51 re/_trace.py:47 close.complete
DEBUG 2026-07-22 20:42:52 re/_trace.py:47 close.started
DEBUG 2026-07-22 20:42:52 re/_trace.py:47 close.complete
DEBUG 2026-07-22 20:42:52 re/_trace.py:47 close.started
DEBUG 2026-07-22 20:42:52 re/_trace.py:47 close.complete
INFO 2026-07-22 20:45:38 ot_train.py:459 step:1K smpl:528K ep:364 epch:7.28 loss:0.027 grdn:0.857 lr:9.4e-05 updt_s:3.497 data_s:0.442
DEBUG 2026-07-22 20:51:36 re/_trace.py:47 close.started
DEBUG 2026-07-22 20:51:36 re/_trace.py:47 close.complete
DEBUG 2026-07-22 20:51:36 re/_trace.py:47 close.started
DEBUG 2026-07-22 20:51:36 re/_trace.py:47 close.complete
DEBUG 2026-07-22 20:51:36 re/_trace.py:47 close.started
DEBUG 2026-07-22 20:51:36 re/_trace.py:47 close.complete
DEBUG 2026-07-22 20:51:36 re/_trace.py:47 close.started
DEBUG 2026-07-22 20:51:36 re/_trace.py:47 close.complete
DEBUG 2026-07-22 20:51:36 re/_trace.py:47 close.started
DEBUG 2026-07-22 20:51:36 re/_trace.py:47 close.complete
DEBUG 2026-07-22 20:51:37 re/_trace.py:47 close.started
DEBUG 2026-07-22 20:51:37 re/_trace.py:47 close.complete
DEBUG 2026-07-22 20:51:37 re/_trace.py:47 close.started
DEBUG 2026-07-22 20:51:37 re/_trace.py:47 close.complete
DEBUG 2026-07-22 20:51:37 re/_trace.py:47 close.started
DEBUG 2026-07-22 20:51:37 re/_trace.py:47 close.complete
DEBUG 2026-07-22 20:51:37 re/_trace.py:47 close.started
DEBUG 2026-07-22 20:51:37 re/_trace.py:47 close.complete
DEBUG 2026-07-22 20:51:37 re/_trace.py:47 close.started
DEBUG 2026-07-22 20:51:37 re/_trace.py:47 close.complete
INFO 2026-07-22 20:58:00 ot_train.py:459 step:1K smpl:634K ep:437 epch:8.73 loss:0.022 grdn:0.729 lr:1.0e-04 updt_s:3.494 data_s:0.214
DEBUG 2026-07-22 21:00:25 re/_trace.py:47 close.started
DEBUG 2026-07-22 21:00:25 re/_trace.py:47 close.complete
DEBUG 2026-07-22 21:00:25 re/_trace.py:47 close.started
DEBUG 2026-07-22 21:00:25 re/_trace.py:47 close.complete
DEBUG 2026-07-22 21:00:25 re/_trace.py:47 close.started
DEBUG 2026-07-22 21:00:25 re/_trace.py:47 close.complete
DEBUG 2026-07-22 21:00:25 re/_trace.py:47 close.started
DEBUG 2026-07-22 21:00:25 re/_trace.py:47 close.complete
DEBUG 2026-07-22 21:00:25 re/_trace.py:47 close.started
DEBUG 2026-07-22 21:00:25 re/_trace.py:47 close.complete
DEBUG 2026-07-22 21:00:26 re/_trace.py:47 close.started
DEBUG 2026-07-22 21:00:26 re/_trace.py:47 close.complete
DEBUG 2026-07-22 21:00:26 re/_trace.py:47 close.started
DEBUG 2026-07-22 21:00:26 re/_trace.py:47 close.complete
DEBUG 2026-07-22 21:00:26 re/_trace.py:47 close.started
DEBUG 2026-07-22 21:00:26 re/_trace.py:47 close.complete
DEBUG 2026-07-22 21:00:26 re/_trace.py:47 close.started
DEBUG 2026-07-22 21:00:26 re/_trace.py:47 close.complete
DEBUG 2026-07-22 21:00:26 re/_trace.py:47 close.started
DEBUG 2026-07-22 21:00:26 re/_trace.py:47 close.complete
DEBUG 2026-07-22 21:09:16 re/_trace.py:47 close.started
DEBUG 2026-07-22 21:09:16 re/_trace.py:47 close.complete
DEBUG 2026-07-22 21:09:16 re/_trace.py:47 close.started
DEBUG 2026-07-22 21:09:16 re/_trace.py:47 close.complete
DEBUG 2026-07-22 21:09:16 re/_trace.py:47 close.started
DEBUG 2026-07-22 21:09:16 re/_trace.py:47 close.complete
DEBUG 2026-07-22 21:09:16 re/_trace.py:47 close.started
DEBUG 2026-07-22 21:09:16 re/_trace.py:47 close.complete
DEBUG 2026-07-22 21:09:16 re/_trace.py:47 close.started
DEBUG 2026-07-22 21:09:16 re/_trace.py:47 close.complete
DEBUG 2026-07-22 21:09:16 re/_trace.py:47 close.started
DEBUG 2026-07-22 21:09:16 re/_trace.py:47 close.complete
DEBUG 2026-07-22 21:09:17 re/_trace.py:47 close.started
DEBUG 2026-07-22 21:09:17 re/_trace.py:47 close.complete
DEBUG 2026-07-22 21:09:17 re/_trace.py:47 close.started
DEBUG 2026-07-22 21:09:17 re/_trace.py:47 close.complete
DEBUG 2026-07-22 21:09:17 re/_trace.py:47 close.started
DEBUG 2026-07-22 21:09:17 re/_trace.py:47 close.complete
DEBUG 2026-07-22 21:09:17 re/_trace.py:47 close.started
DEBUG 2026-07-22 21:09:17 re/_trace.py:47 close.complete
INFO 2026-07-22 21:11:11 ot_train.py:459 step:1K smpl:739K ep:510 epch:10.19 loss:0.019 grdn:0.621 lr:1.0e-04 updt_s:3.519 data_s:0.433
DEBUG 2026-07-22 21:18:00 re/_trace.py:47 close.started
DEBUG 2026-07-22 21:18:00 re/_trace.py:47 close.complete
DEBUG 2026-07-22 21:18:00 re/_trace.py:47 close.started
DEBUG 2026-07-22 21:18:00 re/_trace.py:47 close.complete
DEBUG 2026-07-22 21:18:00 re/_trace.py:47 close.started
DEBUG 2026-07-22 21:18:00 re/_trace.py:47 close.complete
DEBUG 2026-07-22 21:18:00 re/_trace.py:47 close.started
DEBUG 2026-07-22 21:18:00 re/_trace.py:47 close.complete
DEBUG 2026-07-22 21:18:00 re/_trace.py:47 close.started
DEBUG 2026-07-22 21:18:00 re/_trace.py:47 close.complete
DEBUG 2026-07-22 21:18:00 re/_trace.py:47 close.started
DEBUG 2026-07-22 21:18:00 re/_trace.py:47 close.complete
DEBUG 2026-07-22 21:18:01 re/_trace.py:47 close.started
DEBUG 2026-07-22 21:18:01 re/_trace.py:47 close.complete
DEBUG 2026-07-22 21:18:01 re/_trace.py:47 close.started
DEBUG 2026-07-22 21:18:01 re/_trace.py:47 close.complete
DEBUG 2026-07-22 21:18:01 re/_trace.py:47 close.started
DEBUG 2026-07-22 21:18:01 re/_trace.py:47 close.complete
DEBUG 2026-07-22 21:18:01 re/_trace.py:47 close.started
DEBUG 2026-07-22 21:18:01 re/_trace.py:47 close.complete
INFO 2026-07-22 21:23:33 ot_train.py:459 step:2K smpl:845K ep:582 epch:11.65 loss:0.017 grdn:0.571 lr:1.0e-04 updt_s:3.447 data_s:0.259
DEBUG 2026-07-22 21:26:46 re/_trace.py:47 close.started
DEBUG 2026-07-22 21:26:46 re/_trace.py:47 close.complete
DEBUG 2026-07-22 21:26:46 re/_trace.py:47 close.started
DEBUG 2026-07-22 21:26:46 re/_trace.py:47 close.complete
DEBUG 2026-07-22 21:26:46 re/_trace.py:47 close.started
DEBUG 2026-07-22 21:26:46 re/_trace.py:47 close.complete
DEBUG 2026-07-22 21:26:46 re/_trace.py:47 close.started
DEBUG 2026-07-22 21:26:46 re/_trace.py:47 close.complete
DEBUG 2026-07-22 21:26:46 re/_trace.py:47 close.started
DEBUG 2026-07-22 21:26:46 re/_trace.py:47 close.complete
DEBUG 2026-07-22 21:26:47 re/_trace.py:47 close.started
DEBUG 2026-07-22 21:26:47 re/_trace.py:47 close.complete
DEBUG 2026-07-22 21:26:47 re/_trace.py:47 close.started
DEBUG 2026-07-22 21:26:47 re/_trace.py:47 close.complete
DEBUG 2026-07-22 21:26:47 re/_trace.py:47 close.started
DEBUG 2026-07-22 21:26:47 re/_trace.py:47 close.complete
DEBUG 2026-07-22 21:26:47 re/_trace.py:47 close.started
DEBUG 2026-07-22 21:26:47 re/_trace.py:47 close.complete
DEBUG 2026-07-22 21:26:47 re/_trace.py:47 close.started
DEBUG 2026-07-22 21:26:47 re/_trace.py:47 close.complete
DEBUG 2026-07-22 21:35:31 re/_trace.py:47 close.started
DEBUG 2026-07-22 21:35:31 re/_trace.py:47 close.complete
DEBUG 2026-07-22 21:35:31 re/_trace.py:47 close.started
DEBUG 2026-07-22 21:35:31 re/_trace.py:47 close.complete
DEBUG 2026-07-22 21:35:31 re/_trace.py:47 close.started
DEBUG 2026-07-22 21:35:31 re/_trace.py:47 close.complete
DEBUG 2026-07-22 21:35:31 re/_trace.py:47 close.started
DEBUG 2026-07-22 21:35:31 re/_trace.py:47 close.complete
DEBUG 2026-07-22 21:35:31 re/_trace.py:47 close.started
DEBUG 2026-07-22 21:35:31 re/_trace.py:47 close.complete
DEBUG 2026-07-22 21:35:31 re/_trace.py:47 close.started
DEBUG 2026-07-22 21:35:31 re/_trace.py:47 close.complete
DEBUG 2026-07-22 21:35:31 re/_trace.py:47 close.started
DEBUG 2026-07-22 21:35:31 re/_trace.py:47 close.complete
DEBUG 2026-07-22 21:35:31 re/_trace.py:47 close.started
DEBUG 2026-07-22 21:35:31 re/_trace.py:47 close.complete
DEBUG 2026-07-22 21:35:32 re/_trace.py:47 close.started
DEBUG 2026-07-22 21:35:32 re/_trace.py:47 close.complete
DEBUG 2026-07-22 21:35:32 re/_trace.py:47 close.started
DEBUG 2026-07-22 21:35:32 re/_trace.py:47 close.complete
INFO 2026-07-22 21:36:28 ot_train.py:459 step:2K smpl:950K ep:655 epch:13.10 loss:0.015 grdn:0.527 lr:1.0e-04 updt_s:3.448 data_s:0.423
DEBUG 2026-07-22 21:44:10 re/_trace.py:47 close.started
DEBUG 2026-07-22 21:44:10 re/_trace.py:47 close.complete
DEBUG 2026-07-22 21:44:11 re/_trace.py:47 close.started
DEBUG 2026-07-22 21:44:11 re/_trace.py:47 close.complete
DEBUG 2026-07-22 21:44:11 re/_trace.py:47 close.started
DEBUG 2026-07-22 21:44:11 re/_trace.py:47 close.complete
DEBUG 2026-07-22 21:44:11 re/_trace.py:47 close.started
DEBUG 2026-07-22 21:44:11 re/_trace.py:47 close.complete
DEBUG 2026-07-22 21:44:11 re/_trace.py:47 close.started
DEBUG 2026-07-22 21:44:11 re/_trace.py:47 close.complete
DEBUG 2026-07-22 21:44:11 re/_trace.py:47 close.started
DEBUG 2026-07-22 21:44:11 re/_trace.py:47 close.complete
DEBUG 2026-07-22 21:44:11 re/_trace.py:47 close.started
DEBUG 2026-07-22 21:44:11 re/_trace.py:47 close.complete
DEBUG 2026-07-22 21:44:11 re/_trace.py:47 close.started
DEBUG 2026-07-22 21:44:11 re/_trace.py:47 close.complete
DEBUG 2026-07-22 21:44:11 re/_trace.py:47 close.started
DEBUG 2026-07-22 21:44:11 re/_trace.py:47 close.complete
DEBUG 2026-07-22 21:44:11 re/_trace.py:47 close.started
DEBUG 2026-07-22 21:44:11 re/_trace.py:47 close.complete
INFO 2026-07-22 21:48:55 ot_train.py:459 step:2K smpl:1M ep:728 epch:14.56 loss:0.014 grdn:0.499 lr:1.0e-04 updt_s:3.481 data_s:0.254
DEBUG 2026-07-22 21:52:56 re/_trace.py:47 close.started
DEBUG 2026-07-22 21:52:56 re/_trace.py:47 close.complete
DEBUG 2026-07-22 21:52:56 re/_trace.py:47 close.started
DEBUG 2026-07-22 21:52:56 re/_trace.py:47 close.complete
DEBUG 2026-07-22 21:52:56 re/_trace.py:47 close.started
DEBUG 2026-07-22 21:52:56 re/_trace.py:47 close.complete
DEBUG 2026-07-22 21:52:56 re/_trace.py:47 close.started
DEBUG 2026-07-22 21:52:56 re/_trace.py:47 close.complete
DEBUG 2026-07-22 21:52:56 re/_trace.py:47 close.started
DEBUG 2026-07-22 21:52:56 re/_trace.py:47 close.complete
DEBUG 2026-07-22 21:52:56 re/_trace.py:47 close.started
DEBUG 2026-07-22 21:52:56 re/_trace.py:47 close.complete
DEBUG 2026-07-22 21:52:57 re/_trace.py:47 close.started
DEBUG 2026-07-22 21:52:57 re/_trace.py:47 close.complete
DEBUG 2026-07-22 21:52:57 re/_trace.py:47 close.started
DEBUG 2026-07-22 21:52:57 re/_trace.py:47 close.complete
DEBUG 2026-07-22 21:52:57 re/_trace.py:47 close.started
DEBUG 2026-07-22 21:52:57 re/_trace.py:47 close.complete
DEBUG 2026-07-22 21:52:57 re/_trace.py:47 close.started
DEBUG 2026-07-22 21:52:57 re/_trace.py:47 close.complete
INFO 2026-07-22 22:01:15 ot_train.py:459 step:2K smpl:1M ep:801 epch:16.01 loss:0.013 grdn:0.482 lr:1.0e-04 updt_s:3.458 data_s:0.235
DEBUG 2026-07-22 22:01:43 re/_trace.py:47 close.started
DEBUG 2026-07-22 22:01:43 re/_trace.py:47 close.complete
DEBUG 2026-07-22 22:01:43 re/_trace.py:47 close.started
DEBUG 2026-07-22 22:01:43 re/_trace.py:47 close.complete
DEBUG 2026-07-22 22:01:43 re/_trace.py:47 close.started
DEBUG 2026-07-22 22:01:43 re/_trace.py:47 close.complete
DEBUG 2026-07-22 22:01:43 re/_trace.py:47 close.started
DEBUG 2026-07-22 22:01:43 re/_trace.py:47 close.complete
DEBUG 2026-07-22 22:01:43 re/_trace.py:47 close.started
DEBUG 2026-07-22 22:01:43 re/_trace.py:47 close.complete
DEBUG 2026-07-22 22:01:43 re/_trace.py:47 close.started
DEBUG 2026-07-22 22:01:43 re/_trace.py:47 close.complete
DEBUG 2026-07-22 22:01:43 re/_trace.py:47 close.started
DEBUG 2026-07-22 22:01:43 re/_trace.py:47 close.complete
DEBUG 2026-07-22 22:01:44 re/_trace.py:47 close.started
DEBUG 2026-07-22 22:01:44 re/_trace.py:47 close.complete
DEBUG 2026-07-22 22:01:44 re/_trace.py:47 close.started
DEBUG 2026-07-22 22:01:44 re/_trace.py:47 close.complete
DEBUG 2026-07-22 22:01:44 re/_trace.py:47 close.started
DEBUG 2026-07-22 22:01:44 re/_trace.py:47 close.complete
DEBUG 2026-07-22 22:10:33 re/_trace.py:47 close.started
DEBUG 2026-07-22 22:10:33 re/_trace.py:47 close.complete
DEBUG 2026-07-22 22:10:33 re/_trace.py:47 close.started
DEBUG 2026-07-22 22:10:33 re/_trace.py:47 close.complete
DEBUG 2026-07-22 22:10:33 re/_trace.py:47 close.started
DEBUG 2026-07-22 22:10:33 re/_trace.py:47 close.complete
DEBUG 2026-07-22 22:10:33 re/_trace.py:47 close.started
DEBUG 2026-07-22 22:10:33 re/_trace.py:47 close.complete
DEBUG 2026-07-22 22:10:33 re/_trace.py:47 close.started
DEBUG 2026-07-22 22:10:33 re/_trace.py:47 close.complete
DEBUG 2026-07-22 22:10:34 re/_trace.py:47 close.started
DEBUG 2026-07-22 22:10:34 re/_trace.py:47 close.complete
DEBUG 2026-07-22 22:10:34 re/_trace.py:47 close.started
DEBUG 2026-07-22 22:10:34 re/_trace.py:47 close.complete
DEBUG 2026-07-22 22:10:34 re/_trace.py:47 close.started
DEBUG 2026-07-22 22:10:34 re/_trace.py:47 close.complete
DEBUG 2026-07-22 22:10:34 re/_trace.py:47 close.started
DEBUG 2026-07-22 22:10:34 re/_trace.py:47 close.complete
DEBUG 2026-07-22 22:10:34 re/_trace.py:47 close.started
DEBUG 2026-07-22 22:10:34 re/_trace.py:47 close.complete
INFO 2026-07-22 22:14:33 ot_train.py:459 step:2K smpl:1M ep:873 epch:17.47 loss:0.013 grdn:0.497 lr:1.0e-04 updt_s:3.555 data_s:0.432
DEBUG 2026-07-22 22:19:21 re/_trace.py:47 close.started
DEBUG 2026-07-22 22:19:21 re/_trace.py:47 close.complete
DEBUG 2026-07-22 22:19:22 re/_trace.py:47 close.started
DEBUG 2026-07-22 22:19:22 re/_trace.py:47 close.complete
DEBUG 2026-07-22 22:19:22 re/_trace.py:47 close.started
DEBUG 2026-07-22 22:19:22 re/_trace.py:47 close.complete
DEBUG 2026-07-22 22:19:22 re/_trace.py:47 close.started
DEBUG 2026-07-22 22:19:22 re/_trace.py:47 close.complete
DEBUG 2026-07-22 22:19:22 re/_trace.py:47 close.started
DEBUG 2026-07-22 22:19:22 re/_trace.py:47 close.complete
DEBUG 2026-07-22 22:19:22 re/_trace.py:47 close.started
DEBUG 2026-07-22 22:19:22 re/_trace.py:47 close.complete
DEBUG 2026-07-22 22:19:22 re/_trace.py:47 close.started
DEBUG 2026-07-22 22:19:22 re/_trace.py:47 close.complete
DEBUG 2026-07-22 22:19:22 re/_trace.py:47 close.started
DEBUG 2026-07-22 22:19:22 re/_trace.py:47 close.complete
DEBUG 2026-07-22 22:19:22 re/_trace.py:47 close.started
DEBUG 2026-07-22 22:19:22 re/_trace.py:47 close.complete
DEBUG 2026-07-22 22:19:23 re/_trace.py:47 close.started
DEBUG 2026-07-22 22:19:23 re/_trace.py:47 close.complete
INFO 2026-07-22 22:26:52 ot_train.py:459 step:3K smpl:1M ep:946 epch:18.92 loss:0.011 grdn:0.461 lr:1.0e-04 updt_s:3.440 data_s:0.254
DEBUG 2026-07-22 22:28:08 re/_trace.py:47 close.started
DEBUG 2026-07-22 22:28:08 re/_trace.py:47 close.complete
DEBUG 2026-07-22 22:28:08 re/_trace.py:47 close.started
DEBUG 2026-07-22 22:28:08 re/_trace.py:47 close.complete
DEBUG 2026-07-22 22:28:08 re/_trace.py:47 close.started
DEBUG 2026-07-22 22:28:08 re/_trace.py:47 close.complete
DEBUG 2026-07-22 22:28:08 re/_trace.py:47 close.started
DEBUG 2026-07-22 22:28:08 re/_trace.py:47 close.complete
DEBUG 2026-07-22 22:28:09 re/_trace.py:47 close.started
DEBUG 2026-07-22 22:28:09 re/_trace.py:47 close.complete
DEBUG 2026-07-22 22:28:09 re/_trace.py:47 close.started
DEBUG 2026-07-22 22:28:09 re/_trace.py:47 close.complete
DEBUG 2026-07-22 22:28:09 re/_trace.py:47 close.started
DEBUG 2026-07-22 22:28:09 re/_trace.py:47 close.complete
DEBUG 2026-07-22 22:28:09 re/_trace.py:47 close.started
DEBUG 2026-07-22 22:28:09 re/_trace.py:47 close.complete
DEBUG 2026-07-22 22:28:09 re/_trace.py:47 close.started
DEBUG 2026-07-22 22:28:09 re/_trace.py:47 close.complete
DEBUG 2026-07-22 22:28:09 re/_trace.py:47 close.started
DEBUG 2026-07-22 22:28:09 re/_trace.py:47 close.complete
DEBUG 2026-07-22 22:36:50 re/_trace.py:47 close.started
DEBUG 2026-07-22 22:36:50 re/_trace.py:47 close.complete
DEBUG 2026-07-22 22:36:50 re/_trace.py:47 close.started
DEBUG 2026-07-22 22:36:50 re/_trace.py:47 close.complete
DEBUG 2026-07-22 22:36:50 re/_trace.py:47 close.started
DEBUG 2026-07-22 22:36:50 re/_trace.py:47 close.complete
DEBUG 2026-07-22 22:36:50 re/_trace.py:47 close.started
DEBUG 2026-07-22 22:36:50 re/_trace.py:47 close.complete
DEBUG 2026-07-22 22:36:50 re/_trace.py:47 close.started
DEBUG 2026-07-22 22:36:50 re/_trace.py:47 close.complete
DEBUG 2026-07-22 22:36:50 re/_trace.py:47 close.started
DEBUG 2026-07-22 22:36:50 re/_trace.py:47 close.complete
DEBUG 2026-07-22 22:36:51 re/_trace.py:47 close.started
DEBUG 2026-07-22 22:36:51 re/_trace.py:47 close.complete
DEBUG 2026-07-22 22:36:51 re/_trace.py:47 close.started
DEBUG 2026-07-22 22:36:51 re/_trace.py:47 close.complete
DEBUG 2026-07-22 22:36:51 re/_trace.py:47 close.started
DEBUG 2026-07-22 22:36:51 re/_trace.py:47 close.complete
DEBUG 2026-07-22 22:36:51 re/_trace.py:47 close.started
DEBUG 2026-07-22 22:36:51 re/_trace.py:47 close.complete
INFO 2026-07-22 22:39:58 ot_train.py:459 step:3K smpl:1M ep:1K epch:20.38 loss:0.012 grdn:0.539 lr:1.0e-04 updt_s:3.485 data_s:0.442
DEBUG 2026-07-22 22:45:37 re/_trace.py:47 close.started
DEBUG 2026-07-22 22:45:37 re/_trace.py:47 close.complete
DEBUG 2026-07-22 22:45:37 re/_trace.py:47 close.started
DEBUG 2026-07-22 22:45:37 re/_trace.py:47 close.complete
DEBUG 2026-07-22 22:45:37 re/_trace.py:47 close.started
DEBUG 2026-07-22 22:45:37 re/_trace.py:47 close.complete
DEBUG 2026-07-22 22:45:37 re/_trace.py:47 close.started
DEBUG 2026-07-22 22:45:37 re/_trace.py:47 close.complete
DEBUG 2026-07-22 22:45:37 re/_trace.py:47 close.started
DEBUG 2026-07-22 22:45:37 re/_trace.py:47 close.complete
DEBUG 2026-07-22 22:45:37 re/_trace.py:47 close.started
DEBUG 2026-07-22 22:45:37 re/_trace.py:47 close.complete
DEBUG 2026-07-22 22:45:37 re/_trace.py:47 close.started
DEBUG 2026-07-22 22:45:37 re/_trace.py:47 close.complete
DEBUG 2026-07-22 22:45:37 re/_trace.py:47 close.started
DEBUG 2026-07-22 22:45:37 re/_trace.py:47 close.complete
DEBUG 2026-07-22 22:45:37 re/_trace.py:47 close.started
DEBUG 2026-07-22 22:45:37 re/_trace.py:47 close.complete
DEBUG 2026-07-22 22:45:38 re/_trace.py:47 close.started
DEBUG 2026-07-22 22:45:38 re/_trace.py:47 close.complete
INFO 2026-07-22 22:52:20 ot_train.py:459 step:3K smpl:2M ep:1K epch:21.84 loss:0.010 grdn:0.425 lr:1.0e-04 updt_s:3.461 data_s:0.245
INFO 2026-07-22 22:52:20 ot_train.py:479 Checkpoint policy after step 3000
DEBUG 2026-07-22 22:54:45 re/_trace.py:47 close.started
DEBUG 2026-07-22 22:54:45 re/_trace.py:47 close.complete
DEBUG 2026-07-22 22:54:45 re/_trace.py:47 close.started
DEBUG 2026-07-22 22:54:45 re/_trace.py:47 close.complete
DEBUG 2026-07-22 22:54:45 re/_trace.py:47 close.started
DEBUG 2026-07-22 22:54:45 re/_trace.py:47 close.complete
DEBUG 2026-07-22 22:54:45 re/_trace.py:47 close.started
DEBUG 2026-07-22 22:54:45 re/_trace.py:47 close.complete
DEBUG 2026-07-22 22:54:45 re/_trace.py:47 close.started
DEBUG 2026-07-22 22:54:45 re/_trace.py:47 close.complete
DEBUG 2026-07-22 22:54:45 re/_trace.py:47 close.started
DEBUG 2026-07-22 22:54:45 re/_trace.py:47 close.complete
DEBUG 2026-07-22 22:54:46 re/_trace.py:47 close.started
DEBUG 2026-07-22 22:54:46 re/_trace.py:47 close.complete
DEBUG 2026-07-22 22:54:46 re/_trace.py:47 close.started
DEBUG 2026-07-22 22:54:46 re/_trace.py:47 close.complete
DEBUG 2026-07-22 22:54:46 re/_trace.py:47 close.started
DEBUG 2026-07-22 22:54:46 re/_trace.py:47 close.complete
DEBUG 2026-07-22 22:54:46 re/_trace.py:47 close.started
DEBUG 2026-07-22 22:54:46 re/_trace.py:47 close.complete
DEBUG 2026-07-22 23:03:34 re/_trace.py:47 close.started
DEBUG 2026-07-22 23:03:34 re/_trace.py:47 close.complete
DEBUG 2026-07-22 23:03:34 re/_trace.py:47 close.started
DEBUG 2026-07-22 23:03:34 re/_trace.py:47 close.complete
DEBUG 2026-07-22 23:03:35 re/_trace.py:47 close.started
DEBUG 2026-07-22 23:03:35 re/_trace.py:47 close.complete
DEBUG 2026-07-22 23:03:35 re/_trace.py:47 close.started
DEBUG 2026-07-22 23:03:35 re/_trace.py:47 close.complete
DEBUG 2026-07-22 23:03:35 re/_trace.py:47 close.started
DEBUG 2026-07-22 23:03:35 re/_trace.py:47 close.complete
DEBUG 2026-07-22 23:03:35 re/_trace.py:47 close.started
DEBUG 2026-07-22 23:03:35 re/_trace.py:47 close.complete
DEBUG 2026-07-22 23:03:35 re/_trace.py:47 close.started
DEBUG 2026-07-22 23:03:35 re/_trace.py:47 close.complete
DEBUG 2026-07-22 23:03:35 re/_trace.py:47 close.started
DEBUG 2026-07-22 23:03:35 re/_trace.py:47 close.complete
DEBUG 2026-07-22 23:03:35 re/_trace.py:47 close.started
DEBUG 2026-07-22 23:03:35 re/_trace.py:47 close.complete
DEBUG 2026-07-22 23:03:35 re/_trace.py:47 close.started
DEBUG 2026-07-22 23:03:35 re/_trace.py:47 close.complete
INFO 2026-07-22 23:05:56 ot_train.py:459 step:3K smpl:2M ep:1K epch:23.29 loss:0.010 grdn:0.434 lr:1.0e-04 updt_s:3.521 data_s:0.453
DEBUG 2026-07-22 23:12:23 re/_trace.py:47 close.started
DEBUG 2026-07-22 23:12:23 re/_trace.py:47 close.complete
DEBUG 2026-07-22 23:12:23 re/_trace.py:47 close.started
DEBUG 2026-07-22 23:12:23 re/_trace.py:47 close.complete
DEBUG 2026-07-22 23:12:23 re/_trace.py:47 close.started
DEBUG 2026-07-22 23:12:23 re/_trace.py:47 close.complete
DEBUG 2026-07-22 23:12:23 re/_trace.py:47 close.started
DEBUG 2026-07-22 23:12:23 re/_trace.py:47 close.complete
DEBUG 2026-07-22 23:12:23 re/_trace.py:47 close.started
DEBUG 2026-07-22 23:12:23 re/_trace.py:47 close.complete
DEBUG 2026-07-22 23:12:23 re/_trace.py:47 close.started
DEBUG 2026-07-22 23:12:23 re/_trace.py:47 close.complete
DEBUG 2026-07-22 23:12:23 re/_trace.py:47 close.started
DEBUG 2026-07-22 23:12:23 re/_trace.py:47 close.complete
DEBUG 2026-07-22 23:12:24 re/_trace.py:47 close.started
DEBUG 2026-07-22 23:12:24 re/_trace.py:47 close.complete
DEBUG 2026-07-22 23:12:24 re/_trace.py:47 close.started
DEBUG 2026-07-22 23:12:24 re/_trace.py:47 close.complete
DEBUG 2026-07-22 23:12:24 re/_trace.py:47 close.started
DEBUG 2026-07-22 23:12:24 re/_trace.py:47 close.complete
INFO 2026-07-22 23:18:18 ot_train.py:459 step:3K smpl:2M ep:1K epch:24.75 loss:0.010 grdn:0.406 lr:1.0e-04 updt_s:3.454 data_s:0.253
DEBUG 2026-07-22 23:21:10 re/_trace.py:47 close.started
DEBUG 2026-07-22 23:21:10 re/_trace.py:47 close.complete
DEBUG 2026-07-22 23:21:10 re/_trace.py:47 close.started
DEBUG 2026-07-22 23:21:10 re/_trace.py:47 close.complete
DEBUG 2026-07-22 23:21:10 re/_trace.py:47 close.started
DEBUG 2026-07-22 23:21:10 re/_trace.py:47 close.complete
DEBUG 2026-07-22 23:21:11 re/_trace.py:47 close.started
DEBUG 2026-07-22 23:21:11 re/_trace.py:47 close.complete
DEBUG 2026-07-22 23:21:11 re/_trace.py:47 close.started
DEBUG 2026-07-22 23:21:11 re/_trace.py:47 close.complete
DEBUG 2026-07-22 23:21:11 re/_trace.py:47 close.started
DEBUG 2026-07-22 23:21:11 re/_trace.py:47 close.complete
DEBUG 2026-07-22 23:21:11 re/_trace.py:47 close.started
DEBUG 2026-07-22 23:21:11 re/_trace.py:47 close.complete
DEBUG 2026-07-22 23:21:11 re/_trace.py:47 close.started
DEBUG 2026-07-22 23:21:11 re/_trace.py:47 close.complete
DEBUG 2026-07-22 23:21:11 re/_trace.py:47 close.started
DEBUG 2026-07-22 23:21:11 re/_trace.py:47 close.complete
DEBUG 2026-07-22 23:21:11 re/_trace.py:47 close.started
DEBUG 2026-07-22 23:21:11 re/_trace.py:47 close.complete
DEBUG 2026-07-22 23:29:59 re/_trace.py:47 close.started
DEBUG 2026-07-22 23:29:59 re/_trace.py:47 close.complete
DEBUG 2026-07-22 23:29:59 re/_trace.py:47 close.started
DEBUG 2026-07-22 23:29:59 re/_trace.py:47 close.complete
DEBUG 2026-07-22 23:29:59 re/_trace.py:47 close.started
DEBUG 2026-07-22 23:29:59 re/_trace.py:47 close.complete
DEBUG 2026-07-22 23:29:59 re/_trace.py:47 close.started
DEBUG 2026-07-22 23:29:59 re/_trace.py:47 close.complete
DEBUG 2026-07-22 23:29:59 re/_trace.py:47 close.started
DEBUG 2026-07-22 23:29:59 re/_trace.py:47 close.complete
DEBUG 2026-07-22 23:29:59 re/_trace.py:47 close.started
DEBUG 2026-07-22 23:29:59 re/_trace.py:47 close.complete
DEBUG 2026-07-22 23:29:59 re/_trace.py:47 close.started
DEBUG 2026-07-22 23:29:59 re/_trace.py:47 close.complete
DEBUG 2026-07-22 23:30:00 re/_trace.py:47 close.started
DEBUG 2026-07-22 23:30:00 re/_trace.py:47 close.complete
DEBUG 2026-07-22 23:30:00 re/_trace.py:47 close.started
DEBUG 2026-07-22 23:30:00 re/_trace.py:47 close.complete
DEBUG 2026-07-22 23:30:00 re/_trace.py:47 close.started
DEBUG 2026-07-22 23:30:00 re/_trace.py:47 close.complete
INFO 2026-07-22 23:31:22 ot_train.py:459 step:4K smpl:2M ep:1K epch:26.20 loss:0.010 grdn:0.419 lr:1.0e-04 updt_s:3.500 data_s:0.416
DEBUG 2026-07-22 23:38:43 re/_trace.py:47 close.started
DEBUG 2026-07-22 23:38:43 re/_trace.py:47 close.complete
DEBUG 2026-07-22 23:38:43 re/_trace.py:47 close.started
DEBUG 2026-07-22 23:38:43 re/_trace.py:47 close.complete
DEBUG 2026-07-22 23:38:43 re/_trace.py:47 close.started
DEBUG 2026-07-22 23:38:43 re/_trace.py:47 close.complete
DEBUG 2026-07-22 23:38:44 re/_trace.py:47 close.started
DEBUG 2026-07-22 23:38:44 re/_trace.py:47 close.complete
DEBUG 2026-07-22 23:38:44 re/_trace.py:47 close.started
DEBUG 2026-07-22 23:38:44 re/_trace.py:47 close.complete
DEBUG 2026-07-22 23:38:44 re/_trace.py:47 close.started
DEBUG 2026-07-22 23:38:44 re/_trace.py:47 close.complete
DEBUG 2026-07-22 23:38:44 re/_trace.py:47 close.started
DEBUG 2026-07-22 23:38:44 re/_trace.py:47 close.complete
DEBUG 2026-07-22 23:38:44 re/_trace.py:47 close.started
DEBUG 2026-07-22 23:38:44 re/_trace.py:47 close.complete
DEBUG 2026-07-22 23:38:44 re/_trace.py:47 close.started
DEBUG 2026-07-22 23:38:44 re/_trace.py:47 close.complete
DEBUG 2026-07-22 23:38:44 re/_trace.py:47 close.started
DEBUG 2026-07-22 23:38:44 re/_trace.py:47 close.complete
INFO 2026-07-22 23:43:56 ot_train.py:459 step:4K smpl:2M ep:1K epch:27.66 loss:0.009 grdn:0.390 lr:1.0e-04 updt_s:3.521 data_s:0.245
DEBUG 2026-07-22 23:47:37 re/_trace.py:47 close.started
DEBUG 2026-07-22 23:47:37 re/_trace.py:47 close.complete
DEBUG 2026-07-22 23:47:38 re/_trace.py:47 close.started
DEBUG 2026-07-22 23:47:38 re/_trace.py:47 close.complete
DEBUG 2026-07-22 23:47:38 re/_trace.py:47 close.started
DEBUG 2026-07-22 23:47:38 re/_trace.py:47 close.complete
DEBUG 2026-07-22 23:47:38 re/_trace.py:47 close.started
DEBUG 2026-07-22 23:47:38 re/_trace.py:47 close.complete
DEBUG 2026-07-22 23:47:38 re/_trace.py:47 close.started
DEBUG 2026-07-22 23:47:38 re/_trace.py:47 close.complete
DEBUG 2026-07-22 23:47:38 re/_trace.py:47 close.started
DEBUG 2026-07-22 23:47:38 re/_trace.py:47 close.complete
DEBUG 2026-07-22 23:47:38 re/_trace.py:47 close.started
DEBUG 2026-07-22 23:47:38 re/_trace.py:47 close.complete
DEBUG 2026-07-22 23:47:38 re/_trace.py:47 close.started
DEBUG 2026-07-22 23:47:38 re/_trace.py:47 close.complete
DEBUG 2026-07-22 23:47:38 re/_trace.py:47 close.started
DEBUG 2026-07-22 23:47:38 re/_trace.py:47 close.complete
DEBUG 2026-07-22 23:47:39 re/_trace.py:47 close.started
DEBUG 2026-07-22 23:47:39 re/_trace.py:47 close.complete
INFO 2026-07-22 23:56:14 ot_train.py:459 step:4K smpl:2M ep:1K epch:29.11 loss:0.009 grdn:0.401 lr:1.0e-04 updt_s:3.459 data_s:0.227
DEBUG 2026-07-22 23:56:22 re/_trace.py:47 close.started
DEBUG 2026-07-22 23:56:22 re/_trace.py:47 close.complete
DEBUG 2026-07-22 23:56:22 re/_trace.py:47 close.started
DEBUG 2026-07-22 23:56:22 re/_trace.py:47 close.complete
DEBUG 2026-07-22 23:56:22 re/_trace.py:47 close.started
DEBUG 2026-07-22 23:56:22 re/_trace.py:47 close.complete
DEBUG 2026-07-22 23:56:22 re/_trace.py:47 close.started
DEBUG 2026-07-22 23:56:22 re/_trace.py:47 close.complete
DEBUG 2026-07-22 23:56:22 re/_trace.py:47 close.started
DEBUG 2026-07-22 23:56:22 re/_trace.py:47 close.complete
DEBUG 2026-07-22 23:56:22 re/_trace.py:47 close.started
DEBUG 2026-07-22 23:56:22 re/_trace.py:47 close.complete
DEBUG 2026-07-22 23:56:22 re/_trace.py:47 close.started
DEBUG 2026-07-22 23:56:22 re/_trace.py:47 close.complete
DEBUG 2026-07-22 23:56:23 re/_trace.py:47 close.started
DEBUG 2026-07-22 23:56:23 re/_trace.py:47 close.complete
DEBUG 2026-07-22 23:56:23 re/_trace.py:47 close.started
DEBUG 2026-07-22 23:56:23 re/_trace.py:47 close.complete
DEBUG 2026-07-22 23:56:23 re/_trace.py:47 close.started
DEBUG 2026-07-22 23:56:23 re/_trace.py:47 close.complete
DEBUG 2026-07-23 00:05:10 re/_trace.py:47 close.started
DEBUG 2026-07-23 00:05:10 re/_trace.py:47 close.complete
DEBUG 2026-07-23 00:05:10 re/_trace.py:47 close.started
DEBUG 2026-07-23 00:05:10 re/_trace.py:47 close.complete
DEBUG 2026-07-23 00:05:11 re/_trace.py:47 close.started
DEBUG 2026-07-23 00:05:11 re/_trace.py:47 close.complete
DEBUG 2026-07-23 00:05:11 re/_trace.py:47 close.started
DEBUG 2026-07-23 00:05:11 re/_trace.py:47 close.complete
DEBUG 2026-07-23 00:05:11 re/_trace.py:47 close.started
DEBUG 2026-07-23 00:05:11 re/_trace.py:47 close.complete
DEBUG 2026-07-23 00:05:11 re/_trace.py:47 close.started
DEBUG 2026-07-23 00:05:11 re/_trace.py:47 close.complete
DEBUG 2026-07-23 00:05:11 re/_trace.py:47 close.started
DEBUG 2026-07-23 00:05:11 re/_trace.py:47 close.complete
DEBUG 2026-07-23 00:05:11 re/_trace.py:47 close.started
DEBUG 2026-07-23 00:05:11 re/_trace.py:47 close.complete
DEBUG 2026-07-23 00:05:11 re/_trace.py:47 close.started
DEBUG 2026-07-23 00:05:11 re/_trace.py:47 close.complete
DEBUG 2026-07-23 00:05:11 re/_trace.py:47 close.started
DEBUG 2026-07-23 00:05:11 re/_trace.py:47 close.complete
INFO 2026-07-23 00:09:36 ot_train.py:459 step:4K smpl:2M ep:2K epch:30.57 loss:0.009 grdn:0.375 lr:9.9e-05 updt_s:3.545 data_s:0.459
DEBUG 2026-07-23 00:14:04 re/_trace.py:47 close.started
DEBUG 2026-07-23 00:14:04 re/_trace.py:47 close.complete
DEBUG 2026-07-23 00:14:05 re/_trace.py:47 close.started
DEBUG 2026-07-23 00:14:05 re/_trace.py:47 close.complete
DEBUG 2026-07-23 00:14:05 re/_trace.py:47 close.started
DEBUG 2026-07-23 00:14:05 re/_trace.py:47 close.complete
DEBUG 2026-07-23 00:14:05 re/_trace.py:47 close.started
DEBUG 2026-07-23 00:14:05 re/_trace.py:47 close.complete
DEBUG 2026-07-23 00:14:05 re/_trace.py:47 close.started
DEBUG 2026-07-23 00:14:05 re/_trace.py:47 close.complete
DEBUG 2026-07-23 00:14:05 re/_trace.py:47 close.started
DEBUG 2026-07-23 00:14:05 re/_trace.py:47 close.complete
DEBUG 2026-07-23 00:14:05 re/_trace.py:47 close.started
DEBUG 2026-07-23 00:14:05 re/_trace.py:47 close.complete
DEBUG 2026-07-23 00:14:05 re/_trace.py:47 close.started
DEBUG 2026-07-23 00:14:05 re/_trace.py:47 close.complete
DEBUG 2026-07-23 00:14:05 re/_trace.py:47 close.started
DEBUG 2026-07-23 00:14:05 re/_trace.py:47 close.complete
DEBUG 2026-07-23 00:14:05 re/_trace.py:47 close.started
DEBUG 2026-07-23 00:14:05 re/_trace.py:47 close.complete
INFO 2026-07-23 00:21:55 ot_train.py:459 step:4K smpl:2M ep:2K epch:32.03 loss:0.008 grdn:0.403 lr:9.9e-05 updt_s:3.459 data_s:0.237
DEBUG 2026-07-23 00:22:51 re/_trace.py:47 close.started
DEBUG 2026-07-23 00:22:51 re/_trace.py:47 close.complete
DEBUG 2026-07-23 00:22:51 re/_trace.py:47 close.started
DEBUG 2026-07-23 00:22:51 re/_trace.py:47 close.complete
DEBUG 2026-07-23 00:22:51 re/_trace.py:47 close.started
DEBUG 2026-07-23 00:22:51 re/_trace.py:47 close.complete
DEBUG 2026-07-23 00:22:51 re/_trace.py:47 close.started
DEBUG 2026-07-23 00:22:51 re/_trace.py:47 close.complete
DEBUG 2026-07-23 00:22:51 re/_trace.py:47 close.started
DEBUG 2026-07-23 00:22:51 re/_trace.py:47 close.complete
DEBUG 2026-07-23 00:22:52 re/_trace.py:47 close.started
DEBUG 2026-07-23 00:22:52 re/_trace.py:47 close.complete
DEBUG 2026-07-23 00:22:52 re/_trace.py:47 close.started
DEBUG 2026-07-23 00:22:52 re/_trace.py:47 close.complete
DEBUG 2026-07-23 00:22:52 re/_trace.py:47 close.started
DEBUG 2026-07-23 00:22:52 re/_trace.py:47 close.complete
DEBUG 2026-07-23 00:22:52 re/_trace.py:47 close.started
DEBUG 2026-07-23 00:22:52 re/_trace.py:47 close.complete
DEBUG 2026-07-23 00:22:52 re/_trace.py:47 close.started
DEBUG 2026-07-23 00:22:52 re/_trace.py:47 close.complete
DEBUG 2026-07-23 00:31:39 re/_trace.py:47 close.started
DEBUG 2026-07-23 00:31:39 re/_trace.py:47 close.complete
DEBUG 2026-07-23 00:31:39 re/_trace.py:47 close.started
DEBUG 2026-07-23 00:31:39 re/_trace.py:47 close.complete
DEBUG 2026-07-23 00:31:39 re/_trace.py:47 close.started
DEBUG 2026-07-23 00:31:39 re/_trace.py:47 close.complete
DEBUG 2026-07-23 00:31:39 re/_trace.py:47 close.started
DEBUG 2026-07-23 00:31:39 re/_trace.py:47 close.complete
DEBUG 2026-07-23 00:31:39 re/_trace.py:47 close.started
DEBUG 2026-07-23 00:31:39 re/_trace.py:47 close.complete
DEBUG 2026-07-23 00:31:39 re/_trace.py:47 close.started
DEBUG 2026-07-23 00:31:39 re/_trace.py:47 close.complete
DEBUG 2026-07-23 00:31:39 re/_trace.py:47 close.started
DEBUG 2026-07-23 00:31:39 re/_trace.py:47 close.complete
DEBUG 2026-07-23 00:31:39 re/_trace.py:47 close.started
DEBUG 2026-07-23 00:31:39 re/_trace.py:47 close.complete
DEBUG 2026-07-23 00:31:39 re/_trace.py:47 close.started
DEBUG 2026-07-23 00:31:39 re/_trace.py:47 close.complete
DEBUG 2026-07-23 00:31:39 re/_trace.py:47 close.started
DEBUG 2026-07-23 00:31:39 re/_trace.py:47 close.complete
INFO 2026-07-23 00:35:11 ot_train.py:459 step:5K smpl:2M ep:2K epch:33.48 loss:0.008 grdn:0.365 lr:9.8e-05 updt_s:3.556 data_s:0.419
DEBUG 2026-07-23 00:40:28 re/_trace.py:47 close.started
DEBUG 2026-07-23 00:40:28 re/_trace.py:47 close.complete
DEBUG 2026-07-23 00:40:28 re/_trace.py:47 close.started
DEBUG 2026-07-23 00:40:28 re/_trace.py:47 close.complete
DEBUG 2026-07-23 00:40:28 re/_trace.py:47 close.started
DEBUG 2026-07-23 00:40:28 re/_trace.py:47 close.complete
DEBUG 2026-07-23 00:40:28 re/_trace.py:47 close.started
DEBUG 2026-07-23 00:40:28 re/_trace.py:47 close.complete
DEBUG 2026-07-23 00:40:28 re/_trace.py:47 close.started
DEBUG 2026-07-23 00:40:28 re/_trace.py:47 close.complete
DEBUG 2026-07-23 00:40:28 re/_trace.py:47 close.started
DEBUG 2026-07-23 00:40:28 re/_trace.py:47 close.complete
DEBUG 2026-07-23 00:40:28 re/_trace.py:47 close.started
DEBUG 2026-07-23 00:40:28 re/_trace.py:47 close.complete
DEBUG 2026-07-23 00:40:28 re/_trace.py:47 close.started
DEBUG 2026-07-23 00:40:28 re/_trace.py:47 close.complete
DEBUG 2026-07-23 00:40:28 re/_trace.py:47 close.started
DEBUG 2026-07-23 00:40:28 re/_trace.py:47 close.complete
DEBUG 2026-07-23 00:40:28 re/_trace.py:47 close.started
DEBUG 2026-07-23 00:40:28 re/_trace.py:47 close.complete
INFO 2026-07-23 00:47:30 ot_train.py:459 step:5K smpl:3M ep:2K epch:34.94 loss:0.008 grdn:0.369 lr:9.8e-05 updt_s:3.459 data_s:0.235
DEBUG 2026-07-23 00:49:13 re/_trace.py:47 close.started
DEBUG 2026-07-23 00:49:13 re/_trace.py:47 close.complete
DEBUG 2026-07-23 00:49:13 re/_trace.py:47 close.started
DEBUG 2026-07-23 00:49:13 re/_trace.py:47 close.complete
DEBUG 2026-07-23 00:49:13 re/_trace.py:47 close.started
DEBUG 2026-07-23 00:49:13 re/_trace.py:47 close.complete
DEBUG 2026-07-23 00:49:13 re/_trace.py:47 close.started
DEBUG 2026-07-23 00:49:13 re/_trace.py:47 close.complete
DEBUG 2026-07-23 00:49:14 re/_trace.py:47 close.started
DEBUG 2026-07-23 00:49:14 re/_trace.py:47 close.complete
DEBUG 2026-07-23 00:49:14 re/_trace.py:47 close.started
DEBUG 2026-07-23 00:49:14 re/_trace.py:47 close.complete
DEBUG 2026-07-23 00:49:14 re/_trace.py:47 close.started
DEBUG 2026-07-23 00:49:14 re/_trace.py:47 close.complete
DEBUG 2026-07-23 00:49:14 re/_trace.py:47 close.started
DEBUG 2026-07-23 00:49:14 re/_trace.py:47 close.complete
DEBUG 2026-07-23 00:49:14 re/_trace.py:47 close.started
DEBUG 2026-07-23 00:49:14 re/_trace.py:47 close.complete
DEBUG 2026-07-23 00:49:14 re/_trace.py:47 close.started
DEBUG 2026-07-23 00:49:14 re/_trace.py:47 close.complete
DEBUG 2026-07-23 00:57:58 re/_trace.py:47 close.started
DEBUG 2026-07-23 00:57:58 re/_trace.py:47 close.complete
DEBUG 2026-07-23 00:57:58 re/_trace.py:47 close.started
DEBUG 2026-07-23 00:57:58 re/_trace.py:47 close.complete
DEBUG 2026-07-23 00:57:58 re/_trace.py:47 close.started
DEBUG 2026-07-23 00:57:58 re/_trace.py:47 close.complete
DEBUG 2026-07-23 00:57:58 re/_trace.py:47 close.started
DEBUG 2026-07-23 00:57:58 re/_trace.py:47 close.complete
DEBUG 2026-07-23 00:57:58 re/_trace.py:47 close.started
DEBUG 2026-07-23 00:57:58 re/_trace.py:47 close.complete
DEBUG 2026-07-23 00:57:59 re/_trace.py:47 close.started
DEBUG 2026-07-23 00:57:59 re/_trace.py:47 close.complete
DEBUG 2026-07-23 00:57:59 re/_trace.py:47 close.started
DEBUG 2026-07-23 00:57:59 re/_trace.py:47 close.complete
DEBUG 2026-07-23 00:57:59 re/_trace.py:47 close.started
DEBUG 2026-07-23 00:57:59 re/_trace.py:47 close.complete
DEBUG 2026-07-23 00:57:59 re/_trace.py:47 close.started
DEBUG 2026-07-23 00:57:59 re/_trace.py:47 close.complete
DEBUG 2026-07-23 00:57:59 re/_trace.py:47 close.started
DEBUG 2026-07-23 00:57:59 re/_trace.py:47 close.complete
INFO 2026-07-23 01:00:39 ot_train.py:459 step:5K smpl:3M ep:2K epch:36.39 loss:0.008 grdn:0.356 lr:9.7e-05 updt_s:3.519 data_s:0.423
DEBUG 2026-07-23 01:06:45 re/_trace.py:47 close.started
DEBUG 2026-07-23 01:06:45 re/_trace.py:47 close.complete
DEBUG 2026-07-23 01:06:45 re/_trace.py:47 close.started
DEBUG 2026-07-23 01:06:45 re/_trace.py:47 close.complete
DEBUG 2026-07-23 01:06:45 re/_trace.py:47 close.started
DEBUG 2026-07-23 01:06:45 re/_trace.py:47 close.complete
DEBUG 2026-07-23 01:06:45 re/_trace.py:47 close.started
DEBUG 2026-07-23 01:06:45 re/_trace.py:47 close.complete
DEBUG 2026-07-23 01:06:45 re/_trace.py:47 close.started
DEBUG 2026-07-23 01:06:45 re/_trace.py:47 close.complete
DEBUG 2026-07-23 01:06:45 re/_trace.py:47 close.started
DEBUG 2026-07-23 01:06:45 re/_trace.py:47 close.complete
DEBUG 2026-07-23 01:06:45 re/_trace.py:47 close.started
DEBUG 2026-07-23 01:06:45 re/_trace.py:47 close.complete
DEBUG 2026-07-23 01:06:45 re/_trace.py:47 close.started
DEBUG 2026-07-23 01:06:45 re/_trace.py:47 close.complete
DEBUG 2026-07-23 01:06:45 re/_trace.py:47 close.started
DEBUG 2026-07-23 01:06:45 re/_trace.py:47 close.complete
DEBUG 2026-07-23 01:06:46 re/_trace.py:47 close.started
DEBUG 2026-07-23 01:06:46 re/_trace.py:47 close.complete
INFO 2026-07-23 01:12:56 ot_train.py:459 step:5K smpl:3M ep:2K epch:37.85 loss:0.008 grdn:0.354 lr:9.7e-05 updt_s:3.460 data_s:0.222
DEBUG 2026-07-23 01:15:28 re/_trace.py:47 close.started
DEBUG 2026-07-23 01:15:28 re/_trace.py:47 close.complete
DEBUG 2026-07-23 01:15:28 re/_trace.py:47 close.started
DEBUG 2026-07-23 01:15:28 re/_trace.py:47 close.complete
DEBUG 2026-07-23 01:15:28 re/_trace.py:47 close.started
DEBUG 2026-07-23 01:15:28 re/_trace.py:47 close.complete
DEBUG 2026-07-23 01:15:28 re/_trace.py:47 close.started
DEBUG 2026-07-23 01:15:28 re/_trace.py:47 close.complete
DEBUG 2026-07-23 01:15:28 re/_trace.py:47 close.started
DEBUG 2026-07-23 01:15:28 re/_trace.py:47 close.complete
DEBUG 2026-07-23 01:15:28 re/_trace.py:47 close.started
DEBUG 2026-07-23 01:15:28 re/_trace.py:47 close.complete
DEBUG 2026-07-23 01:15:28 re/_trace.py:47 close.started
DEBUG 2026-07-23 01:15:28 re/_trace.py:47 close.complete
DEBUG 2026-07-23 01:15:29 re/_trace.py:47 close.started
DEBUG 2026-07-23 01:15:29 re/_trace.py:47 close.complete
DEBUG 2026-07-23 01:15:29 re/_trace.py:47 close.started
DEBUG 2026-07-23 01:15:29 re/_trace.py:47 close.complete
DEBUG 2026-07-23 01:15:29 re/_trace.py:47 close.started
DEBUG 2026-07-23 01:15:29 re/_trace.py:47 close.complete
DEBUG 2026-07-23 01:24:17 re/_trace.py:47 close.started
DEBUG 2026-07-23 01:24:17 re/_trace.py:47 close.complete
DEBUG 2026-07-23 01:24:17 re/_trace.py:47 close.started
DEBUG 2026-07-23 01:24:17 re/_trace.py:47 close.complete
DEBUG 2026-07-23 01:24:18 re/_trace.py:47 close.started
DEBUG 2026-07-23 01:24:18 re/_trace.py:47 close.complete
DEBUG 2026-07-23 01:24:18 re/_trace.py:47 close.started
DEBUG 2026-07-23 01:24:18 re/_trace.py:47 close.complete
DEBUG 2026-07-23 01:24:18 re/_trace.py:47 close.started
DEBUG 2026-07-23 01:24:18 re/_trace.py:47 close.complete
DEBUG 2026-07-23 01:24:18 re/_trace.py:47 close.started
DEBUG 2026-07-23 01:24:18 re/_trace.py:47 close.complete
DEBUG 2026-07-23 01:24:18 re/_trace.py:47 close.started
DEBUG 2026-07-23 01:24:18 re/_trace.py:47 close.complete
DEBUG 2026-07-23 01:24:18 re/_trace.py:47 close.started
DEBUG 2026-07-23 01:24:18 re/_trace.py:47 close.complete
DEBUG 2026-07-23 01:24:18 re/_trace.py:47 close.started
DEBUG 2026-07-23 01:24:18 re/_trace.py:47 close.complete
DEBUG 2026-07-23 01:24:18 re/_trace.py:47 close.started
DEBUG 2026-07-23 01:24:18 re/_trace.py:47 close.complete
INFO 2026-07-23 01:26:03 ot_train.py:459 step:5K smpl:3M ep:2K epch:39.30 loss:0.008 grdn:0.378 lr:9.6e-05 updt_s:3.508 data_s:0.424
DEBUG 2026-07-23 01:33:02 re/_trace.py:47 close.started
DEBUG 2026-07-23 01:33:02 re/_trace.py:47 close.complete
DEBUG 2026-07-23 01:33:02 re/_trace.py:47 close.started
DEBUG 2026-07-23 01:33:02 re/_trace.py:47 close.complete
DEBUG 2026-07-23 01:33:02 re/_trace.py:47 close.started
DEBUG 2026-07-23 01:33:02 re/_trace.py:47 close.complete
DEBUG 2026-07-23 01:33:02 re/_trace.py:47 close.started
DEBUG 2026-07-23 01:33:02 re/_trace.py:47 close.complete
DEBUG 2026-07-23 01:33:02 re/_trace.py:47 close.started
DEBUG 2026-07-23 01:33:02 re/_trace.py:47 close.complete
DEBUG 2026-07-23 01:33:03 re/_trace.py:47 close.started
DEBUG 2026-07-23 01:33:03 re/_trace.py:47 close.complete
DEBUG 2026-07-23 01:33:03 re/_trace.py:47 close.started
DEBUG 2026-07-23 01:33:03 re/_trace.py:47 close.complete
DEBUG 2026-07-23 01:33:03 re/_trace.py:47 close.started
DEBUG 2026-07-23 01:33:03 re/_trace.py:47 close.complete
DEBUG 2026-07-23 01:33:03 re/_trace.py:47 close.started
DEBUG 2026-07-23 01:33:03 re/_trace.py:47 close.complete
DEBUG 2026-07-23 01:33:03 re/_trace.py:47 close.started
DEBUG 2026-07-23 01:33:03 re/_trace.py:47 close.complete
INFO 2026-07-23 01:38:29 ot_train.py:459 step:6K smpl:3M ep:2K epch:40.76 loss:0.007 grdn:0.379 lr:9.6e-05 updt_s:3.480 data_s:0.248
DEBUG 2026-07-23 01:41:49 re/_trace.py:47 close.started
DEBUG 2026-07-23 01:41:49 re/_trace.py:47 close.complete
DEBUG 2026-07-23 01:41:49 re/_trace.py:47 close.started
DEBUG 2026-07-23 01:41:49 re/_trace.py:47 close.complete
DEBUG 2026-07-23 01:41:50 re/_trace.py:47 close.started
DEBUG 2026-07-23 01:41:50 re/_trace.py:47 close.complete
DEBUG 2026-07-23 01:41:50 re/_trace.py:47 close.started
DEBUG 2026-07-23 01:41:50 re/_trace.py:47 close.complete
DEBUG 2026-07-23 01:41:50 re/_trace.py:47 close.started
DEBUG 2026-07-23 01:41:50 re/_trace.py:47 close.complete
DEBUG 2026-07-23 01:41:50 re/_trace.py:47 close.started
DEBUG 2026-07-23 01:41:50 re/_trace.py:47 close.complete
DEBUG 2026-07-23 01:41:50 re/_trace.py:47 close.started
DEBUG 2026-07-23 01:41:50 re/_trace.py:47 close.complete
DEBUG 2026-07-23 01:41:50 re/_trace.py:47 close.started
DEBUG 2026-07-23 01:41:50 re/_trace.py:47 close.complete
DEBUG 2026-07-23 01:41:50 re/_trace.py:47 close.started
DEBUG 2026-07-23 01:41:50 re/_trace.py:47 close.complete
DEBUG 2026-07-23 01:41:50 re/_trace.py:47 close.started
DEBUG 2026-07-23 01:41:50 re/_trace.py:47 close.complete
DEBUG 2026-07-23 01:50:34 re/_trace.py:47 close.started
DEBUG 2026-07-23 01:50:34 re/_trace.py:47 close.complete
DEBUG 2026-07-23 01:50:34 re/_trace.py:47 close.started
DEBUG 2026-07-23 01:50:34 re/_trace.py:47 close.complete
DEBUG 2026-07-23 01:50:34 re/_trace.py:47 close.started
DEBUG 2026-07-23 01:50:34 re/_trace.py:47 close.complete
DEBUG 2026-07-23 01:50:34 re/_trace.py:47 close.started
DEBUG 2026-07-23 01:50:34 re/_trace.py:47 close.complete
DEBUG 2026-07-23 01:50:35 re/_trace.py:47 close.started
DEBUG 2026-07-23 01:50:35 re/_trace.py:47 close.complete
DEBUG 2026-07-23 01:50:35 re/_trace.py:47 close.started
DEBUG 2026-07-23 01:50:35 re/_trace.py:47 close.complete
DEBUG 2026-07-23 01:50:35 re/_trace.py:47 close.started
DEBUG 2026-07-23 01:50:35 re/_trace.py:47 close.complete
DEBUG 2026-07-23 01:50:35 re/_trace.py:47 close.started
DEBUG 2026-07-23 01:50:35 re/_trace.py:47 close.complete
DEBUG 2026-07-23 01:50:35 re/_trace.py:47 close.started
DEBUG 2026-07-23 01:50:35 re/_trace.py:47 close.complete
DEBUG 2026-07-23 01:50:35 re/_trace.py:47 close.started
DEBUG 2026-07-23 01:50:35 re/_trace.py:47 close.complete
INFO 2026-07-23 01:51:23 ot_train.py:459 step:6K smpl:3M ep:2K epch:42.22 loss:0.007 grdn:0.344 lr:9.5e-05 updt_s:3.455 data_s:0.410
DEBUG 2026-07-23 01:59:18 re/_trace.py:47 close.started
DEBUG 2026-07-23 01:59:18 re/_trace.py:47 close.complete
DEBUG 2026-07-23 01:59:19 re/_trace.py:47 close.started
DEBUG 2026-07-23 01:59:19 re/_trace.py:47 close.complete
DEBUG 2026-07-23 01:59:19 re/_trace.py:47 close.started
DEBUG 2026-07-23 01:59:19 re/_trace.py:47 close.complete
DEBUG 2026-07-23 01:59:19 re/_trace.py:47 close.started
DEBUG 2026-07-23 01:59:19 re/_trace.py:47 close.complete
DEBUG 2026-07-23 01:59:19 re/_trace.py:47 close.started
DEBUG 2026-07-23 01:59:19 re/_trace.py:47 close.complete
DEBUG 2026-07-23 01:59:19 re/_trace.py:47 close.started
DEBUG 2026-07-23 01:59:19 re/_trace.py:47 close.complete
DEBUG 2026-07-23 01:59:19 re/_trace.py:47 close.started
DEBUG 2026-07-23 01:59:19 re/_trace.py:47 close.complete
DEBUG 2026-07-23 01:59:19 re/_trace.py:47 close.started
DEBUG 2026-07-23 01:59:19 re/_trace.py:47 close.complete
DEBUG 2026-07-23 01:59:19 re/_trace.py:47 close.started
DEBUG 2026-07-23 01:59:19 re/_trace.py:47 close.complete
DEBUG 2026-07-23 01:59:19 re/_trace.py:47 close.started
DEBUG 2026-07-23 01:59:19 re/_trace.py:47 close.complete
INFO 2026-07-23 02:03:57 ot_train.py:459 step:6K smpl:3M ep:2K epch:43.67 loss:0.007 grdn:0.342 lr:9.5e-05 updt_s:3.523 data_s:0.245
INFO 2026-07-23 02:03:57 ot_train.py:479 Checkpoint policy after step 6000
DEBUG 2026-07-23 02:08:26 re/_trace.py:47 close.started
DEBUG 2026-07-23 02:08:26 re/_trace.py:47 close.complete
DEBUG 2026-07-23 02:08:26 re/_trace.py:47 close.started
DEBUG 2026-07-23 02:08:26 re/_trace.py:47 close.complete
DEBUG 2026-07-23 02:08:27 re/_trace.py:47 close.started
DEBUG 2026-07-23 02:08:27 re/_trace.py:47 close.complete
DEBUG 2026-07-23 02:08:27 re/_trace.py:47 close.started
DEBUG 2026-07-23 02:08:27 re/_trace.py:47 close.complete
DEBUG 2026-07-23 02:08:27 re/_trace.py:47 close.started
DEBUG 2026-07-23 02:08:27 re/_trace.py:47 close.complete
DEBUG 2026-07-23 02:08:27 re/_trace.py:47 close.started
DEBUG 2026-07-23 02:08:27 re/_trace.py:47 close.complete
DEBUG 2026-07-23 02:08:27 re/_trace.py:47 close.started
DEBUG 2026-07-23 02:08:27 re/_trace.py:47 close.complete
DEBUG 2026-07-23 02:08:27 re/_trace.py:47 close.started
DEBUG 2026-07-23 02:08:27 re/_trace.py:47 close.complete
DEBUG 2026-07-23 02:08:27 re/_trace.py:47 close.started
DEBUG 2026-07-23 02:08:27 re/_trace.py:47 close.complete
DEBUG 2026-07-23 02:08:27 re/_trace.py:47 close.started
DEBUG 2026-07-23 02:08:27 re/_trace.py:47 close.complete
INFO 2026-07-23 02:16:37 ot_train.py:459 step:6K smpl:3M ep:2K epch:45.13 loss:0.007 grdn:0.343 lr:9.4e-05 updt_s:3.478 data_s:0.216
DEBUG 2026-07-23 02:17:13 re/_trace.py:47 close.started
DEBUG 2026-07-23 02:17:13 re/_trace.py:47 close.complete
DEBUG 2026-07-23 02:17:13 re/_trace.py:47 close.started
DEBUG 2026-07-23 02:17:13 re/_trace.py:47 close.complete
DEBUG 2026-07-23 02:17:13 re/_trace.py:47 close.started
DEBUG 2026-07-23 02:17:13 re/_trace.py:47 close.complete
DEBUG 2026-07-23 02:17:13 re/_trace.py:47 close.started
DEBUG 2026-07-23 02:17:13 re/_trace.py:47 close.complete
DEBUG 2026-07-23 02:17:13 re/_trace.py:47 close.started
DEBUG 2026-07-23 02:17:13 re/_trace.py:47 close.complete
DEBUG 2026-07-23 02:17:13 re/_trace.py:47 close.started
DEBUG 2026-07-23 02:17:13 re/_trace.py:47 close.complete
DEBUG 2026-07-23 02:17:13 re/_trace.py:47 close.started
DEBUG 2026-07-23 02:17:13 re/_trace.py:47 close.complete
DEBUG 2026-07-23 02:17:13 re/_trace.py:47 close.started
DEBUG 2026-07-23 02:17:13 re/_trace.py:47 close.complete
DEBUG 2026-07-23 02:17:14 re/_trace.py:47 close.started
DEBUG 2026-07-23 02:17:14 re/_trace.py:47 close.complete
DEBUG 2026-07-23 02:17:14 re/_trace.py:47 close.started
DEBUG 2026-07-23 02:17:14 re/_trace.py:47 close.complete
DEBUG 2026-07-23 02:26:04 re/_trace.py:47 close.started
DEBUG 2026-07-23 02:26:04 re/_trace.py:47 close.complete
DEBUG 2026-07-23 02:26:04 re/_trace.py:47 close.started
DEBUG 2026-07-23 02:26:04 re/_trace.py:47 close.complete
DEBUG 2026-07-23 02:26:05 re/_trace.py:47 close.started
DEBUG 2026-07-23 02:26:05 re/_trace.py:47 close.complete
DEBUG 2026-07-23 02:26:05 re/_trace.py:47 close.started
DEBUG 2026-07-23 02:26:05 re/_trace.py:47 close.complete
DEBUG 2026-07-23 02:26:05 re/_trace.py:47 close.started
DEBUG 2026-07-23 02:26:05 re/_trace.py:47 close.complete
DEBUG 2026-07-23 02:26:05 re/_trace.py:47 close.started
DEBUG 2026-07-23 02:26:05 re/_trace.py:47 close.complete
DEBUG 2026-07-23 02:26:05 re/_trace.py:47 close.started
DEBUG 2026-07-23 02:26:05 re/_trace.py:47 close.complete
DEBUG 2026-07-23 02:26:05 re/_trace.py:47 close.started
DEBUG 2026-07-23 02:26:05 re/_trace.py:47 close.complete
DEBUG 2026-07-23 02:26:05 re/_trace.py:47 close.started
DEBUG 2026-07-23 02:26:05 re/_trace.py:47 close.complete
DEBUG 2026-07-23 02:26:05 re/_trace.py:47 close.started
DEBUG 2026-07-23 02:26:06 re/_trace.py:47 close.complete
INFO 2026-07-23 02:30:02 ot_train.py:459 step:6K smpl:3M ep:2K epch:46.58 loss:0.007 grdn:0.350 lr:9.3e-05 updt_s:3.563 data_s:0.455
DEBUG 2026-07-23 02:34:59 re/_trace.py:47 close.started
DEBUG 2026-07-23 02:34:59 re/_trace.py:47 close.complete
DEBUG 2026-07-23 02:34:59 re/_trace.py:47 close.started
DEBUG 2026-07-23 02:34:59 re/_trace.py:47 close.complete
DEBUG 2026-07-23 02:34:59 re/_trace.py:47 close.started
DEBUG 2026-07-23 02:34:59 re/_trace.py:47 close.complete
DEBUG 2026-07-23 02:34:59 re/_trace.py:47 close.started
DEBUG 2026-07-23 02:34:59 re/_trace.py:47 close.complete
DEBUG 2026-07-23 02:34:59 re/_trace.py:47 close.started
DEBUG 2026-07-23 02:34:59 re/_trace.py:47 close.complete
DEBUG 2026-07-23 02:34:59 re/_trace.py:47 close.started
DEBUG 2026-07-23 02:34:59 re/_trace.py:47 close.complete
DEBUG 2026-07-23 02:34:59 re/_trace.py:47 close.started
DEBUG 2026-07-23 02:34:59 re/_trace.py:47 close.complete
DEBUG 2026-07-23 02:34:59 re/_trace.py:47 close.started
DEBUG 2026-07-23 02:34:59 re/_trace.py:47 close.complete
DEBUG 2026-07-23 02:34:59 re/_trace.py:47 close.started
DEBUG 2026-07-23 02:34:59 re/_trace.py:47 close.complete
DEBUG 2026-07-23 02:35:00 re/_trace.py:47 close.started
DEBUG 2026-07-23 02:35:00 re/_trace.py:47 close.complete
INFO 2026-07-23 02:42:26 ot_train.py:459 step:7K smpl:3M ep:2K epch:48.04 loss:0.007 grdn:0.360 lr:9.3e-05 updt_s:3.488 data_s:0.228
DEBUG 2026-07-23 02:43:49 re/_trace.py:47 close.started
DEBUG 2026-07-23 02:43:49 re/_trace.py:47 close.complete
DEBUG 2026-07-23 02:43:49 re/_trace.py:47 close.started
DEBUG 2026-07-23 02:43:49 re/_trace.py:47 close.complete
DEBUG 2026-07-23 02:43:49 re/_trace.py:47 close.started
DEBUG 2026-07-23 02:43:49 re/_trace.py:47 close.complete
DEBUG 2026-07-23 02:43:49 re/_trace.py:47 close.started
DEBUG 2026-07-23 02:43:49 re/_trace.py:47 close.complete
DEBUG 2026-07-23 02:43:49 re/_trace.py:47 close.started
DEBUG 2026-07-23 02:43:49 re/_trace.py:47 close.complete
DEBUG 2026-07-23 02:43:49 re/_trace.py:47 close.started
DEBUG 2026-07-23 02:43:49 re/_trace.py:47 close.complete
DEBUG 2026-07-23 02:43:49 re/_trace.py:47 close.started
DEBUG 2026-07-23 02:43:49 re/_trace.py:47 close.complete
DEBUG 2026-07-23 02:43:49 re/_trace.py:47 close.started
DEBUG 2026-07-23 02:43:49 re/_trace.py:47 close.complete
DEBUG 2026-07-23 02:43:49 re/_trace.py:47 close.started
DEBUG 2026-07-23 02:43:49 re/_trace.py:47 close.complete
DEBUG 2026-07-23 02:43:49 re/_trace.py:47 close.started
DEBUG 2026-07-23 02:43:49 re/_trace.py:47 close.complete
DEBUG 2026-07-23 02:52:34 re/_trace.py:47 close.started
DEBUG 2026-07-23 02:52:34 re/_trace.py:47 close.complete
DEBUG 2026-07-23 02:52:34 re/_trace.py:47 close.started
DEBUG 2026-07-23 02:52:34 re/_trace.py:47 close.complete
DEBUG 2026-07-23 02:52:34 re/_trace.py:47 close.started
DEBUG 2026-07-23 02:52:34 re/_trace.py:47 close.complete
DEBUG 2026-07-23 02:52:34 re/_trace.py:47 close.started
DEBUG 2026-07-23 02:52:34 re/_trace.py:47 close.complete
DEBUG 2026-07-23 02:52:35 re/_trace.py:47 close.started
DEBUG 2026-07-23 02:52:35 re/_trace.py:47 close.complete
DEBUG 2026-07-23 02:52:35 re/_trace.py:47 close.started
DEBUG 2026-07-23 02:52:35 re/_trace.py:47 close.complete
DEBUG 2026-07-23 02:52:35 re/_trace.py:47 close.started
DEBUG 2026-07-23 02:52:35 re/_trace.py:47 close.complete
DEBUG 2026-07-23 02:52:35 re/_trace.py:47 close.started
DEBUG 2026-07-23 02:52:35 re/_trace.py:47 close.complete
DEBUG 2026-07-23 02:52:35 re/_trace.py:47 close.started
DEBUG 2026-07-23 02:52:35 re/_trace.py:47 close.complete
DEBUG 2026-07-23 02:52:35 re/_trace.py:47 close.started
DEBUG 2026-07-23 02:52:35 re/_trace.py:47 close.complete
INFO 2026-07-23 02:55:35 ot_train.py:459 step:7K smpl:4M ep:2K epch:49.49 loss:0.007 grdn:0.335 lr:9.2e-05 updt_s:3.519 data_s:0.422
DEBUG 2026-07-23 03:01:19 re/_trace.py:47 close.started
DEBUG 2026-07-23 03:01:19 re/_trace.py:47 close.complete
DEBUG 2026-07-23 03:01:19 re/_trace.py:47 close.started
DEBUG 2026-07-23 03:01:19 re/_trace.py:47 close.complete
DEBUG 2026-07-23 03:01:19 re/_trace.py:47 close.started
DEBUG 2026-07-23 03:01:19 re/_trace.py:47 close.complete
DEBUG 2026-07-23 03:01:19 re/_trace.py:47 close.started
DEBUG 2026-07-23 03:01:19 re/_trace.py:47 close.complete
DEBUG 2026-07-23 03:01:19 re/_trace.py:47 close.started
DEBUG 2026-07-23 03:01:19 re/_trace.py:47 close.complete
DEBUG 2026-07-23 03:01:20 re/_trace.py:47 close.started
DEBUG 2026-07-23 03:01:20 re/_trace.py:47 close.complete
DEBUG 2026-07-23 03:01:20 re/_trace.py:47 close.started
DEBUG 2026-07-23 03:01:20 re/_trace.py:47 close.complete
DEBUG 2026-07-23 03:01:20 re/_trace.py:47 close.started
DEBUG 2026-07-23 03:01:20 re/_trace.py:47 close.complete
DEBUG 2026-07-23 03:01:20 re/_trace.py:47 close.started
DEBUG 2026-07-23 03:01:20 re/_trace.py:47 close.complete
DEBUG 2026-07-23 03:01:20 re/_trace.py:47 close.started
DEBUG 2026-07-23 03:01:20 re/_trace.py:47 close.complete
INFO 2026-07-23 03:07:54 ot_train.py:459 step:7K smpl:4M ep:3K epch:50.95 loss:0.006 grdn:0.314 lr:9.1e-05 updt_s:3.470 data_s:0.225
DEBUG 2026-07-23 03:10:04 re/_trace.py:47 close.started
DEBUG 2026-07-23 03:10:04 re/_trace.py:47 close.complete
DEBUG 2026-07-23 03:10:05 re/_trace.py:47 close.started
DEBUG 2026-07-23 03:10:05 re/_trace.py:47 close.complete
DEBUG 2026-07-23 03:10:05 re/_trace.py:47 close.started
DEBUG 2026-07-23 03:10:05 re/_trace.py:47 close.complete
DEBUG 2026-07-23 03:10:05 re/_trace.py:47 close.started
DEBUG 2026-07-23 03:10:05 re/_trace.py:47 close.complete
DEBUG 2026-07-23 03:10:05 re/_trace.py:47 close.started
DEBUG 2026-07-23 03:10:05 re/_trace.py:47 close.complete
DEBUG 2026-07-23 03:10:05 re/_trace.py:47 close.started
DEBUG 2026-07-23 03:10:05 re/_trace.py:47 close.complete
DEBUG 2026-07-23 03:10:05 re/_trace.py:47 close.started
DEBUG 2026-07-23 03:10:05 re/_trace.py:47 close.complete
DEBUG 2026-07-23 03:10:05 re/_trace.py:47 close.started
DEBUG 2026-07-23 03:10:05 re/_trace.py:47 close.complete
DEBUG 2026-07-23 03:10:05 re/_trace.py:47 close.started
DEBUG 2026-07-23 03:10:05 re/_trace.py:47 close.complete
DEBUG 2026-07-23 03:10:05 re/_trace.py:47 close.started
DEBUG 2026-07-23 03:10:05 re/_trace.py:47 close.complete
DEBUG 2026-07-23 03:18:47 re/_trace.py:47 close.started
DEBUG 2026-07-23 03:18:47 re/_trace.py:47 close.complete
DEBUG 2026-07-23 03:18:48 re/_trace.py:47 close.started
DEBUG 2026-07-23 03:18:48 re/_trace.py:47 close.complete
DEBUG 2026-07-23 03:18:48 re/_trace.py:47 close.started
DEBUG 2026-07-23 03:18:48 re/_trace.py:47 close.complete
DEBUG 2026-07-23 03:18:48 re/_trace.py:47 close.started
DEBUG 2026-07-23 03:18:48 re/_trace.py:47 close.complete
DEBUG 2026-07-23 03:18:48 re/_trace.py:47 close.started
DEBUG 2026-07-23 03:18:48 re/_trace.py:47 close.complete
DEBUG 2026-07-23 03:18:48 re/_trace.py:47 close.started
DEBUG 2026-07-23 03:18:48 re/_trace.py:47 close.complete
DEBUG 2026-07-23 03:18:48 re/_trace.py:47 close.started
DEBUG 2026-07-23 03:18:48 re/_trace.py:47 close.complete
DEBUG 2026-07-23 03:18:48 re/_trace.py:47 close.started
DEBUG 2026-07-23 03:18:48 re/_trace.py:47 close.complete
DEBUG 2026-07-23 03:18:48 re/_trace.py:47 close.started
DEBUG 2026-07-23 03:18:48 re/_trace.py:47 close.complete
DEBUG 2026-07-23 03:18:48 re/_trace.py:47 close.started
DEBUG 2026-07-23 03:18:48 re/_trace.py:47 close.complete
INFO 2026-07-23 03:20:56 ot_train.py:459 step:7K smpl:4M ep:3K epch:52.41 loss:0.006 grdn:0.305 lr:9.1e-05 updt_s:3.502 data_s:0.403
DEBUG 2026-07-23 03:27:34 re/_trace.py:47 close.started
DEBUG 2026-07-23 03:27:34 re/_trace.py:47 close.complete
DEBUG 2026-07-23 03:27:34 re/_trace.py:47 close.started
DEBUG 2026-07-23 03:27:34 re/_trace.py:47 close.complete
DEBUG 2026-07-23 03:27:34 re/_trace.py:47 close.started
DEBUG 2026-07-23 03:27:34 re/_trace.py:47 close.complete
DEBUG 2026-07-23 03:27:34 re/_trace.py:47 close.started
DEBUG 2026-07-23 03:27:34 re/_trace.py:47 close.complete
DEBUG 2026-07-23 03:27:34 re/_trace.py:47 close.started
DEBUG 2026-07-23 03:27:34 re/_trace.py:47 close.complete
DEBUG 2026-07-23 03:27:34 re/_trace.py:47 close.started
DEBUG 2026-07-23 03:27:34 re/_trace.py:47 close.complete
DEBUG 2026-07-23 03:27:34 re/_trace.py:47 close.started
DEBUG 2026-07-23 03:27:34 re/_trace.py:47 close.complete
DEBUG 2026-07-23 03:27:34 re/_trace.py:47 close.started
DEBUG 2026-07-23 03:27:34 re/_trace.py:47 close.complete
DEBUG 2026-07-23 03:27:34 re/_trace.py:47 close.started
DEBUG 2026-07-23 03:27:34 re/_trace.py:47 close.complete
DEBUG 2026-07-23 03:27:35 re/_trace.py:47 close.started
DEBUG 2026-07-23 03:27:35 re/_trace.py:47 close.complete
INFO 2026-07-23 03:33:23 ot_train.py:459 step:7K smpl:4M ep:3K epch:53.86 loss:0.006 grdn:0.317 lr:9.0e-05 updt_s:3.487 data_s:0.247
DEBUG 2026-07-23 03:36:22 re/_trace.py:47 close.started
DEBUG 2026-07-23 03:36:22 re/_trace.py:47 close.complete
DEBUG 2026-07-23 03:36:22 re/_trace.py:47 close.started
DEBUG 2026-07-23 03:36:22 re/_trace.py:47 close.complete
DEBUG 2026-07-23 03:36:22 re/_trace.py:47 close.started
DEBUG 2026-07-23 03:36:22 re/_trace.py:47 close.complete
DEBUG 2026-07-23 03:36:22 re/_trace.py:47 close.started
DEBUG 2026-07-23 03:36:22 re/_trace.py:47 close.complete
DEBUG 2026-07-23 03:36:23 re/_trace.py:47 close.started
DEBUG 2026-07-23 03:36:23 re/_trace.py:47 close.complete
DEBUG 2026-07-23 03:36:23 re/_trace.py:47 close.started
DEBUG 2026-07-23 03:36:23 re/_trace.py:47 close.complete
DEBUG 2026-07-23 03:36:23 re/_trace.py:47 close.started
DEBUG 2026-07-23 03:36:23 re/_trace.py:47 close.complete
DEBUG 2026-07-23 03:36:23 re/_trace.py:47 close.started
DEBUG 2026-07-23 03:36:23 re/_trace.py:47 close.complete
DEBUG 2026-07-23 03:36:23 re/_trace.py:47 close.started
DEBUG 2026-07-23 03:36:23 re/_trace.py:47 close.complete
DEBUG 2026-07-23 03:36:23 re/_trace.py:47 close.started
DEBUG 2026-07-23 03:36:23 re/_trace.py:47 close.complete
DEBUG 2026-07-23 03:45:09 re/_trace.py:47 close.started
DEBUG 2026-07-23 03:45:09 re/_trace.py:47 close.complete
DEBUG 2026-07-23 03:45:09 re/_trace.py:47 close.started
DEBUG 2026-07-23 03:45:09 re/_trace.py:47 close.complete
DEBUG 2026-07-23 03:45:09 re/_trace.py:47 close.started
DEBUG 2026-07-23 03:45:09 re/_trace.py:47 close.complete
DEBUG 2026-07-23 03:45:09 re/_trace.py:47 close.started
DEBUG 2026-07-23 03:45:09 re/_trace.py:47 close.complete
DEBUG 2026-07-23 03:45:09 re/_trace.py:47 close.started
DEBUG 2026-07-23 03:45:09 re/_trace.py:47 close.complete
DEBUG 2026-07-23 03:45:09 re/_trace.py:47 close.started
DEBUG 2026-07-23 03:45:09 re/_trace.py:47 close.complete
DEBUG 2026-07-23 03:45:09 re/_trace.py:47 close.started
DEBUG 2026-07-23 03:45:09 re/_trace.py:47 close.complete
DEBUG 2026-07-23 03:45:09 re/_trace.py:47 close.started
DEBUG 2026-07-23 03:45:09 re/_trace.py:47 close.complete
DEBUG 2026-07-23 03:45:10 re/_trace.py:47 close.started
DEBUG 2026-07-23 03:45:10 re/_trace.py:47 close.complete
DEBUG 2026-07-23 03:45:10 re/_trace.py:47 close.started
DEBUG 2026-07-23 03:45:10 re/_trace.py:47 close.complete
INFO 2026-07-23 03:46:26 ot_train.py:459 step:8K smpl:4M ep:3K epch:55.32 loss:0.006 grdn:0.313 lr:8.9e-05 updt_s:3.474 data_s:0.435
DEBUG 2026-07-23 03:53:52 re/_trace.py:47 close.started
DEBUG 2026-07-23 03:53:52 re/_trace.py:47 close.complete
DEBUG 2026-07-23 03:53:52 re/_trace.py:47 close.started
DEBUG 2026-07-23 03:53:52 re/_trace.py:47 close.complete
DEBUG 2026-07-23 03:53:52 re/_trace.py:47 close.started
DEBUG 2026-07-23 03:53:52 re/_trace.py:47 close.complete
DEBUG 2026-07-23 03:53:52 re/_trace.py:47 close.started
DEBUG 2026-07-23 03:53:52 re/_trace.py:47 close.complete
DEBUG 2026-07-23 03:53:52 re/_trace.py:47 close.started
DEBUG 2026-07-23 03:53:52 re/_trace.py:47 close.complete
DEBUG 2026-07-23 03:53:52 re/_trace.py:47 close.started
DEBUG 2026-07-23 03:53:52 re/_trace.py:47 close.complete
DEBUG 2026-07-23 03:53:52 re/_trace.py:47 close.started
DEBUG 2026-07-23 03:53:52 re/_trace.py:47 close.complete
DEBUG 2026-07-23 03:53:53 re/_trace.py:47 close.started
DEBUG 2026-07-23 03:53:53 re/_trace.py:47 close.complete
DEBUG 2026-07-23 03:53:53 re/_trace.py:47 close.started
DEBUG 2026-07-23 03:53:53 re/_trace.py:47 close.complete
DEBUG 2026-07-23 03:53:53 re/_trace.py:47 close.started
DEBUG 2026-07-23 03:53:53 re/_trace.py:47 close.complete
INFO 2026-07-23 03:58:49 ot_train.py:459 step:8K smpl:4M ep:3K epch:56.77 loss:0.006 grdn:0.318 lr:8.8e-05 updt_s:3.490 data_s:0.220
DEBUG 2026-07-23 04:02:36 re/_trace.py:47 close.started
DEBUG 2026-07-23 04:02:36 re/_trace.py:47 close.complete
DEBUG 2026-07-23 04:02:37 re/_trace.py:47 close.started
DEBUG 2026-07-23 04:02:37 re/_trace.py:47 close.complete
DEBUG 2026-07-23 04:02:37 re/_trace.py:47 close.started
DEBUG 2026-07-23 04:02:37 re/_trace.py:47 close.complete
DEBUG 2026-07-23 04:02:37 re/_trace.py:47 close.started
DEBUG 2026-07-23 04:02:37 re/_trace.py:47 close.complete
DEBUG 2026-07-23 04:02:37 re/_trace.py:47 close.started
DEBUG 2026-07-23 04:02:37 re/_trace.py:47 close.complete
DEBUG 2026-07-23 04:02:37 re/_trace.py:47 close.started
DEBUG 2026-07-23 04:02:37 re/_trace.py:47 close.complete
DEBUG 2026-07-23 04:02:37 re/_trace.py:47 close.started
DEBUG 2026-07-23 04:02:37 re/_trace.py:47 close.complete
DEBUG 2026-07-23 04:02:37 re/_trace.py:47 close.started
DEBUG 2026-07-23 04:02:37 re/_trace.py:47 close.complete
DEBUG 2026-07-23 04:02:37 re/_trace.py:47 close.started
DEBUG 2026-07-23 04:02:37 re/_trace.py:47 close.complete
DEBUG 2026-07-23 04:02:37 re/_trace.py:47 close.started
DEBUG 2026-07-23 04:02:37 re/_trace.py:47 close.complete
INFO 2026-07-23 04:11:07 ot_train.py:459 step:8K smpl:4M ep:3K epch:58.23 loss:0.006 grdn:0.292 lr:8.8e-05 updt_s:3.457 data_s:0.230
DEBUG 2026-07-23 04:11:21 re/_trace.py:47 close.started
DEBUG 2026-07-23 04:11:21 re/_trace.py:47 close.complete
DEBUG 2026-07-23 04:11:21 re/_trace.py:47 close.started
DEBUG 2026-07-23 04:11:21 re/_trace.py:47 close.complete
DEBUG 2026-07-23 04:11:22 re/_trace.py:47 close.started
DEBUG 2026-07-23 04:11:22 re/_trace.py:47 close.complete
DEBUG 2026-07-23 04:11:22 re/_trace.py:47 close.started
DEBUG 2026-07-23 04:11:22 re/_trace.py:47 close.complete
DEBUG 2026-07-23 04:11:22 re/_trace.py:47 close.started
DEBUG 2026-07-23 04:11:22 re/_trace.py:47 close.complete
DEBUG 2026-07-23 04:11:22 re/_trace.py:47 close.started
DEBUG 2026-07-23 04:11:22 re/_trace.py:47 close.complete
DEBUG 2026-07-23 04:11:22 re/_trace.py:47 close.started
DEBUG 2026-07-23 04:11:22 re/_trace.py:47 close.complete
DEBUG 2026-07-23 04:11:22 re/_trace.py:47 close.started
DEBUG 2026-07-23 04:11:22 re/_trace.py:47 close.complete
DEBUG 2026-07-23 04:11:22 re/_trace.py:47 close.started
DEBUG 2026-07-23 04:11:22 re/_trace.py:47 close.complete
DEBUG 2026-07-23 04:11:22 re/_trace.py:47 close.started
DEBUG 2026-07-23 04:11:22 re/_trace.py:47 close.complete
DEBUG 2026-07-23 04:20:06 re/_trace.py:47 close.started
DEBUG 2026-07-23 04:20:06 re/_trace.py:47 close.complete
DEBUG 2026-07-23 04:20:06 re/_trace.py:47 close.started
DEBUG 2026-07-23 04:20:06 re/_trace.py:47 close.complete
DEBUG 2026-07-23 04:20:06 re/_trace.py:47 close.started
DEBUG 2026-07-23 04:20:06 re/_trace.py:47 close.complete
DEBUG 2026-07-23 04:20:06 re/_trace.py:47 close.started
DEBUG 2026-07-23 04:20:06 re/_trace.py:47 close.complete
DEBUG 2026-07-23 04:20:06 re/_trace.py:47 close.started
DEBUG 2026-07-23 04:20:06 re/_trace.py:47 close.complete
DEBUG 2026-07-23 04:20:07 re/_trace.py:47 close.started
DEBUG 2026-07-23 04:20:07 re/_trace.py:47 close.complete
DEBUG 2026-07-23 04:20:07 re/_trace.py:47 close.started
DEBUG 2026-07-23 04:20:07 re/_trace.py:47 close.complete
DEBUG 2026-07-23 04:20:07 re/_trace.py:47 close.started
DEBUG 2026-07-23 04:20:07 re/_trace.py:47 close.complete
DEBUG 2026-07-23 04:20:07 re/_trace.py:47 close.started
DEBUG 2026-07-23 04:20:07 re/_trace.py:47 close.complete
DEBUG 2026-07-23 04:20:07 re/_trace.py:47 close.started
DEBUG 2026-07-23 04:20:07 re/_trace.py:47 close.complete
INFO 2026-07-23 04:24:16 ot_train.py:459 step:8K smpl:4M ep:3K epch:59.68 loss:0.006 grdn:0.333 lr:8.7e-05 updt_s:3.531 data_s:0.414
DEBUG 2026-07-23 04:28:51 re/_trace.py:47 close.started
DEBUG 2026-07-23 04:28:51 re/_trace.py:47 close.complete
DEBUG 2026-07-23 04:28:51 re/_trace.py:47 close.started
DEBUG 2026-07-23 04:28:51 re/_trace.py:47 close.complete
DEBUG 2026-07-23 04:28:51 re/_trace.py:47 close.started
DEBUG 2026-07-23 04:28:51 re/_trace.py:47 close.complete
DEBUG 2026-07-23 04:28:51 re/_trace.py:47 close.started
DEBUG 2026-07-23 04:28:51 re/_trace.py:47 close.complete
DEBUG 2026-07-23 04:28:51 re/_trace.py:47 close.started
DEBUG 2026-07-23 04:28:51 re/_trace.py:47 close.complete
DEBUG 2026-07-23 04:28:51 re/_trace.py:47 close.started
DEBUG 2026-07-23 04:28:51 re/_trace.py:47 close.complete
DEBUG 2026-07-23 04:28:51 re/_trace.py:47 close.started
DEBUG 2026-07-23 04:28:51 re/_trace.py:47 close.complete
DEBUG 2026-07-23 04:28:51 re/_trace.py:47 close.started
DEBUG 2026-07-23 04:28:51 re/_trace.py:47 close.complete
DEBUG 2026-07-23 04:28:52 re/_trace.py:47 close.started
DEBUG 2026-07-23 04:28:52 re/_trace.py:47 close.complete
DEBUG 2026-07-23 04:28:52 re/_trace.py:47 close.started
DEBUG 2026-07-23 04:28:52 re/_trace.py:47 close.complete
INFO 2026-07-23 04:36:32 ot_train.py:459 step:8K smpl:4M ep:3K epch:61.14 loss:0.006 grdn:0.313 lr:8.6e-05 updt_s:3.443 data_s:0.229
DEBUG 2026-07-23 04:37:34 re/_trace.py:47 close.started
DEBUG 2026-07-23 04:37:34 re/_trace.py:47 close.complete
DEBUG 2026-07-23 04:37:34 re/_trace.py:47 close.started
DEBUG 2026-07-23 04:37:34 re/_trace.py:47 close.complete
DEBUG 2026-07-23 04:37:34 re/_trace.py:47 close.started
DEBUG 2026-07-23 04:37:34 re/_trace.py:47 close.complete
DEBUG 2026-07-23 04:37:34 re/_trace.py:47 close.started
DEBUG 2026-07-23 04:37:34 re/_trace.py:47 close.complete
DEBUG 2026-07-23 04:37:34 re/_trace.py:47 close.started
DEBUG 2026-07-23 04:37:34 re/_trace.py:47 close.complete
DEBUG 2026-07-23 04:37:34 re/_trace.py:47 close.started
DEBUG 2026-07-23 04:37:34 re/_trace.py:47 close.complete
DEBUG 2026-07-23 04:37:35 re/_trace.py:47 close.started
DEBUG 2026-07-23 04:37:35 re/_trace.py:47 close.complete
DEBUG 2026-07-23 04:37:35 re/_trace.py:47 close.started
DEBUG 2026-07-23 04:37:35 re/_trace.py:47 close.complete
DEBUG 2026-07-23 04:37:35 re/_trace.py:47 close.started
DEBUG 2026-07-23 04:37:35 re/_trace.py:47 close.complete
DEBUG 2026-07-23 04:37:35 re/_trace.py:47 close.started
DEBUG 2026-07-23 04:37:35 re/_trace.py:47 close.complete
DEBUG 2026-07-23 04:46:20 re/_trace.py:47 close.started
DEBUG 2026-07-23 04:46:20 re/_trace.py:47 close.complete
DEBUG 2026-07-23 04:46:20 re/_trace.py:47 close.started
DEBUG 2026-07-23 04:46:20 re/_trace.py:47 close.complete
DEBUG 2026-07-23 04:46:20 re/_trace.py:47 close.started
DEBUG 2026-07-23 04:46:20 re/_trace.py:47 close.complete
DEBUG 2026-07-23 04:46:20 re/_trace.py:47 close.started
DEBUG 2026-07-23 04:46:20 re/_trace.py:47 close.complete
DEBUG 2026-07-23 04:46:20 re/_trace.py:47 close.started
DEBUG 2026-07-23 04:46:20 re/_trace.py:47 close.complete
DEBUG 2026-07-23 04:46:20 re/_trace.py:47 close.started
DEBUG 2026-07-23 04:46:20 re/_trace.py:47 close.complete
DEBUG 2026-07-23 04:46:20 re/_trace.py:47 close.started
DEBUG 2026-07-23 04:46:20 re/_trace.py:47 close.complete
DEBUG 2026-07-23 04:46:21 re/_trace.py:47 close.started
DEBUG 2026-07-23 04:46:21 re/_trace.py:47 close.complete
DEBUG 2026-07-23 04:46:21 re/_trace.py:47 close.started
DEBUG 2026-07-23 04:46:21 re/_trace.py:47 close.complete
DEBUG 2026-07-23 04:46:21 re/_trace.py:47 close.started
DEBUG 2026-07-23 04:46:21 re/_trace.py:47 close.complete
INFO 2026-07-23 04:49:41 ot_train.py:459 step:9K smpl:5M ep:3K epch:62.60 loss:0.005 grdn:0.301 lr:8.5e-05 updt_s:3.503 data_s:0.439
DEBUG 2026-07-23 04:55:04 re/_trace.py:47 close.started
DEBUG 2026-07-23 04:55:04 re/_trace.py:47 close.complete
DEBUG 2026-07-23 04:55:04 re/_trace.py:47 close.started
DEBUG 2026-07-23 04:55:04 re/_trace.py:47 close.complete
DEBUG 2026-07-23 04:55:04 re/_trace.py:47 close.started
DEBUG 2026-07-23 04:55:04 re/_trace.py:47 close.complete
DEBUG 2026-07-23 04:55:04 re/_trace.py:47 close.started
DEBUG 2026-07-23 04:55:04 re/_trace.py:47 close.complete
DEBUG 2026-07-23 04:55:04 re/_trace.py:47 close.started
DEBUG 2026-07-23 04:55:04 re/_trace.py:47 close.complete
DEBUG 2026-07-23 04:55:04 re/_trace.py:47 close.started
DEBUG 2026-07-23 04:55:04 re/_trace.py:47 close.complete
DEBUG 2026-07-23 04:55:05 re/_trace.py:47 close.started
DEBUG 2026-07-23 04:55:05 re/_trace.py:47 close.complete
DEBUG 2026-07-23 04:55:05 re/_trace.py:47 close.started
DEBUG 2026-07-23 04:55:05 re/_trace.py:47 close.complete
DEBUG 2026-07-23 04:55:05 re/_trace.py:47 close.started
DEBUG 2026-07-23 04:55:05 re/_trace.py:47 close.complete
DEBUG 2026-07-23 04:55:05 re/_trace.py:47 close.started
DEBUG 2026-07-23 04:55:05 re/_trace.py:47 close.complete
INFO 2026-07-23 05:01:57 ot_train.py:459 step:9K smpl:5M ep:3K epch:64.05 loss:0.005 grdn:0.307 lr:8.4e-05 updt_s:3.437 data_s:0.242
DEBUG 2026-07-23 05:03:47 re/_trace.py:47 close.started
DEBUG 2026-07-23 05:03:47 re/_trace.py:47 close.complete
DEBUG 2026-07-23 05:03:47 re/_trace.py:47 close.started
DEBUG 2026-07-23 05:03:47 re/_trace.py:47 close.complete
DEBUG 2026-07-23 05:03:47 re/_trace.py:47 close.started
DEBUG 2026-07-23 05:03:47 re/_trace.py:47 close.complete
DEBUG 2026-07-23 05:03:47 re/_trace.py:47 close.started
DEBUG 2026-07-23 05:03:47 re/_trace.py:47 close.complete
DEBUG 2026-07-23 05:03:47 re/_trace.py:47 close.started
DEBUG 2026-07-23 05:03:47 re/_trace.py:47 close.complete
DEBUG 2026-07-23 05:03:47 re/_trace.py:47 close.started
DEBUG 2026-07-23 05:03:47 re/_trace.py:47 close.complete
DEBUG 2026-07-23 05:03:47 re/_trace.py:47 close.started
DEBUG 2026-07-23 05:03:47 re/_trace.py:47 close.complete
DEBUG 2026-07-23 05:03:48 re/_trace.py:47 close.started
DEBUG 2026-07-23 05:03:48 re/_trace.py:47 close.complete
DEBUG 2026-07-23 05:03:48 re/_trace.py:47 close.started
DEBUG 2026-07-23 05:03:48 re/_trace.py:47 close.complete
DEBUG 2026-07-23 05:03:48 re/_trace.py:47 close.started
DEBUG 2026-07-23 05:03:48 re/_trace.py:47 close.complete
DEBUG 2026-07-23 05:12:31 re/_trace.py:47 close.started
DEBUG 2026-07-23 05:12:31 re/_trace.py:47 close.complete
DEBUG 2026-07-23 05:12:31 re/_trace.py:47 close.started
DEBUG 2026-07-23 05:12:31 re/_trace.py:47 close.complete
DEBUG 2026-07-23 05:12:32 re/_trace.py:47 close.started
DEBUG 2026-07-23 05:12:32 re/_trace.py:47 close.complete
DEBUG 2026-07-23 05:12:32 re/_trace.py:47 close.started
DEBUG 2026-07-23 05:12:32 re/_trace.py:47 close.complete
DEBUG 2026-07-23 05:12:32 re/_trace.py:47 close.started
DEBUG 2026-07-23 05:12:32 re/_trace.py:47 close.complete
DEBUG 2026-07-23 05:12:32 re/_trace.py:47 close.started
DEBUG 2026-07-23 05:12:32 re/_trace.py:47 close.complete
DEBUG 2026-07-23 05:12:32 re/_trace.py:47 close.started
DEBUG 2026-07-23 05:12:32 re/_trace.py:47 close.complete
DEBUG 2026-07-23 05:12:32 re/_trace.py:47 close.started
DEBUG 2026-07-23 05:12:32 re/_trace.py:47 close.complete
DEBUG 2026-07-23 05:12:32 re/_trace.py:47 close.started
DEBUG 2026-07-23 05:12:32 re/_trace.py:47 close.complete
DEBUG 2026-07-23 05:12:32 re/_trace.py:47 close.started
DEBUG 2026-07-23 05:12:32 re/_trace.py:47 close.complete
INFO 2026-07-23 05:15:07 ot_train.py:459 step:9K smpl:5M ep:3K epch:65.51 loss:0.005 grdn:0.284 lr:8.4e-05 updt_s:3.504 data_s:0.444
INFO 2026-07-23 05:15:07 ot_train.py:479 Checkpoint policy after step 9000
DEBUG 2026-07-23 05:21:38 re/_trace.py:47 close.started
DEBUG 2026-07-23 05:21:38 re/_trace.py:47 close.complete
DEBUG 2026-07-23 05:21:38 re/_trace.py:47 close.started
DEBUG 2026-07-23 05:21:38 re/_trace.py:47 close.complete
DEBUG 2026-07-23 05:21:38 re/_trace.py:47 close.started
DEBUG 2026-07-23 05:21:38 re/_trace.py:47 close.complete
DEBUG 2026-07-23 05:21:39 re/_trace.py:47 close.started
DEBUG 2026-07-23 05:21:39 re/_trace.py:47 close.complete
DEBUG 2026-07-23 05:21:39 re/_trace.py:47 close.started
DEBUG 2026-07-23 05:21:39 re/_trace.py:47 close.complete
DEBUG 2026-07-23 05:21:39 re/_trace.py:47 close.started
DEBUG 2026-07-23 05:21:39 re/_trace.py:47 close.complete
DEBUG 2026-07-23 05:21:39 re/_trace.py:47 close.started
DEBUG 2026-07-23 05:21:39 re/_trace.py:47 close.complete
DEBUG 2026-07-23 05:21:39 re/_trace.py:47 close.started
DEBUG 2026-07-23 05:21:39 re/_trace.py:47 close.complete
DEBUG 2026-07-23 05:21:39 re/_trace.py:47 close.started
DEBUG 2026-07-23 05:21:39 re/_trace.py:47 close.complete
DEBUG 2026-07-23 05:21:39 re/_trace.py:47 close.started
DEBUG 2026-07-23 05:21:39 re/_trace.py:47 close.complete
INFO 2026-07-23 05:27:45 ot_train.py:459 step:9K smpl:5M ep:3K epch:66.96 loss:0.005 grdn:0.291 lr:8.3e-05 updt_s:3.461 data_s:0.224
DEBUG 2026-07-23 05:30:24 re/_trace.py:47 close.started
DEBUG 2026-07-23 05:30:24 re/_trace.py:47 close.complete
DEBUG 2026-07-23 05:30:24 re/_trace.py:47 close.started
DEBUG 2026-07-23 05:30:24 re/_trace.py:47 close.complete
DEBUG 2026-07-23 05:30:24 re/_trace.py:47 close.started
DEBUG 2026-07-23 05:30:24 re/_trace.py:47 close.complete
DEBUG 2026-07-23 05:30:24 re/_trace.py:47 close.started
DEBUG 2026-07-23 05:30:24 re/_trace.py:47 close.complete
DEBUG 2026-07-23 05:30:24 re/_trace.py:47 close.started
DEBUG 2026-07-23 05:30:24 re/_trace.py:47 close.complete
DEBUG 2026-07-23 05:30:24 re/_trace.py:47 close.started
DEBUG 2026-07-23 05:30:24 re/_trace.py:47 close.complete
DEBUG 2026-07-23 05:30:24 re/_trace.py:47 close.started
DEBUG 2026-07-23 05:30:24 re/_trace.py:47 close.complete
DEBUG 2026-07-23 05:30:24 re/_trace.py:47 close.started
DEBUG 2026-07-23 05:30:24 re/_trace.py:47 close.complete
DEBUG 2026-07-23 05:30:25 re/_trace.py:47 close.started
DEBUG 2026-07-23 05:30:25 re/_trace.py:47 close.complete
DEBUG 2026-07-23 05:30:25 re/_trace.py:47 close.started
DEBUG 2026-07-23 05:30:25 re/_trace.py:47 close.complete
DEBUG 2026-07-23 05:39:10 re/_trace.py:47 close.started
DEBUG 2026-07-23 05:39:10 re/_trace.py:47 close.complete
DEBUG 2026-07-23 05:39:10 re/_trace.py:47 close.started
DEBUG 2026-07-23 05:39:10 re/_trace.py:47 close.complete
DEBUG 2026-07-23 05:39:10 re/_trace.py:47 close.started
DEBUG 2026-07-23 05:39:10 re/_trace.py:47 close.complete
DEBUG 2026-07-23 05:39:11 re/_trace.py:47 close.started
DEBUG 2026-07-23 05:39:11 re/_trace.py:47 close.complete
DEBUG 2026-07-23 05:39:11 re/_trace.py:47 close.started
DEBUG 2026-07-23 05:39:11 re/_trace.py:47 close.complete
DEBUG 2026-07-23 05:39:11 re/_trace.py:47 close.started
DEBUG 2026-07-23 05:39:11 re/_trace.py:47 close.complete
DEBUG 2026-07-23 05:39:11 re/_trace.py:47 close.started
DEBUG 2026-07-23 05:39:11 re/_trace.py:47 close.complete
DEBUG 2026-07-23 05:39:11 re/_trace.py:47 close.started
DEBUG 2026-07-23 05:39:11 re/_trace.py:47 close.complete
DEBUG 2026-07-23 05:39:11 re/_trace.py:47 close.started
DEBUG 2026-07-23 05:39:11 re/_trace.py:47 close.complete
DEBUG 2026-07-23 05:39:11 re/_trace.py:47 close.started
DEBUG 2026-07-23 05:39:11 re/_trace.py:47 close.complete
INFO 2026-07-23 05:40:50 ot_train.py:459 step:9K smpl:5M ep:3K epch:68.42 loss:0.005 grdn:0.295 lr:8.2e-05 updt_s:3.496 data_s:0.426
DEBUG 2026-07-23 05:47:56 re/_trace.py:47 close.started
DEBUG 2026-07-23 05:47:56 re/_trace.py:47 close.complete
DEBUG 2026-07-23 05:47:56 re/_trace.py:47 close.started
DEBUG 2026-07-23 05:47:56 re/_trace.py:47 close.complete
DEBUG 2026-07-23 05:47:56 re/_trace.py:47 close.started
DEBUG 2026-07-23 05:47:56 re/_trace.py:47 close.complete
DEBUG 2026-07-23 05:47:56 re/_trace.py:47 close.started
DEBUG 2026-07-23 05:47:56 re/_trace.py:47 close.complete
DEBUG 2026-07-23 05:47:56 re/_trace.py:47 close.started
DEBUG 2026-07-23 05:47:56 re/_trace.py:47 close.complete
DEBUG 2026-07-23 05:47:56 re/_trace.py:47 close.started
DEBUG 2026-07-23 05:47:56 re/_trace.py:47 close.complete
DEBUG 2026-07-23 05:47:56 re/_trace.py:47 close.started
DEBUG 2026-07-23 05:47:56 re/_trace.py:47 close.complete
DEBUG 2026-07-23 05:47:57 re/_trace.py:47 close.started
DEBUG 2026-07-23 05:47:57 re/_trace.py:47 close.complete
DEBUG 2026-07-23 05:47:57 re/_trace.py:47 close.started
DEBUG 2026-07-23 05:47:57 re/_trace.py:47 close.complete
DEBUG 2026-07-23 05:47:57 re/_trace.py:47 close.started
DEBUG 2026-07-23 05:47:57 re/_trace.py:47 close.complete
INFO 2026-07-23 05:53:14 ot_train.py:459 step:10K smpl:5M ep:3K epch:69.87 loss:0.005 grdn:0.312 lr:8.1e-05 updt_s:3.495 data_s:0.222
DEBUG 2026-07-23 05:56:41 re/_trace.py:47 close.started
DEBUG 2026-07-23 05:56:41 re/_trace.py:47 close.complete
DEBUG 2026-07-23 05:56:41 re/_trace.py:47 close.started
DEBUG 2026-07-23 05:56:41 re/_trace.py:47 close.complete
DEBUG 2026-07-23 05:56:41 re/_trace.py:47 close.started
DEBUG 2026-07-23 05:56:41 re/_trace.py:47 close.complete
DEBUG 2026-07-23 05:56:41 re/_trace.py:47 close.started
DEBUG 2026-07-23 05:56:41 re/_trace.py:47 close.complete
DEBUG 2026-07-23 05:56:41 re/_trace.py:47 close.started
DEBUG 2026-07-23 05:56:41 re/_trace.py:47 close.complete
DEBUG 2026-07-23 05:56:41 re/_trace.py:47 close.started
DEBUG 2026-07-23 05:56:41 re/_trace.py:47 close.complete
DEBUG 2026-07-23 05:56:41 re/_trace.py:47 close.started
DEBUG 2026-07-23 05:56:41 re/_trace.py:47 close.complete
DEBUG 2026-07-23 05:56:41 re/_trace.py:47 close.started
DEBUG 2026-07-23 05:56:41 re/_trace.py:47 close.complete
DEBUG 2026-07-23 05:56:41 re/_trace.py:47 close.started
DEBUG 2026-07-23 05:56:41 re/_trace.py:47 close.complete
DEBUG 2026-07-23 05:56:41 re/_trace.py:47 close.started
DEBUG 2026-07-23 05:56:41 re/_trace.py:47 close.complete
DEBUG 2026-07-23 06:05:26 re/_trace.py:47 close.started
DEBUG 2026-07-23 06:05:26 re/_trace.py:47 close.complete
DEBUG 2026-07-23 06:05:26 re/_trace.py:47 close.started
DEBUG 2026-07-23 06:05:26 re/_trace.py:47 close.complete
DEBUG 2026-07-23 06:05:26 re/_trace.py:47 close.started
DEBUG 2026-07-23 06:05:26 re/_trace.py:47 close.complete
DEBUG 2026-07-23 06:05:26 re/_trace.py:47 close.started
DEBUG 2026-07-23 06:05:26 re/_trace.py:47 close.complete
DEBUG 2026-07-23 06:05:26 re/_trace.py:47 close.started
DEBUG 2026-07-23 06:05:26 re/_trace.py:47 close.complete
DEBUG 2026-07-23 06:05:26 re/_trace.py:47 close.started
DEBUG 2026-07-23 06:05:26 re/_trace.py:47 close.complete
DEBUG 2026-07-23 06:05:26 re/_trace.py:47 close.started
DEBUG 2026-07-23 06:05:26 re/_trace.py:47 close.complete
DEBUG 2026-07-23 06:05:26 re/_trace.py:47 close.started
DEBUG 2026-07-23 06:05:26 re/_trace.py:47 close.complete
DEBUG 2026-07-23 06:05:26 re/_trace.py:47 close.started
DEBUG 2026-07-23 06:05:26 re/_trace.py:47 close.complete
DEBUG 2026-07-23 06:05:27 re/_trace.py:47 close.started
DEBUG 2026-07-23 06:05:27 re/_trace.py:47 close.complete
INFO 2026-07-23 06:06:10 ot_train.py:459 step:10K smpl:5M ep:4K epch:71.33 loss:0.005 grdn:0.290 lr:8.0e-05 updt_s:3.459 data_s:0.414
DEBUG 2026-07-23 06:14:08 re/_trace.py:47 close.started
DEBUG 2026-07-23 06:14:08 re/_trace.py:47 close.complete
DEBUG 2026-07-23 06:14:08 re/_trace.py:47 close.started
DEBUG 2026-07-23 06:14:08 re/_trace.py:47 close.complete
DEBUG 2026-07-23 06:14:08 re/_trace.py:47 close.started
DEBUG 2026-07-23 06:14:08 re/_trace.py:47 close.complete
DEBUG 2026-07-23 06:14:08 re/_trace.py:47 close.started
DEBUG 2026-07-23 06:14:08 re/_trace.py:47 close.complete
DEBUG 2026-07-23 06:14:08 re/_trace.py:47 close.started
DEBUG 2026-07-23 06:14:08 re/_trace.py:47 close.complete
DEBUG 2026-07-23 06:14:08 re/_trace.py:47 close.started
DEBUG 2026-07-23 06:14:08 re/_trace.py:47 close.complete
DEBUG 2026-07-23 06:14:08 re/_trace.py:47 close.started
DEBUG 2026-07-23 06:14:08 re/_trace.py:47 close.complete
DEBUG 2026-07-23 06:14:08 re/_trace.py:47 close.started
DEBUG 2026-07-23 06:14:08 re/_trace.py:47 close.complete
DEBUG 2026-07-23 06:14:08 re/_trace.py:47 close.started
DEBUG 2026-07-23 06:14:08 re/_trace.py:47 close.complete
DEBUG 2026-07-23 06:14:09 re/_trace.py:47 close.started
DEBUG 2026-07-23 06:14:09 re/_trace.py:47 close.complete
INFO 2026-07-23 06:18:39 ot_train.py:459 step:10K smpl:5M ep:4K epch:72.79 loss:0.005 grdn:0.276 lr:7.9e-05 updt_s:3.523 data_s:0.222
DEBUG 2026-07-23 06:22:53 re/_trace.py:47 close.started
DEBUG 2026-07-23 06:22:53 re/_trace.py:47 close.complete
DEBUG 2026-07-23 06:22:53 re/_trace.py:47 close.started
DEBUG 2026-07-23 06:22:53 re/_trace.py:47 close.complete
DEBUG 2026-07-23 06:22:53 re/_trace.py:47 close.started
DEBUG 2026-07-23 06:22:53 re/_trace.py:47 close.complete
DEBUG 2026-07-23 06:22:53 re/_trace.py:47 close.started
DEBUG 2026-07-23 06:22:53 re/_trace.py:47 close.complete
DEBUG 2026-07-23 06:22:53 re/_trace.py:47 close.started
DEBUG 2026-07-23 06:22:53 re/_trace.py:47 close.complete
DEBUG 2026-07-23 06:22:54 re/_trace.py:47 close.started
DEBUG 2026-07-23 06:22:54 re/_trace.py:47 close.complete
DEBUG 2026-07-23 06:22:54 re/_trace.py:47 close.started
DEBUG 2026-07-23 06:22:54 re/_trace.py:47 close.complete
DEBUG 2026-07-23 06:22:54 re/_trace.py:47 close.started
DEBUG 2026-07-23 06:22:54 re/_trace.py:47 close.complete
DEBUG 2026-07-23 06:22:54 re/_trace.py:47 close.started
DEBUG 2026-07-23 06:22:54 re/_trace.py:47 close.complete
DEBUG 2026-07-23 06:22:54 re/_trace.py:47 close.started
DEBUG 2026-07-23 06:22:54 re/_trace.py:47 close.complete
INFO 2026-07-23 06:30:57 ot_train.py:459 step:10K smpl:5M ep:4K epch:74.24 loss:0.005 grdn:0.275 lr:7.8e-05 updt_s:3.460 data_s:0.226
DEBUG 2026-07-23 06:31:39 re/_trace.py:47 close.started
DEBUG 2026-07-23 06:31:39 re/_trace.py:47 close.complete
DEBUG 2026-07-23 06:31:39 re/_trace.py:47 close.started
DEBUG 2026-07-23 06:31:39 re/_trace.py:47 close.complete
DEBUG 2026-07-23 06:31:39 re/_trace.py:47 close.started
DEBUG 2026-07-23 06:31:39 re/_trace.py:47 close.complete
DEBUG 2026-07-23 06:31:40 re/_trace.py:47 close.started
DEBUG 2026-07-23 06:31:40 re/_trace.py:47 close.complete
DEBUG 2026-07-23 06:31:40 re/_trace.py:47 close.started
DEBUG 2026-07-23 06:31:40 re/_trace.py:47 close.complete
DEBUG 2026-07-23 06:31:40 re/_trace.py:47 close.started
DEBUG 2026-07-23 06:31:40 re/_trace.py:47 close.complete
DEBUG 2026-07-23 06:31:40 re/_trace.py:47 close.started
DEBUG 2026-07-23 06:31:40 re/_trace.py:47 close.complete
DEBUG 2026-07-23 06:31:40 re/_trace.py:47 close.started
DEBUG 2026-07-23 06:31:40 re/_trace.py:47 close.complete
DEBUG 2026-07-23 06:31:40 re/_trace.py:47 close.started
DEBUG 2026-07-23 06:31:40 re/_trace.py:47 close.complete
DEBUG 2026-07-23 06:31:40 re/_trace.py:47 close.started
DEBUG 2026-07-23 06:31:40 re/_trace.py:47 close.complete
DEBUG 2026-07-23 06:40:26 re/_trace.py:47 close.started
DEBUG 2026-07-23 06:40:26 re/_trace.py:47 close.complete
DEBUG 2026-07-23 06:40:27 re/_trace.py:47 close.started
DEBUG 2026-07-23 06:40:27 re/_trace.py:47 close.complete
DEBUG 2026-07-23 06:40:27 re/_trace.py:47 close.started
DEBUG 2026-07-23 06:40:27 re/_trace.py:47 close.complete
DEBUG 2026-07-23 06:40:27 re/_trace.py:47 close.started
DEBUG 2026-07-23 06:40:27 re/_trace.py:47 close.complete
DEBUG 2026-07-23 06:40:27 re/_trace.py:47 close.started
DEBUG 2026-07-23 06:40:27 re/_trace.py:47 close.complete
DEBUG 2026-07-23 06:40:27 re/_trace.py:47 close.started
DEBUG 2026-07-23 06:40:27 re/_trace.py:47 close.complete
DEBUG 2026-07-23 06:40:27 re/_trace.py:47 close.started
DEBUG 2026-07-23 06:40:27 re/_trace.py:47 close.complete
DEBUG 2026-07-23 06:40:27 re/_trace.py:47 close.started
DEBUG 2026-07-23 06:40:27 re/_trace.py:47 close.complete
DEBUG 2026-07-23 06:40:27 re/_trace.py:47 close.started
DEBUG 2026-07-23 06:40:27 re/_trace.py:47 close.complete
DEBUG 2026-07-23 06:40:27 re/_trace.py:47 close.started
DEBUG 2026-07-23 06:40:27 re/_trace.py:47 close.complete
INFO 2026-07-23 06:44:08 ot_train.py:459 step:10K smpl:5M ep:4K epch:75.70 loss:0.005 grdn:0.281 lr:7.7e-05 updt_s:3.533 data_s:0.417
DEBUG 2026-07-23 06:49:11 re/_trace.py:47 close.started
DEBUG 2026-07-23 06:49:11 re/_trace.py:47 close.complete
DEBUG 2026-07-23 06:49:11 re/_trace.py:47 close.started
DEBUG 2026-07-23 06:49:11 re/_trace.py:47 close.complete
DEBUG 2026-07-23 06:49:11 re/_trace.py:47 close.started
DEBUG 2026-07-23 06:49:11 re/_trace.py:47 close.complete
DEBUG 2026-07-23 06:49:11 re/_trace.py:47 close.started
DEBUG 2026-07-23 06:49:11 re/_trace.py:47 close.complete
DEBUG 2026-07-23 06:49:11 re/_trace.py:47 close.started
DEBUG 2026-07-23 06:49:11 re/_trace.py:47 close.complete
DEBUG 2026-07-23 06:49:11 re/_trace.py:47 close.started
DEBUG 2026-07-23 06:49:11 re/_trace.py:47 close.complete
DEBUG 2026-07-23 06:49:11 re/_trace.py:47 close.started
DEBUG 2026-07-23 06:49:11 re/_trace.py:47 close.complete
DEBUG 2026-07-23 06:49:11 re/_trace.py:47 close.started
DEBUG 2026-07-23 06:49:11 re/_trace.py:47 close.complete
DEBUG 2026-07-23 06:49:11 re/_trace.py:47 close.started
DEBUG 2026-07-23 06:49:11 re/_trace.py:47 close.complete
DEBUG 2026-07-23 06:49:11 re/_trace.py:47 close.started
DEBUG 2026-07-23 06:49:11 re/_trace.py:47 close.complete
INFO 2026-07-23 06:56:25 ot_train.py:459 step:11K smpl:6M ep:4K epch:77.15 loss:0.005 grdn:0.282 lr:7.6e-05 updt_s:3.456 data_s:0.224
DEBUG 2026-07-23 06:57:54 re/_trace.py:47 close.started
DEBUG 2026-07-23 06:57:54 re/_trace.py:47 close.complete
DEBUG 2026-07-23 06:57:54 re/_trace.py:47 close.started
DEBUG 2026-07-23 06:57:54 re/_trace.py:47 close.complete
DEBUG 2026-07-23 06:57:54 re/_trace.py:47 close.started
DEBUG 2026-07-23 06:57:54 re/_trace.py:47 close.complete
DEBUG 2026-07-23 06:57:54 re/_trace.py:47 close.started
DEBUG 2026-07-23 06:57:54 re/_trace.py:47 close.complete
DEBUG 2026-07-23 06:57:54 re/_trace.py:47 close.started
DEBUG 2026-07-23 06:57:54 re/_trace.py:47 close.complete
DEBUG 2026-07-23 06:57:55 re/_trace.py:47 close.started
DEBUG 2026-07-23 06:57:55 re/_trace.py:47 close.complete
DEBUG 2026-07-23 06:57:55 re/_trace.py:47 close.started
DEBUG 2026-07-23 06:57:55 re/_trace.py:47 close.complete
DEBUG 2026-07-23 06:57:55 re/_trace.py:47 close.started
DEBUG 2026-07-23 06:57:55 re/_trace.py:47 close.complete
DEBUG 2026-07-23 06:57:55 re/_trace.py:47 close.started
DEBUG 2026-07-23 06:57:55 re/_trace.py:47 close.complete
DEBUG 2026-07-23 06:57:55 re/_trace.py:47 close.started
DEBUG 2026-07-23 06:57:55 re/_trace.py:47 close.complete
DEBUG 2026-07-23 07:06:40 re/_trace.py:47 close.started
DEBUG 2026-07-23 07:06:40 re/_trace.py:47 close.complete
DEBUG 2026-07-23 07:06:40 re/_trace.py:47 close.started
DEBUG 2026-07-23 07:06:40 re/_trace.py:47 close.complete
DEBUG 2026-07-23 07:06:40 re/_trace.py:47 close.started
DEBUG 2026-07-23 07:06:40 re/_trace.py:47 close.complete
DEBUG 2026-07-23 07:06:40 re/_trace.py:47 close.started
DEBUG 2026-07-23 07:06:40 re/_trace.py:47 close.complete
DEBUG 2026-07-23 07:06:40 re/_trace.py:47 close.started
DEBUG 2026-07-23 07:06:40 re/_trace.py:47 close.complete
DEBUG 2026-07-23 07:06:41 re/_trace.py:47 close.started
DEBUG 2026-07-23 07:06:41 re/_trace.py:47 close.complete
DEBUG 2026-07-23 07:06:41 re/_trace.py:47 close.started
DEBUG 2026-07-23 07:06:41 re/_trace.py:47 close.complete
DEBUG 2026-07-23 07:06:41 re/_trace.py:47 close.started
DEBUG 2026-07-23 07:06:41 re/_trace.py:47 close.complete
DEBUG 2026-07-23 07:06:41 re/_trace.py:47 close.started
DEBUG 2026-07-23 07:06:41 re/_trace.py:47 close.complete
DEBUG 2026-07-23 07:06:41 re/_trace.py:47 close.started
DEBUG 2026-07-23 07:06:41 re/_trace.py:47 close.complete
INFO 2026-07-23 07:09:32 ot_train.py:459 step:11K smpl:6M ep:4K epch:78.61 loss:0.005 grdn:0.255 lr:7.5e-05 updt_s:3.513 data_s:0.421
DEBUG 2026-07-23 07:15:25 re/_trace.py:47 close.started
DEBUG 2026-07-23 07:15:25 re/_trace.py:47 close.complete
DEBUG 2026-07-23 07:15:25 re/_trace.py:47 close.started
DEBUG 2026-07-23 07:15:25 re/_trace.py:47 close.complete
DEBUG 2026-07-23 07:15:25 re/_trace.py:47 close.started
DEBUG 2026-07-23 07:15:25 re/_trace.py:47 close.complete
DEBUG 2026-07-23 07:15:25 re/_trace.py:47 close.started
DEBUG 2026-07-23 07:15:25 re/_trace.py:47 close.complete
DEBUG 2026-07-23 07:15:25 re/_trace.py:47 close.started
DEBUG 2026-07-23 07:15:25 re/_trace.py:47 close.complete
DEBUG 2026-07-23 07:15:25 re/_trace.py:47 close.started
DEBUG 2026-07-23 07:15:25 re/_trace.py:47 close.complete
DEBUG 2026-07-23 07:15:26 re/_trace.py:47 close.started
DEBUG 2026-07-23 07:15:26 re/_trace.py:47 close.complete
DEBUG 2026-07-23 07:15:26 re/_trace.py:47 close.started
DEBUG 2026-07-23 07:15:26 re/_trace.py:47 close.complete
DEBUG 2026-07-23 07:15:26 re/_trace.py:47 close.started
DEBUG 2026-07-23 07:15:26 re/_trace.py:47 close.complete
DEBUG 2026-07-23 07:15:26 re/_trace.py:47 close.started
DEBUG 2026-07-23 07:15:26 re/_trace.py:47 close.complete
INFO 2026-07-23 07:21:58 ot_train.py:459 step:11K smpl:6M ep:4K epch:80.07 loss:0.005 grdn:0.250 lr:7.4e-05 updt_s:3.473 data_s:0.253
DEBUG 2026-07-23 07:24:16 re/_trace.py:47 close.started
DEBUG 2026-07-23 07:24:16 re/_trace.py:47 close.complete
DEBUG 2026-07-23 07:24:16 re/_trace.py:47 close.started
DEBUG 2026-07-23 07:24:16 re/_trace.py:47 close.complete
DEBUG 2026-07-23 07:24:16 re/_trace.py:47 close.started
DEBUG 2026-07-23 07:24:16 re/_trace.py:47 close.complete
DEBUG 2026-07-23 07:24:16 re/_trace.py:47 close.started
DEBUG 2026-07-23 07:24:16 re/_trace.py:47 close.complete
DEBUG 2026-07-23 07:24:16 re/_trace.py:47 close.started
DEBUG 2026-07-23 07:24:16 re/_trace.py:47 close.complete
DEBUG 2026-07-23 07:24:17 re/_trace.py:47 close.started
DEBUG 2026-07-23 07:24:17 re/_trace.py:47 close.complete
DEBUG 2026-07-23 07:24:17 re/_trace.py:47 close.started
DEBUG 2026-07-23 07:24:17 re/_trace.py:47 close.complete
DEBUG 2026-07-23 07:24:17 re/_trace.py:47 close.started
DEBUG 2026-07-23 07:24:17 re/_trace.py:47 close.complete
DEBUG 2026-07-23 07:24:17 re/_trace.py:47 close.started
DEBUG 2026-07-23 07:24:17 re/_trace.py:47 close.complete
DEBUG 2026-07-23 07:24:17 re/_trace.py:47 close.started
DEBUG 2026-07-23 07:24:17 re/_trace.py:47 close.complete
DEBUG 2026-07-23 07:33:00 re/_trace.py:47 close.started
DEBUG 2026-07-23 07:33:00 re/_trace.py:47 close.complete
DEBUG 2026-07-23 07:33:00 re/_trace.py:47 close.started
DEBUG 2026-07-23 07:33:00 re/_trace.py:47 close.complete
DEBUG 2026-07-23 07:33:00 re/_trace.py:47 close.started
DEBUG 2026-07-23 07:33:00 re/_trace.py:47 close.complete
DEBUG 2026-07-23 07:33:00 re/_trace.py:47 close.started
DEBUG 2026-07-23 07:33:00 re/_trace.py:47 close.complete
DEBUG 2026-07-23 07:33:00 re/_trace.py:47 close.started
DEBUG 2026-07-23 07:33:00 re/_trace.py:47 close.complete
DEBUG 2026-07-23 07:33:00 re/_trace.py:47 close.started
DEBUG 2026-07-23 07:33:00 re/_trace.py:47 close.complete
DEBUG 2026-07-23 07:33:00 re/_trace.py:47 close.started
DEBUG 2026-07-23 07:33:00 re/_trace.py:47 close.complete
DEBUG 2026-07-23 07:33:01 re/_trace.py:47 close.started
DEBUG 2026-07-23 07:33:01 re/_trace.py:47 close.complete
DEBUG 2026-07-23 07:33:01 re/_trace.py:47 close.started
DEBUG 2026-07-23 07:33:01 re/_trace.py:47 close.complete
DEBUG 2026-07-23 07:33:01 re/_trace.py:47 close.started
DEBUG 2026-07-23 07:33:01 re/_trace.py:47 close.complete
INFO 2026-07-23 07:35:05 ot_train.py:459 step:11K smpl:6M ep:4K epch:81.52 loss:0.004 grdn:0.260 lr:7.3e-05 updt_s:3.513 data_s:0.417
DEBUG 2026-07-23 07:41:46 re/_trace.py:47 close.started
DEBUG 2026-07-23 07:41:46 re/_trace.py:47 close.complete
DEBUG 2026-07-23 07:41:46 re/_trace.py:47 close.started
DEBUG 2026-07-23 07:41:46 re/_trace.py:47 close.complete
DEBUG 2026-07-23 07:41:46 re/_trace.py:47 close.started
DEBUG 2026-07-23 07:41:46 re/_trace.py:47 close.complete
DEBUG 2026-07-23 07:41:46 re/_trace.py:47 close.started
DEBUG 2026-07-23 07:41:46 re/_trace.py:47 close.complete
DEBUG 2026-07-23 07:41:46 re/_trace.py:47 close.started
DEBUG 2026-07-23 07:41:46 re/_trace.py:47 close.complete
DEBUG 2026-07-23 07:41:46 re/_trace.py:47 close.started
DEBUG 2026-07-23 07:41:46 re/_trace.py:47 close.complete
DEBUG 2026-07-23 07:41:47 re/_trace.py:47 close.started
DEBUG 2026-07-23 07:41:47 re/_trace.py:47 close.complete
DEBUG 2026-07-23 07:41:47 re/_trace.py:47 close.started
DEBUG 2026-07-23 07:41:47 re/_trace.py:47 close.complete
DEBUG 2026-07-23 07:41:47 re/_trace.py:47 close.started
DEBUG 2026-07-23 07:41:47 re/_trace.py:47 close.complete
DEBUG 2026-07-23 07:41:47 re/_trace.py:47 close.started
DEBUG 2026-07-23 07:41:47 re/_trace.py:47 close.complete
INFO 2026-07-23 07:47:26 ot_train.py:459 step:11K smpl:6M ep:4K epch:82.98 loss:0.004 grdn:0.273 lr:7.2e-05 updt_s:3.478 data_s:0.226
DEBUG 2026-07-23 07:50:31 re/_trace.py:47 close.started
DEBUG 2026-07-23 07:50:31 re/_trace.py:47 close.complete
DEBUG 2026-07-23 07:50:32 re/_trace.py:47 close.started
DEBUG 2026-07-23 07:50:32 re/_trace.py:47 close.complete
DEBUG 2026-07-23 07:50:32 re/_trace.py:47 close.started
DEBUG 2026-07-23 07:50:32 re/_trace.py:47 close.complete
DEBUG 2026-07-23 07:50:32 re/_trace.py:47 close.started
DEBUG 2026-07-23 07:50:32 re/_trace.py:47 close.complete
DEBUG 2026-07-23 07:50:32 re/_trace.py:47 close.started
DEBUG 2026-07-23 07:50:32 re/_trace.py:47 close.complete
DEBUG 2026-07-23 07:50:32 re/_trace.py:47 close.started
DEBUG 2026-07-23 07:50:32 re/_trace.py:47 close.complete
DEBUG 2026-07-23 07:50:32 re/_trace.py:47 close.started
DEBUG 2026-07-23 07:50:32 re/_trace.py:47 close.complete
DEBUG 2026-07-23 07:50:32 re/_trace.py:47 close.started
DEBUG 2026-07-23 07:50:32 re/_trace.py:47 close.complete
DEBUG 2026-07-23 07:50:32 re/_trace.py:47 close.started
DEBUG 2026-07-23 07:50:32 re/_trace.py:47 close.complete
DEBUG 2026-07-23 07:50:32 re/_trace.py:47 close.started
DEBUG 2026-07-23 07:50:32 re/_trace.py:47 close.complete
DEBUG 2026-07-23 07:59:15 re/_trace.py:47 close.started
DEBUG 2026-07-23 07:59:15 re/_trace.py:47 close.complete
DEBUG 2026-07-23 07:59:16 re/_trace.py:47 close.started
DEBUG 2026-07-23 07:59:16 re/_trace.py:47 close.complete
DEBUG 2026-07-23 07:59:16 re/_trace.py:47 close.started
DEBUG 2026-07-23 07:59:16 re/_trace.py:47 close.complete
DEBUG 2026-07-23 07:59:16 re/_trace.py:47 close.started
DEBUG 2026-07-23 07:59:16 re/_trace.py:47 close.complete
DEBUG 2026-07-23 07:59:16 re/_trace.py:47 close.started
DEBUG 2026-07-23 07:59:16 re/_trace.py:47 close.complete
DEBUG 2026-07-23 07:59:16 re/_trace.py:47 close.started
DEBUG 2026-07-23 07:59:16 re/_trace.py:47 close.complete
DEBUG 2026-07-23 07:59:16 re/_trace.py:47 close.started
DEBUG 2026-07-23 07:59:16 re/_trace.py:47 close.complete
DEBUG 2026-07-23 07:59:16 re/_trace.py:47 close.started
DEBUG 2026-07-23 07:59:16 re/_trace.py:47 close.complete
DEBUG 2026-07-23 07:59:16 re/_trace.py:47 close.started
DEBUG 2026-07-23 07:59:16 re/_trace.py:47 close.complete
DEBUG 2026-07-23 07:59:16 re/_trace.py:47 close.started
DEBUG 2026-07-23 07:59:16 re/_trace.py:47 close.complete
INFO 2026-07-23 08:00:22 ot_train.py:459 step:12K smpl:6M ep:4K epch:84.43 loss:0.004 grdn:0.256 lr:7.1e-05 updt_s:3.466 data_s:0.412
DEBUG 2026-07-23 08:07:59 re/_trace.py:47 close.started
DEBUG 2026-07-23 08:07:59 re/_trace.py:47 close.complete
DEBUG 2026-07-23 08:07:59 re/_trace.py:47 close.started
DEBUG 2026-07-23 08:07:59 re/_trace.py:47 close.complete
DEBUG 2026-07-23 08:07:59 re/_trace.py:47 close.started
DEBUG 2026-07-23 08:07:59 re/_trace.py:47 close.complete
DEBUG 2026-07-23 08:07:59 re/_trace.py:47 close.started
DEBUG 2026-07-23 08:07:59 re/_trace.py:47 close.complete
DEBUG 2026-07-23 08:07:59 re/_trace.py:47 close.started
DEBUG 2026-07-23 08:07:59 re/_trace.py:47 close.complete
DEBUG 2026-07-23 08:08:00 re/_trace.py:47 close.started
DEBUG 2026-07-23 08:08:00 re/_trace.py:47 close.complete
DEBUG 2026-07-23 08:08:00 re/_trace.py:47 close.started
DEBUG 2026-07-23 08:08:00 re/_trace.py:47 close.complete
DEBUG 2026-07-23 08:08:00 re/_trace.py:47 close.started
DEBUG 2026-07-23 08:08:00 re/_trace.py:47 close.complete
DEBUG 2026-07-23 08:08:00 re/_trace.py:47 close.started
DEBUG 2026-07-23 08:08:00 re/_trace.py:47 close.complete
DEBUG 2026-07-23 08:08:00 re/_trace.py:47 close.started
DEBUG 2026-07-23 08:08:00 re/_trace.py:47 close.complete
INFO 2026-07-23 08:12:51 ot_train.py:459 step:12K smpl:6M ep:4K epch:85.89 loss:0.004 grdn:0.255 lr:7.0e-05 updt_s:3.520 data_s:0.222
DEBUG 2026-07-23 08:16:45 re/_trace.py:47 close.started
DEBUG 2026-07-23 08:16:45 re/_trace.py:47 close.complete
DEBUG 2026-07-23 08:16:45 re/_trace.py:47 close.started
DEBUG 2026-07-23 08:16:45 re/_trace.py:47 close.complete
DEBUG 2026-07-23 08:16:45 re/_trace.py:47 close.started
DEBUG 2026-07-23 08:16:45 re/_trace.py:47 close.complete
DEBUG 2026-07-23 08:16:45 re/_trace.py:47 close.started
DEBUG 2026-07-23 08:16:45 re/_trace.py:47 close.complete
DEBUG 2026-07-23 08:16:45 re/_trace.py:47 close.started
DEBUG 2026-07-23 08:16:45 re/_trace.py:47 close.complete
DEBUG 2026-07-23 08:16:45 re/_trace.py:47 close.started
DEBUG 2026-07-23 08:16:45 re/_trace.py:47 close.complete
DEBUG 2026-07-23 08:16:46 re/_trace.py:47 close.started
DEBUG 2026-07-23 08:16:46 re/_trace.py:47 close.complete
DEBUG 2026-07-23 08:16:46 re/_trace.py:47 close.started
DEBUG 2026-07-23 08:16:46 re/_trace.py:47 close.complete
DEBUG 2026-07-23 08:16:46 re/_trace.py:47 close.started
DEBUG 2026-07-23 08:16:46 re/_trace.py:47 close.complete
DEBUG 2026-07-23 08:16:46 re/_trace.py:47 close.started
DEBUG 2026-07-23 08:16:46 re/_trace.py:47 close.complete
INFO 2026-07-23 08:25:09 ot_train.py:459 step:12K smpl:6M ep:4K epch:87.34 loss:0.004 grdn:0.261 lr:6.9e-05 updt_s:3.458 data_s:0.231
INFO 2026-07-23 08:25:09 ot_train.py:479 Checkpoint policy after step 12000
DEBUG 2026-07-23 08:25:50 re/_trace.py:47 close.started
DEBUG 2026-07-23 08:25:50 re/_trace.py:47 close.complete
DEBUG 2026-07-23 08:25:50 re/_trace.py:47 close.started
DEBUG 2026-07-23 08:25:50 re/_trace.py:47 close.complete
DEBUG 2026-07-23 08:25:50 re/_trace.py:47 close.started
DEBUG 2026-07-23 08:25:50 re/_trace.py:47 close.complete
DEBUG 2026-07-23 08:25:51 re/_trace.py:47 close.started
DEBUG 2026-07-23 08:25:51 re/_trace.py:47 close.complete
DEBUG 2026-07-23 08:25:51 re/_trace.py:47 close.started
DEBUG 2026-07-23 08:25:51 re/_trace.py:47 close.complete
DEBUG 2026-07-23 08:25:51 re/_trace.py:47 close.started
DEBUG 2026-07-23 08:25:51 re/_trace.py:47 close.complete
DEBUG 2026-07-23 08:25:51 re/_trace.py:47 close.started
DEBUG 2026-07-23 08:25:51 re/_trace.py:47 close.complete
DEBUG 2026-07-23 08:25:51 re/_trace.py:47 close.started
DEBUG 2026-07-23 08:25:51 re/_trace.py:47 close.complete
DEBUG 2026-07-23 08:25:51 re/_trace.py:47 close.started
DEBUG 2026-07-23 08:25:51 re/_trace.py:47 close.complete
DEBUG 2026-07-23 08:25:51 re/_trace.py:47 close.started
DEBUG 2026-07-23 08:25:51 re/_trace.py:47 close.complete
DEBUG 2026-07-23 08:34:38 re/_trace.py:47 close.started
DEBUG 2026-07-23 08:34:38 re/_trace.py:47 close.complete
DEBUG 2026-07-23 08:34:38 re/_trace.py:47 close.started
DEBUG 2026-07-23 08:34:38 re/_trace.py:47 close.complete
DEBUG 2026-07-23 08:34:38 re/_trace.py:47 close.started
DEBUG 2026-07-23 08:34:38 re/_trace.py:47 close.complete
DEBUG 2026-07-23 08:34:38 re/_trace.py:47 close.started
DEBUG 2026-07-23 08:34:38 re/_trace.py:47 close.complete
DEBUG 2026-07-23 08:34:38 re/_trace.py:47 close.started
DEBUG 2026-07-23 08:34:38 re/_trace.py:47 close.complete
DEBUG 2026-07-23 08:34:38 re/_trace.py:47 close.started
DEBUG 2026-07-23 08:34:38 re/_trace.py:47 close.complete
DEBUG 2026-07-23 08:34:39 re/_trace.py:47 close.started
DEBUG 2026-07-23 08:34:39 re/_trace.py:47 close.complete
DEBUG 2026-07-23 08:34:39 re/_trace.py:47 close.started
DEBUG 2026-07-23 08:34:39 re/_trace.py:47 close.complete
DEBUG 2026-07-23 08:34:39 re/_trace.py:47 close.started
DEBUG 2026-07-23 08:34:39 re/_trace.py:47 close.complete
DEBUG 2026-07-23 08:34:39 re/_trace.py:47 close.started
DEBUG 2026-07-23 08:34:39 re/_trace.py:47 close.complete
INFO 2026-07-23 08:38:41 ot_train.py:459 step:12K smpl:6M ep:4K epch:88.80 loss:0.004 grdn:0.250 lr:6.8e-05 updt_s:3.562 data_s:0.396
DEBUG 2026-07-23 08:43:24 re/_trace.py:47 close.started
DEBUG 2026-07-23 08:43:24 re/_trace.py:47 close.complete
DEBUG 2026-07-23 08:43:24 re/_trace.py:47 close.started
DEBUG 2026-07-23 08:43:24 re/_trace.py:47 close.complete
DEBUG 2026-07-23 08:43:24 re/_trace.py:47 close.started
DEBUG 2026-07-23 08:43:24 re/_trace.py:47 close.complete
DEBUG 2026-07-23 08:43:24 re/_trace.py:47 close.started
DEBUG 2026-07-23 08:43:24 re/_trace.py:47 close.complete
DEBUG 2026-07-23 08:43:25 re/_trace.py:47 close.started
DEBUG 2026-07-23 08:43:25 re/_trace.py:47 close.complete
DEBUG 2026-07-23 08:43:25 re/_trace.py:47 close.started
DEBUG 2026-07-23 08:43:25 re/_trace.py:47 close.complete
DEBUG 2026-07-23 08:43:25 re/_trace.py:47 close.started
DEBUG 2026-07-23 08:43:25 re/_trace.py:47 close.complete
DEBUG 2026-07-23 08:43:25 re/_trace.py:47 close.started
DEBUG 2026-07-23 08:43:25 re/_trace.py:47 close.complete
DEBUG 2026-07-23 08:43:25 re/_trace.py:47 close.started
DEBUG 2026-07-23 08:43:25 re/_trace.py:47 close.complete
DEBUG 2026-07-23 08:43:25 re/_trace.py:47 close.started
DEBUG 2026-07-23 08:43:25 re/_trace.py:47 close.complete
INFO 2026-07-23 08:51:01 ot_train.py:459 step:12K smpl:7M ep:5K epch:90.26 loss:0.004 grdn:0.248 lr:6.7e-05 updt_s:3.466 data_s:0.227
DEBUG 2026-07-23 08:52:10 re/_trace.py:47 close.started
DEBUG 2026-07-23 08:52:10 re/_trace.py:47 close.complete
DEBUG 2026-07-23 08:52:10 re/_trace.py:47 close.started
DEBUG 2026-07-23 08:52:10 re/_trace.py:47 close.complete
DEBUG 2026-07-23 08:52:10 re/_trace.py:47 close.started
DEBUG 2026-07-23 08:52:10 re/_trace.py:47 close.complete
DEBUG 2026-07-23 08:52:10 re/_trace.py:47 close.started
DEBUG 2026-07-23 08:52:10 re/_trace.py:47 close.complete
DEBUG 2026-07-23 08:52:10 re/_trace.py:47 close.started
DEBUG 2026-07-23 08:52:10 re/_trace.py:47 close.complete
DEBUG 2026-07-23 08:52:10 re/_trace.py:47 close.started
DEBUG 2026-07-23 08:52:10 re/_trace.py:47 close.complete
DEBUG 2026-07-23 08:52:10 re/_trace.py:47 close.started
DEBUG 2026-07-23 08:52:10 re/_trace.py:47 close.complete
DEBUG 2026-07-23 08:52:10 re/_trace.py:47 close.started
DEBUG 2026-07-23 08:52:10 re/_trace.py:47 close.complete
DEBUG 2026-07-23 08:52:10 re/_trace.py:47 close.started
DEBUG 2026-07-23 08:52:10 re/_trace.py:47 close.complete
DEBUG 2026-07-23 08:52:10 re/_trace.py:47 close.started
DEBUG 2026-07-23 08:52:10 re/_trace.py:47 close.complete
DEBUG 2026-07-23 09:00:55 re/_trace.py:47 close.started
DEBUG 2026-07-23 09:00:55 re/_trace.py:47 close.complete
DEBUG 2026-07-23 09:00:55 re/_trace.py:47 close.started
DEBUG 2026-07-23 09:00:55 re/_trace.py:47 close.complete
DEBUG 2026-07-23 09:00:55 re/_trace.py:47 close.started
DEBUG 2026-07-23 09:00:55 re/_trace.py:47 close.complete
DEBUG 2026-07-23 09:00:55 re/_trace.py:47 close.started
DEBUG 2026-07-23 09:00:55 re/_trace.py:47 close.complete
DEBUG 2026-07-23 09:00:55 re/_trace.py:47 close.started
DEBUG 2026-07-23 09:00:55 re/_trace.py:47 close.complete
DEBUG 2026-07-23 09:00:55 re/_trace.py:47 close.started
DEBUG 2026-07-23 09:00:55 re/_trace.py:47 close.complete
DEBUG 2026-07-23 09:00:55 re/_trace.py:47 close.started
DEBUG 2026-07-23 09:00:55 re/_trace.py:47 close.complete
DEBUG 2026-07-23 09:00:56 re/_trace.py:47 close.started
DEBUG 2026-07-23 09:00:56 re/_trace.py:47 close.complete
DEBUG 2026-07-23 09:00:56 re/_trace.py:47 close.started
DEBUG 2026-07-23 09:00:56 re/_trace.py:47 close.complete
DEBUG 2026-07-23 09:00:56 re/_trace.py:47 close.started
DEBUG 2026-07-23 09:00:56 re/_trace.py:47 close.complete
INFO 2026-07-23 09:04:09 ot_train.py:459 step:13K smpl:7M ep:5K epch:91.71 loss:0.004 grdn:0.247 lr:6.6e-05 updt_s:3.518 data_s:0.420
DEBUG 2026-07-23 09:09:39 re/_trace.py:47 close.started
DEBUG 2026-07-23 09:09:39 re/_trace.py:47 close.complete
DEBUG 2026-07-23 09:09:39 re/_trace.py:47 close.started
DEBUG 2026-07-23 09:09:39 re/_trace.py:47 close.complete
DEBUG 2026-07-23 09:09:39 re/_trace.py:47 close.started
DEBUG 2026-07-23 09:09:39 re/_trace.py:47 close.complete
DEBUG 2026-07-23 09:09:39 re/_trace.py:47 close.started
DEBUG 2026-07-23 09:09:39 re/_trace.py:47 close.complete
DEBUG 2026-07-23 09:09:40 re/_trace.py:47 close.started
DEBUG 2026-07-23 09:09:40 re/_trace.py:47 close.complete
DEBUG 2026-07-23 09:09:40 re/_trace.py:47 close.started
DEBUG 2026-07-23 09:09:40 re/_trace.py:47 close.complete
DEBUG 2026-07-23 09:09:40 re/_trace.py:47 close.started
DEBUG 2026-07-23 09:09:40 re/_trace.py:47 close.complete
DEBUG 2026-07-23 09:09:40 re/_trace.py:47 close.started
DEBUG 2026-07-23 09:09:40 re/_trace.py:47 close.complete
DEBUG 2026-07-23 09:09:40 re/_trace.py:47 close.started
DEBUG 2026-07-23 09:09:40 re/_trace.py:47 close.complete
DEBUG 2026-07-23 09:09:40 re/_trace.py:47 close.started
DEBUG 2026-07-23 09:09:40 re/_trace.py:47 close.complete
INFO 2026-07-23 09:16:27 ot_train.py:459 step:13K smpl:7M ep:5K epch:93.17 loss:0.004 grdn:0.254 lr:6.5e-05 updt_s:3.466 data_s:0.224
DEBUG 2026-07-23 09:18:25 re/_trace.py:47 close.started
DEBUG 2026-07-23 09:18:25 re/_trace.py:47 close.complete
DEBUG 2026-07-23 09:18:25 re/_trace.py:47 close.started
DEBUG 2026-07-23 09:18:25 re/_trace.py:47 close.complete
DEBUG 2026-07-23 09:18:25 re/_trace.py:47 close.started
DEBUG 2026-07-23 09:18:25 re/_trace.py:47 close.complete
DEBUG 2026-07-23 09:18:25 re/_trace.py:47 close.started
DEBUG 2026-07-23 09:18:25 re/_trace.py:47 close.complete
DEBUG 2026-07-23 09:18:25 re/_trace.py:47 close.started
DEBUG 2026-07-23 09:18:25 re/_trace.py:47 close.complete
DEBUG 2026-07-23 09:18:25 re/_trace.py:47 close.started
DEBUG 2026-07-23 09:18:25 re/_trace.py:47 close.complete
DEBUG 2026-07-23 09:18:25 re/_trace.py:47 close.started
DEBUG 2026-07-23 09:18:25 re/_trace.py:47 close.complete
DEBUG 2026-07-23 09:18:25 re/_trace.py:47 close.started
DEBUG 2026-07-23 09:18:25 re/_trace.py:47 close.complete
DEBUG 2026-07-23 09:18:25 re/_trace.py:47 close.started
DEBUG 2026-07-23 09:18:25 re/_trace.py:47 close.complete
DEBUG 2026-07-23 09:18:26 re/_trace.py:47 close.started
DEBUG 2026-07-23 09:18:26 re/_trace.py:47 close.complete
DEBUG 2026-07-23 09:27:12 re/_trace.py:47 close.started
DEBUG 2026-07-23 09:27:12 re/_trace.py:47 close.complete
DEBUG 2026-07-23 09:27:12 re/_trace.py:47 close.started
DEBUG 2026-07-23 09:27:12 re/_trace.py:47 close.complete
DEBUG 2026-07-23 09:27:12 re/_trace.py:47 close.started
DEBUG 2026-07-23 09:27:12 re/_trace.py:47 close.complete
DEBUG 2026-07-23 09:27:13 re/_trace.py:47 close.started
DEBUG 2026-07-23 09:27:13 re/_trace.py:47 close.complete
DEBUG 2026-07-23 09:27:13 re/_trace.py:47 close.started
DEBUG 2026-07-23 09:27:13 re/_trace.py:47 close.complete
DEBUG 2026-07-23 09:27:13 re/_trace.py:47 close.started
DEBUG 2026-07-23 09:27:13 re/_trace.py:47 close.complete
DEBUG 2026-07-23 09:27:13 re/_trace.py:47 close.started
DEBUG 2026-07-23 09:27:13 re/_trace.py:47 close.complete
DEBUG 2026-07-23 09:27:13 re/_trace.py:47 close.started
DEBUG 2026-07-23 09:27:13 re/_trace.py:47 close.complete
DEBUG 2026-07-23 09:27:13 re/_trace.py:47 close.started
DEBUG 2026-07-23 09:27:13 re/_trace.py:47 close.complete
DEBUG 2026-07-23 09:27:13 re/_trace.py:47 close.started
DEBUG 2026-07-23 09:27:13 re/_trace.py:47 close.complete
INFO 2026-07-23 09:29:36 ot_train.py:459 step:13K smpl:7M ep:5K epch:94.62 loss:0.003 grdn:0.246 lr:6.4e-05 updt_s:3.521 data_s:0.422
DEBUG 2026-07-23 09:35:57 re/_trace.py:47 close.started
DEBUG 2026-07-23 09:35:57 re/_trace.py:47 close.complete
DEBUG 2026-07-23 09:35:57 re/_trace.py:47 close.started
DEBUG 2026-07-23 09:35:57 re/_trace.py:47 close.complete
DEBUG 2026-07-23 09:35:57 re/_trace.py:47 close.started
DEBUG 2026-07-23 09:35:57 re/_trace.py:47 close.complete
DEBUG 2026-07-23 09:35:57 re/_trace.py:47 close.started
DEBUG 2026-07-23 09:35:57 re/_trace.py:47 close.complete
DEBUG 2026-07-23 09:35:57 re/_trace.py:47 close.started
DEBUG 2026-07-23 09:35:57 re/_trace.py:47 close.complete
DEBUG 2026-07-23 09:35:57 re/_trace.py:47 close.started
DEBUG 2026-07-23 09:35:57 re/_trace.py:47 close.complete
DEBUG 2026-07-23 09:35:57 re/_trace.py:47 close.started
DEBUG 2026-07-23 09:35:57 re/_trace.py:47 close.complete
DEBUG 2026-07-23 09:35:58 re/_trace.py:47 close.started
DEBUG 2026-07-23 09:35:58 re/_trace.py:47 close.complete
DEBUG 2026-07-23 09:35:58 re/_trace.py:47 close.started
DEBUG 2026-07-23 09:35:58 re/_trace.py:47 close.complete
DEBUG 2026-07-23 09:35:58 re/_trace.py:47 close.started
DEBUG 2026-07-23 09:35:58 re/_trace.py:47 close.complete
INFO 2026-07-23 09:41:55 ot_train.py:459 step:13K smpl:7M ep:5K epch:96.08 loss:0.003 grdn:0.229 lr:6.3e-05 updt_s:3.461 data_s:0.230
DEBUG 2026-07-23 09:44:41 re/_trace.py:47 close.started
DEBUG 2026-07-23 09:44:41 re/_trace.py:47 close.complete
DEBUG 2026-07-23 09:44:41 re/_trace.py:47 close.started
DEBUG 2026-07-23 09:44:41 re/_trace.py:47 close.complete
DEBUG 2026-07-23 09:44:41 re/_trace.py:47 close.started
DEBUG 2026-07-23 09:44:41 re/_trace.py:47 close.complete
DEBUG 2026-07-23 09:44:41 re/_trace.py:47 close.started
DEBUG 2026-07-23 09:44:41 re/_trace.py:47 close.complete
DEBUG 2026-07-23 09:44:41 re/_trace.py:47 close.started
DEBUG 2026-07-23 09:44:41 re/_trace.py:47 close.complete
DEBUG 2026-07-23 09:44:41 re/_trace.py:47 close.started
DEBUG 2026-07-23 09:44:41 re/_trace.py:47 close.complete
DEBUG 2026-07-23 09:44:41 re/_trace.py:47 close.started
DEBUG 2026-07-23 09:44:41 re/_trace.py:47 close.complete
DEBUG 2026-07-23 09:44:42 re/_trace.py:47 close.started
DEBUG 2026-07-23 09:44:42 re/_trace.py:47 close.complete
DEBUG 2026-07-23 09:44:42 re/_trace.py:47 close.started
DEBUG 2026-07-23 09:44:42 re/_trace.py:47 close.complete
DEBUG 2026-07-23 09:44:42 re/_trace.py:47 close.started
DEBUG 2026-07-23 09:44:42 re/_trace.py:47 close.complete
DEBUG 2026-07-23 09:53:25 re/_trace.py:47 close.started
DEBUG 2026-07-23 09:53:25 re/_trace.py:47 close.complete
DEBUG 2026-07-23 09:53:26 re/_trace.py:47 close.started
DEBUG 2026-07-23 09:53:26 re/_trace.py:47 close.complete
DEBUG 2026-07-23 09:53:26 re/_trace.py:47 close.started
DEBUG 2026-07-23 09:53:26 re/_trace.py:47 close.complete
DEBUG 2026-07-23 09:53:26 re/_trace.py:47 close.started
DEBUG 2026-07-23 09:53:26 re/_trace.py:47 close.complete
DEBUG 2026-07-23 09:53:26 re/_trace.py:47 close.started
DEBUG 2026-07-23 09:53:26 re/_trace.py:47 close.complete
DEBUG 2026-07-23 09:53:26 re/_trace.py:47 close.started
DEBUG 2026-07-23 09:53:26 re/_trace.py:47 close.complete
DEBUG 2026-07-23 09:53:26 re/_trace.py:47 close.started
DEBUG 2026-07-23 09:53:26 re/_trace.py:47 close.complete
DEBUG 2026-07-23 09:53:26 re/_trace.py:47 close.started
DEBUG 2026-07-23 09:53:26 re/_trace.py:47 close.complete
DEBUG 2026-07-23 09:53:26 re/_trace.py:47 close.started
DEBUG 2026-07-23 09:53:26 re/_trace.py:47 close.complete
DEBUG 2026-07-23 09:53:27 re/_trace.py:47 close.started
DEBUG 2026-07-23 09:53:27 re/_trace.py:47 close.complete
INFO 2026-07-23 09:54:56 ot_train.py:459 step:13K smpl:7M ep:5K epch:97.53 loss:0.004 grdn:0.227 lr:6.2e-05 updt_s:3.460 data_s:0.443
DEBUG 2026-07-23 10:02:10 re/_trace.py:47 close.started
DEBUG 2026-07-23 10:02:10 re/_trace.py:47 close.complete
DEBUG 2026-07-23 10:02:10 re/_trace.py:47 close.started
DEBUG 2026-07-23 10:02:10 re/_trace.py:47 close.complete
DEBUG 2026-07-23 10:02:10 re/_trace.py:47 close.started
DEBUG 2026-07-23 10:02:10 re/_trace.py:47 close.complete
DEBUG 2026-07-23 10:02:11 re/_trace.py:47 close.started
DEBUG 2026-07-23 10:02:11 re/_trace.py:47 close.complete
DEBUG 2026-07-23 10:02:11 re/_trace.py:47 close.started
DEBUG 2026-07-23 10:02:11 re/_trace.py:47 close.complete
DEBUG 2026-07-23 10:02:11 re/_trace.py:47 close.started
DEBUG 2026-07-23 10:02:11 re/_trace.py:47 close.complete
DEBUG 2026-07-23 10:02:11 re/_trace.py:47 close.started
DEBUG 2026-07-23 10:02:11 re/_trace.py:47 close.complete
DEBUG 2026-07-23 10:02:11 re/_trace.py:47 close.started
DEBUG 2026-07-23 10:02:11 re/_trace.py:47 close.complete
DEBUG 2026-07-23 10:02:11 re/_trace.py:47 close.started
DEBUG 2026-07-23 10:02:11 re/_trace.py:47 close.complete
DEBUG 2026-07-23 10:02:11 re/_trace.py:47 close.started
DEBUG 2026-07-23 10:02:11 re/_trace.py:47 close.complete
INFO 2026-07-23 10:07:22 ot_train.py:459 step:14K smpl:7M ep:5K epch:98.99 loss:0.003 grdn:0.224 lr:6.1e-05 updt_s:3.484 data_s:0.242
DEBUG 2026-07-23 10:10:55 re/_trace.py:47 close.started
DEBUG 2026-07-23 10:10:55 re/_trace.py:47 close.complete
DEBUG 2026-07-23 10:10:55 re/_trace.py:47 close.started
DEBUG 2026-07-23 10:10:55 re/_trace.py:47 close.complete
DEBUG 2026-07-23 10:10:55 re/_trace.py:47 close.started
DEBUG 2026-07-23 10:10:55 re/_trace.py:47 close.complete
DEBUG 2026-07-23 10:10:56 re/_trace.py:47 close.started
DEBUG 2026-07-23 10:10:56 re/_trace.py:47 close.complete
DEBUG 2026-07-23 10:10:56 re/_trace.py:47 close.started
DEBUG 2026-07-23 10:10:56 re/_trace.py:47 close.complete
DEBUG 2026-07-23 10:10:56 re/_trace.py:47 close.started
DEBUG 2026-07-23 10:10:56 re/_trace.py:47 close.complete
DEBUG 2026-07-23 10:10:56 re/_trace.py:47 close.started
DEBUG 2026-07-23 10:10:56 re/_trace.py:47 close.complete
DEBUG 2026-07-23 10:10:56 re/_trace.py:47 close.started
DEBUG 2026-07-23 10:10:56 re/_trace.py:47 close.complete
DEBUG 2026-07-23 10:10:56 re/_trace.py:47 close.started
DEBUG 2026-07-23 10:10:56 re/_trace.py:47 close.complete
DEBUG 2026-07-23 10:10:56 re/_trace.py:47 close.started
DEBUG 2026-07-23 10:10:56 re/_trace.py:47 close.complete
INFO 2026-07-23 10:19:42 ot_train.py:459 step:14K smpl:7M ep:5K epch:100.45 loss:0.003 grdn:0.221 lr:6.0e-05 updt_s:3.450 data_s:0.247
DEBUG 2026-07-23 10:19:42 re/_trace.py:47 close.started
DEBUG 2026-07-23 10:19:42 re/_trace.py:47 close.complete
DEBUG 2026-07-23 10:19:42 re/_trace.py:47 close.started
DEBUG 2026-07-23 10:19:42 re/_trace.py:47 close.complete
DEBUG 2026-07-23 10:19:42 re/_trace.py:47 close.started
DEBUG 2026-07-23 10:19:42 re/_trace.py:47 close.complete
DEBUG 2026-07-23 10:19:42 re/_trace.py:47 close.started
DEBUG 2026-07-23 10:19:42 re/_trace.py:47 close.complete
DEBUG 2026-07-23 10:19:42 re/_trace.py:47 close.started
DEBUG 2026-07-23 10:19:42 re/_trace.py:47 close.complete
DEBUG 2026-07-23 10:19:42 re/_trace.py:47 close.started
DEBUG 2026-07-23 10:19:42 re/_trace.py:47 close.complete
DEBUG 2026-07-23 10:19:43 re/_trace.py:47 close.started
DEBUG 2026-07-23 10:19:43 re/_trace.py:47 close.complete
DEBUG 2026-07-23 10:19:43 re/_trace.py:47 close.started
DEBUG 2026-07-23 10:19:43 re/_trace.py:47 close.complete
DEBUG 2026-07-23 10:19:43 re/_trace.py:47 close.started
DEBUG 2026-07-23 10:19:43 re/_trace.py:47 close.complete
DEBUG 2026-07-23 10:19:43 re/_trace.py:47 close.started
DEBUG 2026-07-23 10:19:43 re/_trace.py:47 close.complete
DEBUG 2026-07-23 10:28:27 re/_trace.py:47 close.started
DEBUG 2026-07-23 10:28:27 re/_trace.py:47 close.complete
DEBUG 2026-07-23 10:28:27 re/_trace.py:47 close.started
DEBUG 2026-07-23 10:28:27 re/_trace.py:47 close.complete
DEBUG 2026-07-23 10:28:27 re/_trace.py:47 close.started
DEBUG 2026-07-23 10:28:27 re/_trace.py:47 close.complete
DEBUG 2026-07-23 10:28:27 re/_trace.py:47 close.started
DEBUG 2026-07-23 10:28:27 re/_trace.py:47 close.complete
DEBUG 2026-07-23 10:28:27 re/_trace.py:47 close.started
DEBUG 2026-07-23 10:28:27 re/_trace.py:47 close.complete
DEBUG 2026-07-23 10:28:28 re/_trace.py:47 close.started
DEBUG 2026-07-23 10:28:28 re/_trace.py:47 close.complete
DEBUG 2026-07-23 10:28:28 re/_trace.py:47 close.started
DEBUG 2026-07-23 10:28:28 re/_trace.py:47 close.complete
DEBUG 2026-07-23 10:28:28 re/_trace.py:47 close.started
DEBUG 2026-07-23 10:28:28 re/_trace.py:47 close.complete
DEBUG 2026-07-23 10:28:28 re/_trace.py:47 close.started
DEBUG 2026-07-23 10:28:28 re/_trace.py:47 close.complete
DEBUG 2026-07-23 10:28:28 re/_trace.py:47 close.started
DEBUG 2026-07-23 10:28:28 re/_trace.py:47 close.complete
INFO 2026-07-23 10:32:49 ot_train.py:459 step:14K smpl:7M ep:5K epch:101.90 loss:0.003 grdn:0.220 lr:5.9e-05 updt_s:3.513 data_s:0.418
DEBUG 2026-07-23 10:37:10 re/_trace.py:47 close.started
DEBUG 2026-07-23 10:37:10 re/_trace.py:47 close.complete
DEBUG 2026-07-23 10:37:11 re/_trace.py:47 close.started
DEBUG 2026-07-23 10:37:11 re/_trace.py:47 close.complete
DEBUG 2026-07-23 10:37:11 re/_trace.py:47 close.started
DEBUG 2026-07-23 10:37:11 re/_trace.py:47 close.complete
DEBUG 2026-07-23 10:37:11 re/_trace.py:47 close.started
DEBUG 2026-07-23 10:37:11 re/_trace.py:47 close.complete
DEBUG 2026-07-23 10:37:11 re/_trace.py:47 close.started
DEBUG 2026-07-23 10:37:11 re/_trace.py:47 close.complete
DEBUG 2026-07-23 10:37:11 re/_trace.py:47 close.started
DEBUG 2026-07-23 10:37:11 re/_trace.py:47 close.complete
DEBUG 2026-07-23 10:37:11 re/_trace.py:47 close.started
DEBUG 2026-07-23 10:37:11 re/_trace.py:47 close.complete
DEBUG 2026-07-23 10:37:11 re/_trace.py:47 close.started
DEBUG 2026-07-23 10:37:11 re/_trace.py:47 close.complete
DEBUG 2026-07-23 10:37:11 re/_trace.py:47 close.started
DEBUG 2026-07-23 10:37:11 re/_trace.py:47 close.complete
DEBUG 2026-07-23 10:37:11 re/_trace.py:47 close.started
DEBUG 2026-07-23 10:37:11 re/_trace.py:47 close.complete
INFO 2026-07-23 10:45:09 ot_train.py:459 step:14K smpl:7M ep:5K epch:103.36 loss:0.003 grdn:0.228 lr:5.8e-05 updt_s:3.455 data_s:0.244
DEBUG 2026-07-23 10:45:58 re/_trace.py:47 close.started
DEBUG 2026-07-23 10:45:58 re/_trace.py:47 close.complete
DEBUG 2026-07-23 10:45:58 re/_trace.py:47 close.started
DEBUG 2026-07-23 10:45:58 re/_trace.py:47 close.complete
DEBUG 2026-07-23 10:45:58 re/_trace.py:47 close.started
DEBUG 2026-07-23 10:45:58 re/_trace.py:47 close.complete
DEBUG 2026-07-23 10:45:58 re/_trace.py:47 close.started
DEBUG 2026-07-23 10:45:58 re/_trace.py:47 close.complete
DEBUG 2026-07-23 10:45:58 re/_trace.py:47 close.started
DEBUG 2026-07-23 10:45:58 re/_trace.py:47 close.complete
DEBUG 2026-07-23 10:45:58 re/_trace.py:47 close.started
DEBUG 2026-07-23 10:45:58 re/_trace.py:47 close.complete
DEBUG 2026-07-23 10:45:58 re/_trace.py:47 close.started
DEBUG 2026-07-23 10:45:58 re/_trace.py:47 close.complete
DEBUG 2026-07-23 10:45:59 re/_trace.py:47 close.started
DEBUG 2026-07-23 10:45:59 re/_trace.py:47 close.complete
DEBUG 2026-07-23 10:45:59 re/_trace.py:47 close.started
DEBUG 2026-07-23 10:45:59 re/_trace.py:47 close.complete
DEBUG 2026-07-23 10:45:59 re/_trace.py:47 close.started
DEBUG 2026-07-23 10:45:59 re/_trace.py:47 close.complete
DEBUG 2026-07-23 10:54:42 re/_trace.py:47 close.started
DEBUG 2026-07-23 10:54:42 re/_trace.py:47 close.complete
DEBUG 2026-07-23 10:54:42 re/_trace.py:47 close.started
DEBUG 2026-07-23 10:54:42 re/_trace.py:47 close.complete
DEBUG 2026-07-23 10:54:42 re/_trace.py:47 close.started
DEBUG 2026-07-23 10:54:42 re/_trace.py:47 close.complete
DEBUG 2026-07-23 10:54:42 re/_trace.py:47 close.started
DEBUG 2026-07-23 10:54:42 re/_trace.py:47 close.complete
DEBUG 2026-07-23 10:54:42 re/_trace.py:47 close.started
DEBUG 2026-07-23 10:54:42 re/_trace.py:47 close.complete
DEBUG 2026-07-23 10:54:43 re/_trace.py:47 close.started
DEBUG 2026-07-23 10:54:43 re/_trace.py:47 close.complete
DEBUG 2026-07-23 10:54:43 re/_trace.py:47 close.started
DEBUG 2026-07-23 10:54:43 re/_trace.py:47 close.complete
DEBUG 2026-07-23 10:54:43 re/_trace.py:47 close.started
DEBUG 2026-07-23 10:54:43 re/_trace.py:47 close.complete
DEBUG 2026-07-23 10:54:43 re/_trace.py:47 close.started
DEBUG 2026-07-23 10:54:43 re/_trace.py:47 close.complete
DEBUG 2026-07-23 10:54:43 re/_trace.py:47 close.started
DEBUG 2026-07-23 10:54:43 re/_trace.py:47 close.complete
INFO 2026-07-23 10:58:18 ot_train.py:459 step:14K smpl:8M ep:5K epch:104.81 loss:0.003 grdn:0.216 lr:5.7e-05 updt_s:3.520 data_s:0.421
DEBUG 2026-07-23 11:03:26 re/_trace.py:47 close.started
DEBUG 2026-07-23 11:03:26 re/_trace.py:47 close.complete
DEBUG 2026-07-23 11:03:26 re/_trace.py:47 close.started
DEBUG 2026-07-23 11:03:26 re/_trace.py:47 close.complete
DEBUG 2026-07-23 11:03:27 re/_trace.py:47 close.started
DEBUG 2026-07-23 11:03:27 re/_trace.py:47 close.complete
DEBUG 2026-07-23 11:03:27 re/_trace.py:47 close.started
DEBUG 2026-07-23 11:03:27 re/_trace.py:47 close.complete
DEBUG 2026-07-23 11:03:27 re/_trace.py:47 close.started
DEBUG 2026-07-23 11:03:27 re/_trace.py:47 close.complete
DEBUG 2026-07-23 11:03:27 re/_trace.py:47 close.started
DEBUG 2026-07-23 11:03:27 re/_trace.py:47 close.complete
DEBUG 2026-07-23 11:03:27 re/_trace.py:47 close.started
DEBUG 2026-07-23 11:03:27 re/_trace.py:47 close.complete
DEBUG 2026-07-23 11:03:27 re/_trace.py:47 close.started
DEBUG 2026-07-23 11:03:27 re/_trace.py:47 close.complete
DEBUG 2026-07-23 11:03:27 re/_trace.py:47 close.started
DEBUG 2026-07-23 11:03:27 re/_trace.py:47 close.complete
DEBUG 2026-07-23 11:03:27 re/_trace.py:47 close.started
DEBUG 2026-07-23 11:03:27 re/_trace.py:47 close.complete
INFO 2026-07-23 11:10:34 ot_train.py:459 step:15K smpl:8M ep:5K epch:106.27 loss:0.003 grdn:0.219 lr:5.6e-05 updt_s:3.435 data_s:0.239
DEBUG 2026-07-23 11:12:10 re/_trace.py:47 close.started
DEBUG 2026-07-23 11:12:10 re/_trace.py:47 close.complete
DEBUG 2026-07-23 11:12:10 re/_trace.py:47 close.started
DEBUG 2026-07-23 11:12:10 re/_trace.py:47 close.complete
DEBUG 2026-07-23 11:12:10 re/_trace.py:47 close.started
DEBUG 2026-07-23 11:12:10 re/_trace.py:47 close.complete
DEBUG 2026-07-23 11:12:10 re/_trace.py:47 close.started
DEBUG 2026-07-23 11:12:10 re/_trace.py:47 close.complete
DEBUG 2026-07-23 11:12:10 re/_trace.py:47 close.started
DEBUG 2026-07-23 11:12:10 re/_trace.py:47 close.complete
DEBUG 2026-07-23 11:12:10 re/_trace.py:47 close.started
DEBUG 2026-07-23 11:12:10 re/_trace.py:47 close.complete
DEBUG 2026-07-23 11:12:11 re/_trace.py:47 close.started
DEBUG 2026-07-23 11:12:11 re/_trace.py:47 close.complete
DEBUG 2026-07-23 11:12:11 re/_trace.py:47 close.started
DEBUG 2026-07-23 11:12:11 re/_trace.py:47 close.complete
DEBUG 2026-07-23 11:12:11 re/_trace.py:47 close.started
DEBUG 2026-07-23 11:12:11 re/_trace.py:47 close.complete
DEBUG 2026-07-23 11:12:11 re/_trace.py:47 close.started
DEBUG 2026-07-23 11:12:11 re/_trace.py:47 close.complete
DEBUG 2026-07-23 11:20:55 re/_trace.py:47 close.started
DEBUG 2026-07-23 11:20:55 re/_trace.py:47 close.complete
DEBUG 2026-07-23 11:20:55 re/_trace.py:47 close.started
DEBUG 2026-07-23 11:20:55 re/_trace.py:47 close.complete
DEBUG 2026-07-23 11:20:55 re/_trace.py:47 close.started
DEBUG 2026-07-23 11:20:55 re/_trace.py:47 close.complete
DEBUG 2026-07-23 11:20:55 re/_trace.py:47 close.started
DEBUG 2026-07-23 11:20:55 re/_trace.py:47 close.complete
DEBUG 2026-07-23 11:20:55 re/_trace.py:47 close.started
DEBUG 2026-07-23 11:20:55 re/_trace.py:47 close.complete
DEBUG 2026-07-23 11:20:56 re/_trace.py:47 close.started
DEBUG 2026-07-23 11:20:56 re/_trace.py:47 close.complete
DEBUG 2026-07-23 11:20:56 re/_trace.py:47 close.started
DEBUG 2026-07-23 11:20:56 re/_trace.py:47 close.complete
DEBUG 2026-07-23 11:20:56 re/_trace.py:47 close.started
DEBUG 2026-07-23 11:20:56 re/_trace.py:47 close.complete
DEBUG 2026-07-23 11:20:56 re/_trace.py:47 close.started
DEBUG 2026-07-23 11:20:56 re/_trace.py:47 close.complete
DEBUG 2026-07-23 11:20:56 re/_trace.py:47 close.started
DEBUG 2026-07-23 11:20:56 re/_trace.py:47 close.complete
INFO 2026-07-23 11:23:47 ot_train.py:459 step:15K smpl:8M ep:5K epch:107.72 loss:0.003 grdn:0.216 lr:5.5e-05 updt_s:3.481 data_s:0.481
DEBUG 2026-07-23 11:29:45 re/_trace.py:47 close.started
DEBUG 2026-07-23 11:29:45 re/_trace.py:47 close.complete
DEBUG 2026-07-23 11:29:45 re/_trace.py:47 close.started
DEBUG 2026-07-23 11:29:45 re/_trace.py:47 close.complete
DEBUG 2026-07-23 11:29:45 re/_trace.py:47 close.started
DEBUG 2026-07-23 11:29:45 re/_trace.py:47 close.complete
DEBUG 2026-07-23 11:29:45 re/_trace.py:47 close.started
DEBUG 2026-07-23 11:29:45 re/_trace.py:47 close.complete
DEBUG 2026-07-23 11:29:45 re/_trace.py:47 close.started
DEBUG 2026-07-23 11:29:45 re/_trace.py:47 close.complete
DEBUG 2026-07-23 11:29:45 re/_trace.py:47 close.started
DEBUG 2026-07-23 11:29:45 re/_trace.py:47 close.complete
DEBUG 2026-07-23 11:29:45 re/_trace.py:47 close.started
DEBUG 2026-07-23 11:29:45 re/_trace.py:47 close.complete
DEBUG 2026-07-23 11:29:45 re/_trace.py:47 close.started
DEBUG 2026-07-23 11:29:45 re/_trace.py:47 close.complete
DEBUG 2026-07-23 11:29:45 re/_trace.py:47 close.started
DEBUG 2026-07-23 11:29:45 re/_trace.py:47 close.complete
DEBUG 2026-07-23 11:29:45 re/_trace.py:47 close.started
DEBUG 2026-07-23 11:29:45 re/_trace.py:47 close.complete
INFO 2026-07-23 11:36:08 ot_train.py:459 step:15K smpl:8M ep:5K epch:109.18 loss:0.003 grdn:0.222 lr:5.4e-05 updt_s:3.464 data_s:0.241
INFO 2026-07-23 11:36:08 ot_train.py:479 Checkpoint policy after step 15000
DEBUG 2026-07-23 11:38:52 re/_trace.py:47 close.started
DEBUG 2026-07-23 11:38:52 re/_trace.py:47 close.complete
DEBUG 2026-07-23 11:38:52 re/_trace.py:47 close.started
DEBUG 2026-07-23 11:38:52 re/_trace.py:47 close.complete
DEBUG 2026-07-23 11:38:52 re/_trace.py:47 close.started
DEBUG 2026-07-23 11:38:52 re/_trace.py:47 close.complete
DEBUG 2026-07-23 11:38:52 re/_trace.py:47 close.started
DEBUG 2026-07-23 11:38:52 re/_trace.py:47 close.complete
DEBUG 2026-07-23 11:38:52 re/_trace.py:47 close.started
DEBUG 2026-07-23 11:38:52 re/_trace.py:47 close.complete
DEBUG 2026-07-23 11:38:53 re/_trace.py:47 close.started
DEBUG 2026-07-23 11:38:53 re/_trace.py:47 close.complete
DEBUG 2026-07-23 11:38:53 re/_trace.py:47 close.started
DEBUG 2026-07-23 11:38:53 re/_trace.py:47 close.complete
DEBUG 2026-07-23 11:38:53 re/_trace.py:47 close.started
DEBUG 2026-07-23 11:38:53 re/_trace.py:47 close.complete
DEBUG 2026-07-23 11:38:53 re/_trace.py:47 close.started
DEBUG 2026-07-23 11:38:53 re/_trace.py:47 close.complete
DEBUG 2026-07-23 11:38:53 re/_trace.py:47 close.started
DEBUG 2026-07-23 11:38:53 re/_trace.py:47 close.complete
DEBUG 2026-07-23 11:47:37 re/_trace.py:47 close.started
DEBUG 2026-07-23 11:47:37 re/_trace.py:47 close.complete
DEBUG 2026-07-23 11:47:37 re/_trace.py:47 close.started
DEBUG 2026-07-23 11:47:37 re/_trace.py:47 close.complete
DEBUG 2026-07-23 11:47:37 re/_trace.py:47 close.started
DEBUG 2026-07-23 11:47:37 re/_trace.py:47 close.complete
DEBUG 2026-07-23 11:47:38 re/_trace.py:47 close.started
DEBUG 2026-07-23 11:47:38 re/_trace.py:47 close.complete
DEBUG 2026-07-23 11:47:38 re/_trace.py:47 close.started
DEBUG 2026-07-23 11:47:38 re/_trace.py:47 close.complete
DEBUG 2026-07-23 11:47:38 re/_trace.py:47 close.started
DEBUG 2026-07-23 11:47:38 re/_trace.py:47 close.complete
DEBUG 2026-07-23 11:47:38 re/_trace.py:47 close.started
DEBUG 2026-07-23 11:47:38 re/_trace.py:47 close.complete
DEBUG 2026-07-23 11:47:38 re/_trace.py:47 close.started
DEBUG 2026-07-23 11:47:38 re/_trace.py:47 close.complete
DEBUG 2026-07-23 11:47:38 re/_trace.py:47 close.started
DEBUG 2026-07-23 11:47:38 re/_trace.py:47 close.complete
DEBUG 2026-07-23 11:47:38 re/_trace.py:47 close.started
DEBUG 2026-07-23 11:47:38 re/_trace.py:47 close.complete
INFO 2026-07-23 11:49:31 ot_train.py:459 step:15K smpl:8M ep:6K epch:110.64 loss:0.003 grdn:0.201 lr:5.3e-05 updt_s:3.488 data_s:0.428
DEBUG 2026-07-23 11:56:22 re/_trace.py:47 close.started
DEBUG 2026-07-23 11:56:22 re/_trace.py:47 close.complete
DEBUG 2026-07-23 11:56:22 re/_trace.py:47 close.started
DEBUG 2026-07-23 11:56:22 re/_trace.py:47 close.complete
DEBUG 2026-07-23 11:56:23 re/_trace.py:47 close.started
DEBUG 2026-07-23 11:56:23 re/_trace.py:47 close.complete
DEBUG 2026-07-23 11:56:23 re/_trace.py:47 close.started
DEBUG 2026-07-23 11:56:23 re/_trace.py:47 close.complete
DEBUG 2026-07-23 11:56:23 re/_trace.py:47 close.started
DEBUG 2026-07-23 11:56:23 re/_trace.py:47 close.complete
DEBUG 2026-07-23 11:56:23 re/_trace.py:47 close.started
DEBUG 2026-07-23 11:56:23 re/_trace.py:47 close.complete
DEBUG 2026-07-23 11:56:23 re/_trace.py:47 close.started
DEBUG 2026-07-23 11:56:23 re/_trace.py:47 close.complete
DEBUG 2026-07-23 11:56:23 re/_trace.py:47 close.started
DEBUG 2026-07-23 11:56:23 re/_trace.py:47 close.complete
DEBUG 2026-07-23 11:56:23 re/_trace.py:47 close.started
DEBUG 2026-07-23 11:56:23 re/_trace.py:47 close.complete
DEBUG 2026-07-23 11:56:23 re/_trace.py:47 close.started
DEBUG 2026-07-23 11:56:23 re/_trace.py:47 close.complete
INFO 2026-07-23 12:01:55 ot_train.py:459 step:15K smpl:8M ep:6K epch:112.09 loss:0.003 grdn:0.199 lr:5.2e-05 updt_s:3.473 data_s:0.243
DEBUG 2026-07-23 12:05:07 re/_trace.py:47 close.started
DEBUG 2026-07-23 12:05:07 re/_trace.py:47 close.complete
DEBUG 2026-07-23 12:05:07 re/_trace.py:47 close.started
DEBUG 2026-07-23 12:05:07 re/_trace.py:47 close.complete
DEBUG 2026-07-23 12:05:08 re/_trace.py:47 close.started
DEBUG 2026-07-23 12:05:08 re/_trace.py:47 close.complete
DEBUG 2026-07-23 12:05:08 re/_trace.py:47 close.started
DEBUG 2026-07-23 12:05:08 re/_trace.py:47 close.complete
DEBUG 2026-07-23 12:05:08 re/_trace.py:47 close.started
DEBUG 2026-07-23 12:05:08 re/_trace.py:47 close.complete
DEBUG 2026-07-23 12:05:08 re/_trace.py:47 close.started
DEBUG 2026-07-23 12:05:08 re/_trace.py:47 close.complete
DEBUG 2026-07-23 12:05:08 re/_trace.py:47 close.started
DEBUG 2026-07-23 12:05:08 re/_trace.py:47 close.complete
DEBUG 2026-07-23 12:05:08 re/_trace.py:47 close.started
DEBUG 2026-07-23 12:05:08 re/_trace.py:47 close.complete
DEBUG 2026-07-23 12:05:08 re/_trace.py:47 close.started
DEBUG 2026-07-23 12:05:08 re/_trace.py:47 close.complete
DEBUG 2026-07-23 12:05:08 re/_trace.py:47 close.started
DEBUG 2026-07-23 12:05:08 re/_trace.py:47 close.complete
DEBUG 2026-07-23 12:13:48 re/_trace.py:47 close.started
DEBUG 2026-07-23 12:13:48 re/_trace.py:47 close.complete
DEBUG 2026-07-23 12:13:48 re/_trace.py:47 close.started
DEBUG 2026-07-23 12:13:48 re/_trace.py:47 close.complete
DEBUG 2026-07-23 12:13:48 re/_trace.py:47 close.started
DEBUG 2026-07-23 12:13:48 re/_trace.py:47 close.complete
DEBUG 2026-07-23 12:13:48 re/_trace.py:47 close.started
DEBUG 2026-07-23 12:13:48 re/_trace.py:47 close.complete
DEBUG 2026-07-23 12:13:48 re/_trace.py:47 close.started
DEBUG 2026-07-23 12:13:48 re/_trace.py:47 close.complete
DEBUG 2026-07-23 12:13:48 re/_trace.py:47 close.started
DEBUG 2026-07-23 12:13:48 re/_trace.py:47 close.complete
DEBUG 2026-07-23 12:13:48 re/_trace.py:47 close.started
DEBUG 2026-07-23 12:13:48 re/_trace.py:47 close.complete
DEBUG 2026-07-23 12:13:48 re/_trace.py:47 close.started
DEBUG 2026-07-23 12:13:48 re/_trace.py:47 close.complete
DEBUG 2026-07-23 12:13:48 re/_trace.py:47 close.started
DEBUG 2026-07-23 12:13:48 re/_trace.py:47 close.complete
DEBUG 2026-07-23 12:13:49 re/_trace.py:47 close.started
DEBUG 2026-07-23 12:13:49 re/_trace.py:47 close.complete
INFO 2026-07-23 12:14:50 ot_train.py:459 step:16K smpl:8M ep:6K epch:113.55 loss:0.003 grdn:0.208 lr:5.1e-05 updt_s:3.454 data_s:0.417
DEBUG 2026-07-23 12:22:34 re/_trace.py:47 close.started
DEBUG 2026-07-23 12:22:34 re/_trace.py:47 close.complete
DEBUG 2026-07-23 12:22:34 re/_trace.py:47 close.started
DEBUG 2026-07-23 12:22:34 re/_trace.py:47 close.complete
DEBUG 2026-07-23 12:22:34 re/_trace.py:47 close.started
DEBUG 2026-07-23 12:22:34 re/_trace.py:47 close.complete
DEBUG 2026-07-23 12:22:34 re/_trace.py:47 close.started
DEBUG 2026-07-23 12:22:34 re/_trace.py:47 close.complete
DEBUG 2026-07-23 12:22:34 re/_trace.py:47 close.started
DEBUG 2026-07-23 12:22:34 re/_trace.py:47 close.complete
DEBUG 2026-07-23 12:22:34 re/_trace.py:47 close.started
DEBUG 2026-07-23 12:22:34 re/_trace.py:47 close.complete
DEBUG 2026-07-23 12:22:34 re/_trace.py:47 close.started
DEBUG 2026-07-23 12:22:34 re/_trace.py:47 close.complete
DEBUG 2026-07-23 12:22:34 re/_trace.py:47 close.started
DEBUG 2026-07-23 12:22:34 re/_trace.py:47 close.complete
DEBUG 2026-07-23 12:22:35 re/_trace.py:47 close.started
DEBUG 2026-07-23 12:22:35 re/_trace.py:47 close.complete
DEBUG 2026-07-23 12:22:35 re/_trace.py:47 close.started
DEBUG 2026-07-23 12:22:35 re/_trace.py:47 close.complete
INFO 2026-07-23 12:27:19 ot_train.py:459 step:16K smpl:8M ep:6K epch:115.00 loss:0.003 grdn:0.204 lr:5.0e-05 updt_s:3.497 data_s:0.245
DEBUG 2026-07-23 12:31:19 re/_trace.py:47 close.started
DEBUG 2026-07-23 12:31:19 re/_trace.py:47 close.complete
DEBUG 2026-07-23 12:31:19 re/_trace.py:47 close.started
DEBUG 2026-07-23 12:31:19 re/_trace.py:47 close.complete
DEBUG 2026-07-23 12:31:19 re/_trace.py:47 close.started
DEBUG 2026-07-23 12:31:19 re/_trace.py:47 close.complete
DEBUG 2026-07-23 12:31:19 re/_trace.py:47 close.started
DEBUG 2026-07-23 12:31:19 re/_trace.py:47 close.complete
DEBUG 2026-07-23 12:31:19 re/_trace.py:47 close.started
DEBUG 2026-07-23 12:31:19 re/_trace.py:47 close.complete
DEBUG 2026-07-23 12:31:19 re/_trace.py:47 close.started
DEBUG 2026-07-23 12:31:19 re/_trace.py:47 close.complete
DEBUG 2026-07-23 12:31:19 re/_trace.py:47 close.started
DEBUG 2026-07-23 12:31:19 re/_trace.py:47 close.complete
DEBUG 2026-07-23 12:31:19 re/_trace.py:47 close.started
DEBUG 2026-07-23 12:31:19 re/_trace.py:47 close.complete
DEBUG 2026-07-23 12:31:19 re/_trace.py:47 close.started
DEBUG 2026-07-23 12:31:19 re/_trace.py:47 close.complete
DEBUG 2026-07-23 12:31:20 re/_trace.py:47 close.started
DEBUG 2026-07-23 12:31:20 re/_trace.py:47 close.complete
INFO 2026-07-23 12:39:34 ot_train.py:459 step:16K smpl:8M ep:6K epch:116.46 loss:0.003 grdn:0.195 lr:4.8e-05 updt_s:3.450 data_s:0.225
DEBUG 2026-07-23 12:40:02 re/_trace.py:47 close.started
DEBUG 2026-07-23 12:40:02 re/_trace.py:47 close.complete
DEBUG 2026-07-23 12:40:03 re/_trace.py:47 close.started
DEBUG 2026-07-23 12:40:03 re/_trace.py:47 close.complete
DEBUG 2026-07-23 12:40:03 re/_trace.py:47 close.started
DEBUG 2026-07-23 12:40:03 re/_trace.py:47 close.complete
DEBUG 2026-07-23 12:40:03 re/_trace.py:47 close.started
DEBUG 2026-07-23 12:40:03 re/_trace.py:47 close.complete
DEBUG 2026-07-23 12:40:03 re/_trace.py:47 close.started
DEBUG 2026-07-23 12:40:03 re/_trace.py:47 close.complete
DEBUG 2026-07-23 12:40:03 re/_trace.py:47 close.started
DEBUG 2026-07-23 12:40:03 re/_trace.py:47 close.complete
DEBUG 2026-07-23 12:40:03 re/_trace.py:47 close.started
DEBUG 2026-07-23 12:40:03 re/_trace.py:47 close.complete
DEBUG 2026-07-23 12:40:03 re/_trace.py:47 close.started
DEBUG 2026-07-23 12:40:03 re/_trace.py:47 close.complete
DEBUG 2026-07-23 12:40:03 re/_trace.py:47 close.started
DEBUG 2026-07-23 12:40:03 re/_trace.py:47 close.complete
DEBUG 2026-07-23 12:40:04 re/_trace.py:47 close.started
DEBUG 2026-07-23 12:40:04 re/_trace.py:47 close.complete
DEBUG 2026-07-23 12:48:51 re/_trace.py:47 close.started
DEBUG 2026-07-23 12:48:51 re/_trace.py:47 close.complete
DEBUG 2026-07-23 12:48:51 re/_trace.py:47 close.started
DEBUG 2026-07-23 12:48:51 re/_trace.py:47 close.complete
DEBUG 2026-07-23 12:48:51 re/_trace.py:47 close.started
DEBUG 2026-07-23 12:48:51 re/_trace.py:47 close.complete
DEBUG 2026-07-23 12:48:51 re/_trace.py:47 close.started
DEBUG 2026-07-23 12:48:51 re/_trace.py:47 close.complete
DEBUG 2026-07-23 12:48:51 re/_trace.py:47 close.started
DEBUG 2026-07-23 12:48:51 re/_trace.py:47 close.complete
DEBUG 2026-07-23 12:48:51 re/_trace.py:47 close.started
DEBUG 2026-07-23 12:48:51 re/_trace.py:47 close.complete
DEBUG 2026-07-23 12:48:51 re/_trace.py:47 close.started
DEBUG 2026-07-23 12:48:51 re/_trace.py:47 close.complete
DEBUG 2026-07-23 12:48:52 re/_trace.py:47 close.started
DEBUG 2026-07-23 12:48:52 re/_trace.py:47 close.complete
DEBUG 2026-07-23 12:48:52 re/_trace.py:47 close.started
DEBUG 2026-07-23 12:48:52 re/_trace.py:47 close.complete
DEBUG 2026-07-23 12:48:52 re/_trace.py:47 close.started
DEBUG 2026-07-23 12:48:52 re/_trace.py:47 close.complete
INFO 2026-07-23 12:52:46 ot_train.py:459 step:16K smpl:9M ep:6K epch:117.91 loss:0.003 grdn:0.195 lr:4.7e-05 updt_s:3.520 data_s:0.437
DEBUG 2026-07-23 12:57:35 re/_trace.py:47 close.started
DEBUG 2026-07-23 12:57:35 re/_trace.py:47 close.complete
DEBUG 2026-07-23 12:57:35 re/_trace.py:47 close.started
DEBUG 2026-07-23 12:57:35 re/_trace.py:47 close.complete
DEBUG 2026-07-23 12:57:35 re/_trace.py:47 close.started
DEBUG 2026-07-23 12:57:35 re/_trace.py:47 close.complete
DEBUG 2026-07-23 12:57:35 re/_trace.py:47 close.started
DEBUG 2026-07-23 12:57:35 re/_trace.py:47 close.complete
DEBUG 2026-07-23 12:57:36 re/_trace.py:47 close.started
DEBUG 2026-07-23 12:57:36 re/_trace.py:47 close.complete
DEBUG 2026-07-23 12:57:36 re/_trace.py:47 close.started
DEBUG 2026-07-23 12:57:36 re/_trace.py:47 close.complete
DEBUG 2026-07-23 12:57:36 re/_trace.py:47 close.started
DEBUG 2026-07-23 12:57:36 re/_trace.py:47 close.complete
DEBUG 2026-07-23 12:57:36 re/_trace.py:47 close.started
DEBUG 2026-07-23 12:57:36 re/_trace.py:47 close.complete
DEBUG 2026-07-23 12:57:36 re/_trace.py:47 close.started
DEBUG 2026-07-23 12:57:36 re/_trace.py:47 close.complete
DEBUG 2026-07-23 12:57:36 re/_trace.py:47 close.started
DEBUG 2026-07-23 12:57:36 re/_trace.py:47 close.complete
INFO 2026-07-23 13:05:06 ot_train.py:459 step:16K smpl:9M ep:6K epch:119.37 loss:0.002 grdn:0.178 lr:4.6e-05 updt_s:3.452 data_s:0.242
DEBUG 2026-07-23 13:06:22 re/_trace.py:47 close.started
DEBUG 2026-07-23 13:06:22 re/_trace.py:47 close.complete
DEBUG 2026-07-23 13:06:22 re/_trace.py:47 close.started
DEBUG 2026-07-23 13:06:22 re/_trace.py:47 close.complete
DEBUG 2026-07-23 13:06:22 re/_trace.py:47 close.started
DEBUG 2026-07-23 13:06:22 re/_trace.py:47 close.complete
DEBUG 2026-07-23 13:06:22 re/_trace.py:47 close.started
DEBUG 2026-07-23 13:06:22 re/_trace.py:47 close.complete
DEBUG 2026-07-23 13:06:22 re/_trace.py:47 close.started
DEBUG 2026-07-23 13:06:22 re/_trace.py:47 close.complete
DEBUG 2026-07-23 13:06:23 re/_trace.py:47 close.started
DEBUG 2026-07-23 13:06:23 re/_trace.py:47 close.complete
DEBUG 2026-07-23 13:06:23 re/_trace.py:47 close.started
DEBUG 2026-07-23 13:06:23 re/_trace.py:47 close.complete
DEBUG 2026-07-23 13:06:23 re/_trace.py:47 close.started
DEBUG 2026-07-23 13:06:23 re/_trace.py:47 close.complete
DEBUG 2026-07-23 13:06:23 re/_trace.py:47 close.started
DEBUG 2026-07-23 13:06:23 re/_trace.py:47 close.complete
DEBUG 2026-07-23 13:06:23 re/_trace.py:47 close.started
DEBUG 2026-07-23 13:06:23 re/_trace.py:47 close.complete
DEBUG 2026-07-23 13:15:05 re/_trace.py:47 close.started
DEBUG 2026-07-23 13:15:05 re/_trace.py:47 close.complete
DEBUG 2026-07-23 13:15:05 re/_trace.py:47 close.started
DEBUG 2026-07-23 13:15:05 re/_trace.py:47 close.complete
DEBUG 2026-07-23 13:15:06 re/_trace.py:47 close.started
DEBUG 2026-07-23 13:15:06 re/_trace.py:47 close.complete
DEBUG 2026-07-23 13:15:06 re/_trace.py:47 close.started
DEBUG 2026-07-23 13:15:06 re/_trace.py:47 close.complete
DEBUG 2026-07-23 13:15:06 re/_trace.py:47 close.started
DEBUG 2026-07-23 13:15:06 re/_trace.py:47 close.complete
DEBUG 2026-07-23 13:15:06 re/_trace.py:47 close.started
DEBUG 2026-07-23 13:15:06 re/_trace.py:47 close.complete
DEBUG 2026-07-23 13:15:06 re/_trace.py:47 close.started
DEBUG 2026-07-23 13:15:06 re/_trace.py:47 close.complete
DEBUG 2026-07-23 13:15:06 re/_trace.py:47 close.started
DEBUG 2026-07-23 13:15:06 re/_trace.py:47 close.complete
DEBUG 2026-07-23 13:15:06 re/_trace.py:47 close.started
DEBUG 2026-07-23 13:15:06 re/_trace.py:47 close.complete
DEBUG 2026-07-23 13:15:06 re/_trace.py:47 close.started
DEBUG 2026-07-23 13:15:06 re/_trace.py:47 close.complete
INFO 2026-07-23 13:18:15 ot_train.py:459 step:17K smpl:9M ep:6K epch:120.83 loss:0.003 grdn:0.201 lr:4.5e-05 updt_s:3.527 data_s:0.415
DEBUG 2026-07-23 13:23:53 re/_trace.py:47 close.started
DEBUG 2026-07-23 13:23:53 re/_trace.py:47 close.complete
DEBUG 2026-07-23 13:23:53 re/_trace.py:47 close.started
DEBUG 2026-07-23 13:23:53 re/_trace.py:47 close.complete
DEBUG 2026-07-23 13:23:53 re/_trace.py:47 close.started
DEBUG 2026-07-23 13:23:53 re/_trace.py:47 close.complete
DEBUG 2026-07-23 13:23:53 re/_trace.py:47 close.started
DEBUG 2026-07-23 13:23:53 re/_trace.py:47 close.complete
DEBUG 2026-07-23 13:23:53 re/_trace.py:47 close.started
DEBUG 2026-07-23 13:23:53 re/_trace.py:47 close.complete
DEBUG 2026-07-23 13:23:53 re/_trace.py:47 close.started
DEBUG 2026-07-23 13:23:53 re/_trace.py:47 close.complete
DEBUG 2026-07-23 13:23:54 re/_trace.py:47 close.started
DEBUG 2026-07-23 13:23:54 re/_trace.py:47 close.complete
DEBUG 2026-07-23 13:23:54 re/_trace.py:47 close.started
DEBUG 2026-07-23 13:23:54 re/_trace.py:47 close.complete
DEBUG 2026-07-23 13:23:54 re/_trace.py:47 close.started
DEBUG 2026-07-23 13:23:54 re/_trace.py:47 close.complete
DEBUG 2026-07-23 13:23:54 re/_trace.py:47 close.started
DEBUG 2026-07-23 13:23:54 re/_trace.py:47 close.complete
INFO 2026-07-23 13:30:37 ot_train.py:459 step:17K smpl:9M ep:6K epch:122.28 loss:0.002 grdn:0.184 lr:4.4e-05 updt_s:3.457 data_s:0.248
DEBUG 2026-07-23 13:32:41 re/_trace.py:47 close.started
DEBUG 2026-07-23 13:32:41 re/_trace.py:47 close.complete
DEBUG 2026-07-23 13:32:41 re/_trace.py:47 close.started
DEBUG 2026-07-23 13:32:41 re/_trace.py:47 close.complete
DEBUG 2026-07-23 13:32:41 re/_trace.py:47 close.started
DEBUG 2026-07-23 13:32:41 re/_trace.py:47 close.complete
DEBUG 2026-07-23 13:32:41 re/_trace.py:47 close.started
DEBUG 2026-07-23 13:32:41 re/_trace.py:47 close.complete
DEBUG 2026-07-23 13:32:41 re/_trace.py:47 close.started
DEBUG 2026-07-23 13:32:41 re/_trace.py:47 close.complete
DEBUG 2026-07-23 13:32:41 re/_trace.py:47 close.started
DEBUG 2026-07-23 13:32:41 re/_trace.py:47 close.complete
DEBUG 2026-07-23 13:32:41 re/_trace.py:47 close.started
DEBUG 2026-07-23 13:32:41 re/_trace.py:47 close.complete
DEBUG 2026-07-23 13:32:41 re/_trace.py:47 close.started
DEBUG 2026-07-23 13:32:41 re/_trace.py:47 close.complete
DEBUG 2026-07-23 13:32:42 re/_trace.py:47 close.started
DEBUG 2026-07-23 13:32:42 re/_trace.py:47 close.complete
DEBUG 2026-07-23 13:32:42 re/_trace.py:47 close.started
DEBUG 2026-07-23 13:32:42 re/_trace.py:47 close.complete
DEBUG 2026-07-23 13:41:29 re/_trace.py:47 close.started
DEBUG 2026-07-23 13:41:29 re/_trace.py:47 close.complete
DEBUG 2026-07-23 13:41:30 re/_trace.py:47 close.started
DEBUG 2026-07-23 13:41:30 re/_trace.py:47 close.complete
DEBUG 2026-07-23 13:41:30 re/_trace.py:47 close.started
DEBUG 2026-07-23 13:41:30 re/_trace.py:47 close.complete
DEBUG 2026-07-23 13:41:30 re/_trace.py:47 close.started
DEBUG 2026-07-23 13:41:30 re/_trace.py:47 close.complete
DEBUG 2026-07-23 13:41:30 re/_trace.py:47 close.started
DEBUG 2026-07-23 13:41:30 re/_trace.py:47 close.complete
DEBUG 2026-07-23 13:41:30 re/_trace.py:47 close.started
DEBUG 2026-07-23 13:41:30 re/_trace.py:47 close.complete
DEBUG 2026-07-23 13:41:30 re/_trace.py:47 close.started
DEBUG 2026-07-23 13:41:30 re/_trace.py:47 close.complete
DEBUG 2026-07-23 13:41:30 re/_trace.py:47 close.started
DEBUG 2026-07-23 13:41:30 re/_trace.py:47 close.complete
DEBUG 2026-07-23 13:41:30 re/_trace.py:47 close.started
DEBUG 2026-07-23 13:41:30 re/_trace.py:47 close.complete
DEBUG 2026-07-23 13:41:31 re/_trace.py:47 close.started
DEBUG 2026-07-23 13:41:31 re/_trace.py:47 close.complete
INFO 2026-07-23 13:43:49 ot_train.py:459 step:17K smpl:9M ep:6K epch:123.74 loss:0.002 grdn:0.182 lr:4.3e-05 updt_s:3.506 data_s:0.450
DEBUG 2026-07-23 13:50:16 re/_trace.py:47 close.started
DEBUG 2026-07-23 13:50:16 re/_trace.py:47 close.complete
DEBUG 2026-07-23 13:50:16 re/_trace.py:47 close.started
DEBUG 2026-07-23 13:50:16 re/_trace.py:47 close.complete
DEBUG 2026-07-23 13:50:16 re/_trace.py:47 close.started
DEBUG 2026-07-23 13:50:16 re/_trace.py:47 close.complete
DEBUG 2026-07-23 13:50:16 re/_trace.py:47 close.started
DEBUG 2026-07-23 13:50:16 re/_trace.py:47 close.complete
DEBUG 2026-07-23 13:50:16 re/_trace.py:47 close.started
DEBUG 2026-07-23 13:50:16 re/_trace.py:47 close.complete
DEBUG 2026-07-23 13:50:16 re/_trace.py:47 close.started
DEBUG 2026-07-23 13:50:16 re/_trace.py:47 close.complete
DEBUG 2026-07-23 13:50:16 re/_trace.py:47 close.started
DEBUG 2026-07-23 13:50:16 re/_trace.py:47 close.complete
DEBUG 2026-07-23 13:50:16 re/_trace.py:47 close.started
DEBUG 2026-07-23 13:50:16 re/_trace.py:47 close.complete
DEBUG 2026-07-23 13:50:16 re/_trace.py:47 close.started
DEBUG 2026-07-23 13:50:16 re/_trace.py:47 close.complete
DEBUG 2026-07-23 13:50:17 re/_trace.py:47 close.started
DEBUG 2026-07-23 13:50:17 re/_trace.py:47 close.complete
INFO 2026-07-23 13:56:06 ot_train.py:459 step:17K smpl:9M ep:6K epch:125.19 loss:0.002 grdn:0.179 lr:4.2e-05 updt_s:3.465 data_s:0.219
DEBUG 2026-07-23 13:58:58 re/_trace.py:47 close.started
DEBUG 2026-07-23 13:58:58 re/_trace.py:47 close.complete
DEBUG 2026-07-23 13:58:58 re/_trace.py:47 close.started
DEBUG 2026-07-23 13:58:58 re/_trace.py:47 close.complete
DEBUG 2026-07-23 13:58:58 re/_trace.py:47 close.started
DEBUG 2026-07-23 13:58:58 re/_trace.py:47 close.complete
DEBUG 2026-07-23 13:58:58 re/_trace.py:47 close.started
DEBUG 2026-07-23 13:58:58 re/_trace.py:47 close.complete
DEBUG 2026-07-23 13:58:58 re/_trace.py:47 close.started
DEBUG 2026-07-23 13:58:58 re/_trace.py:47 close.complete
DEBUG 2026-07-23 13:58:59 re/_trace.py:47 close.started
DEBUG 2026-07-23 13:58:59 re/_trace.py:47 close.complete
DEBUG 2026-07-23 13:58:59 re/_trace.py:47 close.started
DEBUG 2026-07-23 13:58:59 re/_trace.py:47 close.complete
DEBUG 2026-07-23 13:58:59 re/_trace.py:47 close.started
DEBUG 2026-07-23 13:58:59 re/_trace.py:47 close.complete
DEBUG 2026-07-23 13:58:59 re/_trace.py:47 close.started
DEBUG 2026-07-23 13:58:59 re/_trace.py:47 close.complete
DEBUG 2026-07-23 13:58:59 re/_trace.py:47 close.started
DEBUG 2026-07-23 13:58:59 re/_trace.py:47 close.complete
DEBUG 2026-07-23 14:07:44 re/_trace.py:47 close.started
DEBUG 2026-07-23 14:07:44 re/_trace.py:47 close.complete
DEBUG 2026-07-23 14:07:44 re/_trace.py:47 close.started
DEBUG 2026-07-23 14:07:44 re/_trace.py:47 close.complete
DEBUG 2026-07-23 14:07:44 re/_trace.py:47 close.started
DEBUG 2026-07-23 14:07:44 re/_trace.py:47 close.complete
DEBUG 2026-07-23 14:07:44 re/_trace.py:47 close.started
DEBUG 2026-07-23 14:07:44 re/_trace.py:47 close.complete
DEBUG 2026-07-23 14:07:44 re/_trace.py:47 close.started
DEBUG 2026-07-23 14:07:44 re/_trace.py:47 close.complete
DEBUG 2026-07-23 14:07:44 re/_trace.py:47 close.started
DEBUG 2026-07-23 14:07:44 re/_trace.py:47 close.complete
DEBUG 2026-07-23 14:07:44 re/_trace.py:47 close.started
DEBUG 2026-07-23 14:07:44 re/_trace.py:47 close.complete
DEBUG 2026-07-23 14:07:45 re/_trace.py:47 close.started
DEBUG 2026-07-23 14:07:45 re/_trace.py:47 close.complete
DEBUG 2026-07-23 14:07:45 re/_trace.py:47 close.started
DEBUG 2026-07-23 14:07:45 re/_trace.py:47 close.complete
DEBUG 2026-07-23 14:07:45 re/_trace.py:47 close.started
DEBUG 2026-07-23 14:07:45 re/_trace.py:47 close.complete
INFO 2026-07-23 14:09:08 ot_train.py:459 step:17K smpl:9M ep:6K epch:126.65 loss:0.002 grdn:0.179 lr:4.1e-05 updt_s:3.477 data_s:0.432
DEBUG 2026-07-23 14:16:29 re/_trace.py:47 close.started
DEBUG 2026-07-23 14:16:29 re/_trace.py:47 close.complete
DEBUG 2026-07-23 14:16:30 re/_trace.py:47 close.started
DEBUG 2026-07-23 14:16:30 re/_trace.py:47 close.complete
DEBUG 2026-07-23 14:16:30 re/_trace.py:47 close.started
DEBUG 2026-07-23 14:16:30 re/_trace.py:47 close.complete
DEBUG 2026-07-23 14:16:30 re/_trace.py:47 close.started
DEBUG 2026-07-23 14:16:30 re/_trace.py:47 close.complete
DEBUG 2026-07-23 14:16:30 re/_trace.py:47 close.started
DEBUG 2026-07-23 14:16:30 re/_trace.py:47 close.complete
DEBUG 2026-07-23 14:16:30 re/_trace.py:47 close.started
DEBUG 2026-07-23 14:16:30 re/_trace.py:47 close.complete
DEBUG 2026-07-23 14:16:30 re/_trace.py:47 close.started
DEBUG 2026-07-23 14:16:30 re/_trace.py:47 close.complete
DEBUG 2026-07-23 14:16:30 re/_trace.py:47 close.started
DEBUG 2026-07-23 14:16:30 re/_trace.py:47 close.complete
DEBUG 2026-07-23 14:16:30 re/_trace.py:47 close.started
DEBUG 2026-07-23 14:16:30 re/_trace.py:47 close.complete
DEBUG 2026-07-23 14:16:30 re/_trace.py:47 close.started
DEBUG 2026-07-23 14:16:30 re/_trace.py:47 close.complete
INFO 2026-07-23 14:21:36 ot_train.py:459 step:18K smpl:9M ep:6K epch:128.10 loss:0.002 grdn:0.165 lr:4.0e-05 updt_s:3.491 data_s:0.243
DEBUG 2026-07-23 14:25:16 re/_trace.py:47 close.started
DEBUG 2026-07-23 14:25:16 re/_trace.py:47 close.complete
DEBUG 2026-07-23 14:25:16 re/_trace.py:47 close.started
DEBUG 2026-07-23 14:25:16 re/_trace.py:47 close.complete
DEBUG 2026-07-23 14:25:16 re/_trace.py:47 close.started
DEBUG 2026-07-23 14:25:16 re/_trace.py:47 close.complete
DEBUG 2026-07-23 14:25:17 re/_trace.py:47 close.started
DEBUG 2026-07-23 14:25:17 re/_trace.py:47 close.complete
DEBUG 2026-07-23 14:25:17 re/_trace.py:47 close.started
DEBUG 2026-07-23 14:25:17 re/_trace.py:47 close.complete
DEBUG 2026-07-23 14:25:17 re/_trace.py:47 close.started
DEBUG 2026-07-23 14:25:17 re/_trace.py:47 close.complete
DEBUG 2026-07-23 14:25:17 re/_trace.py:47 close.started
DEBUG 2026-07-23 14:25:17 re/_trace.py:47 close.complete
DEBUG 2026-07-23 14:25:17 re/_trace.py:47 close.started
DEBUG 2026-07-23 14:25:17 re/_trace.py:47 close.complete
DEBUG 2026-07-23 14:25:17 re/_trace.py:47 close.started
DEBUG 2026-07-23 14:25:17 re/_trace.py:47 close.complete
DEBUG 2026-07-23 14:25:17 re/_trace.py:47 close.started
DEBUG 2026-07-23 14:25:17 re/_trace.py:47 close.complete
INFO 2026-07-23 14:33:53 ot_train.py:459 step:18K smpl:9M ep:6K epch:129.56 loss:0.002 grdn:0.173 lr:3.9e-05 updt_s:3.436 data_s:0.248
DEBUG 2026-07-23 14:34:01 re/_trace.py:47 close.started
DEBUG 2026-07-23 14:34:01 re/_trace.py:47 close.complete
DEBUG 2026-07-23 14:34:01 re/_trace.py:47 close.started
DEBUG 2026-07-23 14:34:01 re/_trace.py:47 close.complete
DEBUG 2026-07-23 14:34:01 re/_trace.py:47 close.started
DEBUG 2026-07-23 14:34:01 re/_trace.py:47 close.complete
DEBUG 2026-07-23 14:34:01 re/_trace.py:47 close.started
DEBUG 2026-07-23 14:34:01 re/_trace.py:47 close.complete
DEBUG 2026-07-23 14:34:01 re/_trace.py:47 close.started
DEBUG 2026-07-23 14:34:01 re/_trace.py:47 close.complete
DEBUG 2026-07-23 14:34:02 re/_trace.py:47 close.started
DEBUG 2026-07-23 14:34:02 re/_trace.py:47 close.complete
DEBUG 2026-07-23 14:34:02 re/_trace.py:47 close.started
DEBUG 2026-07-23 14:34:02 re/_trace.py:47 close.complete
DEBUG 2026-07-23 14:34:02 re/_trace.py:47 close.started
DEBUG 2026-07-23 14:34:02 re/_trace.py:47 close.complete
DEBUG 2026-07-23 14:34:02 re/_trace.py:47 close.started
DEBUG 2026-07-23 14:34:02 re/_trace.py:47 close.complete
DEBUG 2026-07-23 14:34:02 re/_trace.py:47 close.started
DEBUG 2026-07-23 14:34:02 re/_trace.py:47 close.complete
DEBUG 2026-07-23 14:42:47 re/_trace.py:47 close.started
DEBUG 2026-07-23 14:42:47 re/_trace.py:47 close.complete
DEBUG 2026-07-23 14:42:47 re/_trace.py:47 close.started
DEBUG 2026-07-23 14:42:47 re/_trace.py:47 close.complete
DEBUG 2026-07-23 14:42:48 re/_trace.py:47 close.started
DEBUG 2026-07-23 14:42:48 re/_trace.py:47 close.complete
DEBUG 2026-07-23 14:42:48 re/_trace.py:47 close.started
DEBUG 2026-07-23 14:42:48 re/_trace.py:47 close.complete
DEBUG 2026-07-23 14:42:48 re/_trace.py:47 close.started
DEBUG 2026-07-23 14:42:48 re/_trace.py:47 close.complete
DEBUG 2026-07-23 14:42:48 re/_trace.py:47 close.started
DEBUG 2026-07-23 14:42:48 re/_trace.py:47 close.complete
DEBUG 2026-07-23 14:42:48 re/_trace.py:47 close.started
DEBUG 2026-07-23 14:42:48 re/_trace.py:47 close.complete
DEBUG 2026-07-23 14:42:48 re/_trace.py:47 close.started
DEBUG 2026-07-23 14:42:48 re/_trace.py:47 close.complete
DEBUG 2026-07-23 14:42:48 re/_trace.py:47 close.started
DEBUG 2026-07-23 14:42:48 re/_trace.py:47 close.complete
DEBUG 2026-07-23 14:42:48 re/_trace.py:47 close.started
DEBUG 2026-07-23 14:42:48 re/_trace.py:47 close.complete
INFO 2026-07-23 14:47:04 ot_train.py:459 step:18K smpl:10M ep:7K epch:131.02 loss:0.002 grdn:0.165 lr:3.8e-05 updt_s:3.530 data_s:0.419
INFO 2026-07-23 14:47:04 ot_train.py:479 Checkpoint policy after step 18000
DEBUG 2026-07-23 14:51:56 re/_trace.py:47 close.started
DEBUG 2026-07-23 14:51:56 re/_trace.py:47 close.complete
DEBUG 2026-07-23 14:51:56 re/_trace.py:47 close.started
DEBUG 2026-07-23 14:51:56 re/_trace.py:47 close.complete
DEBUG 2026-07-23 14:51:56 re/_trace.py:47 close.started
DEBUG 2026-07-23 14:51:56 re/_trace.py:47 close.complete
DEBUG 2026-07-23 14:51:56 re/_trace.py:47 close.started
DEBUG 2026-07-23 14:51:56 re/_trace.py:47 close.complete
DEBUG 2026-07-23 14:51:56 re/_trace.py:47 close.started
DEBUG 2026-07-23 14:51:56 re/_trace.py:47 close.complete
DEBUG 2026-07-23 14:51:56 re/_trace.py:47 close.started
DEBUG 2026-07-23 14:51:56 re/_trace.py:47 close.complete
DEBUG 2026-07-23 14:51:56 re/_trace.py:47 close.started
DEBUG 2026-07-23 14:51:56 re/_trace.py:47 close.complete
DEBUG 2026-07-23 14:51:56 re/_trace.py:47 close.started
DEBUG 2026-07-23 14:51:56 re/_trace.py:47 close.complete
DEBUG 2026-07-23 14:51:56 re/_trace.py:47 close.started
DEBUG 2026-07-23 14:51:56 re/_trace.py:47 close.complete
DEBUG 2026-07-23 14:51:57 re/_trace.py:47 close.started
DEBUG 2026-07-23 14:51:57 re/_trace.py:47 close.complete
INFO 2026-07-23 14:59:42 ot_train.py:459 step:18K smpl:10M ep:7K epch:132.47 loss:0.002 grdn:0.153 lr:3.7e-05 updt_s:3.446 data_s:0.230
DEBUG 2026-07-23 15:00:38 re/_trace.py:47 close.started
DEBUG 2026-07-23 15:00:38 re/_trace.py:47 close.complete
DEBUG 2026-07-23 15:00:38 re/_trace.py:47 close.started
DEBUG 2026-07-23 15:00:38 re/_trace.py:47 close.complete
DEBUG 2026-07-23 15:00:38 re/_trace.py:47 close.started
DEBUG 2026-07-23 15:00:38 re/_trace.py:47 close.complete
DEBUG 2026-07-23 15:00:38 re/_trace.py:47 close.started
DEBUG 2026-07-23 15:00:38 re/_trace.py:47 close.complete
DEBUG 2026-07-23 15:00:38 re/_trace.py:47 close.started
DEBUG 2026-07-23 15:00:38 re/_trace.py:47 close.complete
DEBUG 2026-07-23 15:00:39 re/_trace.py:47 close.started
DEBUG 2026-07-23 15:00:39 re/_trace.py:47 close.complete
DEBUG 2026-07-23 15:00:39 re/_trace.py:47 close.started
DEBUG 2026-07-23 15:00:39 re/_trace.py:47 close.complete
DEBUG 2026-07-23 15:00:39 re/_trace.py:47 close.started
DEBUG 2026-07-23 15:00:39 re/_trace.py:47 close.complete
DEBUG 2026-07-23 15:00:39 re/_trace.py:47 close.started
DEBUG 2026-07-23 15:00:39 re/_trace.py:47 close.complete
DEBUG 2026-07-23 15:00:39 re/_trace.py:47 close.started
DEBUG 2026-07-23 15:00:39 re/_trace.py:47 close.complete
DEBUG 2026-07-23 15:09:24 re/_trace.py:47 close.started
DEBUG 2026-07-23 15:09:24 re/_trace.py:47 close.complete
DEBUG 2026-07-23 15:09:24 re/_trace.py:47 close.started
DEBUG 2026-07-23 15:09:24 re/_trace.py:47 close.complete
DEBUG 2026-07-23 15:09:24 re/_trace.py:47 close.started
DEBUG 2026-07-23 15:09:24 re/_trace.py:47 close.complete
DEBUG 2026-07-23 15:09:24 re/_trace.py:47 close.started
DEBUG 2026-07-23 15:09:24 re/_trace.py:47 close.complete
DEBUG 2026-07-23 15:09:24 re/_trace.py:47 close.started
DEBUG 2026-07-23 15:09:24 re/_trace.py:47 close.complete
DEBUG 2026-07-23 15:09:25 re/_trace.py:47 close.started
DEBUG 2026-07-23 15:09:25 re/_trace.py:47 close.complete
DEBUG 2026-07-23 15:09:25 re/_trace.py:47 close.started
DEBUG 2026-07-23 15:09:25 re/_trace.py:47 close.complete
DEBUG 2026-07-23 15:09:25 re/_trace.py:47 close.started
DEBUG 2026-07-23 15:09:25 re/_trace.py:47 close.complete
DEBUG 2026-07-23 15:09:25 re/_trace.py:47 close.started
DEBUG 2026-07-23 15:09:25 re/_trace.py:47 close.complete
DEBUG 2026-07-23 15:09:25 re/_trace.py:47 close.started
DEBUG 2026-07-23 15:09:25 re/_trace.py:47 close.complete
INFO 2026-07-23 15:12:52 ot_train.py:459 step:18K smpl:10M ep:7K epch:133.93 loss:0.002 grdn:0.172 lr:3.6e-05 updt_s:3.502 data_s:0.442
DEBUG 2026-07-23 15:18:07 re/_trace.py:47 close.started
DEBUG 2026-07-23 15:18:07 re/_trace.py:47 close.complete
DEBUG 2026-07-23 15:18:07 re/_trace.py:47 close.started
DEBUG 2026-07-23 15:18:07 re/_trace.py:47 close.complete
DEBUG 2026-07-23 15:18:07 re/_trace.py:47 close.started
DEBUG 2026-07-23 15:18:07 re/_trace.py:47 close.complete
DEBUG 2026-07-23 15:18:07 re/_trace.py:47 close.started
DEBUG 2026-07-23 15:18:07 re/_trace.py:47 close.complete
DEBUG 2026-07-23 15:18:07 re/_trace.py:47 close.started
DEBUG 2026-07-23 15:18:07 re/_trace.py:47 close.complete
DEBUG 2026-07-23 15:18:07 re/_trace.py:47 close.started
DEBUG 2026-07-23 15:18:07 re/_trace.py:47 close.complete
DEBUG 2026-07-23 15:18:07 re/_trace.py:47 close.started
DEBUG 2026-07-23 15:18:07 re/_trace.py:47 close.complete
DEBUG 2026-07-23 15:18:07 re/_trace.py:47 close.started
DEBUG 2026-07-23 15:18:07 re/_trace.py:47 close.complete
DEBUG 2026-07-23 15:18:08 re/_trace.py:47 close.started
DEBUG 2026-07-23 15:18:08 re/_trace.py:47 close.complete
DEBUG 2026-07-23 15:18:08 re/_trace.py:47 close.started
DEBUG 2026-07-23 15:18:08 re/_trace.py:47 close.complete
INFO 2026-07-23 15:25:07 ot_train.py:459 step:19K smpl:10M ep:7K epch:135.38 loss:0.002 grdn:0.167 lr:3.5e-05 updt_s:3.437 data_s:0.239
DEBUG 2026-07-23 15:26:51 re/_trace.py:47 close.started
DEBUG 2026-07-23 15:26:51 re/_trace.py:47 close.complete
DEBUG 2026-07-23 15:26:51 re/_trace.py:47 close.started
DEBUG 2026-07-23 15:26:51 re/_trace.py:47 close.complete
DEBUG 2026-07-23 15:26:51 re/_trace.py:47 close.started
DEBUG 2026-07-23 15:26:51 re/_trace.py:47 close.complete
DEBUG 2026-07-23 15:26:52 re/_trace.py:47 close.started
DEBUG 2026-07-23 15:26:52 re/_trace.py:47 close.complete
DEBUG 2026-07-23 15:26:52 re/_trace.py:47 close.started
DEBUG 2026-07-23 15:26:52 re/_trace.py:47 close.complete
DEBUG 2026-07-23 15:26:52 re/_trace.py:47 close.started
DEBUG 2026-07-23 15:26:52 re/_trace.py:47 close.complete
DEBUG 2026-07-23 15:26:52 re/_trace.py:47 close.started
DEBUG 2026-07-23 15:26:52 re/_trace.py:47 close.complete
DEBUG 2026-07-23 15:26:52 re/_trace.py:47 close.started
DEBUG 2026-07-23 15:26:52 re/_trace.py:47 close.complete
DEBUG 2026-07-23 15:26:52 re/_trace.py:47 close.started
DEBUG 2026-07-23 15:26:52 re/_trace.py:47 close.complete
DEBUG 2026-07-23 15:26:52 re/_trace.py:47 close.started
DEBUG 2026-07-23 15:26:52 re/_trace.py:47 close.complete
DEBUG 2026-07-23 15:35:34 re/_trace.py:47 close.started
DEBUG 2026-07-23 15:35:34 re/_trace.py:47 close.complete
DEBUG 2026-07-23 15:35:34 re/_trace.py:47 close.started
DEBUG 2026-07-23 15:35:34 re/_trace.py:47 close.complete
DEBUG 2026-07-23 15:35:34 re/_trace.py:47 close.started
DEBUG 2026-07-23 15:35:34 re/_trace.py:47 close.complete
DEBUG 2026-07-23 15:35:34 re/_trace.py:47 close.started
DEBUG 2026-07-23 15:35:34 re/_trace.py:47 close.complete
DEBUG 2026-07-23 15:35:34 re/_trace.py:47 close.started
DEBUG 2026-07-23 15:35:34 re/_trace.py:47 close.complete
DEBUG 2026-07-23 15:35:34 re/_trace.py:47 close.started
DEBUG 2026-07-23 15:35:34 re/_trace.py:47 close.complete
DEBUG 2026-07-23 15:35:34 re/_trace.py:47 close.started
DEBUG 2026-07-23 15:35:34 re/_trace.py:47 close.complete
DEBUG 2026-07-23 15:35:34 re/_trace.py:47 close.started
DEBUG 2026-07-23 15:35:34 re/_trace.py:47 close.complete
DEBUG 2026-07-23 15:35:35 re/_trace.py:47 close.started
DEBUG 2026-07-23 15:35:35 re/_trace.py:47 close.complete
DEBUG 2026-07-23 15:35:35 re/_trace.py:47 close.started
DEBUG 2026-07-23 15:35:35 re/_trace.py:47 close.complete
INFO 2026-07-23 15:38:11 ot_train.py:459 step:19K smpl:10M ep:7K epch:136.84 loss:0.002 grdn:0.155 lr:3.4e-05 updt_s:3.490 data_s:0.425
DEBUG 2026-07-23 15:44:18 re/_trace.py:47 close.started
DEBUG 2026-07-23 15:44:18 re/_trace.py:47 close.complete
DEBUG 2026-07-23 15:44:18 re/_trace.py:47 close.started
DEBUG 2026-07-23 15:44:18 re/_trace.py:47 close.complete
DEBUG 2026-07-23 15:44:18 re/_trace.py:47 close.started
DEBUG 2026-07-23 15:44:18 re/_trace.py:47 close.complete
DEBUG 2026-07-23 15:44:18 re/_trace.py:47 close.started
DEBUG 2026-07-23 15:44:18 re/_trace.py:47 close.complete
DEBUG 2026-07-23 15:44:18 re/_trace.py:47 close.started
DEBUG 2026-07-23 15:44:18 re/_trace.py:47 close.complete
DEBUG 2026-07-23 15:44:18 re/_trace.py:47 close.started
DEBUG 2026-07-23 15:44:18 re/_trace.py:47 close.complete
DEBUG 2026-07-23 15:44:18 re/_trace.py:47 close.started
DEBUG 2026-07-23 15:44:18 re/_trace.py:47 close.complete
DEBUG 2026-07-23 15:44:18 re/_trace.py:47 close.started
DEBUG 2026-07-23 15:44:18 re/_trace.py:47 close.complete
DEBUG 2026-07-23 15:44:19 re/_trace.py:47 close.started
DEBUG 2026-07-23 15:44:19 re/_trace.py:47 close.complete
DEBUG 2026-07-23 15:44:19 re/_trace.py:47 close.started
DEBUG 2026-07-23 15:44:19 re/_trace.py:47 close.complete
INFO 2026-07-23 15:50:30 ot_train.py:459 step:19K smpl:10M ep:7K epch:138.29 loss:0.002 grdn:0.146 lr:3.3e-05 updt_s:3.491 data_s:0.198
DEBUG 2026-07-23 15:53:01 re/_trace.py:47 close.started
DEBUG 2026-07-23 15:53:01 re/_trace.py:47 close.complete
DEBUG 2026-07-23 15:53:01 re/_trace.py:47 close.started
DEBUG 2026-07-23 15:53:01 re/_trace.py:47 close.complete
DEBUG 2026-07-23 15:53:01 re/_trace.py:47 close.started
DEBUG 2026-07-23 15:53:01 re/_trace.py:47 close.complete
DEBUG 2026-07-23 15:53:01 re/_trace.py:47 close.started
DEBUG 2026-07-23 15:53:01 re/_trace.py:47 close.complete
DEBUG 2026-07-23 15:53:01 re/_trace.py:47 close.started
DEBUG 2026-07-23 15:53:01 re/_trace.py:47 close.complete
DEBUG 2026-07-23 15:53:01 re/_trace.py:47 close.started
DEBUG 2026-07-23 15:53:01 re/_trace.py:47 close.complete
DEBUG 2026-07-23 15:53:01 re/_trace.py:47 close.started
DEBUG 2026-07-23 15:53:01 re/_trace.py:47 close.complete
DEBUG 2026-07-23 15:53:02 re/_trace.py:47 close.started
DEBUG 2026-07-23 15:53:02 re/_trace.py:47 close.complete
DEBUG 2026-07-23 15:53:02 re/_trace.py:47 close.started
DEBUG 2026-07-23 15:53:02 re/_trace.py:47 close.complete
DEBUG 2026-07-23 15:53:02 re/_trace.py:47 close.started
DEBUG 2026-07-23 15:53:02 re/_trace.py:47 close.complete
DEBUG 2026-07-23 16:01:43 re/_trace.py:47 close.started
DEBUG 2026-07-23 16:01:43 re/_trace.py:47 close.complete
DEBUG 2026-07-23 16:01:43 re/_trace.py:47 close.started
DEBUG 2026-07-23 16:01:43 re/_trace.py:47 close.complete
DEBUG 2026-07-23 16:01:43 re/_trace.py:47 close.started
DEBUG 2026-07-23 16:01:43 re/_trace.py:47 close.complete
DEBUG 2026-07-23 16:01:43 re/_trace.py:47 close.started
DEBUG 2026-07-23 16:01:43 re/_trace.py:47 close.complete
DEBUG 2026-07-23 16:01:43 re/_trace.py:47 close.started
DEBUG 2026-07-23 16:01:43 re/_trace.py:47 close.complete
DEBUG 2026-07-23 16:01:44 re/_trace.py:47 close.started
DEBUG 2026-07-23 16:01:44 re/_trace.py:47 close.complete
DEBUG 2026-07-23 16:01:44 re/_trace.py:47 close.started
DEBUG 2026-07-23 16:01:44 re/_trace.py:47 close.complete
DEBUG 2026-07-23 16:01:44 re/_trace.py:47 close.started
DEBUG 2026-07-23 16:01:44 re/_trace.py:47 close.complete
DEBUG 2026-07-23 16:01:44 re/_trace.py:47 close.started
DEBUG 2026-07-23 16:01:44 re/_trace.py:47 close.complete
DEBUG 2026-07-23 16:01:44 re/_trace.py:47 close.started
DEBUG 2026-07-23 16:01:44 re/_trace.py:47 close.complete
INFO 2026-07-23 16:03:27 ot_train.py:459 step:19K smpl:10M ep:7K epch:139.75 loss:0.002 grdn:0.160 lr:3.2e-05 updt_s:3.479 data_s:0.407
DEBUG 2026-07-23 16:10:28 re/_trace.py:47 close.started
DEBUG 2026-07-23 16:10:28 re/_trace.py:47 close.complete
DEBUG 2026-07-23 16:10:28 re/_trace.py:47 close.started
DEBUG 2026-07-23 16:10:28 re/_trace.py:47 close.complete
DEBUG 2026-07-23 16:10:29 re/_trace.py:47 close.started
DEBUG 2026-07-23 16:10:29 re/_trace.py:47 close.complete
DEBUG 2026-07-23 16:10:29 re/_trace.py:47 close.started
DEBUG 2026-07-23 16:10:29 re/_trace.py:47 close.complete
DEBUG 2026-07-23 16:10:29 re/_trace.py:47 close.started
DEBUG 2026-07-23 16:10:29 re/_trace.py:47 close.complete
DEBUG 2026-07-23 16:10:29 re/_trace.py:47 close.started
DEBUG 2026-07-23 16:10:29 re/_trace.py:47 close.complete
DEBUG 2026-07-23 16:10:29 re/_trace.py:47 close.started
DEBUG 2026-07-23 16:10:29 re/_trace.py:47 close.complete
DEBUG 2026-07-23 16:10:29 re/_trace.py:47 close.started
DEBUG 2026-07-23 16:10:29 re/_trace.py:47 close.complete
DEBUG 2026-07-23 16:10:29 re/_trace.py:47 close.started
DEBUG 2026-07-23 16:10:29 re/_trace.py:47 close.complete
DEBUG 2026-07-23 16:10:29 re/_trace.py:47 close.started
DEBUG 2026-07-23 16:10:29 re/_trace.py:47 close.complete
INFO 2026-07-23 16:15:53 ot_train.py:459 step:19K smpl:10M ep:7K epch:141.21 loss:0.002 grdn:0.142 lr:3.1e-05 updt_s:3.481 data_s:0.244
DEBUG 2026-07-23 16:19:16 re/_trace.py:47 close.started
DEBUG 2026-07-23 16:19:16 re/_trace.py:47 close.complete
DEBUG 2026-07-23 16:19:16 re/_trace.py:47 close.started
DEBUG 2026-07-23 16:19:16 re/_trace.py:47 close.complete
DEBUG 2026-07-23 16:19:16 re/_trace.py:47 close.started
DEBUG 2026-07-23 16:19:16 re/_trace.py:47 close.complete
DEBUG 2026-07-23 16:19:16 re/_trace.py:47 close.started
DEBUG 2026-07-23 16:19:16 re/_trace.py:47 close.complete
DEBUG 2026-07-23 16:19:16 re/_trace.py:47 close.started
DEBUG 2026-07-23 16:19:16 re/_trace.py:47 close.complete
DEBUG 2026-07-23 16:19:17 re/_trace.py:47 close.started
DEBUG 2026-07-23 16:19:17 re/_trace.py:47 close.complete
DEBUG 2026-07-23 16:19:17 re/_trace.py:47 close.started
DEBUG 2026-07-23 16:19:17 re/_trace.py:47 close.complete
DEBUG 2026-07-23 16:19:17 re/_trace.py:47 close.started
DEBUG 2026-07-23 16:19:17 re/_trace.py:47 close.complete
DEBUG 2026-07-23 16:19:17 re/_trace.py:47 close.started
DEBUG 2026-07-23 16:19:17 re/_trace.py:47 close.complete
DEBUG 2026-07-23 16:19:17 re/_trace.py:47 close.started
DEBUG 2026-07-23 16:19:17 re/_trace.py:47 close.complete
DEBUG 2026-07-23 16:28:10 re/_trace.py:47 close.started
DEBUG 2026-07-23 16:28:10 re/_trace.py:47 close.complete
DEBUG 2026-07-23 16:28:10 re/_trace.py:47 close.started
DEBUG 2026-07-23 16:28:10 re/_trace.py:47 close.complete
DEBUG 2026-07-23 16:28:10 re/_trace.py:47 close.started
DEBUG 2026-07-23 16:28:10 re/_trace.py:47 close.complete
DEBUG 2026-07-23 16:28:10 re/_trace.py:47 close.started
DEBUG 2026-07-23 16:28:10 re/_trace.py:47 close.complete
DEBUG 2026-07-23 16:28:10 re/_trace.py:47 close.started
DEBUG 2026-07-23 16:28:10 re/_trace.py:47 close.complete
DEBUG 2026-07-23 16:28:10 re/_trace.py:47 close.started
DEBUG 2026-07-23 16:28:10 re/_trace.py:47 close.complete
DEBUG 2026-07-23 16:28:11 re/_trace.py:47 close.started
DEBUG 2026-07-23 16:28:11 re/_trace.py:47 close.complete
DEBUG 2026-07-23 16:28:11 re/_trace.py:47 close.started
DEBUG 2026-07-23 16:28:11 re/_trace.py:47 close.complete
DEBUG 2026-07-23 16:28:11 re/_trace.py:47 close.started
DEBUG 2026-07-23 16:28:11 re/_trace.py:47 close.complete
DEBUG 2026-07-23 16:28:11 re/_trace.py:47 close.started
DEBUG 2026-07-23 16:28:11 re/_trace.py:47 close.complete
INFO 2026-07-23 16:29:02 ot_train.py:459 step:20K smpl:10M ep:7K epch:142.66 loss:0.002 grdn:0.154 lr:3.0e-05 updt_s:3.510 data_s:0.428
DEBUG 2026-07-23 16:36:59 re/_trace.py:47 close.started
DEBUG 2026-07-23 16:36:59 re/_trace.py:47 close.complete
DEBUG 2026-07-23 16:36:59 re/_trace.py:47 close.started
DEBUG 2026-07-23 16:36:59 re/_trace.py:47 close.complete
DEBUG 2026-07-23 16:36:59 re/_trace.py:47 close.started
DEBUG 2026-07-23 16:36:59 re/_trace.py:47 close.complete
DEBUG 2026-07-23 16:36:59 re/_trace.py:47 close.started
DEBUG 2026-07-23 16:36:59 re/_trace.py:47 close.complete
DEBUG 2026-07-23 16:37:00 re/_trace.py:47 close.started
DEBUG 2026-07-23 16:37:00 re/_trace.py:47 close.complete
DEBUG 2026-07-23 16:37:00 re/_trace.py:47 close.started
DEBUG 2026-07-23 16:37:00 re/_trace.py:47 close.complete
DEBUG 2026-07-23 16:37:00 re/_trace.py:47 close.started
DEBUG 2026-07-23 16:37:00 re/_trace.py:47 close.complete
DEBUG 2026-07-23 16:37:00 re/_trace.py:47 close.started
DEBUG 2026-07-23 16:37:00 re/_trace.py:47 close.complete
DEBUG 2026-07-23 16:37:00 re/_trace.py:47 close.started
DEBUG 2026-07-23 16:37:00 re/_trace.py:47 close.complete
DEBUG 2026-07-23 16:37:00 re/_trace.py:47 close.started
DEBUG 2026-07-23 16:37:00 re/_trace.py:47 close.complete
INFO 2026-07-23 16:41:34 ot_train.py:459 step:20K smpl:10M ep:7K epch:144.12 loss:0.002 grdn:0.151 lr:2.9e-05 updt_s:3.527 data_s:0.233
DEBUG 2026-07-23 16:45:44 re/_trace.py:47 close.started
DEBUG 2026-07-23 16:45:44 re/_trace.py:47 close.complete
DEBUG 2026-07-23 16:45:44 re/_trace.py:47 close.started
DEBUG 2026-07-23 16:45:44 re/_trace.py:47 close.complete
DEBUG 2026-07-23 16:45:44 re/_trace.py:47 close.started
DEBUG 2026-07-23 16:45:44 re/_trace.py:47 close.complete
DEBUG 2026-07-23 16:45:44 re/_trace.py:47 close.started
DEBUG 2026-07-23 16:45:44 re/_trace.py:47 close.complete
DEBUG 2026-07-23 16:45:44 re/_trace.py:47 close.started
DEBUG 2026-07-23 16:45:44 re/_trace.py:47 close.complete
DEBUG 2026-07-23 16:45:44 re/_trace.py:47 close.started
DEBUG 2026-07-23 16:45:44 re/_trace.py:47 close.complete
DEBUG 2026-07-23 16:45:45 re/_trace.py:47 close.started
DEBUG 2026-07-23 16:45:45 re/_trace.py:47 close.complete
DEBUG 2026-07-23 16:45:45 re/_trace.py:47 close.started
DEBUG 2026-07-23 16:45:45 re/_trace.py:47 close.complete
DEBUG 2026-07-23 16:45:45 re/_trace.py:47 close.started
DEBUG 2026-07-23 16:45:45 re/_trace.py:47 close.complete
DEBUG 2026-07-23 16:45:45 re/_trace.py:47 close.started
DEBUG 2026-07-23 16:45:45 re/_trace.py:47 close.complete
INFO 2026-07-23 16:53:58 ot_train.py:459 step:20K smpl:11M ep:7K epch:145.57 loss:0.002 grdn:0.148 lr:2.8e-05 updt_s:3.478 data_s:0.239
DEBUG 2026-07-23 16:54:34 re/_trace.py:47 close.started
DEBUG 2026-07-23 16:54:34 re/_trace.py:47 close.complete
DEBUG 2026-07-23 16:54:34 re/_trace.py:47 close.started
DEBUG 2026-07-23 16:54:34 re/_trace.py:47 close.complete
DEBUG 2026-07-23 16:54:34 re/_trace.py:47 close.started
DEBUG 2026-07-23 16:54:34 re/_trace.py:47 close.complete
DEBUG 2026-07-23 16:54:34 re/_trace.py:47 close.started
DEBUG 2026-07-23 16:54:34 re/_trace.py:47 close.complete
DEBUG 2026-07-23 16:54:34 re/_trace.py:47 close.started
DEBUG 2026-07-23 16:54:34 re/_trace.py:47 close.complete
DEBUG 2026-07-23 16:54:34 re/_trace.py:47 close.started
DEBUG 2026-07-23 16:54:34 re/_trace.py:47 close.complete
DEBUG 2026-07-23 16:54:35 re/_trace.py:47 close.started
DEBUG 2026-07-23 16:54:35 re/_trace.py:47 close.complete
DEBUG 2026-07-23 16:54:35 re/_trace.py:47 close.started
DEBUG 2026-07-23 16:54:35 re/_trace.py:47 close.complete
DEBUG 2026-07-23 16:54:35 re/_trace.py:47 close.started
DEBUG 2026-07-23 16:54:35 re/_trace.py:47 close.complete
DEBUG 2026-07-23 16:54:35 re/_trace.py:47 close.started
DEBUG 2026-07-23 16:54:35 re/_trace.py:47 close.complete
DEBUG 2026-07-23 17:03:17 re/_trace.py:47 close.started
DEBUG 2026-07-23 17:03:17 re/_trace.py:47 close.complete
DEBUG 2026-07-23 17:03:17 re/_trace.py:47 close.started
DEBUG 2026-07-23 17:03:17 re/_trace.py:47 close.complete
DEBUG 2026-07-23 17:03:17 re/_trace.py:47 close.started
DEBUG 2026-07-23 17:03:17 re/_trace.py:47 close.complete
DEBUG 2026-07-23 17:03:17 re/_trace.py:47 close.started
DEBUG 2026-07-23 17:03:17 re/_trace.py:47 close.complete
DEBUG 2026-07-23 17:03:17 re/_trace.py:47 close.started
DEBUG 2026-07-23 17:03:17 re/_trace.py:47 close.complete
DEBUG 2026-07-23 17:03:18 re/_trace.py:47 close.started
DEBUG 2026-07-23 17:03:18 re/_trace.py:47 close.complete
DEBUG 2026-07-23 17:03:18 re/_trace.py:47 close.started
DEBUG 2026-07-23 17:03:18 re/_trace.py:47 close.complete
DEBUG 2026-07-23 17:03:18 re/_trace.py:47 close.started
DEBUG 2026-07-23 17:03:18 re/_trace.py:47 close.complete
DEBUG 2026-07-23 17:03:18 re/_trace.py:47 close.started
DEBUG 2026-07-23 17:03:18 re/_trace.py:47 close.complete
DEBUG 2026-07-23 17:03:18 re/_trace.py:47 close.started
DEBUG 2026-07-23 17:03:18 re/_trace.py:47 close.complete
INFO 2026-07-23 17:07:11 ot_train.py:459 step:20K smpl:11M ep:7K epch:147.03 loss:0.002 grdn:0.156 lr:2.7e-05 updt_s:3.539 data_s:0.419
DEBUG 2026-07-23 17:12:07 re/_trace.py:47 close.started
DEBUG 2026-07-23 17:12:07 re/_trace.py:47 close.complete
DEBUG 2026-07-23 17:12:07 re/_trace.py:47 close.started
DEBUG 2026-07-23 17:12:07 re/_trace.py:47 close.complete
DEBUG 2026-07-23 17:12:07 re/_trace.py:47 close.started
DEBUG 2026-07-23 17:12:07 re/_trace.py:47 close.complete
DEBUG 2026-07-23 17:12:08 re/_trace.py:47 close.started
DEBUG 2026-07-23 17:12:08 re/_trace.py:47 close.complete
DEBUG 2026-07-23 17:12:08 re/_trace.py:47 close.started
DEBUG 2026-07-23 17:12:08 re/_trace.py:47 close.complete
DEBUG 2026-07-23 17:12:08 re/_trace.py:47 close.started
DEBUG 2026-07-23 17:12:08 re/_trace.py:47 close.complete
DEBUG 2026-07-23 17:12:08 re/_trace.py:47 close.started
DEBUG 2026-07-23 17:12:08 re/_trace.py:47 close.complete
DEBUG 2026-07-23 17:12:08 re/_trace.py:47 close.started
DEBUG 2026-07-23 17:12:08 re/_trace.py:47 close.complete
DEBUG 2026-07-23 17:12:09 re/_trace.py:47 close.started
DEBUG 2026-07-23 17:12:09 re/_trace.py:47 close.complete
DEBUG 2026-07-23 17:12:09 re/_trace.py:47 close.started
DEBUG 2026-07-23 17:12:09 re/_trace.py:47 close.complete
INFO 2026-07-23 17:19:36 ot_train.py:459 step:20K smpl:11M ep:7K epch:148.48 loss:0.002 grdn:0.138 lr:2.7e-05 updt_s:3.469 data_s:0.257
DEBUG 2026-07-23 17:21:00 re/_trace.py:47 close.started
DEBUG 2026-07-23 17:21:00 re/_trace.py:47 close.complete
DEBUG 2026-07-23 17:21:00 re/_trace.py:47 close.started
DEBUG 2026-07-23 17:21:00 re/_trace.py:47 close.complete
DEBUG 2026-07-23 17:21:00 re/_trace.py:47 close.started
DEBUG 2026-07-23 17:21:00 re/_trace.py:47 close.complete
DEBUG 2026-07-23 17:21:00 re/_trace.py:47 close.started
DEBUG 2026-07-23 17:21:00 re/_trace.py:47 close.complete
DEBUG 2026-07-23 17:21:00 re/_trace.py:47 close.started
DEBUG 2026-07-23 17:21:00 re/_trace.py:47 close.complete
DEBUG 2026-07-23 17:21:01 re/_trace.py:47 close.started
DEBUG 2026-07-23 17:21:01 re/_trace.py:47 close.complete
DEBUG 2026-07-23 17:21:01 re/_trace.py:47 close.started
DEBUG 2026-07-23 17:21:01 re/_trace.py:47 close.complete
DEBUG 2026-07-23 17:21:01 re/_trace.py:47 close.started
DEBUG 2026-07-23 17:21:01 re/_trace.py:47 close.complete
DEBUG 2026-07-23 17:21:01 re/_trace.py:47 close.started
DEBUG 2026-07-23 17:21:01 re/_trace.py:47 close.complete
DEBUG 2026-07-23 17:21:01 re/_trace.py:47 close.started
DEBUG 2026-07-23 17:21:01 re/_trace.py:47 close.complete
DEBUG 2026-07-23 17:29:51 re/_trace.py:47 close.started
DEBUG 2026-07-23 17:29:51 re/_trace.py:47 close.complete
DEBUG 2026-07-23 17:29:51 re/_trace.py:47 close.started
DEBUG 2026-07-23 17:29:51 re/_trace.py:47 close.complete
DEBUG 2026-07-23 17:29:51 re/_trace.py:47 close.started
DEBUG 2026-07-23 17:29:51 re/_trace.py:47 close.complete
DEBUG 2026-07-23 17:29:51 re/_trace.py:47 close.started
DEBUG 2026-07-23 17:29:51 re/_trace.py:47 close.complete
DEBUG 2026-07-23 17:29:51 re/_trace.py:47 close.started
DEBUG 2026-07-23 17:29:51 re/_trace.py:47 close.complete
DEBUG 2026-07-23 17:29:52 re/_trace.py:47 close.started
DEBUG 2026-07-23 17:29:52 re/_trace.py:47 close.complete
DEBUG 2026-07-23 17:29:52 re/_trace.py:47 close.started
DEBUG 2026-07-23 17:29:52 re/_trace.py:47 close.complete
DEBUG 2026-07-23 17:29:52 re/_trace.py:47 close.started
DEBUG 2026-07-23 17:29:52 re/_trace.py:47 close.complete
DEBUG 2026-07-23 17:29:52 re/_trace.py:47 close.started
DEBUG 2026-07-23 17:29:52 re/_trace.py:47 close.complete
DEBUG 2026-07-23 17:29:52 re/_trace.py:47 close.started
DEBUG 2026-07-23 17:29:52 re/_trace.py:47 close.complete
INFO 2026-07-23 17:32:59 ot_train.py:459 step:21K smpl:11M ep:7K epch:149.94 loss:0.002 grdn:0.139 lr:2.6e-05 updt_s:3.547 data_s:0.462
DEBUG 2026-07-23 17:38:45 re/_trace.py:47 close.started
DEBUG 2026-07-23 17:38:45 re/_trace.py:47 close.complete
DEBUG 2026-07-23 17:38:45 re/_trace.py:47 close.started
DEBUG 2026-07-23 17:38:45 re/_trace.py:47 close.complete
DEBUG 2026-07-23 17:38:45 re/_trace.py:47 close.started
DEBUG 2026-07-23 17:38:45 re/_trace.py:47 close.complete
DEBUG 2026-07-23 17:38:45 re/_trace.py:47 close.started
DEBUG 2026-07-23 17:38:45 re/_trace.py:47 close.complete
DEBUG 2026-07-23 17:38:45 re/_trace.py:47 close.started
DEBUG 2026-07-23 17:38:45 re/_trace.py:47 close.complete
DEBUG 2026-07-23 17:38:45 re/_trace.py:47 close.started
DEBUG 2026-07-23 17:38:45 re/_trace.py:47 close.complete
DEBUG 2026-07-23 17:38:45 re/_trace.py:47 close.started
DEBUG 2026-07-23 17:38:45 re/_trace.py:47 close.complete
DEBUG 2026-07-23 17:38:46 re/_trace.py:47 close.started
DEBUG 2026-07-23 17:38:46 re/_trace.py:47 close.complete
DEBUG 2026-07-23 17:38:46 re/_trace.py:47 close.started
DEBUG 2026-07-23 17:38:46 re/_trace.py:47 close.complete
DEBUG 2026-07-23 17:38:46 re/_trace.py:47 close.started
DEBUG 2026-07-23 17:38:46 re/_trace.py:47 close.complete
INFO 2026-07-23 17:45:21 ot_train.py:459 step:21K smpl:11M ep:8K epch:151.40 loss:0.002 grdn:0.132 lr:2.5e-05 updt_s:3.474 data_s:0.235
DEBUG 2026-07-23 17:47:32 re/_trace.py:47 close.started
DEBUG 2026-07-23 17:47:32 re/_trace.py:47 close.complete
DEBUG 2026-07-23 17:47:32 re/_trace.py:47 close.started
DEBUG 2026-07-23 17:47:32 re/_trace.py:47 close.complete
DEBUG 2026-07-23 17:47:32 re/_trace.py:47 close.started
DEBUG 2026-07-23 17:47:32 re/_trace.py:47 close.complete
DEBUG 2026-07-23 17:47:32 re/_trace.py:47 close.started
DEBUG 2026-07-23 17:47:32 re/_trace.py:47 close.complete
DEBUG 2026-07-23 17:47:32 re/_trace.py:47 close.started
DEBUG 2026-07-23 17:47:32 re/_trace.py:47 close.complete
DEBUG 2026-07-23 17:47:33 re/_trace.py:47 close.started
DEBUG 2026-07-23 17:47:33 re/_trace.py:47 close.complete
DEBUG 2026-07-23 17:47:33 re/_trace.py:47 close.started
DEBUG 2026-07-23 17:47:33 re/_trace.py:47 close.complete
DEBUG 2026-07-23 17:47:33 re/_trace.py:47 close.started
DEBUG 2026-07-23 17:47:33 re/_trace.py:47 close.complete
DEBUG 2026-07-23 17:47:33 re/_trace.py:47 close.started
DEBUG 2026-07-23 17:47:33 re/_trace.py:47 close.complete
DEBUG 2026-07-23 17:47:33 re/_trace.py:47 close.started
DEBUG 2026-07-23 17:47:33 re/_trace.py:47 close.complete
DEBUG 2026-07-23 17:56:19 re/_trace.py:47 close.started
DEBUG 2026-07-23 17:56:19 re/_trace.py:47 close.complete
DEBUG 2026-07-23 17:56:19 re/_trace.py:47 close.started
DEBUG 2026-07-23 17:56:19 re/_trace.py:47 close.complete
DEBUG 2026-07-23 17:56:19 re/_trace.py:47 close.started
DEBUG 2026-07-23 17:56:19 re/_trace.py:47 close.complete
DEBUG 2026-07-23 17:56:19 re/_trace.py:47 close.started
DEBUG 2026-07-23 17:56:19 re/_trace.py:47 close.complete
DEBUG 2026-07-23 17:56:19 re/_trace.py:47 close.started
DEBUG 2026-07-23 17:56:19 re/_trace.py:47 close.complete
DEBUG 2026-07-23 17:56:19 re/_trace.py:47 close.started
DEBUG 2026-07-23 17:56:19 re/_trace.py:47 close.complete
DEBUG 2026-07-23 17:56:19 re/_trace.py:47 close.started
DEBUG 2026-07-23 17:56:19 re/_trace.py:47 close.complete
DEBUG 2026-07-23 17:56:20 re/_trace.py:47 close.started
DEBUG 2026-07-23 17:56:20 re/_trace.py:47 close.complete
DEBUG 2026-07-23 17:56:20 re/_trace.py:47 close.started
DEBUG 2026-07-23 17:56:20 re/_trace.py:47 close.complete
DEBUG 2026-07-23 17:56:20 re/_trace.py:47 close.started
DEBUG 2026-07-23 17:56:20 re/_trace.py:47 close.complete
INFO 2026-07-23 17:58:31 ot_train.py:459 step:21K smpl:11M ep:8K epch:152.85 loss:0.002 grdn:0.138 lr:2.4e-05 updt_s:3.496 data_s:0.449
INFO 2026-07-23 17:58:31 ot_train.py:479 Checkpoint policy after step 21000
DEBUG 2026-07-23 18:05:27 re/_trace.py:47 close.started
DEBUG 2026-07-23 18:05:27 re/_trace.py:47 close.complete
DEBUG 2026-07-23 18:05:27 re/_trace.py:47 close.started
DEBUG 2026-07-23 18:05:27 re/_trace.py:47 close.complete
DEBUG 2026-07-23 18:05:27 re/_trace.py:47 close.started
DEBUG 2026-07-23 18:05:27 re/_trace.py:47 close.complete
DEBUG 2026-07-23 18:05:27 re/_trace.py:47 close.started
DEBUG 2026-07-23 18:05:27 re/_trace.py:47 close.complete
DEBUG 2026-07-23 18:05:27 re/_trace.py:47 close.started
DEBUG 2026-07-23 18:05:27 re/_trace.py:47 close.complete
DEBUG 2026-07-23 18:05:27 re/_trace.py:47 close.started
DEBUG 2026-07-23 18:05:27 re/_trace.py:47 close.complete
DEBUG 2026-07-23 18:05:27 re/_trace.py:47 close.started
DEBUG 2026-07-23 18:05:27 re/_trace.py:47 close.complete
DEBUG 2026-07-23 18:05:27 re/_trace.py:47 close.started
DEBUG 2026-07-23 18:05:27 re/_trace.py:47 close.complete
DEBUG 2026-07-23 18:05:28 re/_trace.py:47 close.started
DEBUG 2026-07-23 18:05:28 re/_trace.py:47 close.complete
DEBUG 2026-07-23 18:05:28 re/_trace.py:47 close.started
DEBUG 2026-07-23 18:05:28 re/_trace.py:47 close.complete
INFO 2026-07-23 18:11:13 ot_train.py:459 step:21K smpl:11M ep:8K epch:154.31 loss:0.002 grdn:0.130 lr:2.3e-05 updt_s:3.451 data_s:0.239
DEBUG 2026-07-23 18:14:12 re/_trace.py:47 close.started
DEBUG 2026-07-23 18:14:12 re/_trace.py:47 close.complete
DEBUG 2026-07-23 18:14:12 re/_trace.py:47 close.started
DEBUG 2026-07-23 18:14:12 re/_trace.py:47 close.complete
DEBUG 2026-07-23 18:14:12 re/_trace.py:47 close.started
DEBUG 2026-07-23 18:14:12 re/_trace.py:47 close.complete
DEBUG 2026-07-23 18:14:12 re/_trace.py:47 close.started
DEBUG 2026-07-23 18:14:12 re/_trace.py:47 close.complete
DEBUG 2026-07-23 18:14:12 re/_trace.py:47 close.started
DEBUG 2026-07-23 18:14:12 re/_trace.py:47 close.complete
DEBUG 2026-07-23 18:14:13 re/_trace.py:47 close.started
DEBUG 2026-07-23 18:14:13 re/_trace.py:47 close.complete
DEBUG 2026-07-23 18:14:13 re/_trace.py:47 close.started
DEBUG 2026-07-23 18:14:13 re/_trace.py:47 close.complete
DEBUG 2026-07-23 18:14:13 re/_trace.py:47 close.started
DEBUG 2026-07-23 18:14:13 re/_trace.py:47 close.complete
DEBUG 2026-07-23 18:14:13 re/_trace.py:47 close.started
DEBUG 2026-07-23 18:14:13 re/_trace.py:47 close.complete
DEBUG 2026-07-23 18:14:13 re/_trace.py:47 close.started
DEBUG 2026-07-23 18:14:13 re/_trace.py:47 close.complete
DEBUG 2026-07-23 18:23:00 re/_trace.py:47 close.started
DEBUG 2026-07-23 18:23:00 re/_trace.py:47 close.complete
DEBUG 2026-07-23 18:23:00 re/_trace.py:47 close.started
DEBUG 2026-07-23 18:23:00 re/_trace.py:47 close.complete
DEBUG 2026-07-23 18:23:00 re/_trace.py:47 close.started
DEBUG 2026-07-23 18:23:00 re/_trace.py:47 close.complete
DEBUG 2026-07-23 18:23:00 re/_trace.py:47 close.started
DEBUG 2026-07-23 18:23:00 re/_trace.py:47 close.complete
DEBUG 2026-07-23 18:23:00 re/_trace.py:47 close.started
DEBUG 2026-07-23 18:23:00 re/_trace.py:47 close.complete
DEBUG 2026-07-23 18:23:00 re/_trace.py:47 close.started
DEBUG 2026-07-23 18:23:00 re/_trace.py:47 close.complete
DEBUG 2026-07-23 18:23:00 re/_trace.py:47 close.started
DEBUG 2026-07-23 18:23:00 re/_trace.py:47 close.complete
DEBUG 2026-07-23 18:23:01 re/_trace.py:47 close.started
DEBUG 2026-07-23 18:23:01 re/_trace.py:47 close.complete
DEBUG 2026-07-23 18:23:01 re/_trace.py:47 close.started
DEBUG 2026-07-23 18:23:01 re/_trace.py:47 close.complete
DEBUG 2026-07-23 18:23:01 re/_trace.py:47 close.started
DEBUG 2026-07-23 18:23:01 re/_trace.py:47 close.complete
INFO 2026-07-23 18:24:17 ot_train.py:459 step:21K smpl:11M ep:8K epch:155.76 loss:0.002 grdn:0.126 lr:2.2e-05 updt_s:3.493 data_s:0.423
DEBUG 2026-07-23 18:31:44 re/_trace.py:47 close.started
DEBUG 2026-07-23 18:31:44 re/_trace.py:47 close.complete
DEBUG 2026-07-23 18:31:44 re/_trace.py:47 close.started
DEBUG 2026-07-23 18:31:44 re/_trace.py:47 close.complete
DEBUG 2026-07-23 18:31:44 re/_trace.py:47 close.started
DEBUG 2026-07-23 18:31:44 re/_trace.py:47 close.complete
DEBUG 2026-07-23 18:31:44 re/_trace.py:47 close.started
DEBUG 2026-07-23 18:31:44 re/_trace.py:47 close.complete
DEBUG 2026-07-23 18:31:45 re/_trace.py:47 close.started
DEBUG 2026-07-23 18:31:45 re/_trace.py:47 close.complete
DEBUG 2026-07-23 18:31:45 re/_trace.py:47 close.started
DEBUG 2026-07-23 18:31:45 re/_trace.py:47 close.complete
DEBUG 2026-07-23 18:31:45 re/_trace.py:47 close.started
DEBUG 2026-07-23 18:31:45 re/_trace.py:47 close.complete
DEBUG 2026-07-23 18:31:45 re/_trace.py:47 close.started
DEBUG 2026-07-23 18:31:45 re/_trace.py:47 close.complete
DEBUG 2026-07-23 18:31:45 re/_trace.py:47 close.started
DEBUG 2026-07-23 18:31:45 re/_trace.py:47 close.complete
DEBUG 2026-07-23 18:31:45 re/_trace.py:47 close.started
DEBUG 2026-07-23 18:31:45 re/_trace.py:47 close.complete
INFO 2026-07-23 18:36:42 ot_train.py:459 step:22K smpl:11M ep:8K epch:157.22 loss:0.001 grdn:0.125 lr:2.1e-05 updt_s:3.506 data_s:0.215
DEBUG 2026-07-23 18:40:33 re/_trace.py:47 close.started
DEBUG 2026-07-23 18:40:33 re/_trace.py:47 close.complete
DEBUG 2026-07-23 18:40:33 re/_trace.py:47 close.started
DEBUG 2026-07-23 18:40:33 re/_trace.py:47 close.complete
DEBUG 2026-07-23 18:40:33 re/_trace.py:47 close.started
DEBUG 2026-07-23 18:40:33 re/_trace.py:47 close.complete
DEBUG 2026-07-23 18:40:33 re/_trace.py:47 close.started
DEBUG 2026-07-23 18:40:33 re/_trace.py:47 close.complete
DEBUG 2026-07-23 18:40:33 re/_trace.py:47 close.started
DEBUG 2026-07-23 18:40:33 re/_trace.py:47 close.complete
DEBUG 2026-07-23 18:40:34 re/_trace.py:47 close.started
DEBUG 2026-07-23 18:40:34 re/_trace.py:47 close.complete
DEBUG 2026-07-23 18:40:34 re/_trace.py:47 close.started
DEBUG 2026-07-23 18:40:34 re/_trace.py:47 close.complete
DEBUG 2026-07-23 18:40:34 re/_trace.py:47 close.started
DEBUG 2026-07-23 18:40:34 re/_trace.py:47 close.complete
DEBUG 2026-07-23 18:40:34 re/_trace.py:47 close.started
DEBUG 2026-07-23 18:40:34 re/_trace.py:47 close.complete
DEBUG 2026-07-23 18:40:34 re/_trace.py:47 close.started
DEBUG 2026-07-23 18:40:34 re/_trace.py:47 close.complete
INFO 2026-07-23 18:49:15 ot_train.py:459 step:22K smpl:12M ep:8K epch:158.67 loss:0.002 grdn:0.124 lr:2.0e-05 updt_s:3.547 data_s:0.215
DEBUG 2026-07-23 18:49:30 re/_trace.py:47 close.started
DEBUG 2026-07-23 18:49:30 re/_trace.py:47 close.complete
DEBUG 2026-07-23 18:49:30 re/_trace.py:47 close.started
DEBUG 2026-07-23 18:49:30 re/_trace.py:47 close.complete
DEBUG 2026-07-23 18:49:30 re/_trace.py:47 close.started
DEBUG 2026-07-23 18:49:30 re/_trace.py:47 close.complete
DEBUG 2026-07-23 18:49:30 re/_trace.py:47 close.started
DEBUG 2026-07-23 18:49:30 re/_trace.py:47 close.complete
DEBUG 2026-07-23 18:49:30 re/_trace.py:47 close.started
DEBUG 2026-07-23 18:49:30 re/_trace.py:47 close.complete
DEBUG 2026-07-23 18:49:30 re/_trace.py:47 close.started
DEBUG 2026-07-23 18:49:30 re/_trace.py:47 close.complete
DEBUG 2026-07-23 18:49:30 re/_trace.py:47 close.started
DEBUG 2026-07-23 18:49:30 re/_trace.py:47 close.complete
DEBUG 2026-07-23 18:49:30 re/_trace.py:47 close.started
DEBUG 2026-07-23 18:49:30 re/_trace.py:47 close.complete
DEBUG 2026-07-23 18:49:31 re/_trace.py:47 close.started
DEBUG 2026-07-23 18:49:31 re/_trace.py:47 close.complete
DEBUG 2026-07-23 18:49:31 re/_trace.py:47 close.started
DEBUG 2026-07-23 18:49:31 re/_trace.py:47 close.complete
DEBUG 2026-07-23 18:58:26 re/_trace.py:47 close.started
DEBUG 2026-07-23 18:58:26 re/_trace.py:47 close.complete
DEBUG 2026-07-23 18:58:26 re/_trace.py:47 close.started
DEBUG 2026-07-23 18:58:26 re/_trace.py:47 close.complete
DEBUG 2026-07-23 18:58:26 re/_trace.py:47 close.started
DEBUG 2026-07-23 18:58:26 re/_trace.py:47 close.complete
DEBUG 2026-07-23 18:58:26 re/_trace.py:47 close.started
DEBUG 2026-07-23 18:58:26 re/_trace.py:47 close.complete
DEBUG 2026-07-23 18:58:26 re/_trace.py:47 close.started
DEBUG 2026-07-23 18:58:26 re/_trace.py:47 close.complete
DEBUG 2026-07-23 18:58:26 re/_trace.py:47 close.started
DEBUG 2026-07-23 18:58:26 re/_trace.py:47 close.complete
DEBUG 2026-07-23 18:58:26 re/_trace.py:47 close.started
DEBUG 2026-07-23 18:58:26 re/_trace.py:47 close.complete
DEBUG 2026-07-23 18:58:27 re/_trace.py:47 close.started
DEBUG 2026-07-23 18:58:27 re/_trace.py:47 close.complete
DEBUG 2026-07-23 18:58:27 re/_trace.py:47 close.started
DEBUG 2026-07-23 18:58:27 re/_trace.py:47 close.complete
DEBUG 2026-07-23 18:58:27 re/_trace.py:47 close.started
DEBUG 2026-07-23 18:58:27 re/_trace.py:47 close.complete
INFO 2026-07-23 19:02:40 ot_train.py:459 step:22K smpl:12M ep:8K epch:160.13 loss:0.001 grdn:0.123 lr:2.0e-05 updt_s:3.586 data_s:0.436
DEBUG 2026-07-23 19:07:17 re/_trace.py:47 close.started
DEBUG 2026-07-23 19:07:17 re/_trace.py:47 close.complete
DEBUG 2026-07-23 19:07:18 re/_trace.py:47 close.started
DEBUG 2026-07-23 19:07:18 re/_trace.py:47 close.complete
DEBUG 2026-07-23 19:07:18 re/_trace.py:47 close.started
DEBUG 2026-07-23 19:07:18 re/_trace.py:47 close.complete
DEBUG 2026-07-23 19:07:18 re/_trace.py:47 close.started
DEBUG 2026-07-23 19:07:18 re/_trace.py:47 close.complete
DEBUG 2026-07-23 19:07:18 re/_trace.py:47 close.started
DEBUG 2026-07-23 19:07:18 re/_trace.py:47 close.complete
DEBUG 2026-07-23 19:07:18 re/_trace.py:47 close.started
DEBUG 2026-07-23 19:07:18 re/_trace.py:47 close.complete
DEBUG 2026-07-23 19:07:18 re/_trace.py:47 close.started
DEBUG 2026-07-23 19:07:18 re/_trace.py:47 close.complete
DEBUG 2026-07-23 19:07:18 re/_trace.py:47 close.started
DEBUG 2026-07-23 19:07:18 re/_trace.py:47 close.complete
DEBUG 2026-07-23 19:07:19 re/_trace.py:47 close.started
DEBUG 2026-07-23 19:07:19 re/_trace.py:47 close.complete
DEBUG 2026-07-23 19:07:19 re/_trace.py:47 close.started
DEBUG 2026-07-23 19:07:19 re/_trace.py:47 close.complete
INFO 2026-07-23 19:15:06 ot_train.py:459 step:22K smpl:12M ep:8K epch:161.59 loss:0.001 grdn:0.119 lr:1.9e-05 updt_s:3.468 data_s:0.259
DEBUG 2026-07-23 19:16:08 re/_trace.py:47 close.started
DEBUG 2026-07-23 19:16:08 re/_trace.py:47 close.complete
DEBUG 2026-07-23 19:16:09 re/_trace.py:47 close.started
DEBUG 2026-07-23 19:16:09 re/_trace.py:47 close.complete
DEBUG 2026-07-23 19:16:09 re/_trace.py:47 close.started
DEBUG 2026-07-23 19:16:09 re/_trace.py:47 close.complete
DEBUG 2026-07-23 19:16:09 re/_trace.py:47 close.started
DEBUG 2026-07-23 19:16:09 re/_trace.py:47 close.complete
DEBUG 2026-07-23 19:16:09 re/_trace.py:47 close.started
DEBUG 2026-07-23 19:16:09 re/_trace.py:47 close.complete
DEBUG 2026-07-23 19:16:09 re/_trace.py:47 close.started
DEBUG 2026-07-23 19:16:09 re/_trace.py:47 close.complete
DEBUG 2026-07-23 19:16:09 re/_trace.py:47 close.started
DEBUG 2026-07-23 19:16:09 re/_trace.py:47 close.complete
DEBUG 2026-07-23 19:16:09 re/_trace.py:47 close.started
DEBUG 2026-07-23 19:16:09 re/_trace.py:47 close.complete
DEBUG 2026-07-23 19:16:10 re/_trace.py:47 close.started
DEBUG 2026-07-23 19:16:10 re/_trace.py:47 close.complete
DEBUG 2026-07-23 19:16:10 re/_trace.py:47 close.started
DEBUG 2026-07-23 19:16:10 re/_trace.py:47 close.complete
DEBUG 2026-07-23 19:24:57 re/_trace.py:47 close.started
DEBUG 2026-07-23 19:24:57 re/_trace.py:47 close.complete
DEBUG 2026-07-23 19:24:57 re/_trace.py:47 close.started
DEBUG 2026-07-23 19:24:57 re/_trace.py:47 close.complete
DEBUG 2026-07-23 19:24:57 re/_trace.py:47 close.started
DEBUG 2026-07-23 19:24:57 re/_trace.py:47 close.complete
DEBUG 2026-07-23 19:24:57 re/_trace.py:47 close.started
DEBUG 2026-07-23 19:24:57 re/_trace.py:47 close.complete
DEBUG 2026-07-23 19:24:58 re/_trace.py:47 close.started
DEBUG 2026-07-23 19:24:58 re/_trace.py:47 close.complete
DEBUG 2026-07-23 19:24:58 re/_trace.py:47 close.started
DEBUG 2026-07-23 19:24:58 re/_trace.py:47 close.complete
DEBUG 2026-07-23 19:24:58 re/_trace.py:47 close.started
DEBUG 2026-07-23 19:24:58 re/_trace.py:47 close.complete
DEBUG 2026-07-23 19:24:58 re/_trace.py:47 close.started
DEBUG 2026-07-23 19:24:58 re/_trace.py:47 close.complete
DEBUG 2026-07-23 19:24:58 re/_trace.py:47 close.started
DEBUG 2026-07-23 19:24:58 re/_trace.py:47 close.complete
DEBUG 2026-07-23 19:24:58 re/_trace.py:47 close.started
DEBUG 2026-07-23 19:24:58 re/_trace.py:47 close.complete
INFO 2026-07-23 19:28:24 ot_train.py:459 step:22K smpl:12M ep:8K epch:163.04 loss:0.001 grdn:0.116 lr:1.8e-05 updt_s:3.519 data_s:0.467
DEBUG 2026-07-23 19:33:48 re/_trace.py:47 close.started
DEBUG 2026-07-23 19:33:48 re/_trace.py:47 close.complete
DEBUG 2026-07-23 19:33:48 re/_trace.py:47 close.started
DEBUG 2026-07-23 19:33:48 re/_trace.py:47 close.complete
DEBUG 2026-07-23 19:33:48 re/_trace.py:47 close.started
DEBUG 2026-07-23 19:33:48 re/_trace.py:47 close.complete
DEBUG 2026-07-23 19:33:48 re/_trace.py:47 close.started
DEBUG 2026-07-23 19:33:48 re/_trace.py:47 close.complete
DEBUG 2026-07-23 19:33:48 re/_trace.py:47 close.started
DEBUG 2026-07-23 19:33:48 re/_trace.py:47 close.complete
DEBUG 2026-07-23 19:33:48 re/_trace.py:47 close.started
DEBUG 2026-07-23 19:33:48 re/_trace.py:47 close.complete
DEBUG 2026-07-23 19:33:48 re/_trace.py:47 close.started
DEBUG 2026-07-23 19:33:48 re/_trace.py:47 close.complete
DEBUG 2026-07-23 19:33:48 re/_trace.py:47 close.started
DEBUG 2026-07-23 19:33:48 re/_trace.py:47 close.complete
DEBUG 2026-07-23 19:33:49 re/_trace.py:47 close.started
DEBUG 2026-07-23 19:33:49 re/_trace.py:47 close.complete
DEBUG 2026-07-23 19:33:49 re/_trace.py:47 close.started
DEBUG 2026-07-23 19:33:49 re/_trace.py:47 close.complete
INFO 2026-07-23 19:40:46 ot_train.py:459 step:23K smpl:12M ep:8K epch:164.50 loss:0.001 grdn:0.116 lr:1.7e-05 updt_s:3.478 data_s:0.231
DEBUG 2026-07-23 19:42:36 re/_trace.py:47 close.started
DEBUG 2026-07-23 19:42:36 re/_trace.py:47 close.complete
DEBUG 2026-07-23 19:42:36 re/_trace.py:47 close.started
DEBUG 2026-07-23 19:42:36 re/_trace.py:47 close.complete
DEBUG 2026-07-23 19:42:37 re/_trace.py:47 close.started
DEBUG 2026-07-23 19:42:37 re/_trace.py:47 close.complete
DEBUG 2026-07-23 19:42:37 re/_trace.py:47 close.started
DEBUG 2026-07-23 19:42:37 re/_trace.py:47 close.complete
DEBUG 2026-07-23 19:42:37 re/_trace.py:47 close.started
DEBUG 2026-07-23 19:42:37 re/_trace.py:47 close.complete
DEBUG 2026-07-23 19:42:37 re/_trace.py:47 close.started
DEBUG 2026-07-23 19:42:37 re/_trace.py:47 close.complete
DEBUG 2026-07-23 19:42:37 re/_trace.py:47 close.started
DEBUG 2026-07-23 19:42:37 re/_trace.py:47 close.complete
DEBUG 2026-07-23 19:42:37 re/_trace.py:47 close.started
DEBUG 2026-07-23 19:42:37 re/_trace.py:47 close.complete
DEBUG 2026-07-23 19:42:37 re/_trace.py:47 close.started
DEBUG 2026-07-23 19:42:37 re/_trace.py:47 close.complete
DEBUG 2026-07-23 19:42:37 re/_trace.py:47 close.started
DEBUG 2026-07-23 19:42:37 re/_trace.py:47 close.complete
DEBUG 2026-07-23 19:51:22 re/_trace.py:47 close.started
DEBUG 2026-07-23 19:51:22 re/_trace.py:47 close.complete
DEBUG 2026-07-23 19:51:22 re/_trace.py:47 close.started
DEBUG 2026-07-23 19:51:22 re/_trace.py:47 close.complete
DEBUG 2026-07-23 19:51:22 re/_trace.py:47 close.started
DEBUG 2026-07-23 19:51:22 re/_trace.py:47 close.complete
DEBUG 2026-07-23 19:51:22 re/_trace.py:47 close.started
DEBUG 2026-07-23 19:51:22 re/_trace.py:47 close.complete
DEBUG 2026-07-23 19:51:22 re/_trace.py:47 close.started
DEBUG 2026-07-23 19:51:22 re/_trace.py:47 close.complete
DEBUG 2026-07-23 19:51:22 re/_trace.py:47 close.started
DEBUG 2026-07-23 19:51:22 re/_trace.py:47 close.complete
DEBUG 2026-07-23 19:51:23 re/_trace.py:47 close.started
DEBUG 2026-07-23 19:51:23 re/_trace.py:47 close.complete
DEBUG 2026-07-23 19:51:23 re/_trace.py:47 close.started
DEBUG 2026-07-23 19:51:23 re/_trace.py:47 close.complete
DEBUG 2026-07-23 19:51:23 re/_trace.py:47 close.started
DEBUG 2026-07-23 19:51:23 re/_trace.py:47 close.complete
DEBUG 2026-07-23 19:51:23 re/_trace.py:47 close.started
DEBUG 2026-07-23 19:51:23 re/_trace.py:47 close.complete
INFO 2026-07-23 19:54:00 ot_train.py:459 step:23K smpl:12M ep:8K epch:165.95 loss:0.001 grdn:0.107 lr:1.7e-05 updt_s:3.532 data_s:0.436
DEBUG 2026-07-23 20:00:13 re/_trace.py:47 close.started
DEBUG 2026-07-23 20:00:13 re/_trace.py:47 close.complete
DEBUG 2026-07-23 20:00:13 re/_trace.py:47 close.started
DEBUG 2026-07-23 20:00:13 re/_trace.py:47 close.complete
DEBUG 2026-07-23 20:00:13 re/_trace.py:47 close.started
DEBUG 2026-07-23 20:00:13 re/_trace.py:47 close.complete
DEBUG 2026-07-23 20:00:13 re/_trace.py:47 close.started
DEBUG 2026-07-23 20:00:13 re/_trace.py:47 close.complete
DEBUG 2026-07-23 20:00:13 re/_trace.py:47 close.started
DEBUG 2026-07-23 20:00:13 re/_trace.py:47 close.complete
DEBUG 2026-07-23 20:00:13 re/_trace.py:47 close.started
DEBUG 2026-07-23 20:00:13 re/_trace.py:47 close.complete
DEBUG 2026-07-23 20:00:14 re/_trace.py:47 close.started
DEBUG 2026-07-23 20:00:14 re/_trace.py:47 close.complete
DEBUG 2026-07-23 20:00:14 re/_trace.py:47 close.started
DEBUG 2026-07-23 20:00:14 re/_trace.py:47 close.complete
DEBUG 2026-07-23 20:00:14 re/_trace.py:47 close.started
DEBUG 2026-07-23 20:00:14 re/_trace.py:47 close.complete
DEBUG 2026-07-23 20:00:14 re/_trace.py:47 close.started
DEBUG 2026-07-23 20:00:14 re/_trace.py:47 close.complete
INFO 2026-07-23 20:06:24 ot_train.py:459 step:23K smpl:12M ep:8K epch:167.41 loss:0.001 grdn:0.108 lr:1.6e-05 updt_s:3.454 data_s:0.259
DEBUG 2026-07-23 20:09:03 re/_trace.py:47 close.started
DEBUG 2026-07-23 20:09:03 re/_trace.py:47 close.complete
DEBUG 2026-07-23 20:09:03 re/_trace.py:47 close.started
DEBUG 2026-07-23 20:09:03 re/_trace.py:47 close.complete
DEBUG 2026-07-23 20:09:03 re/_trace.py:47 close.started
DEBUG 2026-07-23 20:09:03 re/_trace.py:47 close.complete
DEBUG 2026-07-23 20:09:03 re/_trace.py:47 close.started
DEBUG 2026-07-23 20:09:03 re/_trace.py:47 close.complete
DEBUG 2026-07-23 20:09:03 re/_trace.py:47 close.started
DEBUG 2026-07-23 20:09:03 re/_trace.py:47 close.complete
DEBUG 2026-07-23 20:09:04 re/_trace.py:47 close.started
DEBUG 2026-07-23 20:09:04 re/_trace.py:47 close.complete
DEBUG 2026-07-23 20:09:04 re/_trace.py:47 close.started
DEBUG 2026-07-23 20:09:04 re/_trace.py:47 close.complete
DEBUG 2026-07-23 20:09:04 re/_trace.py:47 close.started
DEBUG 2026-07-23 20:09:04 re/_trace.py:47 close.complete
DEBUG 2026-07-23 20:09:04 re/_trace.py:47 close.started
DEBUG 2026-07-23 20:09:04 re/_trace.py:47 close.complete
DEBUG 2026-07-23 20:09:04 re/_trace.py:47 close.started
DEBUG 2026-07-23 20:09:04 re/_trace.py:47 close.complete
DEBUG 2026-07-23 20:17:59 re/_trace.py:47 close.started
DEBUG 2026-07-23 20:17:59 re/_trace.py:47 close.complete
DEBUG 2026-07-23 20:17:59 re/_trace.py:47 close.started
DEBUG 2026-07-23 20:17:59 re/_trace.py:47 close.complete
DEBUG 2026-07-23 20:17:59 re/_trace.py:47 close.started
DEBUG 2026-07-23 20:17:59 re/_trace.py:47 close.complete
DEBUG 2026-07-23 20:17:59 re/_trace.py:47 close.started
DEBUG 2026-07-23 20:17:59 re/_trace.py:47 close.complete
DEBUG 2026-07-23 20:17:59 re/_trace.py:47 close.started
DEBUG 2026-07-23 20:17:59 re/_trace.py:47 close.complete
DEBUG 2026-07-23 20:17:59 re/_trace.py:47 close.started
DEBUG 2026-07-23 20:17:59 re/_trace.py:47 close.complete
DEBUG 2026-07-23 20:18:00 re/_trace.py:47 close.started
DEBUG 2026-07-23 20:18:00 re/_trace.py:47 close.complete
DEBUG 2026-07-23 20:18:00 re/_trace.py:47 close.started
DEBUG 2026-07-23 20:18:00 re/_trace.py:47 close.complete
DEBUG 2026-07-23 20:18:00 re/_trace.py:47 close.started
DEBUG 2026-07-23 20:18:00 re/_trace.py:47 close.complete
DEBUG 2026-07-23 20:18:00 re/_trace.py:47 close.started
DEBUG 2026-07-23 20:18:00 re/_trace.py:47 close.complete
INFO 2026-07-23 20:19:49 ot_train.py:459 step:23K smpl:12M ep:8K epch:168.86 loss:0.001 grdn:0.103 lr:1.5e-05 updt_s:3.519 data_s:0.504
DEBUG 2026-07-23 20:26:55 re/_trace.py:47 close.started
DEBUG 2026-07-23 20:26:55 re/_trace.py:47 close.complete
DEBUG 2026-07-23 20:26:55 re/_trace.py:47 close.started
DEBUG 2026-07-23 20:26:55 re/_trace.py:47 close.complete
DEBUG 2026-07-23 20:26:55 re/_trace.py:47 close.started
DEBUG 2026-07-23 20:26:55 re/_trace.py:47 close.complete
DEBUG 2026-07-23 20:26:55 re/_trace.py:47 close.started
DEBUG 2026-07-23 20:26:55 re/_trace.py:47 close.complete
DEBUG 2026-07-23 20:26:56 re/_trace.py:47 close.started
DEBUG 2026-07-23 20:26:56 re/_trace.py:47 close.complete
DEBUG 2026-07-23 20:26:56 re/_trace.py:47 close.started
DEBUG 2026-07-23 20:26:56 re/_trace.py:47 close.complete
DEBUG 2026-07-23 20:26:56 re/_trace.py:47 close.started
DEBUG 2026-07-23 20:26:56 re/_trace.py:47 close.complete
DEBUG 2026-07-23 20:26:56 re/_trace.py:47 close.started
DEBUG 2026-07-23 20:26:56 re/_trace.py:47 close.complete
DEBUG 2026-07-23 20:26:56 re/_trace.py:47 close.started
DEBUG 2026-07-23 20:26:56 re/_trace.py:47 close.complete
DEBUG 2026-07-23 20:26:56 re/_trace.py:47 close.started
DEBUG 2026-07-23 20:26:56 re/_trace.py:47 close.complete
INFO 2026-07-23 20:32:21 ot_train.py:459 step:23K smpl:12M ep:9K epch:170.32 loss:0.001 grdn:0.109 lr:1.4e-05 updt_s:3.510 data_s:0.248
DEBUG 2026-07-23 20:35:49 re/_trace.py:47 close.started
DEBUG 2026-07-23 20:35:49 re/_trace.py:47 close.complete
DEBUG 2026-07-23 20:35:49 re/_trace.py:47 close.started
DEBUG 2026-07-23 20:35:49 re/_trace.py:47 close.complete
DEBUG 2026-07-23 20:35:49 re/_trace.py:47 close.started
DEBUG 2026-07-23 20:35:49 re/_trace.py:47 close.complete
DEBUG 2026-07-23 20:35:49 re/_trace.py:47 close.started
DEBUG 2026-07-23 20:35:49 re/_trace.py:47 close.complete
DEBUG 2026-07-23 20:35:49 re/_trace.py:47 close.started
DEBUG 2026-07-23 20:35:49 re/_trace.py:47 close.complete
DEBUG 2026-07-23 20:35:49 re/_trace.py:47 close.started
DEBUG 2026-07-23 20:35:49 re/_trace.py:47 close.complete
DEBUG 2026-07-23 20:35:49 re/_trace.py:47 close.started
DEBUG 2026-07-23 20:35:49 re/_trace.py:47 close.complete
DEBUG 2026-07-23 20:35:49 re/_trace.py:47 close.started
DEBUG 2026-07-23 20:35:49 re/_trace.py:47 close.complete
DEBUG 2026-07-23 20:35:49 re/_trace.py:47 close.started
DEBUG 2026-07-23 20:35:49 re/_trace.py:47 close.complete
DEBUG 2026-07-23 20:35:50 re/_trace.py:47 close.started
DEBUG 2026-07-23 20:35:50 re/_trace.py:47 close.complete
DEBUG 2026-07-23 20:44:41 re/_trace.py:47 close.started
DEBUG 2026-07-23 20:44:41 re/_trace.py:47 close.complete
DEBUG 2026-07-23 20:44:41 re/_trace.py:47 close.started
DEBUG 2026-07-23 20:44:41 re/_trace.py:47 close.complete
DEBUG 2026-07-23 20:44:41 re/_trace.py:47 close.started
DEBUG 2026-07-23 20:44:41 re/_trace.py:47 close.complete
DEBUG 2026-07-23 20:44:41 re/_trace.py:47 close.started
DEBUG 2026-07-23 20:44:41 re/_trace.py:47 close.complete
DEBUG 2026-07-23 20:44:42 re/_trace.py:47 close.started
DEBUG 2026-07-23 20:44:42 re/_trace.py:47 close.complete
DEBUG 2026-07-23 20:44:42 re/_trace.py:47 close.started
DEBUG 2026-07-23 20:44:42 re/_trace.py:47 close.complete
DEBUG 2026-07-23 20:44:42 re/_trace.py:47 close.started
DEBUG 2026-07-23 20:44:42 re/_trace.py:47 close.complete
DEBUG 2026-07-23 20:44:42 re/_trace.py:47 close.started
DEBUG 2026-07-23 20:44:42 re/_trace.py:47 close.complete
DEBUG 2026-07-23 20:44:42 re/_trace.py:47 close.started
DEBUG 2026-07-23 20:44:42 re/_trace.py:47 close.complete
DEBUG 2026-07-23 20:44:42 re/_trace.py:47 close.started
DEBUG 2026-07-23 20:44:42 re/_trace.py:47 close.complete
INFO 2026-07-23 20:45:33 ot_train.py:459 step:24K smpl:12M ep:9K epch:171.78 loss:0.001 grdn:0.100 lr:1.4e-05 updt_s:3.496 data_s:0.456
DEBUG 2026-07-23 20:53:31 re/_trace.py:47 close.started
DEBUG 2026-07-23 20:53:31 re/_trace.py:47 close.complete
DEBUG 2026-07-23 20:53:31 re/_trace.py:47 close.started
DEBUG 2026-07-23 20:53:31 re/_trace.py:47 close.complete
DEBUG 2026-07-23 20:53:31 re/_trace.py:47 close.started
DEBUG 2026-07-23 20:53:31 re/_trace.py:47 close.complete
DEBUG 2026-07-23 20:53:31 re/_trace.py:47 close.started
DEBUG 2026-07-23 20:53:31 re/_trace.py:47 close.complete
DEBUG 2026-07-23 20:53:32 re/_trace.py:47 close.started
DEBUG 2026-07-23 20:53:32 re/_trace.py:47 close.complete
DEBUG 2026-07-23 20:53:32 re/_trace.py:47 close.started
DEBUG 2026-07-23 20:53:32 re/_trace.py:47 close.complete
DEBUG 2026-07-23 20:53:32 re/_trace.py:47 close.started
DEBUG 2026-07-23 20:53:32 re/_trace.py:47 close.complete
DEBUG 2026-07-23 20:53:32 re/_trace.py:47 close.started
DEBUG 2026-07-23 20:53:32 re/_trace.py:47 close.complete
DEBUG 2026-07-23 20:53:32 re/_trace.py:47 close.started
DEBUG 2026-07-23 20:53:32 re/_trace.py:47 close.complete
DEBUG 2026-07-23 20:53:32 re/_trace.py:47 close.started
DEBUG 2026-07-23 20:53:32 re/_trace.py:47 close.complete
INFO 2026-07-23 20:58:08 ot_train.py:459 step:24K smpl:13M ep:9K epch:173.23 loss:0.001 grdn:0.100 lr:1.3e-05 updt_s:3.519 data_s:0.253
DEBUG 2026-07-23 21:02:22 re/_trace.py:47 close.started
DEBUG 2026-07-23 21:02:22 re/_trace.py:47 close.complete
DEBUG 2026-07-23 21:02:22 re/_trace.py:47 close.started
DEBUG 2026-07-23 21:02:22 re/_trace.py:47 close.complete
DEBUG 2026-07-23 21:02:22 re/_trace.py:47 close.started
DEBUG 2026-07-23 21:02:22 re/_trace.py:47 close.complete
DEBUG 2026-07-23 21:02:22 re/_trace.py:47 close.started
DEBUG 2026-07-23 21:02:22 re/_trace.py:47 close.complete
DEBUG 2026-07-23 21:02:22 re/_trace.py:47 close.started
DEBUG 2026-07-23 21:02:22 re/_trace.py:47 close.complete
DEBUG 2026-07-23 21:02:23 re/_trace.py:47 close.started
DEBUG 2026-07-23 21:02:23 re/_trace.py:47 close.complete
DEBUG 2026-07-23 21:02:23 re/_trace.py:47 close.started
DEBUG 2026-07-23 21:02:23 re/_trace.py:47 close.complete
DEBUG 2026-07-23 21:02:23 re/_trace.py:47 close.started
DEBUG 2026-07-23 21:02:23 re/_trace.py:47 close.complete
DEBUG 2026-07-23 21:02:23 re/_trace.py:47 close.started
DEBUG 2026-07-23 21:02:23 re/_trace.py:47 close.complete
DEBUG 2026-07-23 21:02:23 re/_trace.py:47 close.started
DEBUG 2026-07-23 21:02:23 re/_trace.py:47 close.complete
INFO 2026-07-23 21:10:36 ot_train.py:459 step:24K smpl:13M ep:9K epch:174.69 loss:0.001 grdn:0.098 lr:1.3e-05 updt_s:3.505 data_s:0.232
INFO 2026-07-23 21:10:36 ot_train.py:479 Checkpoint policy after step 24000
DEBUG 2026-07-23 21:11:40 re/_trace.py:47 close.started
DEBUG 2026-07-23 21:11:40 re/_trace.py:47 close.complete
DEBUG 2026-07-23 21:11:40 re/_trace.py:47 close.started
DEBUG 2026-07-23 21:11:40 re/_trace.py:47 close.complete
DEBUG 2026-07-23 21:11:40 re/_trace.py:47 close.started
DEBUG 2026-07-23 21:11:40 re/_trace.py:47 close.complete
DEBUG 2026-07-23 21:11:40 re/_trace.py:47 close.started
DEBUG 2026-07-23 21:11:40 re/_trace.py:47 close.complete
DEBUG 2026-07-23 21:11:40 re/_trace.py:47 close.started
DEBUG 2026-07-23 21:11:40 re/_trace.py:47 close.complete
DEBUG 2026-07-23 21:11:40 re/_trace.py:47 close.started
DEBUG 2026-07-23 21:11:40 re/_trace.py:47 close.complete
DEBUG 2026-07-23 21:11:40 re/_trace.py:47 close.started
DEBUG 2026-07-23 21:11:40 re/_trace.py:47 close.complete
DEBUG 2026-07-23 21:11:40 re/_trace.py:47 close.started
DEBUG 2026-07-23 21:11:40 re/_trace.py:47 close.complete
DEBUG 2026-07-23 21:11:41 re/_trace.py:47 close.started
DEBUG 2026-07-23 21:11:41 re/_trace.py:47 close.complete
DEBUG 2026-07-23 21:11:41 re/_trace.py:47 close.started
DEBUG 2026-07-23 21:11:41 re/_trace.py:47 close.complete
DEBUG 2026-07-23 21:20:30 re/_trace.py:47 close.started
DEBUG 2026-07-23 21:20:30 re/_trace.py:47 close.complete
DEBUG 2026-07-23 21:20:30 re/_trace.py:47 close.started
DEBUG 2026-07-23 21:20:30 re/_trace.py:47 close.complete
DEBUG 2026-07-23 21:20:30 re/_trace.py:47 close.started
DEBUG 2026-07-23 21:20:30 re/_trace.py:47 close.complete
DEBUG 2026-07-23 21:20:30 re/_trace.py:47 close.started
DEBUG 2026-07-23 21:20:30 re/_trace.py:47 close.complete
DEBUG 2026-07-23 21:20:30 re/_trace.py:47 close.started
DEBUG 2026-07-23 21:20:30 re/_trace.py:47 close.complete
DEBUG 2026-07-23 21:20:30 re/_trace.py:47 close.started
DEBUG 2026-07-23 21:20:30 re/_trace.py:47 close.complete
DEBUG 2026-07-23 21:20:30 re/_trace.py:47 close.started
DEBUG 2026-07-23 21:20:30 re/_trace.py:47 close.complete
DEBUG 2026-07-23 21:20:30 re/_trace.py:47 close.started
DEBUG 2026-07-23 21:20:30 re/_trace.py:47 close.complete
DEBUG 2026-07-23 21:20:31 re/_trace.py:47 close.started
DEBUG 2026-07-23 21:20:31 re/_trace.py:47 close.complete
DEBUG 2026-07-23 21:20:31 re/_trace.py:47 close.started
DEBUG 2026-07-23 21:20:31 re/_trace.py:47 close.complete
INFO 2026-07-23 21:24:20 ot_train.py:459 step:24K smpl:13M ep:9K epch:176.14 loss:0.001 grdn:0.086 lr:1.2e-05 updt_s:3.528 data_s:0.478
DEBUG 2026-07-23 21:29:24 re/_trace.py:47 close.started
DEBUG 2026-07-23 21:29:24 re/_trace.py:47 close.complete
DEBUG 2026-07-23 21:29:24 re/_trace.py:47 close.started
DEBUG 2026-07-23 21:29:24 re/_trace.py:47 close.complete
DEBUG 2026-07-23 21:29:24 re/_trace.py:47 close.started
DEBUG 2026-07-23 21:29:24 re/_trace.py:47 close.complete
DEBUG 2026-07-23 21:29:24 re/_trace.py:47 close.started
DEBUG 2026-07-23 21:29:24 re/_trace.py:47 close.complete
DEBUG 2026-07-23 21:29:25 re/_trace.py:47 close.started
DEBUG 2026-07-23 21:29:25 re/_trace.py:47 close.complete
DEBUG 2026-07-23 21:29:25 re/_trace.py:47 close.started
DEBUG 2026-07-23 21:29:25 re/_trace.py:47 close.complete
DEBUG 2026-07-23 21:29:25 re/_trace.py:47 close.started
DEBUG 2026-07-23 21:29:25 re/_trace.py:47 close.complete
DEBUG 2026-07-23 21:29:25 re/_trace.py:47 close.started
DEBUG 2026-07-23 21:29:25 re/_trace.py:47 close.complete
DEBUG 2026-07-23 21:29:25 re/_trace.py:47 close.started
DEBUG 2026-07-23 21:29:25 re/_trace.py:47 close.complete
DEBUG 2026-07-23 21:29:25 re/_trace.py:47 close.started
DEBUG 2026-07-23 21:29:25 re/_trace.py:47 close.complete
INFO 2026-07-23 21:36:47 ot_train.py:459 step:24K smpl:13M ep:9K epch:177.60 loss:0.001 grdn:0.092 lr:1.1e-05 updt_s:3.487 data_s:0.244
DEBUG 2026-07-23 21:38:17 re/_trace.py:47 close.started
DEBUG 2026-07-23 21:38:17 re/_trace.py:47 close.complete
DEBUG 2026-07-23 21:38:17 re/_trace.py:47 close.started
DEBUG 2026-07-23 21:38:17 re/_trace.py:47 close.complete
DEBUG 2026-07-23 21:38:17 re/_trace.py:47 close.started
DEBUG 2026-07-23 21:38:17 re/_trace.py:47 close.complete
DEBUG 2026-07-23 21:38:17 re/_trace.py:47 close.started
DEBUG 2026-07-23 21:38:17 re/_trace.py:47 close.complete
DEBUG 2026-07-23 21:38:17 re/_trace.py:47 close.started
DEBUG 2026-07-23 21:38:17 re/_trace.py:47 close.complete
DEBUG 2026-07-23 21:38:17 re/_trace.py:47 close.started
DEBUG 2026-07-23 21:38:17 re/_trace.py:47 close.complete
DEBUG 2026-07-23 21:38:17 re/_trace.py:47 close.started
DEBUG 2026-07-23 21:38:17 re/_trace.py:47 close.complete
DEBUG 2026-07-23 21:38:18 re/_trace.py:47 close.started
DEBUG 2026-07-23 21:38:18 re/_trace.py:47 close.complete
DEBUG 2026-07-23 21:38:18 re/_trace.py:47 close.started
DEBUG 2026-07-23 21:38:18 re/_trace.py:47 close.complete
DEBUG 2026-07-23 21:38:18 re/_trace.py:47 close.started
DEBUG 2026-07-23 21:38:18 re/_trace.py:47 close.complete
DEBUG 2026-07-23 21:47:10 re/_trace.py:47 close.started
DEBUG 2026-07-23 21:47:10 re/_trace.py:47 close.complete
DEBUG 2026-07-23 21:47:10 re/_trace.py:47 close.started
DEBUG 2026-07-23 21:47:10 re/_trace.py:47 close.complete
DEBUG 2026-07-23 21:47:10 re/_trace.py:47 close.started
DEBUG 2026-07-23 21:47:10 re/_trace.py:47 close.complete
DEBUG 2026-07-23 21:47:10 re/_trace.py:47 close.started
DEBUG 2026-07-23 21:47:10 re/_trace.py:47 close.complete
DEBUG 2026-07-23 21:47:10 re/_trace.py:47 close.started
DEBUG 2026-07-23 21:47:10 re/_trace.py:47 close.complete
DEBUG 2026-07-23 21:47:10 re/_trace.py:47 close.started
DEBUG 2026-07-23 21:47:10 re/_trace.py:47 close.complete
DEBUG 2026-07-23 21:47:11 re/_trace.py:47 close.started
DEBUG 2026-07-23 21:47:11 re/_trace.py:47 close.complete
DEBUG 2026-07-23 21:47:11 re/_trace.py:47 close.started
DEBUG 2026-07-23 21:47:11 re/_trace.py:47 close.complete
DEBUG 2026-07-23 21:47:11 re/_trace.py:47 close.started
DEBUG 2026-07-23 21:47:11 re/_trace.py:47 close.complete
DEBUG 2026-07-23 21:47:11 re/_trace.py:47 close.started
DEBUG 2026-07-23 21:47:11 re/_trace.py:47 close.complete
INFO 2026-07-23 21:50:07 ot_train.py:459 step:25K smpl:13M ep:9K epch:179.05 loss:0.001 grdn:0.092 lr:1.1e-05 updt_s:3.531 data_s:0.464
DEBUG 2026-07-23 21:55:56 re/_trace.py:47 close.started
DEBUG 2026-07-23 21:55:56 re/_trace.py:47 close.complete
DEBUG 2026-07-23 21:55:56 re/_trace.py:47 close.started
DEBUG 2026-07-23 21:55:56 re/_trace.py:47 close.complete
DEBUG 2026-07-23 21:55:56 re/_trace.py:47 close.started
DEBUG 2026-07-23 21:55:56 re/_trace.py:47 close.complete
DEBUG 2026-07-23 21:55:56 re/_trace.py:47 close.started
DEBUG 2026-07-23 21:55:56 re/_trace.py:47 close.complete
DEBUG 2026-07-23 21:55:56 re/_trace.py:47 close.started
DEBUG 2026-07-23 21:55:56 re/_trace.py:47 close.complete
DEBUG 2026-07-23 21:55:56 re/_trace.py:47 close.started
DEBUG 2026-07-23 21:55:56 re/_trace.py:47 close.complete
DEBUG 2026-07-23 21:55:56 re/_trace.py:47 close.started
DEBUG 2026-07-23 21:55:56 re/_trace.py:47 close.complete
DEBUG 2026-07-23 21:55:56 re/_trace.py:47 close.started
DEBUG 2026-07-23 21:55:56 re/_trace.py:47 close.complete
DEBUG 2026-07-23 21:55:57 re/_trace.py:47 close.started
DEBUG 2026-07-23 21:55:57 re/_trace.py:47 close.complete
DEBUG 2026-07-23 21:55:57 re/_trace.py:47 close.started
DEBUG 2026-07-23 21:55:57 re/_trace.py:47 close.complete
INFO 2026-07-23 22:02:32 ot_train.py:459 step:25K smpl:13M ep:9K epch:180.51 loss:0.001 grdn:0.083 lr:1.0e-05 updt_s:3.461 data_s:0.261
DEBUG 2026-07-23 22:04:50 re/_trace.py:47 close.started
DEBUG 2026-07-23 22:04:50 re/_trace.py:47 close.complete
DEBUG 2026-07-23 22:04:50 re/_trace.py:47 close.started
DEBUG 2026-07-23 22:04:50 re/_trace.py:47 close.complete
DEBUG 2026-07-23 22:04:50 re/_trace.py:47 close.started
DEBUG 2026-07-23 22:04:50 re/_trace.py:47 close.complete
DEBUG 2026-07-23 22:04:50 re/_trace.py:47 close.started
DEBUG 2026-07-23 22:04:50 re/_trace.py:47 close.complete
DEBUG 2026-07-23 22:04:50 re/_trace.py:47 close.started
DEBUG 2026-07-23 22:04:50 re/_trace.py:47 close.complete
DEBUG 2026-07-23 22:04:50 re/_trace.py:47 close.started
DEBUG 2026-07-23 22:04:50 re/_trace.py:47 close.complete
DEBUG 2026-07-23 22:04:51 re/_trace.py:47 close.started
DEBUG 2026-07-23 22:04:51 re/_trace.py:47 close.complete
DEBUG 2026-07-23 22:04:51 re/_trace.py:47 close.started
DEBUG 2026-07-23 22:04:51 re/_trace.py:47 close.complete
DEBUG 2026-07-23 22:04:51 re/_trace.py:47 close.started
DEBUG 2026-07-23 22:04:51 re/_trace.py:47 close.complete
DEBUG 2026-07-23 22:04:51 re/_trace.py:47 close.started
DEBUG 2026-07-23 22:04:51 re/_trace.py:47 close.complete
DEBUG 2026-07-23 22:13:38 re/_trace.py:47 close.started
DEBUG 2026-07-23 22:13:38 re/_trace.py:47 close.complete
DEBUG 2026-07-23 22:13:38 re/_trace.py:47 close.started
DEBUG 2026-07-23 22:13:38 re/_trace.py:47 close.complete
DEBUG 2026-07-23 22:13:39 re/_trace.py:47 close.started
DEBUG 2026-07-23 22:13:39 re/_trace.py:47 close.complete
DEBUG 2026-07-23 22:13:39 re/_trace.py:47 close.started
DEBUG 2026-07-23 22:13:39 re/_trace.py:47 close.complete
DEBUG 2026-07-23 22:13:39 re/_trace.py:47 close.started
DEBUG 2026-07-23 22:13:39 re/_trace.py:47 close.complete
DEBUG 2026-07-23 22:13:39 re/_trace.py:47 close.started
DEBUG 2026-07-23 22:13:39 re/_trace.py:47 close.complete
DEBUG 2026-07-23 22:13:39 re/_trace.py:47 close.started
DEBUG 2026-07-23 22:13:39 re/_trace.py:47 close.complete
DEBUG 2026-07-23 22:13:39 re/_trace.py:47 close.started
DEBUG 2026-07-23 22:13:39 re/_trace.py:47 close.complete
DEBUG 2026-07-23 22:13:39 re/_trace.py:47 close.started
DEBUG 2026-07-23 22:13:39 re/_trace.py:47 close.complete
DEBUG 2026-07-23 22:13:39 re/_trace.py:47 close.started
DEBUG 2026-07-23 22:13:39 re/_trace.py:47 close.complete
INFO 2026-07-23 22:15:48 ot_train.py:459 step:25K smpl:13M ep:9K epch:181.97 loss:0.001 grdn:0.084 lr:9.6e-06 updt_s:3.556 data_s:0.424
DEBUG 2026-07-23 22:22:28 re/_trace.py:47 close.started
DEBUG 2026-07-23 22:22:28 re/_trace.py:47 close.complete
DEBUG 2026-07-23 22:22:28 re/_trace.py:47 close.started
DEBUG 2026-07-23 22:22:28 re/_trace.py:47 close.complete
DEBUG 2026-07-23 22:22:28 re/_trace.py:47 close.started
DEBUG 2026-07-23 22:22:28 re/_trace.py:47 close.complete
DEBUG 2026-07-23 22:22:28 re/_trace.py:47 close.started
DEBUG 2026-07-23 22:22:28 re/_trace.py:47 close.complete
DEBUG 2026-07-23 22:22:28 re/_trace.py:47 close.started
DEBUG 2026-07-23 22:22:28 re/_trace.py:47 close.complete
DEBUG 2026-07-23 22:22:28 re/_trace.py:47 close.started
DEBUG 2026-07-23 22:22:28 re/_trace.py:47 close.complete
DEBUG 2026-07-23 22:22:28 re/_trace.py:47 close.started
DEBUG 2026-07-23 22:22:28 re/_trace.py:47 close.complete
DEBUG 2026-07-23 22:22:29 re/_trace.py:47 close.started
DEBUG 2026-07-23 22:22:29 re/_trace.py:47 close.complete
DEBUG 2026-07-23 22:22:29 re/_trace.py:47 close.started
DEBUG 2026-07-23 22:22:29 re/_trace.py:47 close.complete
DEBUG 2026-07-23 22:22:29 re/_trace.py:47 close.started
DEBUG 2026-07-23 22:22:29 re/_trace.py:47 close.complete
INFO 2026-07-23 22:28:12 ot_train.py:459 step:25K smpl:13M ep:9K epch:183.42 loss:0.001 grdn:0.080 lr:9.0e-06 updt_s:3.458 data_s:0.259
DEBUG 2026-07-23 22:31:18 re/_trace.py:47 close.started
DEBUG 2026-07-23 22:31:18 re/_trace.py:47 close.complete
DEBUG 2026-07-23 22:31:18 re/_trace.py:47 close.started
DEBUG 2026-07-23 22:31:18 re/_trace.py:47 close.complete
DEBUG 2026-07-23 22:31:18 re/_trace.py:47 close.started
DEBUG 2026-07-23 22:31:18 re/_trace.py:47 close.complete
DEBUG 2026-07-23 22:31:19 re/_trace.py:47 close.started
DEBUG 2026-07-23 22:31:19 re/_trace.py:47 close.complete
DEBUG 2026-07-23 22:31:19 re/_trace.py:47 close.started
DEBUG 2026-07-23 22:31:19 re/_trace.py:47 close.complete
DEBUG 2026-07-23 22:31:19 re/_trace.py:47 close.started
DEBUG 2026-07-23 22:31:19 re/_trace.py:47 close.complete
DEBUG 2026-07-23 22:31:19 re/_trace.py:47 close.started
DEBUG 2026-07-23 22:31:19 re/_trace.py:47 close.complete
DEBUG 2026-07-23 22:31:19 re/_trace.py:47 close.started
DEBUG 2026-07-23 22:31:19 re/_trace.py:47 close.complete
DEBUG 2026-07-23 22:31:19 re/_trace.py:47 close.started
DEBUG 2026-07-23 22:31:19 re/_trace.py:47 close.complete
DEBUG 2026-07-23 22:31:19 re/_trace.py:47 close.started
DEBUG 2026-07-23 22:31:19 re/_trace.py:47 close.complete
DEBUG 2026-07-23 22:40:11 re/_trace.py:47 close.started
DEBUG 2026-07-23 22:40:11 re/_trace.py:47 close.complete
DEBUG 2026-07-23 22:40:11 re/_trace.py:47 close.started
DEBUG 2026-07-23 22:40:11 re/_trace.py:47 close.complete
DEBUG 2026-07-23 22:40:12 re/_trace.py:47 close.started
DEBUG 2026-07-23 22:40:12 re/_trace.py:47 close.complete
DEBUG 2026-07-23 22:40:12 re/_trace.py:47 close.started
DEBUG 2026-07-23 22:40:12 re/_trace.py:47 close.complete
DEBUG 2026-07-23 22:40:12 re/_trace.py:47 close.started
DEBUG 2026-07-23 22:40:12 re/_trace.py:47 close.complete
DEBUG 2026-07-23 22:40:12 re/_trace.py:47 close.started
DEBUG 2026-07-23 22:40:12 re/_trace.py:47 close.complete
DEBUG 2026-07-23 22:40:12 re/_trace.py:47 close.started
DEBUG 2026-07-23 22:40:12 re/_trace.py:47 close.complete
DEBUG 2026-07-23 22:40:12 re/_trace.py:47 close.started
DEBUG 2026-07-23 22:40:12 re/_trace.py:47 close.complete
DEBUG 2026-07-23 22:40:12 re/_trace.py:47 close.started
DEBUG 2026-07-23 22:40:12 re/_trace.py:47 close.complete
DEBUG 2026-07-23 22:40:12 re/_trace.py:47 close.started
DEBUG 2026-07-23 22:40:12 re/_trace.py:47 close.complete
INFO 2026-07-23 22:41:27 ot_train.py:459 step:25K smpl:13M ep:9K epch:184.88 loss:0.001 grdn:0.079 lr:8.5e-06 updt_s:3.489 data_s:0.478
DEBUG 2026-07-23 22:49:03 re/_trace.py:47 close.started
DEBUG 2026-07-23 22:49:03 re/_trace.py:47 close.complete
DEBUG 2026-07-23 22:49:03 re/_trace.py:47 close.started
DEBUG 2026-07-23 22:49:03 re/_trace.py:47 close.complete
DEBUG 2026-07-23 22:49:03 re/_trace.py:47 close.started
DEBUG 2026-07-23 22:49:03 re/_trace.py:47 close.complete
DEBUG 2026-07-23 22:49:03 re/_trace.py:47 close.started
DEBUG 2026-07-23 22:49:03 re/_trace.py:47 close.complete
DEBUG 2026-07-23 22:49:03 re/_trace.py:47 close.started
DEBUG 2026-07-23 22:49:03 re/_trace.py:47 close.complete
DEBUG 2026-07-23 22:49:04 re/_trace.py:47 close.started
DEBUG 2026-07-23 22:49:04 re/_trace.py:47 close.complete
DEBUG 2026-07-23 22:49:04 re/_trace.py:47 close.started
DEBUG 2026-07-23 22:49:04 re/_trace.py:47 close.complete
DEBUG 2026-07-23 22:49:04 re/_trace.py:47 close.started
DEBUG 2026-07-23 22:49:04 re/_trace.py:47 close.complete
DEBUG 2026-07-23 22:49:04 re/_trace.py:47 close.started
DEBUG 2026-07-23 22:49:04 re/_trace.py:47 close.complete
DEBUG 2026-07-23 22:49:04 re/_trace.py:47 close.started
DEBUG 2026-07-23 22:49:04 re/_trace.py:47 close.complete
INFO 2026-07-23 22:53:55 ot_train.py:459 step:26K smpl:14M ep:9K epch:186.33 loss:0.001 grdn:0.081 lr:8.0e-06 updt_s:3.498 data_s:0.241
DEBUG 2026-07-23 22:57:49 re/_trace.py:47 close.started
DEBUG 2026-07-23 22:57:49 re/_trace.py:47 close.complete
DEBUG 2026-07-23 22:57:49 re/_trace.py:47 close.started
DEBUG 2026-07-23 22:57:49 re/_trace.py:47 close.complete
DEBUG 2026-07-23 22:57:49 re/_trace.py:47 close.started
DEBUG 2026-07-23 22:57:49 re/_trace.py:47 close.complete
DEBUG 2026-07-23 22:57:49 re/_trace.py:47 close.started
DEBUG 2026-07-23 22:57:49 re/_trace.py:47 close.complete
DEBUG 2026-07-23 22:57:49 re/_trace.py:47 close.started
DEBUG 2026-07-23 22:57:49 re/_trace.py:47 close.complete
DEBUG 2026-07-23 22:57:49 re/_trace.py:47 close.started
DEBUG 2026-07-23 22:57:49 re/_trace.py:47 close.complete
DEBUG 2026-07-23 22:57:49 re/_trace.py:47 close.started
DEBUG 2026-07-23 22:57:49 re/_trace.py:47 close.complete
DEBUG 2026-07-23 22:57:49 re/_trace.py:47 close.started
DEBUG 2026-07-23 22:57:49 re/_trace.py:47 close.complete
DEBUG 2026-07-23 22:57:49 re/_trace.py:47 close.started
DEBUG 2026-07-23 22:57:49 re/_trace.py:47 close.complete
DEBUG 2026-07-23 22:57:50 re/_trace.py:47 close.started
DEBUG 2026-07-23 22:57:50 re/_trace.py:47 close.complete
INFO 2026-07-23 23:06:17 ot_train.py:459 step:26K smpl:14M ep:9K epch:187.79 loss:0.001 grdn:0.077 lr:7.6e-06 updt_s:3.434 data_s:0.272
DEBUG 2026-07-23 23:06:38 re/_trace.py:47 close.started
DEBUG 2026-07-23 23:06:38 re/_trace.py:47 close.complete
DEBUG 2026-07-23 23:06:38 re/_trace.py:47 close.started
DEBUG 2026-07-23 23:06:38 re/_trace.py:47 close.complete
DEBUG 2026-07-23 23:06:39 re/_trace.py:47 close.started
DEBUG 2026-07-23 23:06:39 re/_trace.py:47 close.complete
DEBUG 2026-07-23 23:06:39 re/_trace.py:47 close.started
DEBUG 2026-07-23 23:06:39 re/_trace.py:47 close.complete
DEBUG 2026-07-23 23:06:39 re/_trace.py:47 close.started
DEBUG 2026-07-23 23:06:39 re/_trace.py:47 close.complete
DEBUG 2026-07-23 23:06:39 re/_trace.py:47 close.started
DEBUG 2026-07-23 23:06:39 re/_trace.py:47 close.complete
DEBUG 2026-07-23 23:06:39 re/_trace.py:47 close.started
DEBUG 2026-07-23 23:06:39 re/_trace.py:47 close.complete
DEBUG 2026-07-23 23:06:39 re/_trace.py:47 close.started
DEBUG 2026-07-23 23:06:39 re/_trace.py:47 close.complete
DEBUG 2026-07-23 23:06:39 re/_trace.py:47 close.started
DEBUG 2026-07-23 23:06:39 re/_trace.py:47 close.complete
DEBUG 2026-07-23 23:06:39 re/_trace.py:47 close.started
DEBUG 2026-07-23 23:06:39 re/_trace.py:47 close.complete
DEBUG 2026-07-23 23:15:27 re/_trace.py:47 close.started
DEBUG 2026-07-23 23:15:27 re/_trace.py:47 close.complete
DEBUG 2026-07-23 23:15:27 re/_trace.py:47 close.started
DEBUG 2026-07-23 23:15:27 re/_trace.py:47 close.complete
DEBUG 2026-07-23 23:15:27 re/_trace.py:47 close.started
DEBUG 2026-07-23 23:15:27 re/_trace.py:47 close.complete
DEBUG 2026-07-23 23:15:27 re/_trace.py:47 close.started
DEBUG 2026-07-23 23:15:27 re/_trace.py:47 close.complete
DEBUG 2026-07-23 23:15:28 re/_trace.py:47 close.started
DEBUG 2026-07-23 23:15:28 re/_trace.py:47 close.complete
DEBUG 2026-07-23 23:15:28 re/_trace.py:47 close.started
DEBUG 2026-07-23 23:15:28 re/_trace.py:47 close.complete
DEBUG 2026-07-23 23:15:28 re/_trace.py:47 close.started
DEBUG 2026-07-23 23:15:28 re/_trace.py:47 close.complete
DEBUG 2026-07-23 23:15:28 re/_trace.py:47 close.started
DEBUG 2026-07-23 23:15:28 re/_trace.py:47 close.complete
DEBUG 2026-07-23 23:15:28 re/_trace.py:47 close.started
DEBUG 2026-07-23 23:15:28 re/_trace.py:47 close.complete
DEBUG 2026-07-23 23:15:28 re/_trace.py:47 close.started
DEBUG 2026-07-23 23:15:28 re/_trace.py:47 close.complete
INFO 2026-07-23 23:19:39 ot_train.py:459 step:26K smpl:14M ep:9K epch:189.24 loss:0.001 grdn:0.074 lr:7.1e-06 updt_s:3.541 data_s:0.468
DEBUG 2026-07-23 23:24:23 re/_trace.py:47 close.started
DEBUG 2026-07-23 23:24:23 re/_trace.py:47 close.complete
DEBUG 2026-07-23 23:24:23 re/_trace.py:47 close.started
DEBUG 2026-07-23 23:24:23 re/_trace.py:47 close.complete
DEBUG 2026-07-23 23:24:23 re/_trace.py:47 close.started
DEBUG 2026-07-23 23:24:23 re/_trace.py:47 close.complete
DEBUG 2026-07-23 23:24:23 re/_trace.py:47 close.started
DEBUG 2026-07-23 23:24:23 re/_trace.py:47 close.complete
DEBUG 2026-07-23 23:24:23 re/_trace.py:47 close.started
DEBUG 2026-07-23 23:24:23 re/_trace.py:47 close.complete
DEBUG 2026-07-23 23:24:24 re/_trace.py:47 close.started
DEBUG 2026-07-23 23:24:24 re/_trace.py:47 close.complete
DEBUG 2026-07-23 23:24:24 re/_trace.py:47 close.started
DEBUG 2026-07-23 23:24:24 re/_trace.py:47 close.complete
DEBUG 2026-07-23 23:24:24 re/_trace.py:47 close.started
DEBUG 2026-07-23 23:24:24 re/_trace.py:47 close.complete
DEBUG 2026-07-23 23:24:24 re/_trace.py:47 close.started
DEBUG 2026-07-23 23:24:24 re/_trace.py:47 close.complete
DEBUG 2026-07-23 23:24:24 re/_trace.py:47 close.started
DEBUG 2026-07-23 23:24:24 re/_trace.py:47 close.complete
INFO 2026-07-23 23:32:04 ot_train.py:459 step:26K smpl:14M ep:10K epch:190.70 loss:0.001 grdn:0.072 lr:6.7e-06 updt_s:3.473 data_s:0.249
DEBUG 2026-07-23 23:33:13 re/_trace.py:47 close.started
DEBUG 2026-07-23 23:33:13 re/_trace.py:47 close.complete
DEBUG 2026-07-23 23:33:13 re/_trace.py:47 close.started
DEBUG 2026-07-23 23:33:13 re/_trace.py:47 close.complete
DEBUG 2026-07-23 23:33:13 re/_trace.py:47 close.started
DEBUG 2026-07-23 23:33:13 re/_trace.py:47 close.complete
DEBUG 2026-07-23 23:33:13 re/_trace.py:47 close.started
DEBUG 2026-07-23 23:33:13 re/_trace.py:47 close.complete
DEBUG 2026-07-23 23:33:13 re/_trace.py:47 close.started
DEBUG 2026-07-23 23:33:13 re/_trace.py:47 close.complete
DEBUG 2026-07-23 23:33:14 re/_trace.py:47 close.started
DEBUG 2026-07-23 23:33:14 re/_trace.py:47 close.complete
DEBUG 2026-07-23 23:33:14 re/_trace.py:47 close.started
DEBUG 2026-07-23 23:33:14 re/_trace.py:47 close.complete
DEBUG 2026-07-23 23:33:14 re/_trace.py:47 close.started
DEBUG 2026-07-23 23:33:14 re/_trace.py:47 close.complete
DEBUG 2026-07-23 23:33:14 re/_trace.py:47 close.started
DEBUG 2026-07-23 23:33:14 re/_trace.py:47 close.complete
DEBUG 2026-07-23 23:33:14 re/_trace.py:47 close.started
DEBUG 2026-07-23 23:33:14 re/_trace.py:47 close.complete
DEBUG 2026-07-23 23:42:05 re/_trace.py:47 close.started
DEBUG 2026-07-23 23:42:05 re/_trace.py:47 close.complete
DEBUG 2026-07-23 23:42:05 re/_trace.py:47 close.started
DEBUG 2026-07-23 23:42:05 re/_trace.py:47 close.complete
DEBUG 2026-07-23 23:42:05 re/_trace.py:47 close.started
DEBUG 2026-07-23 23:42:05 re/_trace.py:47 close.complete
DEBUG 2026-07-23 23:42:06 re/_trace.py:47 close.started
DEBUG 2026-07-23 23:42:06 re/_trace.py:47 close.complete
DEBUG 2026-07-23 23:42:06 re/_trace.py:47 close.started
DEBUG 2026-07-23 23:42:06 re/_trace.py:47 close.complete
DEBUG 2026-07-23 23:42:06 re/_trace.py:47 close.started
DEBUG 2026-07-23 23:42:06 re/_trace.py:47 close.complete
DEBUG 2026-07-23 23:42:06 re/_trace.py:47 close.started
DEBUG 2026-07-23 23:42:06 re/_trace.py:47 close.complete
DEBUG 2026-07-23 23:42:06 re/_trace.py:47 close.started
DEBUG 2026-07-23 23:42:06 re/_trace.py:47 close.complete
DEBUG 2026-07-23 23:42:06 re/_trace.py:47 close.started
DEBUG 2026-07-23 23:42:06 re/_trace.py:47 close.complete
DEBUG 2026-07-23 23:42:06 re/_trace.py:47 close.started
DEBUG 2026-07-23 23:42:06 re/_trace.py:47 close.complete
INFO 2026-07-23 23:45:25 ot_train.py:459 step:26K smpl:14M ep:10K epch:192.16 loss:0.001 grdn:0.069 lr:6.3e-06 updt_s:3.538 data_s:0.463
DEBUG 2026-07-23 23:50:56 re/_trace.py:47 close.started
DEBUG 2026-07-23 23:50:56 re/_trace.py:47 close.complete
DEBUG 2026-07-23 23:50:56 re/_trace.py:47 close.started
DEBUG 2026-07-23 23:50:56 re/_trace.py:47 close.complete
DEBUG 2026-07-23 23:50:56 re/_trace.py:47 close.started
DEBUG 2026-07-23 23:50:56 re/_trace.py:47 close.complete
DEBUG 2026-07-23 23:50:57 re/_trace.py:47 close.started
DEBUG 2026-07-23 23:50:57 re/_trace.py:47 close.complete
DEBUG 2026-07-23 23:50:57 re/_trace.py:47 close.started
DEBUG 2026-07-23 23:50:57 re/_trace.py:47 close.complete
DEBUG 2026-07-23 23:50:57 re/_trace.py:47 close.started
DEBUG 2026-07-23 23:50:57 re/_trace.py:47 close.complete
DEBUG 2026-07-23 23:50:57 re/_trace.py:47 close.started
DEBUG 2026-07-23 23:50:57 re/_trace.py:47 close.complete
DEBUG 2026-07-23 23:50:57 re/_trace.py:47 close.started
DEBUG 2026-07-23 23:50:57 re/_trace.py:47 close.complete
DEBUG 2026-07-23 23:50:57 re/_trace.py:47 close.started
DEBUG 2026-07-23 23:50:57 re/_trace.py:47 close.complete
DEBUG 2026-07-23 23:50:57 re/_trace.py:47 close.started
DEBUG 2026-07-23 23:50:57 re/_trace.py:47 close.complete
INFO 2026-07-23 23:57:49 ot_train.py:459 step:27K smpl:14M ep:10K epch:193.61 loss:0.001 grdn:0.069 lr:5.9e-06 updt_s:3.482 data_s:0.235
DEBUG 2026-07-23 23:59:46 re/_trace.py:47 close.started
DEBUG 2026-07-23 23:59:46 re/_trace.py:47 close.complete
DEBUG 2026-07-23 23:59:46 re/_trace.py:47 close.started
DEBUG 2026-07-23 23:59:46 re/_trace.py:47 close.complete
DEBUG 2026-07-23 23:59:46 re/_trace.py:47 close.started
DEBUG 2026-07-23 23:59:46 re/_trace.py:47 close.complete
DEBUG 2026-07-23 23:59:46 re/_trace.py:47 close.started
DEBUG 2026-07-23 23:59:46 re/_trace.py:47 close.complete
DEBUG 2026-07-23 23:59:47 re/_trace.py:47 close.started
DEBUG 2026-07-23 23:59:47 re/_trace.py:47 close.complete
DEBUG 2026-07-23 23:59:47 re/_trace.py:47 close.started
DEBUG 2026-07-23 23:59:47 re/_trace.py:47 close.complete
DEBUG 2026-07-23 23:59:47 re/_trace.py:47 close.started
DEBUG 2026-07-23 23:59:47 re/_trace.py:47 close.complete
DEBUG 2026-07-23 23:59:47 re/_trace.py:47 close.started
DEBUG 2026-07-23 23:59:47 re/_trace.py:47 close.complete
DEBUG 2026-07-23 23:59:47 re/_trace.py:47 close.started
DEBUG 2026-07-23 23:59:47 re/_trace.py:47 close.complete
DEBUG 2026-07-23 23:59:47 re/_trace.py:47 close.started
DEBUG 2026-07-23 23:59:47 re/_trace.py:47 close.complete
DEBUG 2026-07-24 00:08:38 re/_trace.py:47 close.started
DEBUG 2026-07-24 00:08:38 re/_trace.py:47 close.complete
DEBUG 2026-07-24 00:08:38 re/_trace.py:47 close.started
DEBUG 2026-07-24 00:08:38 re/_trace.py:47 close.complete
DEBUG 2026-07-24 00:08:38 re/_trace.py:47 close.started
DEBUG 2026-07-24 00:08:38 re/_trace.py:47 close.complete
DEBUG 2026-07-24 00:08:38 re/_trace.py:47 close.started
DEBUG 2026-07-24 00:08:38 re/_trace.py:47 close.complete
DEBUG 2026-07-24 00:08:38 re/_trace.py:47 close.started
DEBUG 2026-07-24 00:08:38 re/_trace.py:47 close.complete
DEBUG 2026-07-24 00:08:38 re/_trace.py:47 close.started
DEBUG 2026-07-24 00:08:38 re/_trace.py:47 close.complete
DEBUG 2026-07-24 00:08:38 re/_trace.py:47 close.started
DEBUG 2026-07-24 00:08:38 re/_trace.py:47 close.complete
DEBUG 2026-07-24 00:08:39 re/_trace.py:47 close.started
DEBUG 2026-07-24 00:08:39 re/_trace.py:47 close.complete
DEBUG 2026-07-24 00:08:39 re/_trace.py:47 close.started
DEBUG 2026-07-24 00:08:39 re/_trace.py:47 close.complete
DEBUG 2026-07-24 00:08:39 re/_trace.py:47 close.started
DEBUG 2026-07-24 00:08:39 re/_trace.py:47 close.complete
INFO 2026-07-24 00:11:07 ot_train.py:459 step:27K smpl:14M ep:10K epch:195.07 loss:0.001 grdn:0.063 lr:5.5e-06 updt_s:3.541 data_s:0.446
DEBUG 2026-07-24 00:17:26 re/_trace.py:47 close.started
DEBUG 2026-07-24 00:17:26 re/_trace.py:47 close.complete
DEBUG 2026-07-24 00:17:26 re/_trace.py:47 close.started
DEBUG 2026-07-24 00:17:26 re/_trace.py:47 close.complete
DEBUG 2026-07-24 00:17:27 re/_trace.py:47 close.started
DEBUG 2026-07-24 00:17:27 re/_trace.py:47 close.complete
DEBUG 2026-07-24 00:17:27 re/_trace.py:47 close.started
DEBUG 2026-07-24 00:17:27 re/_trace.py:47 close.complete
DEBUG 2026-07-24 00:17:27 re/_trace.py:47 close.started
DEBUG 2026-07-24 00:17:27 re/_trace.py:47 close.complete
DEBUG 2026-07-24 00:17:27 re/_trace.py:47 close.started
DEBUG 2026-07-24 00:17:27 re/_trace.py:47 close.complete
DEBUG 2026-07-24 00:17:27 re/_trace.py:47 close.started
DEBUG 2026-07-24 00:17:27 re/_trace.py:47 close.complete
DEBUG 2026-07-24 00:17:27 re/_trace.py:47 close.started
DEBUG 2026-07-24 00:17:27 re/_trace.py:47 close.complete
DEBUG 2026-07-24 00:17:27 re/_trace.py:47 close.started
DEBUG 2026-07-24 00:17:27 re/_trace.py:47 close.complete
DEBUG 2026-07-24 00:17:27 re/_trace.py:47 close.started
DEBUG 2026-07-24 00:17:27 re/_trace.py:47 close.complete
INFO 2026-07-24 00:23:27 ot_train.py:459 step:27K smpl:14M ep:10K epch:196.52 loss:0.001 grdn:0.067 lr:5.2e-06 updt_s:3.446 data_s:0.251
INFO 2026-07-24 00:23:27 ot_train.py:479 Checkpoint policy after step 27000
DEBUG 2026-07-24 00:26:33 re/_trace.py:47 close.started
DEBUG 2026-07-24 00:26:33 re/_trace.py:47 close.complete
DEBUG 2026-07-24 00:26:33 re/_trace.py:47 close.started
DEBUG 2026-07-24 00:26:33 re/_trace.py:47 close.complete
DEBUG 2026-07-24 00:26:33 re/_trace.py:47 close.started
DEBUG 2026-07-24 00:26:33 re/_trace.py:47 close.complete
DEBUG 2026-07-24 00:26:33 re/_trace.py:47 close.started
DEBUG 2026-07-24 00:26:33 re/_trace.py:47 close.complete
DEBUG 2026-07-24 00:26:33 re/_trace.py:47 close.started
DEBUG 2026-07-24 00:26:33 re/_trace.py:47 close.complete
DEBUG 2026-07-24 00:26:33 re/_trace.py:47 close.started
DEBUG 2026-07-24 00:26:33 re/_trace.py:47 close.complete
DEBUG 2026-07-24 00:26:33 re/_trace.py:47 close.started
DEBUG 2026-07-24 00:26:33 re/_trace.py:47 close.complete
DEBUG 2026-07-24 00:26:33 re/_trace.py:47 close.started
DEBUG 2026-07-24 00:26:33 re/_trace.py:47 close.complete
DEBUG 2026-07-24 00:26:34 re/_trace.py:47 close.started
DEBUG 2026-07-24 00:26:34 re/_trace.py:47 close.complete
DEBUG 2026-07-24 00:26:34 re/_trace.py:47 close.started
DEBUG 2026-07-24 00:26:34 re/_trace.py:47 close.complete
DEBUG 2026-07-24 00:35:29 re/_trace.py:47 close.started
DEBUG 2026-07-24 00:35:29 re/_trace.py:47 close.complete
DEBUG 2026-07-24 00:35:29 re/_trace.py:47 close.started
DEBUG 2026-07-24 00:35:29 re/_trace.py:47 close.complete
DEBUG 2026-07-24 00:35:29 re/_trace.py:47 close.started
DEBUG 2026-07-24 00:35:29 re/_trace.py:47 close.complete
DEBUG 2026-07-24 00:35:29 re/_trace.py:47 close.started
DEBUG 2026-07-24 00:35:29 re/_trace.py:47 close.complete
DEBUG 2026-07-24 00:35:29 re/_trace.py:47 close.started
DEBUG 2026-07-24 00:35:29 re/_trace.py:47 close.complete
DEBUG 2026-07-24 00:35:29 re/_trace.py:47 close.started
DEBUG 2026-07-24 00:35:29 re/_trace.py:47 close.complete
DEBUG 2026-07-24 00:35:29 re/_trace.py:47 close.started
DEBUG 2026-07-24 00:35:29 re/_trace.py:47 close.complete
DEBUG 2026-07-24 00:35:29 re/_trace.py:47 close.started
DEBUG 2026-07-24 00:35:29 re/_trace.py:47 close.complete
DEBUG 2026-07-24 00:35:29 re/_trace.py:47 close.started
DEBUG 2026-07-24 00:35:29 re/_trace.py:47 close.complete
DEBUG 2026-07-24 00:35:30 re/_trace.py:47 close.started
DEBUG 2026-07-24 00:35:30 re/_trace.py:47 close.complete
INFO 2026-07-24 00:37:04 ot_train.py:459 step:27K smpl:14M ep:10K epch:197.98 loss:0.001 grdn:0.061 lr:4.8e-06 updt_s:3.503 data_s:0.476
DEBUG 2026-07-24 00:44:18 re/_trace.py:47 close.started
DEBUG 2026-07-24 00:44:18 re/_trace.py:47 close.complete
DEBUG 2026-07-24 00:44:18 re/_trace.py:47 close.started
DEBUG 2026-07-24 00:44:18 re/_trace.py:47 close.complete
DEBUG 2026-07-24 00:44:18 re/_trace.py:47 close.started
DEBUG 2026-07-24 00:44:18 re/_trace.py:47 close.complete
DEBUG 2026-07-24 00:44:18 re/_trace.py:47 close.started
DEBUG 2026-07-24 00:44:18 re/_trace.py:47 close.complete
DEBUG 2026-07-24 00:44:18 re/_trace.py:47 close.started
DEBUG 2026-07-24 00:44:18 re/_trace.py:47 close.complete
DEBUG 2026-07-24 00:44:19 re/_trace.py:47 close.started
DEBUG 2026-07-24 00:44:19 re/_trace.py:47 close.complete
DEBUG 2026-07-24 00:44:19 re/_trace.py:47 close.started
DEBUG 2026-07-24 00:44:19 re/_trace.py:47 close.complete
DEBUG 2026-07-24 00:44:19 re/_trace.py:47 close.started
DEBUG 2026-07-24 00:44:19 re/_trace.py:47 close.complete
DEBUG 2026-07-24 00:44:19 re/_trace.py:47 close.started
DEBUG 2026-07-24 00:44:19 re/_trace.py:47 close.complete
DEBUG 2026-07-24 00:44:19 re/_trace.py:47 close.started
DEBUG 2026-07-24 00:44:19 re/_trace.py:47 close.complete
INFO 2026-07-24 00:49:38 ot_train.py:459 step:27K smpl:14M ep:10K epch:199.43 loss:0.001 grdn:0.061 lr:4.5e-06 updt_s:3.524 data_s:0.242
DEBUG 2026-07-24 00:53:12 re/_trace.py:47 close.started
DEBUG 2026-07-24 00:53:12 re/_trace.py:47 close.complete
DEBUG 2026-07-24 00:53:13 re/_trace.py:47 close.started
DEBUG 2026-07-24 00:53:13 re/_trace.py:47 close.complete
DEBUG 2026-07-24 00:53:13 re/_trace.py:47 close.started
DEBUG 2026-07-24 00:53:13 re/_trace.py:47 close.complete
DEBUG 2026-07-24 00:53:13 re/_trace.py:47 close.started
DEBUG 2026-07-24 00:53:13 re/_trace.py:47 close.complete
DEBUG 2026-07-24 00:53:13 re/_trace.py:47 close.started
DEBUG 2026-07-24 00:53:13 re/_trace.py:47 close.complete
DEBUG 2026-07-24 00:53:13 re/_trace.py:47 close.started
DEBUG 2026-07-24 00:53:13 re/_trace.py:47 close.complete
DEBUG 2026-07-24 00:53:13 re/_trace.py:47 close.started
DEBUG 2026-07-24 00:53:13 re/_trace.py:47 close.complete
DEBUG 2026-07-24 00:53:13 re/_trace.py:47 close.started
DEBUG 2026-07-24 00:53:13 re/_trace.py:47 close.complete
DEBUG 2026-07-24 00:53:13 re/_trace.py:47 close.started
DEBUG 2026-07-24 00:53:13 re/_trace.py:47 close.complete
DEBUG 2026-07-24 00:53:13 re/_trace.py:47 close.started
DEBUG 2026-07-24 00:53:13 re/_trace.py:47 close.complete
INFO 2026-07-24 01:02:01 ot_train.py:459 step:28K smpl:15M ep:10K epch:200.89 loss:0.001 grdn:0.058 lr:4.2e-06 updt_s:3.466 data_s:0.246
DEBUG 2026-07-24 01:02:01 re/_trace.py:47 close.started
DEBUG 2026-07-24 01:02:01 re/_trace.py:47 close.complete
DEBUG 2026-07-24 01:02:01 re/_trace.py:47 close.started
DEBUG 2026-07-24 01:02:01 re/_trace.py:47 close.complete
DEBUG 2026-07-24 01:02:01 re/_trace.py:47 close.started
DEBUG 2026-07-24 01:02:01 re/_trace.py:47 close.complete
DEBUG 2026-07-24 01:02:01 re/_trace.py:47 close.started
DEBUG 2026-07-24 01:02:01 re/_trace.py:47 close.complete
DEBUG 2026-07-24 01:02:01 re/_trace.py:47 close.started
DEBUG 2026-07-24 01:02:01 re/_trace.py:47 close.complete
DEBUG 2026-07-24 01:02:01 re/_trace.py:47 close.started
DEBUG 2026-07-24 01:02:01 re/_trace.py:47 close.complete
DEBUG 2026-07-24 01:02:01 re/_trace.py:47 close.started
DEBUG 2026-07-24 01:02:01 re/_trace.py:47 close.complete
DEBUG 2026-07-24 01:02:02 re/_trace.py:47 close.started
DEBUG 2026-07-24 01:02:02 re/_trace.py:47 close.complete
DEBUG 2026-07-24 01:02:02 re/_trace.py:47 close.started
DEBUG 2026-07-24 01:02:02 re/_trace.py:47 close.complete
DEBUG 2026-07-24 01:02:02 re/_trace.py:47 close.started
DEBUG 2026-07-24 01:02:02 re/_trace.py:47 close.complete
DEBUG 2026-07-24 01:10:50 re/_trace.py:47 close.started
DEBUG 2026-07-24 01:10:50 re/_trace.py:47 close.complete
DEBUG 2026-07-24 01:10:50 re/_trace.py:47 close.started
DEBUG 2026-07-24 01:10:50 re/_trace.py:47 close.complete
DEBUG 2026-07-24 01:10:50 re/_trace.py:47 close.started
DEBUG 2026-07-24 01:10:50 re/_trace.py:47 close.complete
DEBUG 2026-07-24 01:10:50 re/_trace.py:47 close.started
DEBUG 2026-07-24 01:10:50 re/_trace.py:47 close.complete
DEBUG 2026-07-24 01:10:51 re/_trace.py:47 close.started
DEBUG 2026-07-24 01:10:51 re/_trace.py:47 close.complete
DEBUG 2026-07-24 01:10:51 re/_trace.py:47 close.started
DEBUG 2026-07-24 01:10:51 re/_trace.py:47 close.complete
DEBUG 2026-07-24 01:10:51 re/_trace.py:47 close.started
DEBUG 2026-07-24 01:10:51 re/_trace.py:47 close.complete
DEBUG 2026-07-24 01:10:51 re/_trace.py:47 close.started
DEBUG 2026-07-24 01:10:51 re/_trace.py:47 close.complete
DEBUG 2026-07-24 01:10:51 re/_trace.py:47 close.started
DEBUG 2026-07-24 01:10:51 re/_trace.py:47 close.complete
DEBUG 2026-07-24 01:10:51 re/_trace.py:47 close.started
DEBUG 2026-07-24 01:10:51 re/_trace.py:47 close.complete
INFO 2026-07-24 01:15:17 ot_train.py:459 step:28K smpl:15M ep:10K epch:202.35 loss:0.001 grdn:0.057 lr:4.0e-06 updt_s:3.540 data_s:0.438
DEBUG 2026-07-24 01:19:39 re/_trace.py:47 close.started
DEBUG 2026-07-24 01:19:39 re/_trace.py:47 close.complete
DEBUG 2026-07-24 01:19:39 re/_trace.py:47 close.started
DEBUG 2026-07-24 01:19:39 re/_trace.py:47 close.complete
DEBUG 2026-07-24 01:19:39 re/_trace.py:47 close.started
DEBUG 2026-07-24 01:19:39 re/_trace.py:47 close.complete
DEBUG 2026-07-24 01:19:39 re/_trace.py:47 close.started
DEBUG 2026-07-24 01:19:39 re/_trace.py:47 close.complete
DEBUG 2026-07-24 01:19:39 re/_trace.py:47 close.started
DEBUG 2026-07-24 01:19:39 re/_trace.py:47 close.complete
DEBUG 2026-07-24 01:19:39 re/_trace.py:47 close.started
DEBUG 2026-07-24 01:19:39 re/_trace.py:47 close.complete
DEBUG 2026-07-24 01:19:39 re/_trace.py:47 close.started
DEBUG 2026-07-24 01:19:39 re/_trace.py:47 close.complete
DEBUG 2026-07-24 01:19:40 re/_trace.py:47 close.started
DEBUG 2026-07-24 01:19:40 re/_trace.py:47 close.complete
DEBUG 2026-07-24 01:19:40 re/_trace.py:47 close.started
DEBUG 2026-07-24 01:19:40 re/_trace.py:47 close.complete
DEBUG 2026-07-24 01:19:40 re/_trace.py:47 close.started
DEBUG 2026-07-24 01:19:40 re/_trace.py:47 close.complete
INFO 2026-07-24 01:27:41 ot_train.py:459 step:28K smpl:15M ep:10K epch:203.80 loss:0.001 grdn:0.053 lr:3.7e-06 updt_s:3.470 data_s:0.248
DEBUG 2026-07-24 01:28:30 re/_trace.py:47 close.started
DEBUG 2026-07-24 01:28:30 re/_trace.py:47 close.complete
DEBUG 2026-07-24 01:28:30 re/_trace.py:47 close.started
DEBUG 2026-07-24 01:28:30 re/_trace.py:47 close.complete
DEBUG 2026-07-24 01:28:30 re/_trace.py:47 close.started
DEBUG 2026-07-24 01:28:30 re/_trace.py:47 close.complete
DEBUG 2026-07-24 01:28:30 re/_trace.py:47 close.started
DEBUG 2026-07-24 01:28:30 re/_trace.py:47 close.complete
DEBUG 2026-07-24 01:28:30 re/_trace.py:47 close.started
DEBUG 2026-07-24 01:28:30 re/_trace.py:47 close.complete
DEBUG 2026-07-24 01:28:31 re/_trace.py:47 close.started
DEBUG 2026-07-24 01:28:31 re/_trace.py:47 close.complete
DEBUG 2026-07-24 01:28:31 re/_trace.py:47 close.started
DEBUG 2026-07-24 01:28:31 re/_trace.py:47 close.complete
DEBUG 2026-07-24 01:28:31 re/_trace.py:47 close.started
DEBUG 2026-07-24 01:28:31 re/_trace.py:47 close.complete
DEBUG 2026-07-24 01:28:31 re/_trace.py:47 close.started
DEBUG 2026-07-24 01:28:31 re/_trace.py:47 close.complete
DEBUG 2026-07-24 01:28:31 re/_trace.py:47 close.started
DEBUG 2026-07-24 01:28:31 re/_trace.py:47 close.complete
DEBUG 2026-07-24 01:37:22 re/_trace.py:47 close.started
DEBUG 2026-07-24 01:37:22 re/_trace.py:47 close.complete
DEBUG 2026-07-24 01:37:22 re/_trace.py:47 close.started
DEBUG 2026-07-24 01:37:22 re/_trace.py:47 close.complete
DEBUG 2026-07-24 01:37:22 re/_trace.py:47 close.started
DEBUG 2026-07-24 01:37:22 re/_trace.py:47 close.complete
DEBUG 2026-07-24 01:37:22 re/_trace.py:47 close.started
DEBUG 2026-07-24 01:37:22 re/_trace.py:47 close.complete
DEBUG 2026-07-24 01:37:22 re/_trace.py:47 close.started
DEBUG 2026-07-24 01:37:22 re/_trace.py:47 close.complete
DEBUG 2026-07-24 01:37:23 re/_trace.py:47 close.started
DEBUG 2026-07-24 01:37:23 re/_trace.py:47 close.complete
DEBUG 2026-07-24 01:37:23 re/_trace.py:47 close.started
DEBUG 2026-07-24 01:37:23 re/_trace.py:47 close.complete
DEBUG 2026-07-24 01:37:23 re/_trace.py:47 close.started
DEBUG 2026-07-24 01:37:23 re/_trace.py:47 close.complete
DEBUG 2026-07-24 01:37:23 re/_trace.py:47 close.started
DEBUG 2026-07-24 01:37:23 re/_trace.py:47 close.complete
DEBUG 2026-07-24 01:37:23 re/_trace.py:47 close.started
DEBUG 2026-07-24 01:37:23 re/_trace.py:47 close.complete
INFO 2026-07-24 01:41:03 ot_train.py:459 step:28K smpl:15M ep:10K epch:205.26 loss:0.001 grdn:0.055 lr:3.5e-06 updt_s:3.555 data_s:0.449
DEBUG 2026-07-24 01:46:13 re/_trace.py:47 close.started
DEBUG 2026-07-24 01:46:13 re/_trace.py:47 close.complete
DEBUG 2026-07-24 01:46:13 re/_trace.py:47 close.started
DEBUG 2026-07-24 01:46:13 re/_trace.py:47 close.complete
DEBUG 2026-07-24 01:46:13 re/_trace.py:47 close.started
DEBUG 2026-07-24 01:46:13 re/_trace.py:47 close.complete
DEBUG 2026-07-24 01:46:13 re/_trace.py:47 close.started
DEBUG 2026-07-24 01:46:13 re/_trace.py:47 close.complete
DEBUG 2026-07-24 01:46:13 re/_trace.py:47 close.started
DEBUG 2026-07-24 01:46:13 re/_trace.py:47 close.complete
DEBUG 2026-07-24 01:46:13 re/_trace.py:47 close.started
DEBUG 2026-07-24 01:46:13 re/_trace.py:47 close.complete
DEBUG 2026-07-24 01:46:13 re/_trace.py:47 close.started
DEBUG 2026-07-24 01:46:13 re/_trace.py:47 close.complete
DEBUG 2026-07-24 01:46:14 re/_trace.py:47 close.started
DEBUG 2026-07-24 01:46:14 re/_trace.py:47 close.complete
DEBUG 2026-07-24 01:46:14 re/_trace.py:47 close.started
DEBUG 2026-07-24 01:46:14 re/_trace.py:47 close.complete
DEBUG 2026-07-24 01:46:14 re/_trace.py:47 close.started
DEBUG 2026-07-24 01:46:14 re/_trace.py:47 close.complete
INFO 2026-07-24 01:53:27 ot_train.py:459 step:28K smpl:15M ep:10K epch:206.71 loss:0.001 grdn:0.052 lr:3.3e-06 updt_s:3.465 data_s:0.252
DEBUG 2026-07-24 01:55:03 re/_trace.py:47 close.started
DEBUG 2026-07-24 01:55:03 re/_trace.py:47 close.complete
DEBUG 2026-07-24 01:55:04 re/_trace.py:47 close.started
DEBUG 2026-07-24 01:55:04 re/_trace.py:47 close.complete
DEBUG 2026-07-24 01:55:04 re/_trace.py:47 close.started
DEBUG 2026-07-24 01:55:04 re/_trace.py:47 close.complete
DEBUG 2026-07-24 01:55:04 re/_trace.py:47 close.started
DEBUG 2026-07-24 01:55:04 re/_trace.py:47 close.complete
DEBUG 2026-07-24 01:55:04 re/_trace.py:47 close.started
DEBUG 2026-07-24 01:55:04 re/_trace.py:47 close.complete
DEBUG 2026-07-24 01:55:04 re/_trace.py:47 close.started
DEBUG 2026-07-24 01:55:04 re/_trace.py:47 close.complete
DEBUG 2026-07-24 01:55:04 re/_trace.py:47 close.started
DEBUG 2026-07-24 01:55:04 re/_trace.py:47 close.complete
DEBUG 2026-07-24 01:55:04 re/_trace.py:47 close.started
DEBUG 2026-07-24 01:55:04 re/_trace.py:47 close.complete
DEBUG 2026-07-24 01:55:04 re/_trace.py:47 close.started
DEBUG 2026-07-24 01:55:04 re/_trace.py:47 close.complete
DEBUG 2026-07-24 01:55:04 re/_trace.py:47 close.started
DEBUG 2026-07-24 01:55:04 re/_trace.py:47 close.complete
DEBUG 2026-07-24 02:03:53 re/_trace.py:47 close.started
DEBUG 2026-07-24 02:03:53 re/_trace.py:47 close.complete
DEBUG 2026-07-24 02:03:53 re/_trace.py:47 close.started
DEBUG 2026-07-24 02:03:53 re/_trace.py:47 close.complete
DEBUG 2026-07-24 02:03:53 re/_trace.py:47 close.started
DEBUG 2026-07-24 02:03:53 re/_trace.py:47 close.complete
DEBUG 2026-07-24 02:03:53 re/_trace.py:47 close.started
DEBUG 2026-07-24 02:03:53 re/_trace.py:47 close.complete
DEBUG 2026-07-24 02:03:53 re/_trace.py:47 close.started
DEBUG 2026-07-24 02:03:53 re/_trace.py:47 close.complete
DEBUG 2026-07-24 02:03:54 re/_trace.py:47 close.started
DEBUG 2026-07-24 02:03:54 re/_trace.py:47 close.complete
DEBUG 2026-07-24 02:03:54 re/_trace.py:47 close.started
DEBUG 2026-07-24 02:03:54 re/_trace.py:47 close.complete
DEBUG 2026-07-24 02:03:54 re/_trace.py:47 close.started
DEBUG 2026-07-24 02:03:54 re/_trace.py:47 close.complete
DEBUG 2026-07-24 02:03:54 re/_trace.py:47 close.started
DEBUG 2026-07-24 02:03:54 re/_trace.py:47 close.complete
DEBUG 2026-07-24 02:03:54 re/_trace.py:47 close.started
DEBUG 2026-07-24 02:03:54 re/_trace.py:47 close.complete
INFO 2026-07-24 02:06:44 ot_train.py:459 step:29K smpl:15M ep:10K epch:208.17 loss:0.001 grdn:0.051 lr:3.1e-06 updt_s:3.519 data_s:0.461
DEBUG 2026-07-24 02:12:42 re/_trace.py:47 close.started
DEBUG 2026-07-24 02:12:42 re/_trace.py:47 close.complete
DEBUG 2026-07-24 02:12:42 re/_trace.py:47 close.started
DEBUG 2026-07-24 02:12:42 re/_trace.py:47 close.complete
DEBUG 2026-07-24 02:12:42 re/_trace.py:47 close.started
DEBUG 2026-07-24 02:12:42 re/_trace.py:47 close.complete
DEBUG 2026-07-24 02:12:42 re/_trace.py:47 close.started
DEBUG 2026-07-24 02:12:42 re/_trace.py:47 close.complete
DEBUG 2026-07-24 02:12:42 re/_trace.py:47 close.started
DEBUG 2026-07-24 02:12:42 re/_trace.py:47 close.complete
DEBUG 2026-07-24 02:12:43 re/_trace.py:47 close.started
DEBUG 2026-07-24 02:12:43 re/_trace.py:47 close.complete
DEBUG 2026-07-24 02:12:43 re/_trace.py:47 close.started
DEBUG 2026-07-24 02:12:43 re/_trace.py:47 close.complete
DEBUG 2026-07-24 02:12:43 re/_trace.py:47 close.started
DEBUG 2026-07-24 02:12:43 re/_trace.py:47 close.complete
DEBUG 2026-07-24 02:12:43 re/_trace.py:47 close.started
DEBUG 2026-07-24 02:12:43 re/_trace.py:47 close.complete
DEBUG 2026-07-24 02:12:43 re/_trace.py:47 close.started
DEBUG 2026-07-24 02:12:43 re/_trace.py:47 close.complete
INFO 2026-07-24 02:19:03 ot_train.py:459 step:29K smpl:15M ep:10K epch:209.62 loss:0.001 grdn:0.051 lr:3.0e-06 updt_s:3.466 data_s:0.226
DEBUG 2026-07-24 02:21:28 re/_trace.py:47 close.started
DEBUG 2026-07-24 02:21:28 re/_trace.py:47 close.complete
DEBUG 2026-07-24 02:21:28 re/_trace.py:47 close.started
DEBUG 2026-07-24 02:21:28 re/_trace.py:47 close.complete
DEBUG 2026-07-24 02:21:28 re/_trace.py:47 close.started
DEBUG 2026-07-24 02:21:28 re/_trace.py:47 close.complete
DEBUG 2026-07-24 02:21:29 re/_trace.py:47 close.started
DEBUG 2026-07-24 02:21:29 re/_trace.py:47 close.complete
DEBUG 2026-07-24 02:21:29 re/_trace.py:47 close.started
DEBUG 2026-07-24 02:21:29 re/_trace.py:47 close.complete
DEBUG 2026-07-24 02:21:29 re/_trace.py:47 close.started
DEBUG 2026-07-24 02:21:29 re/_trace.py:47 close.complete
DEBUG 2026-07-24 02:21:29 re/_trace.py:47 close.started
DEBUG 2026-07-24 02:21:29 re/_trace.py:47 close.complete
DEBUG 2026-07-24 02:21:29 re/_trace.py:47 close.started
DEBUG 2026-07-24 02:21:29 re/_trace.py:47 close.complete
DEBUG 2026-07-24 02:21:29 re/_trace.py:47 close.started
DEBUG 2026-07-24 02:21:29 re/_trace.py:47 close.complete
DEBUG 2026-07-24 02:21:29 re/_trace.py:47 close.started
DEBUG 2026-07-24 02:21:29 re/_trace.py:47 close.complete
DEBUG 2026-07-24 02:30:17 re/_trace.py:47 close.started
DEBUG 2026-07-24 02:30:17 re/_trace.py:47 close.complete
DEBUG 2026-07-24 02:30:17 re/_trace.py:47 close.started
DEBUG 2026-07-24 02:30:17 re/_trace.py:47 close.complete
DEBUG 2026-07-24 02:30:17 re/_trace.py:47 close.started
DEBUG 2026-07-24 02:30:17 re/_trace.py:47 close.complete
DEBUG 2026-07-24 02:30:17 re/_trace.py:47 close.started
DEBUG 2026-07-24 02:30:17 re/_trace.py:47 close.complete
DEBUG 2026-07-24 02:30:17 re/_trace.py:47 close.started
DEBUG 2026-07-24 02:30:17 re/_trace.py:47 close.complete
DEBUG 2026-07-24 02:30:18 re/_trace.py:47 close.started
DEBUG 2026-07-24 02:30:18 re/_trace.py:47 close.complete
DEBUG 2026-07-24 02:30:18 re/_trace.py:47 close.started
DEBUG 2026-07-24 02:30:18 re/_trace.py:47 close.complete
DEBUG 2026-07-24 02:30:18 re/_trace.py:47 close.started
DEBUG 2026-07-24 02:30:18 re/_trace.py:47 close.complete
DEBUG 2026-07-24 02:30:18 re/_trace.py:47 close.started
DEBUG 2026-07-24 02:30:18 re/_trace.py:47 close.complete
DEBUG 2026-07-24 02:30:18 re/_trace.py:47 close.started
DEBUG 2026-07-24 02:30:18 re/_trace.py:47 close.complete
INFO 2026-07-24 02:32:14 ot_train.py:459 step:29K smpl:15M ep:11K epch:211.08 loss:0.001 grdn:0.051 lr:2.8e-06 updt_s:3.518 data_s:0.431
DEBUG 2026-07-24 02:39:03 re/_trace.py:47 close.started
DEBUG 2026-07-24 02:39:03 re/_trace.py:47 close.complete
DEBUG 2026-07-24 02:39:03 re/_trace.py:47 close.started
DEBUG 2026-07-24 02:39:03 re/_trace.py:47 close.complete
DEBUG 2026-07-24 02:39:04 re/_trace.py:47 close.started
DEBUG 2026-07-24 02:39:04 re/_trace.py:47 close.complete
DEBUG 2026-07-24 02:39:04 re/_trace.py:47 close.started
DEBUG 2026-07-24 02:39:04 re/_trace.py:47 close.complete
DEBUG 2026-07-24 02:39:04 re/_trace.py:47 close.started
DEBUG 2026-07-24 02:39:04 re/_trace.py:47 close.complete
DEBUG 2026-07-24 02:39:04 re/_trace.py:47 close.started
DEBUG 2026-07-24 02:39:04 re/_trace.py:47 close.complete
DEBUG 2026-07-24 02:39:04 re/_trace.py:47 close.started
DEBUG 2026-07-24 02:39:04 re/_trace.py:47 close.complete
DEBUG 2026-07-24 02:39:04 re/_trace.py:47 close.started
DEBUG 2026-07-24 02:39:04 re/_trace.py:47 close.complete
DEBUG 2026-07-24 02:39:04 re/_trace.py:47 close.started
DEBUG 2026-07-24 02:39:04 re/_trace.py:47 close.complete
DEBUG 2026-07-24 02:39:05 re/_trace.py:47 close.started
DEBUG 2026-07-24 02:39:05 re/_trace.py:47 close.complete
INFO 2026-07-24 02:44:38 ot_train.py:459 step:29K smpl:15M ep:11K epch:212.54 loss:0.001 grdn:0.049 lr:2.7e-06 updt_s:3.476 data_s:0.243
DEBUG 2026-07-24 02:47:52 re/_trace.py:47 close.started
DEBUG 2026-07-24 02:47:52 re/_trace.py:47 close.complete
DEBUG 2026-07-24 02:47:52 re/_trace.py:47 close.started
DEBUG 2026-07-24 02:47:52 re/_trace.py:47 close.complete
DEBUG 2026-07-24 02:47:52 re/_trace.py:47 close.started
DEBUG 2026-07-24 02:47:52 re/_trace.py:47 close.complete
DEBUG 2026-07-24 02:47:52 re/_trace.py:47 close.started
DEBUG 2026-07-24 02:47:52 re/_trace.py:47 close.complete
DEBUG 2026-07-24 02:47:52 re/_trace.py:47 close.started
DEBUG 2026-07-24 02:47:52 re/_trace.py:47 close.complete
DEBUG 2026-07-24 02:47:52 re/_trace.py:47 close.started
DEBUG 2026-07-24 02:47:52 re/_trace.py:47 close.complete
DEBUG 2026-07-24 02:47:53 re/_trace.py:47 close.started
DEBUG 2026-07-24 02:47:53 re/_trace.py:47 close.complete
DEBUG 2026-07-24 02:47:53 re/_trace.py:47 close.started
DEBUG 2026-07-24 02:47:53 re/_trace.py:47 close.complete
DEBUG 2026-07-24 02:47:53 re/_trace.py:47 close.started
DEBUG 2026-07-24 02:47:53 re/_trace.py:47 close.complete
DEBUG 2026-07-24 02:47:53 re/_trace.py:47 close.started
DEBUG 2026-07-24 02:47:53 re/_trace.py:47 close.complete
DEBUG 2026-07-24 02:56:41 re/_trace.py:47 close.started
DEBUG 2026-07-24 02:56:41 re/_trace.py:47 close.complete
DEBUG 2026-07-24 02:56:41 re/_trace.py:47 close.started
DEBUG 2026-07-24 02:56:41 re/_trace.py:47 close.complete
DEBUG 2026-07-24 02:56:41 re/_trace.py:47 close.started
DEBUG 2026-07-24 02:56:41 re/_trace.py:47 close.complete
DEBUG 2026-07-24 02:56:41 re/_trace.py:47 close.started
DEBUG 2026-07-24 02:56:41 re/_trace.py:47 close.complete
DEBUG 2026-07-24 02:56:41 re/_trace.py:47 close.started
DEBUG 2026-07-24 02:56:41 re/_trace.py:47 close.complete
DEBUG 2026-07-24 02:56:41 re/_trace.py:47 close.started
DEBUG 2026-07-24 02:56:41 re/_trace.py:47 close.complete
DEBUG 2026-07-24 02:56:42 re/_trace.py:47 close.started
DEBUG 2026-07-24 02:56:42 re/_trace.py:47 close.complete
DEBUG 2026-07-24 02:56:42 re/_trace.py:47 close.started
DEBUG 2026-07-24 02:56:42 re/_trace.py:47 close.complete
DEBUG 2026-07-24 02:56:42 re/_trace.py:47 close.started
DEBUG 2026-07-24 02:56:42 re/_trace.py:47 close.complete
DEBUG 2026-07-24 02:56:42 re/_trace.py:47 close.started
DEBUG 2026-07-24 02:56:42 re/_trace.py:47 close.complete
INFO 2026-07-24 02:57:38 ot_train.py:459 step:29K smpl:16M ep:11K epch:213.99 loss:0.001 grdn:0.048 lr:2.6e-06 updt_s:3.460 data_s:0.439
DEBUG 2026-07-24 03:05:29 re/_trace.py:47 close.started
DEBUG 2026-07-24 03:05:29 re/_trace.py:47 close.complete
DEBUG 2026-07-24 03:05:29 re/_trace.py:47 close.started
DEBUG 2026-07-24 03:05:29 re/_trace.py:47 close.complete
DEBUG 2026-07-24 03:05:29 re/_trace.py:47 close.started
DEBUG 2026-07-24 03:05:29 re/_trace.py:47 close.complete
DEBUG 2026-07-24 03:05:29 re/_trace.py:47 close.started
DEBUG 2026-07-24 03:05:29 re/_trace.py:47 close.complete
DEBUG 2026-07-24 03:05:29 re/_trace.py:47 close.started
DEBUG 2026-07-24 03:05:29 re/_trace.py:47 close.complete
DEBUG 2026-07-24 03:05:29 re/_trace.py:47 close.started
DEBUG 2026-07-24 03:05:29 re/_trace.py:47 close.complete
DEBUG 2026-07-24 03:05:29 re/_trace.py:47 close.started
DEBUG 2026-07-24 03:05:29 re/_trace.py:47 close.complete
DEBUG 2026-07-24 03:05:30 re/_trace.py:47 close.started
DEBUG 2026-07-24 03:05:30 re/_trace.py:47 close.complete
DEBUG 2026-07-24 03:05:30 re/_trace.py:47 close.started
DEBUG 2026-07-24 03:05:30 re/_trace.py:47 close.complete
DEBUG 2026-07-24 03:05:30 re/_trace.py:47 close.started
DEBUG 2026-07-24 03:05:30 re/_trace.py:47 close.complete
INFO 2026-07-24 03:10:16 ot_train.py:459 step:30K smpl:16M ep:11K epch:215.45 loss:0.001 grdn:0.046 lr:2.6e-06 updt_s:3.521 data_s:0.264
DEBUG 2026-07-24 03:14:18 re/_trace.py:47 close.started
DEBUG 2026-07-24 03:14:18 re/_trace.py:47 close.complete
DEBUG 2026-07-24 03:14:18 re/_trace.py:47 close.started
DEBUG 2026-07-24 03:14:18 re/_trace.py:47 close.complete
DEBUG 2026-07-24 03:14:18 re/_trace.py:47 close.started
DEBUG 2026-07-24 03:14:18 re/_trace.py:47 close.complete
DEBUG 2026-07-24 03:14:18 re/_trace.py:47 close.started
DEBUG 2026-07-24 03:14:18 re/_trace.py:47 close.complete
DEBUG 2026-07-24 03:14:18 re/_trace.py:47 close.started
DEBUG 2026-07-24 03:14:18 re/_trace.py:47 close.complete
DEBUG 2026-07-24 03:14:18 re/_trace.py:47 close.started
DEBUG 2026-07-24 03:14:18 re/_trace.py:47 close.complete
DEBUG 2026-07-24 03:14:19 re/_trace.py:47 close.started
DEBUG 2026-07-24 03:14:19 re/_trace.py:47 close.complete
DEBUG 2026-07-24 03:14:19 re/_trace.py:47 close.started
DEBUG 2026-07-24 03:14:19 re/_trace.py:47 close.complete
DEBUG 2026-07-24 03:14:19 re/_trace.py:47 close.started
DEBUG 2026-07-24 03:14:19 re/_trace.py:47 close.complete
DEBUG 2026-07-24 03:14:19 re/_trace.py:47 close.started
DEBUG 2026-07-24 03:14:19 re/_trace.py:47 close.complete
INFO 2026-07-24 03:22:31 ot_train.py:459 step:30K smpl:16M ep:11K epch:216.90 loss:0.001 grdn:0.047 lr:2.5e-06 updt_s:3.450 data_s:0.224
DEBUG 2026-07-24 03:23:00 re/_trace.py:47 close.started
DEBUG 2026-07-24 03:23:00 re/_trace.py:47 close.complete
DEBUG 2026-07-24 03:23:00 re/_trace.py:47 close.started
DEBUG 2026-07-24 03:23:00 re/_trace.py:47 close.complete
DEBUG 2026-07-24 03:23:00 re/_trace.py:47 close.started
DEBUG 2026-07-24 03:23:00 re/_trace.py:47 close.complete
DEBUG 2026-07-24 03:23:00 re/_trace.py:47 close.started
DEBUG 2026-07-24 03:23:00 re/_trace.py:47 close.complete
DEBUG 2026-07-24 03:23:00 re/_trace.py:47 close.started
DEBUG 2026-07-24 03:23:00 re/_trace.py:47 close.complete
DEBUG 2026-07-24 03:23:01 re/_trace.py:47 close.started
DEBUG 2026-07-24 03:23:01 re/_trace.py:47 close.complete
DEBUG 2026-07-24 03:23:01 re/_trace.py:47 close.started
DEBUG 2026-07-24 03:23:01 re/_trace.py:47 close.complete
DEBUG 2026-07-24 03:23:01 re/_trace.py:47 close.started
DEBUG 2026-07-24 03:23:01 re/_trace.py:47 close.complete
DEBUG 2026-07-24 03:23:01 re/_trace.py:47 close.started
DEBUG 2026-07-24 03:23:01 re/_trace.py:47 close.complete
DEBUG 2026-07-24 03:23:01 re/_trace.py:47 close.started
DEBUG 2026-07-24 03:23:01 re/_trace.py:47 close.complete
DEBUG 2026-07-24 03:31:46 re/_trace.py:47 close.started
DEBUG 2026-07-24 03:31:46 re/_trace.py:47 close.complete
DEBUG 2026-07-24 03:31:46 re/_trace.py:47 close.started
DEBUG 2026-07-24 03:31:46 re/_trace.py:47 close.complete
DEBUG 2026-07-24 03:31:47 re/_trace.py:47 close.started
DEBUG 2026-07-24 03:31:47 re/_trace.py:47 close.complete
DEBUG 2026-07-24 03:31:47 re/_trace.py:47 close.started
DEBUG 2026-07-24 03:31:47 re/_trace.py:47 close.complete
DEBUG 2026-07-24 03:31:47 re/_trace.py:47 close.started
DEBUG 2026-07-24 03:31:47 re/_trace.py:47 close.complete
DEBUG 2026-07-24 03:31:47 re/_trace.py:47 close.started
DEBUG 2026-07-24 03:31:47 re/_trace.py:47 close.complete
DEBUG 2026-07-24 03:31:47 re/_trace.py:47 close.started
DEBUG 2026-07-24 03:31:47 re/_trace.py:47 close.complete
DEBUG 2026-07-24 03:31:47 re/_trace.py:47 close.started
DEBUG 2026-07-24 03:31:47 re/_trace.py:47 close.complete
DEBUG 2026-07-24 03:31:47 re/_trace.py:47 close.started
DEBUG 2026-07-24 03:31:47 re/_trace.py:47 close.complete
DEBUG 2026-07-24 03:31:48 re/_trace.py:47 close.started
DEBUG 2026-07-24 03:31:48 re/_trace.py:47 close.complete
INFO 2026-07-24 03:35:45 ot_train.py:459 step:30K smpl:16M ep:11K epch:218.36 loss:0.001 grdn:0.047 lr:2.5e-06 updt_s:3.512 data_s:0.454
INFO 2026-07-24 03:35:45 ot_train.py:479 Checkpoint policy after step 30000
INFO 2026-07-24 03:36:06 ot_train.py:553 End of training
DEBUG 2026-07-24 03:36:06 re/_trace.py:47 close.started
DEBUG 2026-07-24 03:36:06 re/_trace.py:47 close.complete
DEBUG 2026-07-24 03:36:06 re/_trace.py:47 connect_tcp.started host='huggingface.co' port=443 local_address=None timeout=None socket_options=None
DEBUG 2026-07-24 03:36:06 re/_trace.py:47 connect_tcp.complete return_value=<httpcore._backends.sync.SyncStream object at 0x7016702875f0>
DEBUG 2026-07-24 03:36:06 re/_trace.py:47 start_tls.started ssl_context=<ssl.SSLContext object at 0x701c385ba3d0> server_hostname='huggingface.co' timeout=None
DEBUG 2026-07-24 03:36:06 re/_trace.py:47 start_tls.complete return_value=<httpcore._backends.sync.SyncStream object at 0x701670306d50>
DEBUG 2026-07-24 03:36:06 re/_trace.py:47 send_request_headers.started request=<Request [b'POST']>
DEBUG 2026-07-24 03:36:06 re/_trace.py:47 send_request_headers.complete
DEBUG 2026-07-24 03:36:06 re/_trace.py:47 send_request_body.started request=<Request [b'POST']>
DEBUG 2026-07-24 03:36:06 re/_trace.py:47 send_request_body.complete
DEBUG 2026-07-24 03:36:06 re/_trace.py:47 receive_response_headers.started request=<Request [b'POST']>
DEBUG 2026-07-24 03:36:06 re/_trace.py:47 receive_response_headers.complete return_value=(b'HTTP/1.1', 200, b'OK', [(b'Content-Type', b'application/json; charset=utf-8'), (b'Content-Length', b'287'), (b'Connection', b'keep-alive'), (b'Date', b'Thu, 23 Jul 2026 18:36:06 GMT'), (b'ETag', b'W/"11f-D2pKwbY8AbWxPs9zilwoVVD5vLk"'), (b'X-Powered-By', b'huggingface-moon'), (b'X-Request-Id', b'Root=1-6a625f16-2ca1123e55a58c54246a35bb;34b33541-cd5d-4788-9f71-61c9de3f6c37'), (b'RateLimit', b'"api";r=999;t=156'), (b'RateLimit-Policy', b'"fixed window";"api";q=1000;w=300'), (b'cross-origin-opener-policy', b'same-origin'), (b'Referrer-Policy', b'strict-origin-when-cross-origin'), (b'Access-Control-Max-Age', b'86400'), (b'Access-Control-Allow-Origin', b'https://huggingface.co'), (b'Vary', b'Origin'), (b'Access-Control-Expose-Headers', b'X-Repo-Commit,X-Request-Id,X-Error-Code,X-Error-Message,X-Total-Count,ETag,Link,Accept-Ranges,Content-Range,X-Linked-Size,X-Linked-ETag,X-Xet-Hash'), (b'X-Cache', b'Miss from cloudfront'), (b'Via', b'1.1 e1162a2a3f39fecec69b0ad3786d9cd8.cloudfront.net (CloudFront)'), (b'X-Amz-Cf-Pop', b'ICN57-P5'), (b'Alt-Svc', b'h3=":443"; ma=86400'), (b'X-Amz-Cf-Id', b'kboORMw6bqvI5Bipd2vTOdsA-IlzcNLKDi4BHwqJSGgXBJ07ngjBCQ==')])
INFO 2026-07-24 03:36:06 _client.py:1025 HTTP Request: POST https://huggingface.co/api/repos/create "HTTP/1.1 200 OK"
DEBUG 2026-07-24 03:36:06 re/_trace.py:47 receive_response_body.started request=<Request [b'POST']>
DEBUG 2026-07-24 03:36:06 re/_trace.py:47 receive_response_body.complete
DEBUG 2026-07-24 03:36:06 re/_trace.py:47 response_closed.started
DEBUG 2026-07-24 03:36:06 re/_trace.py:47 response_closed.complete
DEBUG 2026-07-24 03:36:10 re/_trace.py:47 send_request_headers.started request=<Request [b'POST']>
DEBUG 2026-07-24 03:36:10 re/_trace.py:47 send_request_headers.complete
DEBUG 2026-07-24 03:36:10 re/_trace.py:47 send_request_body.started request=<Request [b'POST']>
DEBUG 2026-07-24 03:36:10 re/_trace.py:47 send_request_body.complete
DEBUG 2026-07-24 03:36:10 re/_trace.py:47 receive_response_headers.started request=<Request [b'POST']>
DEBUG 2026-07-24 03:36:10 re/_trace.py:47 receive_response_headers.complete return_value=(b'HTTP/1.1', 200, b'OK', [(b'Content-Type', b'text/plain; charset=utf-8'), (b'Content-Length', b'2'), (b'Connection', b'keep-alive'), (b'Date', b'Thu, 23 Jul 2026 18:36:10 GMT'), (b'ETag', b'W/"2-nOO9QiTIwXgNtWtBJezz8kv3SLc"'), (b'X-Powered-By', b'huggingface-moon'), (b'X-Request-Id', b'Root=1-6a625f1a-18724335274ade3a70cb9848;a9627ae5-956a-4016-a297-0a704de976f6'), (b'RateLimit', b'"api";r=9999;t=178'), (b'RateLimit-Policy', b'"fixed window";"api";q=10000;w=300'), (b'cross-origin-opener-policy', b'same-origin'), (b'Referrer-Policy', b'strict-origin-when-cross-origin'), (b'Access-Control-Max-Age', b'86400'), (b'Access-Control-Allow-Origin', b'https://huggingface.co'), (b'Vary', b'Origin'), (b'Access-Control-Expose-Headers', b'X-Repo-Commit,X-Request-Id,X-Error-Code,X-Error-Message,X-Total-Count,ETag,Link,Accept-Ranges,Content-Range,X-Linked-Size,X-Linked-ETag,X-Xet-Hash'), (b'X-Cache', b'Miss from cloudfront'), (b'Via', b'1.1 e1162a2a3f39fecec69b0ad3786d9cd8.cloudfront.net (CloudFront)'), (b'X-Amz-Cf-Pop', b'ICN57-P5'), (b'Alt-Svc', b'h3=":443"; ma=86400'), (b'X-Amz-Cf-Id', b'UGtyOtjPTIR6f_8HrnXXUlJdtAbZHSXhqP-bVcJbQdQBwTb4u_kRsQ==')])
INFO 2026-07-24 03:36:10 _client.py:1025 HTTP Request: POST https://huggingface.co/api/validate-yaml "HTTP/1.1 200 OK"
DEBUG 2026-07-24 03:36:10 re/_trace.py:47 receive_response_body.started request=<Request [b'POST']>
DEBUG 2026-07-24 03:36:10 re/_trace.py:47 receive_response_body.complete
DEBUG 2026-07-24 03:36:10 re/_trace.py:47 response_closed.started
DEBUG 2026-07-24 03:36:10 re/_trace.py:47 response_closed.complete
DEBUG 2026-07-24 03:36:10 re/_trace.py:47 send_request_headers.started request=<Request [b'POST']>
DEBUG 2026-07-24 03:36:10 re/_trace.py:47 send_request_headers.complete
DEBUG 2026-07-24 03:36:10 re/_trace.py:47 send_request_body.started request=<Request [b'POST']>
DEBUG 2026-07-24 03:36:10 re/_trace.py:47 send_request_body.complete
DEBUG 2026-07-24 03:36:10 re/_trace.py:47 receive_response_headers.started request=<Request [b'POST']>
DEBUG 2026-07-24 03:36:10 re/_trace.py:47 receive_response_headers.complete return_value=(b'HTTP/1.1', 200, b'OK', [(b'Content-Type', b'application/json; charset=utf-8'), (b'Content-Length', b'27'), (b'Connection', b'keep-alive'), (b'Date', b'Thu, 23 Jul 2026 18:36:10 GMT'), (b'ETag', b'W/"1b-cMjusAgmzfbmgmCE/uezyFkHDTo"'), (b'X-Powered-By', b'huggingface-moon'), (b'X-Request-Id', b'Root=1-6a625f1a-6a825939693656121b2115f6;486a2dca-6842-4e75-a6f5-881147b76cbf'), (b'RateLimit', b'"api";r=9990;t=178'), (b'RateLimit-Policy', b'"fixed window";"api";q=10000;w=300'), (b'cross-origin-opener-policy', b'same-origin'), (b'Referrer-Policy', b'strict-origin-when-cross-origin'), (b'Access-Control-Max-Age', b'86400'), (b'Access-Control-Allow-Origin', b'https://huggingface.co'), (b'Vary', b'Origin'), (b'Access-Control-Expose-Headers', b'X-Repo-Commit,X-Request-Id,X-Error-Code,X-Error-Message,X-Total-Count,ETag,Link,Accept-Ranges,Content-Range,X-Linked-Size,X-Linked-ETag,X-Xet-Hash'), (b'X-Cache', b'Miss from cloudfront'), (b'Via', b'1.1 e1162a2a3f39fecec69b0ad3786d9cd8.cloudfront.net (CloudFront)'), (b'X-Amz-Cf-Pop', b'ICN57-P5'), (b'Alt-Svc', b'h3=":443"; ma=86400'), (b'X-Amz-Cf-Id', b'N7Wh55ZZdZCMxpWs9k04AGxYiIlKWiF5LE80PjbjgaFUJr3DC4hL2Q==')])
INFO 2026-07-24 03:36:10 _client.py:1025 HTTP Request: POST https://huggingface.co/api/validate-yaml "HTTP/1.1 200 OK"
DEBUG 2026-07-24 03:36:10 re/_trace.py:47 receive_response_body.started request=<Request [b'POST']>
DEBUG 2026-07-24 03:36:10 re/_trace.py:47 receive_response_body.complete
DEBUG 2026-07-24 03:36:10 re/_trace.py:47 response_closed.started
DEBUG 2026-07-24 03:36:10 re/_trace.py:47 response_closed.complete
DEBUG 2026-07-24 03:36:15 re/_trace.py:47 send_request_headers.started request=<Request [b'POST']>
DEBUG 2026-07-24 03:36:15 re/_trace.py:47 send_request_headers.complete
DEBUG 2026-07-24 03:36:15 re/_trace.py:47 send_request_body.started request=<Request [b'POST']>
DEBUG 2026-07-24 03:36:15 re/_trace.py:47 send_request_body.complete
DEBUG 2026-07-24 03:36:15 re/_trace.py:47 receive_response_headers.started request=<Request [b'POST']>
DEBUG 2026-07-24 03:36:15 re/_trace.py:47 receive_response_headers.complete return_value=(b'HTTP/1.1', 200, b'OK', [(b'Content-Type', b'application/json; charset=utf-8'), (b'Content-Length', b'27'), (b'Connection', b'keep-alive'), (b'Date', b'Thu, 23 Jul 2026 18:36:15 GMT'), (b'ETag', b'W/"1b-cMjusAgmzfbmgmCE/uezyFkHDTo"'), (b'X-Powered-By', b'huggingface-moon'), (b'X-Request-Id', b'Root=1-6a625f1f-4e82d0b42d03f622400d8404;93eb124c-9be9-48f0-8cda-e79c837ae5ce'), (b'RateLimit', b'"api";r=9989;t=173'), (b'RateLimit-Policy', b'"fixed window";"api";q=10000;w=300'), (b'cross-origin-opener-policy', b'same-origin'), (b'Referrer-Policy', b'strict-origin-when-cross-origin'), (b'Access-Control-Max-Age', b'86400'), (b'Access-Control-Allow-Origin', b'https://huggingface.co'), (b'Vary', b'Origin'), (b'Access-Control-Expose-Headers', b'X-Repo-Commit,X-Request-Id,X-Error-Code,X-Error-Message,X-Total-Count,ETag,Link,Accept-Ranges,Content-Range,X-Linked-Size,X-Linked-ETag,X-Xet-Hash'), (b'X-Cache', b'Miss from cloudfront'), (b'Via', b'1.1 e1162a2a3f39fecec69b0ad3786d9cd8.cloudfront.net (CloudFront)'), (b'X-Amz-Cf-Pop', b'ICN57-P5'), (b'Alt-Svc', b'h3=":443"; ma=86400'), (b'X-Amz-Cf-Id', b'lNBsRTYm8Yd9zDUIuG43CfXbMbS241xvJ8I4m3mHyTA4lmCzKQBY-A==')])
INFO 2026-07-24 03:36:15 _client.py:1025 HTTP Request: POST https://huggingface.co/api/validate-yaml "HTTP/1.1 200 OK"
DEBUG 2026-07-24 03:36:15 re/_trace.py:47 receive_response_body.started request=<Request [b'POST']>
DEBUG 2026-07-24 03:36:15 re/_trace.py:47 receive_response_body.complete
DEBUG 2026-07-24 03:36:15 re/_trace.py:47 response_closed.started
DEBUG 2026-07-24 03:36:15 re/_trace.py:47 response_closed.complete
DEBUG 2026-07-24 03:36:15 re/_trace.py:47 send_request_headers.started request=<Request [b'POST']>
DEBUG 2026-07-24 03:36:15 re/_trace.py:47 send_request_headers.complete
DEBUG 2026-07-24 03:36:15 re/_trace.py:47 send_request_body.started request=<Request [b'POST']>
DEBUG 2026-07-24 03:36:15 re/_trace.py:47 send_request_body.complete
DEBUG 2026-07-24 03:36:15 re/_trace.py:47 receive_response_headers.started request=<Request [b'POST']>
DEBUG 2026-07-24 03:36:15 re/_trace.py:47 receive_response_headers.complete return_value=(b'HTTP/1.1', 200, b'OK', [(b'Content-Type', b'application/json; charset=utf-8'), (b'Content-Length', b'340'), (b'Connection', b'keep-alive'), (b'Date', b'Thu, 23 Jul 2026 18:36:15 GMT'), (b'ETag', b'W/"154-rC92MrpjYgQ6RA63eISDj24S0QE"'), (b'X-Powered-By', b'huggingface-moon'), (b'X-Request-Id', b'Root=1-6a625f1f-7452fe6d360237bc4cfd8284;6a9cafcf-a151-4791-a94a-aaa1ce174d36'), (b'RateLimit', b'"api";r=998;t=147'), (b'RateLimit-Policy', b'"fixed window";"api";q=1000;w=300'), (b'cross-origin-opener-policy', b'same-origin'), (b'Referrer-Policy', b'strict-origin-when-cross-origin'), (b'Access-Control-Max-Age', b'86400'), (b'Access-Control-Allow-Origin', b'https://huggingface.co'), (b'Vary', b'Origin'), (b'Access-Control-Expose-Headers', b'X-Repo-Commit,X-Request-Id,X-Error-Code,X-Error-Message,X-Total-Count,ETag,Link,Accept-Ranges,Content-Range,X-Linked-Size,X-Linked-ETag,X-Xet-Hash'), (b'X-Cache', b'Miss from cloudfront'), (b'Via', b'1.1 e1162a2a3f39fecec69b0ad3786d9cd8.cloudfront.net (CloudFront)'), (b'X-Amz-Cf-Pop', b'ICN57-P5'), (b'Alt-Svc', b'h3=":443"; ma=86400'), (b'X-Amz-Cf-Id', b'flLZ2pSqtiqsmTE2GxGkN8x3B3ZighOxW3rfg8KakiLGwais04tWeg==')])
INFO 2026-07-24 03:36:15 _client.py:1025 HTTP Request: POST https://huggingface.co/api/models/coport-uni/FR5_task2_transfer_the_gray_tablets_from_the_brown_bottle_into_another_brown_bottle_50_pi0_b200/preupload/main "HTTP/1.1 200 OK"
DEBUG 2026-07-24 03:36:15 re/_trace.py:47 receive_response_body.started request=<Request [b'POST']>
DEBUG 2026-07-24 03:36:15 re/_trace.py:47 receive_response_body.complete
DEBUG 2026-07-24 03:36:15 re/_trace.py:47 response_closed.started
DEBUG 2026-07-24 03:36:15 re/_trace.py:47 response_closed.complete
DEBUG 2026-07-24 03:36:15 re/_trace.py:47 send_request_headers.started request=<Request [b'POST']>
DEBUG 2026-07-24 03:36:15 re/_trace.py:47 send_request_headers.complete
DEBUG 2026-07-24 03:36:15 re/_trace.py:47 send_request_body.started request=<Request [b'POST']>
DEBUG 2026-07-24 03:36:15 re/_trace.py:47 send_request_body.complete
DEBUG 2026-07-24 03:36:15 re/_trace.py:47 receive_response_headers.started request=<Request [b'POST']>
DEBUG 2026-07-24 03:36:15 re/_trace.py:47 receive_response_headers.complete return_value=(b'HTTP/1.1', 200, b'OK', [(b'Content-Type', b'application/vnd.git-lfs+json; charset=utf-8'), (b'Content-Length', b'1196'), (b'Connection', b'keep-alive'), (b'Date', b'Thu, 23 Jul 2026 18:36:15 GMT'), (b'ETag', b'W/"4ac-KfF9f/KqKuRTU8a6zEieH22tUfk"'), (b'X-Powered-By', b'huggingface-moon'), (b'X-Request-Id', b'Root=1-6a625f1f-33b3039c5c9f106e2051a93d;5a68f858-d172-40f4-8e1b-48bc344139f8'), (b'RateLimit', b'"api";r=997;t=147'), (b'RateLimit-Policy', b'"fixed window";"api";q=1000;w=300'), (b'cross-origin-opener-policy', b'same-origin'), (b'Referrer-Policy', b'strict-origin-when-cross-origin'), (b'Access-Control-Max-Age', b'86400'), (b'Access-Control-Allow-Origin', b'https://huggingface.co'), (b'Vary', b'Origin'), (b'Access-Control-Expose-Headers', b'X-Repo-Commit,X-Request-Id,X-Error-Code,X-Error-Message,X-Total-Count,ETag,Link,Accept-Ranges,Content-Range,X-Linked-Size,X-Linked-ETag,X-Xet-Hash'), (b'X-Cache', b'Miss from cloudfront'), (b'Via', b'1.1 e1162a2a3f39fecec69b0ad3786d9cd8.cloudfront.net (CloudFront)'), (b'X-Amz-Cf-Pop', b'ICN57-P5'), (b'Alt-Svc', b'h3=":443"; ma=86400'), (b'X-Amz-Cf-Id', b'UVubX6usBOfc9o98LBBOuwdo17EX_dZj1Dg1H3MowwWTzSB6rddlKQ==')])
INFO 2026-07-24 03:36:15 _client.py:1025 HTTP Request: POST https://huggingface.co/coport-uni/FR5_task2_transfer_the_gray_tablets_from_the_brown_bottle_into_another_brown_bottle_50_pi0_b200.git/info/lfs/objects/batch "HTTP/1.1 200 OK"
DEBUG 2026-07-24 03:36:15 re/_trace.py:47 receive_response_body.started request=<Request [b'POST']>
DEBUG 2026-07-24 03:36:15 re/_trace.py:47 receive_response_body.complete
DEBUG 2026-07-24 03:36:15 re/_trace.py:47 response_closed.started
DEBUG 2026-07-24 03:36:15 re/_trace.py:47 response_closed.complete
DEBUG 2026-07-24 03:37:33 re/_trace.py:47 close.started
DEBUG 2026-07-24 03:37:33 re/_trace.py:47 close.complete
DEBUG 2026-07-24 03:37:33 re/_trace.py:47 connect_tcp.started host='huggingface.co' port=443 local_address=None timeout=None socket_options=None
DEBUG 2026-07-24 03:37:33 re/_trace.py:47 connect_tcp.complete return_value=<httpcore._backends.sync.SyncStream object at 0x70132bc31e50>
DEBUG 2026-07-24 03:37:33 re/_trace.py:47 start_tls.started ssl_context=<ssl.SSLContext object at 0x701c385ba3d0> server_hostname='huggingface.co' timeout=None
DEBUG 2026-07-24 03:37:33 re/_trace.py:47 start_tls.complete return_value=<httpcore._backends.sync.SyncStream object at 0x70132bc33a10>
DEBUG 2026-07-24 03:37:33 re/_trace.py:47 send_request_headers.started request=<Request [b'POST']>
DEBUG 2026-07-24 03:37:33 re/_trace.py:47 send_request_headers.complete
DEBUG 2026-07-24 03:37:33 re/_trace.py:47 send_request_body.started request=<Request [b'POST']>
DEBUG 2026-07-24 03:37:33 re/_trace.py:47 send_request_body.complete
DEBUG 2026-07-24 03:37:33 re/_trace.py:47 receive_response_headers.started request=<Request [b'POST']>
DEBUG 2026-07-24 03:37:34 re/_trace.py:47 receive_response_headers.complete return_value=(b'HTTP/1.1', 200, b'OK', [(b'Content-Type', b'application/json; charset=utf-8'), (b'Content-Length', b'279'), (b'Connection', b'keep-alive'), (b'Date', b'Thu, 23 Jul 2026 18:37:34 GMT'), (b'ETag', b'W/"117-vqxvxCS/+f2Hd+Nbgj56sTeSKto"'), (b'X-Powered-By', b'huggingface-moon'), (b'X-Request-Id', b'Root=1-6a625f6d-3bed2d907fa2deca614d7146;59e79bef-8692-4311-9c5c-eeee2f4b3262'), (b'RateLimit', b'"api";r=995;t=69'), (b'RateLimit-Policy', b'"fixed window";"api";q=1000;w=300'), (b'cross-origin-opener-policy', b'same-origin'), (b'Referrer-Policy', b'strict-origin-when-cross-origin'), (b'Access-Control-Max-Age', b'86400'), (b'Access-Control-Allow-Origin', b'https://huggingface.co'), (b'Vary', b'Origin'), (b'Access-Control-Expose-Headers', b'X-Repo-Commit,X-Request-Id,X-Error-Code,X-Error-Message,X-Total-Count,ETag,Link,Accept-Ranges,Content-Range,X-Linked-Size,X-Linked-ETag,X-Xet-Hash'), (b'X-Cache', b'Miss from cloudfront'), (b'Via', b'1.1 c84f725aa1244c57e6ad6d1072d23c54.cloudfront.net (CloudFront)'), (b'X-Amz-Cf-Pop', b'ICN57-P5'), (b'Alt-Svc', b'h3=":443"; ma=86400'), (b'X-Amz-Cf-Id', b'3x81P2nNqsYnJD3jz2jjvan5dVyCREY6RkRkwEo8nccybIeh8kM2JQ==')])
INFO 2026-07-24 03:37:34 _client.py:1025 HTTP Request: POST https://huggingface.co/api/models/coport-uni/FR5_task2_transfer_the_gray_tablets_from_the_brown_bottle_into_another_brown_bottle_50_pi0_b200/commit/main "HTTP/1.1 200 OK"
DEBUG 2026-07-24 03:37:34 re/_trace.py:47 receive_response_body.started request=<Request [b'POST']>
DEBUG 2026-07-24 03:37:34 re/_trace.py:47 receive_response_body.complete
DEBUG 2026-07-24 03:37:34 re/_trace.py:47 response_closed.started
DEBUG 2026-07-24 03:37:34 re/_trace.py:47 response_closed.complete
INFO 2026-07-24 03:37:34 etrained.py:245 Model pushed to https://huggingface.co/coport-uni/FR5_task2_transfer_the_gray_tablets_from_the_brown_bottle_into_another_brown_bottle_50_pi0_b200
DEBUG 2026-07-24 03:37:35 re/_trace.py:47 send_request_headers.started request=<Request [b'POST']>
DEBUG 2026-07-24 03:37:35 re/_trace.py:47 send_request_headers.complete
DEBUG 2026-07-24 03:37:35 re/_trace.py:47 send_request_body.started request=<Request [b'POST']>
DEBUG 2026-07-24 03:37:35 re/_trace.py:47 send_request_body.complete
DEBUG 2026-07-24 03:37:35 re/_trace.py:47 receive_response_headers.started request=<Request [b'POST']>
DEBUG 2026-07-24 03:37:35 re/_trace.py:47 receive_response_headers.complete return_value=(b'HTTP/1.1', 409, b'Conflict', [(b'Content-Type', b'application/json; charset=utf-8'), (b'Content-Length', b'293'), (b'Connection', b'keep-alive'), (b'Date', b'Thu, 23 Jul 2026 18:37:35 GMT'), (b'ETag', b'W/"125-25TNzQQDDCqgiFj6X5ERYFRW97U"'), (b'X-Powered-By', b'huggingface-moon'), (b'X-Request-Id', b'Root=1-6a625f6f-697ae2eb5a67a70c11884c74;ff9bc4c6-f115-4a43-b59d-aeed05009e45'), (b'RateLimit', b'"api";r=994;t=67'), (b'RateLimit-Policy', b'"fixed window";"api";q=1000;w=300'), (b'cross-origin-opener-policy', b'same-origin'), (b'Referrer-Policy', b'strict-origin-when-cross-origin'), (b'Access-Control-Max-Age', b'86400'), (b'Access-Control-Allow-Origin', b'https://huggingface.co'), (b'Vary', b'Origin'), (b'Access-Control-Expose-Headers', b'X-Repo-Commit,X-Request-Id,X-Error-Code,X-Error-Message,X-Total-Count,ETag,Link,Accept-Ranges,Content-Range,X-Linked-Size,X-Linked-ETag,X-Xet-Hash'), (b'X-Error-Message', b'You already created this model repo: coport-uni/FR5_task2_transfer_the_gray_tablets_from_the_brown_bottle_into_another_brown_bottle_50_pi0_b200'), (b'X-Cache', b'Error from cloudfront'), (b'Via', b'1.1 c84f725aa1244c57e6ad6d1072d23c54.cloudfront.net (CloudFront)'), (b'X-Amz-Cf-Pop', b'ICN57-P5'), (b'Alt-Svc', b'h3=":443"; ma=86400'), (b'X-Amz-Cf-Id', b'uh9pS9wFEZuP2e5O3GfQTwdxfJKquzItgfMlaCY2hsrbZc5hA3-a8w==')])
INFO 2026-07-24 03:37:35 _client.py:1025 HTTP Request: POST https://huggingface.co/api/repos/create "HTTP/1.1 409 Conflict"
DEBUG 2026-07-24 03:37:35 re/_trace.py:47 receive_response_body.started request=<Request [b'POST']>
DEBUG 2026-07-24 03:37:35 re/_trace.py:47 receive_response_body.complete
DEBUG 2026-07-24 03:37:35 re/_trace.py:47 response_closed.started
DEBUG 2026-07-24 03:37:35 re/_trace.py:47 response_closed.complete
DEBUG 2026-07-24 03:37:35 re/_trace.py:47 send_request_headers.started request=<Request [b'POST']>
DEBUG 2026-07-24 03:37:35 re/_trace.py:47 send_request_headers.complete
DEBUG 2026-07-24 03:37:35 re/_trace.py:47 send_request_body.started request=<Request [b'POST']>
DEBUG 2026-07-24 03:37:35 re/_trace.py:47 send_request_body.complete
DEBUG 2026-07-24 03:37:35 re/_trace.py:47 receive_response_headers.started request=<Request [b'POST']>
DEBUG 2026-07-24 03:37:35 re/_trace.py:47 receive_response_headers.complete return_value=(b'HTTP/1.1', 200, b'OK', [(b'Content-Type', b'application/json; charset=utf-8'), (b'Content-Length', b'257'), (b'Connection', b'keep-alive'), (b'Date', b'Thu, 23 Jul 2026 18:37:35 GMT'), (b'ETag', b'W/"101-oeheQPZ6SE48s+WGZ0W2oUX2ovM"'), (b'X-Powered-By', b'huggingface-moon'), (b'X-Request-Id', b'Root=1-6a625f6f-41b8f93a42957af16bcb23b2;3207046c-e233-45e7-9e46-d446cffc2307'), (b'RateLimit', b'"api";r=993;t=67'), (b'RateLimit-Policy', b'"fixed window";"api";q=1000;w=300'), (b'cross-origin-opener-policy', b'same-origin'), (b'Referrer-Policy', b'strict-origin-when-cross-origin'), (b'Access-Control-Max-Age', b'86400'), (b'Access-Control-Allow-Origin', b'https://huggingface.co'), (b'Vary', b'Origin'), (b'Access-Control-Expose-Headers', b'X-Repo-Commit,X-Request-Id,X-Error-Code,X-Error-Message,X-Total-Count,ETag,Link,Accept-Ranges,Content-Range,X-Linked-Size,X-Linked-ETag,X-Xet-Hash'), (b'X-Cache', b'Miss from cloudfront'), (b'Via', b'1.1 c84f725aa1244c57e6ad6d1072d23c54.cloudfront.net (CloudFront)'), (b'X-Amz-Cf-Pop', b'ICN57-P5'), (b'Alt-Svc', b'h3=":443"; ma=86400'), (b'X-Amz-Cf-Id', b'TRtbSpkQXx4zaGHx4MdSgavOrT4mEJu2JlC8aRjp3f9ZcesFrvVEUg==')])
INFO 2026-07-24 03:37:35 _client.py:1025 HTTP Request: POST https://huggingface.co/api/models/coport-uni/FR5_task2_transfer_the_gray_tablets_from_the_brown_bottle_into_another_brown_bottle_50_pi0_b200/preupload/main "HTTP/1.1 200 OK"
DEBUG 2026-07-24 03:37:35 re/_trace.py:47 receive_response_body.started request=<Request [b'POST']>
DEBUG 2026-07-24 03:37:35 re/_trace.py:47 receive_response_body.complete
DEBUG 2026-07-24 03:37:35 re/_trace.py:47 response_closed.started
DEBUG 2026-07-24 03:37:35 re/_trace.py:47 response_closed.complete
DEBUG 2026-07-24 03:37:35 re/_trace.py:47 send_request_headers.started request=<Request [b'POST']>
DEBUG 2026-07-24 03:37:35 re/_trace.py:47 send_request_headers.complete
DEBUG 2026-07-24 03:37:35 re/_trace.py:47 send_request_body.started request=<Request [b'POST']>
DEBUG 2026-07-24 03:37:35 re/_trace.py:47 send_request_body.complete
DEBUG 2026-07-24 03:37:35 re/_trace.py:47 receive_response_headers.started request=<Request [b'POST']>
DEBUG 2026-07-24 03:37:35 re/_trace.py:47 receive_response_headers.complete return_value=(b'HTTP/1.1', 200, b'OK', [(b'Content-Type', b'application/vnd.git-lfs+json; charset=utf-8'), (b'Content-Length', b'1190'), (b'Connection', b'keep-alive'), (b'Date', b'Thu, 23 Jul 2026 18:37:35 GMT'), (b'ETag', b'W/"4a6-/KFeYKT+Q0vb/dHtBNbkizAMMJI"'), (b'X-Powered-By', b'huggingface-moon'), (b'X-Request-Id', b'Root=1-6a625f6f-027834f92ba65adf482f524a;ea36fe23-dd1f-4277-a195-0ce6d5fcf80f'), (b'RateLimit', b'"api";r=992;t=67'), (b'RateLimit-Policy', b'"fixed window";"api";q=1000;w=300'), (b'cross-origin-opener-policy', b'same-origin'), (b'Referrer-Policy', b'strict-origin-when-cross-origin'), (b'Access-Control-Max-Age', b'86400'), (b'Access-Control-Allow-Origin', b'https://huggingface.co'), (b'Vary', b'Origin'), (b'Access-Control-Expose-Headers', b'X-Repo-Commit,X-Request-Id,X-Error-Code,X-Error-Message,X-Total-Count,ETag,Link,Accept-Ranges,Content-Range,X-Linked-Size,X-Linked-ETag,X-Xet-Hash'), (b'X-Cache', b'Miss from cloudfront'), (b'Via', b'1.1 c84f725aa1244c57e6ad6d1072d23c54.cloudfront.net (CloudFront)'), (b'X-Amz-Cf-Pop', b'ICN57-P5'), (b'Alt-Svc', b'h3=":443"; ma=86400'), (b'X-Amz-Cf-Id', b'6rldQ6aaIYsukkpaEKs-MaA6P7YrO2z1SuKKOkDtoiW3p7ap5THBUA==')])
INFO 2026-07-24 03:37:35 _client.py:1025 HTTP Request: POST https://huggingface.co/coport-uni/FR5_task2_transfer_the_gray_tablets_from_the_brown_bottle_into_another_brown_bottle_50_pi0_b200.git/info/lfs/objects/batch "HTTP/1.1 200 OK"
DEBUG 2026-07-24 03:37:35 re/_trace.py:47 receive_response_body.started request=<Request [b'POST']>
DEBUG 2026-07-24 03:37:35 re/_trace.py:47 receive_response_body.complete
DEBUG 2026-07-24 03:37:35 re/_trace.py:47 response_closed.started
DEBUG 2026-07-24 03:37:35 re/_trace.py:47 response_closed.complete
DEBUG 2026-07-24 03:37:40 re/_trace.py:47 send_request_headers.started request=<Request [b'POST']>
DEBUG 2026-07-24 03:37:40 re/_trace.py:47 send_request_headers.complete
DEBUG 2026-07-24 03:37:40 re/_trace.py:47 send_request_body.started request=<Request [b'POST']>
DEBUG 2026-07-24 03:37:40 re/_trace.py:47 send_request_body.complete
DEBUG 2026-07-24 03:37:40 re/_trace.py:47 receive_response_headers.started request=<Request [b'POST']>
DEBUG 2026-07-24 03:37:41 re/_trace.py:47 receive_response_headers.complete return_value=(b'HTTP/1.1', 200, b'OK', [(b'Content-Type', b'application/json; charset=utf-8'), (b'Content-Length', b'279'), (b'Connection', b'keep-alive'), (b'Date', b'Thu, 23 Jul 2026 18:37:40 GMT'), (b'ETag', b'W/"117-4noFITE3iUNW9RA6bQWjKw4TB2o"'), (b'X-Powered-By', b'huggingface-moon'), (b'X-Request-Id', b'Root=1-6a625f74-64a745a7717e899d14f90e8d;d8435f09-ef69-4092-8ec7-08894a22256b'), (b'RateLimit', b'"api";r=990;t=62'), (b'RateLimit-Policy', b'"fixed window";"api";q=1000;w=300'), (b'cross-origin-opener-policy', b'same-origin'), (b'Referrer-Policy', b'strict-origin-when-cross-origin'), (b'Access-Control-Max-Age', b'86400'), (b'Access-Control-Allow-Origin', b'https://huggingface.co'), (b'Vary', b'Origin'), (b'Access-Control-Expose-Headers', b'X-Repo-Commit,X-Request-Id,X-Error-Code,X-Error-Message,X-Total-Count,ETag,Link,Accept-Ranges,Content-Range,X-Linked-Size,X-Linked-ETag,X-Xet-Hash'), (b'X-Cache', b'Miss from cloudfront'), (b'Via', b'1.1 c84f725aa1244c57e6ad6d1072d23c54.cloudfront.net (CloudFront)'), (b'X-Amz-Cf-Pop', b'ICN57-P5'), (b'Alt-Svc', b'h3=":443"; ma=86400'), (b'X-Amz-Cf-Id', b'oq140JitJT9mbpmNDuBNYRgcNCoa0-8WrArX9tHfXuszChKRlmKdfg==')])
INFO 2026-07-24 03:37:41 _client.py:1025 HTTP Request: POST https://huggingface.co/api/models/coport-uni/FR5_task2_transfer_the_gray_tablets_from_the_brown_bottle_into_another_brown_bottle_50_pi0_b200/commit/main "HTTP/1.1 200 OK"
DEBUG 2026-07-24 03:37:41 re/_trace.py:47 receive_response_body.started request=<Request [b'POST']>
DEBUG 2026-07-24 03:37:41 re/_trace.py:47 receive_response_body.complete
DEBUG 2026-07-24 03:37:41 re/_trace.py:47 response_closed.started
DEBUG 2026-07-24 03:37:41 re/_trace.py:47 response_closed.complete
DEBUG 2026-07-24 03:37:41 re/_trace.py:47 send_request_headers.started request=<Request [b'POST']>
DEBUG 2026-07-24 03:37:41 re/_trace.py:47 send_request_headers.complete
DEBUG 2026-07-24 03:37:41 re/_trace.py:47 send_request_body.started request=<Request [b'POST']>
DEBUG 2026-07-24 03:37:41 re/_trace.py:47 send_request_body.complete
DEBUG 2026-07-24 03:37:41 re/_trace.py:47 receive_response_headers.started request=<Request [b'POST']>
DEBUG 2026-07-24 03:37:41 re/_trace.py:47 receive_response_headers.complete return_value=(b'HTTP/1.1', 409, b'Conflict', [(b'Content-Type', b'application/json; charset=utf-8'), (b'Content-Length', b'293'), (b'Connection', b'keep-alive'), (b'Date', b'Thu, 23 Jul 2026 18:37:41 GMT'), (b'ETag', b'W/"125-25TNzQQDDCqgiFj6X5ERYFRW97U"'), (b'X-Powered-By', b'huggingface-moon'), (b'X-Request-Id', b'Root=1-6a625f75-2945fe66131cb6c62294a07b;31f18d79-2401-484e-97b8-3854798ed043'), (b'RateLimit', b'"api";r=989;t=61'), (b'RateLimit-Policy', b'"fixed window";"api";q=1000;w=300'), (b'cross-origin-opener-policy', b'same-origin'), (b'Referrer-Policy', b'strict-origin-when-cross-origin'), (b'Access-Control-Max-Age', b'86400'), (b'Access-Control-Allow-Origin', b'https://huggingface.co'), (b'Vary', b'Origin'), (b'Access-Control-Expose-Headers', b'X-Repo-Commit,X-Request-Id,X-Error-Code,X-Error-Message,X-Total-Count,ETag,Link,Accept-Ranges,Content-Range,X-Linked-Size,X-Linked-ETag,X-Xet-Hash'), (b'X-Error-Message', b'You already created this model repo: coport-uni/FR5_task2_transfer_the_gray_tablets_from_the_brown_bottle_into_another_brown_bottle_50_pi0_b200'), (b'X-Cache', b'Error from cloudfront'), (b'Via', b'1.1 c84f725aa1244c57e6ad6d1072d23c54.cloudfront.net (CloudFront)'), (b'X-Amz-Cf-Pop', b'ICN57-P5'), (b'Alt-Svc', b'h3=":443"; ma=86400'), (b'X-Amz-Cf-Id', b'aKkIe438yXGn8bMKpnVFQzaNd_hT9F9oNr1XAu7RlMq5blbwidatLQ==')])
INFO 2026-07-24 03:37:41 _client.py:1025 HTTP Request: POST https://huggingface.co/api/repos/create "HTTP/1.1 409 Conflict"
DEBUG 2026-07-24 03:37:41 re/_trace.py:47 receive_response_body.started request=<Request [b'POST']>
DEBUG 2026-07-24 03:37:41 re/_trace.py:47 receive_response_body.complete
DEBUG 2026-07-24 03:37:41 re/_trace.py:47 response_closed.started
DEBUG 2026-07-24 03:37:41 re/_trace.py:47 response_closed.complete
DEBUG 2026-07-24 03:37:41 re/_trace.py:47 send_request_headers.started request=<Request [b'POST']>
DEBUG 2026-07-24 03:37:41 re/_trace.py:47 send_request_headers.complete
DEBUG 2026-07-24 03:37:41 re/_trace.py:47 send_request_body.started request=<Request [b'POST']>
DEBUG 2026-07-24 03:37:41 re/_trace.py:47 send_request_body.complete
DEBUG 2026-07-24 03:37:41 re/_trace.py:47 receive_response_headers.started request=<Request [b'POST']>
DEBUG 2026-07-24 03:37:41 re/_trace.py:47 receive_response_headers.complete return_value=(b'HTTP/1.1', 200, b'OK', [(b'Content-Type', b'application/json; charset=utf-8'), (b'Content-Length', b'261'), (b'Connection', b'keep-alive'), (b'Date', b'Thu, 23 Jul 2026 18:37:41 GMT'), (b'ETag', b'W/"105-DPoHASA8P7i+UPL5hxefH5CklJA"'), (b'X-Powered-By', b'huggingface-moon'), (b'X-Request-Id', b'Root=1-6a625f75-4b38dd8c76489e8704b00de4;b4e02aee-c306-4964-ae11-ade0a0ddd884'), (b'RateLimit', b'"api";r=988;t=61'), (b'RateLimit-Policy', b'"fixed window";"api";q=1000;w=300'), (b'cross-origin-opener-policy', b'same-origin'), (b'Referrer-Policy', b'strict-origin-when-cross-origin'), (b'Access-Control-Max-Age', b'86400'), (b'Access-Control-Allow-Origin', b'https://huggingface.co'), (b'Vary', b'Origin'), (b'Access-Control-Expose-Headers', b'X-Repo-Commit,X-Request-Id,X-Error-Code,X-Error-Message,X-Total-Count,ETag,Link,Accept-Ranges,Content-Range,X-Linked-Size,X-Linked-ETag,X-Xet-Hash'), (b'X-Cache', b'Miss from cloudfront'), (b'Via', b'1.1 c84f725aa1244c57e6ad6d1072d23c54.cloudfront.net (CloudFront)'), (b'X-Amz-Cf-Pop', b'ICN57-P5'), (b'Alt-Svc', b'h3=":443"; ma=86400'), (b'X-Amz-Cf-Id', b'1tQ01Bh85JuLVxEdbJljV3V9pUXzuAeY17CvaqkGzoAFyLxEXILGDw==')])
INFO 2026-07-24 03:37:41 _client.py:1025 HTTP Request: POST https://huggingface.co/api/models/coport-uni/FR5_task2_transfer_the_gray_tablets_from_the_brown_bottle_into_another_brown_bottle_50_pi0_b200/preupload/main "HTTP/1.1 200 OK"
DEBUG 2026-07-24 03:37:41 re/_trace.py:47 receive_response_body.started request=<Request [b'POST']>
DEBUG 2026-07-24 03:37:41 re/_trace.py:47 receive_response_body.complete
DEBUG 2026-07-24 03:37:41 re/_trace.py:47 response_closed.started
DEBUG 2026-07-24 03:37:41 re/_trace.py:47 response_closed.complete
DEBUG 2026-07-24 03:37:41 re/_trace.py:47 send_request_headers.started request=<Request [b'POST']>
DEBUG 2026-07-24 03:37:41 re/_trace.py:47 send_request_headers.complete
DEBUG 2026-07-24 03:37:41 re/_trace.py:47 send_request_body.started request=<Request [b'POST']>
DEBUG 2026-07-24 03:37:41 re/_trace.py:47 send_request_body.complete
DEBUG 2026-07-24 03:37:41 re/_trace.py:47 receive_response_headers.started request=<Request [b'POST']>
DEBUG 2026-07-24 03:37:41 re/_trace.py:47 receive_response_headers.complete return_value=(b'HTTP/1.1', 200, b'OK', [(b'Content-Type', b'application/vnd.git-lfs+json; charset=utf-8'), (b'Content-Length', b'117'), (b'Connection', b'keep-alive'), (b'Date', b'Thu, 23 Jul 2026 18:37:41 GMT'), (b'ETag', b'W/"75-oUbPbTcoCyUDaX7aY3brts8xtro"'), (b'X-Powered-By', b'huggingface-moon'), (b'X-Request-Id', b'Root=1-6a625f75-0e152e3211fa42a2626cd00b;6822c2d2-927f-4189-94c8-31a3c3b20d16'), (b'RateLimit', b'"api";r=987;t=61'), (b'RateLimit-Policy', b'"fixed window";"api";q=1000;w=300'), (b'cross-origin-opener-policy', b'same-origin'), (b'Referrer-Policy', b'strict-origin-when-cross-origin'), (b'Access-Control-Max-Age', b'86400'), (b'Access-Control-Allow-Origin', b'https://huggingface.co'), (b'Vary', b'Origin'), (b'Access-Control-Expose-Headers', b'X-Repo-Commit,X-Request-Id,X-Error-Code,X-Error-Message,X-Total-Count,ETag,Link,Accept-Ranges,Content-Range,X-Linked-Size,X-Linked-ETag,X-Xet-Hash'), (b'X-Cache', b'Miss from cloudfront'), (b'Via', b'1.1 c84f725aa1244c57e6ad6d1072d23c54.cloudfront.net (CloudFront)'), (b'X-Amz-Cf-Pop', b'ICN57-P5'), (b'Alt-Svc', b'h3=":443"; ma=86400'), (b'X-Amz-Cf-Id', b'u5lKSKLwbGjRmmLYr_olE3_W90YNRNNbMfChiJPTk9kpSxGWLYfZPQ==')])
INFO 2026-07-24 03:37:41 _client.py:1025 HTTP Request: POST https://huggingface.co/coport-uni/FR5_task2_transfer_the_gray_tablets_from_the_brown_bottle_into_another_brown_bottle_50_pi0_b200.git/info/lfs/objects/batch "HTTP/1.1 200 OK"
DEBUG 2026-07-24 03:37:41 re/_trace.py:47 receive_response_body.started request=<Request [b'POST']>
DEBUG 2026-07-24 03:37:41 re/_trace.py:47 receive_response_body.complete
DEBUG 2026-07-24 03:37:41 re/_trace.py:47 response_closed.started
DEBUG 2026-07-24 03:37:41 re/_trace.py:47 response_closed.complete
DEBUG 2026-07-24 03:37:42 re/_trace.py:47 send_request_headers.started request=<Request [b'POST']>
DEBUG 2026-07-24 03:37:42 re/_trace.py:47 send_request_headers.complete
DEBUG 2026-07-24 03:37:42 re/_trace.py:47 send_request_body.started request=<Request [b'POST']>
DEBUG 2026-07-24 03:37:42 re/_trace.py:47 send_request_body.complete
DEBUG 2026-07-24 03:37:42 re/_trace.py:47 receive_response_headers.started request=<Request [b'POST']>
DEBUG 2026-07-24 03:37:43 re/_trace.py:47 receive_response_headers.complete return_value=(b'HTTP/1.1', 200, b'OK', [(b'Content-Type', b'application/json; charset=utf-8'), (b'Content-Length', b'279'), (b'Connection', b'keep-alive'), (b'Date', b'Thu, 23 Jul 2026 18:37:43 GMT'), (b'ETag', b'W/"117-0ez0NJI8RLqVw+XXIIvw3CAcggo"'), (b'X-Powered-By', b'huggingface-moon'), (b'X-Request-Id', b'Root=1-6a625f76-30fe63a255a6c4057d5af5ca;d74f1864-31e3-451e-9b07-194c557cfb4d'), (b'RateLimit', b'"api";r=985;t=60'), (b'RateLimit-Policy', b'"fixed window";"api";q=1000;w=300'), (b'cross-origin-opener-policy', b'same-origin'), (b'Referrer-Policy', b'strict-origin-when-cross-origin'), (b'Access-Control-Max-Age', b'86400'), (b'Access-Control-Allow-Origin', b'https://huggingface.co'), (b'Vary', b'Origin'), (b'Access-Control-Expose-Headers', b'X-Repo-Commit,X-Request-Id,X-Error-Code,X-Error-Message,X-Total-Count,ETag,Link,Accept-Ranges,Content-Range,X-Linked-Size,X-Linked-ETag,X-Xet-Hash'), (b'X-Cache', b'Miss from cloudfront'), (b'Via', b'1.1 c84f725aa1244c57e6ad6d1072d23c54.cloudfront.net (CloudFront)'), (b'X-Amz-Cf-Pop', b'ICN57-P5'), (b'Alt-Svc', b'h3=":443"; ma=86400'), (b'X-Amz-Cf-Id', b'oQ6rfQtzhn3dSe92AQj7nKYXrfGj6HdlwkszNGFyMQtwQnHJ8mKDHg==')])
INFO 2026-07-24 03:37:43 _client.py:1025 HTTP Request: POST https://huggingface.co/api/models/coport-uni/FR5_task2_transfer_the_gray_tablets_from_the_brown_bottle_into_another_brown_bottle_50_pi0_b200/commit/main "HTTP/1.1 200 OK"
DEBUG 2026-07-24 03:37:43 re/_trace.py:47 receive_response_body.started request=<Request [b'POST']>
DEBUG 2026-07-24 03:37:43 re/_trace.py:47 receive_response_body.complete
DEBUG 2026-07-24 03:37:43 re/_trace.py:47 response_closed.started
DEBUG 2026-07-24 03:37:43 re/_trace.py:47 response_closed.complete
DEBUG 2026-07-24 03:37:45 re/_trace.py:47 close.started
DEBUG 2026-07-24 03:37:45 re/_trace.py:47 close.complete
