INFO 2026-06-29 09:17:02 ot_train.py:217 {'batch_size': 101,
 'checkpoint_path': None,
 'cudnn_deterministic': False,
 'dataset': {'episodes': None,
             'image_transforms': {'enable': False,
                                  'max_num_transforms': 3,
                                  'random_order': False,
                                  'tfs': {'affine': {'kwargs': {'degrees': [-5.0,
                                                                            5.0],
                                                                'translate': [0.05,
                                                                              0.05]},
                                                     'type': 'RandomAffine',
                                                     'weight': 1.0},
                                          'brightness': {'kwargs': {'brightness': [0.8,
                                                                                   1.2]},
                                                         'type': 'ColorJitter',
                                                         'weight': 1.0},
                                          'contrast': {'kwargs': {'contrast': [0.8,
                                                                               1.2]},
                                                       'type': 'ColorJitter',
                                                       'weight': 1.0},
                                          'hue': {'kwargs': {'hue': [-0.05,
                                                                     0.05]},
                                                  'type': 'ColorJitter',
                                                  'weight': 1.0},
                                          'saturation': {'kwargs': {'saturation': [0.5,
                                                                                   1.5]},
                                                         'type': 'ColorJitter',
                                                         'weight': 1.0},
                                          'sharpness': {'kwargs': {'sharpness': [0.5,
                                                                                 1.5]},
                                                        'type': 'SharpnessJitter',
                                                        'weight': 1.0}}},
             'repo_id': 'coport-uni/FR5_task3_turn_the_sliver_air_valve_90_degress_counterclockwise',
             'revision': None,
             'root': None,
             'streaming': False,
             'use_imagenet_stats': True,
             'video_backend': 'pyav'},
 'env': None,
 'eval': {'batch_size': 50, 'n_episodes': 50, 'use_async_envs': False},
 'eval_freq': 20000,
 'job_name': 'FR5_task3_turn_the_sliver_air_valve_90_degress_counterclockwise_pi05_b200',
 'log_freq': 200,
 'num_workers': 10,
 'optimizer': {'betas': [0.9, 0.95],
               'eps': 1e-08,
               'grad_clip_norm': 1.0,
               'lr': 0.00011,
               'type': 'adamw',
               'weight_decay': 1e-10},
 'output_dir': 'outputs/train/FR5_task3_turn_the_sliver_air_valve_90_degress_counterclockwise_pi05_b200',
 'peft': None,
 'policy': {'action_expert_variant': 'gemma_300m',
            'chunk_size': 50,
            'compile_mode': 'default',
            'compile_model': True,
            'device': 'cuda',
            'dtype': 'bfloat16',
            'empty_cameras': 0,
            'freeze_vision_encoder': False,
            'gradient_checkpointing': True,
            'image_resolution': [224, 224],
            'input_features': {},
            'license': None,
            'max_action_dim': 32,
            'max_period': 4.0,
            'max_state_dim': 32,
            'min_period': 0.004,
            'n_action_steps': 50,
            'n_obs_steps': 1,
            'normalization_mapping': {'ACTION': <NormalizationMode.MEAN_STD: 'MEAN_STD'>,
                                      'STATE': <NormalizationMode.MEAN_STD: 'MEAN_STD'>,
                                      'VISUAL': <NormalizationMode.IDENTITY: 'IDENTITY'>},
            'num_inference_steps': 10,
            'optimizer_betas': [0.9, 0.95],
            'optimizer_eps': 1e-08,
            'optimizer_grad_clip_norm': 1.0,
            'optimizer_lr': 0.00011,
            'optimizer_weight_decay': 1e-10,
            'output_features': {},
            'paligemma_variant': 'gemma_2b',
            'pretrained_path': 'models/pi05_base_v051compat',
            'private': None,
            'push_to_hub': True,
            'repo_id': 'coport-uni/FR5_task3_turn_the_sliver_air_valve_90_degress_counterclockwise_pi05_b200_model',
            'rtc_config': None,
            'scheduler_decay_lr': 2.5e-06,
            'scheduler_decay_steps': 30000,
            'scheduler_warmup_steps': 1000,
            'tags': None,
            'time_sampling_beta_alpha': 1.5,
            'time_sampling_beta_beta': 1.0,
            'time_sampling_offset': 0.001,
            'time_sampling_scale': 0.999,
            'tokenizer_max_length': 200,
            'train_expert_only': False,
            'type': 'pi05',
            'use_amp': False,
            'use_peft': False},
 'rabc_epsilon': 1e-06,
 'rabc_head_mode': 'sparse',
 'rabc_kappa': 0.01,
 'rabc_progress_path': None,
 'rename_map': {},
 'resume': False,
 'save_checkpoint': True,
 'save_freq': 3000,
 'scheduler': {'decay_lr': 2.5e-06,
               'num_decay_steps': 30000,
               'num_warmup_steps': 1000,
               'peak_lr': 0.00011,
               'type': 'cosine_decay_with_warmup'},
 'seed': 55,
 'steps': 30000,
 'tolerance_s': 0.1,
 'use_policy_training_preset': True,
 'use_rabc': False,
 'wandb': {'add_tags': True,
           'disable_artifact': False,
           'enable': True,
           'entity': None,
           'mode': None,
           'notes': None,
           'project': 'lerobot',
           'run_id': None}}
DEBUG 2026-06-29 09:17:02 or_events.py:64 Using selector: EpollSelector
DEBUG 2026-06-29 09:17:02 git/cmd.py:1286 Popen(['git', 'version'], cwd=/NHNHOME/WORKSPACE/26msit002_E/appeal_workspace/sungwoo/FR5ControllerVLA, stdin=None, shell=False, universal_newlines=False)
DEBUG 2026-06-29 09:17:02 git/cmd.py:1286 Popen(['git', 'version'], cwd=/NHNHOME/WORKSPACE/26msit002_E/appeal_workspace/sungwoo/FR5ControllerVLA, stdin=None, shell=False, universal_newlines=False)
DEBUG 2026-06-29 09:17:02 git/util.py:494 sys.platform='linux', git_executable='git'
DEBUG 2026-06-29 09:17:02 git/cmd.py:1286 Popen(['git', 'rev-parse', '--show-toplevel'], cwd=/NHNHOME/WORKSPACE/26msit002_E/appeal_workspace/sungwoo/FR5ControllerVLA, stdin=None, shell=False, universal_newlines=False)
DEBUG 2026-06-29 09:17:02 git/util.py:494 sys.platform='linux', git_executable='git'
DEBUG 2026-06-29 09:17:02 git/cmd.py:1286 Popen(['git', 'cat-file', '--batch-check'], cwd=/NHNHOME/WORKSPACE/26msit002_E/appeal_workspace/sungwoo/FR5ControllerVLA, stdin=<valid stream>, shell=False, universal_newlines=False)
INFO 2026-06-29 09:17:03 db_utils.py:117 [1m[34mLogs will be synced with wandb.[0m
INFO 2026-06-29 09:17:03 db_utils.py:118 Track this run --> [1m[33mhttps://wandb.ai/ohsungwoo-unist/lerobot/runs/dh3nptoo[0m
INFO 2026-06-29 09:17:03 ot_train.py:241 Creating dataset
DEBUG 2026-06-29 09:17:03 ock/_api.py:536 Attempting to acquire lock 132247276628560 on /home/appeal/.cache/huggingface/datasets/_home_appeal_.cache_huggingface_datasets_parquet_default-b5f736419bf2d4a3_0.0.0_ec3958b52035e87929642b609b5a781870321434b151a14fbe8fd5a26ff494bb.lock
DEBUG 2026-06-29 09:17:03 ock/_api.py:539 Lock 132247276628560 acquired on /home/appeal/.cache/huggingface/datasets/_home_appeal_.cache_huggingface_datasets_parquet_default-b5f736419bf2d4a3_0.0.0_ec3958b52035e87929642b609b5a781870321434b151a14fbe8fd5a26ff494bb.lock
DEBUG 2026-06-29 09:17:03 ns/local.py:383 open file: /home/appeal/.cache/huggingface/datasets/parquet/default-b5f736419bf2d4a3/0.0.0/ec3958b52035e87929642b609b5a781870321434b151a14fbe8fd5a26ff494bb/dataset_info.json
DEBUG 2026-06-29 09:17:03 ock/_api.py:568 Attempting to release lock 132247276628560 on /home/appeal/.cache/huggingface/datasets/_home_appeal_.cache_huggingface_datasets_parquet_default-b5f736419bf2d4a3_0.0.0_ec3958b52035e87929642b609b5a781870321434b151a14fbe8fd5a26ff494bb.lock
DEBUG 2026-06-29 09:17:03 ock/_api.py:572 Lock 132247276628560 released on /home/appeal/.cache/huggingface/datasets/_home_appeal_.cache_huggingface_datasets_parquet_default-b5f736419bf2d4a3_0.0.0_ec3958b52035e87929642b609b5a781870321434b151a14fbe8fd5a26ff494bb.lock
DEBUG 2026-06-29 09:17:03 ock/_api.py:536 Attempting to acquire lock 132247216946784 on /home/appeal/.cache/huggingface/datasets/parquet/default-b5f736419bf2d4a3/0.0.0/ec3958b52035e87929642b609b5a781870321434b151a14fbe8fd5a26ff494bb_builder.lock
DEBUG 2026-06-29 09:17:03 ock/_api.py:539 Lock 132247216946784 acquired on /home/appeal/.cache/huggingface/datasets/parquet/default-b5f736419bf2d4a3/0.0.0/ec3958b52035e87929642b609b5a781870321434b151a14fbe8fd5a26ff494bb_builder.lock
DEBUG 2026-06-29 09:17:03 ns/local.py:383 open file: /home/appeal/.cache/huggingface/datasets/parquet/default-b5f736419bf2d4a3/0.0.0/ec3958b52035e87929642b609b5a781870321434b151a14fbe8fd5a26ff494bb/dataset_info.json
DEBUG 2026-06-29 09:17:03 ock/_api.py:568 Attempting to release lock 132247216946784 on /home/appeal/.cache/huggingface/datasets/parquet/default-b5f736419bf2d4a3/0.0.0/ec3958b52035e87929642b609b5a781870321434b151a14fbe8fd5a26ff494bb_builder.lock
DEBUG 2026-06-29 09:17:03 ock/_api.py:572 Lock 132247216946784 released on /home/appeal/.cache/huggingface/datasets/parquet/default-b5f736419bf2d4a3/0.0.0/ec3958b52035e87929642b609b5a781870321434b151a14fbe8fd5a26ff494bb_builder.lock
INFO 2026-06-29 09:17:03 eo_utils.py:108 Using video codec: libsvtav1
DEBUG 2026-06-29 09:17:03 ock/_api.py:536 Attempting to acquire lock 132257206280192 on /home/appeal/.cache/huggingface/datasets/_home_appeal_.cache_huggingface_datasets_parquet_default-b5f736419bf2d4a3_0.0.0_ec3958b52035e87929642b609b5a781870321434b151a14fbe8fd5a26ff494bb.lock
DEBUG 2026-06-29 09:17:03 ock/_api.py:539 Lock 132257206280192 acquired on /home/appeal/.cache/huggingface/datasets/_home_appeal_.cache_huggingface_datasets_parquet_default-b5f736419bf2d4a3_0.0.0_ec3958b52035e87929642b609b5a781870321434b151a14fbe8fd5a26ff494bb.lock
DEBUG 2026-06-29 09:17:03 ns/local.py:383 open file: /home/appeal/.cache/huggingface/datasets/parquet/default-b5f736419bf2d4a3/0.0.0/ec3958b52035e87929642b609b5a781870321434b151a14fbe8fd5a26ff494bb/dataset_info.json
DEBUG 2026-06-29 09:17:03 ock/_api.py:568 Attempting to release lock 132257206280192 on /home/appeal/.cache/huggingface/datasets/_home_appeal_.cache_huggingface_datasets_parquet_default-b5f736419bf2d4a3_0.0.0_ec3958b52035e87929642b609b5a781870321434b151a14fbe8fd5a26ff494bb.lock
DEBUG 2026-06-29 09:17:03 ock/_api.py:572 Lock 132257206280192 released on /home/appeal/.cache/huggingface/datasets/_home_appeal_.cache_huggingface_datasets_parquet_default-b5f736419bf2d4a3_0.0.0_ec3958b52035e87929642b609b5a781870321434b151a14fbe8fd5a26ff494bb.lock
DEBUG 2026-06-29 09:17:03 ock/_api.py:536 Attempting to acquire lock 132257226757168 on /home/appeal/.cache/huggingface/datasets/parquet/default-b5f736419bf2d4a3/0.0.0/ec3958b52035e87929642b609b5a781870321434b151a14fbe8fd5a26ff494bb_builder.lock
DEBUG 2026-06-29 09:17:03 ock/_api.py:539 Lock 132257226757168 acquired on /home/appeal/.cache/huggingface/datasets/parquet/default-b5f736419bf2d4a3/0.0.0/ec3958b52035e87929642b609b5a781870321434b151a14fbe8fd5a26ff494bb_builder.lock
DEBUG 2026-06-29 09:17:03 ns/local.py:383 open file: /home/appeal/.cache/huggingface/datasets/parquet/default-b5f736419bf2d4a3/0.0.0/ec3958b52035e87929642b609b5a781870321434b151a14fbe8fd5a26ff494bb/dataset_info.json
DEBUG 2026-06-29 09:17:03 ock/_api.py:568 Attempting to release lock 132257226757168 on /home/appeal/.cache/huggingface/datasets/parquet/default-b5f736419bf2d4a3/0.0.0/ec3958b52035e87929642b609b5a781870321434b151a14fbe8fd5a26ff494bb_builder.lock
DEBUG 2026-06-29 09:17:03 ock/_api.py:572 Lock 132257226757168 released on /home/appeal/.cache/huggingface/datasets/parquet/default-b5f736419bf2d4a3/0.0.0/ec3958b52035e87929642b609b5a781870321434b151a14fbe8fd5a26ff494bb_builder.lock
DEBUG 2026-06-29 09:17:03 ock/_api.py:536 Attempting to acquire lock 132247277107344 on /home/appeal/.cache/huggingface/datasets/_home_appeal_.cache_huggingface_datasets_parquet_default-c5f34d2ca2e88f5e_0.0.0_ec3958b52035e87929642b609b5a781870321434b151a14fbe8fd5a26ff494bb.lock
DEBUG 2026-06-29 09:17:03 ock/_api.py:539 Lock 132247277107344 acquired on /home/appeal/.cache/huggingface/datasets/_home_appeal_.cache_huggingface_datasets_parquet_default-c5f34d2ca2e88f5e_0.0.0_ec3958b52035e87929642b609b5a781870321434b151a14fbe8fd5a26ff494bb.lock
DEBUG 2026-06-29 09:17:03 ns/local.py:383 open file: /home/appeal/.cache/huggingface/datasets/parquet/default-c5f34d2ca2e88f5e/0.0.0/ec3958b52035e87929642b609b5a781870321434b151a14fbe8fd5a26ff494bb/dataset_info.json
DEBUG 2026-06-29 09:17:03 ock/_api.py:568 Attempting to release lock 132247277107344 on /home/appeal/.cache/huggingface/datasets/_home_appeal_.cache_huggingface_datasets_parquet_default-c5f34d2ca2e88f5e_0.0.0_ec3958b52035e87929642b609b5a781870321434b151a14fbe8fd5a26ff494bb.lock
DEBUG 2026-06-29 09:17:03 ock/_api.py:572 Lock 132247277107344 released on /home/appeal/.cache/huggingface/datasets/_home_appeal_.cache_huggingface_datasets_parquet_default-c5f34d2ca2e88f5e_0.0.0_ec3958b52035e87929642b609b5a781870321434b151a14fbe8fd5a26ff494bb.lock
DEBUG 2026-06-29 09:17:03 ock/_api.py:536 Attempting to acquire lock 132247277104368 on /home/appeal/.cache/huggingface/datasets/parquet/default-c5f34d2ca2e88f5e/0.0.0/ec3958b52035e87929642b609b5a781870321434b151a14fbe8fd5a26ff494bb_builder.lock
DEBUG 2026-06-29 09:17:03 ock/_api.py:539 Lock 132247277104368 acquired on /home/appeal/.cache/huggingface/datasets/parquet/default-c5f34d2ca2e88f5e/0.0.0/ec3958b52035e87929642b609b5a781870321434b151a14fbe8fd5a26ff494bb_builder.lock
DEBUG 2026-06-29 09:17:03 ns/local.py:383 open file: /home/appeal/.cache/huggingface/datasets/parquet/default-c5f34d2ca2e88f5e/0.0.0/ec3958b52035e87929642b609b5a781870321434b151a14fbe8fd5a26ff494bb/dataset_info.json
DEBUG 2026-06-29 09:17:03 ock/_api.py:568 Attempting to release lock 132247277104368 on /home/appeal/.cache/huggingface/datasets/parquet/default-c5f34d2ca2e88f5e/0.0.0/ec3958b52035e87929642b609b5a781870321434b151a14fbe8fd5a26ff494bb_builder.lock
DEBUG 2026-06-29 09:17:03 ock/_api.py:572 Lock 132247277104368 released on /home/appeal/.cache/huggingface/datasets/parquet/default-c5f34d2ca2e88f5e/0.0.0/ec3958b52035e87929642b609b5a781870321434b151a14fbe8fd5a26ff494bb_builder.lock
INFO 2026-06-29 09:17:07 ot_train.py:259 Creating policy
INFO 2026-06-29 09:18:10 ing_pi05.py:598 Enabled gradient checkpointing for PI05Pytorch model
WARNING 2026-06-29 09:18:12 ng_pi05.py:1102 Vision embedding key might need handling: paligemma_with_expert.paligemma.model.vision_tower.vision_model.embeddings.patch_embedding.bias
WARNING 2026-06-29 09:18:12 ng_pi05.py:1102 Vision embedding key might need handling: paligemma_with_expert.paligemma.model.vision_tower.vision_model.embeddings.patch_embedding.weight
DEBUG 2026-06-29 09:18:38 re/_trace.py:47 connect_tcp.started host='huggingface.co' port=443 local_address=None timeout=10 socket_options=None
DEBUG 2026-06-29 09:18:38 re/_trace.py:47 connect_tcp.complete return_value=<httpcore._backends.sync.SyncStream object at 0x7846ce76a450>
DEBUG 2026-06-29 09:18:38 re/_trace.py:47 start_tls.started ssl_context=<ssl.SSLContext object at 0x7846ce7301d0> server_hostname='huggingface.co' timeout=10
DEBUG 2026-06-29 09:18:38 re/_trace.py:47 start_tls.complete return_value=<httpcore._backends.sync.SyncStream object at 0x7846cf2a8ef0>
DEBUG 2026-06-29 09:18:38 re/_trace.py:47 send_request_headers.started request=<Request [b'HEAD']>
DEBUG 2026-06-29 09:18:38 re/_trace.py:47 send_request_headers.complete
DEBUG 2026-06-29 09:18:38 re/_trace.py:47 send_request_body.started request=<Request [b'HEAD']>
DEBUG 2026-06-29 09:18:38 re/_trace.py:47 send_request_body.complete
DEBUG 2026-06-29 09:18:38 re/_trace.py:47 receive_response_headers.started request=<Request [b'HEAD']>
DEBUG 2026-06-29 09:18:38 re/_trace.py:47 receive_response_headers.complete return_value=(b'HTTP/1.1', 200, b'OK', [(b'Content-Type', b'text/plain; charset=utf-8'), (b'Content-Length', b'1027'), (b'Connection', b'keep-alive'), (b'Date', b'Mon, 29 Jun 2026 00:18:38 GMT'), (b'ETag', b'"b89393ba09b432265173f688b8a41a2c3c9e3e4c"'), (b'X-Powered-By', b'huggingface-moon'), (b'X-Request-Id', b'Root=1-6a41b9de-66547be46d305685597ba060;317d01b2-6af6-4238-9234-01758107334f'), (b'RateLimit', b'"resolvers";r=4995;t=4'), (b'RateLimit-Policy', b'"fixed window";"resolvers";q=5000;w=300'), (b'cross-origin-opener-policy', b'same-origin'), (b'Referrer-Policy', b'strict-origin-when-cross-origin'), (b'Access-Control-Max-Age', b'86400'), (b'Access-Control-Allow-Origin', b'https://huggingface.co'), (b'Vary', b'Origin'), (b'Access-Control-Expose-Headers', b'X-Repo-Commit,X-Request-Id,X-Error-Code,X-Error-Message,X-Total-Count,ETag,Link,Accept-Ranges,Content-Range,X-Linked-Size,X-Linked-ETag,X-Xet-Hash'), (b'X-Repo-Commit', b'35e4f46485b4d07967e7e9935bc3786aad50687c'), (b'Accept-Ranges', b'bytes'), (b'X-Hub-Cache', b'HIT'), (b'Content-Disposition', b'inline; filename*=UTF-8\'\'config.json; filename="config.json";'), (b'Content-Security-Policy', b"default-src 'none'; sandbox"), (b'X-Cache', b'Miss from cloudfront'), (b'Via', b'1.1 b9a1af77d43aa3dc21e274044ae4499e.cloudfront.net (CloudFront)'), (b'X-Amz-Cf-Pop', b'ICN57-P5'), (b'X-Amz-Cf-Id', b'8tzbJjlFaN2eaP2P1W4_JwaP11lYWMZcezKA2OrZscZco1xS4HyZQw==')])
INFO 2026-06-29 09:18:38 _client.py:1025 HTTP Request: HEAD https://huggingface.co/google/paligemma-3b-pt-224/resolve/main/config.json "HTTP/1.1 200 OK"
DEBUG 2026-06-29 09:18:38 re/_trace.py:47 receive_response_body.started request=<Request [b'HEAD']>
DEBUG 2026-06-29 09:18:38 re/_trace.py:47 receive_response_body.complete
DEBUG 2026-06-29 09:18:38 re/_trace.py:47 response_closed.started
DEBUG 2026-06-29 09:18:38 re/_trace.py:47 response_closed.complete
DEBUG 2026-06-29 09:18:38 re/_trace.py:47 send_request_headers.started request=<Request [b'HEAD']>
DEBUG 2026-06-29 09:18:38 re/_trace.py:47 send_request_headers.complete
DEBUG 2026-06-29 09:18:38 re/_trace.py:47 send_request_body.started request=<Request [b'HEAD']>
DEBUG 2026-06-29 09:18:38 re/_trace.py:47 send_request_body.complete
DEBUG 2026-06-29 09:18:38 re/_trace.py:47 receive_response_headers.started request=<Request [b'HEAD']>
DEBUG 2026-06-29 09:18:39 re/_trace.py:47 receive_response_headers.complete return_value=(b'HTTP/1.1', 200, b'OK', [(b'Content-Type', b'text/plain; charset=utf-8'), (b'Content-Length', b'39968'), (b'Connection', b'keep-alive'), (b'Date', b'Mon, 29 Jun 2026 00:18:39 GMT'), (b'ETag', b'"960dcec0bccc6e594d865eceb63c8078e164cfb2"'), (b'X-Powered-By', b'huggingface-moon'), (b'X-Request-Id', b'Root=1-6a41b9de-280ffe566480e9c9252de9b4;9e9a389e-b886-453c-b31a-16c28d2a32f2'), (b'RateLimit', b'"resolvers";r=4991;t=3'), (b'RateLimit-Policy', b'"fixed window";"resolvers";q=5000;w=300'), (b'cross-origin-opener-policy', b'same-origin'), (b'Referrer-Policy', b'strict-origin-when-cross-origin'), (b'Access-Control-Max-Age', b'86400'), (b'Access-Control-Allow-Origin', b'https://huggingface.co'), (b'Vary', b'Origin'), (b'Access-Control-Expose-Headers', b'X-Repo-Commit,X-Request-Id,X-Error-Code,X-Error-Message,X-Total-Count,ETag,Link,Accept-Ranges,Content-Range,X-Linked-Size,X-Linked-ETag,X-Xet-Hash'), (b'X-Repo-Commit', b'35e4f46485b4d07967e7e9935bc3786aad50687c'), (b'Accept-Ranges', b'bytes'), (b'X-Hub-Cache', b'MISS'), (b'Content-Disposition', b'inline; filename*=UTF-8\'\'tokenizer_config.json; filename="tokenizer_config.json";'), (b'Content-Security-Policy', b"default-src 'none'; sandbox"), (b'X-Cache', b'Miss from cloudfront'), (b'Via', b'1.1 b9a1af77d43aa3dc21e274044ae4499e.cloudfront.net (CloudFront)'), (b'X-Amz-Cf-Pop', b'ICN57-P5'), (b'X-Amz-Cf-Id', b'TY0ICj6hBygAYRB04LjjHGfV9dxp1l_p_vf844IQZGGNsHOnP_72AA==')])
INFO 2026-06-29 09:18:39 _client.py:1025 HTTP Request: HEAD https://huggingface.co/google/paligemma-3b-pt-224/resolve/main/tokenizer_config.json "HTTP/1.1 200 OK"
DEBUG 2026-06-29 09:18:39 re/_trace.py:47 receive_response_body.started request=<Request [b'HEAD']>
DEBUG 2026-06-29 09:18:39 re/_trace.py:47 receive_response_body.complete
DEBUG 2026-06-29 09:18:39 re/_trace.py:47 response_closed.started
DEBUG 2026-06-29 09:18:39 re/_trace.py:47 response_closed.complete
DEBUG 2026-06-29 09:18:39 re/_trace.py:47 send_request_headers.started request=<Request [b'GET']>
DEBUG 2026-06-29 09:18:39 re/_trace.py:47 send_request_headers.complete
DEBUG 2026-06-29 09:18:39 re/_trace.py:47 send_request_body.started request=<Request [b'GET']>
DEBUG 2026-06-29 09:18:39 re/_trace.py:47 send_request_body.complete
DEBUG 2026-06-29 09:18:39 re/_trace.py:47 receive_response_headers.started request=<Request [b'GET']>
DEBUG 2026-06-29 09:18:39 re/_trace.py:47 receive_response_headers.complete return_value=(b'HTTP/1.1', 404, b'Not Found', [(b'Content-Type', b'application/json; charset=utf-8'), (b'Content-Length', b'64'), (b'Connection', b'keep-alive'), (b'Date', b'Mon, 29 Jun 2026 00:18:39 GMT'), (b'ETag', b'W/"40-09f9IAqP13xarAhQxFS2W8rvRkM"'), (b'X-Powered-By', b'huggingface-moon'), (b'X-Request-Id', b'Root=1-6a41b9df-4800aae0569e099633409d8e;ca389a6f-33df-40ec-b083-eb3513743d95'), (b'RateLimit', b'"api";r=991;t=3'), (b'RateLimit-Policy', b'"fixed window";"api";q=1000;w=300'), (b'cross-origin-opener-policy', b'same-origin'), (b'Referrer-Policy', b'strict-origin-when-cross-origin'), (b'Access-Control-Max-Age', b'86400'), (b'Access-Control-Allow-Origin', b'https://huggingface.co'), (b'Vary', b'Origin'), (b'Access-Control-Expose-Headers', b'X-Repo-Commit,X-Request-Id,X-Error-Code,X-Error-Message,X-Total-Count,ETag,Link,Accept-Ranges,Content-Range,X-Linked-Size,X-Linked-ETag,X-Xet-Hash'), (b'X-Error-Code', b'EntryNotFound'), (b'X-Error-Message', b'additional_chat_templates does not exist on "main"'), (b'X-Cache', b'Error from cloudfront'), (b'Via', b'1.1 b9a1af77d43aa3dc21e274044ae4499e.cloudfront.net (CloudFront)'), (b'X-Amz-Cf-Pop', b'ICN57-P5'), (b'X-Amz-Cf-Id', b'skgNBuDsZWPArbIxonsfGaLY6qZP12Wk-gjzBXFjOjQ5r3hdwJWwCg==')])
INFO 2026-06-29 09:18:39 _client.py:1025 HTTP Request: GET https://huggingface.co/api/models/google/paligemma-3b-pt-224/tree/main/additional_chat_templates?recursive=false&expand=false "HTTP/1.1 404 Not Found"
DEBUG 2026-06-29 09:18:39 re/_trace.py:47 receive_response_body.started request=<Request [b'GET']>
DEBUG 2026-06-29 09:18:39 re/_trace.py:47 receive_response_body.complete
DEBUG 2026-06-29 09:18:39 re/_trace.py:47 response_closed.started
DEBUG 2026-06-29 09:18:39 re/_trace.py:47 response_closed.complete
DEBUG 2026-06-29 09:18:39 re/_trace.py:47 send_request_headers.started request=<Request [b'GET']>
DEBUG 2026-06-29 09:18:39 re/_trace.py:47 send_request_headers.complete
DEBUG 2026-06-29 09:18:39 re/_trace.py:47 send_request_body.started request=<Request [b'GET']>
DEBUG 2026-06-29 09:18:39 re/_trace.py:47 send_request_body.complete
DEBUG 2026-06-29 09:18:39 re/_trace.py:47 receive_response_headers.started request=<Request [b'GET']>
DEBUG 2026-06-29 09:18:39 re/_trace.py:47 receive_response_headers.complete return_value=(b'HTTP/1.1', 200, b'OK', [(b'Content-Type', b'application/json; charset=utf-8'), (b'Transfer-Encoding', b'chunked'), (b'Connection', b'keep-alive'), (b'Date', b'Mon, 29 Jun 2026 00:18:39 GMT'), (b'content-encoding', b'gzip'), (b'ETag', b'W/"9c5-q9seafptu6jJvow4apCGJpG2b2M"'), (b'X-Powered-By', b'huggingface-moon'), (b'X-Request-Id', b'Root=1-6a41b9df-6fa7a9a1621e606431c94495;f2a97f89-3fca-4606-9878-d33984a81b37'), (b'RateLimit', b'"api";r=985;t=3'), (b'RateLimit-Policy', b'"fixed window";"api";q=1000;w=300'), (b'cross-origin-opener-policy', b'same-origin'), (b'Referrer-Policy', b'strict-origin-when-cross-origin'), (b'Access-Control-Max-Age', b'86400'), (b'Access-Control-Allow-Origin', b'https://huggingface.co'), (b'Vary', b'Origin'), (b'vary', b'Accept-Encoding'), (b'Access-Control-Expose-Headers', b'X-Repo-Commit,X-Request-Id,X-Error-Code,X-Error-Message,X-Total-Count,ETag,Link,Accept-Ranges,Content-Range,X-Linked-Size,X-Linked-ETag,X-Xet-Hash'), (b'X-Cache', b'Miss from cloudfront'), (b'Via', b'1.1 b9a1af77d43aa3dc21e274044ae4499e.cloudfront.net (CloudFront)'), (b'X-Amz-Cf-Pop', b'ICN57-P5'), (b'X-Amz-Cf-Id', b's21dzAkPst3nAUskMyQYbZJPLDxDJK9rGfuTMnhNfhtU6mAUQRAjqg==')])
INFO 2026-06-29 09:18:39 _client.py:1025 HTTP Request: GET https://huggingface.co/api/models/google/paligemma-3b-pt-224/tree/main?recursive=true&expand=false "HTTP/1.1 200 OK"
DEBUG 2026-06-29 09:18:39 re/_trace.py:47 receive_response_body.started request=<Request [b'GET']>
DEBUG 2026-06-29 09:18:39 re/_trace.py:47 receive_response_body.complete
DEBUG 2026-06-29 09:18:39 re/_trace.py:47 response_closed.started
DEBUG 2026-06-29 09:18:39 re/_trace.py:47 response_closed.complete
DEBUG 2026-06-29 09:18:40 re/_trace.py:47 send_request_headers.started request=<Request [b'GET']>
DEBUG 2026-06-29 09:18:40 re/_trace.py:47 send_request_headers.complete
DEBUG 2026-06-29 09:18:40 re/_trace.py:47 send_request_body.started request=<Request [b'GET']>
DEBUG 2026-06-29 09:18:40 re/_trace.py:47 send_request_body.complete
DEBUG 2026-06-29 09:18:40 re/_trace.py:47 receive_response_headers.started request=<Request [b'GET']>
DEBUG 2026-06-29 09:18:40 re/_trace.py:47 receive_response_headers.complete return_value=(b'HTTP/1.1', 200, b'OK', [(b'Content-Type', b'application/json; charset=utf-8'), (b'Transfer-Encoding', b'chunked'), (b'Connection', b'keep-alive'), (b'Date', b'Mon, 29 Jun 2026 00:18:40 GMT'), (b'content-encoding', b'gzip'), (b'ETag', b'W/"cbf-HtkWyfEOktO4/edyCpI2nBsZnGY"'), (b'X-Powered-By', b'huggingface-moon'), (b'X-Request-Id', b'Root=1-6a41b9e0-77abe61d30eec1774b6b7c3f;fa29fd48-8db4-4418-b56b-c11a1789795c'), (b'RateLimit', b'"api";r=979;t=2'), (b'RateLimit-Policy', b'"fixed window";"api";q=1000;w=300'), (b'cross-origin-opener-policy', b'same-origin'), (b'Referrer-Policy', b'strict-origin-when-cross-origin'), (b'Access-Control-Max-Age', b'86400'), (b'Access-Control-Allow-Origin', b'https://huggingface.co'), (b'Vary', b'Origin'), (b'vary', b'Accept-Encoding'), (b'Access-Control-Expose-Headers', b'X-Repo-Commit,X-Request-Id,X-Error-Code,X-Error-Message,X-Total-Count,ETag,Link,Accept-Ranges,Content-Range,X-Linked-Size,X-Linked-ETag,X-Xet-Hash'), (b'X-Cache', b'Miss from cloudfront'), (b'Via', b'1.1 b9a1af77d43aa3dc21e274044ae4499e.cloudfront.net (CloudFront)'), (b'X-Amz-Cf-Pop', b'ICN57-P5'), (b'X-Amz-Cf-Id', b'1zPCakWyXjlGstsOuk9zuCFQLLx1Tljr6GkNeyri9URjX2nk71v6TA==')])
INFO 2026-06-29 09:18:40 _client.py:1025 HTTP Request: GET https://huggingface.co/api/models/google/paligemma-3b-pt-224 "HTTP/1.1 200 OK"
DEBUG 2026-06-29 09:18:40 re/_trace.py:47 receive_response_body.started request=<Request [b'GET']>
DEBUG 2026-06-29 09:18:40 re/_trace.py:47 receive_response_body.complete
DEBUG 2026-06-29 09:18:40 re/_trace.py:47 response_closed.started
DEBUG 2026-06-29 09:18:40 re/_trace.py:47 response_closed.complete
INFO 2026-06-29 09:18:40 ot_train.py:314 Creating optimizer and scheduler
INFO 2026-06-29 09:18:40 ot_train.py:349 [1m[33mOutput dir:[0m outputs/train/FR5_task3_turn_the_sliver_air_valve_90_degress_counterclockwise_pi05_b200
INFO 2026-06-29 09:18:40 ot_train.py:356 cfg.steps=30000 (30K)
INFO 2026-06-29 09:18:40 ot_train.py:357 dataset.num_frames=32706 (33K)
INFO 2026-06-29 09:18:40 ot_train.py:358 dataset.num_episodes=50
INFO 2026-06-29 09:18:40 ot_train.py:361 Effective batch size: 101 x 6 = 606
INFO 2026-06-29 09:18:40 ot_train.py:362 num_learnable_params=4143404816 (4B)
INFO 2026-06-29 09:18:40 ot_train.py:363 num_total_params=4143404816 (4B)
INFO 2026-06-29 09:18:40 ot_train.py:427 Start offline training on a fixed dataset, with effective batch size: 606
DEBUG 2026-06-29 09:18:40 re/_trace.py:47 close.started
DEBUG 2026-06-29 09:18:40 re/_trace.py:47 close.complete
DEBUG 2026-06-29 09:18:40 re/_trace.py:47 close.started
DEBUG 2026-06-29 09:18:40 re/_trace.py:47 close.complete
DEBUG 2026-06-29 09:18:41 re/_trace.py:47 close.started
DEBUG 2026-06-29 09:18:41 re/_trace.py:47 close.complete
DEBUG 2026-06-29 09:18:41 re/_trace.py:47 close.started
DEBUG 2026-06-29 09:18:41 re/_trace.py:47 close.complete
DEBUG 2026-06-29 09:18:41 re/_trace.py:47 close.started
DEBUG 2026-06-29 09:18:41 re/_trace.py:47 close.complete
DEBUG 2026-06-29 09:18:41 re/_trace.py:47 close.started
DEBUG 2026-06-29 09:18:41 re/_trace.py:47 close.complete
DEBUG 2026-06-29 09:18:41 re/_trace.py:47 close.started
DEBUG 2026-06-29 09:18:41 re/_trace.py:47 close.complete
DEBUG 2026-06-29 09:18:41 re/_trace.py:47 close.started
DEBUG 2026-06-29 09:18:41 re/_trace.py:47 close.complete
DEBUG 2026-06-29 09:18:41 re/_trace.py:47 close.started
DEBUG 2026-06-29 09:18:41 re/_trace.py:47 close.complete
DEBUG 2026-06-29 09:18:41 re/_trace.py:47 close.started
DEBUG 2026-06-29 09:18:41 re/_trace.py:47 close.complete
DEBUG 2026-06-29 09:19:02 ock/_api.py:536 Attempting to acquire lock 132223656267648 on /NHNHOME/WORKSPACE/26msit002_E/appeal_workspace/sungwoo/FR5ControllerVLA/.cache/torchinductor/locks/cf3c2y3itjriwbc3lx4pjamef6f2iyh5u7427we2pywnktc4srcq.lock
DEBUG 2026-06-29 09:19:02 ock/_api.py:539 Lock 132223656267648 acquired on /NHNHOME/WORKSPACE/26msit002_E/appeal_workspace/sungwoo/FR5ControllerVLA/.cache/torchinductor/locks/cf3c2y3itjriwbc3lx4pjamef6f2iyh5u7427we2pywnktc4srcq.lock
DEBUG 2026-06-29 09:19:04 ock/_api.py:568 Attempting to release lock 132223656267648 on /NHNHOME/WORKSPACE/26msit002_E/appeal_workspace/sungwoo/FR5ControllerVLA/.cache/torchinductor/locks/cf3c2y3itjriwbc3lx4pjamef6f2iyh5u7427we2pywnktc4srcq.lock
DEBUG 2026-06-29 09:19:04 ock/_api.py:572 Lock 132223656267648 released on /NHNHOME/WORKSPACE/26msit002_E/appeal_workspace/sungwoo/FR5ControllerVLA/.cache/torchinductor/locks/cf3c2y3itjriwbc3lx4pjamef6f2iyh5u7427we2pywnktc4srcq.lock
DEBUG 2026-06-29 09:19:04 ock/_api.py:536 Attempting to acquire lock 132223656267648 on /NHNHOME/WORKSPACE/26msit002_E/appeal_workspace/sungwoo/FR5ControllerVLA/.cache/torchinductor/locks/cnqn66uwixyzuccim6bspnqfoahsve6ufksbo2mmmwnwvfye3zwq.lock
DEBUG 2026-06-29 09:19:04 ock/_api.py:539 Lock 132223656267648 acquired on /NHNHOME/WORKSPACE/26msit002_E/appeal_workspace/sungwoo/FR5ControllerVLA/.cache/torchinductor/locks/cnqn66uwixyzuccim6bspnqfoahsve6ufksbo2mmmwnwvfye3zwq.lock
DEBUG 2026-06-29 09:19:06 ock/_api.py:568 Attempting to release lock 132223656267648 on /NHNHOME/WORKSPACE/26msit002_E/appeal_workspace/sungwoo/FR5ControllerVLA/.cache/torchinductor/locks/cnqn66uwixyzuccim6bspnqfoahsve6ufksbo2mmmwnwvfye3zwq.lock
DEBUG 2026-06-29 09:19:06 ock/_api.py:572 Lock 132223656267648 released on /NHNHOME/WORKSPACE/26msit002_E/appeal_workspace/sungwoo/FR5ControllerVLA/.cache/torchinductor/locks/cnqn66uwixyzuccim6bspnqfoahsve6ufksbo2mmmwnwvfye3zwq.lock
DEBUG 2026-06-29 09:19:06 ock/_api.py:536 Attempting to acquire lock 132223656267648 on /NHNHOME/WORKSPACE/26msit002_E/appeal_workspace/sungwoo/FR5ControllerVLA/.cache/torchinductor/locks/cbuiawkcao226cm43gj2woepy52yi5beodvnkwntqpsqt3tpwl3z.lock
DEBUG 2026-06-29 09:19:06 ock/_api.py:539 Lock 132223656267648 acquired on /NHNHOME/WORKSPACE/26msit002_E/appeal_workspace/sungwoo/FR5ControllerVLA/.cache/torchinductor/locks/cbuiawkcao226cm43gj2woepy52yi5beodvnkwntqpsqt3tpwl3z.lock
DEBUG 2026-06-29 09:19:07 ock/_api.py:568 Attempting to release lock 132223656267648 on /NHNHOME/WORKSPACE/26msit002_E/appeal_workspace/sungwoo/FR5ControllerVLA/.cache/torchinductor/locks/cbuiawkcao226cm43gj2woepy52yi5beodvnkwntqpsqt3tpwl3z.lock
DEBUG 2026-06-29 09:19:07 ock/_api.py:572 Lock 132223656267648 released on /NHNHOME/WORKSPACE/26msit002_E/appeal_workspace/sungwoo/FR5ControllerVLA/.cache/torchinductor/locks/cbuiawkcao226cm43gj2woepy52yi5beodvnkwntqpsqt3tpwl3z.lock
DEBUG 2026-06-29 09:19:07 ock/_api.py:536 Attempting to acquire lock 132223656267648 on /NHNHOME/WORKSPACE/26msit002_E/appeal_workspace/sungwoo/FR5ControllerVLA/.cache/torchinductor/locks/cqzkpn554ktul6b6rfmhff45r6u4h5a3tp5juqeoaexdrr3uirbq.lock
DEBUG 2026-06-29 09:19:07 ock/_api.py:539 Lock 132223656267648 acquired on /NHNHOME/WORKSPACE/26msit002_E/appeal_workspace/sungwoo/FR5ControllerVLA/.cache/torchinductor/locks/cqzkpn554ktul6b6rfmhff45r6u4h5a3tp5juqeoaexdrr3uirbq.lock
DEBUG 2026-06-29 09:19:09 ock/_api.py:568 Attempting to release lock 132223656267648 on /NHNHOME/WORKSPACE/26msit002_E/appeal_workspace/sungwoo/FR5ControllerVLA/.cache/torchinductor/locks/cqzkpn554ktul6b6rfmhff45r6u4h5a3tp5juqeoaexdrr3uirbq.lock
DEBUG 2026-06-29 09:19:09 ock/_api.py:572 Lock 132223656267648 released on /NHNHOME/WORKSPACE/26msit002_E/appeal_workspace/sungwoo/FR5ControllerVLA/.cache/torchinductor/locks/cqzkpn554ktul6b6rfmhff45r6u4h5a3tp5juqeoaexdrr3uirbq.lock
DEBUG 2026-06-29 09:19:09 ock/_api.py:536 Attempting to acquire lock 132245507307088 on /NHNHOME/WORKSPACE/26msit002_E/appeal_workspace/sungwoo/FR5ControllerVLA/.cache/torchinductor/locks/ccu2sfwnvwsiq6x3pig35rx2vmwcqmy52w575bsrlcrs5ighvgol.lock
DEBUG 2026-06-29 09:19:09 ock/_api.py:539 Lock 132245507307088 acquired on /NHNHOME/WORKSPACE/26msit002_E/appeal_workspace/sungwoo/FR5ControllerVLA/.cache/torchinductor/locks/ccu2sfwnvwsiq6x3pig35rx2vmwcqmy52w575bsrlcrs5ighvgol.lock
DEBUG 2026-06-29 09:19:10 ock/_api.py:568 Attempting to release lock 132245507307088 on /NHNHOME/WORKSPACE/26msit002_E/appeal_workspace/sungwoo/FR5ControllerVLA/.cache/torchinductor/locks/ccu2sfwnvwsiq6x3pig35rx2vmwcqmy52w575bsrlcrs5ighvgol.lock
DEBUG 2026-06-29 09:19:10 ock/_api.py:572 Lock 132245507307088 released on /NHNHOME/WORKSPACE/26msit002_E/appeal_workspace/sungwoo/FR5ControllerVLA/.cache/torchinductor/locks/ccu2sfwnvwsiq6x3pig35rx2vmwcqmy52w575bsrlcrs5ighvgol.lock
DEBUG 2026-06-29 09:19:10 ock/_api.py:536 Attempting to acquire lock 132245507307088 on /NHNHOME/WORKSPACE/26msit002_E/appeal_workspace/sungwoo/FR5ControllerVLA/.cache/torchinductor/locks/cuxiebnh26foehyjwlpflpstp5bd5gkxcgz2kearg3pvp6bopaox.lock
DEBUG 2026-06-29 09:19:10 ock/_api.py:539 Lock 132245507307088 acquired on /NHNHOME/WORKSPACE/26msit002_E/appeal_workspace/sungwoo/FR5ControllerVLA/.cache/torchinductor/locks/cuxiebnh26foehyjwlpflpstp5bd5gkxcgz2kearg3pvp6bopaox.lock
DEBUG 2026-06-29 09:19:12 ock/_api.py:568 Attempting to release lock 132245507307088 on /NHNHOME/WORKSPACE/26msit002_E/appeal_workspace/sungwoo/FR5ControllerVLA/.cache/torchinductor/locks/cuxiebnh26foehyjwlpflpstp5bd5gkxcgz2kearg3pvp6bopaox.lock
DEBUG 2026-06-29 09:19:12 ock/_api.py:572 Lock 132245507307088 released on /NHNHOME/WORKSPACE/26msit002_E/appeal_workspace/sungwoo/FR5ControllerVLA/.cache/torchinductor/locks/cuxiebnh26foehyjwlpflpstp5bd5gkxcgz2kearg3pvp6bopaox.lock
DEBUG 2026-06-29 09:19:12 ock/_api.py:536 Attempting to acquire lock 132222431503056 on /tmp/torchinductor_appeal/precompiled_headers/locks/c7k2hxkfozjikth4grj3pzrz3pbnkked426ant2x24sdnwmaamxl.lock
DEBUG 2026-06-29 09:19:12 ock/_api.py:539 Lock 132222431503056 acquired on /tmp/torchinductor_appeal/precompiled_headers/locks/c7k2hxkfozjikth4grj3pzrz3pbnkked426ant2x24sdnwmaamxl.lock
DEBUG 2026-06-29 09:19:12 ock/_api.py:568 Attempting to release lock 132222431503056 on /tmp/torchinductor_appeal/precompiled_headers/locks/c7k2hxkfozjikth4grj3pzrz3pbnkked426ant2x24sdnwmaamxl.lock
DEBUG 2026-06-29 09:19:12 ock/_api.py:572 Lock 132222431503056 released on /tmp/torchinductor_appeal/precompiled_headers/locks/c7k2hxkfozjikth4grj3pzrz3pbnkked426ant2x24sdnwmaamxl.lock
DEBUG 2026-06-29 09:19:12 ock/_api.py:536 Attempting to acquire lock 132222431160816 on /NHNHOME/WORKSPACE/26msit002_E/appeal_workspace/sungwoo/FR5ControllerVLA/.cache/torchinductor/locks/ch2bf3lwddxeyotlgw6bczxg6la3wjik6pgqvxv26np4ztn23d5h.lock
DEBUG 2026-06-29 09:19:12 ock/_api.py:539 Lock 132222431160816 acquired on /NHNHOME/WORKSPACE/26msit002_E/appeal_workspace/sungwoo/FR5ControllerVLA/.cache/torchinductor/locks/ch2bf3lwddxeyotlgw6bczxg6la3wjik6pgqvxv26np4ztn23d5h.lock
DEBUG 2026-06-29 09:19:12 ock/_api.py:568 Attempting to release lock 132222431160816 on /NHNHOME/WORKSPACE/26msit002_E/appeal_workspace/sungwoo/FR5ControllerVLA/.cache/torchinductor/locks/ch2bf3lwddxeyotlgw6bczxg6la3wjik6pgqvxv26np4ztn23d5h.lock
DEBUG 2026-06-29 09:19:12 ock/_api.py:572 Lock 132222431160816 released on /NHNHOME/WORKSPACE/26msit002_E/appeal_workspace/sungwoo/FR5ControllerVLA/.cache/torchinductor/locks/ch2bf3lwddxeyotlgw6bczxg6la3wjik6pgqvxv26np4ztn23d5h.lock
DEBUG 2026-06-29 09:19:12 ock/_api.py:536 Attempting to acquire lock 132224193299232 on /NHNHOME/WORKSPACE/26msit002_E/appeal_workspace/sungwoo/FR5ControllerVLA/.cache/torchinductor/locks/c3cn5igbnjee2axwwjvuxxnyotq46qiwvmsdyf7p3zetmvvieadp.lock
DEBUG 2026-06-29 09:19:12 ock/_api.py:539 Lock 132224193299232 acquired on /NHNHOME/WORKSPACE/26msit002_E/appeal_workspace/sungwoo/FR5ControllerVLA/.cache/torchinductor/locks/c3cn5igbnjee2axwwjvuxxnyotq46qiwvmsdyf7p3zetmvvieadp.lock
DEBUG 2026-06-29 09:19:12 ock/_api.py:568 Attempting to release lock 132224193299232 on /NHNHOME/WORKSPACE/26msit002_E/appeal_workspace/sungwoo/FR5ControllerVLA/.cache/torchinductor/locks/c3cn5igbnjee2axwwjvuxxnyotq46qiwvmsdyf7p3zetmvvieadp.lock
DEBUG 2026-06-29 09:19:12 ock/_api.py:572 Lock 132224193299232 released on /NHNHOME/WORKSPACE/26msit002_E/appeal_workspace/sungwoo/FR5ControllerVLA/.cache/torchinductor/locks/c3cn5igbnjee2axwwjvuxxnyotq46qiwvmsdyf7p3zetmvvieadp.lock
DEBUG 2026-06-29 09:19:12 ock/_api.py:536 Attempting to acquire lock 132222443735472 on /NHNHOME/WORKSPACE/26msit002_E/appeal_workspace/sungwoo/FR5ControllerVLA/.cache/torchinductor/locks/ch2bf3lwddxeyotlgw6bczxg6la3wjik6pgqvxv26np4ztn23d5h.lock
DEBUG 2026-06-29 09:19:12 ock/_api.py:539 Lock 132222443735472 acquired on /NHNHOME/WORKSPACE/26msit002_E/appeal_workspace/sungwoo/FR5ControllerVLA/.cache/torchinductor/locks/ch2bf3lwddxeyotlgw6bczxg6la3wjik6pgqvxv26np4ztn23d5h.lock
DEBUG 2026-06-29 09:19:12 ock/_api.py:568 Attempting to release lock 132222443735472 on /NHNHOME/WORKSPACE/26msit002_E/appeal_workspace/sungwoo/FR5ControllerVLA/.cache/torchinductor/locks/ch2bf3lwddxeyotlgw6bczxg6la3wjik6pgqvxv26np4ztn23d5h.lock
DEBUG 2026-06-29 09:19:12 ock/_api.py:572 Lock 132222443735472 released on /NHNHOME/WORKSPACE/26msit002_E/appeal_workspace/sungwoo/FR5ControllerVLA/.cache/torchinductor/locks/ch2bf3lwddxeyotlgw6bczxg6la3wjik6pgqvxv26np4ztn23d5h.lock
DEBUG 2026-06-29 09:19:12 ock/_api.py:536 Attempting to acquire lock 132245481270464 on /NHNHOME/WORKSPACE/26msit002_E/appeal_workspace/sungwoo/FR5ControllerVLA/.cache/torchinductor/locks/c3cn5igbnjee2axwwjvuxxnyotq46qiwvmsdyf7p3zetmvvieadp.lock
DEBUG 2026-06-29 09:19:12 ock/_api.py:539 Lock 132245481270464 acquired on /NHNHOME/WORKSPACE/26msit002_E/appeal_workspace/sungwoo/FR5ControllerVLA/.cache/torchinductor/locks/c3cn5igbnjee2axwwjvuxxnyotq46qiwvmsdyf7p3zetmvvieadp.lock
DEBUG 2026-06-29 09:19:12 ock/_api.py:568 Attempting to release lock 132245481270464 on /NHNHOME/WORKSPACE/26msit002_E/appeal_workspace/sungwoo/FR5ControllerVLA/.cache/torchinductor/locks/c3cn5igbnjee2axwwjvuxxnyotq46qiwvmsdyf7p3zetmvvieadp.lock
DEBUG 2026-06-29 09:19:12 ock/_api.py:572 Lock 132245481270464 released on /NHNHOME/WORKSPACE/26msit002_E/appeal_workspace/sungwoo/FR5ControllerVLA/.cache/torchinductor/locks/c3cn5igbnjee2axwwjvuxxnyotq46qiwvmsdyf7p3zetmvvieadp.lock
DEBUG 2026-06-29 09:21:51 re/_trace.py:47 close.started
DEBUG 2026-06-29 09:21:51 re/_trace.py:47 close.complete
DEBUG 2026-06-29 09:21:51 re/_trace.py:47 close.started
DEBUG 2026-06-29 09:21:51 re/_trace.py:47 close.complete
DEBUG 2026-06-29 09:21:51 re/_trace.py:47 close.started
DEBUG 2026-06-29 09:21:51 re/_trace.py:47 close.complete
DEBUG 2026-06-29 09:21:51 re/_trace.py:47 close.started
DEBUG 2026-06-29 09:21:51 re/_trace.py:47 close.complete
DEBUG 2026-06-29 09:21:51 re/_trace.py:47 close.started
DEBUG 2026-06-29 09:21:51 re/_trace.py:47 close.complete
DEBUG 2026-06-29 09:21:51 re/_trace.py:47 close.started
DEBUG 2026-06-29 09:21:51 re/_trace.py:47 close.complete
DEBUG 2026-06-29 09:21:51 re/_trace.py:47 close.started
DEBUG 2026-06-29 09:21:51 re/_trace.py:47 close.complete
DEBUG 2026-06-29 09:21:51 re/_trace.py:47 close.started
DEBUG 2026-06-29 09:21:51 re/_trace.py:47 close.complete
DEBUG 2026-06-29 09:21:51 re/_trace.py:47 close.started
DEBUG 2026-06-29 09:21:51 re/_trace.py:47 close.complete
DEBUG 2026-06-29 09:21:51 re/_trace.py:47 close.started
DEBUG 2026-06-29 09:21:51 re/_trace.py:47 close.complete
DEBUG 2026-06-29 09:24:15 re/_trace.py:47 close.started
DEBUG 2026-06-29 09:24:15 re/_trace.py:47 close.complete
DEBUG 2026-06-29 09:24:15 re/_trace.py:47 close.started
DEBUG 2026-06-29 09:24:15 re/_trace.py:47 close.complete
DEBUG 2026-06-29 09:24:15 re/_trace.py:47 close.started
DEBUG 2026-06-29 09:24:15 re/_trace.py:47 close.complete
DEBUG 2026-06-29 09:24:15 re/_trace.py:47 close.started
DEBUG 2026-06-29 09:24:15 re/_trace.py:47 close.complete
DEBUG 2026-06-29 09:24:15 re/_trace.py:47 close.started
DEBUG 2026-06-29 09:24:15 re/_trace.py:47 close.complete
DEBUG 2026-06-29 09:24:15 re/_trace.py:47 close.started
DEBUG 2026-06-29 09:24:15 re/_trace.py:47 close.complete
DEBUG 2026-06-29 09:24:15 re/_trace.py:47 close.started
DEBUG 2026-06-29 09:24:15 re/_trace.py:47 close.complete
DEBUG 2026-06-29 09:24:15 re/_trace.py:47 close.started
DEBUG 2026-06-29 09:24:15 re/_trace.py:47 close.complete
DEBUG 2026-06-29 09:24:15 re/_trace.py:47 close.started
DEBUG 2026-06-29 09:24:15 re/_trace.py:47 close.complete
DEBUG 2026-06-29 09:24:15 re/_trace.py:47 close.started
DEBUG 2026-06-29 09:24:15 re/_trace.py:47 close.complete
DEBUG 2026-06-29 09:26:39 re/_trace.py:47 close.started
DEBUG 2026-06-29 09:26:39 re/_trace.py:47 close.complete
DEBUG 2026-06-29 09:26:39 re/_trace.py:47 close.started
DEBUG 2026-06-29 09:26:39 re/_trace.py:47 close.complete
DEBUG 2026-06-29 09:26:39 re/_trace.py:47 close.started
DEBUG 2026-06-29 09:26:39 re/_trace.py:47 close.complete
DEBUG 2026-06-29 09:26:39 re/_trace.py:47 close.started
DEBUG 2026-06-29 09:26:39 re/_trace.py:47 close.complete
DEBUG 2026-06-29 09:26:40 re/_trace.py:47 close.started
DEBUG 2026-06-29 09:26:40 re/_trace.py:47 close.complete
DEBUG 2026-06-29 09:26:40 re/_trace.py:47 close.started
DEBUG 2026-06-29 09:26:40 re/_trace.py:47 close.complete
DEBUG 2026-06-29 09:26:40 re/_trace.py:47 close.started
DEBUG 2026-06-29 09:26:40 re/_trace.py:47 close.complete
DEBUG 2026-06-29 09:26:40 re/_trace.py:47 close.started
DEBUG 2026-06-29 09:26:40 re/_trace.py:47 close.complete
DEBUG 2026-06-29 09:26:40 re/_trace.py:47 close.started
DEBUG 2026-06-29 09:26:40 re/_trace.py:47 close.complete
DEBUG 2026-06-29 09:26:40 re/_trace.py:47 close.started
DEBUG 2026-06-29 09:26:40 re/_trace.py:47 close.complete
INFO 2026-06-29 09:28:29 ot_train.py:459 step:200 smpl:121K ep:185 epch:3.71 loss:0.786 grdn:16.705 lr:1.1e-05 updt_s:2.515 data_s:0.424
WARNING 2026-06-29 09:28:29 db_utils.py:181 WandB logging of key "loss_per_dim" was ignored as its type "<class 'list'>" is not handled by this wrapper.
DEBUG 2026-06-29 09:29:05 re/_trace.py:47 close.started
DEBUG 2026-06-29 09:29:05 re/_trace.py:47 close.complete
DEBUG 2026-06-29 09:29:05 re/_trace.py:47 close.started
DEBUG 2026-06-29 09:29:05 re/_trace.py:47 close.complete
DEBUG 2026-06-29 09:29:05 re/_trace.py:47 close.started
DEBUG 2026-06-29 09:29:05 re/_trace.py:47 close.complete
DEBUG 2026-06-29 09:29:06 re/_trace.py:47 close.started
DEBUG 2026-06-29 09:29:06 re/_trace.py:47 close.complete
DEBUG 2026-06-29 09:29:06 re/_trace.py:47 close.started
DEBUG 2026-06-29 09:29:06 re/_trace.py:47 close.complete
DEBUG 2026-06-29 09:29:06 re/_trace.py:47 close.started
DEBUG 2026-06-29 09:29:06 re/_trace.py:47 close.complete
DEBUG 2026-06-29 09:29:06 re/_trace.py:47 close.started
DEBUG 2026-06-29 09:29:06 re/_trace.py:47 close.complete
DEBUG 2026-06-29 09:29:06 re/_trace.py:47 close.started
DEBUG 2026-06-29 09:29:06 re/_trace.py:47 close.complete
DEBUG 2026-06-29 09:29:06 re/_trace.py:47 close.started
DEBUG 2026-06-29 09:29:06 re/_trace.py:47 close.complete
DEBUG 2026-06-29 09:29:06 re/_trace.py:47 close.started
DEBUG 2026-06-29 09:29:06 re/_trace.py:47 close.complete
DEBUG 2026-06-29 09:31:27 re/_trace.py:47 close.started
DEBUG 2026-06-29 09:31:27 re/_trace.py:47 close.complete
DEBUG 2026-06-29 09:31:27 re/_trace.py:47 close.started
DEBUG 2026-06-29 09:31:27 re/_trace.py:47 close.complete
DEBUG 2026-06-29 09:31:27 re/_trace.py:47 close.started
DEBUG 2026-06-29 09:31:27 re/_trace.py:47 close.complete
DEBUG 2026-06-29 09:31:27 re/_trace.py:47 close.started
DEBUG 2026-06-29 09:31:27 re/_trace.py:47 close.complete
DEBUG 2026-06-29 09:31:27 re/_trace.py:47 close.started
DEBUG 2026-06-29 09:31:27 re/_trace.py:47 close.complete
DEBUG 2026-06-29 09:31:27 re/_trace.py:47 close.started
DEBUG 2026-06-29 09:31:27 re/_trace.py:47 close.complete
DEBUG 2026-06-29 09:31:28 re/_trace.py:47 close.started
DEBUG 2026-06-29 09:31:28 re/_trace.py:47 close.complete
DEBUG 2026-06-29 09:31:28 re/_trace.py:47 close.started
DEBUG 2026-06-29 09:31:28 re/_trace.py:47 close.complete
DEBUG 2026-06-29 09:31:28 re/_trace.py:47 close.started
DEBUG 2026-06-29 09:31:28 re/_trace.py:47 close.complete
DEBUG 2026-06-29 09:31:28 re/_trace.py:47 close.started
DEBUG 2026-06-29 09:31:28 re/_trace.py:47 close.complete
DEBUG 2026-06-29 09:33:50 re/_trace.py:47 close.started
DEBUG 2026-06-29 09:33:50 re/_trace.py:47 close.complete
DEBUG 2026-06-29 09:33:50 re/_trace.py:47 close.started
DEBUG 2026-06-29 09:33:50 re/_trace.py:47 close.complete
DEBUG 2026-06-29 09:33:50 re/_trace.py:47 close.started
DEBUG 2026-06-29 09:33:50 re/_trace.py:47 close.complete
DEBUG 2026-06-29 09:33:50 re/_trace.py:47 close.started
DEBUG 2026-06-29 09:33:50 re/_trace.py:47 close.complete
DEBUG 2026-06-29 09:33:50 re/_trace.py:47 close.started
DEBUG 2026-06-29 09:33:50 re/_trace.py:47 close.complete
DEBUG 2026-06-29 09:33:50 re/_trace.py:47 close.started
DEBUG 2026-06-29 09:33:50 re/_trace.py:47 close.complete
DEBUG 2026-06-29 09:33:50 re/_trace.py:47 close.started
DEBUG 2026-06-29 09:33:50 re/_trace.py:47 close.complete
DEBUG 2026-06-29 09:33:50 re/_trace.py:47 close.started
DEBUG 2026-06-29 09:33:50 re/_trace.py:47 close.complete
DEBUG 2026-06-29 09:33:50 re/_trace.py:47 close.started
DEBUG 2026-06-29 09:33:50 re/_trace.py:47 close.complete
DEBUG 2026-06-29 09:33:51 re/_trace.py:47 close.started
DEBUG 2026-06-29 09:33:51 re/_trace.py:47 close.complete
DEBUG 2026-06-29 09:36:15 re/_trace.py:47 close.started
DEBUG 2026-06-29 09:36:15 re/_trace.py:47 close.complete
DEBUG 2026-06-29 09:36:15 re/_trace.py:47 close.started
DEBUG 2026-06-29 09:36:15 re/_trace.py:47 close.complete
DEBUG 2026-06-29 09:36:15 re/_trace.py:47 close.started
DEBUG 2026-06-29 09:36:15 re/_trace.py:47 close.complete
DEBUG 2026-06-29 09:36:15 re/_trace.py:47 close.started
DEBUG 2026-06-29 09:36:15 re/_trace.py:47 close.complete
DEBUG 2026-06-29 09:36:15 re/_trace.py:47 close.started
DEBUG 2026-06-29 09:36:15 re/_trace.py:47 close.complete
DEBUG 2026-06-29 09:36:15 re/_trace.py:47 close.started
DEBUG 2026-06-29 09:36:15 re/_trace.py:47 close.complete
DEBUG 2026-06-29 09:36:16 re/_trace.py:47 close.started
DEBUG 2026-06-29 09:36:16 re/_trace.py:47 close.complete
DEBUG 2026-06-29 09:36:16 re/_trace.py:47 close.started
DEBUG 2026-06-29 09:36:16 re/_trace.py:47 close.complete
DEBUG 2026-06-29 09:36:16 re/_trace.py:47 close.started
DEBUG 2026-06-29 09:36:16 re/_trace.py:47 close.complete
DEBUG 2026-06-29 09:36:16 re/_trace.py:47 close.started
DEBUG 2026-06-29 09:36:16 re/_trace.py:47 close.complete
INFO 2026-06-29 09:37:27 ot_train.py:459 step:400 smpl:242K ep:371 epch:7.41 loss:0.151 grdn:1.457 lr:3.3e-05 updt_s:2.270 data_s:0.420
WARNING 2026-06-29 09:37:27 db_utils.py:181 WandB logging of key "loss_per_dim" was ignored as its type "<class 'list'>" is not handled by this wrapper.
DEBUG 2026-06-29 09:38:40 re/_trace.py:47 close.started
DEBUG 2026-06-29 09:38:40 re/_trace.py:47 close.complete
DEBUG 2026-06-29 09:38:40 re/_trace.py:47 close.started
DEBUG 2026-06-29 09:38:40 re/_trace.py:47 close.complete
DEBUG 2026-06-29 09:38:41 re/_trace.py:47 close.started
DEBUG 2026-06-29 09:38:41 re/_trace.py:47 close.complete
DEBUG 2026-06-29 09:38:41 re/_trace.py:47 close.started
DEBUG 2026-06-29 09:38:41 re/_trace.py:47 close.complete
DEBUG 2026-06-29 09:38:41 re/_trace.py:47 close.started
DEBUG 2026-06-29 09:38:41 re/_trace.py:47 close.complete
DEBUG 2026-06-29 09:38:41 re/_trace.py:47 close.started
DEBUG 2026-06-29 09:38:41 re/_trace.py:47 close.complete
DEBUG 2026-06-29 09:38:41 re/_trace.py:47 close.started
DEBUG 2026-06-29 09:38:41 re/_trace.py:47 close.complete
DEBUG 2026-06-29 09:38:41 re/_trace.py:47 close.started
DEBUG 2026-06-29 09:38:41 re/_trace.py:47 close.complete
DEBUG 2026-06-29 09:38:41 re/_trace.py:47 close.started
DEBUG 2026-06-29 09:38:41 re/_trace.py:47 close.complete
DEBUG 2026-06-29 09:38:41 re/_trace.py:47 close.started
DEBUG 2026-06-29 09:38:41 re/_trace.py:47 close.complete
DEBUG 2026-06-29 09:41:06 re/_trace.py:47 close.started
DEBUG 2026-06-29 09:41:06 re/_trace.py:47 close.complete
DEBUG 2026-06-29 09:41:06 re/_trace.py:47 close.started
DEBUG 2026-06-29 09:41:06 re/_trace.py:47 close.complete
DEBUG 2026-06-29 09:41:06 re/_trace.py:47 close.started
DEBUG 2026-06-29 09:41:06 re/_trace.py:47 close.complete
DEBUG 2026-06-29 09:41:06 re/_trace.py:47 close.started
DEBUG 2026-06-29 09:41:06 re/_trace.py:47 close.complete
DEBUG 2026-06-29 09:41:06 re/_trace.py:47 close.started
DEBUG 2026-06-29 09:41:06 re/_trace.py:47 close.complete
DEBUG 2026-06-29 09:41:06 re/_trace.py:47 close.started
DEBUG 2026-06-29 09:41:06 re/_trace.py:47 close.complete
DEBUG 2026-06-29 09:41:06 re/_trace.py:47 close.started
DEBUG 2026-06-29 09:41:06 re/_trace.py:47 close.complete
DEBUG 2026-06-29 09:41:06 re/_trace.py:47 close.started
DEBUG 2026-06-29 09:41:06 re/_trace.py:47 close.complete
DEBUG 2026-06-29 09:41:06 re/_trace.py:47 close.started
DEBUG 2026-06-29 09:41:06 re/_trace.py:47 close.complete
DEBUG 2026-06-29 09:41:07 re/_trace.py:47 close.started
DEBUG 2026-06-29 09:41:07 re/_trace.py:47 close.complete
DEBUG 2026-06-29 09:43:31 re/_trace.py:47 close.started
DEBUG 2026-06-29 09:43:31 re/_trace.py:47 close.complete
DEBUG 2026-06-29 09:43:31 re/_trace.py:47 close.started
DEBUG 2026-06-29 09:43:31 re/_trace.py:47 close.complete
DEBUG 2026-06-29 09:43:31 re/_trace.py:47 close.started
DEBUG 2026-06-29 09:43:31 re/_trace.py:47 close.complete
DEBUG 2026-06-29 09:43:32 re/_trace.py:47 close.started
DEBUG 2026-06-29 09:43:32 re/_trace.py:47 close.complete
DEBUG 2026-06-29 09:43:32 re/_trace.py:47 close.started
DEBUG 2026-06-29 09:43:32 re/_trace.py:47 close.complete
DEBUG 2026-06-29 09:43:32 re/_trace.py:47 close.started
DEBUG 2026-06-29 09:43:32 re/_trace.py:47 close.complete
DEBUG 2026-06-29 09:43:32 re/_trace.py:47 close.started
DEBUG 2026-06-29 09:43:32 re/_trace.py:47 close.complete
DEBUG 2026-06-29 09:43:32 re/_trace.py:47 close.started
DEBUG 2026-06-29 09:43:32 re/_trace.py:47 close.complete
DEBUG 2026-06-29 09:43:32 re/_trace.py:47 close.started
DEBUG 2026-06-29 09:43:32 re/_trace.py:47 close.complete
DEBUG 2026-06-29 09:43:32 re/_trace.py:47 close.started
DEBUG 2026-06-29 09:43:32 re/_trace.py:47 close.complete
DEBUG 2026-06-29 09:45:57 re/_trace.py:47 close.started
DEBUG 2026-06-29 09:45:57 re/_trace.py:47 close.complete
DEBUG 2026-06-29 09:45:57 re/_trace.py:47 close.started
DEBUG 2026-06-29 09:45:57 re/_trace.py:47 close.complete
DEBUG 2026-06-29 09:45:57 re/_trace.py:47 close.started
DEBUG 2026-06-29 09:45:57 re/_trace.py:47 close.complete
DEBUG 2026-06-29 09:45:57 re/_trace.py:47 close.started
DEBUG 2026-06-29 09:45:57 re/_trace.py:47 close.complete
DEBUG 2026-06-29 09:45:57 re/_trace.py:47 close.started
DEBUG 2026-06-29 09:45:57 re/_trace.py:47 close.complete
DEBUG 2026-06-29 09:45:57 re/_trace.py:47 close.started
DEBUG 2026-06-29 09:45:57 re/_trace.py:47 close.complete
DEBUG 2026-06-29 09:45:58 re/_trace.py:47 close.started
DEBUG 2026-06-29 09:45:58 re/_trace.py:47 close.complete
DEBUG 2026-06-29 09:45:58 re/_trace.py:47 close.started
DEBUG 2026-06-29 09:45:58 re/_trace.py:47 close.complete
DEBUG 2026-06-29 09:45:58 re/_trace.py:47 close.started
DEBUG 2026-06-29 09:45:58 re/_trace.py:47 close.complete
DEBUG 2026-06-29 09:45:58 re/_trace.py:47 close.started
DEBUG 2026-06-29 09:45:58 re/_trace.py:47 close.complete
INFO 2026-06-29 09:46:31 ot_train.py:459 step:600 smpl:364K ep:556 epch:11.12 loss:0.093 grdn:0.691 lr:5.5e-05 updt_s:2.308 data_s:0.409
WARNING 2026-06-29 09:46:31 db_utils.py:181 WandB logging of key "loss_per_dim" was ignored as its type "<class 'list'>" is not handled by this wrapper.
DEBUG 2026-06-29 09:48:23 re/_trace.py:47 close.started
DEBUG 2026-06-29 09:48:23 re/_trace.py:47 close.complete
DEBUG 2026-06-29 09:48:23 re/_trace.py:47 close.started
DEBUG 2026-06-29 09:48:23 re/_trace.py:47 close.complete
DEBUG 2026-06-29 09:48:23 re/_trace.py:47 close.started
DEBUG 2026-06-29 09:48:23 re/_trace.py:47 close.complete
DEBUG 2026-06-29 09:48:23 re/_trace.py:47 close.started
DEBUG 2026-06-29 09:48:23 re/_trace.py:47 close.complete
DEBUG 2026-06-29 09:48:23 re/_trace.py:47 close.started
DEBUG 2026-06-29 09:48:23 re/_trace.py:47 close.complete
DEBUG 2026-06-29 09:48:23 re/_trace.py:47 close.started
DEBUG 2026-06-29 09:48:23 re/_trace.py:47 close.complete
DEBUG 2026-06-29 09:48:23 re/_trace.py:47 close.started
DEBUG 2026-06-29 09:48:23 re/_trace.py:47 close.complete
DEBUG 2026-06-29 09:48:23 re/_trace.py:47 close.started
DEBUG 2026-06-29 09:48:23 re/_trace.py:47 close.complete
DEBUG 2026-06-29 09:48:23 re/_trace.py:47 close.started
DEBUG 2026-06-29 09:48:23 re/_trace.py:47 close.complete
DEBUG 2026-06-29 09:48:23 re/_trace.py:47 close.started
DEBUG 2026-06-29 09:48:23 re/_trace.py:47 close.complete
DEBUG 2026-06-29 09:50:50 re/_trace.py:47 close.started
DEBUG 2026-06-29 09:50:50 re/_trace.py:47 close.complete
DEBUG 2026-06-29 09:50:50 re/_trace.py:47 close.started
DEBUG 2026-06-29 09:50:50 re/_trace.py:47 close.complete
DEBUG 2026-06-29 09:50:50 re/_trace.py:47 close.started
DEBUG 2026-06-29 09:50:50 re/_trace.py:47 close.complete
DEBUG 2026-06-29 09:50:50 re/_trace.py:47 close.started
DEBUG 2026-06-29 09:50:50 re/_trace.py:47 close.complete
DEBUG 2026-06-29 09:50:50 re/_trace.py:47 close.started
DEBUG 2026-06-29 09:50:50 re/_trace.py:47 close.complete
DEBUG 2026-06-29 09:50:50 re/_trace.py:47 close.started
DEBUG 2026-06-29 09:50:50 re/_trace.py:47 close.complete
DEBUG 2026-06-29 09:50:50 re/_trace.py:47 close.started
DEBUG 2026-06-29 09:50:50 re/_trace.py:47 close.complete
DEBUG 2026-06-29 09:50:50 re/_trace.py:47 close.started
DEBUG 2026-06-29 09:50:50 re/_trace.py:47 close.complete
DEBUG 2026-06-29 09:50:51 re/_trace.py:47 close.started
DEBUG 2026-06-29 09:50:51 re/_trace.py:47 close.complete
DEBUG 2026-06-29 09:50:51 re/_trace.py:47 close.started
DEBUG 2026-06-29 09:50:51 re/_trace.py:47 close.complete
DEBUG 2026-06-29 09:53:15 re/_trace.py:47 close.started
DEBUG 2026-06-29 09:53:15 re/_trace.py:47 close.complete
DEBUG 2026-06-29 09:53:15 re/_trace.py:47 close.started
DEBUG 2026-06-29 09:53:15 re/_trace.py:47 close.complete
DEBUG 2026-06-29 09:53:15 re/_trace.py:47 close.started
DEBUG 2026-06-29 09:53:15 re/_trace.py:47 close.complete
DEBUG 2026-06-29 09:53:15 re/_trace.py:47 close.started
DEBUG 2026-06-29 09:53:15 re/_trace.py:47 close.complete
DEBUG 2026-06-29 09:53:15 re/_trace.py:47 close.started
DEBUG 2026-06-29 09:53:15 re/_trace.py:47 close.complete
DEBUG 2026-06-29 09:53:15 re/_trace.py:47 close.started
DEBUG 2026-06-29 09:53:15 re/_trace.py:47 close.complete
DEBUG 2026-06-29 09:53:15 re/_trace.py:47 close.started
DEBUG 2026-06-29 09:53:15 re/_trace.py:47 close.complete
DEBUG 2026-06-29 09:53:15 re/_trace.py:47 close.started
DEBUG 2026-06-29 09:53:15 re/_trace.py:47 close.complete
DEBUG 2026-06-29 09:53:15 re/_trace.py:47 close.started
DEBUG 2026-06-29 09:53:15 re/_trace.py:47 close.complete
DEBUG 2026-06-29 09:53:15 re/_trace.py:47 close.started
DEBUG 2026-06-29 09:53:15 re/_trace.py:47 close.complete
INFO 2026-06-29 09:55:17 ot_train.py:459 step:800 smpl:485K ep:741 epch:14.82 loss:0.072 grdn:0.478 lr:7.7e-05 updt_s:2.315 data_s:0.309
WARNING 2026-06-29 09:55:17 db_utils.py:181 WandB logging of key "loss_per_dim" was ignored as its type "<class 'list'>" is not handled by this wrapper.
DEBUG 2026-06-29 09:55:40 re/_trace.py:47 close.started
DEBUG 2026-06-29 09:55:40 re/_trace.py:47 close.complete
DEBUG 2026-06-29 09:55:40 re/_trace.py:47 close.started
DEBUG 2026-06-29 09:55:40 re/_trace.py:47 close.complete
DEBUG 2026-06-29 09:55:40 re/_trace.py:47 close.started
DEBUG 2026-06-29 09:55:40 re/_trace.py:47 close.complete
DEBUG 2026-06-29 09:55:40 re/_trace.py:47 close.started
DEBUG 2026-06-29 09:55:40 re/_trace.py:47 close.complete
DEBUG 2026-06-29 09:55:40 re/_trace.py:47 close.started
DEBUG 2026-06-29 09:55:40 re/_trace.py:47 close.complete
DEBUG 2026-06-29 09:55:40 re/_trace.py:47 close.started
DEBUG 2026-06-29 09:55:40 re/_trace.py:47 close.complete
DEBUG 2026-06-29 09:55:40 re/_trace.py:47 close.started
DEBUG 2026-06-29 09:55:40 re/_trace.py:47 close.complete
DEBUG 2026-06-29 09:55:40 re/_trace.py:47 close.started
DEBUG 2026-06-29 09:55:40 re/_trace.py:47 close.complete
DEBUG 2026-06-29 09:55:40 re/_trace.py:47 close.started
DEBUG 2026-06-29 09:55:40 re/_trace.py:47 close.complete
DEBUG 2026-06-29 09:55:40 re/_trace.py:47 close.started
DEBUG 2026-06-29 09:55:40 re/_trace.py:47 close.complete
DEBUG 2026-06-29 09:58:06 re/_trace.py:47 close.started
DEBUG 2026-06-29 09:58:06 re/_trace.py:47 close.complete
DEBUG 2026-06-29 09:58:07 re/_trace.py:47 close.started
DEBUG 2026-06-29 09:58:07 re/_trace.py:47 close.complete
DEBUG 2026-06-29 09:58:07 re/_trace.py:47 close.started
DEBUG 2026-06-29 09:58:07 re/_trace.py:47 close.complete
DEBUG 2026-06-29 09:58:07 re/_trace.py:47 close.started
DEBUG 2026-06-29 09:58:07 re/_trace.py:47 close.complete
DEBUG 2026-06-29 09:58:07 re/_trace.py:47 close.started
DEBUG 2026-06-29 09:58:07 re/_trace.py:47 close.complete
DEBUG 2026-06-29 09:58:07 re/_trace.py:47 close.started
DEBUG 2026-06-29 09:58:07 re/_trace.py:47 close.complete
DEBUG 2026-06-29 09:58:07 re/_trace.py:47 close.started
DEBUG 2026-06-29 09:58:07 re/_trace.py:47 close.complete
DEBUG 2026-06-29 09:58:07 re/_trace.py:47 close.started
DEBUG 2026-06-29 09:58:07 re/_trace.py:47 close.complete
DEBUG 2026-06-29 09:58:07 re/_trace.py:47 close.started
DEBUG 2026-06-29 09:58:07 re/_trace.py:47 close.complete
DEBUG 2026-06-29 09:58:07 re/_trace.py:47 close.started
DEBUG 2026-06-29 09:58:07 re/_trace.py:47 close.complete
DEBUG 2026-06-29 10:00:30 re/_trace.py:47 close.started
DEBUG 2026-06-29 10:00:30 re/_trace.py:47 close.complete
DEBUG 2026-06-29 10:00:30 re/_trace.py:47 close.started
DEBUG 2026-06-29 10:00:30 re/_trace.py:47 close.complete
DEBUG 2026-06-29 10:00:30 re/_trace.py:47 close.started
DEBUG 2026-06-29 10:00:30 re/_trace.py:47 close.complete
DEBUG 2026-06-29 10:00:30 re/_trace.py:47 close.started
DEBUG 2026-06-29 10:00:30 re/_trace.py:47 close.complete
DEBUG 2026-06-29 10:00:30 re/_trace.py:47 close.started
DEBUG 2026-06-29 10:00:30 re/_trace.py:47 close.complete
DEBUG 2026-06-29 10:00:30 re/_trace.py:47 close.started
DEBUG 2026-06-29 10:00:30 re/_trace.py:47 close.complete
DEBUG 2026-06-29 10:00:30 re/_trace.py:47 close.started
DEBUG 2026-06-29 10:00:30 re/_trace.py:47 close.complete
DEBUG 2026-06-29 10:00:30 re/_trace.py:47 close.started
DEBUG 2026-06-29 10:00:30 re/_trace.py:47 close.complete
DEBUG 2026-06-29 10:00:30 re/_trace.py:47 close.started
DEBUG 2026-06-29 10:00:30 re/_trace.py:47 close.complete
DEBUG 2026-06-29 10:00:30 re/_trace.py:47 close.started
DEBUG 2026-06-29 10:00:30 re/_trace.py:47 close.complete
DEBUG 2026-06-29 10:02:54 re/_trace.py:47 close.started
DEBUG 2026-06-29 10:02:54 re/_trace.py:47 close.complete
DEBUG 2026-06-29 10:02:54 re/_trace.py:47 close.started
DEBUG 2026-06-29 10:02:54 re/_trace.py:47 close.complete
DEBUG 2026-06-29 10:02:54 re/_trace.py:47 close.started
DEBUG 2026-06-29 10:02:54 re/_trace.py:47 close.complete
DEBUG 2026-06-29 10:02:54 re/_trace.py:47 close.started
DEBUG 2026-06-29 10:02:54 re/_trace.py:47 close.complete
DEBUG 2026-06-29 10:02:54 re/_trace.py:47 close.started
DEBUG 2026-06-29 10:02:54 re/_trace.py:47 close.complete
DEBUG 2026-06-29 10:02:54 re/_trace.py:47 close.started
DEBUG 2026-06-29 10:02:54 re/_trace.py:47 close.complete
DEBUG 2026-06-29 10:02:55 re/_trace.py:47 close.started
DEBUG 2026-06-29 10:02:55 re/_trace.py:47 close.complete
DEBUG 2026-06-29 10:02:55 re/_trace.py:47 close.started
DEBUG 2026-06-29 10:02:55 re/_trace.py:47 close.complete
DEBUG 2026-06-29 10:02:55 re/_trace.py:47 close.started
DEBUG 2026-06-29 10:02:55 re/_trace.py:47 close.complete
DEBUG 2026-06-29 10:02:55 re/_trace.py:47 close.started
DEBUG 2026-06-29 10:02:55 re/_trace.py:47 close.complete
INFO 2026-06-29 10:04:22 ot_train.py:459 step:1K smpl:606K ep:926 epch:18.53 loss:0.059 grdn:0.335 lr:9.9e-05 updt_s:2.370 data_s:0.354
WARNING 2026-06-29 10:04:22 db_utils.py:181 WandB logging of key "loss_per_dim" was ignored as its type "<class 'list'>" is not handled by this wrapper.
DEBUG 2026-06-29 10:05:21 re/_trace.py:47 close.started
DEBUG 2026-06-29 10:05:21 re/_trace.py:47 close.complete
DEBUG 2026-06-29 10:05:21 re/_trace.py:47 close.started
DEBUG 2026-06-29 10:05:21 re/_trace.py:47 close.complete
DEBUG 2026-06-29 10:05:21 re/_trace.py:47 close.started
DEBUG 2026-06-29 10:05:21 re/_trace.py:47 close.complete
DEBUG 2026-06-29 10:05:21 re/_trace.py:47 close.started
DEBUG 2026-06-29 10:05:21 re/_trace.py:47 close.complete
DEBUG 2026-06-29 10:05:21 re/_trace.py:47 close.started
DEBUG 2026-06-29 10:05:21 re/_trace.py:47 close.complete
DEBUG 2026-06-29 10:05:21 re/_trace.py:47 close.started
DEBUG 2026-06-29 10:05:21 re/_trace.py:47 close.complete
DEBUG 2026-06-29 10:05:21 re/_trace.py:47 close.started
DEBUG 2026-06-29 10:05:21 re/_trace.py:47 close.complete
DEBUG 2026-06-29 10:05:21 re/_trace.py:47 close.started
DEBUG 2026-06-29 10:05:21 re/_trace.py:47 close.complete
DEBUG 2026-06-29 10:05:22 re/_trace.py:47 close.started
DEBUG 2026-06-29 10:05:22 re/_trace.py:47 close.complete
DEBUG 2026-06-29 10:05:22 re/_trace.py:47 close.started
DEBUG 2026-06-29 10:05:22 re/_trace.py:47 close.complete
DEBUG 2026-06-29 10:07:47 re/_trace.py:47 close.started
DEBUG 2026-06-29 10:07:47 re/_trace.py:47 close.complete
DEBUG 2026-06-29 10:07:47 re/_trace.py:47 close.started
DEBUG 2026-06-29 10:07:47 re/_trace.py:47 close.complete
DEBUG 2026-06-29 10:07:47 re/_trace.py:47 close.started
DEBUG 2026-06-29 10:07:47 re/_trace.py:47 close.complete
DEBUG 2026-06-29 10:07:47 re/_trace.py:47 close.started
DEBUG 2026-06-29 10:07:47 re/_trace.py:47 close.complete
DEBUG 2026-06-29 10:07:48 re/_trace.py:47 close.started
DEBUG 2026-06-29 10:07:48 re/_trace.py:47 close.complete
DEBUG 2026-06-29 10:07:48 re/_trace.py:47 close.started
DEBUG 2026-06-29 10:07:48 re/_trace.py:47 close.complete
DEBUG 2026-06-29 10:07:48 re/_trace.py:47 close.started
DEBUG 2026-06-29 10:07:48 re/_trace.py:47 close.complete
DEBUG 2026-06-29 10:07:48 re/_trace.py:47 close.started
DEBUG 2026-06-29 10:07:48 re/_trace.py:47 close.complete
DEBUG 2026-06-29 10:07:48 re/_trace.py:47 close.started
DEBUG 2026-06-29 10:07:48 re/_trace.py:47 close.complete
DEBUG 2026-06-29 10:07:48 re/_trace.py:47 close.started
DEBUG 2026-06-29 10:07:48 re/_trace.py:47 close.complete
DEBUG 2026-06-29 10:10:12 re/_trace.py:47 close.started
DEBUG 2026-06-29 10:10:12 re/_trace.py:47 close.complete
DEBUG 2026-06-29 10:10:12 re/_trace.py:47 close.started
DEBUG 2026-06-29 10:10:12 re/_trace.py:47 close.complete
DEBUG 2026-06-29 10:10:12 re/_trace.py:47 close.started
DEBUG 2026-06-29 10:10:12 re/_trace.py:47 close.complete
DEBUG 2026-06-29 10:10:12 re/_trace.py:47 close.started
DEBUG 2026-06-29 10:10:12 re/_trace.py:47 close.complete
DEBUG 2026-06-29 10:10:12 re/_trace.py:47 close.started
DEBUG 2026-06-29 10:10:12 re/_trace.py:47 close.complete
DEBUG 2026-06-29 10:10:12 re/_trace.py:47 close.started
DEBUG 2026-06-29 10:10:12 re/_trace.py:47 close.complete
DEBUG 2026-06-29 10:10:12 re/_trace.py:47 close.started
DEBUG 2026-06-29 10:10:12 re/_trace.py:47 close.complete
DEBUG 2026-06-29 10:10:12 re/_trace.py:47 close.started
DEBUG 2026-06-29 10:10:12 re/_trace.py:47 close.complete
DEBUG 2026-06-29 10:10:12 re/_trace.py:47 close.started
DEBUG 2026-06-29 10:10:12 re/_trace.py:47 close.complete
DEBUG 2026-06-29 10:10:12 re/_trace.py:47 close.started
DEBUG 2026-06-29 10:10:12 re/_trace.py:47 close.complete
DEBUG 2026-06-29 10:12:37 re/_trace.py:47 close.started
DEBUG 2026-06-29 10:12:37 re/_trace.py:47 close.complete
DEBUG 2026-06-29 10:12:37 re/_trace.py:47 close.started
DEBUG 2026-06-29 10:12:37 re/_trace.py:47 close.complete
DEBUG 2026-06-29 10:12:37 re/_trace.py:47 close.started
DEBUG 2026-06-29 10:12:37 re/_trace.py:47 close.complete
DEBUG 2026-06-29 10:12:37 re/_trace.py:47 close.started
DEBUG 2026-06-29 10:12:37 re/_trace.py:47 close.complete
DEBUG 2026-06-29 10:12:37 re/_trace.py:47 close.started
DEBUG 2026-06-29 10:12:37 re/_trace.py:47 close.complete
DEBUG 2026-06-29 10:12:38 re/_trace.py:47 close.started
DEBUG 2026-06-29 10:12:38 re/_trace.py:47 close.complete
DEBUG 2026-06-29 10:12:38 re/_trace.py:47 close.started
DEBUG 2026-06-29 10:12:38 re/_trace.py:47 close.complete
DEBUG 2026-06-29 10:12:38 re/_trace.py:47 close.started
DEBUG 2026-06-29 10:12:38 re/_trace.py:47 close.complete
DEBUG 2026-06-29 10:12:38 re/_trace.py:47 close.started
DEBUG 2026-06-29 10:12:38 re/_trace.py:47 close.complete
DEBUG 2026-06-29 10:12:38 re/_trace.py:47 close.started
DEBUG 2026-06-29 10:12:38 re/_trace.py:47 close.complete
INFO 2026-06-29 10:13:27 ot_train.py:459 step:1K smpl:727K ep:1K epch:22.23 loss:0.050 grdn:0.257 lr:1.1e-04 updt_s:2.340 data_s:0.379
WARNING 2026-06-29 10:13:27 db_utils.py:181 WandB logging of key "loss_per_dim" was ignored as its type "<class 'list'>" is not handled by this wrapper.
DEBUG 2026-06-29 10:15:03 re/_trace.py:47 close.started
DEBUG 2026-06-29 10:15:03 re/_trace.py:47 close.complete
DEBUG 2026-06-29 10:15:03 re/_trace.py:47 close.started
DEBUG 2026-06-29 10:15:03 re/_trace.py:47 close.complete
DEBUG 2026-06-29 10:15:03 re/_trace.py:47 close.started
DEBUG 2026-06-29 10:15:03 re/_trace.py:47 close.complete
DEBUG 2026-06-29 10:15:03 re/_trace.py:47 close.started
DEBUG 2026-06-29 10:15:03 re/_trace.py:47 close.complete
DEBUG 2026-06-29 10:15:03 re/_trace.py:47 close.started
DEBUG 2026-06-29 10:15:03 re/_trace.py:47 close.complete
DEBUG 2026-06-29 10:15:03 re/_trace.py:47 close.started
DEBUG 2026-06-29 10:15:03 re/_trace.py:47 close.complete
DEBUG 2026-06-29 10:15:03 re/_trace.py:47 close.started
DEBUG 2026-06-29 10:15:03 re/_trace.py:47 close.complete
DEBUG 2026-06-29 10:15:03 re/_trace.py:47 close.started
DEBUG 2026-06-29 10:15:03 re/_trace.py:47 close.complete
DEBUG 2026-06-29 10:15:03 re/_trace.py:47 close.started
DEBUG 2026-06-29 10:15:03 re/_trace.py:47 close.complete
DEBUG 2026-06-29 10:15:03 re/_trace.py:47 close.started
DEBUG 2026-06-29 10:15:03 re/_trace.py:47 close.complete
DEBUG 2026-06-29 10:17:28 re/_trace.py:47 close.started
DEBUG 2026-06-29 10:17:28 re/_trace.py:47 close.complete
DEBUG 2026-06-29 10:17:28 re/_trace.py:47 close.started
DEBUG 2026-06-29 10:17:28 re/_trace.py:47 close.complete
DEBUG 2026-06-29 10:17:28 re/_trace.py:47 close.started
DEBUG 2026-06-29 10:17:28 re/_trace.py:47 close.complete
DEBUG 2026-06-29 10:17:28 re/_trace.py:47 close.started
DEBUG 2026-06-29 10:17:28 re/_trace.py:47 close.complete
DEBUG 2026-06-29 10:17:28 re/_trace.py:47 close.started
DEBUG 2026-06-29 10:17:28 re/_trace.py:47 close.complete
DEBUG 2026-06-29 10:17:28 re/_trace.py:47 close.started
DEBUG 2026-06-29 10:17:28 re/_trace.py:47 close.complete
DEBUG 2026-06-29 10:17:28 re/_trace.py:47 close.started
DEBUG 2026-06-29 10:17:28 re/_trace.py:47 close.complete
DEBUG 2026-06-29 10:17:28 re/_trace.py:47 close.started
DEBUG 2026-06-29 10:17:28 re/_trace.py:47 close.complete
DEBUG 2026-06-29 10:17:28 re/_trace.py:47 close.started
DEBUG 2026-06-29 10:17:28 re/_trace.py:47 close.complete
DEBUG 2026-06-29 10:17:28 re/_trace.py:47 close.started
DEBUG 2026-06-29 10:17:28 re/_trace.py:47 close.complete
DEBUG 2026-06-29 10:19:53 re/_trace.py:47 close.started
DEBUG 2026-06-29 10:19:53 re/_trace.py:47 close.complete
DEBUG 2026-06-29 10:19:53 re/_trace.py:47 close.started
DEBUG 2026-06-29 10:19:53 re/_trace.py:47 close.complete
DEBUG 2026-06-29 10:19:53 re/_trace.py:47 close.started
DEBUG 2026-06-29 10:19:53 re/_trace.py:47 close.complete
DEBUG 2026-06-29 10:19:53 re/_trace.py:47 close.started
DEBUG 2026-06-29 10:19:53 re/_trace.py:47 close.complete
DEBUG 2026-06-29 10:19:53 re/_trace.py:47 close.started
DEBUG 2026-06-29 10:19:53 re/_trace.py:47 close.complete
DEBUG 2026-06-29 10:19:53 re/_trace.py:47 close.started
DEBUG 2026-06-29 10:19:53 re/_trace.py:47 close.complete
DEBUG 2026-06-29 10:19:53 re/_trace.py:47 close.started
DEBUG 2026-06-29 10:19:53 re/_trace.py:47 close.complete
DEBUG 2026-06-29 10:19:53 re/_trace.py:47 close.started
DEBUG 2026-06-29 10:19:53 re/_trace.py:47 close.complete
DEBUG 2026-06-29 10:19:53 re/_trace.py:47 close.started
DEBUG 2026-06-29 10:19:53 re/_trace.py:47 close.complete
DEBUG 2026-06-29 10:19:54 re/_trace.py:47 close.started
DEBUG 2026-06-29 10:19:54 re/_trace.py:47 close.complete
INFO 2026-06-29 10:22:08 ot_train.py:459 step:1K smpl:848K ep:1K epch:25.94 loss:0.040 grdn:0.202 lr:1.1e-04 updt_s:2.312 data_s:0.289
WARNING 2026-06-29 10:22:08 db_utils.py:181 WandB logging of key "loss_per_dim" was ignored as its type "<class 'list'>" is not handled by this wrapper.
DEBUG 2026-06-29 10:22:18 re/_trace.py:47 close.started
DEBUG 2026-06-29 10:22:18 re/_trace.py:47 close.complete
DEBUG 2026-06-29 10:22:18 re/_trace.py:47 close.started
DEBUG 2026-06-29 10:22:18 re/_trace.py:47 close.complete
DEBUG 2026-06-29 10:22:18 re/_trace.py:47 close.started
DEBUG 2026-06-29 10:22:18 re/_trace.py:47 close.complete
DEBUG 2026-06-29 10:22:18 re/_trace.py:47 close.started
DEBUG 2026-06-29 10:22:18 re/_trace.py:47 close.complete
DEBUG 2026-06-29 10:22:18 re/_trace.py:47 close.started
DEBUG 2026-06-29 10:22:18 re/_trace.py:47 close.complete
DEBUG 2026-06-29 10:22:18 re/_trace.py:47 close.started
DEBUG 2026-06-29 10:22:18 re/_trace.py:47 close.complete
DEBUG 2026-06-29 10:22:18 re/_trace.py:47 close.started
DEBUG 2026-06-29 10:22:18 re/_trace.py:47 close.complete
DEBUG 2026-06-29 10:22:18 re/_trace.py:47 close.started
DEBUG 2026-06-29 10:22:18 re/_trace.py:47 close.complete
DEBUG 2026-06-29 10:22:18 re/_trace.py:47 close.started
DEBUG 2026-06-29 10:22:18 re/_trace.py:47 close.complete
DEBUG 2026-06-29 10:22:18 re/_trace.py:47 close.started
DEBUG 2026-06-29 10:22:18 re/_trace.py:47 close.complete
DEBUG 2026-06-29 10:24:43 re/_trace.py:47 close.started
DEBUG 2026-06-29 10:24:43 re/_trace.py:47 close.complete
DEBUG 2026-06-29 10:24:43 re/_trace.py:47 close.started
DEBUG 2026-06-29 10:24:43 re/_trace.py:47 close.complete
DEBUG 2026-06-29 10:24:43 re/_trace.py:47 close.started
DEBUG 2026-06-29 10:24:43 re/_trace.py:47 close.complete
DEBUG 2026-06-29 10:24:43 re/_trace.py:47 close.started
DEBUG 2026-06-29 10:24:43 re/_trace.py:47 close.complete
DEBUG 2026-06-29 10:24:43 re/_trace.py:47 close.started
DEBUG 2026-06-29 10:24:43 re/_trace.py:47 close.complete
DEBUG 2026-06-29 10:24:43 re/_trace.py:47 close.started
DEBUG 2026-06-29 10:24:43 re/_trace.py:47 close.complete
DEBUG 2026-06-29 10:24:43 re/_trace.py:47 close.started
DEBUG 2026-06-29 10:24:43 re/_trace.py:47 close.complete
DEBUG 2026-06-29 10:24:43 re/_trace.py:47 close.started
DEBUG 2026-06-29 10:24:43 re/_trace.py:47 close.complete
DEBUG 2026-06-29 10:24:43 re/_trace.py:47 close.started
DEBUG 2026-06-29 10:24:43 re/_trace.py:47 close.complete
DEBUG 2026-06-29 10:24:43 re/_trace.py:47 close.started
DEBUG 2026-06-29 10:24:43 re/_trace.py:47 close.complete
DEBUG 2026-06-29 10:27:08 re/_trace.py:47 close.started
DEBUG 2026-06-29 10:27:08 re/_trace.py:47 close.complete
DEBUG 2026-06-29 10:27:08 re/_trace.py:47 close.started
DEBUG 2026-06-29 10:27:08 re/_trace.py:47 close.complete
DEBUG 2026-06-29 10:27:08 re/_trace.py:47 close.started
DEBUG 2026-06-29 10:27:08 re/_trace.py:47 close.complete
DEBUG 2026-06-29 10:27:08 re/_trace.py:47 close.started
DEBUG 2026-06-29 10:27:08 re/_trace.py:47 close.complete
DEBUG 2026-06-29 10:27:08 re/_trace.py:47 close.started
DEBUG 2026-06-29 10:27:08 re/_trace.py:47 close.complete
DEBUG 2026-06-29 10:27:08 re/_trace.py:47 close.started
DEBUG 2026-06-29 10:27:08 re/_trace.py:47 close.complete
DEBUG 2026-06-29 10:27:08 re/_trace.py:47 close.started
DEBUG 2026-06-29 10:27:08 re/_trace.py:47 close.complete
DEBUG 2026-06-29 10:27:09 re/_trace.py:47 close.started
DEBUG 2026-06-29 10:27:09 re/_trace.py:47 close.complete
DEBUG 2026-06-29 10:27:09 re/_trace.py:47 close.started
DEBUG 2026-06-29 10:27:09 re/_trace.py:47 close.complete
DEBUG 2026-06-29 10:27:09 re/_trace.py:47 close.started
DEBUG 2026-06-29 10:27:09 re/_trace.py:47 close.complete
DEBUG 2026-06-29 10:29:34 re/_trace.py:47 close.started
DEBUG 2026-06-29 10:29:34 re/_trace.py:47 close.complete
DEBUG 2026-06-29 10:29:34 re/_trace.py:47 close.started
DEBUG 2026-06-29 10:29:34 re/_trace.py:47 close.complete
DEBUG 2026-06-29 10:29:34 re/_trace.py:47 close.started
DEBUG 2026-06-29 10:29:34 re/_trace.py:47 close.complete
DEBUG 2026-06-29 10:29:34 re/_trace.py:47 close.started
DEBUG 2026-06-29 10:29:34 re/_trace.py:47 close.complete
DEBUG 2026-06-29 10:29:34 re/_trace.py:47 close.started
DEBUG 2026-06-29 10:29:34 re/_trace.py:47 close.complete
DEBUG 2026-06-29 10:29:34 re/_trace.py:47 close.started
DEBUG 2026-06-29 10:29:34 re/_trace.py:47 close.complete
DEBUG 2026-06-29 10:29:34 re/_trace.py:47 close.started
DEBUG 2026-06-29 10:29:34 re/_trace.py:47 close.complete
DEBUG 2026-06-29 10:29:34 re/_trace.py:47 close.started
DEBUG 2026-06-29 10:29:34 re/_trace.py:47 close.complete
DEBUG 2026-06-29 10:29:34 re/_trace.py:47 close.started
DEBUG 2026-06-29 10:29:34 re/_trace.py:47 close.complete
DEBUG 2026-06-29 10:29:34 re/_trace.py:47 close.started
DEBUG 2026-06-29 10:29:34 re/_trace.py:47 close.complete
INFO 2026-06-29 10:31:12 ot_train.py:459 step:2K smpl:970K ep:1K epch:29.65 loss:0.033 grdn:0.168 lr:1.1e-04 updt_s:2.348 data_s:0.373
WARNING 2026-06-29 10:31:12 db_utils.py:181 WandB logging of key "loss_per_dim" was ignored as its type "<class 'list'>" is not handled by this wrapper.
DEBUG 2026-06-29 10:31:58 re/_trace.py:47 close.started
DEBUG 2026-06-29 10:31:58 re/_trace.py:47 close.complete
DEBUG 2026-06-29 10:31:58 re/_trace.py:47 close.started
DEBUG 2026-06-29 10:31:58 re/_trace.py:47 close.complete
DEBUG 2026-06-29 10:31:58 re/_trace.py:47 close.started
DEBUG 2026-06-29 10:31:58 re/_trace.py:47 close.complete
DEBUG 2026-06-29 10:31:58 re/_trace.py:47 close.started
DEBUG 2026-06-29 10:31:58 re/_trace.py:47 close.complete
DEBUG 2026-06-29 10:31:58 re/_trace.py:47 close.started
DEBUG 2026-06-29 10:31:58 re/_trace.py:47 close.complete
DEBUG 2026-06-29 10:31:58 re/_trace.py:47 close.started
DEBUG 2026-06-29 10:31:58 re/_trace.py:47 close.complete
DEBUG 2026-06-29 10:31:59 re/_trace.py:47 close.started
DEBUG 2026-06-29 10:31:59 re/_trace.py:47 close.complete
DEBUG 2026-06-29 10:31:59 re/_trace.py:47 close.started
DEBUG 2026-06-29 10:31:59 re/_trace.py:47 close.complete
DEBUG 2026-06-29 10:31:59 re/_trace.py:47 close.started
DEBUG 2026-06-29 10:31:59 re/_trace.py:47 close.complete
DEBUG 2026-06-29 10:31:59 re/_trace.py:47 close.started
DEBUG 2026-06-29 10:31:59 re/_trace.py:47 close.complete
DEBUG 2026-06-29 10:34:24 re/_trace.py:47 close.started
DEBUG 2026-06-29 10:34:24 re/_trace.py:47 close.complete
DEBUG 2026-06-29 10:34:24 re/_trace.py:47 close.started
DEBUG 2026-06-29 10:34:24 re/_trace.py:47 close.complete
DEBUG 2026-06-29 10:34:24 re/_trace.py:47 close.started
DEBUG 2026-06-29 10:34:24 re/_trace.py:47 close.complete
DEBUG 2026-06-29 10:34:24 re/_trace.py:47 close.started
DEBUG 2026-06-29 10:34:24 re/_trace.py:47 close.complete
DEBUG 2026-06-29 10:34:24 re/_trace.py:47 close.started
DEBUG 2026-06-29 10:34:24 re/_trace.py:47 close.complete
DEBUG 2026-06-29 10:34:24 re/_trace.py:47 close.started
DEBUG 2026-06-29 10:34:24 re/_trace.py:47 close.complete
DEBUG 2026-06-29 10:34:24 re/_trace.py:47 close.started
DEBUG 2026-06-29 10:34:24 re/_trace.py:47 close.complete
DEBUG 2026-06-29 10:34:24 re/_trace.py:47 close.started
DEBUG 2026-06-29 10:34:24 re/_trace.py:47 close.complete
DEBUG 2026-06-29 10:34:24 re/_trace.py:47 close.started
DEBUG 2026-06-29 10:34:24 re/_trace.py:47 close.complete
DEBUG 2026-06-29 10:34:24 re/_trace.py:47 close.started
DEBUG 2026-06-29 10:34:24 re/_trace.py:47 close.complete
DEBUG 2026-06-29 10:36:51 re/_trace.py:47 close.started
DEBUG 2026-06-29 10:36:51 re/_trace.py:47 close.complete
DEBUG 2026-06-29 10:36:51 re/_trace.py:47 close.started
DEBUG 2026-06-29 10:36:51 re/_trace.py:47 close.complete
DEBUG 2026-06-29 10:36:51 re/_trace.py:47 close.started
DEBUG 2026-06-29 10:36:51 re/_trace.py:47 close.complete
DEBUG 2026-06-29 10:36:51 re/_trace.py:47 close.started
DEBUG 2026-06-29 10:36:51 re/_trace.py:47 close.complete
DEBUG 2026-06-29 10:36:51 re/_trace.py:47 close.started
DEBUG 2026-06-29 10:36:51 re/_trace.py:47 close.complete
DEBUG 2026-06-29 10:36:51 re/_trace.py:47 close.started
DEBUG 2026-06-29 10:36:51 re/_trace.py:47 close.complete
DEBUG 2026-06-29 10:36:51 re/_trace.py:47 close.started
DEBUG 2026-06-29 10:36:51 re/_trace.py:47 close.complete
DEBUG 2026-06-29 10:36:51 re/_trace.py:47 close.started
DEBUG 2026-06-29 10:36:51 re/_trace.py:47 close.complete
DEBUG 2026-06-29 10:36:51 re/_trace.py:47 close.started
DEBUG 2026-06-29 10:36:51 re/_trace.py:47 close.complete
DEBUG 2026-06-29 10:36:52 re/_trace.py:47 close.started
DEBUG 2026-06-29 10:36:52 re/_trace.py:47 close.complete
DEBUG 2026-06-29 10:39:15 re/_trace.py:47 close.started
DEBUG 2026-06-29 10:39:15 re/_trace.py:47 close.complete
DEBUG 2026-06-29 10:39:15 re/_trace.py:47 close.started
DEBUG 2026-06-29 10:39:15 re/_trace.py:47 close.complete
DEBUG 2026-06-29 10:39:15 re/_trace.py:47 close.started
DEBUG 2026-06-29 10:39:15 re/_trace.py:47 close.complete
DEBUG 2026-06-29 10:39:15 re/_trace.py:47 close.started
DEBUG 2026-06-29 10:39:15 re/_trace.py:47 close.complete
DEBUG 2026-06-29 10:39:16 re/_trace.py:47 close.started
DEBUG 2026-06-29 10:39:16 re/_trace.py:47 close.complete
DEBUG 2026-06-29 10:39:16 re/_trace.py:47 close.started
DEBUG 2026-06-29 10:39:16 re/_trace.py:47 close.complete
DEBUG 2026-06-29 10:39:16 re/_trace.py:47 close.started
DEBUG 2026-06-29 10:39:16 re/_trace.py:47 close.complete
DEBUG 2026-06-29 10:39:16 re/_trace.py:47 close.started
DEBUG 2026-06-29 10:39:16 re/_trace.py:47 close.complete
DEBUG 2026-06-29 10:39:16 re/_trace.py:47 close.started
DEBUG 2026-06-29 10:39:16 re/_trace.py:47 close.complete
DEBUG 2026-06-29 10:39:16 re/_trace.py:47 close.started
DEBUG 2026-06-29 10:39:16 re/_trace.py:47 close.complete
INFO 2026-06-29 10:40:19 ot_train.py:459 step:2K smpl:1M ep:2K epch:33.35 loss:0.029 grdn:0.147 lr:1.1e-04 updt_s:2.373 data_s:0.354
WARNING 2026-06-29 10:40:19 db_utils.py:181 WandB logging of key "loss_per_dim" was ignored as its type "<class 'list'>" is not handled by this wrapper.
DEBUG 2026-06-29 10:41:40 re/_trace.py:47 close.started
DEBUG 2026-06-29 10:41:40 re/_trace.py:47 close.complete
DEBUG 2026-06-29 10:41:41 re/_trace.py:47 close.started
DEBUG 2026-06-29 10:41:41 re/_trace.py:47 close.complete
DEBUG 2026-06-29 10:41:41 re/_trace.py:47 close.started
DEBUG 2026-06-29 10:41:41 re/_trace.py:47 close.complete
DEBUG 2026-06-29 10:41:41 re/_trace.py:47 close.started
DEBUG 2026-06-29 10:41:41 re/_trace.py:47 close.complete
DEBUG 2026-06-29 10:41:41 re/_trace.py:47 close.started
DEBUG 2026-06-29 10:41:41 re/_trace.py:47 close.complete
DEBUG 2026-06-29 10:41:41 re/_trace.py:47 close.started
DEBUG 2026-06-29 10:41:41 re/_trace.py:47 close.complete
DEBUG 2026-06-29 10:41:41 re/_trace.py:47 close.started
DEBUG 2026-06-29 10:41:41 re/_trace.py:47 close.complete
DEBUG 2026-06-29 10:41:41 re/_trace.py:47 close.started
DEBUG 2026-06-29 10:41:41 re/_trace.py:47 close.complete
DEBUG 2026-06-29 10:41:41 re/_trace.py:47 close.started
DEBUG 2026-06-29 10:41:41 re/_trace.py:47 close.complete
DEBUG 2026-06-29 10:41:41 re/_trace.py:47 close.started
DEBUG 2026-06-29 10:41:41 re/_trace.py:47 close.complete
DEBUG 2026-06-29 10:44:07 re/_trace.py:47 close.started
DEBUG 2026-06-29 10:44:07 re/_trace.py:47 close.complete
DEBUG 2026-06-29 10:44:07 re/_trace.py:47 close.started
DEBUG 2026-06-29 10:44:07 re/_trace.py:47 close.complete
DEBUG 2026-06-29 10:44:07 re/_trace.py:47 close.started
DEBUG 2026-06-29 10:44:07 re/_trace.py:47 close.complete
DEBUG 2026-06-29 10:44:07 re/_trace.py:47 close.started
DEBUG 2026-06-29 10:44:07 re/_trace.py:47 close.complete
DEBUG 2026-06-29 10:44:07 re/_trace.py:47 close.started
DEBUG 2026-06-29 10:44:07 re/_trace.py:47 close.complete
DEBUG 2026-06-29 10:44:07 re/_trace.py:47 close.started
DEBUG 2026-06-29 10:44:07 re/_trace.py:47 close.complete
DEBUG 2026-06-29 10:44:07 re/_trace.py:47 close.started
DEBUG 2026-06-29 10:44:07 re/_trace.py:47 close.complete
DEBUG 2026-06-29 10:44:07 re/_trace.py:47 close.started
DEBUG 2026-06-29 10:44:07 re/_trace.py:47 close.complete
DEBUG 2026-06-29 10:44:07 re/_trace.py:47 close.started
DEBUG 2026-06-29 10:44:07 re/_trace.py:47 close.complete
DEBUG 2026-06-29 10:44:07 re/_trace.py:47 close.started
DEBUG 2026-06-29 10:44:07 re/_trace.py:47 close.complete
DEBUG 2026-06-29 10:46:32 re/_trace.py:47 close.started
DEBUG 2026-06-29 10:46:32 re/_trace.py:47 close.complete
DEBUG 2026-06-29 10:46:32 re/_trace.py:47 close.started
DEBUG 2026-06-29 10:46:32 re/_trace.py:47 close.complete
DEBUG 2026-06-29 10:46:32 re/_trace.py:47 close.started
DEBUG 2026-06-29 10:46:32 re/_trace.py:47 close.complete
DEBUG 2026-06-29 10:46:32 re/_trace.py:47 close.started
DEBUG 2026-06-29 10:46:32 re/_trace.py:47 close.complete
DEBUG 2026-06-29 10:46:32 re/_trace.py:47 close.started
DEBUG 2026-06-29 10:46:32 re/_trace.py:47 close.complete
DEBUG 2026-06-29 10:46:32 re/_trace.py:47 close.started
DEBUG 2026-06-29 10:46:32 re/_trace.py:47 close.complete
DEBUG 2026-06-29 10:46:32 re/_trace.py:47 close.started
DEBUG 2026-06-29 10:46:32 re/_trace.py:47 close.complete
DEBUG 2026-06-29 10:46:32 re/_trace.py:47 close.started
DEBUG 2026-06-29 10:46:32 re/_trace.py:47 close.complete
DEBUG 2026-06-29 10:46:32 re/_trace.py:47 close.started
DEBUG 2026-06-29 10:46:32 re/_trace.py:47 close.complete
DEBUG 2026-06-29 10:46:32 re/_trace.py:47 close.started
DEBUG 2026-06-29 10:46:32 re/_trace.py:47 close.complete
DEBUG 2026-06-29 10:48:56 re/_trace.py:47 close.started
DEBUG 2026-06-29 10:48:56 re/_trace.py:47 close.complete
DEBUG 2026-06-29 10:48:56 re/_trace.py:47 close.started
DEBUG 2026-06-29 10:48:56 re/_trace.py:47 close.complete
DEBUG 2026-06-29 10:48:56 re/_trace.py:47 close.started
DEBUG 2026-06-29 10:48:56 re/_trace.py:47 close.complete
DEBUG 2026-06-29 10:48:56 re/_trace.py:47 close.started
DEBUG 2026-06-29 10:48:56 re/_trace.py:47 close.complete
DEBUG 2026-06-29 10:48:56 re/_trace.py:47 close.started
DEBUG 2026-06-29 10:48:56 re/_trace.py:47 close.complete
DEBUG 2026-06-29 10:48:56 re/_trace.py:47 close.started
DEBUG 2026-06-29 10:48:56 re/_trace.py:47 close.complete
DEBUG 2026-06-29 10:48:57 re/_trace.py:47 close.started
DEBUG 2026-06-29 10:48:57 re/_trace.py:47 close.complete
DEBUG 2026-06-29 10:48:57 re/_trace.py:47 close.started
DEBUG 2026-06-29 10:48:57 re/_trace.py:47 close.complete
DEBUG 2026-06-29 10:48:57 re/_trace.py:47 close.started
DEBUG 2026-06-29 10:48:57 re/_trace.py:47 close.complete
DEBUG 2026-06-29 10:48:57 re/_trace.py:47 close.started
DEBUG 2026-06-29 10:48:57 re/_trace.py:47 close.complete
INFO 2026-06-29 10:49:21 ot_train.py:459 step:2K smpl:1M ep:2K epch:37.06 loss:0.025 grdn:0.137 lr:1.1e-04 updt_s:2.317 data_s:0.392
WARNING 2026-06-29 10:49:21 db_utils.py:181 WandB logging of key "loss_per_dim" was ignored as its type "<class 'list'>" is not handled by this wrapper.
DEBUG 2026-06-29 10:51:22 re/_trace.py:47 close.started
DEBUG 2026-06-29 10:51:22 re/_trace.py:47 close.complete
DEBUG 2026-06-29 10:51:22 re/_trace.py:47 close.started
DEBUG 2026-06-29 10:51:22 re/_trace.py:47 close.complete
DEBUG 2026-06-29 10:51:22 re/_trace.py:47 close.started
DEBUG 2026-06-29 10:51:22 re/_trace.py:47 close.complete
DEBUG 2026-06-29 10:51:22 re/_trace.py:47 close.started
DEBUG 2026-06-29 10:51:22 re/_trace.py:47 close.complete
DEBUG 2026-06-29 10:51:22 re/_trace.py:47 close.started
DEBUG 2026-06-29 10:51:22 re/_trace.py:47 close.complete
DEBUG 2026-06-29 10:51:22 re/_trace.py:47 close.started
DEBUG 2026-06-29 10:51:22 re/_trace.py:47 close.complete
DEBUG 2026-06-29 10:51:23 re/_trace.py:47 close.started
DEBUG 2026-06-29 10:51:23 re/_trace.py:47 close.complete
DEBUG 2026-06-29 10:51:23 re/_trace.py:47 close.started
DEBUG 2026-06-29 10:51:23 re/_trace.py:47 close.complete
DEBUG 2026-06-29 10:51:23 re/_trace.py:47 close.started
DEBUG 2026-06-29 10:51:23 re/_trace.py:47 close.complete
DEBUG 2026-06-29 10:51:23 re/_trace.py:47 close.started
DEBUG 2026-06-29 10:51:23 re/_trace.py:47 close.complete
DEBUG 2026-06-29 10:53:48 re/_trace.py:47 close.started
DEBUG 2026-06-29 10:53:48 re/_trace.py:47 close.complete
DEBUG 2026-06-29 10:53:48 re/_trace.py:47 close.started
DEBUG 2026-06-29 10:53:48 re/_trace.py:47 close.complete
DEBUG 2026-06-29 10:53:48 re/_trace.py:47 close.started
DEBUG 2026-06-29 10:53:48 re/_trace.py:47 close.complete
DEBUG 2026-06-29 10:53:48 re/_trace.py:47 close.started
DEBUG 2026-06-29 10:53:48 re/_trace.py:47 close.complete
DEBUG 2026-06-29 10:53:48 re/_trace.py:47 close.started
DEBUG 2026-06-29 10:53:48 re/_trace.py:47 close.complete
DEBUG 2026-06-29 10:53:48 re/_trace.py:47 close.started
DEBUG 2026-06-29 10:53:48 re/_trace.py:47 close.complete
DEBUG 2026-06-29 10:53:48 re/_trace.py:47 close.started
DEBUG 2026-06-29 10:53:48 re/_trace.py:47 close.complete
DEBUG 2026-06-29 10:53:48 re/_trace.py:47 close.started
DEBUG 2026-06-29 10:53:48 re/_trace.py:47 close.complete
DEBUG 2026-06-29 10:53:48 re/_trace.py:47 close.started
DEBUG 2026-06-29 10:53:48 re/_trace.py:47 close.complete
DEBUG 2026-06-29 10:53:48 re/_trace.py:47 close.started
DEBUG 2026-06-29 10:53:48 re/_trace.py:47 close.complete
DEBUG 2026-06-29 10:56:14 re/_trace.py:47 close.started
DEBUG 2026-06-29 10:56:14 re/_trace.py:47 close.complete
DEBUG 2026-06-29 10:56:14 re/_trace.py:47 close.started
DEBUG 2026-06-29 10:56:14 re/_trace.py:47 close.complete
DEBUG 2026-06-29 10:56:14 re/_trace.py:47 close.started
DEBUG 2026-06-29 10:56:14 re/_trace.py:47 close.complete
DEBUG 2026-06-29 10:56:14 re/_trace.py:47 close.started
DEBUG 2026-06-29 10:56:14 re/_trace.py:47 close.complete
DEBUG 2026-06-29 10:56:14 re/_trace.py:47 close.started
DEBUG 2026-06-29 10:56:14 re/_trace.py:47 close.complete
DEBUG 2026-06-29 10:56:14 re/_trace.py:47 close.started
DEBUG 2026-06-29 10:56:14 re/_trace.py:47 close.complete
DEBUG 2026-06-29 10:56:14 re/_trace.py:47 close.started
DEBUG 2026-06-29 10:56:14 re/_trace.py:47 close.complete
DEBUG 2026-06-29 10:56:14 re/_trace.py:47 close.started
DEBUG 2026-06-29 10:56:14 re/_trace.py:47 close.complete
DEBUG 2026-06-29 10:56:14 re/_trace.py:47 close.started
DEBUG 2026-06-29 10:56:14 re/_trace.py:47 close.complete
DEBUG 2026-06-29 10:56:14 re/_trace.py:47 close.started
DEBUG 2026-06-29 10:56:14 re/_trace.py:47 close.complete
INFO 2026-06-29 10:58:06 ot_train.py:459 step:2K smpl:1M ep:2K epch:40.76 loss:0.022 grdn:0.124 lr:1.1e-04 updt_s:2.333 data_s:0.288
WARNING 2026-06-29 10:58:06 db_utils.py:181 WandB logging of key "loss_per_dim" was ignored as its type "<class 'list'>" is not handled by this wrapper.
DEBUG 2026-06-29 10:58:39 re/_trace.py:47 close.started
DEBUG 2026-06-29 10:58:39 re/_trace.py:47 close.complete
DEBUG 2026-06-29 10:58:39 re/_trace.py:47 close.started
DEBUG 2026-06-29 10:58:39 re/_trace.py:47 close.complete
DEBUG 2026-06-29 10:58:39 re/_trace.py:47 close.started
DEBUG 2026-06-29 10:58:39 re/_trace.py:47 close.complete
DEBUG 2026-06-29 10:58:39 re/_trace.py:47 close.started
DEBUG 2026-06-29 10:58:39 re/_trace.py:47 close.complete
DEBUG 2026-06-29 10:58:39 re/_trace.py:47 close.started
DEBUG 2026-06-29 10:58:39 re/_trace.py:47 close.complete
DEBUG 2026-06-29 10:58:39 re/_trace.py:47 close.started
DEBUG 2026-06-29 10:58:39 re/_trace.py:47 close.complete
DEBUG 2026-06-29 10:58:39 re/_trace.py:47 close.started
DEBUG 2026-06-29 10:58:39 re/_trace.py:47 close.complete
DEBUG 2026-06-29 10:58:39 re/_trace.py:47 close.started
DEBUG 2026-06-29 10:58:39 re/_trace.py:47 close.complete
DEBUG 2026-06-29 10:58:40 re/_trace.py:47 close.started
DEBUG 2026-06-29 10:58:40 re/_trace.py:47 close.complete
DEBUG 2026-06-29 10:58:40 re/_trace.py:47 close.started
DEBUG 2026-06-29 10:58:40 re/_trace.py:47 close.complete
DEBUG 2026-06-29 11:01:04 re/_trace.py:47 close.started
DEBUG 2026-06-29 11:01:04 re/_trace.py:47 close.complete
DEBUG 2026-06-29 11:01:04 re/_trace.py:47 close.started
DEBUG 2026-06-29 11:01:04 re/_trace.py:47 close.complete
DEBUG 2026-06-29 11:01:05 re/_trace.py:47 close.started
DEBUG 2026-06-29 11:01:05 re/_trace.py:47 close.complete
DEBUG 2026-06-29 11:01:05 re/_trace.py:47 close.started
DEBUG 2026-06-29 11:01:05 re/_trace.py:47 close.complete
DEBUG 2026-06-29 11:01:05 re/_trace.py:47 close.started
DEBUG 2026-06-29 11:01:05 re/_trace.py:47 close.complete
DEBUG 2026-06-29 11:01:05 re/_trace.py:47 close.started
DEBUG 2026-06-29 11:01:05 re/_trace.py:47 close.complete
DEBUG 2026-06-29 11:01:05 re/_trace.py:47 close.started
DEBUG 2026-06-29 11:01:05 re/_trace.py:47 close.complete
DEBUG 2026-06-29 11:01:05 re/_trace.py:47 close.started
DEBUG 2026-06-29 11:01:05 re/_trace.py:47 close.complete
DEBUG 2026-06-29 11:01:05 re/_trace.py:47 close.started
DEBUG 2026-06-29 11:01:05 re/_trace.py:47 close.complete
DEBUG 2026-06-29 11:01:05 re/_trace.py:47 close.started
DEBUG 2026-06-29 11:01:05 re/_trace.py:47 close.complete
DEBUG 2026-06-29 11:03:31 re/_trace.py:47 close.started
DEBUG 2026-06-29 11:03:31 re/_trace.py:47 close.complete
DEBUG 2026-06-29 11:03:32 re/_trace.py:47 close.started
DEBUG 2026-06-29 11:03:32 re/_trace.py:47 close.complete
DEBUG 2026-06-29 11:03:32 re/_trace.py:47 close.started
DEBUG 2026-06-29 11:03:32 re/_trace.py:47 close.complete
DEBUG 2026-06-29 11:03:32 re/_trace.py:47 close.started
DEBUG 2026-06-29 11:03:32 re/_trace.py:47 close.complete
DEBUG 2026-06-29 11:03:32 re/_trace.py:47 close.started
DEBUG 2026-06-29 11:03:32 re/_trace.py:47 close.complete
DEBUG 2026-06-29 11:03:32 re/_trace.py:47 close.started
DEBUG 2026-06-29 11:03:32 re/_trace.py:47 close.complete
DEBUG 2026-06-29 11:03:32 re/_trace.py:47 close.started
DEBUG 2026-06-29 11:03:32 re/_trace.py:47 close.complete
DEBUG 2026-06-29 11:03:32 re/_trace.py:47 close.started
DEBUG 2026-06-29 11:03:32 re/_trace.py:47 close.complete
DEBUG 2026-06-29 11:03:32 re/_trace.py:47 close.started
DEBUG 2026-06-29 11:03:32 re/_trace.py:47 close.complete
DEBUG 2026-06-29 11:03:32 re/_trace.py:47 close.started
DEBUG 2026-06-29 11:03:32 re/_trace.py:47 close.complete
DEBUG 2026-06-29 11:05:56 re/_trace.py:47 close.started
DEBUG 2026-06-29 11:05:56 re/_trace.py:47 close.complete
DEBUG 2026-06-29 11:05:56 re/_trace.py:47 close.started
DEBUG 2026-06-29 11:05:56 re/_trace.py:47 close.complete
DEBUG 2026-06-29 11:05:56 re/_trace.py:47 close.started
DEBUG 2026-06-29 11:05:56 re/_trace.py:47 close.complete
DEBUG 2026-06-29 11:05:56 re/_trace.py:47 close.started
DEBUG 2026-06-29 11:05:56 re/_trace.py:47 close.complete
DEBUG 2026-06-29 11:05:56 re/_trace.py:47 close.started
DEBUG 2026-06-29 11:05:56 re/_trace.py:47 close.complete
DEBUG 2026-06-29 11:05:56 re/_trace.py:47 close.started
DEBUG 2026-06-29 11:05:56 re/_trace.py:47 close.complete
DEBUG 2026-06-29 11:05:57 re/_trace.py:47 close.started
DEBUG 2026-06-29 11:05:57 re/_trace.py:47 close.complete
DEBUG 2026-06-29 11:05:57 re/_trace.py:47 close.started
DEBUG 2026-06-29 11:05:57 re/_trace.py:47 close.complete
DEBUG 2026-06-29 11:05:57 re/_trace.py:47 close.started
DEBUG 2026-06-29 11:05:57 re/_trace.py:47 close.complete
DEBUG 2026-06-29 11:05:57 re/_trace.py:47 close.started
DEBUG 2026-06-29 11:05:57 re/_trace.py:47 close.complete
INFO 2026-06-29 11:07:14 ot_train.py:459 step:2K smpl:1M ep:2K epch:44.47 loss:0.020 grdn:0.114 lr:1.1e-04 updt_s:2.372 data_s:0.362
WARNING 2026-06-29 11:07:14 db_utils.py:181 WandB logging of key "loss_per_dim" was ignored as its type "<class 'list'>" is not handled by this wrapper.
DEBUG 2026-06-29 11:08:22 re/_trace.py:47 close.started
DEBUG 2026-06-29 11:08:22 re/_trace.py:47 close.complete
DEBUG 2026-06-29 11:08:22 re/_trace.py:47 close.started
DEBUG 2026-06-29 11:08:22 re/_trace.py:47 close.complete
DEBUG 2026-06-29 11:08:22 re/_trace.py:47 close.started
DEBUG 2026-06-29 11:08:22 re/_trace.py:47 close.complete
DEBUG 2026-06-29 11:08:22 re/_trace.py:47 close.started
DEBUG 2026-06-29 11:08:22 re/_trace.py:47 close.complete
DEBUG 2026-06-29 11:08:22 re/_trace.py:47 close.started
DEBUG 2026-06-29 11:08:22 re/_trace.py:47 close.complete
DEBUG 2026-06-29 11:08:22 re/_trace.py:47 close.started
DEBUG 2026-06-29 11:08:22 re/_trace.py:47 close.complete
DEBUG 2026-06-29 11:08:23 re/_trace.py:47 close.started
DEBUG 2026-06-29 11:08:23 re/_trace.py:47 close.complete
DEBUG 2026-06-29 11:08:23 re/_trace.py:47 close.started
DEBUG 2026-06-29 11:08:23 re/_trace.py:47 close.complete
DEBUG 2026-06-29 11:08:23 re/_trace.py:47 close.started
DEBUG 2026-06-29 11:08:23 re/_trace.py:47 close.complete
DEBUG 2026-06-29 11:08:23 re/_trace.py:47 close.started
DEBUG 2026-06-29 11:08:23 re/_trace.py:47 close.complete
DEBUG 2026-06-29 11:10:49 re/_trace.py:47 close.started
DEBUG 2026-06-29 11:10:49 re/_trace.py:47 close.complete
DEBUG 2026-06-29 11:10:49 re/_trace.py:47 close.started
DEBUG 2026-06-29 11:10:49 re/_trace.py:47 close.complete
DEBUG 2026-06-29 11:10:49 re/_trace.py:47 close.started
DEBUG 2026-06-29 11:10:49 re/_trace.py:47 close.complete
DEBUG 2026-06-29 11:10:49 re/_trace.py:47 close.started
DEBUG 2026-06-29 11:10:49 re/_trace.py:47 close.complete
DEBUG 2026-06-29 11:10:50 re/_trace.py:47 close.started
DEBUG 2026-06-29 11:10:50 re/_trace.py:47 close.complete
DEBUG 2026-06-29 11:10:50 re/_trace.py:47 close.started
DEBUG 2026-06-29 11:10:50 re/_trace.py:47 close.complete
DEBUG 2026-06-29 11:10:50 re/_trace.py:47 close.started
DEBUG 2026-06-29 11:10:50 re/_trace.py:47 close.complete
DEBUG 2026-06-29 11:10:50 re/_trace.py:47 close.started
DEBUG 2026-06-29 11:10:50 re/_trace.py:47 close.complete
DEBUG 2026-06-29 11:10:50 re/_trace.py:47 close.started
DEBUG 2026-06-29 11:10:50 re/_trace.py:47 close.complete
DEBUG 2026-06-29 11:10:50 re/_trace.py:47 close.started
DEBUG 2026-06-29 11:10:50 re/_trace.py:47 close.complete
DEBUG 2026-06-29 11:13:15 re/_trace.py:47 close.started
DEBUG 2026-06-29 11:13:15 re/_trace.py:47 close.complete
DEBUG 2026-06-29 11:13:15 re/_trace.py:47 close.started
DEBUG 2026-06-29 11:13:15 re/_trace.py:47 close.complete
DEBUG 2026-06-29 11:13:15 re/_trace.py:47 close.started
DEBUG 2026-06-29 11:13:15 re/_trace.py:47 close.complete
DEBUG 2026-06-29 11:13:15 re/_trace.py:47 close.started
DEBUG 2026-06-29 11:13:15 re/_trace.py:47 close.complete
DEBUG 2026-06-29 11:13:15 re/_trace.py:47 close.started
DEBUG 2026-06-29 11:13:15 re/_trace.py:47 close.complete
DEBUG 2026-06-29 11:13:15 re/_trace.py:47 close.started
DEBUG 2026-06-29 11:13:15 re/_trace.py:47 close.complete
DEBUG 2026-06-29 11:13:15 re/_trace.py:47 close.started
DEBUG 2026-06-29 11:13:15 re/_trace.py:47 close.complete
DEBUG 2026-06-29 11:13:15 re/_trace.py:47 close.started
DEBUG 2026-06-29 11:13:15 re/_trace.py:47 close.complete
DEBUG 2026-06-29 11:13:15 re/_trace.py:47 close.started
DEBUG 2026-06-29 11:13:15 re/_trace.py:47 close.complete
DEBUG 2026-06-29 11:13:15 re/_trace.py:47 close.started
DEBUG 2026-06-29 11:13:15 re/_trace.py:47 close.complete
DEBUG 2026-06-29 11:15:40 re/_trace.py:47 close.started
DEBUG 2026-06-29 11:15:40 re/_trace.py:47 close.complete
DEBUG 2026-06-29 11:15:40 re/_trace.py:47 close.started
DEBUG 2026-06-29 11:15:40 re/_trace.py:47 close.complete
DEBUG 2026-06-29 11:15:40 re/_trace.py:47 close.started
DEBUG 2026-06-29 11:15:40 re/_trace.py:47 close.complete
DEBUG 2026-06-29 11:15:40 re/_trace.py:47 close.started
DEBUG 2026-06-29 11:15:40 re/_trace.py:47 close.complete
DEBUG 2026-06-29 11:15:40 re/_trace.py:47 close.started
DEBUG 2026-06-29 11:15:40 re/_trace.py:47 close.complete
DEBUG 2026-06-29 11:15:40 re/_trace.py:47 close.started
DEBUG 2026-06-29 11:15:40 re/_trace.py:47 close.complete
DEBUG 2026-06-29 11:15:40 re/_trace.py:47 close.started
DEBUG 2026-06-29 11:15:40 re/_trace.py:47 close.complete
DEBUG 2026-06-29 11:15:40 re/_trace.py:47 close.started
DEBUG 2026-06-29 11:15:40 re/_trace.py:47 close.complete
DEBUG 2026-06-29 11:15:40 re/_trace.py:47 close.started
DEBUG 2026-06-29 11:15:40 re/_trace.py:47 close.complete
DEBUG 2026-06-29 11:15:40 re/_trace.py:47 close.started
DEBUG 2026-06-29 11:15:40 re/_trace.py:47 close.complete
INFO 2026-06-29 11:16:20 ot_train.py:459 step:3K smpl:2M ep:2K epch:48.17 loss:0.018 grdn:0.110 lr:1.1e-04 updt_s:2.359 data_s:0.368
WARNING 2026-06-29 11:16:20 db_utils.py:181 WandB logging of key "loss_per_dim" was ignored as its type "<class 'list'>" is not handled by this wrapper.
DEBUG 2026-06-29 11:18:06 re/_trace.py:47 close.started
DEBUG 2026-06-29 11:18:06 re/_trace.py:47 close.complete
DEBUG 2026-06-29 11:18:06 re/_trace.py:47 close.started
DEBUG 2026-06-29 11:18:06 re/_trace.py:47 close.complete
DEBUG 2026-06-29 11:18:06 re/_trace.py:47 close.started
DEBUG 2026-06-29 11:18:06 re/_trace.py:47 close.complete
DEBUG 2026-06-29 11:18:06 re/_trace.py:47 close.started
DEBUG 2026-06-29 11:18:06 re/_trace.py:47 close.complete
DEBUG 2026-06-29 11:18:06 re/_trace.py:47 close.started
DEBUG 2026-06-29 11:18:06 re/_trace.py:47 close.complete
DEBUG 2026-06-29 11:18:06 re/_trace.py:47 close.started
DEBUG 2026-06-29 11:18:06 re/_trace.py:47 close.complete
DEBUG 2026-06-29 11:18:06 re/_trace.py:47 close.started
DEBUG 2026-06-29 11:18:06 re/_trace.py:47 close.complete
DEBUG 2026-06-29 11:18:07 re/_trace.py:47 close.started
DEBUG 2026-06-29 11:18:07 re/_trace.py:47 close.complete
DEBUG 2026-06-29 11:18:07 re/_trace.py:47 close.started
DEBUG 2026-06-29 11:18:07 re/_trace.py:47 close.complete
DEBUG 2026-06-29 11:18:07 re/_trace.py:47 close.started
DEBUG 2026-06-29 11:18:07 re/_trace.py:47 close.complete
DEBUG 2026-06-29 11:20:32 re/_trace.py:47 close.started
DEBUG 2026-06-29 11:20:32 re/_trace.py:47 close.complete
DEBUG 2026-06-29 11:20:32 re/_trace.py:47 close.started
DEBUG 2026-06-29 11:20:32 re/_trace.py:47 close.complete
DEBUG 2026-06-29 11:20:32 re/_trace.py:47 close.started
DEBUG 2026-06-29 11:20:32 re/_trace.py:47 close.complete
DEBUG 2026-06-29 11:20:32 re/_trace.py:47 close.started
DEBUG 2026-06-29 11:20:32 re/_trace.py:47 close.complete
DEBUG 2026-06-29 11:20:32 re/_trace.py:47 close.started
DEBUG 2026-06-29 11:20:32 re/_trace.py:47 close.complete
DEBUG 2026-06-29 11:20:32 re/_trace.py:47 close.started
DEBUG 2026-06-29 11:20:32 re/_trace.py:47 close.complete
DEBUG 2026-06-29 11:20:32 re/_trace.py:47 close.started
DEBUG 2026-06-29 11:20:32 re/_trace.py:47 close.complete
DEBUG 2026-06-29 11:20:32 re/_trace.py:47 close.started
DEBUG 2026-06-29 11:20:32 re/_trace.py:47 close.complete
DEBUG 2026-06-29 11:20:32 re/_trace.py:47 close.started
DEBUG 2026-06-29 11:20:32 re/_trace.py:47 close.complete
DEBUG 2026-06-29 11:20:32 re/_trace.py:47 close.started
DEBUG 2026-06-29 11:20:32 re/_trace.py:47 close.complete
DEBUG 2026-06-29 11:22:58 re/_trace.py:47 close.started
DEBUG 2026-06-29 11:22:58 re/_trace.py:47 close.complete
DEBUG 2026-06-29 11:22:58 re/_trace.py:47 close.started
DEBUG 2026-06-29 11:22:58 re/_trace.py:47 close.complete
DEBUG 2026-06-29 11:22:58 re/_trace.py:47 close.started
DEBUG 2026-06-29 11:22:58 re/_trace.py:47 close.complete
DEBUG 2026-06-29 11:22:58 re/_trace.py:47 close.started
DEBUG 2026-06-29 11:22:58 re/_trace.py:47 close.complete
DEBUG 2026-06-29 11:22:58 re/_trace.py:47 close.started
DEBUG 2026-06-29 11:22:58 re/_trace.py:47 close.complete
DEBUG 2026-06-29 11:22:58 re/_trace.py:47 close.started
DEBUG 2026-06-29 11:22:58 re/_trace.py:47 close.complete
DEBUG 2026-06-29 11:22:58 re/_trace.py:47 close.started
DEBUG 2026-06-29 11:22:58 re/_trace.py:47 close.complete
DEBUG 2026-06-29 11:22:58 re/_trace.py:47 close.started
DEBUG 2026-06-29 11:22:58 re/_trace.py:47 close.complete
DEBUG 2026-06-29 11:22:59 re/_trace.py:47 close.started
DEBUG 2026-06-29 11:22:59 re/_trace.py:47 close.complete
DEBUG 2026-06-29 11:22:59 re/_trace.py:47 close.started
DEBUG 2026-06-29 11:22:59 re/_trace.py:47 close.complete
INFO 2026-06-29 11:25:06 ot_train.py:459 step:3K smpl:2M ep:3K epch:51.88 loss:0.017 grdn:0.103 lr:1.1e-04 updt_s:2.344 data_s:0.282
WARNING 2026-06-29 11:25:06 db_utils.py:181 WandB logging of key "loss_per_dim" was ignored as its type "<class 'list'>" is not handled by this wrapper.
DEBUG 2026-06-29 11:25:25 re/_trace.py:47 close.started
DEBUG 2026-06-29 11:25:25 re/_trace.py:47 close.complete
DEBUG 2026-06-29 11:25:25 re/_trace.py:47 close.started
DEBUG 2026-06-29 11:25:25 re/_trace.py:47 close.complete
DEBUG 2026-06-29 11:25:25 re/_trace.py:47 close.started
DEBUG 2026-06-29 11:25:25 re/_trace.py:47 close.complete
DEBUG 2026-06-29 11:25:25 re/_trace.py:47 close.started
DEBUG 2026-06-29 11:25:25 re/_trace.py:47 close.complete
DEBUG 2026-06-29 11:25:25 re/_trace.py:47 close.started
DEBUG 2026-06-29 11:25:25 re/_trace.py:47 close.complete
DEBUG 2026-06-29 11:25:25 re/_trace.py:47 close.started
DEBUG 2026-06-29 11:25:25 re/_trace.py:47 close.complete
DEBUG 2026-06-29 11:25:25 re/_trace.py:47 close.started
DEBUG 2026-06-29 11:25:25 re/_trace.py:47 close.complete
DEBUG 2026-06-29 11:25:25 re/_trace.py:47 close.started
DEBUG 2026-06-29 11:25:25 re/_trace.py:47 close.complete
DEBUG 2026-06-29 11:25:25 re/_trace.py:47 close.started
DEBUG 2026-06-29 11:25:25 re/_trace.py:47 close.complete
DEBUG 2026-06-29 11:25:25 re/_trace.py:47 close.started
DEBUG 2026-06-29 11:25:25 re/_trace.py:47 close.complete
DEBUG 2026-06-29 11:27:50 re/_trace.py:47 close.started
DEBUG 2026-06-29 11:27:50 re/_trace.py:47 close.complete
DEBUG 2026-06-29 11:27:50 re/_trace.py:47 close.started
DEBUG 2026-06-29 11:27:50 re/_trace.py:47 close.complete
DEBUG 2026-06-29 11:27:50 re/_trace.py:47 close.started
DEBUG 2026-06-29 11:27:50 re/_trace.py:47 close.complete
DEBUG 2026-06-29 11:27:50 re/_trace.py:47 close.started
DEBUG 2026-06-29 11:27:50 re/_trace.py:47 close.complete
DEBUG 2026-06-29 11:27:50 re/_trace.py:47 close.started
DEBUG 2026-06-29 11:27:50 re/_trace.py:47 close.complete
DEBUG 2026-06-29 11:27:50 re/_trace.py:47 close.started
DEBUG 2026-06-29 11:27:50 re/_trace.py:47 close.complete
DEBUG 2026-06-29 11:27:50 re/_trace.py:47 close.started
DEBUG 2026-06-29 11:27:50 re/_trace.py:47 close.complete
DEBUG 2026-06-29 11:27:50 re/_trace.py:47 close.started
DEBUG 2026-06-29 11:27:50 re/_trace.py:47 close.complete
DEBUG 2026-06-29 11:27:50 re/_trace.py:47 close.started
DEBUG 2026-06-29 11:27:50 re/_trace.py:47 close.complete
DEBUG 2026-06-29 11:27:50 re/_trace.py:47 close.started
DEBUG 2026-06-29 11:27:50 re/_trace.py:47 close.complete
DEBUG 2026-06-29 11:30:15 re/_trace.py:47 close.started
DEBUG 2026-06-29 11:30:15 re/_trace.py:47 close.complete
DEBUG 2026-06-29 11:30:15 re/_trace.py:47 close.started
DEBUG 2026-06-29 11:30:15 re/_trace.py:47 close.complete
DEBUG 2026-06-29 11:30:16 re/_trace.py:47 close.started
DEBUG 2026-06-29 11:30:16 re/_trace.py:47 close.complete
DEBUG 2026-06-29 11:30:16 re/_trace.py:47 close.started
DEBUG 2026-06-29 11:30:16 re/_trace.py:47 close.complete
DEBUG 2026-06-29 11:30:16 re/_trace.py:47 close.started
DEBUG 2026-06-29 11:30:16 re/_trace.py:47 close.complete
DEBUG 2026-06-29 11:30:16 re/_trace.py:47 close.started
DEBUG 2026-06-29 11:30:16 re/_trace.py:47 close.complete
DEBUG 2026-06-29 11:30:16 re/_trace.py:47 close.started
DEBUG 2026-06-29 11:30:16 re/_trace.py:47 close.complete
DEBUG 2026-06-29 11:30:16 re/_trace.py:47 close.started
DEBUG 2026-06-29 11:30:16 re/_trace.py:47 close.complete
DEBUG 2026-06-29 11:30:16 re/_trace.py:47 close.started
DEBUG 2026-06-29 11:30:16 re/_trace.py:47 close.complete
DEBUG 2026-06-29 11:30:16 re/_trace.py:47 close.started
DEBUG 2026-06-29 11:30:16 re/_trace.py:47 close.complete
DEBUG 2026-06-29 11:32:40 re/_trace.py:47 close.started
DEBUG 2026-06-29 11:32:40 re/_trace.py:47 close.complete
DEBUG 2026-06-29 11:32:41 re/_trace.py:47 close.started
DEBUG 2026-06-29 11:32:41 re/_trace.py:47 close.complete
DEBUG 2026-06-29 11:32:41 re/_trace.py:47 close.started
DEBUG 2026-06-29 11:32:41 re/_trace.py:47 close.complete
DEBUG 2026-06-29 11:32:41 re/_trace.py:47 close.started
DEBUG 2026-06-29 11:32:41 re/_trace.py:47 close.complete
DEBUG 2026-06-29 11:32:41 re/_trace.py:47 close.started
DEBUG 2026-06-29 11:32:41 re/_trace.py:47 close.complete
DEBUG 2026-06-29 11:32:41 re/_trace.py:47 close.started
DEBUG 2026-06-29 11:32:41 re/_trace.py:47 close.complete
DEBUG 2026-06-29 11:32:41 re/_trace.py:47 close.started
DEBUG 2026-06-29 11:32:41 re/_trace.py:47 close.complete
DEBUG 2026-06-29 11:32:41 re/_trace.py:47 close.started
DEBUG 2026-06-29 11:32:41 re/_trace.py:47 close.complete
DEBUG 2026-06-29 11:32:41 re/_trace.py:47 close.started
DEBUG 2026-06-29 11:32:41 re/_trace.py:47 close.complete
DEBUG 2026-06-29 11:32:41 re/_trace.py:47 close.started
DEBUG 2026-06-29 11:32:41 re/_trace.py:47 close.complete
INFO 2026-06-29 11:34:10 ot_train.py:459 step:3K smpl:2M ep:3K epch:55.59 loss:0.016 grdn:0.105 lr:1.1e-04 updt_s:2.329 data_s:0.389
WARNING 2026-06-29 11:34:10 db_utils.py:181 WandB logging of key "loss_per_dim" was ignored as its type "<class 'list'>" is not handled by this wrapper.
INFO 2026-06-29 11:34:10 ot_train.py:479 Checkpoint policy after step 3000
DEBUG 2026-06-29 11:34:43 ionpool.py:1062 Starting new HTTPS connection (1): api.wandb.ai:443
DEBUG 2026-06-29 11:34:43 tionpool.py:544 https://api.wandb.ai:443 "POST /graphql HTTP/1.1" 200 None
DEBUG 2026-06-29 11:34:44 ionpool.py:1062 Starting new HTTPS connection (1): api.wandb.ai:443
DEBUG 2026-06-29 11:34:44 tionpool.py:544 https://api.wandb.ai:443 "POST /graphql HTTP/1.1" 200 None
DEBUG 2026-06-29 11:34:44 tionpool.py:544 https://api.wandb.ai:443 "POST /graphql HTTP/1.1" 200 None
DEBUG 2026-06-29 11:35:39 re/_trace.py:47 close.started
DEBUG 2026-06-29 11:35:39 re/_trace.py:47 close.complete
DEBUG 2026-06-29 11:35:39 re/_trace.py:47 close.started
DEBUG 2026-06-29 11:35:39 re/_trace.py:47 close.complete
DEBUG 2026-06-29 11:35:39 re/_trace.py:47 close.started
DEBUG 2026-06-29 11:35:39 re/_trace.py:47 close.complete
DEBUG 2026-06-29 11:35:39 re/_trace.py:47 close.started
DEBUG 2026-06-29 11:35:39 re/_trace.py:47 close.complete
DEBUG 2026-06-29 11:35:39 re/_trace.py:47 close.started
DEBUG 2026-06-29 11:35:39 re/_trace.py:47 close.complete
DEBUG 2026-06-29 11:35:39 re/_trace.py:47 close.started
DEBUG 2026-06-29 11:35:39 re/_trace.py:47 close.complete
DEBUG 2026-06-29 11:35:39 re/_trace.py:47 close.started
DEBUG 2026-06-29 11:35:39 re/_trace.py:47 close.complete
DEBUG 2026-06-29 11:35:39 re/_trace.py:47 close.started
DEBUG 2026-06-29 11:35:39 re/_trace.py:47 close.complete
DEBUG 2026-06-29 11:35:40 re/_trace.py:47 close.started
DEBUG 2026-06-29 11:35:40 re/_trace.py:47 close.complete
DEBUG 2026-06-29 11:35:40 re/_trace.py:47 close.started
DEBUG 2026-06-29 11:35:40 re/_trace.py:47 close.complete
DEBUG 2026-06-29 11:38:05 re/_trace.py:47 close.started
DEBUG 2026-06-29 11:38:05 re/_trace.py:47 close.complete
DEBUG 2026-06-29 11:38:05 re/_trace.py:47 close.started
DEBUG 2026-06-29 11:38:05 re/_trace.py:47 close.complete
DEBUG 2026-06-29 11:38:05 re/_trace.py:47 close.started
DEBUG 2026-06-29 11:38:05 re/_trace.py:47 close.complete
DEBUG 2026-06-29 11:38:05 re/_trace.py:47 close.started
DEBUG 2026-06-29 11:38:05 re/_trace.py:47 close.complete
DEBUG 2026-06-29 11:38:05 re/_trace.py:47 close.started
DEBUG 2026-06-29 11:38:05 re/_trace.py:47 close.complete
DEBUG 2026-06-29 11:38:05 re/_trace.py:47 close.started
DEBUG 2026-06-29 11:38:05 re/_trace.py:47 close.complete
DEBUG 2026-06-29 11:38:05 re/_trace.py:47 close.started
DEBUG 2026-06-29 11:38:05 re/_trace.py:47 close.complete
DEBUG 2026-06-29 11:38:06 re/_trace.py:47 close.started
DEBUG 2026-06-29 11:38:06 re/_trace.py:47 close.complete
DEBUG 2026-06-29 11:38:06 re/_trace.py:47 close.started
DEBUG 2026-06-29 11:38:06 re/_trace.py:47 close.complete
DEBUG 2026-06-29 11:38:06 re/_trace.py:47 close.started
DEBUG 2026-06-29 11:38:06 re/_trace.py:47 close.complete
DEBUG 2026-06-29 11:40:33 re/_trace.py:47 close.started
DEBUG 2026-06-29 11:40:33 re/_trace.py:47 close.complete
DEBUG 2026-06-29 11:40:33 re/_trace.py:47 close.started
DEBUG 2026-06-29 11:40:33 re/_trace.py:47 close.complete
DEBUG 2026-06-29 11:40:33 re/_trace.py:47 close.started
DEBUG 2026-06-29 11:40:33 re/_trace.py:47 close.complete
DEBUG 2026-06-29 11:40:33 re/_trace.py:47 close.started
DEBUG 2026-06-29 11:40:33 re/_trace.py:47 close.complete
DEBUG 2026-06-29 11:40:33 re/_trace.py:47 close.started
DEBUG 2026-06-29 11:40:33 re/_trace.py:47 close.complete
DEBUG 2026-06-29 11:40:33 re/_trace.py:47 close.started
DEBUG 2026-06-29 11:40:33 re/_trace.py:47 close.complete
DEBUG 2026-06-29 11:40:33 re/_trace.py:47 close.started
DEBUG 2026-06-29 11:40:33 re/_trace.py:47 close.complete
DEBUG 2026-06-29 11:40:33 re/_trace.py:47 close.started
DEBUG 2026-06-29 11:40:33 re/_trace.py:47 close.complete
DEBUG 2026-06-29 11:40:33 re/_trace.py:47 close.started
DEBUG 2026-06-29 11:40:33 re/_trace.py:47 close.complete
DEBUG 2026-06-29 11:40:33 re/_trace.py:47 close.started
DEBUG 2026-06-29 11:40:33 re/_trace.py:47 close.complete
DEBUG 2026-06-29 11:42:58 re/_trace.py:47 close.started
DEBUG 2026-06-29 11:42:58 re/_trace.py:47 close.complete
DEBUG 2026-06-29 11:42:58 re/_trace.py:47 close.started
DEBUG 2026-06-29 11:42:58 re/_trace.py:47 close.complete
DEBUG 2026-06-29 11:42:58 re/_trace.py:47 close.started
DEBUG 2026-06-29 11:42:58 re/_trace.py:47 close.complete
DEBUG 2026-06-29 11:42:59 re/_trace.py:47 close.started
DEBUG 2026-06-29 11:42:59 re/_trace.py:47 close.complete
DEBUG 2026-06-29 11:42:59 re/_trace.py:47 close.started
DEBUG 2026-06-29 11:42:59 re/_trace.py:47 close.complete
DEBUG 2026-06-29 11:42:59 re/_trace.py:47 close.started
DEBUG 2026-06-29 11:42:59 re/_trace.py:47 close.complete
DEBUG 2026-06-29 11:42:59 re/_trace.py:47 close.started
DEBUG 2026-06-29 11:42:59 re/_trace.py:47 close.complete
DEBUG 2026-06-29 11:42:59 re/_trace.py:47 close.started
DEBUG 2026-06-29 11:42:59 re/_trace.py:47 close.complete
DEBUG 2026-06-29 11:42:59 re/_trace.py:47 close.started
DEBUG 2026-06-29 11:42:59 re/_trace.py:47 close.complete
DEBUG 2026-06-29 11:42:59 re/_trace.py:47 close.started
DEBUG 2026-06-29 11:42:59 re/_trace.py:47 close.complete
INFO 2026-06-29 11:43:51 ot_train.py:459 step:3K smpl:2M ep:3K epch:59.29 loss:0.015 grdn:0.097 lr:1.1e-04 updt_s:2.340 data_s:0.392
WARNING 2026-06-29 11:43:51 db_utils.py:181 WandB logging of key "loss_per_dim" was ignored as its type "<class 'list'>" is not handled by this wrapper.
DEBUG 2026-06-29 11:45:23 re/_trace.py:47 close.started
DEBUG 2026-06-29 11:45:23 re/_trace.py:47 close.complete
DEBUG 2026-06-29 11:45:23 re/_trace.py:47 close.started
DEBUG 2026-06-29 11:45:23 re/_trace.py:47 close.complete
DEBUG 2026-06-29 11:45:23 re/_trace.py:47 close.started
DEBUG 2026-06-29 11:45:23 re/_trace.py:47 close.complete
DEBUG 2026-06-29 11:45:23 re/_trace.py:47 close.started
DEBUG 2026-06-29 11:45:23 re/_trace.py:47 close.complete
DEBUG 2026-06-29 11:45:23 re/_trace.py:47 close.started
DEBUG 2026-06-29 11:45:23 re/_trace.py:47 close.complete
DEBUG 2026-06-29 11:45:23 re/_trace.py:47 close.started
DEBUG 2026-06-29 11:45:23 re/_trace.py:47 close.complete
DEBUG 2026-06-29 11:45:23 re/_trace.py:47 close.started
DEBUG 2026-06-29 11:45:23 re/_trace.py:47 close.complete
DEBUG 2026-06-29 11:45:23 re/_trace.py:47 close.started
DEBUG 2026-06-29 11:45:23 re/_trace.py:47 close.complete
DEBUG 2026-06-29 11:45:23 re/_trace.py:47 close.started
DEBUG 2026-06-29 11:45:23 re/_trace.py:47 close.complete
DEBUG 2026-06-29 11:45:23 re/_trace.py:47 close.started
DEBUG 2026-06-29 11:45:23 re/_trace.py:47 close.complete
DEBUG 2026-06-29 11:47:47 re/_trace.py:47 close.started
DEBUG 2026-06-29 11:47:47 re/_trace.py:47 close.complete
DEBUG 2026-06-29 11:47:47 re/_trace.py:47 close.started
DEBUG 2026-06-29 11:47:47 re/_trace.py:47 close.complete
DEBUG 2026-06-29 11:47:47 re/_trace.py:47 close.started
DEBUG 2026-06-29 11:47:47 re/_trace.py:47 close.complete
DEBUG 2026-06-29 11:47:47 re/_trace.py:47 close.started
DEBUG 2026-06-29 11:47:47 re/_trace.py:47 close.complete
DEBUG 2026-06-29 11:47:47 re/_trace.py:47 close.started
DEBUG 2026-06-29 11:47:47 re/_trace.py:47 close.complete
DEBUG 2026-06-29 11:47:47 re/_trace.py:47 close.started
DEBUG 2026-06-29 11:47:47 re/_trace.py:47 close.complete
DEBUG 2026-06-29 11:47:47 re/_trace.py:47 close.started
DEBUG 2026-06-29 11:47:47 re/_trace.py:47 close.complete
DEBUG 2026-06-29 11:47:47 re/_trace.py:47 close.started
DEBUG 2026-06-29 11:47:47 re/_trace.py:47 close.complete
DEBUG 2026-06-29 11:47:47 re/_trace.py:47 close.started
DEBUG 2026-06-29 11:47:47 re/_trace.py:47 close.complete
DEBUG 2026-06-29 11:47:47 re/_trace.py:47 close.started
DEBUG 2026-06-29 11:47:47 re/_trace.py:47 close.complete
DEBUG 2026-06-29 11:50:13 re/_trace.py:47 close.started
DEBUG 2026-06-29 11:50:13 re/_trace.py:47 close.complete
DEBUG 2026-06-29 11:50:13 re/_trace.py:47 close.started
DEBUG 2026-06-29 11:50:13 re/_trace.py:47 close.complete
DEBUG 2026-06-29 11:50:13 re/_trace.py:47 close.started
DEBUG 2026-06-29 11:50:13 re/_trace.py:47 close.complete
DEBUG 2026-06-29 11:50:13 re/_trace.py:47 close.started
DEBUG 2026-06-29 11:50:13 re/_trace.py:47 close.complete
DEBUG 2026-06-29 11:50:13 re/_trace.py:47 close.started
DEBUG 2026-06-29 11:50:13 re/_trace.py:47 close.complete
DEBUG 2026-06-29 11:50:13 re/_trace.py:47 close.started
DEBUG 2026-06-29 11:50:13 re/_trace.py:47 close.complete
DEBUG 2026-06-29 11:50:13 re/_trace.py:47 close.started
DEBUG 2026-06-29 11:50:13 re/_trace.py:47 close.complete
DEBUG 2026-06-29 11:50:13 re/_trace.py:47 close.started
DEBUG 2026-06-29 11:50:13 re/_trace.py:47 close.complete
DEBUG 2026-06-29 11:50:14 re/_trace.py:47 close.started
DEBUG 2026-06-29 11:50:14 re/_trace.py:47 close.complete
DEBUG 2026-06-29 11:50:14 re/_trace.py:47 close.started
DEBUG 2026-06-29 11:50:14 re/_trace.py:47 close.complete
INFO 2026-06-29 11:52:33 ot_train.py:459 step:3K smpl:2M ep:3K epch:63.00 loss:0.014 grdn:0.091 lr:1.1e-04 updt_s:2.330 data_s:0.274
WARNING 2026-06-29 11:52:33 db_utils.py:181 WandB logging of key "loss_per_dim" was ignored as its type "<class 'list'>" is not handled by this wrapper.
DEBUG 2026-06-29 11:52:38 re/_trace.py:47 close.started
DEBUG 2026-06-29 11:52:38 re/_trace.py:47 close.complete
DEBUG 2026-06-29 11:52:38 re/_trace.py:47 close.started
DEBUG 2026-06-29 11:52:38 re/_trace.py:47 close.complete
DEBUG 2026-06-29 11:52:38 re/_trace.py:47 close.started
DEBUG 2026-06-29 11:52:38 re/_trace.py:47 close.complete
DEBUG 2026-06-29 11:52:38 re/_trace.py:47 close.started
DEBUG 2026-06-29 11:52:38 re/_trace.py:47 close.complete
DEBUG 2026-06-29 11:52:38 re/_trace.py:47 close.started
DEBUG 2026-06-29 11:52:38 re/_trace.py:47 close.complete
DEBUG 2026-06-29 11:52:38 re/_trace.py:47 close.started
DEBUG 2026-06-29 11:52:38 re/_trace.py:47 close.complete
DEBUG 2026-06-29 11:52:39 re/_trace.py:47 close.started
DEBUG 2026-06-29 11:52:39 re/_trace.py:47 close.complete
DEBUG 2026-06-29 11:52:39 re/_trace.py:47 close.started
DEBUG 2026-06-29 11:52:39 re/_trace.py:47 close.complete
DEBUG 2026-06-29 11:52:39 re/_trace.py:47 close.started
DEBUG 2026-06-29 11:52:39 re/_trace.py:47 close.complete
DEBUG 2026-06-29 11:52:39 re/_trace.py:47 close.started
DEBUG 2026-06-29 11:52:39 re/_trace.py:47 close.complete
DEBUG 2026-06-29 11:55:03 re/_trace.py:47 close.started
DEBUG 2026-06-29 11:55:03 re/_trace.py:47 close.complete
DEBUG 2026-06-29 11:55:03 re/_trace.py:47 close.started
DEBUG 2026-06-29 11:55:03 re/_trace.py:47 close.complete
DEBUG 2026-06-29 11:55:03 re/_trace.py:47 close.started
DEBUG 2026-06-29 11:55:03 re/_trace.py:47 close.complete
DEBUG 2026-06-29 11:55:03 re/_trace.py:47 close.started
DEBUG 2026-06-29 11:55:03 re/_trace.py:47 close.complete
DEBUG 2026-06-29 11:55:03 re/_trace.py:47 close.started
DEBUG 2026-06-29 11:55:03 re/_trace.py:47 close.complete
DEBUG 2026-06-29 11:55:03 re/_trace.py:47 close.started
DEBUG 2026-06-29 11:55:03 re/_trace.py:47 close.complete
DEBUG 2026-06-29 11:55:03 re/_trace.py:47 close.started
DEBUG 2026-06-29 11:55:03 re/_trace.py:47 close.complete
DEBUG 2026-06-29 11:55:03 re/_trace.py:47 close.started
DEBUG 2026-06-29 11:55:03 re/_trace.py:47 close.complete
DEBUG 2026-06-29 11:55:03 re/_trace.py:47 close.started
DEBUG 2026-06-29 11:55:03 re/_trace.py:47 close.complete
DEBUG 2026-06-29 11:55:03 re/_trace.py:47 close.started
DEBUG 2026-06-29 11:55:03 re/_trace.py:47 close.complete
DEBUG 2026-06-29 11:57:30 re/_trace.py:47 close.started
DEBUG 2026-06-29 11:57:30 re/_trace.py:47 close.complete
DEBUG 2026-06-29 11:57:30 re/_trace.py:47 close.started
DEBUG 2026-06-29 11:57:30 re/_trace.py:47 close.complete
DEBUG 2026-06-29 11:57:30 re/_trace.py:47 close.started
DEBUG 2026-06-29 11:57:30 re/_trace.py:47 close.complete
DEBUG 2026-06-29 11:57:30 re/_trace.py:47 close.started
DEBUG 2026-06-29 11:57:30 re/_trace.py:47 close.complete
DEBUG 2026-06-29 11:57:30 re/_trace.py:47 close.started
DEBUG 2026-06-29 11:57:30 re/_trace.py:47 close.complete
DEBUG 2026-06-29 11:57:30 re/_trace.py:47 close.started
DEBUG 2026-06-29 11:57:30 re/_trace.py:47 close.complete
DEBUG 2026-06-29 11:57:30 re/_trace.py:47 close.started
DEBUG 2026-06-29 11:57:30 re/_trace.py:47 close.complete
DEBUG 2026-06-29 11:57:30 re/_trace.py:47 close.started
DEBUG 2026-06-29 11:57:30 re/_trace.py:47 close.complete
DEBUG 2026-06-29 11:57:30 re/_trace.py:47 close.started
DEBUG 2026-06-29 11:57:30 re/_trace.py:47 close.complete
DEBUG 2026-06-29 11:57:30 re/_trace.py:47 close.started
DEBUG 2026-06-29 11:57:30 re/_trace.py:47 close.complete
DEBUG 2026-06-29 11:59:56 re/_trace.py:47 close.started
DEBUG 2026-06-29 11:59:56 re/_trace.py:47 close.complete
DEBUG 2026-06-29 11:59:56 re/_trace.py:47 close.started
DEBUG 2026-06-29 11:59:56 re/_trace.py:47 close.complete
DEBUG 2026-06-29 11:59:56 re/_trace.py:47 close.started
DEBUG 2026-06-29 11:59:56 re/_trace.py:47 close.complete
DEBUG 2026-06-29 11:59:56 re/_trace.py:47 close.started
DEBUG 2026-06-29 11:59:56 re/_trace.py:47 close.complete
DEBUG 2026-06-29 11:59:56 re/_trace.py:47 close.started
DEBUG 2026-06-29 11:59:56 re/_trace.py:47 close.complete
DEBUG 2026-06-29 11:59:56 re/_trace.py:47 close.started
DEBUG 2026-06-29 11:59:56 re/_trace.py:47 close.complete
DEBUG 2026-06-29 11:59:56 re/_trace.py:47 close.started
DEBUG 2026-06-29 11:59:56 re/_trace.py:47 close.complete
DEBUG 2026-06-29 11:59:56 re/_trace.py:47 close.started
DEBUG 2026-06-29 11:59:56 re/_trace.py:47 close.complete
DEBUG 2026-06-29 11:59:56 re/_trace.py:47 close.started
DEBUG 2026-06-29 11:59:56 re/_trace.py:47 close.complete
DEBUG 2026-06-29 11:59:56 re/_trace.py:47 close.started
DEBUG 2026-06-29 11:59:56 re/_trace.py:47 close.complete
INFO 2026-06-29 12:01:41 ot_train.py:459 step:4K smpl:2M ep:3K epch:66.70 loss:0.013 grdn:0.091 lr:1.1e-04 updt_s:2.361 data_s:0.375
WARNING 2026-06-29 12:01:41 db_utils.py:181 WandB logging of key "loss_per_dim" was ignored as its type "<class 'list'>" is not handled by this wrapper.
DEBUG 2026-06-29 12:02:23 re/_trace.py:47 close.started
DEBUG 2026-06-29 12:02:23 re/_trace.py:47 close.complete
DEBUG 2026-06-29 12:02:23 re/_trace.py:47 close.started
DEBUG 2026-06-29 12:02:23 re/_trace.py:47 close.complete
DEBUG 2026-06-29 12:02:23 re/_trace.py:47 close.started
DEBUG 2026-06-29 12:02:23 re/_trace.py:47 close.complete
DEBUG 2026-06-29 12:02:23 re/_trace.py:47 close.started
DEBUG 2026-06-29 12:02:23 re/_trace.py:47 close.complete
DEBUG 2026-06-29 12:02:23 re/_trace.py:47 close.started
DEBUG 2026-06-29 12:02:23 re/_trace.py:47 close.complete
DEBUG 2026-06-29 12:02:23 re/_trace.py:47 close.started
DEBUG 2026-06-29 12:02:23 re/_trace.py:47 close.complete
DEBUG 2026-06-29 12:02:23 re/_trace.py:47 close.started
DEBUG 2026-06-29 12:02:23 re/_trace.py:47 close.complete
DEBUG 2026-06-29 12:02:23 re/_trace.py:47 close.started
DEBUG 2026-06-29 12:02:23 re/_trace.py:47 close.complete
DEBUG 2026-06-29 12:02:23 re/_trace.py:47 close.started
DEBUG 2026-06-29 12:02:23 re/_trace.py:47 close.complete
DEBUG 2026-06-29 12:02:23 re/_trace.py:47 close.started
DEBUG 2026-06-29 12:02:23 re/_trace.py:47 close.complete
DEBUG 2026-06-29 12:04:48 re/_trace.py:47 close.started
DEBUG 2026-06-29 12:04:48 re/_trace.py:47 close.complete
DEBUG 2026-06-29 12:04:48 re/_trace.py:47 close.started
DEBUG 2026-06-29 12:04:48 re/_trace.py:47 close.complete
DEBUG 2026-06-29 12:04:48 re/_trace.py:47 close.started
DEBUG 2026-06-29 12:04:48 re/_trace.py:47 close.complete
DEBUG 2026-06-29 12:04:48 re/_trace.py:47 close.started
DEBUG 2026-06-29 12:04:48 re/_trace.py:47 close.complete
DEBUG 2026-06-29 12:04:48 re/_trace.py:47 close.started
DEBUG 2026-06-29 12:04:48 re/_trace.py:47 close.complete
DEBUG 2026-06-29 12:04:48 re/_trace.py:47 close.started
DEBUG 2026-06-29 12:04:48 re/_trace.py:47 close.complete
DEBUG 2026-06-29 12:04:48 re/_trace.py:47 close.started
DEBUG 2026-06-29 12:04:48 re/_trace.py:47 close.complete
DEBUG 2026-06-29 12:04:48 re/_trace.py:47 close.started
DEBUG 2026-06-29 12:04:48 re/_trace.py:47 close.complete
DEBUG 2026-06-29 12:04:48 re/_trace.py:47 close.started
DEBUG 2026-06-29 12:04:48 re/_trace.py:47 close.complete
DEBUG 2026-06-29 12:04:48 re/_trace.py:47 close.started
DEBUG 2026-06-29 12:04:48 re/_trace.py:47 close.complete
DEBUG 2026-06-29 12:07:14 re/_trace.py:47 close.started
DEBUG 2026-06-29 12:07:14 re/_trace.py:47 close.complete
DEBUG 2026-06-29 12:07:14 re/_trace.py:47 close.started
DEBUG 2026-06-29 12:07:14 re/_trace.py:47 close.complete
DEBUG 2026-06-29 12:07:14 re/_trace.py:47 close.started
DEBUG 2026-06-29 12:07:14 re/_trace.py:47 close.complete
DEBUG 2026-06-29 12:07:14 re/_trace.py:47 close.started
DEBUG 2026-06-29 12:07:14 re/_trace.py:47 close.complete
DEBUG 2026-06-29 12:07:14 re/_trace.py:47 close.started
DEBUG 2026-06-29 12:07:14 re/_trace.py:47 close.complete
DEBUG 2026-06-29 12:07:14 re/_trace.py:47 close.started
DEBUG 2026-06-29 12:07:14 re/_trace.py:47 close.complete
DEBUG 2026-06-29 12:07:14 re/_trace.py:47 close.started
DEBUG 2026-06-29 12:07:14 re/_trace.py:47 close.complete
DEBUG 2026-06-29 12:07:14 re/_trace.py:47 close.started
DEBUG 2026-06-29 12:07:14 re/_trace.py:47 close.complete
DEBUG 2026-06-29 12:07:14 re/_trace.py:47 close.started
DEBUG 2026-06-29 12:07:14 re/_trace.py:47 close.complete
DEBUG 2026-06-29 12:07:14 re/_trace.py:47 close.started
DEBUG 2026-06-29 12:07:14 re/_trace.py:47 close.complete
DEBUG 2026-06-29 12:09:40 re/_trace.py:47 close.started
DEBUG 2026-06-29 12:09:40 re/_trace.py:47 close.complete
DEBUG 2026-06-29 12:09:40 re/_trace.py:47 close.started
DEBUG 2026-06-29 12:09:40 re/_trace.py:47 close.complete
DEBUG 2026-06-29 12:09:40 re/_trace.py:47 close.started
DEBUG 2026-06-29 12:09:40 re/_trace.py:47 close.complete
DEBUG 2026-06-29 12:09:40 re/_trace.py:47 close.started
DEBUG 2026-06-29 12:09:40 re/_trace.py:47 close.complete
DEBUG 2026-06-29 12:09:40 re/_trace.py:47 close.started
DEBUG 2026-06-29 12:09:40 re/_trace.py:47 close.complete
DEBUG 2026-06-29 12:09:40 re/_trace.py:47 close.started
DEBUG 2026-06-29 12:09:40 re/_trace.py:47 close.complete
DEBUG 2026-06-29 12:09:40 re/_trace.py:47 close.started
DEBUG 2026-06-29 12:09:40 re/_trace.py:47 close.complete
DEBUG 2026-06-29 12:09:40 re/_trace.py:47 close.started
DEBUG 2026-06-29 12:09:40 re/_trace.py:47 close.complete
DEBUG 2026-06-29 12:09:41 re/_trace.py:47 close.started
DEBUG 2026-06-29 12:09:41 re/_trace.py:47 close.complete
DEBUG 2026-06-29 12:09:41 re/_trace.py:47 close.started
DEBUG 2026-06-29 12:09:41 re/_trace.py:47 close.complete
INFO 2026-06-29 12:10:46 ot_train.py:459 step:4K smpl:2M ep:4K epch:70.41 loss:0.013 grdn:0.091 lr:1.1e-04 updt_s:2.361 data_s:0.365
WARNING 2026-06-29 12:10:46 db_utils.py:181 WandB logging of key "loss_per_dim" was ignored as its type "<class 'list'>" is not handled by this wrapper.
DEBUG 2026-06-29 12:12:05 re/_trace.py:47 close.started
DEBUG 2026-06-29 12:12:05 re/_trace.py:47 close.complete
DEBUG 2026-06-29 12:12:05 re/_trace.py:47 close.started
DEBUG 2026-06-29 12:12:05 re/_trace.py:47 close.complete
DEBUG 2026-06-29 12:12:05 re/_trace.py:47 close.started
DEBUG 2026-06-29 12:12:05 re/_trace.py:47 close.complete
DEBUG 2026-06-29 12:12:05 re/_trace.py:47 close.started
DEBUG 2026-06-29 12:12:05 re/_trace.py:47 close.complete
DEBUG 2026-06-29 12:12:05 re/_trace.py:47 close.started
DEBUG 2026-06-29 12:12:05 re/_trace.py:47 close.complete
DEBUG 2026-06-29 12:12:05 re/_trace.py:47 close.started
DEBUG 2026-06-29 12:12:05 re/_trace.py:47 close.complete
DEBUG 2026-06-29 12:12:05 re/_trace.py:47 close.started
DEBUG 2026-06-29 12:12:05 re/_trace.py:47 close.complete
DEBUG 2026-06-29 12:12:05 re/_trace.py:47 close.started
DEBUG 2026-06-29 12:12:05 re/_trace.py:47 close.complete
DEBUG 2026-06-29 12:12:05 re/_trace.py:47 close.started
DEBUG 2026-06-29 12:12:05 re/_trace.py:47 close.complete
DEBUG 2026-06-29 12:12:05 re/_trace.py:47 close.started
DEBUG 2026-06-29 12:12:05 re/_trace.py:47 close.complete
DEBUG 2026-06-29 12:14:30 re/_trace.py:47 close.started
DEBUG 2026-06-29 12:14:30 re/_trace.py:47 close.complete
DEBUG 2026-06-29 12:14:30 re/_trace.py:47 close.started
DEBUG 2026-06-29 12:14:30 re/_trace.py:47 close.complete
DEBUG 2026-06-29 12:14:30 re/_trace.py:47 close.started
DEBUG 2026-06-29 12:14:30 re/_trace.py:47 close.complete
DEBUG 2026-06-29 12:14:30 re/_trace.py:47 close.started
DEBUG 2026-06-29 12:14:30 re/_trace.py:47 close.complete
DEBUG 2026-06-29 12:14:30 re/_trace.py:47 close.started
DEBUG 2026-06-29 12:14:30 re/_trace.py:47 close.complete
DEBUG 2026-06-29 12:14:30 re/_trace.py:47 close.started
DEBUG 2026-06-29 12:14:30 re/_trace.py:47 close.complete
DEBUG 2026-06-29 12:14:30 re/_trace.py:47 close.started
DEBUG 2026-06-29 12:14:30 re/_trace.py:47 close.complete
DEBUG 2026-06-29 12:14:30 re/_trace.py:47 close.started
DEBUG 2026-06-29 12:14:30 re/_trace.py:47 close.complete
DEBUG 2026-06-29 12:14:30 re/_trace.py:47 close.started
DEBUG 2026-06-29 12:14:30 re/_trace.py:47 close.complete
DEBUG 2026-06-29 12:14:30 re/_trace.py:47 close.started
DEBUG 2026-06-29 12:14:30 re/_trace.py:47 close.complete
DEBUG 2026-06-29 12:16:56 re/_trace.py:47 close.started
DEBUG 2026-06-29 12:16:56 re/_trace.py:47 close.complete
DEBUG 2026-06-29 12:16:56 re/_trace.py:47 close.started
DEBUG 2026-06-29 12:16:56 re/_trace.py:47 close.complete
DEBUG 2026-06-29 12:16:56 re/_trace.py:47 close.started
DEBUG 2026-06-29 12:16:56 re/_trace.py:47 close.complete
DEBUG 2026-06-29 12:16:56 re/_trace.py:47 close.started
DEBUG 2026-06-29 12:16:56 re/_trace.py:47 close.complete
DEBUG 2026-06-29 12:16:56 re/_trace.py:47 close.started
DEBUG 2026-06-29 12:16:56 re/_trace.py:47 close.complete
DEBUG 2026-06-29 12:16:56 re/_trace.py:47 close.started
DEBUG 2026-06-29 12:16:56 re/_trace.py:47 close.complete
DEBUG 2026-06-29 12:16:56 re/_trace.py:47 close.started
DEBUG 2026-06-29 12:16:56 re/_trace.py:47 close.complete
DEBUG 2026-06-29 12:16:56 re/_trace.py:47 close.started
DEBUG 2026-06-29 12:16:56 re/_trace.py:47 close.complete
DEBUG 2026-06-29 12:16:56 re/_trace.py:47 close.started
DEBUG 2026-06-29 12:16:56 re/_trace.py:47 close.complete
DEBUG 2026-06-29 12:16:56 re/_trace.py:47 close.started
DEBUG 2026-06-29 12:16:56 re/_trace.py:47 close.complete
DEBUG 2026-06-29 12:19:21 re/_trace.py:47 close.started
DEBUG 2026-06-29 12:19:21 re/_trace.py:47 close.complete
DEBUG 2026-06-29 12:19:21 re/_trace.py:47 close.started
DEBUG 2026-06-29 12:19:21 re/_trace.py:47 close.complete
DEBUG 2026-06-29 12:19:21 re/_trace.py:47 close.started
DEBUG 2026-06-29 12:19:21 re/_trace.py:47 close.complete
DEBUG 2026-06-29 12:19:22 re/_trace.py:47 close.started
DEBUG 2026-06-29 12:19:22 re/_trace.py:47 close.complete
DEBUG 2026-06-29 12:19:22 re/_trace.py:47 close.started
DEBUG 2026-06-29 12:19:22 re/_trace.py:47 close.complete
DEBUG 2026-06-29 12:19:22 re/_trace.py:47 close.started
DEBUG 2026-06-29 12:19:22 re/_trace.py:47 close.complete
DEBUG 2026-06-29 12:19:22 re/_trace.py:47 close.started
DEBUG 2026-06-29 12:19:22 re/_trace.py:47 close.complete
DEBUG 2026-06-29 12:19:22 re/_trace.py:47 close.started
DEBUG 2026-06-29 12:19:22 re/_trace.py:47 close.complete
DEBUG 2026-06-29 12:19:22 re/_trace.py:47 close.started
DEBUG 2026-06-29 12:19:22 re/_trace.py:47 close.complete
DEBUG 2026-06-29 12:19:22 re/_trace.py:47 close.started
DEBUG 2026-06-29 12:19:22 re/_trace.py:47 close.complete
INFO 2026-06-29 12:19:49 ot_train.py:459 step:4K smpl:2M ep:4K epch:74.11 loss:0.013 grdn:0.091 lr:1.1e-04 updt_s:2.347 data_s:0.361
WARNING 2026-06-29 12:19:49 db_utils.py:181 WandB logging of key "loss_per_dim" was ignored as its type "<class 'list'>" is not handled by this wrapper.
DEBUG 2026-06-29 12:21:47 re/_trace.py:47 close.started
DEBUG 2026-06-29 12:21:47 re/_trace.py:47 close.complete
DEBUG 2026-06-29 12:21:47 re/_trace.py:47 close.started
DEBUG 2026-06-29 12:21:47 re/_trace.py:47 close.complete
DEBUG 2026-06-29 12:21:47 re/_trace.py:47 close.started
DEBUG 2026-06-29 12:21:47 re/_trace.py:47 close.complete
DEBUG 2026-06-29 12:21:47 re/_trace.py:47 close.started
DEBUG 2026-06-29 12:21:47 re/_trace.py:47 close.complete
DEBUG 2026-06-29 12:21:47 re/_trace.py:47 close.started
DEBUG 2026-06-29 12:21:47 re/_trace.py:47 close.complete
DEBUG 2026-06-29 12:21:47 re/_trace.py:47 close.started
DEBUG 2026-06-29 12:21:47 re/_trace.py:47 close.complete
DEBUG 2026-06-29 12:21:48 re/_trace.py:47 close.started
DEBUG 2026-06-29 12:21:48 re/_trace.py:47 close.complete
DEBUG 2026-06-29 12:21:48 re/_trace.py:47 close.started
DEBUG 2026-06-29 12:21:48 re/_trace.py:47 close.complete
DEBUG 2026-06-29 12:21:48 re/_trace.py:47 close.started
DEBUG 2026-06-29 12:21:48 re/_trace.py:47 close.complete
DEBUG 2026-06-29 12:21:48 re/_trace.py:47 close.started
DEBUG 2026-06-29 12:21:48 re/_trace.py:47 close.complete
DEBUG 2026-06-29 12:24:13 re/_trace.py:47 close.started
DEBUG 2026-06-29 12:24:13 re/_trace.py:47 close.complete
DEBUG 2026-06-29 12:24:13 re/_trace.py:47 close.started
DEBUG 2026-06-29 12:24:13 re/_trace.py:47 close.complete
DEBUG 2026-06-29 12:24:13 re/_trace.py:47 close.started
DEBUG 2026-06-29 12:24:13 re/_trace.py:47 close.complete
DEBUG 2026-06-29 12:24:13 re/_trace.py:47 close.started
DEBUG 2026-06-29 12:24:13 re/_trace.py:47 close.complete
DEBUG 2026-06-29 12:24:13 re/_trace.py:47 close.started
DEBUG 2026-06-29 12:24:13 re/_trace.py:47 close.complete
DEBUG 2026-06-29 12:24:13 re/_trace.py:47 close.started
DEBUG 2026-06-29 12:24:13 re/_trace.py:47 close.complete
DEBUG 2026-06-29 12:24:13 re/_trace.py:47 close.started
DEBUG 2026-06-29 12:24:13 re/_trace.py:47 close.complete
DEBUG 2026-06-29 12:24:13 re/_trace.py:47 close.started
DEBUG 2026-06-29 12:24:13 re/_trace.py:47 close.complete
DEBUG 2026-06-29 12:24:13 re/_trace.py:47 close.started
DEBUG 2026-06-29 12:24:13 re/_trace.py:47 close.complete
DEBUG 2026-06-29 12:24:13 re/_trace.py:47 close.started
DEBUG 2026-06-29 12:24:13 re/_trace.py:47 close.complete
DEBUG 2026-06-29 12:26:38 re/_trace.py:47 close.started
DEBUG 2026-06-29 12:26:38 re/_trace.py:47 close.complete
DEBUG 2026-06-29 12:26:38 re/_trace.py:47 close.started
DEBUG 2026-06-29 12:26:38 re/_trace.py:47 close.complete
DEBUG 2026-06-29 12:26:38 re/_trace.py:47 close.started
DEBUG 2026-06-29 12:26:38 re/_trace.py:47 close.complete
DEBUG 2026-06-29 12:26:38 re/_trace.py:47 close.started
DEBUG 2026-06-29 12:26:38 re/_trace.py:47 close.complete
DEBUG 2026-06-29 12:26:38 re/_trace.py:47 close.started
DEBUG 2026-06-29 12:26:38 re/_trace.py:47 close.complete
DEBUG 2026-06-29 12:26:38 re/_trace.py:47 close.started
DEBUG 2026-06-29 12:26:38 re/_trace.py:47 close.complete
DEBUG 2026-06-29 12:26:38 re/_trace.py:47 close.started
DEBUG 2026-06-29 12:26:38 re/_trace.py:47 close.complete
DEBUG 2026-06-29 12:26:38 re/_trace.py:47 close.started
DEBUG 2026-06-29 12:26:38 re/_trace.py:47 close.complete
DEBUG 2026-06-29 12:26:38 re/_trace.py:47 close.started
DEBUG 2026-06-29 12:26:38 re/_trace.py:47 close.complete
DEBUG 2026-06-29 12:26:38 re/_trace.py:47 close.started
DEBUG 2026-06-29 12:26:38 re/_trace.py:47 close.complete
INFO 2026-06-29 12:28:35 ot_train.py:459 step:4K smpl:3M ep:4K epch:77.82 loss:0.012 grdn:0.089 lr:1.1e-04 updt_s:2.345 data_s:0.282
WARNING 2026-06-29 12:28:35 db_utils.py:181 WandB logging of key "loss_per_dim" was ignored as its type "<class 'list'>" is not handled by this wrapper.
DEBUG 2026-06-29 12:29:03 re/_trace.py:47 close.started
DEBUG 2026-06-29 12:29:03 re/_trace.py:47 close.complete
DEBUG 2026-06-29 12:29:03 re/_trace.py:47 close.started
DEBUG 2026-06-29 12:29:03 re/_trace.py:47 close.complete
DEBUG 2026-06-29 12:29:03 re/_trace.py:47 close.started
DEBUG 2026-06-29 12:29:03 re/_trace.py:47 close.complete
DEBUG 2026-06-29 12:29:03 re/_trace.py:47 close.started
DEBUG 2026-06-29 12:29:03 re/_trace.py:47 close.complete
DEBUG 2026-06-29 12:29:03 re/_trace.py:47 close.started
DEBUG 2026-06-29 12:29:03 re/_trace.py:47 close.complete
DEBUG 2026-06-29 12:29:03 re/_trace.py:47 close.started
DEBUG 2026-06-29 12:29:03 re/_trace.py:47 close.complete
DEBUG 2026-06-29 12:29:03 re/_trace.py:47 close.started
DEBUG 2026-06-29 12:29:03 re/_trace.py:47 close.complete
DEBUG 2026-06-29 12:29:03 re/_trace.py:47 close.started
DEBUG 2026-06-29 12:29:03 re/_trace.py:47 close.complete
DEBUG 2026-06-29 12:29:04 re/_trace.py:47 close.started
DEBUG 2026-06-29 12:29:04 re/_trace.py:47 close.complete
DEBUG 2026-06-29 12:29:04 re/_trace.py:47 close.started
DEBUG 2026-06-29 12:29:04 re/_trace.py:47 close.complete
DEBUG 2026-06-29 12:31:32 re/_trace.py:47 close.started
DEBUG 2026-06-29 12:31:32 re/_trace.py:47 close.complete
DEBUG 2026-06-29 12:31:32 re/_trace.py:47 close.started
DEBUG 2026-06-29 12:31:32 re/_trace.py:47 close.complete
DEBUG 2026-06-29 12:31:32 re/_trace.py:47 close.started
DEBUG 2026-06-29 12:31:32 re/_trace.py:47 close.complete
DEBUG 2026-06-29 12:31:32 re/_trace.py:47 close.started
DEBUG 2026-06-29 12:31:32 re/_trace.py:47 close.complete
DEBUG 2026-06-29 12:31:32 re/_trace.py:47 close.started
DEBUG 2026-06-29 12:31:32 re/_trace.py:47 close.complete
DEBUG 2026-06-29 12:31:32 re/_trace.py:47 close.started
DEBUG 2026-06-29 12:31:32 re/_trace.py:47 close.complete
DEBUG 2026-06-29 12:31:32 re/_trace.py:47 close.started
DEBUG 2026-06-29 12:31:32 re/_trace.py:47 close.complete
DEBUG 2026-06-29 12:31:32 re/_trace.py:47 close.started
DEBUG 2026-06-29 12:31:32 re/_trace.py:47 close.complete
DEBUG 2026-06-29 12:31:32 re/_trace.py:47 close.started
DEBUG 2026-06-29 12:31:32 re/_trace.py:47 close.complete
DEBUG 2026-06-29 12:31:32 re/_trace.py:47 close.started
DEBUG 2026-06-29 12:31:32 re/_trace.py:47 close.complete
DEBUG 2026-06-29 12:33:56 re/_trace.py:47 close.started
DEBUG 2026-06-29 12:33:56 re/_trace.py:47 close.complete
DEBUG 2026-06-29 12:33:56 re/_trace.py:47 close.started
DEBUG 2026-06-29 12:33:56 re/_trace.py:47 close.complete
DEBUG 2026-06-29 12:33:56 re/_trace.py:47 close.started
DEBUG 2026-06-29 12:33:56 re/_trace.py:47 close.complete
DEBUG 2026-06-29 12:33:56 re/_trace.py:47 close.started
DEBUG 2026-06-29 12:33:56 re/_trace.py:47 close.complete
DEBUG 2026-06-29 12:33:56 re/_trace.py:47 close.started
DEBUG 2026-06-29 12:33:56 re/_trace.py:47 close.complete
DEBUG 2026-06-29 12:33:56 re/_trace.py:47 close.started
DEBUG 2026-06-29 12:33:56 re/_trace.py:47 close.complete
DEBUG 2026-06-29 12:33:56 re/_trace.py:47 close.started
DEBUG 2026-06-29 12:33:56 re/_trace.py:47 close.complete
DEBUG 2026-06-29 12:33:56 re/_trace.py:47 close.started
DEBUG 2026-06-29 12:33:56 re/_trace.py:47 close.complete
DEBUG 2026-06-29 12:33:56 re/_trace.py:47 close.started
DEBUG 2026-06-29 12:33:56 re/_trace.py:47 close.complete
DEBUG 2026-06-29 12:33:56 re/_trace.py:47 close.started
DEBUG 2026-06-29 12:33:56 re/_trace.py:47 close.complete
DEBUG 2026-06-29 12:36:22 re/_trace.py:47 close.started
DEBUG 2026-06-29 12:36:22 re/_trace.py:47 close.complete
DEBUG 2026-06-29 12:36:22 re/_trace.py:47 close.started
DEBUG 2026-06-29 12:36:22 re/_trace.py:47 close.complete
DEBUG 2026-06-29 12:36:22 re/_trace.py:47 close.started
DEBUG 2026-06-29 12:36:22 re/_trace.py:47 close.complete
DEBUG 2026-06-29 12:36:22 re/_trace.py:47 close.started
DEBUG 2026-06-29 12:36:22 re/_trace.py:47 close.complete
DEBUG 2026-06-29 12:36:22 re/_trace.py:47 close.started
DEBUG 2026-06-29 12:36:22 re/_trace.py:47 close.complete
DEBUG 2026-06-29 12:36:22 re/_trace.py:47 close.started
DEBUG 2026-06-29 12:36:22 re/_trace.py:47 close.complete
DEBUG 2026-06-29 12:36:22 re/_trace.py:47 close.started
DEBUG 2026-06-29 12:36:22 re/_trace.py:47 close.complete
DEBUG 2026-06-29 12:36:22 re/_trace.py:47 close.started
DEBUG 2026-06-29 12:36:22 re/_trace.py:47 close.complete
DEBUG 2026-06-29 12:36:22 re/_trace.py:47 close.started
DEBUG 2026-06-29 12:36:22 re/_trace.py:47 close.complete
DEBUG 2026-06-29 12:36:22 re/_trace.py:47 close.started
DEBUG 2026-06-29 12:36:22 re/_trace.py:47 close.complete
INFO 2026-06-29 12:37:43 ot_train.py:459 step:4K smpl:3M ep:4K epch:81.53 loss:0.012 grdn:0.091 lr:1.0e-04 updt_s:2.363 data_s:0.373
WARNING 2026-06-29 12:37:43 db_utils.py:181 WandB logging of key "loss_per_dim" was ignored as its type "<class 'list'>" is not handled by this wrapper.
DEBUG 2026-06-29 12:38:47 re/_trace.py:47 close.started
DEBUG 2026-06-29 12:38:47 re/_trace.py:47 close.complete
DEBUG 2026-06-29 12:38:47 re/_trace.py:47 close.started
DEBUG 2026-06-29 12:38:47 re/_trace.py:47 close.complete
DEBUG 2026-06-29 12:38:47 re/_trace.py:47 close.started
DEBUG 2026-06-29 12:38:47 re/_trace.py:47 close.complete
DEBUG 2026-06-29 12:38:47 re/_trace.py:47 close.started
DEBUG 2026-06-29 12:38:47 re/_trace.py:47 close.complete
DEBUG 2026-06-29 12:38:47 re/_trace.py:47 close.started
DEBUG 2026-06-29 12:38:47 re/_trace.py:47 close.complete
DEBUG 2026-06-29 12:38:47 re/_trace.py:47 close.started
DEBUG 2026-06-29 12:38:47 re/_trace.py:47 close.complete
DEBUG 2026-06-29 12:38:47 re/_trace.py:47 close.started
DEBUG 2026-06-29 12:38:47 re/_trace.py:47 close.complete
DEBUG 2026-06-29 12:38:47 re/_trace.py:47 close.started
DEBUG 2026-06-29 12:38:47 re/_trace.py:47 close.complete
DEBUG 2026-06-29 12:38:47 re/_trace.py:47 close.started
DEBUG 2026-06-29 12:38:47 re/_trace.py:47 close.complete
DEBUG 2026-06-29 12:38:47 re/_trace.py:47 close.started
DEBUG 2026-06-29 12:38:47 re/_trace.py:47 close.complete
DEBUG 2026-06-29 12:41:12 re/_trace.py:47 close.started
DEBUG 2026-06-29 12:41:12 re/_trace.py:47 close.complete
DEBUG 2026-06-29 12:41:12 re/_trace.py:47 close.started
DEBUG 2026-06-29 12:41:12 re/_trace.py:47 close.complete
DEBUG 2026-06-29 12:41:12 re/_trace.py:47 close.started
DEBUG 2026-06-29 12:41:12 re/_trace.py:47 close.complete
DEBUG 2026-06-29 12:41:12 re/_trace.py:47 close.started
DEBUG 2026-06-29 12:41:12 re/_trace.py:47 close.complete
DEBUG 2026-06-29 12:41:12 re/_trace.py:47 close.started
DEBUG 2026-06-29 12:41:12 re/_trace.py:47 close.complete
DEBUG 2026-06-29 12:41:12 re/_trace.py:47 close.started
DEBUG 2026-06-29 12:41:12 re/_trace.py:47 close.complete
DEBUG 2026-06-29 12:41:12 re/_trace.py:47 close.started
DEBUG 2026-06-29 12:41:12 re/_trace.py:47 close.complete
DEBUG 2026-06-29 12:41:12 re/_trace.py:47 close.started
DEBUG 2026-06-29 12:41:12 re/_trace.py:47 close.complete
DEBUG 2026-06-29 12:41:12 re/_trace.py:47 close.started
DEBUG 2026-06-29 12:41:12 re/_trace.py:47 close.complete
DEBUG 2026-06-29 12:41:12 re/_trace.py:47 close.started
DEBUG 2026-06-29 12:41:12 re/_trace.py:47 close.complete
DEBUG 2026-06-29 12:43:38 re/_trace.py:47 close.started
DEBUG 2026-06-29 12:43:38 re/_trace.py:47 close.complete
DEBUG 2026-06-29 12:43:38 re/_trace.py:47 close.started
DEBUG 2026-06-29 12:43:38 re/_trace.py:47 close.complete
DEBUG 2026-06-29 12:43:38 re/_trace.py:47 close.started
DEBUG 2026-06-29 12:43:38 re/_trace.py:47 close.complete
DEBUG 2026-06-29 12:43:38 re/_trace.py:47 close.started
DEBUG 2026-06-29 12:43:38 re/_trace.py:47 close.complete
DEBUG 2026-06-29 12:43:38 re/_trace.py:47 close.started
DEBUG 2026-06-29 12:43:38 re/_trace.py:47 close.complete
DEBUG 2026-06-29 12:43:38 re/_trace.py:47 close.started
DEBUG 2026-06-29 12:43:38 re/_trace.py:47 close.complete
DEBUG 2026-06-29 12:43:38 re/_trace.py:47 close.started
DEBUG 2026-06-29 12:43:38 re/_trace.py:47 close.complete
DEBUG 2026-06-29 12:43:38 re/_trace.py:47 close.started
DEBUG 2026-06-29 12:43:38 re/_trace.py:47 close.complete
DEBUG 2026-06-29 12:43:38 re/_trace.py:47 close.started
DEBUG 2026-06-29 12:43:38 re/_trace.py:47 close.complete
DEBUG 2026-06-29 12:43:38 re/_trace.py:47 close.started
DEBUG 2026-06-29 12:43:38 re/_trace.py:47 close.complete
DEBUG 2026-06-29 12:46:02 re/_trace.py:47 close.started
DEBUG 2026-06-29 12:46:02 re/_trace.py:47 close.complete
DEBUG 2026-06-29 12:46:02 re/_trace.py:47 close.started
DEBUG 2026-06-29 12:46:02 re/_trace.py:47 close.complete
DEBUG 2026-06-29 12:46:02 re/_trace.py:47 close.started
DEBUG 2026-06-29 12:46:02 re/_trace.py:47 close.complete
DEBUG 2026-06-29 12:46:02 re/_trace.py:47 close.started
DEBUG 2026-06-29 12:46:02 re/_trace.py:47 close.complete
DEBUG 2026-06-29 12:46:02 re/_trace.py:47 close.started
DEBUG 2026-06-29 12:46:02 re/_trace.py:47 close.complete
DEBUG 2026-06-29 12:46:02 re/_trace.py:47 close.started
DEBUG 2026-06-29 12:46:02 re/_trace.py:47 close.complete
DEBUG 2026-06-29 12:46:02 re/_trace.py:47 close.started
DEBUG 2026-06-29 12:46:02 re/_trace.py:47 close.complete
DEBUG 2026-06-29 12:46:02 re/_trace.py:47 close.started
DEBUG 2026-06-29 12:46:02 re/_trace.py:47 close.complete
DEBUG 2026-06-29 12:46:02 re/_trace.py:47 close.started
DEBUG 2026-06-29 12:46:02 re/_trace.py:47 close.complete
DEBUG 2026-06-29 12:46:02 re/_trace.py:47 close.started
DEBUG 2026-06-29 12:46:02 re/_trace.py:47 close.complete
INFO 2026-06-29 12:46:45 ot_train.py:459 step:5K smpl:3M ep:4K epch:85.23 loss:0.011 grdn:0.089 lr:1.0e-04 updt_s:2.339 data_s:0.369
WARNING 2026-06-29 12:46:45 db_utils.py:181 WandB logging of key "loss_per_dim" was ignored as its type "<class 'list'>" is not handled by this wrapper.
DEBUG 2026-06-29 12:48:26 re/_trace.py:47 close.started
DEBUG 2026-06-29 12:48:26 re/_trace.py:47 close.complete
DEBUG 2026-06-29 12:48:26 re/_trace.py:47 close.started
DEBUG 2026-06-29 12:48:26 re/_trace.py:47 close.complete
DEBUG 2026-06-29 12:48:26 re/_trace.py:47 close.started
DEBUG 2026-06-29 12:48:26 re/_trace.py:47 close.complete
DEBUG 2026-06-29 12:48:26 re/_trace.py:47 close.started
DEBUG 2026-06-29 12:48:26 re/_trace.py:47 close.complete
DEBUG 2026-06-29 12:48:26 re/_trace.py:47 close.started
DEBUG 2026-06-29 12:48:26 re/_trace.py:47 close.complete
DEBUG 2026-06-29 12:48:26 re/_trace.py:47 close.started
DEBUG 2026-06-29 12:48:26 re/_trace.py:47 close.complete
DEBUG 2026-06-29 12:48:26 re/_trace.py:47 close.started
DEBUG 2026-06-29 12:48:26 re/_trace.py:47 close.complete
DEBUG 2026-06-29 12:48:26 re/_trace.py:47 close.started
DEBUG 2026-06-29 12:48:26 re/_trace.py:47 close.complete
DEBUG 2026-06-29 12:48:26 re/_trace.py:47 close.started
DEBUG 2026-06-29 12:48:26 re/_trace.py:47 close.complete
DEBUG 2026-06-29 12:48:26 re/_trace.py:47 close.started
DEBUG 2026-06-29 12:48:26 re/_trace.py:47 close.complete
DEBUG 2026-06-29 12:50:51 re/_trace.py:47 close.started
DEBUG 2026-06-29 12:50:51 re/_trace.py:47 close.complete
DEBUG 2026-06-29 12:50:51 re/_trace.py:47 close.started
DEBUG 2026-06-29 12:50:51 re/_trace.py:47 close.complete
DEBUG 2026-06-29 12:50:51 re/_trace.py:47 close.started
DEBUG 2026-06-29 12:50:51 re/_trace.py:47 close.complete
DEBUG 2026-06-29 12:50:51 re/_trace.py:47 close.started
DEBUG 2026-06-29 12:50:51 re/_trace.py:47 close.complete
DEBUG 2026-06-29 12:50:51 re/_trace.py:47 close.started
DEBUG 2026-06-29 12:50:51 re/_trace.py:47 close.complete
DEBUG 2026-06-29 12:50:51 re/_trace.py:47 close.started
DEBUG 2026-06-29 12:50:51 re/_trace.py:47 close.complete
DEBUG 2026-06-29 12:50:51 re/_trace.py:47 close.started
DEBUG 2026-06-29 12:50:51 re/_trace.py:47 close.complete
DEBUG 2026-06-29 12:50:51 re/_trace.py:47 close.started
DEBUG 2026-06-29 12:50:51 re/_trace.py:47 close.complete
DEBUG 2026-06-29 12:50:51 re/_trace.py:47 close.started
DEBUG 2026-06-29 12:50:51 re/_trace.py:47 close.complete
DEBUG 2026-06-29 12:50:51 re/_trace.py:47 close.started
DEBUG 2026-06-29 12:50:51 re/_trace.py:47 close.complete
DEBUG 2026-06-29 12:53:15 re/_trace.py:47 close.started
DEBUG 2026-06-29 12:53:15 re/_trace.py:47 close.complete
DEBUG 2026-06-29 12:53:15 re/_trace.py:47 close.started
DEBUG 2026-06-29 12:53:15 re/_trace.py:47 close.complete
DEBUG 2026-06-29 12:53:15 re/_trace.py:47 close.started
DEBUG 2026-06-29 12:53:15 re/_trace.py:47 close.complete
DEBUG 2026-06-29 12:53:15 re/_trace.py:47 close.started
DEBUG 2026-06-29 12:53:15 re/_trace.py:47 close.complete
DEBUG 2026-06-29 12:53:15 re/_trace.py:47 close.started
DEBUG 2026-06-29 12:53:15 re/_trace.py:47 close.complete
DEBUG 2026-06-29 12:53:15 re/_trace.py:47 close.started
DEBUG 2026-06-29 12:53:15 re/_trace.py:47 close.complete
DEBUG 2026-06-29 12:53:15 re/_trace.py:47 close.started
DEBUG 2026-06-29 12:53:15 re/_trace.py:47 close.complete
DEBUG 2026-06-29 12:53:15 re/_trace.py:47 close.started
DEBUG 2026-06-29 12:53:15 re/_trace.py:47 close.complete
DEBUG 2026-06-29 12:53:15 re/_trace.py:47 close.started
DEBUG 2026-06-29 12:53:15 re/_trace.py:47 close.complete
DEBUG 2026-06-29 12:53:15 re/_trace.py:47 close.started
DEBUG 2026-06-29 12:53:15 re/_trace.py:47 close.complete
INFO 2026-06-29 12:55:26 ot_train.py:459 step:5K smpl:3M ep:4K epch:88.94 loss:0.010 grdn:0.086 lr:1.0e-04 updt_s:2.318 data_s:0.281
WARNING 2026-06-29 12:55:26 db_utils.py:181 WandB logging of key "loss_per_dim" was ignored as its type "<class 'list'>" is not handled by this wrapper.
DEBUG 2026-06-29 12:55:41 re/_trace.py:47 close.started
DEBUG 2026-06-29 12:55:41 re/_trace.py:47 close.complete
DEBUG 2026-06-29 12:55:41 re/_trace.py:47 close.started
DEBUG 2026-06-29 12:55:41 re/_trace.py:47 close.complete
DEBUG 2026-06-29 12:55:41 re/_trace.py:47 close.started
DEBUG 2026-06-29 12:55:41 re/_trace.py:47 close.complete
DEBUG 2026-06-29 12:55:41 re/_trace.py:47 close.started
DEBUG 2026-06-29 12:55:41 re/_trace.py:47 close.complete
DEBUG 2026-06-29 12:55:41 re/_trace.py:47 close.started
DEBUG 2026-06-29 12:55:41 re/_trace.py:47 close.complete
DEBUG 2026-06-29 12:55:41 re/_trace.py:47 close.started
DEBUG 2026-06-29 12:55:41 re/_trace.py:47 close.complete
DEBUG 2026-06-29 12:55:41 re/_trace.py:47 close.started
DEBUG 2026-06-29 12:55:41 re/_trace.py:47 close.complete
DEBUG 2026-06-29 12:55:41 re/_trace.py:47 close.started
DEBUG 2026-06-29 12:55:41 re/_trace.py:47 close.complete
DEBUG 2026-06-29 12:55:41 re/_trace.py:47 close.started
DEBUG 2026-06-29 12:55:41 re/_trace.py:47 close.complete
DEBUG 2026-06-29 12:55:41 re/_trace.py:47 close.started
DEBUG 2026-06-29 12:55:41 re/_trace.py:47 close.complete
DEBUG 2026-06-29 12:58:05 re/_trace.py:47 close.started
DEBUG 2026-06-29 12:58:05 re/_trace.py:47 close.complete
DEBUG 2026-06-29 12:58:05 re/_trace.py:47 close.started
DEBUG 2026-06-29 12:58:05 re/_trace.py:47 close.complete
DEBUG 2026-06-29 12:58:05 re/_trace.py:47 close.started
DEBUG 2026-06-29 12:58:05 re/_trace.py:47 close.complete
DEBUG 2026-06-29 12:58:05 re/_trace.py:47 close.started
DEBUG 2026-06-29 12:58:05 re/_trace.py:47 close.complete
DEBUG 2026-06-29 12:58:05 re/_trace.py:47 close.started
DEBUG 2026-06-29 12:58:05 re/_trace.py:47 close.complete
DEBUG 2026-06-29 12:58:05 re/_trace.py:47 close.started
DEBUG 2026-06-29 12:58:05 re/_trace.py:47 close.complete
DEBUG 2026-06-29 12:58:05 re/_trace.py:47 close.started
DEBUG 2026-06-29 12:58:05 re/_trace.py:47 close.complete
DEBUG 2026-06-29 12:58:05 re/_trace.py:47 close.started
DEBUG 2026-06-29 12:58:05 re/_trace.py:47 close.complete
DEBUG 2026-06-29 12:58:05 re/_trace.py:47 close.started
DEBUG 2026-06-29 12:58:05 re/_trace.py:47 close.complete
DEBUG 2026-06-29 12:58:05 re/_trace.py:47 close.started
DEBUG 2026-06-29 12:58:05 re/_trace.py:47 close.complete
DEBUG 2026-06-29 13:00:29 re/_trace.py:47 close.started
DEBUG 2026-06-29 13:00:29 re/_trace.py:47 close.complete
DEBUG 2026-06-29 13:00:29 re/_trace.py:47 close.started
DEBUG 2026-06-29 13:00:29 re/_trace.py:47 close.complete
DEBUG 2026-06-29 13:00:29 re/_trace.py:47 close.started
DEBUG 2026-06-29 13:00:29 re/_trace.py:47 close.complete
DEBUG 2026-06-29 13:00:29 re/_trace.py:47 close.started
DEBUG 2026-06-29 13:00:29 re/_trace.py:47 close.complete
DEBUG 2026-06-29 13:00:29 re/_trace.py:47 close.started
DEBUG 2026-06-29 13:00:29 re/_trace.py:47 close.complete
DEBUG 2026-06-29 13:00:29 re/_trace.py:47 close.started
DEBUG 2026-06-29 13:00:29 re/_trace.py:47 close.complete
DEBUG 2026-06-29 13:00:29 re/_trace.py:47 close.started
DEBUG 2026-06-29 13:00:29 re/_trace.py:47 close.complete
DEBUG 2026-06-29 13:00:29 re/_trace.py:47 close.started
DEBUG 2026-06-29 13:00:29 re/_trace.py:47 close.complete
DEBUG 2026-06-29 13:00:29 re/_trace.py:47 close.started
DEBUG 2026-06-29 13:00:29 re/_trace.py:47 close.complete
DEBUG 2026-06-29 13:00:29 re/_trace.py:47 close.started
DEBUG 2026-06-29 13:00:29 re/_trace.py:47 close.complete
DEBUG 2026-06-29 13:02:54 re/_trace.py:47 close.started
DEBUG 2026-06-29 13:02:54 re/_trace.py:47 close.complete
DEBUG 2026-06-29 13:02:54 re/_trace.py:47 close.started
DEBUG 2026-06-29 13:02:54 re/_trace.py:47 close.complete
DEBUG 2026-06-29 13:02:54 re/_trace.py:47 close.started
DEBUG 2026-06-29 13:02:54 re/_trace.py:47 close.complete
DEBUG 2026-06-29 13:02:54 re/_trace.py:47 close.started
DEBUG 2026-06-29 13:02:54 re/_trace.py:47 close.complete
DEBUG 2026-06-29 13:02:54 re/_trace.py:47 close.started
DEBUG 2026-06-29 13:02:54 re/_trace.py:47 close.complete
DEBUG 2026-06-29 13:02:54 re/_trace.py:47 close.started
DEBUG 2026-06-29 13:02:54 re/_trace.py:47 close.complete
DEBUG 2026-06-29 13:02:55 re/_trace.py:47 close.started
DEBUG 2026-06-29 13:02:55 re/_trace.py:47 close.complete
DEBUG 2026-06-29 13:02:55 re/_trace.py:47 close.started
DEBUG 2026-06-29 13:02:55 re/_trace.py:47 close.complete
DEBUG 2026-06-29 13:02:55 re/_trace.py:47 close.started
DEBUG 2026-06-29 13:02:55 re/_trace.py:47 close.complete
DEBUG 2026-06-29 13:02:55 re/_trace.py:47 close.started
DEBUG 2026-06-29 13:02:55 re/_trace.py:47 close.complete
INFO 2026-06-29 13:04:28 ot_train.py:459 step:5K smpl:3M ep:5K epch:92.64 loss:0.010 grdn:0.085 lr:1.0e-04 updt_s:2.343 data_s:0.368
WARNING 2026-06-29 13:04:28 db_utils.py:181 WandB logging of key "loss_per_dim" was ignored as its type "<class 'list'>" is not handled by this wrapper.
DEBUG 2026-06-29 13:05:19 re/_trace.py:47 close.started
DEBUG 2026-06-29 13:05:19 re/_trace.py:47 close.complete
DEBUG 2026-06-29 13:05:19 re/_trace.py:47 close.started
DEBUG 2026-06-29 13:05:19 re/_trace.py:47 close.complete
DEBUG 2026-06-29 13:05:19 re/_trace.py:47 close.started
DEBUG 2026-06-29 13:05:19 re/_trace.py:47 close.complete
DEBUG 2026-06-29 13:05:19 re/_trace.py:47 close.started
DEBUG 2026-06-29 13:05:19 re/_trace.py:47 close.complete
DEBUG 2026-06-29 13:05:19 re/_trace.py:47 close.started
DEBUG 2026-06-29 13:05:19 re/_trace.py:47 close.complete
DEBUG 2026-06-29 13:05:19 re/_trace.py:47 close.started
DEBUG 2026-06-29 13:05:19 re/_trace.py:47 close.complete
DEBUG 2026-06-29 13:05:19 re/_trace.py:47 close.started
DEBUG 2026-06-29 13:05:19 re/_trace.py:47 close.complete
DEBUG 2026-06-29 13:05:19 re/_trace.py:47 close.started
DEBUG 2026-06-29 13:05:19 re/_trace.py:47 close.complete
DEBUG 2026-06-29 13:05:19 re/_trace.py:47 close.started
DEBUG 2026-06-29 13:05:19 re/_trace.py:47 close.complete
DEBUG 2026-06-29 13:05:19 re/_trace.py:47 close.started
DEBUG 2026-06-29 13:05:19 re/_trace.py:47 close.complete
DEBUG 2026-06-29 13:07:43 re/_trace.py:47 close.started
DEBUG 2026-06-29 13:07:43 re/_trace.py:47 close.complete
DEBUG 2026-06-29 13:07:43 re/_trace.py:47 close.started
DEBUG 2026-06-29 13:07:43 re/_trace.py:47 close.complete
DEBUG 2026-06-29 13:07:43 re/_trace.py:47 close.started
DEBUG 2026-06-29 13:07:43 re/_trace.py:47 close.complete
DEBUG 2026-06-29 13:07:43 re/_trace.py:47 close.started
DEBUG 2026-06-29 13:07:43 re/_trace.py:47 close.complete
DEBUG 2026-06-29 13:07:43 re/_trace.py:47 close.started
DEBUG 2026-06-29 13:07:43 re/_trace.py:47 close.complete
DEBUG 2026-06-29 13:07:43 re/_trace.py:47 close.started
DEBUG 2026-06-29 13:07:43 re/_trace.py:47 close.complete
DEBUG 2026-06-29 13:07:43 re/_trace.py:47 close.started
DEBUG 2026-06-29 13:07:43 re/_trace.py:47 close.complete
DEBUG 2026-06-29 13:07:43 re/_trace.py:47 close.started
DEBUG 2026-06-29 13:07:43 re/_trace.py:47 close.complete
DEBUG 2026-06-29 13:07:43 re/_trace.py:47 close.started
DEBUG 2026-06-29 13:07:43 re/_trace.py:47 close.complete
DEBUG 2026-06-29 13:07:43 re/_trace.py:47 close.started
DEBUG 2026-06-29 13:07:43 re/_trace.py:47 close.complete
DEBUG 2026-06-29 13:10:06 re/_trace.py:47 close.started
DEBUG 2026-06-29 13:10:06 re/_trace.py:47 close.complete
DEBUG 2026-06-29 13:10:06 re/_trace.py:47 close.started
DEBUG 2026-06-29 13:10:06 re/_trace.py:47 close.complete
DEBUG 2026-06-29 13:10:06 re/_trace.py:47 close.started
DEBUG 2026-06-29 13:10:06 re/_trace.py:47 close.complete
DEBUG 2026-06-29 13:10:06 re/_trace.py:47 close.started
DEBUG 2026-06-29 13:10:06 re/_trace.py:47 close.complete
DEBUG 2026-06-29 13:10:06 re/_trace.py:47 close.started
DEBUG 2026-06-29 13:10:06 re/_trace.py:47 close.complete
DEBUG 2026-06-29 13:10:06 re/_trace.py:47 close.started
DEBUG 2026-06-29 13:10:06 re/_trace.py:47 close.complete
DEBUG 2026-06-29 13:10:06 re/_trace.py:47 close.started
DEBUG 2026-06-29 13:10:06 re/_trace.py:47 close.complete
DEBUG 2026-06-29 13:10:06 re/_trace.py:47 close.started
DEBUG 2026-06-29 13:10:06 re/_trace.py:47 close.complete
DEBUG 2026-06-29 13:10:06 re/_trace.py:47 close.started
DEBUG 2026-06-29 13:10:06 re/_trace.py:47 close.complete
DEBUG 2026-06-29 13:10:07 re/_trace.py:47 close.started
DEBUG 2026-06-29 13:10:07 re/_trace.py:47 close.complete
DEBUG 2026-06-29 13:12:32 re/_trace.py:47 close.started
DEBUG 2026-06-29 13:12:32 re/_trace.py:47 close.complete
DEBUG 2026-06-29 13:12:32 re/_trace.py:47 close.started
DEBUG 2026-06-29 13:12:32 re/_trace.py:47 close.complete
DEBUG 2026-06-29 13:12:32 re/_trace.py:47 close.started
DEBUG 2026-06-29 13:12:32 re/_trace.py:47 close.complete
DEBUG 2026-06-29 13:12:32 re/_trace.py:47 close.started
DEBUG 2026-06-29 13:12:32 re/_trace.py:47 close.complete
DEBUG 2026-06-29 13:12:32 re/_trace.py:47 close.started
DEBUG 2026-06-29 13:12:32 re/_trace.py:47 close.complete
DEBUG 2026-06-29 13:12:32 re/_trace.py:47 close.started
DEBUG 2026-06-29 13:12:32 re/_trace.py:47 close.complete
DEBUG 2026-06-29 13:12:32 re/_trace.py:47 close.started
DEBUG 2026-06-29 13:12:32 re/_trace.py:47 close.complete
DEBUG 2026-06-29 13:12:32 re/_trace.py:47 close.started
DEBUG 2026-06-29 13:12:32 re/_trace.py:47 close.complete
DEBUG 2026-06-29 13:12:32 re/_trace.py:47 close.started
DEBUG 2026-06-29 13:12:32 re/_trace.py:47 close.complete
DEBUG 2026-06-29 13:12:32 re/_trace.py:47 close.started
DEBUG 2026-06-29 13:12:32 re/_trace.py:47 close.complete
INFO 2026-06-29 13:13:30 ot_train.py:459 step:5K smpl:3M ep:5K epch:96.35 loss:0.010 grdn:0.084 lr:1.0e-04 updt_s:2.317 data_s:0.389
WARNING 2026-06-29 13:13:30 db_utils.py:181 WandB logging of key "loss_per_dim" was ignored as its type "<class 'list'>" is not handled by this wrapper.
DEBUG 2026-06-29 13:14:57 re/_trace.py:47 close.started
DEBUG 2026-06-29 13:14:57 re/_trace.py:47 close.complete
DEBUG 2026-06-29 13:14:57 re/_trace.py:47 close.started
DEBUG 2026-06-29 13:14:57 re/_trace.py:47 close.complete
DEBUG 2026-06-29 13:14:57 re/_trace.py:47 close.started
DEBUG 2026-06-29 13:14:57 re/_trace.py:47 close.complete
DEBUG 2026-06-29 13:14:57 re/_trace.py:47 close.started
DEBUG 2026-06-29 13:14:57 re/_trace.py:47 close.complete
DEBUG 2026-06-29 13:14:57 re/_trace.py:47 close.started
DEBUG 2026-06-29 13:14:57 re/_trace.py:47 close.complete
DEBUG 2026-06-29 13:14:57 re/_trace.py:47 close.started
DEBUG 2026-06-29 13:14:57 re/_trace.py:47 close.complete
DEBUG 2026-06-29 13:14:57 re/_trace.py:47 close.started
DEBUG 2026-06-29 13:14:57 re/_trace.py:47 close.complete
DEBUG 2026-06-29 13:14:57 re/_trace.py:47 close.started
DEBUG 2026-06-29 13:14:57 re/_trace.py:47 close.complete
DEBUG 2026-06-29 13:14:57 re/_trace.py:47 close.started
DEBUG 2026-06-29 13:14:57 re/_trace.py:47 close.complete
DEBUG 2026-06-29 13:14:58 re/_trace.py:47 close.started
DEBUG 2026-06-29 13:14:58 re/_trace.py:47 close.complete
DEBUG 2026-06-29 13:17:24 re/_trace.py:47 close.started
DEBUG 2026-06-29 13:17:24 re/_trace.py:47 close.complete
DEBUG 2026-06-29 13:17:24 re/_trace.py:47 close.started
DEBUG 2026-06-29 13:17:24 re/_trace.py:47 close.complete
DEBUG 2026-06-29 13:17:24 re/_trace.py:47 close.started
DEBUG 2026-06-29 13:17:24 re/_trace.py:47 close.complete
DEBUG 2026-06-29 13:17:24 re/_trace.py:47 close.started
DEBUG 2026-06-29 13:17:24 re/_trace.py:47 close.complete
DEBUG 2026-06-29 13:17:24 re/_trace.py:47 close.started
DEBUG 2026-06-29 13:17:24 re/_trace.py:47 close.complete
DEBUG 2026-06-29 13:17:24 re/_trace.py:47 close.started
DEBUG 2026-06-29 13:17:24 re/_trace.py:47 close.complete
DEBUG 2026-06-29 13:17:24 re/_trace.py:47 close.started
DEBUG 2026-06-29 13:17:24 re/_trace.py:47 close.complete
DEBUG 2026-06-29 13:17:24 re/_trace.py:47 close.started
DEBUG 2026-06-29 13:17:24 re/_trace.py:47 close.complete
DEBUG 2026-06-29 13:17:24 re/_trace.py:47 close.started
DEBUG 2026-06-29 13:17:24 re/_trace.py:47 close.complete
DEBUG 2026-06-29 13:17:24 re/_trace.py:47 close.started
DEBUG 2026-06-29 13:17:24 re/_trace.py:47 close.complete
DEBUG 2026-06-29 13:19:49 re/_trace.py:47 close.started
DEBUG 2026-06-29 13:19:49 re/_trace.py:47 close.complete
DEBUG 2026-06-29 13:19:49 re/_trace.py:47 close.started
DEBUG 2026-06-29 13:19:49 re/_trace.py:47 close.complete
DEBUG 2026-06-29 13:19:49 re/_trace.py:47 close.started
DEBUG 2026-06-29 13:19:49 re/_trace.py:47 close.complete
DEBUG 2026-06-29 13:19:49 re/_trace.py:47 close.started
DEBUG 2026-06-29 13:19:49 re/_trace.py:47 close.complete
DEBUG 2026-06-29 13:19:49 re/_trace.py:47 close.started
DEBUG 2026-06-29 13:19:49 re/_trace.py:47 close.complete
DEBUG 2026-06-29 13:19:50 re/_trace.py:47 close.started
DEBUG 2026-06-29 13:19:50 re/_trace.py:47 close.complete
DEBUG 2026-06-29 13:19:50 re/_trace.py:47 close.started
DEBUG 2026-06-29 13:19:50 re/_trace.py:47 close.complete
DEBUG 2026-06-29 13:19:50 re/_trace.py:47 close.started
DEBUG 2026-06-29 13:19:50 re/_trace.py:47 close.complete
DEBUG 2026-06-29 13:19:50 re/_trace.py:47 close.started
DEBUG 2026-06-29 13:19:50 re/_trace.py:47 close.complete
DEBUG 2026-06-29 13:19:50 re/_trace.py:47 close.started
DEBUG 2026-06-29 13:19:50 re/_trace.py:47 close.complete
INFO 2026-06-29 13:22:16 ot_train.py:459 step:5K smpl:3M ep:5K epch:100.06 loss:0.010 grdn:0.090 lr:1.0e-04 updt_s:2.313 data_s:0.311
WARNING 2026-06-29 13:22:16 db_utils.py:181 WandB logging of key "loss_per_dim" was ignored as its type "<class 'list'>" is not handled by this wrapper.
DEBUG 2026-06-29 13:22:16 re/_trace.py:47 close.started
DEBUG 2026-06-29 13:22:16 re/_trace.py:47 close.complete
DEBUG 2026-06-29 13:22:16 re/_trace.py:47 close.started
DEBUG 2026-06-29 13:22:16 re/_trace.py:47 close.complete
DEBUG 2026-06-29 13:22:16 re/_trace.py:47 close.started
DEBUG 2026-06-29 13:22:16 re/_trace.py:47 close.complete
DEBUG 2026-06-29 13:22:16 re/_trace.py:47 close.started
DEBUG 2026-06-29 13:22:16 re/_trace.py:47 close.complete
DEBUG 2026-06-29 13:22:16 re/_trace.py:47 close.started
DEBUG 2026-06-29 13:22:16 re/_trace.py:47 close.complete
DEBUG 2026-06-29 13:22:16 re/_trace.py:47 close.started
DEBUG 2026-06-29 13:22:16 re/_trace.py:47 close.complete
DEBUG 2026-06-29 13:22:16 re/_trace.py:47 close.started
DEBUG 2026-06-29 13:22:16 re/_trace.py:47 close.complete
DEBUG 2026-06-29 13:22:16 re/_trace.py:47 close.started
DEBUG 2026-06-29 13:22:16 re/_trace.py:47 close.complete
DEBUG 2026-06-29 13:22:16 re/_trace.py:47 close.started
DEBUG 2026-06-29 13:22:16 re/_trace.py:47 close.complete
DEBUG 2026-06-29 13:22:16 re/_trace.py:47 close.started
DEBUG 2026-06-29 13:22:16 re/_trace.py:47 close.complete
DEBUG 2026-06-29 13:24:40 re/_trace.py:47 close.started
DEBUG 2026-06-29 13:24:40 re/_trace.py:47 close.complete
DEBUG 2026-06-29 13:24:40 re/_trace.py:47 close.started
DEBUG 2026-06-29 13:24:40 re/_trace.py:47 close.complete
DEBUG 2026-06-29 13:24:40 re/_trace.py:47 close.started
DEBUG 2026-06-29 13:24:40 re/_trace.py:47 close.complete
DEBUG 2026-06-29 13:24:40 re/_trace.py:47 close.started
DEBUG 2026-06-29 13:24:40 re/_trace.py:47 close.complete
DEBUG 2026-06-29 13:24:40 re/_trace.py:47 close.started
DEBUG 2026-06-29 13:24:40 re/_trace.py:47 close.complete
DEBUG 2026-06-29 13:24:40 re/_trace.py:47 close.started
DEBUG 2026-06-29 13:24:40 re/_trace.py:47 close.complete
DEBUG 2026-06-29 13:24:40 re/_trace.py:47 close.started
DEBUG 2026-06-29 13:24:40 re/_trace.py:47 close.complete
DEBUG 2026-06-29 13:24:40 re/_trace.py:47 close.started
DEBUG 2026-06-29 13:24:40 re/_trace.py:47 close.complete
DEBUG 2026-06-29 13:24:40 re/_trace.py:47 close.started
DEBUG 2026-06-29 13:24:40 re/_trace.py:47 close.complete
DEBUG 2026-06-29 13:24:40 re/_trace.py:47 close.started
DEBUG 2026-06-29 13:24:40 re/_trace.py:47 close.complete
DEBUG 2026-06-29 13:27:05 re/_trace.py:47 close.started
DEBUG 2026-06-29 13:27:05 re/_trace.py:47 close.complete
DEBUG 2026-06-29 13:27:05 re/_trace.py:47 close.started
DEBUG 2026-06-29 13:27:05 re/_trace.py:47 close.complete
DEBUG 2026-06-29 13:27:05 re/_trace.py:47 close.started
DEBUG 2026-06-29 13:27:05 re/_trace.py:47 close.complete
DEBUG 2026-06-29 13:27:06 re/_trace.py:47 close.started
DEBUG 2026-06-29 13:27:06 re/_trace.py:47 close.complete
DEBUG 2026-06-29 13:27:06 re/_trace.py:47 close.started
DEBUG 2026-06-29 13:27:06 re/_trace.py:47 close.complete
DEBUG 2026-06-29 13:27:06 re/_trace.py:47 close.started
DEBUG 2026-06-29 13:27:06 re/_trace.py:47 close.complete
DEBUG 2026-06-29 13:27:06 re/_trace.py:47 close.started
DEBUG 2026-06-29 13:27:06 re/_trace.py:47 close.complete
DEBUG 2026-06-29 13:27:06 re/_trace.py:47 close.started
DEBUG 2026-06-29 13:27:06 re/_trace.py:47 close.complete
DEBUG 2026-06-29 13:27:06 re/_trace.py:47 close.started
DEBUG 2026-06-29 13:27:06 re/_trace.py:47 close.complete
DEBUG 2026-06-29 13:27:06 re/_trace.py:47 close.started
DEBUG 2026-06-29 13:27:06 re/_trace.py:47 close.complete
DEBUG 2026-06-29 13:29:30 re/_trace.py:47 close.started
DEBUG 2026-06-29 13:29:30 re/_trace.py:47 close.complete
DEBUG 2026-06-29 13:29:30 re/_trace.py:47 close.started
DEBUG 2026-06-29 13:29:30 re/_trace.py:47 close.complete
DEBUG 2026-06-29 13:29:30 re/_trace.py:47 close.started
DEBUG 2026-06-29 13:29:30 re/_trace.py:47 close.complete
DEBUG 2026-06-29 13:29:30 re/_trace.py:47 close.started
DEBUG 2026-06-29 13:29:30 re/_trace.py:47 close.complete
DEBUG 2026-06-29 13:29:30 re/_trace.py:47 close.started
DEBUG 2026-06-29 13:29:30 re/_trace.py:47 close.complete
DEBUG 2026-06-29 13:29:30 re/_trace.py:47 close.started
DEBUG 2026-06-29 13:29:30 re/_trace.py:47 close.complete
DEBUG 2026-06-29 13:29:30 re/_trace.py:47 close.started
DEBUG 2026-06-29 13:29:30 re/_trace.py:47 close.complete
DEBUG 2026-06-29 13:29:30 re/_trace.py:47 close.started
DEBUG 2026-06-29 13:29:30 re/_trace.py:47 close.complete
DEBUG 2026-06-29 13:29:30 re/_trace.py:47 close.started
DEBUG 2026-06-29 13:29:30 re/_trace.py:47 close.complete
DEBUG 2026-06-29 13:29:30 re/_trace.py:47 close.started
DEBUG 2026-06-29 13:29:30 re/_trace.py:47 close.complete
INFO 2026-06-29 13:31:18 ot_train.py:459 step:6K smpl:3M ep:5K epch:103.76 loss:0.010 grdn:0.085 lr:1.0e-04 updt_s:2.350 data_s:0.359
WARNING 2026-06-29 13:31:18 db_utils.py:181 WandB logging of key "loss_per_dim" was ignored as its type "<class 'list'>" is not handled by this wrapper.
DEBUG 2026-06-29 13:31:55 re/_trace.py:47 close.started
DEBUG 2026-06-29 13:31:55 re/_trace.py:47 close.complete
DEBUG 2026-06-29 13:31:55 re/_trace.py:47 close.started
DEBUG 2026-06-29 13:31:55 re/_trace.py:47 close.complete
DEBUG 2026-06-29 13:31:55 re/_trace.py:47 close.started
DEBUG 2026-06-29 13:31:55 re/_trace.py:47 close.complete
DEBUG 2026-06-29 13:31:55 re/_trace.py:47 close.started
DEBUG 2026-06-29 13:31:55 re/_trace.py:47 close.complete
DEBUG 2026-06-29 13:31:55 re/_trace.py:47 close.started
DEBUG 2026-06-29 13:31:55 re/_trace.py:47 close.complete
DEBUG 2026-06-29 13:31:55 re/_trace.py:47 close.started
DEBUG 2026-06-29 13:31:55 re/_trace.py:47 close.complete
DEBUG 2026-06-29 13:31:55 re/_trace.py:47 close.started
DEBUG 2026-06-29 13:31:55 re/_trace.py:47 close.complete
DEBUG 2026-06-29 13:31:55 re/_trace.py:47 close.started
DEBUG 2026-06-29 13:31:55 re/_trace.py:47 close.complete
DEBUG 2026-06-29 13:31:55 re/_trace.py:47 close.started
DEBUG 2026-06-29 13:31:55 re/_trace.py:47 close.complete
DEBUG 2026-06-29 13:31:55 re/_trace.py:47 close.started
DEBUG 2026-06-29 13:31:55 re/_trace.py:47 close.complete
DEBUG 2026-06-29 13:34:20 re/_trace.py:47 close.started
DEBUG 2026-06-29 13:34:20 re/_trace.py:47 close.complete
DEBUG 2026-06-29 13:34:20 re/_trace.py:47 close.started
DEBUG 2026-06-29 13:34:20 re/_trace.py:47 close.complete
DEBUG 2026-06-29 13:34:20 re/_trace.py:47 close.started
DEBUG 2026-06-29 13:34:20 re/_trace.py:47 close.complete
DEBUG 2026-06-29 13:34:20 re/_trace.py:47 close.started
DEBUG 2026-06-29 13:34:20 re/_trace.py:47 close.complete
DEBUG 2026-06-29 13:34:20 re/_trace.py:47 close.started
DEBUG 2026-06-29 13:34:20 re/_trace.py:47 close.complete
DEBUG 2026-06-29 13:34:20 re/_trace.py:47 close.started
DEBUG 2026-06-29 13:34:20 re/_trace.py:47 close.complete
DEBUG 2026-06-29 13:34:20 re/_trace.py:47 close.started
DEBUG 2026-06-29 13:34:20 re/_trace.py:47 close.complete
DEBUG 2026-06-29 13:34:20 re/_trace.py:47 close.started
DEBUG 2026-06-29 13:34:20 re/_trace.py:47 close.complete
DEBUG 2026-06-29 13:34:21 re/_trace.py:47 close.started
DEBUG 2026-06-29 13:34:21 re/_trace.py:47 close.complete
DEBUG 2026-06-29 13:34:21 re/_trace.py:47 close.started
DEBUG 2026-06-29 13:34:21 re/_trace.py:47 close.complete
DEBUG 2026-06-29 13:36:47 re/_trace.py:47 close.started
DEBUG 2026-06-29 13:36:47 re/_trace.py:47 close.complete
DEBUG 2026-06-29 13:36:47 re/_trace.py:47 close.started
DEBUG 2026-06-29 13:36:47 re/_trace.py:47 close.complete
DEBUG 2026-06-29 13:36:47 re/_trace.py:47 close.started
DEBUG 2026-06-29 13:36:47 re/_trace.py:47 close.complete
DEBUG 2026-06-29 13:36:47 re/_trace.py:47 close.started
DEBUG 2026-06-29 13:36:47 re/_trace.py:47 close.complete
DEBUG 2026-06-29 13:36:47 re/_trace.py:47 close.started
DEBUG 2026-06-29 13:36:47 re/_trace.py:47 close.complete
DEBUG 2026-06-29 13:36:47 re/_trace.py:47 close.started
DEBUG 2026-06-29 13:36:47 re/_trace.py:47 close.complete
DEBUG 2026-06-29 13:36:47 re/_trace.py:47 close.started
DEBUG 2026-06-29 13:36:47 re/_trace.py:47 close.complete
DEBUG 2026-06-29 13:36:47 re/_trace.py:47 close.started
DEBUG 2026-06-29 13:36:47 re/_trace.py:47 close.complete
DEBUG 2026-06-29 13:36:48 re/_trace.py:47 close.started
DEBUG 2026-06-29 13:36:48 re/_trace.py:47 close.complete
DEBUG 2026-06-29 13:36:48 re/_trace.py:47 close.started
DEBUG 2026-06-29 13:36:48 re/_trace.py:47 close.complete
DEBUG 2026-06-29 13:39:12 re/_trace.py:47 close.started
DEBUG 2026-06-29 13:39:12 re/_trace.py:47 close.complete
DEBUG 2026-06-29 13:39:12 re/_trace.py:47 close.started
DEBUG 2026-06-29 13:39:12 re/_trace.py:47 close.complete
DEBUG 2026-06-29 13:39:12 re/_trace.py:47 close.started
DEBUG 2026-06-29 13:39:12 re/_trace.py:47 close.complete
DEBUG 2026-06-29 13:39:12 re/_trace.py:47 close.started
DEBUG 2026-06-29 13:39:12 re/_trace.py:47 close.complete
DEBUG 2026-06-29 13:39:12 re/_trace.py:47 close.started
DEBUG 2026-06-29 13:39:12 re/_trace.py:47 close.complete
DEBUG 2026-06-29 13:39:12 re/_trace.py:47 close.started
DEBUG 2026-06-29 13:39:12 re/_trace.py:47 close.complete
DEBUG 2026-06-29 13:39:12 re/_trace.py:47 close.started
DEBUG 2026-06-29 13:39:12 re/_trace.py:47 close.complete
DEBUG 2026-06-29 13:39:12 re/_trace.py:47 close.started
DEBUG 2026-06-29 13:39:12 re/_trace.py:47 close.complete
DEBUG 2026-06-29 13:39:12 re/_trace.py:47 close.started
DEBUG 2026-06-29 13:39:12 re/_trace.py:47 close.complete
DEBUG 2026-06-29 13:39:12 re/_trace.py:47 close.started
DEBUG 2026-06-29 13:39:12 re/_trace.py:47 close.complete
INFO 2026-06-29 13:40:23 ot_train.py:459 step:6K smpl:4M ep:5K epch:107.47 loss:0.009 grdn:0.081 lr:1.0e-04 updt_s:2.343 data_s:0.378
WARNING 2026-06-29 13:40:23 db_utils.py:181 WandB logging of key "loss_per_dim" was ignored as its type "<class 'list'>" is not handled by this wrapper.
DEBUG 2026-06-29 13:41:36 re/_trace.py:47 close.started
DEBUG 2026-06-29 13:41:36 re/_trace.py:47 close.complete
DEBUG 2026-06-29 13:41:36 re/_trace.py:47 close.started
DEBUG 2026-06-29 13:41:36 re/_trace.py:47 close.complete
DEBUG 2026-06-29 13:41:36 re/_trace.py:47 close.started
DEBUG 2026-06-29 13:41:36 re/_trace.py:47 close.complete
DEBUG 2026-06-29 13:41:36 re/_trace.py:47 close.started
DEBUG 2026-06-29 13:41:36 re/_trace.py:47 close.complete
DEBUG 2026-06-29 13:41:36 re/_trace.py:47 close.started
DEBUG 2026-06-29 13:41:36 re/_trace.py:47 close.complete
DEBUG 2026-06-29 13:41:36 re/_trace.py:47 close.started
DEBUG 2026-06-29 13:41:36 re/_trace.py:47 close.complete
DEBUG 2026-06-29 13:41:36 re/_trace.py:47 close.started
DEBUG 2026-06-29 13:41:36 re/_trace.py:47 close.complete
DEBUG 2026-06-29 13:41:36 re/_trace.py:47 close.started
DEBUG 2026-06-29 13:41:36 re/_trace.py:47 close.complete
DEBUG 2026-06-29 13:41:36 re/_trace.py:47 close.started
DEBUG 2026-06-29 13:41:36 re/_trace.py:47 close.complete
DEBUG 2026-06-29 13:41:36 re/_trace.py:47 close.started
DEBUG 2026-06-29 13:41:36 re/_trace.py:47 close.complete
DEBUG 2026-06-29 13:44:01 re/_trace.py:47 close.started
DEBUG 2026-06-29 13:44:01 re/_trace.py:47 close.complete
DEBUG 2026-06-29 13:44:01 re/_trace.py:47 close.started
DEBUG 2026-06-29 13:44:01 re/_trace.py:47 close.complete
DEBUG 2026-06-29 13:44:01 re/_trace.py:47 close.started
DEBUG 2026-06-29 13:44:01 re/_trace.py:47 close.complete
DEBUG 2026-06-29 13:44:01 re/_trace.py:47 close.started
DEBUG 2026-06-29 13:44:01 re/_trace.py:47 close.complete
DEBUG 2026-06-29 13:44:01 re/_trace.py:47 close.started
DEBUG 2026-06-29 13:44:01 re/_trace.py:47 close.complete
DEBUG 2026-06-29 13:44:01 re/_trace.py:47 close.started
DEBUG 2026-06-29 13:44:01 re/_trace.py:47 close.complete
DEBUG 2026-06-29 13:44:01 re/_trace.py:47 close.started
DEBUG 2026-06-29 13:44:01 re/_trace.py:47 close.complete
DEBUG 2026-06-29 13:44:01 re/_trace.py:47 close.started
DEBUG 2026-06-29 13:44:01 re/_trace.py:47 close.complete
DEBUG 2026-06-29 13:44:01 re/_trace.py:47 close.started
DEBUG 2026-06-29 13:44:01 re/_trace.py:47 close.complete
DEBUG 2026-06-29 13:44:01 re/_trace.py:47 close.started
DEBUG 2026-06-29 13:44:01 re/_trace.py:47 close.complete
DEBUG 2026-06-29 13:46:27 re/_trace.py:47 close.started
DEBUG 2026-06-29 13:46:27 re/_trace.py:47 close.complete
DEBUG 2026-06-29 13:46:27 re/_trace.py:47 close.started
DEBUG 2026-06-29 13:46:27 re/_trace.py:47 close.complete
DEBUG 2026-06-29 13:46:27 re/_trace.py:47 close.started
DEBUG 2026-06-29 13:46:27 re/_trace.py:47 close.complete
DEBUG 2026-06-29 13:46:27 re/_trace.py:47 close.started
DEBUG 2026-06-29 13:46:27 re/_trace.py:47 close.complete
DEBUG 2026-06-29 13:46:27 re/_trace.py:47 close.started
DEBUG 2026-06-29 13:46:27 re/_trace.py:47 close.complete
DEBUG 2026-06-29 13:46:27 re/_trace.py:47 close.started
DEBUG 2026-06-29 13:46:27 re/_trace.py:47 close.complete
DEBUG 2026-06-29 13:46:27 re/_trace.py:47 close.started
DEBUG 2026-06-29 13:46:27 re/_trace.py:47 close.complete
DEBUG 2026-06-29 13:46:27 re/_trace.py:47 close.started
DEBUG 2026-06-29 13:46:27 re/_trace.py:47 close.complete
DEBUG 2026-06-29 13:46:27 re/_trace.py:47 close.started
DEBUG 2026-06-29 13:46:27 re/_trace.py:47 close.complete
DEBUG 2026-06-29 13:46:27 re/_trace.py:47 close.started
DEBUG 2026-06-29 13:46:27 re/_trace.py:47 close.complete
DEBUG 2026-06-29 13:48:53 re/_trace.py:47 close.started
DEBUG 2026-06-29 13:48:53 re/_trace.py:47 close.complete
DEBUG 2026-06-29 13:48:53 re/_trace.py:47 close.started
DEBUG 2026-06-29 13:48:53 re/_trace.py:47 close.complete
DEBUG 2026-06-29 13:48:53 re/_trace.py:47 close.started
DEBUG 2026-06-29 13:48:53 re/_trace.py:47 close.complete
DEBUG 2026-06-29 13:48:53 re/_trace.py:47 close.started
DEBUG 2026-06-29 13:48:53 re/_trace.py:47 close.complete
DEBUG 2026-06-29 13:48:53 re/_trace.py:47 close.started
DEBUG 2026-06-29 13:48:53 re/_trace.py:47 close.complete
DEBUG 2026-06-29 13:48:53 re/_trace.py:47 close.started
DEBUG 2026-06-29 13:48:53 re/_trace.py:47 close.complete
DEBUG 2026-06-29 13:48:53 re/_trace.py:47 close.started
DEBUG 2026-06-29 13:48:53 re/_trace.py:47 close.complete
DEBUG 2026-06-29 13:48:53 re/_trace.py:47 close.started
DEBUG 2026-06-29 13:48:53 re/_trace.py:47 close.complete
DEBUG 2026-06-29 13:48:53 re/_trace.py:47 close.started
DEBUG 2026-06-29 13:48:53 re/_trace.py:47 close.complete
DEBUG 2026-06-29 13:48:53 re/_trace.py:47 close.started
DEBUG 2026-06-29 13:48:53 re/_trace.py:47 close.complete
INFO 2026-06-29 13:49:26 ot_train.py:459 step:6K smpl:4M ep:6K epch:111.17 loss:0.009 grdn:0.079 lr:1.0e-04 updt_s:2.324 data_s:0.388
WARNING 2026-06-29 13:49:26 db_utils.py:181 WandB logging of key "loss_per_dim" was ignored as its type "<class 'list'>" is not handled by this wrapper.
INFO 2026-06-29 13:49:26 ot_train.py:479 Checkpoint policy after step 6000
DEBUG 2026-06-29 13:50:02 tionpool.py:289 Resetting dropped connection: api.wandb.ai
DEBUG 2026-06-29 13:50:03 tionpool.py:544 https://api.wandb.ai:443 "POST /graphql HTTP/1.1" 200 None
DEBUG 2026-06-29 13:51:52 re/_trace.py:47 close.started
DEBUG 2026-06-29 13:51:52 re/_trace.py:47 close.complete
DEBUG 2026-06-29 13:51:52 re/_trace.py:47 close.started
DEBUG 2026-06-29 13:51:52 re/_trace.py:47 close.complete
DEBUG 2026-06-29 13:51:52 re/_trace.py:47 close.started
DEBUG 2026-06-29 13:51:52 re/_trace.py:47 close.complete
DEBUG 2026-06-29 13:51:52 re/_trace.py:47 close.started
DEBUG 2026-06-29 13:51:52 re/_trace.py:47 close.complete
DEBUG 2026-06-29 13:51:52 re/_trace.py:47 close.started
DEBUG 2026-06-29 13:51:52 re/_trace.py:47 close.complete
DEBUG 2026-06-29 13:51:52 re/_trace.py:47 close.started
DEBUG 2026-06-29 13:51:52 re/_trace.py:47 close.complete
DEBUG 2026-06-29 13:51:53 re/_trace.py:47 close.started
DEBUG 2026-06-29 13:51:53 re/_trace.py:47 close.complete
DEBUG 2026-06-29 13:51:53 re/_trace.py:47 close.started
DEBUG 2026-06-29 13:51:53 re/_trace.py:47 close.complete
DEBUG 2026-06-29 13:51:53 re/_trace.py:47 close.started
DEBUG 2026-06-29 13:51:53 re/_trace.py:47 close.complete
DEBUG 2026-06-29 13:51:53 re/_trace.py:47 close.started
DEBUG 2026-06-29 13:51:53 re/_trace.py:47 close.complete
DEBUG 2026-06-29 13:54:17 re/_trace.py:47 close.started
DEBUG 2026-06-29 13:54:17 re/_trace.py:47 close.complete
DEBUG 2026-06-29 13:54:17 re/_trace.py:47 close.started
DEBUG 2026-06-29 13:54:17 re/_trace.py:47 close.complete
DEBUG 2026-06-29 13:54:17 re/_trace.py:47 close.started
DEBUG 2026-06-29 13:54:17 re/_trace.py:47 close.complete
DEBUG 2026-06-29 13:54:17 re/_trace.py:47 close.started
DEBUG 2026-06-29 13:54:17 re/_trace.py:47 close.complete
DEBUG 2026-06-29 13:54:17 re/_trace.py:47 close.started
DEBUG 2026-06-29 13:54:17 re/_trace.py:47 close.complete
DEBUG 2026-06-29 13:54:17 re/_trace.py:47 close.started
DEBUG 2026-06-29 13:54:17 re/_trace.py:47 close.complete
DEBUG 2026-06-29 13:54:17 re/_trace.py:47 close.started
DEBUG 2026-06-29 13:54:17 re/_trace.py:47 close.complete
DEBUG 2026-06-29 13:54:17 re/_trace.py:47 close.started
DEBUG 2026-06-29 13:54:17 re/_trace.py:47 close.complete
DEBUG 2026-06-29 13:54:17 re/_trace.py:47 close.started
DEBUG 2026-06-29 13:54:17 re/_trace.py:47 close.complete
DEBUG 2026-06-29 13:54:18 re/_trace.py:47 close.started
DEBUG 2026-06-29 13:54:18 re/_trace.py:47 close.complete
DEBUG 2026-06-29 13:56:43 re/_trace.py:47 close.started
DEBUG 2026-06-29 13:56:43 re/_trace.py:47 close.complete
DEBUG 2026-06-29 13:56:43 re/_trace.py:47 close.started
DEBUG 2026-06-29 13:56:43 re/_trace.py:47 close.complete
DEBUG 2026-06-29 13:56:43 re/_trace.py:47 close.started
DEBUG 2026-06-29 13:56:43 re/_trace.py:47 close.complete
DEBUG 2026-06-29 13:56:43 re/_trace.py:47 close.started
DEBUG 2026-06-29 13:56:43 re/_trace.py:47 close.complete
DEBUG 2026-06-29 13:56:43 re/_trace.py:47 close.started
DEBUG 2026-06-29 13:56:43 re/_trace.py:47 close.complete
DEBUG 2026-06-29 13:56:43 re/_trace.py:47 close.started
DEBUG 2026-06-29 13:56:43 re/_trace.py:47 close.complete
DEBUG 2026-06-29 13:56:43 re/_trace.py:47 close.started
DEBUG 2026-06-29 13:56:43 re/_trace.py:47 close.complete
DEBUG 2026-06-29 13:56:43 re/_trace.py:47 close.started
DEBUG 2026-06-29 13:56:43 re/_trace.py:47 close.complete
DEBUG 2026-06-29 13:56:43 re/_trace.py:47 close.started
DEBUG 2026-06-29 13:56:43 re/_trace.py:47 close.complete
DEBUG 2026-06-29 13:56:43 re/_trace.py:47 close.started
DEBUG 2026-06-29 13:56:43 re/_trace.py:47 close.complete
INFO 2026-06-29 13:58:45 ot_train.py:459 step:6K smpl:4M ep:6K epch:114.88 loss:0.009 grdn:0.082 lr:9.9e-05 updt_s:2.330 data_s:0.277
WARNING 2026-06-29 13:58:45 db_utils.py:181 WandB logging of key "loss_per_dim" was ignored as its type "<class 'list'>" is not handled by this wrapper.
DEBUG 2026-06-29 13:59:08 re/_trace.py:47 close.started
DEBUG 2026-06-29 13:59:08 re/_trace.py:47 close.complete
DEBUG 2026-06-29 13:59:08 re/_trace.py:47 close.started
DEBUG 2026-06-29 13:59:08 re/_trace.py:47 close.complete
DEBUG 2026-06-29 13:59:08 re/_trace.py:47 close.started
DEBUG 2026-06-29 13:59:08 re/_trace.py:47 close.complete
DEBUG 2026-06-29 13:59:08 re/_trace.py:47 close.started
DEBUG 2026-06-29 13:59:08 re/_trace.py:47 close.complete
DEBUG 2026-06-29 13:59:08 re/_trace.py:47 close.started
DEBUG 2026-06-29 13:59:08 re/_trace.py:47 close.complete
DEBUG 2026-06-29 13:59:09 re/_trace.py:47 close.started
DEBUG 2026-06-29 13:59:09 re/_trace.py:47 close.complete
DEBUG 2026-06-29 13:59:09 re/_trace.py:47 close.started
DEBUG 2026-06-29 13:59:09 re/_trace.py:47 close.complete
DEBUG 2026-06-29 13:59:09 re/_trace.py:47 close.started
DEBUG 2026-06-29 13:59:09 re/_trace.py:47 close.complete
DEBUG 2026-06-29 13:59:09 re/_trace.py:47 close.started
DEBUG 2026-06-29 13:59:09 re/_trace.py:47 close.complete
DEBUG 2026-06-29 13:59:09 re/_trace.py:47 close.started
DEBUG 2026-06-29 13:59:09 re/_trace.py:47 close.complete
DEBUG 2026-06-29 14:01:33 re/_trace.py:47 close.started
DEBUG 2026-06-29 14:01:33 re/_trace.py:47 close.complete
DEBUG 2026-06-29 14:01:33 re/_trace.py:47 close.started
DEBUG 2026-06-29 14:01:33 re/_trace.py:47 close.complete
DEBUG 2026-06-29 14:01:33 re/_trace.py:47 close.started
DEBUG 2026-06-29 14:01:33 re/_trace.py:47 close.complete
DEBUG 2026-06-29 14:01:33 re/_trace.py:47 close.started
DEBUG 2026-06-29 14:01:33 re/_trace.py:47 close.complete
DEBUG 2026-06-29 14:01:33 re/_trace.py:47 close.started
DEBUG 2026-06-29 14:01:33 re/_trace.py:47 close.complete
DEBUG 2026-06-29 14:01:33 re/_trace.py:47 close.started
DEBUG 2026-06-29 14:01:33 re/_trace.py:47 close.complete
DEBUG 2026-06-29 14:01:33 re/_trace.py:47 close.started
DEBUG 2026-06-29 14:01:33 re/_trace.py:47 close.complete
DEBUG 2026-06-29 14:01:33 re/_trace.py:47 close.started
DEBUG 2026-06-29 14:01:33 re/_trace.py:47 close.complete
DEBUG 2026-06-29 14:01:33 re/_trace.py:47 close.started
DEBUG 2026-06-29 14:01:33 re/_trace.py:47 close.complete
DEBUG 2026-06-29 14:01:33 re/_trace.py:47 close.started
DEBUG 2026-06-29 14:01:33 re/_trace.py:47 close.complete
DEBUG 2026-06-29 14:03:58 re/_trace.py:47 close.started
DEBUG 2026-06-29 14:03:58 re/_trace.py:47 close.complete
DEBUG 2026-06-29 14:03:58 re/_trace.py:47 close.started
DEBUG 2026-06-29 14:03:58 re/_trace.py:47 close.complete
DEBUG 2026-06-29 14:03:58 re/_trace.py:47 close.started
DEBUG 2026-06-29 14:03:58 re/_trace.py:47 close.complete
DEBUG 2026-06-29 14:03:58 re/_trace.py:47 close.started
DEBUG 2026-06-29 14:03:58 re/_trace.py:47 close.complete
DEBUG 2026-06-29 14:03:58 re/_trace.py:47 close.started
DEBUG 2026-06-29 14:03:58 re/_trace.py:47 close.complete
DEBUG 2026-06-29 14:03:58 re/_trace.py:47 close.started
DEBUG 2026-06-29 14:03:58 re/_trace.py:47 close.complete
DEBUG 2026-06-29 14:03:59 re/_trace.py:47 close.started
DEBUG 2026-06-29 14:03:59 re/_trace.py:47 close.complete
DEBUG 2026-06-29 14:03:59 re/_trace.py:47 close.started
DEBUG 2026-06-29 14:03:59 re/_trace.py:47 close.complete
DEBUG 2026-06-29 14:03:59 re/_trace.py:47 close.started
DEBUG 2026-06-29 14:03:59 re/_trace.py:47 close.complete
DEBUG 2026-06-29 14:03:59 re/_trace.py:47 close.started
DEBUG 2026-06-29 14:03:59 re/_trace.py:47 close.complete
DEBUG 2026-06-29 14:06:22 re/_trace.py:47 close.started
DEBUG 2026-06-29 14:06:22 re/_trace.py:47 close.complete
DEBUG 2026-06-29 14:06:22 re/_trace.py:47 close.started
DEBUG 2026-06-29 14:06:22 re/_trace.py:47 close.complete
DEBUG 2026-06-29 14:06:22 re/_trace.py:47 close.started
DEBUG 2026-06-29 14:06:22 re/_trace.py:47 close.complete
DEBUG 2026-06-29 14:06:22 re/_trace.py:47 close.started
DEBUG 2026-06-29 14:06:22 re/_trace.py:47 close.complete
DEBUG 2026-06-29 14:06:22 re/_trace.py:47 close.started
DEBUG 2026-06-29 14:06:22 re/_trace.py:47 close.complete
DEBUG 2026-06-29 14:06:22 re/_trace.py:47 close.started
DEBUG 2026-06-29 14:06:22 re/_trace.py:47 close.complete
DEBUG 2026-06-29 14:06:23 re/_trace.py:47 close.started
DEBUG 2026-06-29 14:06:23 re/_trace.py:47 close.complete
DEBUG 2026-06-29 14:06:23 re/_trace.py:47 close.started
DEBUG 2026-06-29 14:06:23 re/_trace.py:47 close.complete
DEBUG 2026-06-29 14:06:23 re/_trace.py:47 close.started
DEBUG 2026-06-29 14:06:23 re/_trace.py:47 close.complete
DEBUG 2026-06-29 14:06:23 re/_trace.py:47 close.started
DEBUG 2026-06-29 14:06:23 re/_trace.py:47 close.complete
INFO 2026-06-29 14:07:48 ot_train.py:459 step:6K smpl:4M ep:6K epch:118.58 loss:0.009 grdn:0.078 lr:9.9e-05 updt_s:2.330 data_s:0.383
WARNING 2026-06-29 14:07:48 db_utils.py:181 WandB logging of key "loss_per_dim" was ignored as its type "<class 'list'>" is not handled by this wrapper.
DEBUG 2026-06-29 14:08:48 re/_trace.py:47 close.started
DEBUG 2026-06-29 14:08:48 re/_trace.py:47 close.complete
DEBUG 2026-06-29 14:08:48 re/_trace.py:47 close.started
DEBUG 2026-06-29 14:08:48 re/_trace.py:47 close.complete
DEBUG 2026-06-29 14:08:48 re/_trace.py:47 close.started
DEBUG 2026-06-29 14:08:48 re/_trace.py:47 close.complete
DEBUG 2026-06-29 14:08:48 re/_trace.py:47 close.started
DEBUG 2026-06-29 14:08:48 re/_trace.py:47 close.complete
DEBUG 2026-06-29 14:08:48 re/_trace.py:47 close.started
DEBUG 2026-06-29 14:08:48 re/_trace.py:47 close.complete
DEBUG 2026-06-29 14:08:48 re/_trace.py:47 close.started
DEBUG 2026-06-29 14:08:48 re/_trace.py:47 close.complete
DEBUG 2026-06-29 14:08:48 re/_trace.py:47 close.started
DEBUG 2026-06-29 14:08:48 re/_trace.py:47 close.complete
DEBUG 2026-06-29 14:08:48 re/_trace.py:47 close.started
DEBUG 2026-06-29 14:08:48 re/_trace.py:47 close.complete
DEBUG 2026-06-29 14:08:48 re/_trace.py:47 close.started
DEBUG 2026-06-29 14:08:48 re/_trace.py:47 close.complete
DEBUG 2026-06-29 14:08:48 re/_trace.py:47 close.started
DEBUG 2026-06-29 14:08:48 re/_trace.py:47 close.complete
DEBUG 2026-06-29 14:11:14 re/_trace.py:47 close.started
DEBUG 2026-06-29 14:11:14 re/_trace.py:47 close.complete
DEBUG 2026-06-29 14:11:14 re/_trace.py:47 close.started
DEBUG 2026-06-29 14:11:14 re/_trace.py:47 close.complete
DEBUG 2026-06-29 14:11:14 re/_trace.py:47 close.started
DEBUG 2026-06-29 14:11:14 re/_trace.py:47 close.complete
DEBUG 2026-06-29 14:11:14 re/_trace.py:47 close.started
DEBUG 2026-06-29 14:11:14 re/_trace.py:47 close.complete
DEBUG 2026-06-29 14:11:14 re/_trace.py:47 close.started
DEBUG 2026-06-29 14:11:14 re/_trace.py:47 close.complete
DEBUG 2026-06-29 14:11:14 re/_trace.py:47 close.started
DEBUG 2026-06-29 14:11:14 re/_trace.py:47 close.complete
DEBUG 2026-06-29 14:11:14 re/_trace.py:47 close.started
DEBUG 2026-06-29 14:11:14 re/_trace.py:47 close.complete
DEBUG 2026-06-29 14:11:14 re/_trace.py:47 close.started
DEBUG 2026-06-29 14:11:14 re/_trace.py:47 close.complete
DEBUG 2026-06-29 14:11:14 re/_trace.py:47 close.started
DEBUG 2026-06-29 14:11:14 re/_trace.py:47 close.complete
DEBUG 2026-06-29 14:11:14 re/_trace.py:47 close.started
DEBUG 2026-06-29 14:11:14 re/_trace.py:47 close.complete
DEBUG 2026-06-29 14:13:40 re/_trace.py:47 close.started
DEBUG 2026-06-29 14:13:40 re/_trace.py:47 close.complete
DEBUG 2026-06-29 14:13:40 re/_trace.py:47 close.started
DEBUG 2026-06-29 14:13:40 re/_trace.py:47 close.complete
DEBUG 2026-06-29 14:13:40 re/_trace.py:47 close.started
DEBUG 2026-06-29 14:13:40 re/_trace.py:47 close.complete
DEBUG 2026-06-29 14:13:41 re/_trace.py:47 close.started
DEBUG 2026-06-29 14:13:41 re/_trace.py:47 close.complete
DEBUG 2026-06-29 14:13:41 re/_trace.py:47 close.started
DEBUG 2026-06-29 14:13:41 re/_trace.py:47 close.complete
DEBUG 2026-06-29 14:13:41 re/_trace.py:47 close.started
DEBUG 2026-06-29 14:13:41 re/_trace.py:47 close.complete
DEBUG 2026-06-29 14:13:41 re/_trace.py:47 close.started
DEBUG 2026-06-29 14:13:41 re/_trace.py:47 close.complete
DEBUG 2026-06-29 14:13:41 re/_trace.py:47 close.started
DEBUG 2026-06-29 14:13:41 re/_trace.py:47 close.complete
DEBUG 2026-06-29 14:13:41 re/_trace.py:47 close.started
DEBUG 2026-06-29 14:13:41 re/_trace.py:47 close.complete
DEBUG 2026-06-29 14:13:41 re/_trace.py:47 close.started
DEBUG 2026-06-29 14:13:41 re/_trace.py:47 close.complete
DEBUG 2026-06-29 14:16:07 re/_trace.py:47 close.started
DEBUG 2026-06-29 14:16:07 re/_trace.py:47 close.complete
DEBUG 2026-06-29 14:16:07 re/_trace.py:47 close.started
DEBUG 2026-06-29 14:16:07 re/_trace.py:47 close.complete
DEBUG 2026-06-29 14:16:07 re/_trace.py:47 close.started
DEBUG 2026-06-29 14:16:07 re/_trace.py:47 close.complete
DEBUG 2026-06-29 14:16:07 re/_trace.py:47 close.started
DEBUG 2026-06-29 14:16:07 re/_trace.py:47 close.complete
DEBUG 2026-06-29 14:16:07 re/_trace.py:47 close.started
DEBUG 2026-06-29 14:16:07 re/_trace.py:47 close.complete
DEBUG 2026-06-29 14:16:07 re/_trace.py:47 close.started
DEBUG 2026-06-29 14:16:07 re/_trace.py:47 close.complete
DEBUG 2026-06-29 14:16:07 re/_trace.py:47 close.started
DEBUG 2026-06-29 14:16:07 re/_trace.py:47 close.complete
DEBUG 2026-06-29 14:16:07 re/_trace.py:47 close.started
DEBUG 2026-06-29 14:16:07 re/_trace.py:47 close.complete
DEBUG 2026-06-29 14:16:07 re/_trace.py:47 close.started
DEBUG 2026-06-29 14:16:07 re/_trace.py:47 close.complete
DEBUG 2026-06-29 14:16:07 re/_trace.py:47 close.started
DEBUG 2026-06-29 14:16:07 re/_trace.py:47 close.complete
INFO 2026-06-29 14:16:56 ot_train.py:459 step:7K smpl:4M ep:6K epch:122.29 loss:0.008 grdn:0.082 lr:9.8e-05 updt_s:2.343 data_s:0.394
WARNING 2026-06-29 14:16:56 db_utils.py:181 WandB logging of key "loss_per_dim" was ignored as its type "<class 'list'>" is not handled by this wrapper.
DEBUG 2026-06-29 14:18:32 re/_trace.py:47 close.started
DEBUG 2026-06-29 14:18:32 re/_trace.py:47 close.complete
DEBUG 2026-06-29 14:18:32 re/_trace.py:47 close.started
DEBUG 2026-06-29 14:18:32 re/_trace.py:47 close.complete
DEBUG 2026-06-29 14:18:32 re/_trace.py:47 close.started
DEBUG 2026-06-29 14:18:32 re/_trace.py:47 close.complete
DEBUG 2026-06-29 14:18:32 re/_trace.py:47 close.started
DEBUG 2026-06-29 14:18:32 re/_trace.py:47 close.complete
DEBUG 2026-06-29 14:18:32 re/_trace.py:47 close.started
DEBUG 2026-06-29 14:18:32 re/_trace.py:47 close.complete
DEBUG 2026-06-29 14:18:32 re/_trace.py:47 close.started
DEBUG 2026-06-29 14:18:32 re/_trace.py:47 close.complete
DEBUG 2026-06-29 14:18:32 re/_trace.py:47 close.started
DEBUG 2026-06-29 14:18:32 re/_trace.py:47 close.complete
DEBUG 2026-06-29 14:18:32 re/_trace.py:47 close.started
DEBUG 2026-06-29 14:18:32 re/_trace.py:47 close.complete
DEBUG 2026-06-29 14:18:32 re/_trace.py:47 close.started
DEBUG 2026-06-29 14:18:32 re/_trace.py:47 close.complete
DEBUG 2026-06-29 14:18:32 re/_trace.py:47 close.started
DEBUG 2026-06-29 14:18:32 re/_trace.py:47 close.complete
DEBUG 2026-06-29 14:20:57 re/_trace.py:47 close.started
DEBUG 2026-06-29 14:20:57 re/_trace.py:47 close.complete
DEBUG 2026-06-29 14:20:57 re/_trace.py:47 close.started
DEBUG 2026-06-29 14:20:57 re/_trace.py:47 close.complete
DEBUG 2026-06-29 14:20:57 re/_trace.py:47 close.started
DEBUG 2026-06-29 14:20:57 re/_trace.py:47 close.complete
DEBUG 2026-06-29 14:20:57 re/_trace.py:47 close.started
DEBUG 2026-06-29 14:20:57 re/_trace.py:47 close.complete
DEBUG 2026-06-29 14:20:57 re/_trace.py:47 close.started
DEBUG 2026-06-29 14:20:57 re/_trace.py:47 close.complete
DEBUG 2026-06-29 14:20:57 re/_trace.py:47 close.started
DEBUG 2026-06-29 14:20:57 re/_trace.py:47 close.complete
DEBUG 2026-06-29 14:20:57 re/_trace.py:47 close.started
DEBUG 2026-06-29 14:20:57 re/_trace.py:47 close.complete
DEBUG 2026-06-29 14:20:57 re/_trace.py:47 close.started
DEBUG 2026-06-29 14:20:57 re/_trace.py:47 close.complete
DEBUG 2026-06-29 14:20:57 re/_trace.py:47 close.started
DEBUG 2026-06-29 14:20:57 re/_trace.py:47 close.complete
DEBUG 2026-06-29 14:20:57 re/_trace.py:47 close.started
DEBUG 2026-06-29 14:20:57 re/_trace.py:47 close.complete
DEBUG 2026-06-29 14:23:23 re/_trace.py:47 close.started
DEBUG 2026-06-29 14:23:23 re/_trace.py:47 close.complete
DEBUG 2026-06-29 14:23:23 re/_trace.py:47 close.started
DEBUG 2026-06-29 14:23:23 re/_trace.py:47 close.complete
DEBUG 2026-06-29 14:23:23 re/_trace.py:47 close.started
DEBUG 2026-06-29 14:23:23 re/_trace.py:47 close.complete
DEBUG 2026-06-29 14:23:23 re/_trace.py:47 close.started
DEBUG 2026-06-29 14:23:23 re/_trace.py:47 close.complete
DEBUG 2026-06-29 14:23:23 re/_trace.py:47 close.started
DEBUG 2026-06-29 14:23:23 re/_trace.py:47 close.complete
DEBUG 2026-06-29 14:23:23 re/_trace.py:47 close.started
DEBUG 2026-06-29 14:23:23 re/_trace.py:47 close.complete
DEBUG 2026-06-29 14:23:23 re/_trace.py:47 close.started
DEBUG 2026-06-29 14:23:23 re/_trace.py:47 close.complete
DEBUG 2026-06-29 14:23:23 re/_trace.py:47 close.started
DEBUG 2026-06-29 14:23:23 re/_trace.py:47 close.complete
DEBUG 2026-06-29 14:23:23 re/_trace.py:47 close.started
DEBUG 2026-06-29 14:23:23 re/_trace.py:47 close.complete
DEBUG 2026-06-29 14:23:23 re/_trace.py:47 close.started
DEBUG 2026-06-29 14:23:23 re/_trace.py:47 close.complete
INFO 2026-06-29 14:25:38 ot_train.py:459 step:7K smpl:4M ep:6K epch:126.00 loss:0.008 grdn:0.078 lr:9.7e-05 updt_s:2.314 data_s:0.295
WARNING 2026-06-29 14:25:38 db_utils.py:181 WandB logging of key "loss_per_dim" was ignored as its type "<class 'list'>" is not handled by this wrapper.
DEBUG 2026-06-29 14:25:49 re/_trace.py:47 close.started
DEBUG 2026-06-29 14:25:49 re/_trace.py:47 close.complete
DEBUG 2026-06-29 14:25:49 re/_trace.py:47 close.started
DEBUG 2026-06-29 14:25:49 re/_trace.py:47 close.complete
DEBUG 2026-06-29 14:25:49 re/_trace.py:47 close.started
DEBUG 2026-06-29 14:25:49 re/_trace.py:47 close.complete
DEBUG 2026-06-29 14:25:49 re/_trace.py:47 close.started
DEBUG 2026-06-29 14:25:49 re/_trace.py:47 close.complete
DEBUG 2026-06-29 14:25:49 re/_trace.py:47 close.started
DEBUG 2026-06-29 14:25:49 re/_trace.py:47 close.complete
DEBUG 2026-06-29 14:25:49 re/_trace.py:47 close.started
DEBUG 2026-06-29 14:25:49 re/_trace.py:47 close.complete
DEBUG 2026-06-29 14:25:49 re/_trace.py:47 close.started
DEBUG 2026-06-29 14:25:49 re/_trace.py:47 close.complete
DEBUG 2026-06-29 14:25:49 re/_trace.py:47 close.started
DEBUG 2026-06-29 14:25:49 re/_trace.py:47 close.complete
DEBUG 2026-06-29 14:25:49 re/_trace.py:47 close.started
DEBUG 2026-06-29 14:25:49 re/_trace.py:47 close.complete
DEBUG 2026-06-29 14:25:49 re/_trace.py:47 close.started
DEBUG 2026-06-29 14:25:49 re/_trace.py:47 close.complete
DEBUG 2026-06-29 14:28:14 re/_trace.py:47 close.started
DEBUG 2026-06-29 14:28:14 re/_trace.py:47 close.complete
DEBUG 2026-06-29 14:28:14 re/_trace.py:47 close.started
DEBUG 2026-06-29 14:28:14 re/_trace.py:47 close.complete
DEBUG 2026-06-29 14:28:14 re/_trace.py:47 close.started
DEBUG 2026-06-29 14:28:14 re/_trace.py:47 close.complete
DEBUG 2026-06-29 14:28:14 re/_trace.py:47 close.started
DEBUG 2026-06-29 14:28:14 re/_trace.py:47 close.complete
DEBUG 2026-06-29 14:28:14 re/_trace.py:47 close.started
DEBUG 2026-06-29 14:28:14 re/_trace.py:47 close.complete
DEBUG 2026-06-29 14:28:14 re/_trace.py:47 close.started
DEBUG 2026-06-29 14:28:14 re/_trace.py:47 close.complete
DEBUG 2026-06-29 14:28:14 re/_trace.py:47 close.started
DEBUG 2026-06-29 14:28:14 re/_trace.py:47 close.complete
DEBUG 2026-06-29 14:28:14 re/_trace.py:47 close.started
DEBUG 2026-06-29 14:28:14 re/_trace.py:47 close.complete
DEBUG 2026-06-29 14:28:14 re/_trace.py:47 close.started
DEBUG 2026-06-29 14:28:14 re/_trace.py:47 close.complete
DEBUG 2026-06-29 14:28:14 re/_trace.py:47 close.started
DEBUG 2026-06-29 14:28:14 re/_trace.py:47 close.complete
DEBUG 2026-06-29 14:30:39 re/_trace.py:47 close.started
DEBUG 2026-06-29 14:30:39 re/_trace.py:47 close.complete
DEBUG 2026-06-29 14:30:39 re/_trace.py:47 close.started
DEBUG 2026-06-29 14:30:39 re/_trace.py:47 close.complete
DEBUG 2026-06-29 14:30:39 re/_trace.py:47 close.started
DEBUG 2026-06-29 14:30:39 re/_trace.py:47 close.complete
DEBUG 2026-06-29 14:30:39 re/_trace.py:47 close.started
DEBUG 2026-06-29 14:30:39 re/_trace.py:47 close.complete
DEBUG 2026-06-29 14:30:39 re/_trace.py:47 close.started
DEBUG 2026-06-29 14:30:39 re/_trace.py:47 close.complete
DEBUG 2026-06-29 14:30:40 re/_trace.py:47 close.started
DEBUG 2026-06-29 14:30:40 re/_trace.py:47 close.complete
DEBUG 2026-06-29 14:30:40 re/_trace.py:47 close.started
DEBUG 2026-06-29 14:30:40 re/_trace.py:47 close.complete
DEBUG 2026-06-29 14:30:40 re/_trace.py:47 close.started
DEBUG 2026-06-29 14:30:40 re/_trace.py:47 close.complete
DEBUG 2026-06-29 14:30:40 re/_trace.py:47 close.started
DEBUG 2026-06-29 14:30:40 re/_trace.py:47 close.complete
DEBUG 2026-06-29 14:30:40 re/_trace.py:47 close.started
DEBUG 2026-06-29 14:30:40 re/_trace.py:47 close.complete
DEBUG 2026-06-29 14:33:05 re/_trace.py:47 close.started
DEBUG 2026-06-29 14:33:05 re/_trace.py:47 close.complete
DEBUG 2026-06-29 14:33:05 re/_trace.py:47 close.started
DEBUG 2026-06-29 14:33:05 re/_trace.py:47 close.complete
DEBUG 2026-06-29 14:33:05 re/_trace.py:47 close.started
DEBUG 2026-06-29 14:33:05 re/_trace.py:47 close.complete
DEBUG 2026-06-29 14:33:05 re/_trace.py:47 close.started
DEBUG 2026-06-29 14:33:05 re/_trace.py:47 close.complete
DEBUG 2026-06-29 14:33:05 re/_trace.py:47 close.started
DEBUG 2026-06-29 14:33:05 re/_trace.py:47 close.complete
DEBUG 2026-06-29 14:33:05 re/_trace.py:47 close.started
DEBUG 2026-06-29 14:33:05 re/_trace.py:47 close.complete
DEBUG 2026-06-29 14:33:05 re/_trace.py:47 close.started
DEBUG 2026-06-29 14:33:05 re/_trace.py:47 close.complete
DEBUG 2026-06-29 14:33:05 re/_trace.py:47 close.started
DEBUG 2026-06-29 14:33:05 re/_trace.py:47 close.complete
DEBUG 2026-06-29 14:33:05 re/_trace.py:47 close.started
DEBUG 2026-06-29 14:33:05 re/_trace.py:47 close.complete
DEBUG 2026-06-29 14:33:05 re/_trace.py:47 close.started
DEBUG 2026-06-29 14:33:05 re/_trace.py:47 close.complete
INFO 2026-06-29 14:34:45 ot_train.py:459 step:7K smpl:4M ep:6K epch:129.70 loss:0.008 grdn:0.080 lr:9.7e-05 updt_s:2.357 data_s:0.374
WARNING 2026-06-29 14:34:45 db_utils.py:181 WandB logging of key "loss_per_dim" was ignored as its type "<class 'list'>" is not handled by this wrapper.
DEBUG 2026-06-29 14:35:31 re/_trace.py:47 close.started
DEBUG 2026-06-29 14:35:31 re/_trace.py:47 close.complete
DEBUG 2026-06-29 14:35:31 re/_trace.py:47 close.started
DEBUG 2026-06-29 14:35:31 re/_trace.py:47 close.complete
DEBUG 2026-06-29 14:35:31 re/_trace.py:47 close.started
DEBUG 2026-06-29 14:35:31 re/_trace.py:47 close.complete
DEBUG 2026-06-29 14:35:31 re/_trace.py:47 close.started
DEBUG 2026-06-29 14:35:31 re/_trace.py:47 close.complete
DEBUG 2026-06-29 14:35:31 re/_trace.py:47 close.started
DEBUG 2026-06-29 14:35:31 re/_trace.py:47 close.complete
DEBUG 2026-06-29 14:35:31 re/_trace.py:47 close.started
DEBUG 2026-06-29 14:35:31 re/_trace.py:47 close.complete
DEBUG 2026-06-29 14:35:31 re/_trace.py:47 close.started
DEBUG 2026-06-29 14:35:31 re/_trace.py:47 close.complete
DEBUG 2026-06-29 14:35:31 re/_trace.py:47 close.started
DEBUG 2026-06-29 14:35:31 re/_trace.py:47 close.complete
DEBUG 2026-06-29 14:35:31 re/_trace.py:47 close.started
DEBUG 2026-06-29 14:35:31 re/_trace.py:47 close.complete
DEBUG 2026-06-29 14:35:31 re/_trace.py:47 close.started
DEBUG 2026-06-29 14:35:31 re/_trace.py:47 close.complete
DEBUG 2026-06-29 14:37:57 re/_trace.py:47 close.started
DEBUG 2026-06-29 14:37:57 re/_trace.py:47 close.complete
DEBUG 2026-06-29 14:37:57 re/_trace.py:47 close.started
DEBUG 2026-06-29 14:37:57 re/_trace.py:47 close.complete
DEBUG 2026-06-29 14:37:57 re/_trace.py:47 close.started
DEBUG 2026-06-29 14:37:57 re/_trace.py:47 close.complete
DEBUG 2026-06-29 14:37:57 re/_trace.py:47 close.started
DEBUG 2026-06-29 14:37:57 re/_trace.py:47 close.complete
DEBUG 2026-06-29 14:37:57 re/_trace.py:47 close.started
DEBUG 2026-06-29 14:37:57 re/_trace.py:47 close.complete
DEBUG 2026-06-29 14:37:57 re/_trace.py:47 close.started
DEBUG 2026-06-29 14:37:57 re/_trace.py:47 close.complete
DEBUG 2026-06-29 14:37:57 re/_trace.py:47 close.started
DEBUG 2026-06-29 14:37:58 re/_trace.py:47 close.complete
DEBUG 2026-06-29 14:37:58 re/_trace.py:47 close.started
DEBUG 2026-06-29 14:37:58 re/_trace.py:47 close.complete
DEBUG 2026-06-29 14:37:58 re/_trace.py:47 close.started
DEBUG 2026-06-29 14:37:58 re/_trace.py:47 close.complete
DEBUG 2026-06-29 14:37:58 re/_trace.py:47 close.started
DEBUG 2026-06-29 14:37:58 re/_trace.py:47 close.complete
DEBUG 2026-06-29 14:40:23 re/_trace.py:47 close.started
DEBUG 2026-06-29 14:40:23 re/_trace.py:47 close.complete
DEBUG 2026-06-29 14:40:23 re/_trace.py:47 close.started
DEBUG 2026-06-29 14:40:23 re/_trace.py:47 close.complete
DEBUG 2026-06-29 14:40:23 re/_trace.py:47 close.started
DEBUG 2026-06-29 14:40:23 re/_trace.py:47 close.complete
DEBUG 2026-06-29 14:40:23 re/_trace.py:47 close.started
DEBUG 2026-06-29 14:40:23 re/_trace.py:47 close.complete
DEBUG 2026-06-29 14:40:23 re/_trace.py:47 close.started
DEBUG 2026-06-29 14:40:23 re/_trace.py:47 close.complete
DEBUG 2026-06-29 14:40:23 re/_trace.py:47 close.started
DEBUG 2026-06-29 14:40:23 re/_trace.py:47 close.complete
DEBUG 2026-06-29 14:40:23 re/_trace.py:47 close.started
DEBUG 2026-06-29 14:40:23 re/_trace.py:47 close.complete
DEBUG 2026-06-29 14:40:23 re/_trace.py:47 close.started
DEBUG 2026-06-29 14:40:23 re/_trace.py:47 close.complete
DEBUG 2026-06-29 14:40:23 re/_trace.py:47 close.started
DEBUG 2026-06-29 14:40:23 re/_trace.py:47 close.complete
DEBUG 2026-06-29 14:40:23 re/_trace.py:47 close.started
DEBUG 2026-06-29 14:40:23 re/_trace.py:47 close.complete
DEBUG 2026-06-29 14:42:47 re/_trace.py:47 close.started
DEBUG 2026-06-29 14:42:47 re/_trace.py:47 close.complete
DEBUG 2026-06-29 14:42:47 re/_trace.py:47 close.started
DEBUG 2026-06-29 14:42:47 re/_trace.py:47 close.complete
DEBUG 2026-06-29 14:42:47 re/_trace.py:47 close.started
DEBUG 2026-06-29 14:42:47 re/_trace.py:47 close.complete
DEBUG 2026-06-29 14:42:47 re/_trace.py:47 close.started
DEBUG 2026-06-29 14:42:47 re/_trace.py:47 close.complete
DEBUG 2026-06-29 14:42:47 re/_trace.py:47 close.started
DEBUG 2026-06-29 14:42:47 re/_trace.py:47 close.complete
DEBUG 2026-06-29 14:42:47 re/_trace.py:47 close.started
DEBUG 2026-06-29 14:42:47 re/_trace.py:47 close.complete
DEBUG 2026-06-29 14:42:47 re/_trace.py:47 close.started
DEBUG 2026-06-29 14:42:47 re/_trace.py:47 close.complete
DEBUG 2026-06-29 14:42:47 re/_trace.py:47 close.started
DEBUG 2026-06-29 14:42:47 re/_trace.py:47 close.complete
DEBUG 2026-06-29 14:42:47 re/_trace.py:47 close.started
DEBUG 2026-06-29 14:42:47 re/_trace.py:47 close.complete
DEBUG 2026-06-29 14:42:47 re/_trace.py:47 close.started
DEBUG 2026-06-29 14:42:47 re/_trace.py:47 close.complete
INFO 2026-06-29 14:43:50 ot_train.py:459 step:7K smpl:4M ep:7K epch:133.41 loss:0.008 grdn:0.082 lr:9.6e-05 updt_s:2.374 data_s:0.348
WARNING 2026-06-29 14:43:50 db_utils.py:181 WandB logging of key "loss_per_dim" was ignored as its type "<class 'list'>" is not handled by this wrapper.
DEBUG 2026-06-29 14:45:13 re/_trace.py:47 close.started
DEBUG 2026-06-29 14:45:13 re/_trace.py:47 close.complete
DEBUG 2026-06-29 14:45:13 re/_trace.py:47 close.started
DEBUG 2026-06-29 14:45:13 re/_trace.py:47 close.complete
DEBUG 2026-06-29 14:45:13 re/_trace.py:47 close.started
DEBUG 2026-06-29 14:45:13 re/_trace.py:47 close.complete
DEBUG 2026-06-29 14:45:13 re/_trace.py:47 close.started
DEBUG 2026-06-29 14:45:13 re/_trace.py:47 close.complete
DEBUG 2026-06-29 14:45:13 re/_trace.py:47 close.started
DEBUG 2026-06-29 14:45:13 re/_trace.py:47 close.complete
DEBUG 2026-06-29 14:45:13 re/_trace.py:47 close.started
DEBUG 2026-06-29 14:45:13 re/_trace.py:47 close.complete
DEBUG 2026-06-29 14:45:13 re/_trace.py:47 close.started
DEBUG 2026-06-29 14:45:13 re/_trace.py:47 close.complete
DEBUG 2026-06-29 14:45:13 re/_trace.py:47 close.started
DEBUG 2026-06-29 14:45:13 re/_trace.py:47 close.complete
DEBUG 2026-06-29 14:45:13 re/_trace.py:47 close.started
DEBUG 2026-06-29 14:45:13 re/_trace.py:47 close.complete
DEBUG 2026-06-29 14:45:13 re/_trace.py:47 close.started
DEBUG 2026-06-29 14:45:13 re/_trace.py:47 close.complete
DEBUG 2026-06-29 14:47:38 re/_trace.py:47 close.started
DEBUG 2026-06-29 14:47:38 re/_trace.py:47 close.complete
DEBUG 2026-06-29 14:47:38 re/_trace.py:47 close.started
DEBUG 2026-06-29 14:47:38 re/_trace.py:47 close.complete
DEBUG 2026-06-29 14:47:38 re/_trace.py:47 close.started
DEBUG 2026-06-29 14:47:38 re/_trace.py:47 close.complete
DEBUG 2026-06-29 14:47:38 re/_trace.py:47 close.started
DEBUG 2026-06-29 14:47:38 re/_trace.py:47 close.complete
DEBUG 2026-06-29 14:47:38 re/_trace.py:47 close.started
DEBUG 2026-06-29 14:47:38 re/_trace.py:47 close.complete
DEBUG 2026-06-29 14:47:38 re/_trace.py:47 close.started
DEBUG 2026-06-29 14:47:38 re/_trace.py:47 close.complete
DEBUG 2026-06-29 14:47:38 re/_trace.py:47 close.started
DEBUG 2026-06-29 14:47:38 re/_trace.py:47 close.complete
DEBUG 2026-06-29 14:47:38 re/_trace.py:47 close.started
DEBUG 2026-06-29 14:47:38 re/_trace.py:47 close.complete
DEBUG 2026-06-29 14:47:38 re/_trace.py:47 close.started
DEBUG 2026-06-29 14:47:38 re/_trace.py:47 close.complete
DEBUG 2026-06-29 14:47:38 re/_trace.py:47 close.started
DEBUG 2026-06-29 14:47:38 re/_trace.py:47 close.complete
DEBUG 2026-06-29 14:50:02 re/_trace.py:47 close.started
DEBUG 2026-06-29 14:50:02 re/_trace.py:47 close.complete
DEBUG 2026-06-29 14:50:02 re/_trace.py:47 close.started
DEBUG 2026-06-29 14:50:02 re/_trace.py:47 close.complete
DEBUG 2026-06-29 14:50:02 re/_trace.py:47 close.started
DEBUG 2026-06-29 14:50:02 re/_trace.py:47 close.complete
DEBUG 2026-06-29 14:50:02 re/_trace.py:47 close.started
DEBUG 2026-06-29 14:50:02 re/_trace.py:47 close.complete
DEBUG 2026-06-29 14:50:02 re/_trace.py:47 close.started
DEBUG 2026-06-29 14:50:02 re/_trace.py:47 close.complete
DEBUG 2026-06-29 14:50:02 re/_trace.py:47 close.started
DEBUG 2026-06-29 14:50:02 re/_trace.py:47 close.complete
DEBUG 2026-06-29 14:50:02 re/_trace.py:47 close.started
DEBUG 2026-06-29 14:50:02 re/_trace.py:47 close.complete
DEBUG 2026-06-29 14:50:02 re/_trace.py:47 close.started
DEBUG 2026-06-29 14:50:02 re/_trace.py:47 close.complete
DEBUG 2026-06-29 14:50:02 re/_trace.py:47 close.started
DEBUG 2026-06-29 14:50:02 re/_trace.py:47 close.complete
DEBUG 2026-06-29 14:50:02 re/_trace.py:47 close.started
DEBUG 2026-06-29 14:50:02 re/_trace.py:47 close.complete
DEBUG 2026-06-29 14:52:28 re/_trace.py:47 close.started
DEBUG 2026-06-29 14:52:28 re/_trace.py:47 close.complete
DEBUG 2026-06-29 14:52:28 re/_trace.py:47 close.started
DEBUG 2026-06-29 14:52:28 re/_trace.py:47 close.complete
DEBUG 2026-06-29 14:52:28 re/_trace.py:47 close.started
DEBUG 2026-06-29 14:52:28 re/_trace.py:47 close.complete
DEBUG 2026-06-29 14:52:29 re/_trace.py:47 close.started
DEBUG 2026-06-29 14:52:29 re/_trace.py:47 close.complete
DEBUG 2026-06-29 14:52:29 re/_trace.py:47 close.started
DEBUG 2026-06-29 14:52:29 re/_trace.py:47 close.complete
DEBUG 2026-06-29 14:52:29 re/_trace.py:47 close.started
DEBUG 2026-06-29 14:52:29 re/_trace.py:47 close.complete
DEBUG 2026-06-29 14:52:29 re/_trace.py:47 close.started
DEBUG 2026-06-29 14:52:29 re/_trace.py:47 close.complete
DEBUG 2026-06-29 14:52:29 re/_trace.py:47 close.started
DEBUG 2026-06-29 14:52:29 re/_trace.py:47 close.complete
DEBUG 2026-06-29 14:52:29 re/_trace.py:47 close.started
DEBUG 2026-06-29 14:52:29 re/_trace.py:47 close.complete
DEBUG 2026-06-29 14:52:29 re/_trace.py:47 close.started
DEBUG 2026-06-29 14:52:29 re/_trace.py:47 close.complete
INFO 2026-06-29 14:52:52 ot_train.py:459 step:7K smpl:4M ep:7K epch:137.11 loss:0.007 grdn:0.077 lr:9.5e-05 updt_s:2.345 data_s:0.360
WARNING 2026-06-29 14:52:52 db_utils.py:181 WandB logging of key "loss_per_dim" was ignored as its type "<class 'list'>" is not handled by this wrapper.
DEBUG 2026-06-29 14:54:55 re/_trace.py:47 close.started
DEBUG 2026-06-29 14:54:55 re/_trace.py:47 close.complete
DEBUG 2026-06-29 14:54:55 re/_trace.py:47 close.started
DEBUG 2026-06-29 14:54:55 re/_trace.py:47 close.complete
DEBUG 2026-06-29 14:54:55 re/_trace.py:47 close.started
DEBUG 2026-06-29 14:54:55 re/_trace.py:47 close.complete
DEBUG 2026-06-29 14:54:55 re/_trace.py:47 close.started
DEBUG 2026-06-29 14:54:55 re/_trace.py:47 close.complete
DEBUG 2026-06-29 14:54:55 re/_trace.py:47 close.started
DEBUG 2026-06-29 14:54:55 re/_trace.py:47 close.complete
DEBUG 2026-06-29 14:54:55 re/_trace.py:47 close.started
DEBUG 2026-06-29 14:54:55 re/_trace.py:47 close.complete
DEBUG 2026-06-29 14:54:55 re/_trace.py:47 close.started
DEBUG 2026-06-29 14:54:55 re/_trace.py:47 close.complete
DEBUG 2026-06-29 14:54:55 re/_trace.py:47 close.started
DEBUG 2026-06-29 14:54:55 re/_trace.py:47 close.complete
DEBUG 2026-06-29 14:54:55 re/_trace.py:47 close.started
DEBUG 2026-06-29 14:54:55 re/_trace.py:47 close.complete
DEBUG 2026-06-29 14:54:55 re/_trace.py:47 close.started
DEBUG 2026-06-29 14:54:55 re/_trace.py:47 close.complete
DEBUG 2026-06-29 14:57:21 re/_trace.py:47 close.started
DEBUG 2026-06-29 14:57:21 re/_trace.py:47 close.complete
DEBUG 2026-06-29 14:57:22 re/_trace.py:47 close.started
DEBUG 2026-06-29 14:57:22 re/_trace.py:47 close.complete
DEBUG 2026-06-29 14:57:22 re/_trace.py:47 close.started
DEBUG 2026-06-29 14:57:22 re/_trace.py:47 close.complete
DEBUG 2026-06-29 14:57:22 re/_trace.py:47 close.started
DEBUG 2026-06-29 14:57:22 re/_trace.py:47 close.complete
DEBUG 2026-06-29 14:57:22 re/_trace.py:47 close.started
DEBUG 2026-06-29 14:57:22 re/_trace.py:47 close.complete
DEBUG 2026-06-29 14:57:22 re/_trace.py:47 close.started
DEBUG 2026-06-29 14:57:22 re/_trace.py:47 close.complete
DEBUG 2026-06-29 14:57:22 re/_trace.py:47 close.started
DEBUG 2026-06-29 14:57:22 re/_trace.py:47 close.complete
DEBUG 2026-06-29 14:57:22 re/_trace.py:47 close.started
DEBUG 2026-06-29 14:57:22 re/_trace.py:47 close.complete
DEBUG 2026-06-29 14:57:22 re/_trace.py:47 close.started
DEBUG 2026-06-29 14:57:22 re/_trace.py:47 close.complete
DEBUG 2026-06-29 14:57:22 re/_trace.py:47 close.started
DEBUG 2026-06-29 14:57:22 re/_trace.py:47 close.complete
DEBUG 2026-06-29 14:59:45 re/_trace.py:47 close.started
DEBUG 2026-06-29 14:59:45 re/_trace.py:47 close.complete
DEBUG 2026-06-29 14:59:46 re/_trace.py:47 close.started
DEBUG 2026-06-29 14:59:46 re/_trace.py:47 close.complete
DEBUG 2026-06-29 14:59:46 re/_trace.py:47 close.started
DEBUG 2026-06-29 14:59:46 re/_trace.py:47 close.complete
DEBUG 2026-06-29 14:59:46 re/_trace.py:47 close.started
DEBUG 2026-06-29 14:59:46 re/_trace.py:47 close.complete
DEBUG 2026-06-29 14:59:46 re/_trace.py:47 close.started
DEBUG 2026-06-29 14:59:46 re/_trace.py:47 close.complete
DEBUG 2026-06-29 14:59:46 re/_trace.py:47 close.started
DEBUG 2026-06-29 14:59:46 re/_trace.py:47 close.complete
DEBUG 2026-06-29 14:59:46 re/_trace.py:47 close.started
DEBUG 2026-06-29 14:59:46 re/_trace.py:47 close.complete
DEBUG 2026-06-29 14:59:46 re/_trace.py:47 close.started
DEBUG 2026-06-29 14:59:46 re/_trace.py:47 close.complete
DEBUG 2026-06-29 14:59:46 re/_trace.py:47 close.started
DEBUG 2026-06-29 14:59:46 re/_trace.py:47 close.complete
DEBUG 2026-06-29 14:59:46 re/_trace.py:47 close.started
DEBUG 2026-06-29 14:59:46 re/_trace.py:47 close.complete
INFO 2026-06-29 15:01:38 ot_train.py:459 step:8K smpl:5M ep:7K epch:140.82 loss:0.008 grdn:0.079 lr:9.4e-05 updt_s:2.320 data_s:0.310
WARNING 2026-06-29 15:01:38 db_utils.py:181 WandB logging of key "loss_per_dim" was ignored as its type "<class 'list'>" is not handled by this wrapper.
DEBUG 2026-06-29 15:02:11 re/_trace.py:47 close.started
DEBUG 2026-06-29 15:02:11 re/_trace.py:47 close.complete
DEBUG 2026-06-29 15:02:11 re/_trace.py:47 close.started
DEBUG 2026-06-29 15:02:11 re/_trace.py:47 close.complete
DEBUG 2026-06-29 15:02:11 re/_trace.py:47 close.started
DEBUG 2026-06-29 15:02:11 re/_trace.py:47 close.complete
DEBUG 2026-06-29 15:02:11 re/_trace.py:47 close.started
DEBUG 2026-06-29 15:02:11 re/_trace.py:47 close.complete
DEBUG 2026-06-29 15:02:11 re/_trace.py:47 close.started
DEBUG 2026-06-29 15:02:11 re/_trace.py:47 close.complete
DEBUG 2026-06-29 15:02:11 re/_trace.py:47 close.started
DEBUG 2026-06-29 15:02:11 re/_trace.py:47 close.complete
DEBUG 2026-06-29 15:02:11 re/_trace.py:47 close.started
DEBUG 2026-06-29 15:02:11 re/_trace.py:47 close.complete
DEBUG 2026-06-29 15:02:11 re/_trace.py:47 close.started
DEBUG 2026-06-29 15:02:11 re/_trace.py:47 close.complete
DEBUG 2026-06-29 15:02:11 re/_trace.py:47 close.started
DEBUG 2026-06-29 15:02:11 re/_trace.py:47 close.complete
DEBUG 2026-06-29 15:02:11 re/_trace.py:47 close.started
DEBUG 2026-06-29 15:02:11 re/_trace.py:47 close.complete
DEBUG 2026-06-29 15:04:38 re/_trace.py:47 close.started
DEBUG 2026-06-29 15:04:38 re/_trace.py:47 close.complete
DEBUG 2026-06-29 15:04:38 re/_trace.py:47 close.started
DEBUG 2026-06-29 15:04:38 re/_trace.py:47 close.complete
DEBUG 2026-06-29 15:04:38 re/_trace.py:47 close.started
DEBUG 2026-06-29 15:04:38 re/_trace.py:47 close.complete
DEBUG 2026-06-29 15:04:38 re/_trace.py:47 close.started
DEBUG 2026-06-29 15:04:38 re/_trace.py:47 close.complete
DEBUG 2026-06-29 15:04:38 re/_trace.py:47 close.started
DEBUG 2026-06-29 15:04:38 re/_trace.py:47 close.complete
DEBUG 2026-06-29 15:04:38 re/_trace.py:47 close.started
DEBUG 2026-06-29 15:04:38 re/_trace.py:47 close.complete
DEBUG 2026-06-29 15:04:38 re/_trace.py:47 close.started
DEBUG 2026-06-29 15:04:38 re/_trace.py:47 close.complete
DEBUG 2026-06-29 15:04:38 re/_trace.py:47 close.started
DEBUG 2026-06-29 15:04:38 re/_trace.py:47 close.complete
DEBUG 2026-06-29 15:04:38 re/_trace.py:47 close.started
DEBUG 2026-06-29 15:04:38 re/_trace.py:47 close.complete
DEBUG 2026-06-29 15:04:38 re/_trace.py:47 close.started
DEBUG 2026-06-29 15:04:38 re/_trace.py:47 close.complete
DEBUG 2026-06-29 15:07:03 re/_trace.py:47 close.started
DEBUG 2026-06-29 15:07:03 re/_trace.py:47 close.complete
DEBUG 2026-06-29 15:07:03 re/_trace.py:47 close.started
DEBUG 2026-06-29 15:07:03 re/_trace.py:47 close.complete
DEBUG 2026-06-29 15:07:03 re/_trace.py:47 close.started
DEBUG 2026-06-29 15:07:03 re/_trace.py:47 close.complete
DEBUG 2026-06-29 15:07:03 re/_trace.py:47 close.started
DEBUG 2026-06-29 15:07:03 re/_trace.py:47 close.complete
DEBUG 2026-06-29 15:07:03 re/_trace.py:47 close.started
DEBUG 2026-06-29 15:07:03 re/_trace.py:47 close.complete
DEBUG 2026-06-29 15:07:03 re/_trace.py:47 close.started
DEBUG 2026-06-29 15:07:03 re/_trace.py:47 close.complete
DEBUG 2026-06-29 15:07:03 re/_trace.py:47 close.started
DEBUG 2026-06-29 15:07:03 re/_trace.py:47 close.complete
DEBUG 2026-06-29 15:07:03 re/_trace.py:47 close.started
DEBUG 2026-06-29 15:07:03 re/_trace.py:47 close.complete
DEBUG 2026-06-29 15:07:03 re/_trace.py:47 close.started
DEBUG 2026-06-29 15:07:03 re/_trace.py:47 close.complete
DEBUG 2026-06-29 15:07:03 re/_trace.py:47 close.started
DEBUG 2026-06-29 15:07:03 re/_trace.py:47 close.complete
DEBUG 2026-06-29 15:09:28 re/_trace.py:47 close.started
DEBUG 2026-06-29 15:09:28 re/_trace.py:47 close.complete
DEBUG 2026-06-29 15:09:28 re/_trace.py:47 close.started
DEBUG 2026-06-29 15:09:28 re/_trace.py:47 close.complete
DEBUG 2026-06-29 15:09:28 re/_trace.py:47 close.started
DEBUG 2026-06-29 15:09:28 re/_trace.py:47 close.complete
DEBUG 2026-06-29 15:09:28 re/_trace.py:47 close.started
DEBUG 2026-06-29 15:09:28 re/_trace.py:47 close.complete
DEBUG 2026-06-29 15:09:28 re/_trace.py:47 close.started
DEBUG 2026-06-29 15:09:28 re/_trace.py:47 close.complete
DEBUG 2026-06-29 15:09:28 re/_trace.py:47 close.started
DEBUG 2026-06-29 15:09:28 re/_trace.py:47 close.complete
DEBUG 2026-06-29 15:09:28 re/_trace.py:47 close.started
DEBUG 2026-06-29 15:09:28 re/_trace.py:47 close.complete
DEBUG 2026-06-29 15:09:28 re/_trace.py:47 close.started
DEBUG 2026-06-29 15:09:28 re/_trace.py:47 close.complete
DEBUG 2026-06-29 15:09:28 re/_trace.py:47 close.started
DEBUG 2026-06-29 15:09:28 re/_trace.py:47 close.complete
DEBUG 2026-06-29 15:09:28 re/_trace.py:47 close.started
DEBUG 2026-06-29 15:09:28 re/_trace.py:47 close.complete
INFO 2026-06-29 15:10:44 ot_train.py:459 step:8K smpl:5M ep:7K epch:144.52 loss:0.008 grdn:0.082 lr:9.3e-05 updt_s:2.373 data_s:0.351
WARNING 2026-06-29 15:10:44 db_utils.py:181 WandB logging of key "loss_per_dim" was ignored as its type "<class 'list'>" is not handled by this wrapper.
DEBUG 2026-06-29 15:11:54 re/_trace.py:47 close.started
DEBUG 2026-06-29 15:11:54 re/_trace.py:47 close.complete
DEBUG 2026-06-29 15:11:54 re/_trace.py:47 close.started
DEBUG 2026-06-29 15:11:54 re/_trace.py:47 close.complete
DEBUG 2026-06-29 15:11:54 re/_trace.py:47 close.started
DEBUG 2026-06-29 15:11:54 re/_trace.py:47 close.complete
DEBUG 2026-06-29 15:11:54 re/_trace.py:47 close.started
DEBUG 2026-06-29 15:11:54 re/_trace.py:47 close.complete
DEBUG 2026-06-29 15:11:54 re/_trace.py:47 close.started
DEBUG 2026-06-29 15:11:54 re/_trace.py:47 close.complete
DEBUG 2026-06-29 15:11:54 re/_trace.py:47 close.started
DEBUG 2026-06-29 15:11:54 re/_trace.py:47 close.complete
DEBUG 2026-06-29 15:11:54 re/_trace.py:47 close.started
DEBUG 2026-06-29 15:11:54 re/_trace.py:47 close.complete
DEBUG 2026-06-29 15:11:54 re/_trace.py:47 close.started
DEBUG 2026-06-29 15:11:54 re/_trace.py:47 close.complete
DEBUG 2026-06-29 15:11:54 re/_trace.py:47 close.started
DEBUG 2026-06-29 15:11:54 re/_trace.py:47 close.complete
DEBUG 2026-06-29 15:11:54 re/_trace.py:47 close.started
DEBUG 2026-06-29 15:11:54 re/_trace.py:47 close.complete
DEBUG 2026-06-29 15:14:21 re/_trace.py:47 close.started
DEBUG 2026-06-29 15:14:21 re/_trace.py:47 close.complete
DEBUG 2026-06-29 15:14:21 re/_trace.py:47 close.started
DEBUG 2026-06-29 15:14:21 re/_trace.py:47 close.complete
DEBUG 2026-06-29 15:14:21 re/_trace.py:47 close.started
DEBUG 2026-06-29 15:14:21 re/_trace.py:47 close.complete
DEBUG 2026-06-29 15:14:21 re/_trace.py:47 close.started
DEBUG 2026-06-29 15:14:21 re/_trace.py:47 close.complete
DEBUG 2026-06-29 15:14:21 re/_trace.py:47 close.started
DEBUG 2026-06-29 15:14:21 re/_trace.py:47 close.complete
DEBUG 2026-06-29 15:14:22 re/_trace.py:47 close.started
DEBUG 2026-06-29 15:14:22 re/_trace.py:47 close.complete
DEBUG 2026-06-29 15:14:22 re/_trace.py:47 close.started
DEBUG 2026-06-29 15:14:22 re/_trace.py:47 close.complete
DEBUG 2026-06-29 15:14:22 re/_trace.py:47 close.started
DEBUG 2026-06-29 15:14:22 re/_trace.py:47 close.complete
DEBUG 2026-06-29 15:14:22 re/_trace.py:47 close.started
DEBUG 2026-06-29 15:14:22 re/_trace.py:47 close.complete
DEBUG 2026-06-29 15:14:22 re/_trace.py:47 close.started
DEBUG 2026-06-29 15:14:22 re/_trace.py:47 close.complete
DEBUG 2026-06-29 15:16:46 re/_trace.py:47 close.started
DEBUG 2026-06-29 15:16:46 re/_trace.py:47 close.complete
DEBUG 2026-06-29 15:16:46 re/_trace.py:47 close.started
DEBUG 2026-06-29 15:16:46 re/_trace.py:47 close.complete
DEBUG 2026-06-29 15:16:46 re/_trace.py:47 close.started
DEBUG 2026-06-29 15:16:46 re/_trace.py:47 close.complete
DEBUG 2026-06-29 15:16:46 re/_trace.py:47 close.started
DEBUG 2026-06-29 15:16:46 re/_trace.py:47 close.complete
DEBUG 2026-06-29 15:16:46 re/_trace.py:47 close.started
DEBUG 2026-06-29 15:16:46 re/_trace.py:47 close.complete
DEBUG 2026-06-29 15:16:46 re/_trace.py:47 close.started
DEBUG 2026-06-29 15:16:46 re/_trace.py:47 close.complete
DEBUG 2026-06-29 15:16:46 re/_trace.py:47 close.started
DEBUG 2026-06-29 15:16:46 re/_trace.py:47 close.complete
DEBUG 2026-06-29 15:16:46 re/_trace.py:47 close.started
DEBUG 2026-06-29 15:16:46 re/_trace.py:47 close.complete
DEBUG 2026-06-29 15:16:46 re/_trace.py:47 close.started
DEBUG 2026-06-29 15:16:46 re/_trace.py:47 close.complete
DEBUG 2026-06-29 15:16:46 re/_trace.py:47 close.started
DEBUG 2026-06-29 15:16:46 re/_trace.py:47 close.complete
DEBUG 2026-06-29 15:19:13 re/_trace.py:47 close.started
DEBUG 2026-06-29 15:19:13 re/_trace.py:47 close.complete
DEBUG 2026-06-29 15:19:13 re/_trace.py:47 close.started
DEBUG 2026-06-29 15:19:13 re/_trace.py:47 close.complete
DEBUG 2026-06-29 15:19:13 re/_trace.py:47 close.started
DEBUG 2026-06-29 15:19:13 re/_trace.py:47 close.complete
DEBUG 2026-06-29 15:19:13 re/_trace.py:47 close.started
DEBUG 2026-06-29 15:19:13 re/_trace.py:47 close.complete
DEBUG 2026-06-29 15:19:14 re/_trace.py:47 close.started
DEBUG 2026-06-29 15:19:14 re/_trace.py:47 close.complete
DEBUG 2026-06-29 15:19:14 re/_trace.py:47 close.started
DEBUG 2026-06-29 15:19:14 re/_trace.py:47 close.complete
DEBUG 2026-06-29 15:19:14 re/_trace.py:47 close.started
DEBUG 2026-06-29 15:19:14 re/_trace.py:47 close.complete
DEBUG 2026-06-29 15:19:14 re/_trace.py:47 close.started
DEBUG 2026-06-29 15:19:14 re/_trace.py:47 close.complete
DEBUG 2026-06-29 15:19:14 re/_trace.py:47 close.started
DEBUG 2026-06-29 15:19:14 re/_trace.py:47 close.complete
DEBUG 2026-06-29 15:19:14 re/_trace.py:47 close.started
DEBUG 2026-06-29 15:19:14 re/_trace.py:47 close.complete
INFO 2026-06-29 15:19:52 ot_train.py:459 step:8K smpl:5M ep:7K epch:148.23 loss:0.007 grdn:0.074 lr:9.3e-05 updt_s:2.360 data_s:0.380
WARNING 2026-06-29 15:19:52 db_utils.py:181 WandB logging of key "loss_per_dim" was ignored as its type "<class 'list'>" is not handled by this wrapper.
DEBUG 2026-06-29 15:21:39 re/_trace.py:47 close.started
DEBUG 2026-06-29 15:21:39 re/_trace.py:47 close.complete
DEBUG 2026-06-29 15:21:39 re/_trace.py:47 close.started
DEBUG 2026-06-29 15:21:39 re/_trace.py:47 close.complete
DEBUG 2026-06-29 15:21:39 re/_trace.py:47 close.started
DEBUG 2026-06-29 15:21:39 re/_trace.py:47 close.complete
DEBUG 2026-06-29 15:21:39 re/_trace.py:47 close.started
DEBUG 2026-06-29 15:21:39 re/_trace.py:47 close.complete
DEBUG 2026-06-29 15:21:39 re/_trace.py:47 close.started
DEBUG 2026-06-29 15:21:39 re/_trace.py:47 close.complete
DEBUG 2026-06-29 15:21:39 re/_trace.py:47 close.started
DEBUG 2026-06-29 15:21:39 re/_trace.py:47 close.complete
DEBUG 2026-06-29 15:21:39 re/_trace.py:47 close.started
DEBUG 2026-06-29 15:21:39 re/_trace.py:47 close.complete
DEBUG 2026-06-29 15:21:39 re/_trace.py:47 close.started
DEBUG 2026-06-29 15:21:39 re/_trace.py:47 close.complete
DEBUG 2026-06-29 15:21:39 re/_trace.py:47 close.started
DEBUG 2026-06-29 15:21:39 re/_trace.py:47 close.complete
DEBUG 2026-06-29 15:21:39 re/_trace.py:47 close.started
DEBUG 2026-06-29 15:21:39 re/_trace.py:47 close.complete
DEBUG 2026-06-29 15:24:03 re/_trace.py:47 close.started
DEBUG 2026-06-29 15:24:03 re/_trace.py:47 close.complete
DEBUG 2026-06-29 15:24:03 re/_trace.py:47 close.started
DEBUG 2026-06-29 15:24:03 re/_trace.py:47 close.complete
DEBUG 2026-06-29 15:24:04 re/_trace.py:47 close.started
DEBUG 2026-06-29 15:24:04 re/_trace.py:47 close.complete
DEBUG 2026-06-29 15:24:04 re/_trace.py:47 close.started
DEBUG 2026-06-29 15:24:04 re/_trace.py:47 close.complete
DEBUG 2026-06-29 15:24:04 re/_trace.py:47 close.started
DEBUG 2026-06-29 15:24:04 re/_trace.py:47 close.complete
DEBUG 2026-06-29 15:24:04 re/_trace.py:47 close.started
DEBUG 2026-06-29 15:24:04 re/_trace.py:47 close.complete
DEBUG 2026-06-29 15:24:04 re/_trace.py:47 close.started
DEBUG 2026-06-29 15:24:04 re/_trace.py:47 close.complete
DEBUG 2026-06-29 15:24:04 re/_trace.py:47 close.started
DEBUG 2026-06-29 15:24:04 re/_trace.py:47 close.complete
DEBUG 2026-06-29 15:24:04 re/_trace.py:47 close.started
DEBUG 2026-06-29 15:24:04 re/_trace.py:47 close.complete
DEBUG 2026-06-29 15:24:04 re/_trace.py:47 close.started
DEBUG 2026-06-29 15:24:04 re/_trace.py:47 close.complete
DEBUG 2026-06-29 15:26:29 re/_trace.py:47 close.started
DEBUG 2026-06-29 15:26:29 re/_trace.py:47 close.complete
DEBUG 2026-06-29 15:26:29 re/_trace.py:47 close.started
DEBUG 2026-06-29 15:26:29 re/_trace.py:47 close.complete
DEBUG 2026-06-29 15:26:29 re/_trace.py:47 close.started
DEBUG 2026-06-29 15:26:29 re/_trace.py:47 close.complete
DEBUG 2026-06-29 15:26:29 re/_trace.py:47 close.started
DEBUG 2026-06-29 15:26:29 re/_trace.py:47 close.complete
DEBUG 2026-06-29 15:26:29 re/_trace.py:47 close.started
DEBUG 2026-06-29 15:26:29 re/_trace.py:47 close.complete
DEBUG 2026-06-29 15:26:29 re/_trace.py:47 close.started
DEBUG 2026-06-29 15:26:29 re/_trace.py:47 close.complete
DEBUG 2026-06-29 15:26:29 re/_trace.py:47 close.started
DEBUG 2026-06-29 15:26:29 re/_trace.py:47 close.complete
DEBUG 2026-06-29 15:26:29 re/_trace.py:47 close.started
DEBUG 2026-06-29 15:26:29 re/_trace.py:47 close.complete
DEBUG 2026-06-29 15:26:29 re/_trace.py:47 close.started
DEBUG 2026-06-29 15:26:29 re/_trace.py:47 close.complete
DEBUG 2026-06-29 15:26:29 re/_trace.py:47 close.started
DEBUG 2026-06-29 15:26:29 re/_trace.py:47 close.complete
INFO 2026-06-29 15:28:35 ot_train.py:459 step:8K smpl:5M ep:8K epch:151.94 loss:0.007 grdn:0.074 lr:9.2e-05 updt_s:2.314 data_s:0.297
WARNING 2026-06-29 15:28:35 db_utils.py:181 WandB logging of key "loss_per_dim" was ignored as its type "<class 'list'>" is not handled by this wrapper.
DEBUG 2026-06-29 15:28:54 re/_trace.py:47 close.started
DEBUG 2026-06-29 15:28:54 re/_trace.py:47 close.complete
DEBUG 2026-06-29 15:28:54 re/_trace.py:47 close.started
DEBUG 2026-06-29 15:28:54 re/_trace.py:47 close.complete
DEBUG 2026-06-29 15:28:54 re/_trace.py:47 close.started
DEBUG 2026-06-29 15:28:54 re/_trace.py:47 close.complete
DEBUG 2026-06-29 15:28:54 re/_trace.py:47 close.started
DEBUG 2026-06-29 15:28:54 re/_trace.py:47 close.complete
DEBUG 2026-06-29 15:28:54 re/_trace.py:47 close.started
DEBUG 2026-06-29 15:28:54 re/_trace.py:47 close.complete
DEBUG 2026-06-29 15:28:54 re/_trace.py:47 close.started
DEBUG 2026-06-29 15:28:54 re/_trace.py:47 close.complete
DEBUG 2026-06-29 15:28:54 re/_trace.py:47 close.started
DEBUG 2026-06-29 15:28:54 re/_trace.py:47 close.complete
DEBUG 2026-06-29 15:28:54 re/_trace.py:47 close.started
DEBUG 2026-06-29 15:28:54 re/_trace.py:47 close.complete
DEBUG 2026-06-29 15:28:55 re/_trace.py:47 close.started
DEBUG 2026-06-29 15:28:55 re/_trace.py:47 close.complete
DEBUG 2026-06-29 15:28:55 re/_trace.py:47 close.started
DEBUG 2026-06-29 15:28:55 re/_trace.py:47 close.complete
DEBUG 2026-06-29 15:31:20 re/_trace.py:47 close.started
DEBUG 2026-06-29 15:31:20 re/_trace.py:47 close.complete
DEBUG 2026-06-29 15:31:20 re/_trace.py:47 close.started
DEBUG 2026-06-29 15:31:20 re/_trace.py:47 close.complete
DEBUG 2026-06-29 15:31:20 re/_trace.py:47 close.started
DEBUG 2026-06-29 15:31:20 re/_trace.py:47 close.complete
DEBUG 2026-06-29 15:31:20 re/_trace.py:47 close.started
DEBUG 2026-06-29 15:31:20 re/_trace.py:47 close.complete
DEBUG 2026-06-29 15:31:20 re/_trace.py:47 close.started
DEBUG 2026-06-29 15:31:20 re/_trace.py:47 close.complete
DEBUG 2026-06-29 15:31:21 re/_trace.py:47 close.started
DEBUG 2026-06-29 15:31:21 re/_trace.py:47 close.complete
DEBUG 2026-06-29 15:31:21 re/_trace.py:47 close.started
DEBUG 2026-06-29 15:31:21 re/_trace.py:47 close.complete
DEBUG 2026-06-29 15:31:21 re/_trace.py:47 close.started
DEBUG 2026-06-29 15:31:21 re/_trace.py:47 close.complete
DEBUG 2026-06-29 15:31:21 re/_trace.py:47 close.started
DEBUG 2026-06-29 15:31:21 re/_trace.py:47 close.complete
DEBUG 2026-06-29 15:31:21 re/_trace.py:47 close.started
DEBUG 2026-06-29 15:31:21 re/_trace.py:47 close.complete
DEBUG 2026-06-29 15:33:47 re/_trace.py:47 close.started
DEBUG 2026-06-29 15:33:47 re/_trace.py:47 close.complete
DEBUG 2026-06-29 15:33:47 re/_trace.py:47 close.started
DEBUG 2026-06-29 15:33:47 re/_trace.py:47 close.complete
DEBUG 2026-06-29 15:33:47 re/_trace.py:47 close.started
DEBUG 2026-06-29 15:33:47 re/_trace.py:47 close.complete
DEBUG 2026-06-29 15:33:48 re/_trace.py:47 close.started
DEBUG 2026-06-29 15:33:48 re/_trace.py:47 close.complete
DEBUG 2026-06-29 15:33:48 re/_trace.py:47 close.started
DEBUG 2026-06-29 15:33:48 re/_trace.py:47 close.complete
DEBUG 2026-06-29 15:33:48 re/_trace.py:47 close.started
DEBUG 2026-06-29 15:33:48 re/_trace.py:47 close.complete
DEBUG 2026-06-29 15:33:48 re/_trace.py:47 close.started
DEBUG 2026-06-29 15:33:48 re/_trace.py:47 close.complete
DEBUG 2026-06-29 15:33:48 re/_trace.py:47 close.started
DEBUG 2026-06-29 15:33:48 re/_trace.py:47 close.complete
DEBUG 2026-06-29 15:33:48 re/_trace.py:47 close.started
DEBUG 2026-06-29 15:33:48 re/_trace.py:47 close.complete
DEBUG 2026-06-29 15:33:48 re/_trace.py:47 close.started
DEBUG 2026-06-29 15:33:48 re/_trace.py:47 close.complete
DEBUG 2026-06-29 15:36:12 re/_trace.py:47 close.started
DEBUG 2026-06-29 15:36:12 re/_trace.py:47 close.complete
DEBUG 2026-06-29 15:36:12 re/_trace.py:47 close.started
DEBUG 2026-06-29 15:36:12 re/_trace.py:47 close.complete
DEBUG 2026-06-29 15:36:12 re/_trace.py:47 close.started
DEBUG 2026-06-29 15:36:12 re/_trace.py:47 close.complete
DEBUG 2026-06-29 15:36:12 re/_trace.py:47 close.started
DEBUG 2026-06-29 15:36:12 re/_trace.py:47 close.complete
DEBUG 2026-06-29 15:36:12 re/_trace.py:47 close.started
DEBUG 2026-06-29 15:36:12 re/_trace.py:47 close.complete
DEBUG 2026-06-29 15:36:12 re/_trace.py:47 close.started
DEBUG 2026-06-29 15:36:12 re/_trace.py:47 close.complete
DEBUG 2026-06-29 15:36:13 re/_trace.py:47 close.started
DEBUG 2026-06-29 15:36:13 re/_trace.py:47 close.complete
DEBUG 2026-06-29 15:36:13 re/_trace.py:47 close.started
DEBUG 2026-06-29 15:36:13 re/_trace.py:47 close.complete
DEBUG 2026-06-29 15:36:13 re/_trace.py:47 close.started
DEBUG 2026-06-29 15:36:13 re/_trace.py:47 close.complete
DEBUG 2026-06-29 15:36:13 re/_trace.py:47 close.started
DEBUG 2026-06-29 15:36:13 re/_trace.py:47 close.complete
INFO 2026-06-29 15:37:41 ot_train.py:459 step:8K smpl:5M ep:8K epch:155.64 loss:0.007 grdn:0.082 lr:9.1e-05 updt_s:2.333 data_s:0.396
WARNING 2026-06-29 15:37:41 db_utils.py:181 WandB logging of key "loss_per_dim" was ignored as its type "<class 'list'>" is not handled by this wrapper.
DEBUG 2026-06-29 15:38:36 re/_trace.py:47 close.started
DEBUG 2026-06-29 15:38:36 re/_trace.py:47 close.complete
DEBUG 2026-06-29 15:38:36 re/_trace.py:47 close.started
DEBUG 2026-06-29 15:38:36 re/_trace.py:47 close.complete
DEBUG 2026-06-29 15:38:36 re/_trace.py:47 close.started
DEBUG 2026-06-29 15:38:36 re/_trace.py:47 close.complete
DEBUG 2026-06-29 15:38:36 re/_trace.py:47 close.started
DEBUG 2026-06-29 15:38:36 re/_trace.py:47 close.complete
DEBUG 2026-06-29 15:38:36 re/_trace.py:47 close.started
DEBUG 2026-06-29 15:38:36 re/_trace.py:47 close.complete
DEBUG 2026-06-29 15:38:36 re/_trace.py:47 close.started
DEBUG 2026-06-29 15:38:36 re/_trace.py:47 close.complete
DEBUG 2026-06-29 15:38:36 re/_trace.py:47 close.started
DEBUG 2026-06-29 15:38:36 re/_trace.py:47 close.complete
DEBUG 2026-06-29 15:38:36 re/_trace.py:47 close.started
DEBUG 2026-06-29 15:38:36 re/_trace.py:47 close.complete
DEBUG 2026-06-29 15:38:36 re/_trace.py:47 close.started
DEBUG 2026-06-29 15:38:36 re/_trace.py:47 close.complete
DEBUG 2026-06-29 15:38:36 re/_trace.py:47 close.started
DEBUG 2026-06-29 15:38:36 re/_trace.py:47 close.complete
DEBUG 2026-06-29 15:41:02 re/_trace.py:47 close.started
DEBUG 2026-06-29 15:41:02 re/_trace.py:47 close.complete
DEBUG 2026-06-29 15:41:02 re/_trace.py:47 close.started
DEBUG 2026-06-29 15:41:02 re/_trace.py:47 close.complete
DEBUG 2026-06-29 15:41:02 re/_trace.py:47 close.started
DEBUG 2026-06-29 15:41:02 re/_trace.py:47 close.complete
DEBUG 2026-06-29 15:41:02 re/_trace.py:47 close.started
DEBUG 2026-06-29 15:41:02 re/_trace.py:47 close.complete
DEBUG 2026-06-29 15:41:02 re/_trace.py:47 close.started
DEBUG 2026-06-29 15:41:02 re/_trace.py:47 close.complete
DEBUG 2026-06-29 15:41:02 re/_trace.py:47 close.started
DEBUG 2026-06-29 15:41:02 re/_trace.py:47 close.complete
DEBUG 2026-06-29 15:41:02 re/_trace.py:47 close.started
DEBUG 2026-06-29 15:41:03 re/_trace.py:47 close.complete
DEBUG 2026-06-29 15:41:03 re/_trace.py:47 close.started
DEBUG 2026-06-29 15:41:03 re/_trace.py:47 close.complete
DEBUG 2026-06-29 15:41:03 re/_trace.py:47 close.started
DEBUG 2026-06-29 15:41:03 re/_trace.py:47 close.complete
DEBUG 2026-06-29 15:41:03 re/_trace.py:47 close.started
DEBUG 2026-06-29 15:41:03 re/_trace.py:47 close.complete
DEBUG 2026-06-29 15:43:29 re/_trace.py:47 close.started
DEBUG 2026-06-29 15:43:29 re/_trace.py:47 close.complete
DEBUG 2026-06-29 15:43:29 re/_trace.py:47 close.started
DEBUG 2026-06-29 15:43:29 re/_trace.py:47 close.complete
DEBUG 2026-06-29 15:43:29 re/_trace.py:47 close.started
DEBUG 2026-06-29 15:43:29 re/_trace.py:47 close.complete
DEBUG 2026-06-29 15:43:29 re/_trace.py:47 close.started
DEBUG 2026-06-29 15:43:29 re/_trace.py:47 close.complete
DEBUG 2026-06-29 15:43:29 re/_trace.py:47 close.started
DEBUG 2026-06-29 15:43:29 re/_trace.py:47 close.complete
DEBUG 2026-06-29 15:43:29 re/_trace.py:47 close.started
DEBUG 2026-06-29 15:43:29 re/_trace.py:47 close.complete
DEBUG 2026-06-29 15:43:29 re/_trace.py:47 close.started
DEBUG 2026-06-29 15:43:29 re/_trace.py:47 close.complete
DEBUG 2026-06-29 15:43:29 re/_trace.py:47 close.started
DEBUG 2026-06-29 15:43:29 re/_trace.py:47 close.complete
DEBUG 2026-06-29 15:43:29 re/_trace.py:47 close.started
DEBUG 2026-06-29 15:43:29 re/_trace.py:47 close.complete
DEBUG 2026-06-29 15:43:29 re/_trace.py:47 close.started
DEBUG 2026-06-29 15:43:29 re/_trace.py:47 close.complete
DEBUG 2026-06-29 15:45:54 re/_trace.py:47 close.started
DEBUG 2026-06-29 15:45:54 re/_trace.py:47 close.complete
DEBUG 2026-06-29 15:45:54 re/_trace.py:47 close.started
DEBUG 2026-06-29 15:45:54 re/_trace.py:47 close.complete
DEBUG 2026-06-29 15:45:54 re/_trace.py:47 close.started
DEBUG 2026-06-29 15:45:54 re/_trace.py:47 close.complete
DEBUG 2026-06-29 15:45:54 re/_trace.py:47 close.started
DEBUG 2026-06-29 15:45:54 re/_trace.py:47 close.complete
DEBUG 2026-06-29 15:45:54 re/_trace.py:47 close.started
DEBUG 2026-06-29 15:45:54 re/_trace.py:47 close.complete
DEBUG 2026-06-29 15:45:55 re/_trace.py:47 close.started
DEBUG 2026-06-29 15:45:55 re/_trace.py:47 close.complete
DEBUG 2026-06-29 15:45:55 re/_trace.py:47 close.started
DEBUG 2026-06-29 15:45:55 re/_trace.py:47 close.complete
DEBUG 2026-06-29 15:45:55 re/_trace.py:47 close.started
DEBUG 2026-06-29 15:45:55 re/_trace.py:47 close.complete
DEBUG 2026-06-29 15:45:55 re/_trace.py:47 close.started
DEBUG 2026-06-29 15:45:55 re/_trace.py:47 close.complete
DEBUG 2026-06-29 15:45:55 re/_trace.py:47 close.started
DEBUG 2026-06-29 15:45:55 re/_trace.py:47 close.complete
INFO 2026-06-29 15:46:47 ot_train.py:459 step:9K smpl:5M ep:8K epch:159.35 loss:0.007 grdn:0.078 lr:9.0e-05 updt_s:2.353 data_s:0.373
WARNING 2026-06-29 15:46:47 db_utils.py:181 WandB logging of key "loss_per_dim" was ignored as its type "<class 'list'>" is not handled by this wrapper.
DEBUG 2026-06-29 15:48:18 re/_trace.py:47 close.started
DEBUG 2026-06-29 15:48:18 re/_trace.py:47 close.complete
DEBUG 2026-06-29 15:48:18 re/_trace.py:47 close.started
DEBUG 2026-06-29 15:48:18 re/_trace.py:47 close.complete
DEBUG 2026-06-29 15:48:18 re/_trace.py:47 close.started
DEBUG 2026-06-29 15:48:18 re/_trace.py:47 close.complete
DEBUG 2026-06-29 15:48:18 re/_trace.py:47 close.started
DEBUG 2026-06-29 15:48:18 re/_trace.py:47 close.complete
DEBUG 2026-06-29 15:48:18 re/_trace.py:47 close.started
DEBUG 2026-06-29 15:48:18 re/_trace.py:47 close.complete
DEBUG 2026-06-29 15:48:18 re/_trace.py:47 close.started
DEBUG 2026-06-29 15:48:18 re/_trace.py:47 close.complete
DEBUG 2026-06-29 15:48:18 re/_trace.py:47 close.started
DEBUG 2026-06-29 15:48:18 re/_trace.py:47 close.complete
DEBUG 2026-06-29 15:48:19 re/_trace.py:47 close.started
DEBUG 2026-06-29 15:48:19 re/_trace.py:47 close.complete
DEBUG 2026-06-29 15:48:19 re/_trace.py:47 close.started
DEBUG 2026-06-29 15:48:19 re/_trace.py:47 close.complete
DEBUG 2026-06-29 15:48:19 re/_trace.py:47 close.started
DEBUG 2026-06-29 15:48:19 re/_trace.py:47 close.complete
DEBUG 2026-06-29 15:50:44 re/_trace.py:47 close.started
DEBUG 2026-06-29 15:50:44 re/_trace.py:47 close.complete
DEBUG 2026-06-29 15:50:44 re/_trace.py:47 close.started
DEBUG 2026-06-29 15:50:44 re/_trace.py:47 close.complete
DEBUG 2026-06-29 15:50:44 re/_trace.py:47 close.started
DEBUG 2026-06-29 15:50:44 re/_trace.py:47 close.complete
DEBUG 2026-06-29 15:50:44 re/_trace.py:47 close.started
DEBUG 2026-06-29 15:50:44 re/_trace.py:47 close.complete
DEBUG 2026-06-29 15:50:44 re/_trace.py:47 close.started
DEBUG 2026-06-29 15:50:44 re/_trace.py:47 close.complete
DEBUG 2026-06-29 15:50:44 re/_trace.py:47 close.started
DEBUG 2026-06-29 15:50:44 re/_trace.py:47 close.complete
DEBUG 2026-06-29 15:50:44 re/_trace.py:47 close.started
DEBUG 2026-06-29 15:50:44 re/_trace.py:47 close.complete
DEBUG 2026-06-29 15:50:44 re/_trace.py:47 close.started
DEBUG 2026-06-29 15:50:44 re/_trace.py:47 close.complete
DEBUG 2026-06-29 15:50:44 re/_trace.py:47 close.started
DEBUG 2026-06-29 15:50:44 re/_trace.py:47 close.complete
DEBUG 2026-06-29 15:50:44 re/_trace.py:47 close.started
DEBUG 2026-06-29 15:50:44 re/_trace.py:47 close.complete
DEBUG 2026-06-29 15:53:08 re/_trace.py:47 close.started
DEBUG 2026-06-29 15:53:08 re/_trace.py:47 close.complete
DEBUG 2026-06-29 15:53:08 re/_trace.py:47 close.started
DEBUG 2026-06-29 15:53:08 re/_trace.py:47 close.complete
DEBUG 2026-06-29 15:53:08 re/_trace.py:47 close.started
DEBUG 2026-06-29 15:53:08 re/_trace.py:47 close.complete
DEBUG 2026-06-29 15:53:08 re/_trace.py:47 close.started
DEBUG 2026-06-29 15:53:08 re/_trace.py:47 close.complete
DEBUG 2026-06-29 15:53:08 re/_trace.py:47 close.started
DEBUG 2026-06-29 15:53:08 re/_trace.py:47 close.complete
DEBUG 2026-06-29 15:53:08 re/_trace.py:47 close.started
DEBUG 2026-06-29 15:53:08 re/_trace.py:47 close.complete
DEBUG 2026-06-29 15:53:08 re/_trace.py:47 close.started
DEBUG 2026-06-29 15:53:08 re/_trace.py:47 close.complete
DEBUG 2026-06-29 15:53:08 re/_trace.py:47 close.started
DEBUG 2026-06-29 15:53:08 re/_trace.py:47 close.complete
DEBUG 2026-06-29 15:53:08 re/_trace.py:47 close.started
DEBUG 2026-06-29 15:53:08 re/_trace.py:47 close.complete
DEBUG 2026-06-29 15:53:08 re/_trace.py:47 close.started
DEBUG 2026-06-29 15:53:08 re/_trace.py:47 close.complete
INFO 2026-06-29 15:55:27 ot_train.py:459 step:9K smpl:5M ep:8K epch:163.05 loss:0.007 grdn:0.075 lr:8.9e-05 updt_s:2.315 data_s:0.281
WARNING 2026-06-29 15:55:27 db_utils.py:181 WandB logging of key "loss_per_dim" was ignored as its type "<class 'list'>" is not handled by this wrapper.
DEBUG 2026-06-29 15:55:33 re/_trace.py:47 close.started
DEBUG 2026-06-29 15:55:33 re/_trace.py:47 close.complete
DEBUG 2026-06-29 15:55:33 re/_trace.py:47 close.started
DEBUG 2026-06-29 15:55:33 re/_trace.py:47 close.complete
DEBUG 2026-06-29 15:55:33 re/_trace.py:47 close.started
DEBUG 2026-06-29 15:55:33 re/_trace.py:47 close.complete
DEBUG 2026-06-29 15:55:33 re/_trace.py:47 close.started
DEBUG 2026-06-29 15:55:33 re/_trace.py:47 close.complete
DEBUG 2026-06-29 15:55:33 re/_trace.py:47 close.started
DEBUG 2026-06-29 15:55:33 re/_trace.py:47 close.complete
DEBUG 2026-06-29 15:55:33 re/_trace.py:47 close.started
DEBUG 2026-06-29 15:55:33 re/_trace.py:47 close.complete
DEBUG 2026-06-29 15:55:33 re/_trace.py:47 close.started
DEBUG 2026-06-29 15:55:33 re/_trace.py:47 close.complete
DEBUG 2026-06-29 15:55:33 re/_trace.py:47 close.started
DEBUG 2026-06-29 15:55:33 re/_trace.py:47 close.complete
DEBUG 2026-06-29 15:55:33 re/_trace.py:47 close.started
DEBUG 2026-06-29 15:55:33 re/_trace.py:47 close.complete
DEBUG 2026-06-29 15:55:33 re/_trace.py:47 close.started
DEBUG 2026-06-29 15:55:33 re/_trace.py:47 close.complete
DEBUG 2026-06-29 15:57:57 re/_trace.py:47 close.started
DEBUG 2026-06-29 15:57:57 re/_trace.py:47 close.complete
DEBUG 2026-06-29 15:57:57 re/_trace.py:47 close.started
DEBUG 2026-06-29 15:57:57 re/_trace.py:47 close.complete
DEBUG 2026-06-29 15:57:57 re/_trace.py:47 close.started
DEBUG 2026-06-29 15:57:57 re/_trace.py:47 close.complete
DEBUG 2026-06-29 15:57:57 re/_trace.py:47 close.started
DEBUG 2026-06-29 15:57:57 re/_trace.py:47 close.complete
DEBUG 2026-06-29 15:57:58 re/_trace.py:47 close.started
DEBUG 2026-06-29 15:57:58 re/_trace.py:47 close.complete
DEBUG 2026-06-29 15:57:58 re/_trace.py:47 close.started
DEBUG 2026-06-29 15:57:58 re/_trace.py:47 close.complete
DEBUG 2026-06-29 15:57:58 re/_trace.py:47 close.started
DEBUG 2026-06-29 15:57:58 re/_trace.py:47 close.complete
DEBUG 2026-06-29 15:57:58 re/_trace.py:47 close.started
DEBUG 2026-06-29 15:57:58 re/_trace.py:47 close.complete
DEBUG 2026-06-29 15:57:58 re/_trace.py:47 close.started
DEBUG 2026-06-29 15:57:58 re/_trace.py:47 close.complete
DEBUG 2026-06-29 15:57:58 re/_trace.py:47 close.started
DEBUG 2026-06-29 15:57:58 re/_trace.py:47 close.complete
DEBUG 2026-06-29 16:00:23 re/_trace.py:47 close.started
DEBUG 2026-06-29 16:00:23 re/_trace.py:47 close.complete
DEBUG 2026-06-29 16:00:23 re/_trace.py:47 close.started
DEBUG 2026-06-29 16:00:23 re/_trace.py:47 close.complete
DEBUG 2026-06-29 16:00:23 re/_trace.py:47 close.started
DEBUG 2026-06-29 16:00:23 re/_trace.py:47 close.complete
DEBUG 2026-06-29 16:00:23 re/_trace.py:47 close.started
DEBUG 2026-06-29 16:00:23 re/_trace.py:47 close.complete
DEBUG 2026-06-29 16:00:23 re/_trace.py:47 close.started
DEBUG 2026-06-29 16:00:23 re/_trace.py:47 close.complete
DEBUG 2026-06-29 16:00:23 re/_trace.py:47 close.started
DEBUG 2026-06-29 16:00:23 re/_trace.py:47 close.complete
DEBUG 2026-06-29 16:00:23 re/_trace.py:47 close.started
DEBUG 2026-06-29 16:00:23 re/_trace.py:47 close.complete
DEBUG 2026-06-29 16:00:23 re/_trace.py:47 close.started
DEBUG 2026-06-29 16:00:23 re/_trace.py:47 close.complete
DEBUG 2026-06-29 16:00:23 re/_trace.py:47 close.started
DEBUG 2026-06-29 16:00:23 re/_trace.py:47 close.complete
DEBUG 2026-06-29 16:00:24 re/_trace.py:47 close.started
DEBUG 2026-06-29 16:00:24 re/_trace.py:47 close.complete
DEBUG 2026-06-29 16:02:48 re/_trace.py:47 close.started
DEBUG 2026-06-29 16:02:48 re/_trace.py:47 close.complete
DEBUG 2026-06-29 16:02:48 re/_trace.py:47 close.started
DEBUG 2026-06-29 16:02:48 re/_trace.py:47 close.complete
DEBUG 2026-06-29 16:02:48 re/_trace.py:47 close.started
DEBUG 2026-06-29 16:02:48 re/_trace.py:47 close.complete
DEBUG 2026-06-29 16:02:48 re/_trace.py:47 close.started
DEBUG 2026-06-29 16:02:48 re/_trace.py:47 close.complete
DEBUG 2026-06-29 16:02:49 re/_trace.py:47 close.started
DEBUG 2026-06-29 16:02:49 re/_trace.py:47 close.complete
DEBUG 2026-06-29 16:02:49 re/_trace.py:47 close.started
DEBUG 2026-06-29 16:02:49 re/_trace.py:47 close.complete
DEBUG 2026-06-29 16:02:49 re/_trace.py:47 close.started
DEBUG 2026-06-29 16:02:49 re/_trace.py:47 close.complete
DEBUG 2026-06-29 16:02:49 re/_trace.py:47 close.started
DEBUG 2026-06-29 16:02:49 re/_trace.py:47 close.complete
DEBUG 2026-06-29 16:02:49 re/_trace.py:47 close.started
DEBUG 2026-06-29 16:02:49 re/_trace.py:47 close.complete
DEBUG 2026-06-29 16:02:49 re/_trace.py:47 close.started
DEBUG 2026-06-29 16:02:49 re/_trace.py:47 close.complete
INFO 2026-06-29 16:04:32 ot_train.py:459 step:9K smpl:5M ep:8K epch:166.76 loss:0.007 grdn:0.076 lr:8.8e-05 updt_s:2.362 data_s:0.363
WARNING 2026-06-29 16:04:32 db_utils.py:181 WandB logging of key "loss_per_dim" was ignored as its type "<class 'list'>" is not handled by this wrapper.
INFO 2026-06-29 16:04:32 ot_train.py:479 Checkpoint policy after step 9000
DEBUG 2026-06-29 16:05:06 tionpool.py:289 Resetting dropped connection: api.wandb.ai
DEBUG 2026-06-29 16:05:06 tionpool.py:544 https://api.wandb.ai:443 "POST /graphql HTTP/1.1" 200 None
DEBUG 2026-06-29 16:05:47 re/_trace.py:47 close.started
DEBUG 2026-06-29 16:05:47 re/_trace.py:47 close.complete
DEBUG 2026-06-29 16:05:47 re/_trace.py:47 close.started
DEBUG 2026-06-29 16:05:47 re/_trace.py:47 close.complete
DEBUG 2026-06-29 16:05:47 re/_trace.py:47 close.started
DEBUG 2026-06-29 16:05:47 re/_trace.py:47 close.complete
DEBUG 2026-06-29 16:05:47 re/_trace.py:47 close.started
DEBUG 2026-06-29 16:05:47 re/_trace.py:47 close.complete
DEBUG 2026-06-29 16:05:47 re/_trace.py:47 close.started
DEBUG 2026-06-29 16:05:47 re/_trace.py:47 close.complete
DEBUG 2026-06-29 16:05:47 re/_trace.py:47 close.started
DEBUG 2026-06-29 16:05:47 re/_trace.py:47 close.complete
DEBUG 2026-06-29 16:05:47 re/_trace.py:47 close.started
DEBUG 2026-06-29 16:05:47 re/_trace.py:47 close.complete
DEBUG 2026-06-29 16:05:47 re/_trace.py:47 close.started
DEBUG 2026-06-29 16:05:47 re/_trace.py:47 close.complete
DEBUG 2026-06-29 16:05:48 re/_trace.py:47 close.started
DEBUG 2026-06-29 16:05:48 re/_trace.py:47 close.complete
DEBUG 2026-06-29 16:05:48 re/_trace.py:47 close.started
DEBUG 2026-06-29 16:05:48 re/_trace.py:47 close.complete
DEBUG 2026-06-29 16:08:13 re/_trace.py:47 close.started
DEBUG 2026-06-29 16:08:13 re/_trace.py:47 close.complete
DEBUG 2026-06-29 16:08:13 re/_trace.py:47 close.started
DEBUG 2026-06-29 16:08:13 re/_trace.py:47 close.complete
DEBUG 2026-06-29 16:08:13 re/_trace.py:47 close.started
DEBUG 2026-06-29 16:08:13 re/_trace.py:47 close.complete
DEBUG 2026-06-29 16:08:13 re/_trace.py:47 close.started
DEBUG 2026-06-29 16:08:13 re/_trace.py:47 close.complete
DEBUG 2026-06-29 16:08:13 re/_trace.py:47 close.started
DEBUG 2026-06-29 16:08:13 re/_trace.py:47 close.complete
DEBUG 2026-06-29 16:08:13 re/_trace.py:47 close.started
DEBUG 2026-06-29 16:08:13 re/_trace.py:47 close.complete
DEBUG 2026-06-29 16:08:14 re/_trace.py:47 close.started
DEBUG 2026-06-29 16:08:14 re/_trace.py:47 close.complete
DEBUG 2026-06-29 16:08:14 re/_trace.py:47 close.started
DEBUG 2026-06-29 16:08:14 re/_trace.py:47 close.complete
DEBUG 2026-06-29 16:08:14 re/_trace.py:47 close.started
DEBUG 2026-06-29 16:08:14 re/_trace.py:47 close.complete
DEBUG 2026-06-29 16:08:14 re/_trace.py:47 close.started
DEBUG 2026-06-29 16:08:14 re/_trace.py:47 close.complete
DEBUG 2026-06-29 16:10:40 re/_trace.py:47 close.started
DEBUG 2026-06-29 16:10:40 re/_trace.py:47 close.complete
DEBUG 2026-06-29 16:10:40 re/_trace.py:47 close.started
DEBUG 2026-06-29 16:10:40 re/_trace.py:47 close.complete
DEBUG 2026-06-29 16:10:40 re/_trace.py:47 close.started
DEBUG 2026-06-29 16:10:40 re/_trace.py:47 close.complete
DEBUG 2026-06-29 16:10:41 re/_trace.py:47 close.started
DEBUG 2026-06-29 16:10:41 re/_trace.py:47 close.complete
DEBUG 2026-06-29 16:10:41 re/_trace.py:47 close.started
DEBUG 2026-06-29 16:10:41 re/_trace.py:47 close.complete
DEBUG 2026-06-29 16:10:41 re/_trace.py:47 close.started
DEBUG 2026-06-29 16:10:41 re/_trace.py:47 close.complete
DEBUG 2026-06-29 16:10:41 re/_trace.py:47 close.started
DEBUG 2026-06-29 16:10:41 re/_trace.py:47 close.complete
DEBUG 2026-06-29 16:10:41 re/_trace.py:47 close.started
DEBUG 2026-06-29 16:10:41 re/_trace.py:47 close.complete
DEBUG 2026-06-29 16:10:41 re/_trace.py:47 close.started
DEBUG 2026-06-29 16:10:41 re/_trace.py:47 close.complete
DEBUG 2026-06-29 16:10:41 re/_trace.py:47 close.started
DEBUG 2026-06-29 16:10:41 re/_trace.py:47 close.complete
DEBUG 2026-06-29 16:13:05 re/_trace.py:47 close.started
DEBUG 2026-06-29 16:13:05 re/_trace.py:47 close.complete
DEBUG 2026-06-29 16:13:05 re/_trace.py:47 close.started
DEBUG 2026-06-29 16:13:05 re/_trace.py:47 close.complete
DEBUG 2026-06-29 16:13:05 re/_trace.py:47 close.started
DEBUG 2026-06-29 16:13:05 re/_trace.py:47 close.complete
DEBUG 2026-06-29 16:13:05 re/_trace.py:47 close.started
DEBUG 2026-06-29 16:13:05 re/_trace.py:47 close.complete
DEBUG 2026-06-29 16:13:05 re/_trace.py:47 close.started
DEBUG 2026-06-29 16:13:05 re/_trace.py:47 close.complete
DEBUG 2026-06-29 16:13:05 re/_trace.py:47 close.started
DEBUG 2026-06-29 16:13:05 re/_trace.py:47 close.complete
DEBUG 2026-06-29 16:13:06 re/_trace.py:47 close.started
DEBUG 2026-06-29 16:13:06 re/_trace.py:47 close.complete
DEBUG 2026-06-29 16:13:06 re/_trace.py:47 close.started
DEBUG 2026-06-29 16:13:06 re/_trace.py:47 close.complete
DEBUG 2026-06-29 16:13:06 re/_trace.py:47 close.started
DEBUG 2026-06-29 16:13:06 re/_trace.py:47 close.complete
DEBUG 2026-06-29 16:13:06 re/_trace.py:47 close.started
DEBUG 2026-06-29 16:13:06 re/_trace.py:47 close.complete
INFO 2026-06-29 16:14:13 ot_train.py:459 step:9K smpl:6M ep:9K epch:170.46 loss:0.007 grdn:0.073 lr:8.7e-05 updt_s:2.333 data_s:0.398
WARNING 2026-06-29 16:14:13 db_utils.py:181 WandB logging of key "loss_per_dim" was ignored as its type "<class 'list'>" is not handled by this wrapper.
DEBUG 2026-06-29 16:15:30 re/_trace.py:47 close.started
DEBUG 2026-06-29 16:15:30 re/_trace.py:47 close.complete
DEBUG 2026-06-29 16:15:30 re/_trace.py:47 close.started
DEBUG 2026-06-29 16:15:30 re/_trace.py:47 close.complete
DEBUG 2026-06-29 16:15:30 re/_trace.py:47 close.started
DEBUG 2026-06-29 16:15:30 re/_trace.py:47 close.complete
DEBUG 2026-06-29 16:15:30 re/_trace.py:47 close.started
DEBUG 2026-06-29 16:15:30 re/_trace.py:47 close.complete
DEBUG 2026-06-29 16:15:30 re/_trace.py:47 close.started
DEBUG 2026-06-29 16:15:30 re/_trace.py:47 close.complete
DEBUG 2026-06-29 16:15:30 re/_trace.py:47 close.started
DEBUG 2026-06-29 16:15:30 re/_trace.py:47 close.complete
DEBUG 2026-06-29 16:15:30 re/_trace.py:47 close.started
DEBUG 2026-06-29 16:15:30 re/_trace.py:47 close.complete
DEBUG 2026-06-29 16:15:30 re/_trace.py:47 close.started
DEBUG 2026-06-29 16:15:30 re/_trace.py:47 close.complete
DEBUG 2026-06-29 16:15:30 re/_trace.py:47 close.started
DEBUG 2026-06-29 16:15:30 re/_trace.py:47 close.complete
DEBUG 2026-06-29 16:15:30 re/_trace.py:47 close.started
DEBUG 2026-06-29 16:15:30 re/_trace.py:47 close.complete
DEBUG 2026-06-29 16:17:55 re/_trace.py:47 close.started
DEBUG 2026-06-29 16:17:55 re/_trace.py:47 close.complete
DEBUG 2026-06-29 16:17:55 re/_trace.py:47 close.started
DEBUG 2026-06-29 16:17:55 re/_trace.py:47 close.complete
DEBUG 2026-06-29 16:17:55 re/_trace.py:47 close.started
DEBUG 2026-06-29 16:17:55 re/_trace.py:47 close.complete
DEBUG 2026-06-29 16:17:55 re/_trace.py:47 close.started
DEBUG 2026-06-29 16:17:55 re/_trace.py:47 close.complete
DEBUG 2026-06-29 16:17:55 re/_trace.py:47 close.started
DEBUG 2026-06-29 16:17:55 re/_trace.py:47 close.complete
DEBUG 2026-06-29 16:17:55 re/_trace.py:47 close.started
DEBUG 2026-06-29 16:17:55 re/_trace.py:47 close.complete
DEBUG 2026-06-29 16:17:55 re/_trace.py:47 close.started
DEBUG 2026-06-29 16:17:55 re/_trace.py:47 close.complete
DEBUG 2026-06-29 16:17:55 re/_trace.py:47 close.started
DEBUG 2026-06-29 16:17:55 re/_trace.py:47 close.complete
DEBUG 2026-06-29 16:17:55 re/_trace.py:47 close.started
DEBUG 2026-06-29 16:17:55 re/_trace.py:47 close.complete
DEBUG 2026-06-29 16:17:55 re/_trace.py:47 close.started
DEBUG 2026-06-29 16:17:55 re/_trace.py:47 close.complete
DEBUG 2026-06-29 16:20:20 re/_trace.py:47 close.started
DEBUG 2026-06-29 16:20:20 re/_trace.py:47 close.complete
DEBUG 2026-06-29 16:20:20 re/_trace.py:47 close.started
DEBUG 2026-06-29 16:20:20 re/_trace.py:47 close.complete
DEBUG 2026-06-29 16:20:20 re/_trace.py:47 close.started
DEBUG 2026-06-29 16:20:20 re/_trace.py:47 close.complete
DEBUG 2026-06-29 16:20:20 re/_trace.py:47 close.started
DEBUG 2026-06-29 16:20:20 re/_trace.py:47 close.complete
DEBUG 2026-06-29 16:20:20 re/_trace.py:47 close.started
DEBUG 2026-06-29 16:20:20 re/_trace.py:47 close.complete
DEBUG 2026-06-29 16:20:20 re/_trace.py:47 close.started
DEBUG 2026-06-29 16:20:20 re/_trace.py:47 close.complete
DEBUG 2026-06-29 16:20:20 re/_trace.py:47 close.started
DEBUG 2026-06-29 16:20:20 re/_trace.py:47 close.complete
DEBUG 2026-06-29 16:20:20 re/_trace.py:47 close.started
DEBUG 2026-06-29 16:20:20 re/_trace.py:47 close.complete
DEBUG 2026-06-29 16:20:20 re/_trace.py:47 close.started
DEBUG 2026-06-29 16:20:20 re/_trace.py:47 close.complete
DEBUG 2026-06-29 16:20:20 re/_trace.py:47 close.started
DEBUG 2026-06-29 16:20:20 re/_trace.py:47 close.complete
DEBUG 2026-06-29 16:22:47 re/_trace.py:47 close.started
DEBUG 2026-06-29 16:22:47 re/_trace.py:47 close.complete
DEBUG 2026-06-29 16:22:47 re/_trace.py:47 close.started
DEBUG 2026-06-29 16:22:47 re/_trace.py:47 close.complete
DEBUG 2026-06-29 16:22:47 re/_trace.py:47 close.started
DEBUG 2026-06-29 16:22:47 re/_trace.py:47 close.complete
DEBUG 2026-06-29 16:22:47 re/_trace.py:47 close.started
DEBUG 2026-06-29 16:22:47 re/_trace.py:47 close.complete
DEBUG 2026-06-29 16:22:47 re/_trace.py:47 close.started
DEBUG 2026-06-29 16:22:47 re/_trace.py:47 close.complete
DEBUG 2026-06-29 16:22:47 re/_trace.py:47 close.started
DEBUG 2026-06-29 16:22:47 re/_trace.py:47 close.complete
DEBUG 2026-06-29 16:22:47 re/_trace.py:47 close.started
DEBUG 2026-06-29 16:22:47 re/_trace.py:47 close.complete
DEBUG 2026-06-29 16:22:47 re/_trace.py:47 close.started
DEBUG 2026-06-29 16:22:47 re/_trace.py:47 close.complete
DEBUG 2026-06-29 16:22:47 re/_trace.py:47 close.started
DEBUG 2026-06-29 16:22:47 re/_trace.py:47 close.complete
DEBUG 2026-06-29 16:22:47 re/_trace.py:47 close.started
DEBUG 2026-06-29 16:22:47 re/_trace.py:47 close.complete
INFO 2026-06-29 16:23:14 ot_train.py:459 step:9K smpl:6M ep:9K epch:174.17 loss:0.006 grdn:0.072 lr:8.6e-05 updt_s:2.355 data_s:0.352
WARNING 2026-06-29 16:23:14 db_utils.py:181 WandB logging of key "loss_per_dim" was ignored as its type "<class 'list'>" is not handled by this wrapper.
DEBUG 2026-06-29 16:25:12 re/_trace.py:47 close.started
DEBUG 2026-06-29 16:25:12 re/_trace.py:47 close.complete
DEBUG 2026-06-29 16:25:12 re/_trace.py:47 close.started
DEBUG 2026-06-29 16:25:12 re/_trace.py:47 close.complete
DEBUG 2026-06-29 16:25:12 re/_trace.py:47 close.started
DEBUG 2026-06-29 16:25:12 re/_trace.py:47 close.complete
DEBUG 2026-06-29 16:25:12 re/_trace.py:47 close.started
DEBUG 2026-06-29 16:25:12 re/_trace.py:47 close.complete
DEBUG 2026-06-29 16:25:12 re/_trace.py:47 close.started
DEBUG 2026-06-29 16:25:12 re/_trace.py:47 close.complete
DEBUG 2026-06-29 16:25:12 re/_trace.py:47 close.started
DEBUG 2026-06-29 16:25:12 re/_trace.py:47 close.complete
DEBUG 2026-06-29 16:25:12 re/_trace.py:47 close.started
DEBUG 2026-06-29 16:25:12 re/_trace.py:47 close.complete
DEBUG 2026-06-29 16:25:12 re/_trace.py:47 close.started
DEBUG 2026-06-29 16:25:12 re/_trace.py:47 close.complete
DEBUG 2026-06-29 16:25:12 re/_trace.py:47 close.started
DEBUG 2026-06-29 16:25:12 re/_trace.py:47 close.complete
DEBUG 2026-06-29 16:25:12 re/_trace.py:47 close.started
DEBUG 2026-06-29 16:25:12 re/_trace.py:47 close.complete
DEBUG 2026-06-29 16:27:37 re/_trace.py:47 close.started
DEBUG 2026-06-29 16:27:37 re/_trace.py:47 close.complete
DEBUG 2026-06-29 16:27:37 re/_trace.py:47 close.started
DEBUG 2026-06-29 16:27:37 re/_trace.py:47 close.complete
DEBUG 2026-06-29 16:27:37 re/_trace.py:47 close.started
DEBUG 2026-06-29 16:27:37 re/_trace.py:47 close.complete
DEBUG 2026-06-29 16:27:37 re/_trace.py:47 close.started
DEBUG 2026-06-29 16:27:37 re/_trace.py:47 close.complete
DEBUG 2026-06-29 16:27:37 re/_trace.py:47 close.started
DEBUG 2026-06-29 16:27:37 re/_trace.py:47 close.complete
DEBUG 2026-06-29 16:27:37 re/_trace.py:47 close.started
DEBUG 2026-06-29 16:27:37 re/_trace.py:47 close.complete
DEBUG 2026-06-29 16:27:37 re/_trace.py:47 close.started
DEBUG 2026-06-29 16:27:37 re/_trace.py:47 close.complete
DEBUG 2026-06-29 16:27:37 re/_trace.py:47 close.started
DEBUG 2026-06-29 16:27:37 re/_trace.py:47 close.complete
DEBUG 2026-06-29 16:27:37 re/_trace.py:47 close.started
DEBUG 2026-06-29 16:27:37 re/_trace.py:47 close.complete
DEBUG 2026-06-29 16:27:37 re/_trace.py:47 close.started
DEBUG 2026-06-29 16:27:37 re/_trace.py:47 close.complete
DEBUG 2026-06-29 16:30:01 re/_trace.py:47 close.started
DEBUG 2026-06-29 16:30:01 re/_trace.py:47 close.complete
DEBUG 2026-06-29 16:30:01 re/_trace.py:47 close.started
DEBUG 2026-06-29 16:30:01 re/_trace.py:47 close.complete
DEBUG 2026-06-29 16:30:02 re/_trace.py:47 close.started
DEBUG 2026-06-29 16:30:02 re/_trace.py:47 close.complete
DEBUG 2026-06-29 16:30:02 re/_trace.py:47 close.started
DEBUG 2026-06-29 16:30:02 re/_trace.py:47 close.complete
DEBUG 2026-06-29 16:30:02 re/_trace.py:47 close.started
DEBUG 2026-06-29 16:30:02 re/_trace.py:47 close.complete
DEBUG 2026-06-29 16:30:02 re/_trace.py:47 close.started
DEBUG 2026-06-29 16:30:02 re/_trace.py:47 close.complete
DEBUG 2026-06-29 16:30:02 re/_trace.py:47 close.started
DEBUG 2026-06-29 16:30:02 re/_trace.py:47 close.complete
DEBUG 2026-06-29 16:30:02 re/_trace.py:47 close.started
DEBUG 2026-06-29 16:30:02 re/_trace.py:47 close.complete
DEBUG 2026-06-29 16:30:02 re/_trace.py:47 close.started
DEBUG 2026-06-29 16:30:02 re/_trace.py:47 close.complete
DEBUG 2026-06-29 16:30:02 re/_trace.py:47 close.started
DEBUG 2026-06-29 16:30:02 re/_trace.py:47 close.complete
INFO 2026-06-29 16:31:59 ot_train.py:459 step:10K smpl:6M ep:9K epch:177.88 loss:0.006 grdn:0.074 lr:8.6e-05 updt_s:2.318 data_s:0.301
WARNING 2026-06-29 16:31:59 db_utils.py:181 WandB logging of key "loss_per_dim" was ignored as its type "<class 'list'>" is not handled by this wrapper.
DEBUG 2026-06-29 16:32:26 re/_trace.py:47 close.started
DEBUG 2026-06-29 16:32:26 re/_trace.py:47 close.complete
DEBUG 2026-06-29 16:32:26 re/_trace.py:47 close.started
DEBUG 2026-06-29 16:32:26 re/_trace.py:47 close.complete
DEBUG 2026-06-29 16:32:26 re/_trace.py:47 close.started
DEBUG 2026-06-29 16:32:26 re/_trace.py:47 close.complete
DEBUG 2026-06-29 16:32:26 re/_trace.py:47 close.started
DEBUG 2026-06-29 16:32:26 re/_trace.py:47 close.complete
DEBUG 2026-06-29 16:32:26 re/_trace.py:47 close.started
DEBUG 2026-06-29 16:32:26 re/_trace.py:47 close.complete
DEBUG 2026-06-29 16:32:26 re/_trace.py:47 close.started
DEBUG 2026-06-29 16:32:26 re/_trace.py:47 close.complete
DEBUG 2026-06-29 16:32:26 re/_trace.py:47 close.started
DEBUG 2026-06-29 16:32:26 re/_trace.py:47 close.complete
DEBUG 2026-06-29 16:32:26 re/_trace.py:47 close.started
DEBUG 2026-06-29 16:32:26 re/_trace.py:47 close.complete
DEBUG 2026-06-29 16:32:26 re/_trace.py:47 close.started
DEBUG 2026-06-29 16:32:26 re/_trace.py:47 close.complete
DEBUG 2026-06-29 16:32:26 re/_trace.py:47 close.started
DEBUG 2026-06-29 16:32:26 re/_trace.py:47 close.complete
DEBUG 2026-06-29 16:34:52 re/_trace.py:47 close.started
DEBUG 2026-06-29 16:34:52 re/_trace.py:47 close.complete
DEBUG 2026-06-29 16:34:52 re/_trace.py:47 close.started
DEBUG 2026-06-29 16:34:52 re/_trace.py:47 close.complete
DEBUG 2026-06-29 16:34:52 re/_trace.py:47 close.started
DEBUG 2026-06-29 16:34:52 re/_trace.py:47 close.complete
DEBUG 2026-06-29 16:34:52 re/_trace.py:47 close.started
DEBUG 2026-06-29 16:34:52 re/_trace.py:47 close.complete
DEBUG 2026-06-29 16:34:52 re/_trace.py:47 close.started
DEBUG 2026-06-29 16:34:52 re/_trace.py:47 close.complete
DEBUG 2026-06-29 16:34:52 re/_trace.py:47 close.started
DEBUG 2026-06-29 16:34:52 re/_trace.py:47 close.complete
DEBUG 2026-06-29 16:34:52 re/_trace.py:47 close.started
DEBUG 2026-06-29 16:34:52 re/_trace.py:47 close.complete
DEBUG 2026-06-29 16:34:52 re/_trace.py:47 close.started
DEBUG 2026-06-29 16:34:52 re/_trace.py:47 close.complete
DEBUG 2026-06-29 16:34:52 re/_trace.py:47 close.started
DEBUG 2026-06-29 16:34:52 re/_trace.py:47 close.complete
DEBUG 2026-06-29 16:34:52 re/_trace.py:47 close.started
DEBUG 2026-06-29 16:34:52 re/_trace.py:47 close.complete
DEBUG 2026-06-29 16:37:16 re/_trace.py:47 close.started
DEBUG 2026-06-29 16:37:16 re/_trace.py:47 close.complete
DEBUG 2026-06-29 16:37:17 re/_trace.py:47 close.started
DEBUG 2026-06-29 16:37:17 re/_trace.py:47 close.complete
DEBUG 2026-06-29 16:37:17 re/_trace.py:47 close.started
DEBUG 2026-06-29 16:37:17 re/_trace.py:47 close.complete
DEBUG 2026-06-29 16:37:17 re/_trace.py:47 close.started
DEBUG 2026-06-29 16:37:17 re/_trace.py:47 close.complete
DEBUG 2026-06-29 16:37:17 re/_trace.py:47 close.started
DEBUG 2026-06-29 16:37:17 re/_trace.py:47 close.complete
DEBUG 2026-06-29 16:37:17 re/_trace.py:47 close.started
DEBUG 2026-06-29 16:37:17 re/_trace.py:47 close.complete
DEBUG 2026-06-29 16:37:17 re/_trace.py:47 close.started
DEBUG 2026-06-29 16:37:17 re/_trace.py:47 close.complete
DEBUG 2026-06-29 16:37:17 re/_trace.py:47 close.started
DEBUG 2026-06-29 16:37:17 re/_trace.py:47 close.complete
DEBUG 2026-06-29 16:37:17 re/_trace.py:47 close.started
DEBUG 2026-06-29 16:37:17 re/_trace.py:47 close.complete
DEBUG 2026-06-29 16:37:17 re/_trace.py:47 close.started
DEBUG 2026-06-29 16:37:17 re/_trace.py:47 close.complete
DEBUG 2026-06-29 16:39:40 re/_trace.py:47 close.started
DEBUG 2026-06-29 16:39:40 re/_trace.py:47 close.complete
DEBUG 2026-06-29 16:39:40 re/_trace.py:47 close.started
DEBUG 2026-06-29 16:39:40 re/_trace.py:47 close.complete
DEBUG 2026-06-29 16:39:40 re/_trace.py:47 close.started
DEBUG 2026-06-29 16:39:40 re/_trace.py:47 close.complete
DEBUG 2026-06-29 16:39:40 re/_trace.py:47 close.started
DEBUG 2026-06-29 16:39:40 re/_trace.py:47 close.complete
DEBUG 2026-06-29 16:39:40 re/_trace.py:47 close.started
DEBUG 2026-06-29 16:39:40 re/_trace.py:47 close.complete
DEBUG 2026-06-29 16:39:40 re/_trace.py:47 close.started
DEBUG 2026-06-29 16:39:40 re/_trace.py:47 close.complete
DEBUG 2026-06-29 16:39:41 re/_trace.py:47 close.started
DEBUG 2026-06-29 16:39:41 re/_trace.py:47 close.complete
DEBUG 2026-06-29 16:39:41 re/_trace.py:47 close.started
DEBUG 2026-06-29 16:39:41 re/_trace.py:47 close.complete
DEBUG 2026-06-29 16:39:41 re/_trace.py:47 close.started
DEBUG 2026-06-29 16:39:41 re/_trace.py:47 close.complete
DEBUG 2026-06-29 16:39:41 re/_trace.py:47 close.started
DEBUG 2026-06-29 16:39:41 re/_trace.py:47 close.complete
INFO 2026-06-29 16:41:02 ot_train.py:459 step:10K smpl:6M ep:9K epch:181.58 loss:0.006 grdn:0.074 lr:8.5e-05 updt_s:2.343 data_s:0.372
WARNING 2026-06-29 16:41:02 db_utils.py:181 WandB logging of key "loss_per_dim" was ignored as its type "<class 'list'>" is not handled by this wrapper.
DEBUG 2026-06-29 16:42:07 re/_trace.py:47 close.started
DEBUG 2026-06-29 16:42:07 re/_trace.py:47 close.complete
DEBUG 2026-06-29 16:42:07 re/_trace.py:47 close.started
DEBUG 2026-06-29 16:42:07 re/_trace.py:47 close.complete
DEBUG 2026-06-29 16:42:07 re/_trace.py:47 close.started
DEBUG 2026-06-29 16:42:07 re/_trace.py:47 close.complete
DEBUG 2026-06-29 16:42:07 re/_trace.py:47 close.started
DEBUG 2026-06-29 16:42:07 re/_trace.py:47 close.complete
DEBUG 2026-06-29 16:42:07 re/_trace.py:47 close.started
DEBUG 2026-06-29 16:42:07 re/_trace.py:47 close.complete
DEBUG 2026-06-29 16:42:07 re/_trace.py:47 close.started
DEBUG 2026-06-29 16:42:07 re/_trace.py:47 close.complete
DEBUG 2026-06-29 16:42:07 re/_trace.py:47 close.started
DEBUG 2026-06-29 16:42:07 re/_trace.py:47 close.complete
DEBUG 2026-06-29 16:42:07 re/_trace.py:47 close.started
DEBUG 2026-06-29 16:42:07 re/_trace.py:47 close.complete
DEBUG 2026-06-29 16:42:07 re/_trace.py:47 close.started
DEBUG 2026-06-29 16:42:07 re/_trace.py:47 close.complete
DEBUG 2026-06-29 16:42:07 re/_trace.py:47 close.started
DEBUG 2026-06-29 16:42:07 re/_trace.py:47 close.complete
DEBUG 2026-06-29 16:44:32 re/_trace.py:47 close.started
DEBUG 2026-06-29 16:44:32 re/_trace.py:47 close.complete
DEBUG 2026-06-29 16:44:32 re/_trace.py:47 close.started
DEBUG 2026-06-29 16:44:32 re/_trace.py:47 close.complete
DEBUG 2026-06-29 16:44:32 re/_trace.py:47 close.started
DEBUG 2026-06-29 16:44:32 re/_trace.py:47 close.complete
DEBUG 2026-06-29 16:44:32 re/_trace.py:47 close.started
DEBUG 2026-06-29 16:44:32 re/_trace.py:47 close.complete
DEBUG 2026-06-29 16:44:32 re/_trace.py:47 close.started
DEBUG 2026-06-29 16:44:32 re/_trace.py:47 close.complete
DEBUG 2026-06-29 16:44:32 re/_trace.py:47 close.started
DEBUG 2026-06-29 16:44:32 re/_trace.py:47 close.complete
DEBUG 2026-06-29 16:44:32 re/_trace.py:47 close.started
DEBUG 2026-06-29 16:44:32 re/_trace.py:47 close.complete
DEBUG 2026-06-29 16:44:32 re/_trace.py:47 close.started
DEBUG 2026-06-29 16:44:32 re/_trace.py:47 close.complete
DEBUG 2026-06-29 16:44:32 re/_trace.py:47 close.started
DEBUG 2026-06-29 16:44:32 re/_trace.py:47 close.complete
DEBUG 2026-06-29 16:44:33 re/_trace.py:47 close.started
DEBUG 2026-06-29 16:44:33 re/_trace.py:47 close.complete
DEBUG 2026-06-29 16:46:56 re/_trace.py:47 close.started
DEBUG 2026-06-29 16:46:56 re/_trace.py:47 close.complete
DEBUG 2026-06-29 16:46:56 re/_trace.py:47 close.started
DEBUG 2026-06-29 16:46:56 re/_trace.py:47 close.complete
DEBUG 2026-06-29 16:46:56 re/_trace.py:47 close.started
DEBUG 2026-06-29 16:46:56 re/_trace.py:47 close.complete
DEBUG 2026-06-29 16:46:56 re/_trace.py:47 close.started
DEBUG 2026-06-29 16:46:56 re/_trace.py:47 close.complete
DEBUG 2026-06-29 16:46:56 re/_trace.py:47 close.started
DEBUG 2026-06-29 16:46:56 re/_trace.py:47 close.complete
DEBUG 2026-06-29 16:46:56 re/_trace.py:47 close.started
DEBUG 2026-06-29 16:46:56 re/_trace.py:47 close.complete
DEBUG 2026-06-29 16:46:56 re/_trace.py:47 close.started
DEBUG 2026-06-29 16:46:56 re/_trace.py:47 close.complete
DEBUG 2026-06-29 16:46:56 re/_trace.py:47 close.started
DEBUG 2026-06-29 16:46:56 re/_trace.py:47 close.complete
DEBUG 2026-06-29 16:46:56 re/_trace.py:47 close.started
DEBUG 2026-06-29 16:46:56 re/_trace.py:47 close.complete
DEBUG 2026-06-29 16:46:56 re/_trace.py:47 close.started
DEBUG 2026-06-29 16:46:56 re/_trace.py:47 close.complete
DEBUG 2026-06-29 16:49:19 re/_trace.py:47 close.started
DEBUG 2026-06-29 16:49:19 re/_trace.py:47 close.complete
DEBUG 2026-06-29 16:49:19 re/_trace.py:47 close.started
DEBUG 2026-06-29 16:49:19 re/_trace.py:47 close.complete
DEBUG 2026-06-29 16:49:19 re/_trace.py:47 close.started
DEBUG 2026-06-29 16:49:19 re/_trace.py:47 close.complete
DEBUG 2026-06-29 16:49:19 re/_trace.py:47 close.started
DEBUG 2026-06-29 16:49:19 re/_trace.py:47 close.complete
DEBUG 2026-06-29 16:49:20 re/_trace.py:47 close.started
DEBUG 2026-06-29 16:49:20 re/_trace.py:47 close.complete
DEBUG 2026-06-29 16:49:20 re/_trace.py:47 close.started
DEBUG 2026-06-29 16:49:20 re/_trace.py:47 close.complete
DEBUG 2026-06-29 16:49:20 re/_trace.py:47 close.started
DEBUG 2026-06-29 16:49:20 re/_trace.py:47 close.complete
DEBUG 2026-06-29 16:49:20 re/_trace.py:47 close.started
DEBUG 2026-06-29 16:49:20 re/_trace.py:47 close.complete
DEBUG 2026-06-29 16:49:20 re/_trace.py:47 close.started
DEBUG 2026-06-29 16:49:20 re/_trace.py:47 close.complete
DEBUG 2026-06-29 16:49:20 re/_trace.py:47 close.started
DEBUG 2026-06-29 16:49:20 re/_trace.py:47 close.complete
INFO 2026-06-29 16:50:03 ot_train.py:459 step:10K smpl:6M ep:9K epch:185.29 loss:0.006 grdn:0.074 lr:8.4e-05 updt_s:2.353 data_s:0.348
WARNING 2026-06-29 16:50:03 db_utils.py:181 WandB logging of key "loss_per_dim" was ignored as its type "<class 'list'>" is not handled by this wrapper.
DEBUG 2026-06-29 16:51:44 re/_trace.py:47 close.started
DEBUG 2026-06-29 16:51:44 re/_trace.py:47 close.complete
DEBUG 2026-06-29 16:51:44 re/_trace.py:47 close.started
DEBUG 2026-06-29 16:51:44 re/_trace.py:47 close.complete
DEBUG 2026-06-29 16:51:44 re/_trace.py:47 close.started
DEBUG 2026-06-29 16:51:44 re/_trace.py:47 close.complete
DEBUG 2026-06-29 16:51:44 re/_trace.py:47 close.started
DEBUG 2026-06-29 16:51:44 re/_trace.py:47 close.complete
DEBUG 2026-06-29 16:51:44 re/_trace.py:47 close.started
DEBUG 2026-06-29 16:51:44 re/_trace.py:47 close.complete
DEBUG 2026-06-29 16:51:44 re/_trace.py:47 close.started
DEBUG 2026-06-29 16:51:44 re/_trace.py:47 close.complete
DEBUG 2026-06-29 16:51:44 re/_trace.py:47 close.started
DEBUG 2026-06-29 16:51:44 re/_trace.py:47 close.complete
DEBUG 2026-06-29 16:51:44 re/_trace.py:47 close.started
DEBUG 2026-06-29 16:51:44 re/_trace.py:47 close.complete
DEBUG 2026-06-29 16:51:44 re/_trace.py:47 close.started
DEBUG 2026-06-29 16:51:44 re/_trace.py:47 close.complete
DEBUG 2026-06-29 16:51:45 re/_trace.py:47 close.started
DEBUG 2026-06-29 16:51:45 re/_trace.py:47 close.complete
DEBUG 2026-06-29 16:54:08 re/_trace.py:47 close.started
DEBUG 2026-06-29 16:54:08 re/_trace.py:47 close.complete
DEBUG 2026-06-29 16:54:08 re/_trace.py:47 close.started
DEBUG 2026-06-29 16:54:08 re/_trace.py:47 close.complete
DEBUG 2026-06-29 16:54:08 re/_trace.py:47 close.started
DEBUG 2026-06-29 16:54:08 re/_trace.py:47 close.complete
DEBUG 2026-06-29 16:54:08 re/_trace.py:47 close.started
DEBUG 2026-06-29 16:54:08 re/_trace.py:47 close.complete
DEBUG 2026-06-29 16:54:08 re/_trace.py:47 close.started
DEBUG 2026-06-29 16:54:08 re/_trace.py:47 close.complete
DEBUG 2026-06-29 16:54:08 re/_trace.py:47 close.started
DEBUG 2026-06-29 16:54:08 re/_trace.py:47 close.complete
DEBUG 2026-06-29 16:54:08 re/_trace.py:47 close.started
DEBUG 2026-06-29 16:54:08 re/_trace.py:47 close.complete
DEBUG 2026-06-29 16:54:08 re/_trace.py:47 close.started
DEBUG 2026-06-29 16:54:08 re/_trace.py:47 close.complete
DEBUG 2026-06-29 16:54:08 re/_trace.py:47 close.started
DEBUG 2026-06-29 16:54:08 re/_trace.py:47 close.complete
DEBUG 2026-06-29 16:54:08 re/_trace.py:47 close.started
DEBUG 2026-06-29 16:54:08 re/_trace.py:47 close.complete
DEBUG 2026-06-29 16:56:32 re/_trace.py:47 close.started
DEBUG 2026-06-29 16:56:32 re/_trace.py:47 close.complete
DEBUG 2026-06-29 16:56:32 re/_trace.py:47 close.started
DEBUG 2026-06-29 16:56:32 re/_trace.py:47 close.complete
DEBUG 2026-06-29 16:56:32 re/_trace.py:47 close.started
DEBUG 2026-06-29 16:56:32 re/_trace.py:47 close.complete
DEBUG 2026-06-29 16:56:32 re/_trace.py:47 close.started
DEBUG 2026-06-29 16:56:32 re/_trace.py:47 close.complete
DEBUG 2026-06-29 16:56:32 re/_trace.py:47 close.started
DEBUG 2026-06-29 16:56:32 re/_trace.py:47 close.complete
DEBUG 2026-06-29 16:56:32 re/_trace.py:47 close.started
DEBUG 2026-06-29 16:56:32 re/_trace.py:47 close.complete
DEBUG 2026-06-29 16:56:32 re/_trace.py:47 close.started
DEBUG 2026-06-29 16:56:32 re/_trace.py:47 close.complete
DEBUG 2026-06-29 16:56:32 re/_trace.py:47 close.started
DEBUG 2026-06-29 16:56:32 re/_trace.py:47 close.complete
DEBUG 2026-06-29 16:56:32 re/_trace.py:47 close.started
DEBUG 2026-06-29 16:56:32 re/_trace.py:47 close.complete
DEBUG 2026-06-29 16:56:32 re/_trace.py:47 close.started
DEBUG 2026-06-29 16:56:32 re/_trace.py:47 close.complete
INFO 2026-06-29 16:58:43 ot_train.py:459 step:10K smpl:6M ep:9K epch:188.99 loss:0.006 grdn:0.077 lr:8.3e-05 updt_s:2.314 data_s:0.282
WARNING 2026-06-29 16:58:43 db_utils.py:181 WandB logging of key "loss_per_dim" was ignored as its type "<class 'list'>" is not handled by this wrapper.
DEBUG 2026-06-29 16:58:57 re/_trace.py:47 close.started
DEBUG 2026-06-29 16:58:57 re/_trace.py:47 close.complete
DEBUG 2026-06-29 16:58:57 re/_trace.py:47 close.started
DEBUG 2026-06-29 16:58:57 re/_trace.py:47 close.complete
DEBUG 2026-06-29 16:58:57 re/_trace.py:47 close.started
DEBUG 2026-06-29 16:58:57 re/_trace.py:47 close.complete
DEBUG 2026-06-29 16:58:57 re/_trace.py:47 close.started
DEBUG 2026-06-29 16:58:57 re/_trace.py:47 close.complete
DEBUG 2026-06-29 16:58:57 re/_trace.py:47 close.started
DEBUG 2026-06-29 16:58:57 re/_trace.py:47 close.complete
DEBUG 2026-06-29 16:58:57 re/_trace.py:47 close.started
DEBUG 2026-06-29 16:58:57 re/_trace.py:47 close.complete
DEBUG 2026-06-29 16:58:57 re/_trace.py:47 close.started
DEBUG 2026-06-29 16:58:57 re/_trace.py:47 close.complete
DEBUG 2026-06-29 16:58:57 re/_trace.py:47 close.started
DEBUG 2026-06-29 16:58:57 re/_trace.py:47 close.complete
DEBUG 2026-06-29 16:58:57 re/_trace.py:47 close.started
DEBUG 2026-06-29 16:58:57 re/_trace.py:47 close.complete
DEBUG 2026-06-29 16:58:57 re/_trace.py:47 close.started
DEBUG 2026-06-29 16:58:57 re/_trace.py:47 close.complete
DEBUG 2026-06-29 17:01:22 re/_trace.py:47 close.started
DEBUG 2026-06-29 17:01:22 re/_trace.py:47 close.complete
DEBUG 2026-06-29 17:01:22 re/_trace.py:47 close.started
DEBUG 2026-06-29 17:01:22 re/_trace.py:47 close.complete
DEBUG 2026-06-29 17:01:22 re/_trace.py:47 close.started
DEBUG 2026-06-29 17:01:22 re/_trace.py:47 close.complete
DEBUG 2026-06-29 17:01:22 re/_trace.py:47 close.started
DEBUG 2026-06-29 17:01:22 re/_trace.py:47 close.complete
DEBUG 2026-06-29 17:01:22 re/_trace.py:47 close.started
DEBUG 2026-06-29 17:01:22 re/_trace.py:47 close.complete
DEBUG 2026-06-29 17:01:22 re/_trace.py:47 close.started
DEBUG 2026-06-29 17:01:22 re/_trace.py:47 close.complete
DEBUG 2026-06-29 17:01:22 re/_trace.py:47 close.started
DEBUG 2026-06-29 17:01:22 re/_trace.py:47 close.complete
DEBUG 2026-06-29 17:01:22 re/_trace.py:47 close.started
DEBUG 2026-06-29 17:01:22 re/_trace.py:47 close.complete
DEBUG 2026-06-29 17:01:22 re/_trace.py:47 close.started
DEBUG 2026-06-29 17:01:22 re/_trace.py:47 close.complete
DEBUG 2026-06-29 17:01:22 re/_trace.py:47 close.started
DEBUG 2026-06-29 17:01:22 re/_trace.py:47 close.complete
DEBUG 2026-06-29 17:03:47 re/_trace.py:47 close.started
DEBUG 2026-06-29 17:03:47 re/_trace.py:47 close.complete
DEBUG 2026-06-29 17:03:47 re/_trace.py:47 close.started
DEBUG 2026-06-29 17:03:47 re/_trace.py:47 close.complete
DEBUG 2026-06-29 17:03:47 re/_trace.py:47 close.started
DEBUG 2026-06-29 17:03:47 re/_trace.py:47 close.complete
DEBUG 2026-06-29 17:03:47 re/_trace.py:47 close.started
DEBUG 2026-06-29 17:03:47 re/_trace.py:47 close.complete
DEBUG 2026-06-29 17:03:47 re/_trace.py:47 close.started
DEBUG 2026-06-29 17:03:47 re/_trace.py:47 close.complete
DEBUG 2026-06-29 17:03:47 re/_trace.py:47 close.started
DEBUG 2026-06-29 17:03:47 re/_trace.py:47 close.complete
DEBUG 2026-06-29 17:03:47 re/_trace.py:47 close.started
DEBUG 2026-06-29 17:03:47 re/_trace.py:47 close.complete
DEBUG 2026-06-29 17:03:47 re/_trace.py:47 close.started
DEBUG 2026-06-29 17:03:47 re/_trace.py:47 close.complete
DEBUG 2026-06-29 17:03:47 re/_trace.py:47 close.started
DEBUG 2026-06-29 17:03:47 re/_trace.py:47 close.complete
DEBUG 2026-06-29 17:03:47 re/_trace.py:47 close.started
DEBUG 2026-06-29 17:03:47 re/_trace.py:47 close.complete
DEBUG 2026-06-29 17:06:12 re/_trace.py:47 close.started
DEBUG 2026-06-29 17:06:12 re/_trace.py:47 close.complete
DEBUG 2026-06-29 17:06:12 re/_trace.py:47 close.started
DEBUG 2026-06-29 17:06:12 re/_trace.py:47 close.complete
DEBUG 2026-06-29 17:06:12 re/_trace.py:47 close.started
DEBUG 2026-06-29 17:06:12 re/_trace.py:47 close.complete
DEBUG 2026-06-29 17:06:12 re/_trace.py:47 close.started
DEBUG 2026-06-29 17:06:12 re/_trace.py:47 close.complete
DEBUG 2026-06-29 17:06:12 re/_trace.py:47 close.started
DEBUG 2026-06-29 17:06:12 re/_trace.py:47 close.complete
DEBUG 2026-06-29 17:06:12 re/_trace.py:47 close.started
DEBUG 2026-06-29 17:06:12 re/_trace.py:47 close.complete
DEBUG 2026-06-29 17:06:12 re/_trace.py:47 close.started
DEBUG 2026-06-29 17:06:12 re/_trace.py:47 close.complete
DEBUG 2026-06-29 17:06:12 re/_trace.py:47 close.started
DEBUG 2026-06-29 17:06:12 re/_trace.py:47 close.complete
DEBUG 2026-06-29 17:06:12 re/_trace.py:47 close.started
DEBUG 2026-06-29 17:06:12 re/_trace.py:47 close.complete
DEBUG 2026-06-29 17:06:13 re/_trace.py:47 close.started
DEBUG 2026-06-29 17:06:13 re/_trace.py:47 close.complete
INFO 2026-06-29 17:07:47 ot_train.py:459 step:10K smpl:6M ep:10K epch:192.70 loss:0.006 grdn:0.073 lr:8.2e-05 updt_s:2.328 data_s:0.388
WARNING 2026-06-29 17:07:47 db_utils.py:181 WandB logging of key "loss_per_dim" was ignored as its type "<class 'list'>" is not handled by this wrapper.
DEBUG 2026-06-29 17:08:38 re/_trace.py:47 close.started
DEBUG 2026-06-29 17:08:38 re/_trace.py:47 close.complete
DEBUG 2026-06-29 17:08:38 re/_trace.py:47 close.started
DEBUG 2026-06-29 17:08:38 re/_trace.py:47 close.complete
DEBUG 2026-06-29 17:08:38 re/_trace.py:47 close.started
DEBUG 2026-06-29 17:08:38 re/_trace.py:47 close.complete
DEBUG 2026-06-29 17:08:38 re/_trace.py:47 close.started
DEBUG 2026-06-29 17:08:38 re/_trace.py:47 close.complete
DEBUG 2026-06-29 17:08:38 re/_trace.py:47 close.started
DEBUG 2026-06-29 17:08:38 re/_trace.py:47 close.complete
DEBUG 2026-06-29 17:08:38 re/_trace.py:47 close.started
DEBUG 2026-06-29 17:08:38 re/_trace.py:47 close.complete
DEBUG 2026-06-29 17:08:38 re/_trace.py:47 close.started
DEBUG 2026-06-29 17:08:38 re/_trace.py:47 close.complete
DEBUG 2026-06-29 17:08:38 re/_trace.py:47 close.started
DEBUG 2026-06-29 17:08:38 re/_trace.py:47 close.complete
DEBUG 2026-06-29 17:08:38 re/_trace.py:47 close.started
DEBUG 2026-06-29 17:08:38 re/_trace.py:47 close.complete
DEBUG 2026-06-29 17:08:38 re/_trace.py:47 close.started
DEBUG 2026-06-29 17:08:38 re/_trace.py:47 close.complete
DEBUG 2026-06-29 17:11:02 re/_trace.py:47 close.started
DEBUG 2026-06-29 17:11:02 re/_trace.py:47 close.complete
DEBUG 2026-06-29 17:11:02 re/_trace.py:47 close.started
DEBUG 2026-06-29 17:11:02 re/_trace.py:47 close.complete
DEBUG 2026-06-29 17:11:03 re/_trace.py:47 close.started
DEBUG 2026-06-29 17:11:03 re/_trace.py:47 close.complete
DEBUG 2026-06-29 17:11:03 re/_trace.py:47 close.started
DEBUG 2026-06-29 17:11:03 re/_trace.py:47 close.complete
DEBUG 2026-06-29 17:11:03 re/_trace.py:47 close.started
DEBUG 2026-06-29 17:11:03 re/_trace.py:47 close.complete
DEBUG 2026-06-29 17:11:03 re/_trace.py:47 close.started
DEBUG 2026-06-29 17:11:03 re/_trace.py:47 close.complete
DEBUG 2026-06-29 17:11:03 re/_trace.py:47 close.started
DEBUG 2026-06-29 17:11:03 re/_trace.py:47 close.complete
DEBUG 2026-06-29 17:11:03 re/_trace.py:47 close.started
DEBUG 2026-06-29 17:11:03 re/_trace.py:47 close.complete
DEBUG 2026-06-29 17:11:03 re/_trace.py:47 close.started
DEBUG 2026-06-29 17:11:03 re/_trace.py:47 close.complete
DEBUG 2026-06-29 17:11:03 re/_trace.py:47 close.started
DEBUG 2026-06-29 17:11:03 re/_trace.py:47 close.complete
DEBUG 2026-06-29 17:13:28 re/_trace.py:47 close.started
DEBUG 2026-06-29 17:13:28 re/_trace.py:47 close.complete
DEBUG 2026-06-29 17:13:28 re/_trace.py:47 close.started
DEBUG 2026-06-29 17:13:28 re/_trace.py:47 close.complete
DEBUG 2026-06-29 17:13:28 re/_trace.py:47 close.started
DEBUG 2026-06-29 17:13:28 re/_trace.py:47 close.complete
DEBUG 2026-06-29 17:13:28 re/_trace.py:47 close.started
DEBUG 2026-06-29 17:13:28 re/_trace.py:47 close.complete
DEBUG 2026-06-29 17:13:28 re/_trace.py:47 close.started
DEBUG 2026-06-29 17:13:28 re/_trace.py:47 close.complete
DEBUG 2026-06-29 17:13:28 re/_trace.py:47 close.started
DEBUG 2026-06-29 17:13:28 re/_trace.py:47 close.complete
DEBUG 2026-06-29 17:13:28 re/_trace.py:47 close.started
DEBUG 2026-06-29 17:13:28 re/_trace.py:47 close.complete
DEBUG 2026-06-29 17:13:28 re/_trace.py:47 close.started
DEBUG 2026-06-29 17:13:28 re/_trace.py:47 close.complete
DEBUG 2026-06-29 17:13:28 re/_trace.py:47 close.started
DEBUG 2026-06-29 17:13:28 re/_trace.py:47 close.complete
DEBUG 2026-06-29 17:13:28 re/_trace.py:47 close.started
DEBUG 2026-06-29 17:13:28 re/_trace.py:47 close.complete
DEBUG 2026-06-29 17:15:53 re/_trace.py:47 close.started
DEBUG 2026-06-29 17:15:53 re/_trace.py:47 close.complete
DEBUG 2026-06-29 17:15:53 re/_trace.py:47 close.started
DEBUG 2026-06-29 17:15:53 re/_trace.py:47 close.complete
DEBUG 2026-06-29 17:15:53 re/_trace.py:47 close.started
DEBUG 2026-06-29 17:15:53 re/_trace.py:47 close.complete
DEBUG 2026-06-29 17:15:53 re/_trace.py:47 close.started
DEBUG 2026-06-29 17:15:53 re/_trace.py:47 close.complete
DEBUG 2026-06-29 17:15:53 re/_trace.py:47 close.started
DEBUG 2026-06-29 17:15:53 re/_trace.py:47 close.complete
DEBUG 2026-06-29 17:15:53 re/_trace.py:47 close.started
DEBUG 2026-06-29 17:15:53 re/_trace.py:47 close.complete
DEBUG 2026-06-29 17:15:53 re/_trace.py:47 close.started
DEBUG 2026-06-29 17:15:53 re/_trace.py:47 close.complete
DEBUG 2026-06-29 17:15:53 re/_trace.py:47 close.started
DEBUG 2026-06-29 17:15:53 re/_trace.py:47 close.complete
DEBUG 2026-06-29 17:15:53 re/_trace.py:47 close.started
DEBUG 2026-06-29 17:15:53 re/_trace.py:47 close.complete
DEBUG 2026-06-29 17:15:53 re/_trace.py:47 close.started
DEBUG 2026-06-29 17:15:53 re/_trace.py:47 close.complete
INFO 2026-06-29 17:16:51 ot_train.py:459 step:11K smpl:6M ep:10K epch:196.40 loss:0.005 grdn:0.074 lr:8.1e-05 updt_s:2.369 data_s:0.352
WARNING 2026-06-29 17:16:51 db_utils.py:181 WandB logging of key "loss_per_dim" was ignored as its type "<class 'list'>" is not handled by this wrapper.
DEBUG 2026-06-29 17:18:17 re/_trace.py:47 close.started
DEBUG 2026-06-29 17:18:17 re/_trace.py:47 close.complete
DEBUG 2026-06-29 17:18:17 re/_trace.py:47 close.started
DEBUG 2026-06-29 17:18:17 re/_trace.py:47 close.complete
DEBUG 2026-06-29 17:18:18 re/_trace.py:47 close.started
DEBUG 2026-06-29 17:18:18 re/_trace.py:47 close.complete
DEBUG 2026-06-29 17:18:18 re/_trace.py:47 close.started
DEBUG 2026-06-29 17:18:18 re/_trace.py:47 close.complete
DEBUG 2026-06-29 17:18:18 re/_trace.py:47 close.started
DEBUG 2026-06-29 17:18:18 re/_trace.py:47 close.complete
DEBUG 2026-06-29 17:18:18 re/_trace.py:47 close.started
DEBUG 2026-06-29 17:18:18 re/_trace.py:47 close.complete
DEBUG 2026-06-29 17:18:18 re/_trace.py:47 close.started
DEBUG 2026-06-29 17:18:18 re/_trace.py:47 close.complete
DEBUG 2026-06-29 17:18:18 re/_trace.py:47 close.started
DEBUG 2026-06-29 17:18:18 re/_trace.py:47 close.complete
DEBUG 2026-06-29 17:18:18 re/_trace.py:47 close.started
DEBUG 2026-06-29 17:18:18 re/_trace.py:47 close.complete
DEBUG 2026-06-29 17:18:18 re/_trace.py:47 close.started
DEBUG 2026-06-29 17:18:18 re/_trace.py:47 close.complete
DEBUG 2026-06-29 17:20:43 re/_trace.py:47 close.started
DEBUG 2026-06-29 17:20:43 re/_trace.py:47 close.complete
DEBUG 2026-06-29 17:20:44 re/_trace.py:47 close.started
DEBUG 2026-06-29 17:20:44 re/_trace.py:47 close.complete
DEBUG 2026-06-29 17:20:44 re/_trace.py:47 close.started
DEBUG 2026-06-29 17:20:44 re/_trace.py:47 close.complete
DEBUG 2026-06-29 17:20:44 re/_trace.py:47 close.started
DEBUG 2026-06-29 17:20:44 re/_trace.py:47 close.complete
DEBUG 2026-06-29 17:20:44 re/_trace.py:47 close.started
DEBUG 2026-06-29 17:20:44 re/_trace.py:47 close.complete
DEBUG 2026-06-29 17:20:44 re/_trace.py:47 close.started
DEBUG 2026-06-29 17:20:44 re/_trace.py:47 close.complete
DEBUG 2026-06-29 17:20:44 re/_trace.py:47 close.started
DEBUG 2026-06-29 17:20:44 re/_trace.py:47 close.complete
DEBUG 2026-06-29 17:20:44 re/_trace.py:47 close.started
DEBUG 2026-06-29 17:20:44 re/_trace.py:47 close.complete
DEBUG 2026-06-29 17:20:44 re/_trace.py:47 close.started
DEBUG 2026-06-29 17:20:44 re/_trace.py:47 close.complete
DEBUG 2026-06-29 17:20:44 re/_trace.py:47 close.started
DEBUG 2026-06-29 17:20:44 re/_trace.py:47 close.complete
DEBUG 2026-06-29 17:23:10 re/_trace.py:47 close.started
DEBUG 2026-06-29 17:23:10 re/_trace.py:47 close.complete
DEBUG 2026-06-29 17:23:10 re/_trace.py:47 close.started
DEBUG 2026-06-29 17:23:10 re/_trace.py:47 close.complete
DEBUG 2026-06-29 17:23:10 re/_trace.py:47 close.started
DEBUG 2026-06-29 17:23:10 re/_trace.py:47 close.complete
DEBUG 2026-06-29 17:23:10 re/_trace.py:47 close.started
DEBUG 2026-06-29 17:23:10 re/_trace.py:47 close.complete
DEBUG 2026-06-29 17:23:10 re/_trace.py:47 close.started
DEBUG 2026-06-29 17:23:10 re/_trace.py:47 close.complete
DEBUG 2026-06-29 17:23:10 re/_trace.py:47 close.started
DEBUG 2026-06-29 17:23:10 re/_trace.py:47 close.complete
DEBUG 2026-06-29 17:23:11 re/_trace.py:47 close.started
DEBUG 2026-06-29 17:23:11 re/_trace.py:47 close.complete
DEBUG 2026-06-29 17:23:11 re/_trace.py:47 close.started
DEBUG 2026-06-29 17:23:11 re/_trace.py:47 close.complete
DEBUG 2026-06-29 17:23:11 re/_trace.py:47 close.started
DEBUG 2026-06-29 17:23:11 re/_trace.py:47 close.complete
DEBUG 2026-06-29 17:23:11 re/_trace.py:47 close.started
DEBUG 2026-06-29 17:23:11 re/_trace.py:47 close.complete
INFO 2026-06-29 17:25:37 ot_train.py:459 step:11K smpl:7M ep:10K epch:200.11 loss:0.005 grdn:0.067 lr:8.0e-05 updt_s:2.338 data_s:0.285
WARNING 2026-06-29 17:25:37 db_utils.py:181 WandB logging of key "loss_per_dim" was ignored as its type "<class 'list'>" is not handled by this wrapper.
DEBUG 2026-06-29 17:25:37 re/_trace.py:47 close.started
DEBUG 2026-06-29 17:25:37 re/_trace.py:47 close.complete
DEBUG 2026-06-29 17:25:37 re/_trace.py:47 close.started
DEBUG 2026-06-29 17:25:37 re/_trace.py:47 close.complete
DEBUG 2026-06-29 17:25:37 re/_trace.py:47 close.started
DEBUG 2026-06-29 17:25:37 re/_trace.py:47 close.complete
DEBUG 2026-06-29 17:25:37 re/_trace.py:47 close.started
DEBUG 2026-06-29 17:25:37 re/_trace.py:47 close.complete
DEBUG 2026-06-29 17:25:37 re/_trace.py:47 close.started
DEBUG 2026-06-29 17:25:37 re/_trace.py:47 close.complete
DEBUG 2026-06-29 17:25:37 re/_trace.py:47 close.started
DEBUG 2026-06-29 17:25:37 re/_trace.py:47 close.complete
DEBUG 2026-06-29 17:25:37 re/_trace.py:47 close.started
DEBUG 2026-06-29 17:25:37 re/_trace.py:47 close.complete
DEBUG 2026-06-29 17:25:37 re/_trace.py:47 close.started
DEBUG 2026-06-29 17:25:37 re/_trace.py:47 close.complete
DEBUG 2026-06-29 17:25:37 re/_trace.py:47 close.started
DEBUG 2026-06-29 17:25:37 re/_trace.py:47 close.complete
DEBUG 2026-06-29 17:25:37 re/_trace.py:47 close.started
DEBUG 2026-06-29 17:25:37 re/_trace.py:47 close.complete
DEBUG 2026-06-29 17:28:03 re/_trace.py:47 close.started
DEBUG 2026-06-29 17:28:03 re/_trace.py:47 close.complete
DEBUG 2026-06-29 17:28:03 re/_trace.py:47 close.started
DEBUG 2026-06-29 17:28:03 re/_trace.py:47 close.complete
DEBUG 2026-06-29 17:28:03 re/_trace.py:47 close.started
DEBUG 2026-06-29 17:28:03 re/_trace.py:47 close.complete
DEBUG 2026-06-29 17:28:03 re/_trace.py:47 close.started
DEBUG 2026-06-29 17:28:03 re/_trace.py:47 close.complete
DEBUG 2026-06-29 17:28:03 re/_trace.py:47 close.started
DEBUG 2026-06-29 17:28:03 re/_trace.py:47 close.complete
DEBUG 2026-06-29 17:28:03 re/_trace.py:47 close.started
DEBUG 2026-06-29 17:28:03 re/_trace.py:47 close.complete
DEBUG 2026-06-29 17:28:03 re/_trace.py:47 close.started
DEBUG 2026-06-29 17:28:03 re/_trace.py:47 close.complete
DEBUG 2026-06-29 17:28:03 re/_trace.py:47 close.started
DEBUG 2026-06-29 17:28:03 re/_trace.py:47 close.complete
DEBUG 2026-06-29 17:28:03 re/_trace.py:47 close.started
DEBUG 2026-06-29 17:28:03 re/_trace.py:47 close.complete
DEBUG 2026-06-29 17:28:03 re/_trace.py:47 close.started
DEBUG 2026-06-29 17:28:03 re/_trace.py:47 close.complete
DEBUG 2026-06-29 17:30:28 re/_trace.py:47 close.started
DEBUG 2026-06-29 17:30:28 re/_trace.py:47 close.complete
DEBUG 2026-06-29 17:30:28 re/_trace.py:47 close.started
DEBUG 2026-06-29 17:30:28 re/_trace.py:47 close.complete
DEBUG 2026-06-29 17:30:28 re/_trace.py:47 close.started
DEBUG 2026-06-29 17:30:28 re/_trace.py:47 close.complete
DEBUG 2026-06-29 17:30:28 re/_trace.py:47 close.started
DEBUG 2026-06-29 17:30:28 re/_trace.py:47 close.complete
DEBUG 2026-06-29 17:30:28 re/_trace.py:47 close.started
DEBUG 2026-06-29 17:30:28 re/_trace.py:47 close.complete
DEBUG 2026-06-29 17:30:28 re/_trace.py:47 close.started
DEBUG 2026-06-29 17:30:28 re/_trace.py:47 close.complete
DEBUG 2026-06-29 17:30:28 re/_trace.py:47 close.started
DEBUG 2026-06-29 17:30:28 re/_trace.py:47 close.complete
DEBUG 2026-06-29 17:30:28 re/_trace.py:47 close.started
DEBUG 2026-06-29 17:30:28 re/_trace.py:47 close.complete
DEBUG 2026-06-29 17:30:28 re/_trace.py:47 close.started
DEBUG 2026-06-29 17:30:28 re/_trace.py:47 close.complete
DEBUG 2026-06-29 17:30:28 re/_trace.py:47 close.started
DEBUG 2026-06-29 17:30:28 re/_trace.py:47 close.complete
DEBUG 2026-06-29 17:32:52 re/_trace.py:47 close.started
DEBUG 2026-06-29 17:32:52 re/_trace.py:47 close.complete
DEBUG 2026-06-29 17:32:52 re/_trace.py:47 close.started
DEBUG 2026-06-29 17:32:52 re/_trace.py:47 close.complete
DEBUG 2026-06-29 17:32:52 re/_trace.py:47 close.started
DEBUG 2026-06-29 17:32:52 re/_trace.py:47 close.complete
DEBUG 2026-06-29 17:32:52 re/_trace.py:47 close.started
DEBUG 2026-06-29 17:32:52 re/_trace.py:47 close.complete
DEBUG 2026-06-29 17:32:53 re/_trace.py:47 close.started
DEBUG 2026-06-29 17:32:53 re/_trace.py:47 close.complete
DEBUG 2026-06-29 17:32:53 re/_trace.py:47 close.started
DEBUG 2026-06-29 17:32:53 re/_trace.py:47 close.complete
DEBUG 2026-06-29 17:32:53 re/_trace.py:47 close.started
DEBUG 2026-06-29 17:32:53 re/_trace.py:47 close.complete
DEBUG 2026-06-29 17:32:53 re/_trace.py:47 close.started
DEBUG 2026-06-29 17:32:53 re/_trace.py:47 close.complete
DEBUG 2026-06-29 17:32:53 re/_trace.py:47 close.started
DEBUG 2026-06-29 17:32:53 re/_trace.py:47 close.complete
DEBUG 2026-06-29 17:32:53 re/_trace.py:47 close.started
DEBUG 2026-06-29 17:32:53 re/_trace.py:47 close.complete
INFO 2026-06-29 17:34:43 ot_train.py:459 step:11K smpl:7M ep:10K epch:203.82 loss:0.005 grdn:0.077 lr:7.9e-05 updt_s:2.372 data_s:0.356
WARNING 2026-06-29 17:34:43 db_utils.py:181 WandB logging of key "loss_per_dim" was ignored as its type "<class 'list'>" is not handled by this wrapper.
DEBUG 2026-06-29 17:35:20 re/_trace.py:47 close.started
DEBUG 2026-06-29 17:35:20 re/_trace.py:47 close.complete
DEBUG 2026-06-29 17:35:20 re/_trace.py:47 close.started
DEBUG 2026-06-29 17:35:20 re/_trace.py:47 close.complete
DEBUG 2026-06-29 17:35:20 re/_trace.py:47 close.started
DEBUG 2026-06-29 17:35:20 re/_trace.py:47 close.complete
DEBUG 2026-06-29 17:35:20 re/_trace.py:47 close.started
DEBUG 2026-06-29 17:35:20 re/_trace.py:47 close.complete
DEBUG 2026-06-29 17:35:20 re/_trace.py:47 close.started
DEBUG 2026-06-29 17:35:20 re/_trace.py:47 close.complete
DEBUG 2026-06-29 17:35:20 re/_trace.py:47 close.started
DEBUG 2026-06-29 17:35:20 re/_trace.py:47 close.complete
DEBUG 2026-06-29 17:35:20 re/_trace.py:47 close.started
DEBUG 2026-06-29 17:35:20 re/_trace.py:47 close.complete
DEBUG 2026-06-29 17:35:20 re/_trace.py:47 close.started
DEBUG 2026-06-29 17:35:20 re/_trace.py:47 close.complete
DEBUG 2026-06-29 17:35:20 re/_trace.py:47 close.started
DEBUG 2026-06-29 17:35:20 re/_trace.py:47 close.complete
DEBUG 2026-06-29 17:35:20 re/_trace.py:47 close.started
DEBUG 2026-06-29 17:35:20 re/_trace.py:47 close.complete
DEBUG 2026-06-29 17:37:45 re/_trace.py:47 close.started
DEBUG 2026-06-29 17:37:45 re/_trace.py:47 close.complete
DEBUG 2026-06-29 17:37:45 re/_trace.py:47 close.started
DEBUG 2026-06-29 17:37:45 re/_trace.py:47 close.complete
DEBUG 2026-06-29 17:37:45 re/_trace.py:47 close.started
DEBUG 2026-06-29 17:37:45 re/_trace.py:47 close.complete
DEBUG 2026-06-29 17:37:45 re/_trace.py:47 close.started
DEBUG 2026-06-29 17:37:45 re/_trace.py:47 close.complete
DEBUG 2026-06-29 17:37:45 re/_trace.py:47 close.started
DEBUG 2026-06-29 17:37:45 re/_trace.py:47 close.complete
DEBUG 2026-06-29 17:37:45 re/_trace.py:47 close.started
DEBUG 2026-06-29 17:37:45 re/_trace.py:47 close.complete
DEBUG 2026-06-29 17:37:45 re/_trace.py:47 close.started
DEBUG 2026-06-29 17:37:45 re/_trace.py:47 close.complete
DEBUG 2026-06-29 17:37:45 re/_trace.py:47 close.started
DEBUG 2026-06-29 17:37:45 re/_trace.py:47 close.complete
DEBUG 2026-06-29 17:37:45 re/_trace.py:47 close.started
DEBUG 2026-06-29 17:37:45 re/_trace.py:47 close.complete
DEBUG 2026-06-29 17:37:45 re/_trace.py:47 close.started
DEBUG 2026-06-29 17:37:45 re/_trace.py:47 close.complete
DEBUG 2026-06-29 17:40:10 re/_trace.py:47 close.started
DEBUG 2026-06-29 17:40:10 re/_trace.py:47 close.complete
DEBUG 2026-06-29 17:40:10 re/_trace.py:47 close.started
DEBUG 2026-06-29 17:40:10 re/_trace.py:47 close.complete
DEBUG 2026-06-29 17:40:10 re/_trace.py:47 close.started
DEBUG 2026-06-29 17:40:10 re/_trace.py:47 close.complete
DEBUG 2026-06-29 17:40:10 re/_trace.py:47 close.started
DEBUG 2026-06-29 17:40:10 re/_trace.py:47 close.complete
DEBUG 2026-06-29 17:40:10 re/_trace.py:47 close.started
DEBUG 2026-06-29 17:40:10 re/_trace.py:47 close.complete
DEBUG 2026-06-29 17:40:10 re/_trace.py:47 close.started
DEBUG 2026-06-29 17:40:10 re/_trace.py:47 close.complete
DEBUG 2026-06-29 17:40:10 re/_trace.py:47 close.started
DEBUG 2026-06-29 17:40:10 re/_trace.py:47 close.complete
DEBUG 2026-06-29 17:40:11 re/_trace.py:47 close.started
DEBUG 2026-06-29 17:40:11 re/_trace.py:47 close.complete
DEBUG 2026-06-29 17:40:11 re/_trace.py:47 close.started
DEBUG 2026-06-29 17:40:11 re/_trace.py:47 close.complete
DEBUG 2026-06-29 17:40:11 re/_trace.py:47 close.started
DEBUG 2026-06-29 17:40:11 re/_trace.py:47 close.complete
DEBUG 2026-06-29 17:42:37 re/_trace.py:47 close.started
DEBUG 2026-06-29 17:42:37 re/_trace.py:47 close.complete
DEBUG 2026-06-29 17:42:37 re/_trace.py:47 close.started
DEBUG 2026-06-29 17:42:37 re/_trace.py:47 close.complete
DEBUG 2026-06-29 17:42:37 re/_trace.py:47 close.started
DEBUG 2026-06-29 17:42:37 re/_trace.py:47 close.complete
DEBUG 2026-06-29 17:42:37 re/_trace.py:47 close.started
DEBUG 2026-06-29 17:42:37 re/_trace.py:47 close.complete
DEBUG 2026-06-29 17:42:37 re/_trace.py:47 close.started
DEBUG 2026-06-29 17:42:37 re/_trace.py:47 close.complete
DEBUG 2026-06-29 17:42:37 re/_trace.py:47 close.started
DEBUG 2026-06-29 17:42:37 re/_trace.py:47 close.complete
DEBUG 2026-06-29 17:42:37 re/_trace.py:47 close.started
DEBUG 2026-06-29 17:42:37 re/_trace.py:47 close.complete
DEBUG 2026-06-29 17:42:37 re/_trace.py:47 close.started
DEBUG 2026-06-29 17:42:37 re/_trace.py:47 close.complete
DEBUG 2026-06-29 17:42:37 re/_trace.py:47 close.started
DEBUG 2026-06-29 17:42:37 re/_trace.py:47 close.complete
DEBUG 2026-06-29 17:42:37 re/_trace.py:47 close.started
DEBUG 2026-06-29 17:42:37 re/_trace.py:47 close.complete
INFO 2026-06-29 17:43:49 ot_train.py:459 step:11K smpl:7M ep:10K epch:207.52 loss:0.005 grdn:0.074 lr:7.8e-05 updt_s:2.348 data_s:0.382
WARNING 2026-06-29 17:43:49 db_utils.py:181 WandB logging of key "loss_per_dim" was ignored as its type "<class 'list'>" is not handled by this wrapper.
DEBUG 2026-06-29 17:45:02 re/_trace.py:47 close.started
DEBUG 2026-06-29 17:45:02 re/_trace.py:47 close.complete
DEBUG 2026-06-29 17:45:02 re/_trace.py:47 close.started
DEBUG 2026-06-29 17:45:02 re/_trace.py:47 close.complete
DEBUG 2026-06-29 17:45:02 re/_trace.py:47 close.started
DEBUG 2026-06-29 17:45:02 re/_trace.py:47 close.complete
DEBUG 2026-06-29 17:45:02 re/_trace.py:47 close.started
DEBUG 2026-06-29 17:45:02 re/_trace.py:47 close.complete
DEBUG 2026-06-29 17:45:02 re/_trace.py:47 close.started
DEBUG 2026-06-29 17:45:02 re/_trace.py:47 close.complete
DEBUG 2026-06-29 17:45:03 re/_trace.py:47 close.started
DEBUG 2026-06-29 17:45:03 re/_trace.py:47 close.complete
DEBUG 2026-06-29 17:45:03 re/_trace.py:47 close.started
DEBUG 2026-06-29 17:45:03 re/_trace.py:47 close.complete
DEBUG 2026-06-29 17:45:03 re/_trace.py:47 close.started
DEBUG 2026-06-29 17:45:03 re/_trace.py:47 close.complete
DEBUG 2026-06-29 17:45:03 re/_trace.py:47 close.started
DEBUG 2026-06-29 17:45:03 re/_trace.py:47 close.complete
DEBUG 2026-06-29 17:45:03 re/_trace.py:47 close.started
DEBUG 2026-06-29 17:45:03 re/_trace.py:47 close.complete
DEBUG 2026-06-29 17:47:27 re/_trace.py:47 close.started
DEBUG 2026-06-29 17:47:27 re/_trace.py:47 close.complete
DEBUG 2026-06-29 17:47:27 re/_trace.py:47 close.started
DEBUG 2026-06-29 17:47:27 re/_trace.py:47 close.complete
DEBUG 2026-06-29 17:47:27 re/_trace.py:47 close.started
DEBUG 2026-06-29 17:47:27 re/_trace.py:47 close.complete
DEBUG 2026-06-29 17:47:27 re/_trace.py:47 close.started
DEBUG 2026-06-29 17:47:27 re/_trace.py:47 close.complete
DEBUG 2026-06-29 17:47:27 re/_trace.py:47 close.started
DEBUG 2026-06-29 17:47:27 re/_trace.py:47 close.complete
DEBUG 2026-06-29 17:47:27 re/_trace.py:47 close.started
DEBUG 2026-06-29 17:47:27 re/_trace.py:47 close.complete
DEBUG 2026-06-29 17:47:27 re/_trace.py:47 close.started
DEBUG 2026-06-29 17:47:27 re/_trace.py:47 close.complete
DEBUG 2026-06-29 17:47:27 re/_trace.py:47 close.started
DEBUG 2026-06-29 17:47:27 re/_trace.py:47 close.complete
DEBUG 2026-06-29 17:47:27 re/_trace.py:47 close.started
DEBUG 2026-06-29 17:47:27 re/_trace.py:47 close.complete
DEBUG 2026-06-29 17:47:27 re/_trace.py:47 close.started
DEBUG 2026-06-29 17:47:27 re/_trace.py:47 close.complete
DEBUG 2026-06-29 17:49:52 re/_trace.py:47 close.started
DEBUG 2026-06-29 17:49:52 re/_trace.py:47 close.complete
DEBUG 2026-06-29 17:49:52 re/_trace.py:47 close.started
DEBUG 2026-06-29 17:49:52 re/_trace.py:47 close.complete
DEBUG 2026-06-29 17:49:52 re/_trace.py:47 close.started
DEBUG 2026-06-29 17:49:52 re/_trace.py:47 close.complete
DEBUG 2026-06-29 17:49:52 re/_trace.py:47 close.started
DEBUG 2026-06-29 17:49:52 re/_trace.py:47 close.complete
DEBUG 2026-06-29 17:49:52 re/_trace.py:47 close.started
DEBUG 2026-06-29 17:49:52 re/_trace.py:47 close.complete
DEBUG 2026-06-29 17:49:52 re/_trace.py:47 close.started
DEBUG 2026-06-29 17:49:52 re/_trace.py:47 close.complete
DEBUG 2026-06-29 17:49:52 re/_trace.py:47 close.started
DEBUG 2026-06-29 17:49:52 re/_trace.py:47 close.complete
DEBUG 2026-06-29 17:49:52 re/_trace.py:47 close.started
DEBUG 2026-06-29 17:49:52 re/_trace.py:47 close.complete
DEBUG 2026-06-29 17:49:52 re/_trace.py:47 close.started
DEBUG 2026-06-29 17:49:52 re/_trace.py:47 close.complete
DEBUG 2026-06-29 17:49:52 re/_trace.py:47 close.started
DEBUG 2026-06-29 17:49:52 re/_trace.py:47 close.complete
DEBUG 2026-06-29 17:52:17 re/_trace.py:47 close.started
DEBUG 2026-06-29 17:52:17 re/_trace.py:47 close.complete
DEBUG 2026-06-29 17:52:17 re/_trace.py:47 close.started
DEBUG 2026-06-29 17:52:17 re/_trace.py:47 close.complete
DEBUG 2026-06-29 17:52:17 re/_trace.py:47 close.started
DEBUG 2026-06-29 17:52:17 re/_trace.py:47 close.complete
DEBUG 2026-06-29 17:52:17 re/_trace.py:47 close.started
DEBUG 2026-06-29 17:52:17 re/_trace.py:47 close.complete
DEBUG 2026-06-29 17:52:17 re/_trace.py:47 close.started
DEBUG 2026-06-29 17:52:17 re/_trace.py:47 close.complete
DEBUG 2026-06-29 17:52:17 re/_trace.py:47 close.started
DEBUG 2026-06-29 17:52:17 re/_trace.py:47 close.complete
DEBUG 2026-06-29 17:52:17 re/_trace.py:47 close.started
DEBUG 2026-06-29 17:52:17 re/_trace.py:47 close.complete
DEBUG 2026-06-29 17:52:17 re/_trace.py:47 close.started
DEBUG 2026-06-29 17:52:17 re/_trace.py:47 close.complete
DEBUG 2026-06-29 17:52:17 re/_trace.py:47 close.started
DEBUG 2026-06-29 17:52:17 re/_trace.py:47 close.complete
DEBUG 2026-06-29 17:52:17 re/_trace.py:47 close.started
DEBUG 2026-06-29 17:52:17 re/_trace.py:47 close.complete
INFO 2026-06-29 17:52:51 ot_train.py:459 step:11K smpl:7M ep:11K epch:211.23 loss:0.005 grdn:0.072 lr:7.7e-05 updt_s:2.336 data_s:0.372
WARNING 2026-06-29 17:52:51 db_utils.py:181 WandB logging of key "loss_per_dim" was ignored as its type "<class 'list'>" is not handled by this wrapper.
DEBUG 2026-06-29 17:54:43 re/_trace.py:47 close.started
DEBUG 2026-06-29 17:54:43 re/_trace.py:47 close.complete
DEBUG 2026-06-29 17:54:43 re/_trace.py:47 close.started
DEBUG 2026-06-29 17:54:43 re/_trace.py:47 close.complete
DEBUG 2026-06-29 17:54:43 re/_trace.py:47 close.started
DEBUG 2026-06-29 17:54:43 re/_trace.py:47 close.complete
DEBUG 2026-06-29 17:54:43 re/_trace.py:47 close.started
DEBUG 2026-06-29 17:54:43 re/_trace.py:47 close.complete
DEBUG 2026-06-29 17:54:43 re/_trace.py:47 close.started
DEBUG 2026-06-29 17:54:43 re/_trace.py:47 close.complete
DEBUG 2026-06-29 17:54:44 re/_trace.py:47 close.started
DEBUG 2026-06-29 17:54:44 re/_trace.py:47 close.complete
DEBUG 2026-06-29 17:54:44 re/_trace.py:47 close.started
DEBUG 2026-06-29 17:54:44 re/_trace.py:47 close.complete
DEBUG 2026-06-29 17:54:44 re/_trace.py:47 close.started
DEBUG 2026-06-29 17:54:44 re/_trace.py:47 close.complete
DEBUG 2026-06-29 17:54:44 re/_trace.py:47 close.started
DEBUG 2026-06-29 17:54:44 re/_trace.py:47 close.complete
DEBUG 2026-06-29 17:54:44 re/_trace.py:47 close.started
DEBUG 2026-06-29 17:54:44 re/_trace.py:47 close.complete
DEBUG 2026-06-29 17:57:08 re/_trace.py:47 close.started
DEBUG 2026-06-29 17:57:08 re/_trace.py:47 close.complete
DEBUG 2026-06-29 17:57:08 re/_trace.py:47 close.started
DEBUG 2026-06-29 17:57:08 re/_trace.py:47 close.complete
DEBUG 2026-06-29 17:57:08 re/_trace.py:47 close.started
DEBUG 2026-06-29 17:57:08 re/_trace.py:47 close.complete
DEBUG 2026-06-29 17:57:09 re/_trace.py:47 close.started
DEBUG 2026-06-29 17:57:09 re/_trace.py:47 close.complete
DEBUG 2026-06-29 17:57:09 re/_trace.py:47 close.started
DEBUG 2026-06-29 17:57:09 re/_trace.py:47 close.complete
DEBUG 2026-06-29 17:57:09 re/_trace.py:47 close.started
DEBUG 2026-06-29 17:57:09 re/_trace.py:47 close.complete
DEBUG 2026-06-29 17:57:09 re/_trace.py:47 close.started
DEBUG 2026-06-29 17:57:09 re/_trace.py:47 close.complete
DEBUG 2026-06-29 17:57:09 re/_trace.py:47 close.started
DEBUG 2026-06-29 17:57:09 re/_trace.py:47 close.complete
DEBUG 2026-06-29 17:57:09 re/_trace.py:47 close.started
DEBUG 2026-06-29 17:57:09 re/_trace.py:47 close.complete
DEBUG 2026-06-29 17:57:09 re/_trace.py:47 close.started
DEBUG 2026-06-29 17:57:09 re/_trace.py:47 close.complete
DEBUG 2026-06-29 17:59:34 re/_trace.py:47 close.started
DEBUG 2026-06-29 17:59:34 re/_trace.py:47 close.complete
DEBUG 2026-06-29 17:59:34 re/_trace.py:47 close.started
DEBUG 2026-06-29 17:59:34 re/_trace.py:47 close.complete
DEBUG 2026-06-29 17:59:34 re/_trace.py:47 close.started
DEBUG 2026-06-29 17:59:34 re/_trace.py:47 close.complete
DEBUG 2026-06-29 17:59:34 re/_trace.py:47 close.started
DEBUG 2026-06-29 17:59:34 re/_trace.py:47 close.complete
DEBUG 2026-06-29 17:59:35 re/_trace.py:47 close.started
DEBUG 2026-06-29 17:59:35 re/_trace.py:47 close.complete
DEBUG 2026-06-29 17:59:35 re/_trace.py:47 close.started
DEBUG 2026-06-29 17:59:35 re/_trace.py:47 close.complete
DEBUG 2026-06-29 17:59:35 re/_trace.py:47 close.started
DEBUG 2026-06-29 17:59:35 re/_trace.py:47 close.complete
DEBUG 2026-06-29 17:59:35 re/_trace.py:47 close.started
DEBUG 2026-06-29 17:59:35 re/_trace.py:47 close.complete
DEBUG 2026-06-29 17:59:35 re/_trace.py:47 close.started
DEBUG 2026-06-29 17:59:35 re/_trace.py:47 close.complete
DEBUG 2026-06-29 17:59:35 re/_trace.py:47 close.started
DEBUG 2026-06-29 17:59:35 re/_trace.py:47 close.complete
INFO 2026-06-29 18:01:35 ot_train.py:459 step:12K smpl:7M ep:11K epch:214.93 loss:0.005 grdn:0.071 lr:7.6e-05 updt_s:2.330 data_s:0.287
WARNING 2026-06-29 18:01:35 db_utils.py:181 WandB logging of key "loss_per_dim" was ignored as its type "<class 'list'>" is not handled by this wrapper.
DEBUG 2026-06-29 18:01:58 re/_trace.py:47 close.started
DEBUG 2026-06-29 18:01:58 re/_trace.py:47 close.complete
DEBUG 2026-06-29 18:01:58 re/_trace.py:47 close.started
DEBUG 2026-06-29 18:01:58 re/_trace.py:47 close.complete
DEBUG 2026-06-29 18:01:58 re/_trace.py:47 close.started
DEBUG 2026-06-29 18:01:58 re/_trace.py:47 close.complete
DEBUG 2026-06-29 18:01:58 re/_trace.py:47 close.started
DEBUG 2026-06-29 18:01:58 re/_trace.py:47 close.complete
DEBUG 2026-06-29 18:01:58 re/_trace.py:47 close.started
DEBUG 2026-06-29 18:01:58 re/_trace.py:47 close.complete
DEBUG 2026-06-29 18:01:58 re/_trace.py:47 close.started
DEBUG 2026-06-29 18:01:58 re/_trace.py:47 close.complete
DEBUG 2026-06-29 18:01:58 re/_trace.py:47 close.started
DEBUG 2026-06-29 18:01:58 re/_trace.py:47 close.complete
DEBUG 2026-06-29 18:01:58 re/_trace.py:47 close.started
DEBUG 2026-06-29 18:01:58 re/_trace.py:47 close.complete
DEBUG 2026-06-29 18:01:58 re/_trace.py:47 close.started
DEBUG 2026-06-29 18:01:58 re/_trace.py:47 close.complete
DEBUG 2026-06-29 18:01:59 re/_trace.py:47 close.started
DEBUG 2026-06-29 18:01:59 re/_trace.py:47 close.complete
DEBUG 2026-06-29 18:04:25 re/_trace.py:47 close.started
DEBUG 2026-06-29 18:04:25 re/_trace.py:47 close.complete
DEBUG 2026-06-29 18:04:25 re/_trace.py:47 close.started
DEBUG 2026-06-29 18:04:25 re/_trace.py:47 close.complete
DEBUG 2026-06-29 18:04:25 re/_trace.py:47 close.started
DEBUG 2026-06-29 18:04:25 re/_trace.py:47 close.complete
DEBUG 2026-06-29 18:04:25 re/_trace.py:47 close.started
DEBUG 2026-06-29 18:04:25 re/_trace.py:47 close.complete
DEBUG 2026-06-29 18:04:25 re/_trace.py:47 close.started
DEBUG 2026-06-29 18:04:25 re/_trace.py:47 close.complete
DEBUG 2026-06-29 18:04:25 re/_trace.py:47 close.started
DEBUG 2026-06-29 18:04:25 re/_trace.py:47 close.complete
DEBUG 2026-06-29 18:04:25 re/_trace.py:47 close.started
DEBUG 2026-06-29 18:04:25 re/_trace.py:47 close.complete
DEBUG 2026-06-29 18:04:25 re/_trace.py:47 close.started
DEBUG 2026-06-29 18:04:25 re/_trace.py:47 close.complete
DEBUG 2026-06-29 18:04:26 re/_trace.py:47 close.started
DEBUG 2026-06-29 18:04:26 re/_trace.py:47 close.complete
DEBUG 2026-06-29 18:04:26 re/_trace.py:47 close.started
DEBUG 2026-06-29 18:04:26 re/_trace.py:47 close.complete
DEBUG 2026-06-29 18:06:50 re/_trace.py:47 close.started
DEBUG 2026-06-29 18:06:50 re/_trace.py:47 close.complete
DEBUG 2026-06-29 18:06:50 re/_trace.py:47 close.started
DEBUG 2026-06-29 18:06:50 re/_trace.py:47 close.complete
DEBUG 2026-06-29 18:06:51 re/_trace.py:47 close.started
DEBUG 2026-06-29 18:06:51 re/_trace.py:47 close.complete
DEBUG 2026-06-29 18:06:51 re/_trace.py:47 close.started
DEBUG 2026-06-29 18:06:51 re/_trace.py:47 close.complete
DEBUG 2026-06-29 18:06:51 re/_trace.py:47 close.started
DEBUG 2026-06-29 18:06:51 re/_trace.py:47 close.complete
DEBUG 2026-06-29 18:06:51 re/_trace.py:47 close.started
DEBUG 2026-06-29 18:06:51 re/_trace.py:47 close.complete
DEBUG 2026-06-29 18:06:51 re/_trace.py:47 close.started
DEBUG 2026-06-29 18:06:51 re/_trace.py:47 close.complete
DEBUG 2026-06-29 18:06:51 re/_trace.py:47 close.started
DEBUG 2026-06-29 18:06:51 re/_trace.py:47 close.complete
DEBUG 2026-06-29 18:06:51 re/_trace.py:47 close.started
DEBUG 2026-06-29 18:06:51 re/_trace.py:47 close.complete
DEBUG 2026-06-29 18:06:51 re/_trace.py:47 close.started
DEBUG 2026-06-29 18:06:51 re/_trace.py:47 close.complete
DEBUG 2026-06-29 18:09:15 re/_trace.py:47 close.started
DEBUG 2026-06-29 18:09:15 re/_trace.py:47 close.complete
DEBUG 2026-06-29 18:09:15 re/_trace.py:47 close.started
DEBUG 2026-06-29 18:09:15 re/_trace.py:47 close.complete
DEBUG 2026-06-29 18:09:15 re/_trace.py:47 close.started
DEBUG 2026-06-29 18:09:15 re/_trace.py:47 close.complete
DEBUG 2026-06-29 18:09:15 re/_trace.py:47 close.started
DEBUG 2026-06-29 18:09:15 re/_trace.py:47 close.complete
DEBUG 2026-06-29 18:09:15 re/_trace.py:47 close.started
DEBUG 2026-06-29 18:09:15 re/_trace.py:47 close.complete
DEBUG 2026-06-29 18:09:15 re/_trace.py:47 close.started
DEBUG 2026-06-29 18:09:15 re/_trace.py:47 close.complete
DEBUG 2026-06-29 18:09:15 re/_trace.py:47 close.started
DEBUG 2026-06-29 18:09:15 re/_trace.py:47 close.complete
DEBUG 2026-06-29 18:09:15 re/_trace.py:47 close.started
DEBUG 2026-06-29 18:09:15 re/_trace.py:47 close.complete
DEBUG 2026-06-29 18:09:15 re/_trace.py:47 close.started
DEBUG 2026-06-29 18:09:15 re/_trace.py:47 close.complete
DEBUG 2026-06-29 18:09:15 re/_trace.py:47 close.started
DEBUG 2026-06-29 18:09:15 re/_trace.py:47 close.complete
INFO 2026-06-29 18:10:40 ot_train.py:459 step:12K smpl:7M ep:11K epch:218.64 loss:0.005 grdn:0.072 lr:7.4e-05 updt_s:2.352 data_s:0.371
WARNING 2026-06-29 18:10:40 db_utils.py:181 WandB logging of key "loss_per_dim" was ignored as its type "<class 'list'>" is not handled by this wrapper.
DEBUG 2026-06-29 18:11:40 re/_trace.py:47 close.started
DEBUG 2026-06-29 18:11:40 re/_trace.py:47 close.complete
DEBUG 2026-06-29 18:11:40 re/_trace.py:47 close.started
DEBUG 2026-06-29 18:11:40 re/_trace.py:47 close.complete
DEBUG 2026-06-29 18:11:40 re/_trace.py:47 close.started
DEBUG 2026-06-29 18:11:40 re/_trace.py:47 close.complete
DEBUG 2026-06-29 18:11:40 re/_trace.py:47 close.started
DEBUG 2026-06-29 18:11:40 re/_trace.py:47 close.complete
DEBUG 2026-06-29 18:11:40 re/_trace.py:47 close.started
DEBUG 2026-06-29 18:11:40 re/_trace.py:47 close.complete
DEBUG 2026-06-29 18:11:40 re/_trace.py:47 close.started
DEBUG 2026-06-29 18:11:40 re/_trace.py:47 close.complete
DEBUG 2026-06-29 18:11:40 re/_trace.py:47 close.started
DEBUG 2026-06-29 18:11:40 re/_trace.py:47 close.complete
DEBUG 2026-06-29 18:11:40 re/_trace.py:47 close.started
DEBUG 2026-06-29 18:11:40 re/_trace.py:47 close.complete
DEBUG 2026-06-29 18:11:40 re/_trace.py:47 close.started
DEBUG 2026-06-29 18:11:40 re/_trace.py:47 close.complete
DEBUG 2026-06-29 18:11:40 re/_trace.py:47 close.started
DEBUG 2026-06-29 18:11:40 re/_trace.py:47 close.complete
DEBUG 2026-06-29 18:14:06 re/_trace.py:47 close.started
DEBUG 2026-06-29 18:14:06 re/_trace.py:47 close.complete
DEBUG 2026-06-29 18:14:06 re/_trace.py:47 close.started
DEBUG 2026-06-29 18:14:06 re/_trace.py:47 close.complete
DEBUG 2026-06-29 18:14:06 re/_trace.py:47 close.started
DEBUG 2026-06-29 18:14:06 re/_trace.py:47 close.complete
DEBUG 2026-06-29 18:14:06 re/_trace.py:47 close.started
DEBUG 2026-06-29 18:14:06 re/_trace.py:47 close.complete
DEBUG 2026-06-29 18:14:07 re/_trace.py:47 close.started
DEBUG 2026-06-29 18:14:07 re/_trace.py:47 close.complete
DEBUG 2026-06-29 18:14:07 re/_trace.py:47 close.started
DEBUG 2026-06-29 18:14:07 re/_trace.py:47 close.complete
DEBUG 2026-06-29 18:14:07 re/_trace.py:47 close.started
DEBUG 2026-06-29 18:14:07 re/_trace.py:47 close.complete
DEBUG 2026-06-29 18:14:07 re/_trace.py:47 close.started
DEBUG 2026-06-29 18:14:07 re/_trace.py:47 close.complete
DEBUG 2026-06-29 18:14:07 re/_trace.py:47 close.started
DEBUG 2026-06-29 18:14:07 re/_trace.py:47 close.complete
DEBUG 2026-06-29 18:14:07 re/_trace.py:47 close.started
DEBUG 2026-06-29 18:14:07 re/_trace.py:47 close.complete
DEBUG 2026-06-29 18:16:32 re/_trace.py:47 close.started
DEBUG 2026-06-29 18:16:32 re/_trace.py:47 close.complete
DEBUG 2026-06-29 18:16:32 re/_trace.py:47 close.started
DEBUG 2026-06-29 18:16:32 re/_trace.py:47 close.complete
DEBUG 2026-06-29 18:16:32 re/_trace.py:47 close.started
DEBUG 2026-06-29 18:16:32 re/_trace.py:47 close.complete
DEBUG 2026-06-29 18:16:32 re/_trace.py:47 close.started
DEBUG 2026-06-29 18:16:32 re/_trace.py:47 close.complete
DEBUG 2026-06-29 18:16:32 re/_trace.py:47 close.started
DEBUG 2026-06-29 18:16:32 re/_trace.py:47 close.complete
DEBUG 2026-06-29 18:16:32 re/_trace.py:47 close.started
DEBUG 2026-06-29 18:16:32 re/_trace.py:47 close.complete
DEBUG 2026-06-29 18:16:32 re/_trace.py:47 close.started
DEBUG 2026-06-29 18:16:32 re/_trace.py:47 close.complete
DEBUG 2026-06-29 18:16:32 re/_trace.py:47 close.started
DEBUG 2026-06-29 18:16:32 re/_trace.py:47 close.complete
DEBUG 2026-06-29 18:16:32 re/_trace.py:47 close.started
DEBUG 2026-06-29 18:16:32 re/_trace.py:47 close.complete
DEBUG 2026-06-29 18:16:32 re/_trace.py:47 close.started
DEBUG 2026-06-29 18:16:32 re/_trace.py:47 close.complete
DEBUG 2026-06-29 18:18:58 re/_trace.py:47 close.started
DEBUG 2026-06-29 18:18:58 re/_trace.py:47 close.complete
DEBUG 2026-06-29 18:18:58 re/_trace.py:47 close.started
DEBUG 2026-06-29 18:18:58 re/_trace.py:47 close.complete
DEBUG 2026-06-29 18:18:58 re/_trace.py:47 close.started
DEBUG 2026-06-29 18:18:58 re/_trace.py:47 close.complete
DEBUG 2026-06-29 18:18:58 re/_trace.py:47 close.started
DEBUG 2026-06-29 18:18:58 re/_trace.py:47 close.complete
DEBUG 2026-06-29 18:18:58 re/_trace.py:47 close.started
DEBUG 2026-06-29 18:18:58 re/_trace.py:47 close.complete
DEBUG 2026-06-29 18:18:58 re/_trace.py:47 close.started
DEBUG 2026-06-29 18:18:58 re/_trace.py:47 close.complete
DEBUG 2026-06-29 18:18:58 re/_trace.py:47 close.started
DEBUG 2026-06-29 18:18:58 re/_trace.py:47 close.complete
DEBUG 2026-06-29 18:18:58 re/_trace.py:47 close.started
DEBUG 2026-06-29 18:18:58 re/_trace.py:47 close.complete
DEBUG 2026-06-29 18:18:58 re/_trace.py:47 close.started
DEBUG 2026-06-29 18:18:58 re/_trace.py:47 close.complete
DEBUG 2026-06-29 18:18:58 re/_trace.py:47 close.started
DEBUG 2026-06-29 18:18:58 re/_trace.py:47 close.complete
INFO 2026-06-29 18:19:46 ot_train.py:459 step:12K smpl:7M ep:11K epch:222.34 loss:0.005 grdn:0.066 lr:7.3e-05 updt_s:2.342 data_s:0.385
WARNING 2026-06-29 18:19:46 db_utils.py:181 WandB logging of key "loss_per_dim" was ignored as its type "<class 'list'>" is not handled by this wrapper.
INFO 2026-06-29 18:19:46 ot_train.py:479 Checkpoint policy after step 12000
DEBUG 2026-06-29 18:20:24 tionpool.py:289 Resetting dropped connection: api.wandb.ai
DEBUG 2026-06-29 18:20:25 tionpool.py:544 https://api.wandb.ai:443 "POST /graphql HTTP/1.1" 200 None
DEBUG 2026-06-29 18:22:01 re/_trace.py:47 close.started
DEBUG 2026-06-29 18:22:01 re/_trace.py:47 close.complete
DEBUG 2026-06-29 18:22:01 re/_trace.py:47 close.started
DEBUG 2026-06-29 18:22:01 re/_trace.py:47 close.complete
DEBUG 2026-06-29 18:22:01 re/_trace.py:47 close.started
DEBUG 2026-06-29 18:22:01 re/_trace.py:47 close.complete
DEBUG 2026-06-29 18:22:01 re/_trace.py:47 close.started
DEBUG 2026-06-29 18:22:01 re/_trace.py:47 close.complete
DEBUG 2026-06-29 18:22:02 re/_trace.py:47 close.started
DEBUG 2026-06-29 18:22:02 re/_trace.py:47 close.complete
DEBUG 2026-06-29 18:22:02 re/_trace.py:47 close.started
DEBUG 2026-06-29 18:22:02 re/_trace.py:47 close.complete
DEBUG 2026-06-29 18:22:02 re/_trace.py:47 close.started
DEBUG 2026-06-29 18:22:02 re/_trace.py:47 close.complete
DEBUG 2026-06-29 18:22:02 re/_trace.py:47 close.started
DEBUG 2026-06-29 18:22:02 re/_trace.py:47 close.complete
DEBUG 2026-06-29 18:22:02 re/_trace.py:47 close.started
DEBUG 2026-06-29 18:22:02 re/_trace.py:47 close.complete
DEBUG 2026-06-29 18:22:02 re/_trace.py:47 close.started
DEBUG 2026-06-29 18:22:02 re/_trace.py:47 close.complete
DEBUG 2026-06-29 18:24:25 re/_trace.py:47 close.started
DEBUG 2026-06-29 18:24:25 re/_trace.py:47 close.complete
DEBUG 2026-06-29 18:24:25 re/_trace.py:47 close.started
DEBUG 2026-06-29 18:24:25 re/_trace.py:47 close.complete
DEBUG 2026-06-29 18:24:26 re/_trace.py:47 close.started
DEBUG 2026-06-29 18:24:26 re/_trace.py:47 close.complete
DEBUG 2026-06-29 18:24:26 re/_trace.py:47 close.started
DEBUG 2026-06-29 18:24:26 re/_trace.py:47 close.complete
DEBUG 2026-06-29 18:24:26 re/_trace.py:47 close.started
DEBUG 2026-06-29 18:24:26 re/_trace.py:47 close.complete
DEBUG 2026-06-29 18:24:26 re/_trace.py:47 close.started
DEBUG 2026-06-29 18:24:26 re/_trace.py:47 close.complete
DEBUG 2026-06-29 18:24:26 re/_trace.py:47 close.started
DEBUG 2026-06-29 18:24:26 re/_trace.py:47 close.complete
DEBUG 2026-06-29 18:24:26 re/_trace.py:47 close.started
DEBUG 2026-06-29 18:24:26 re/_trace.py:47 close.complete
DEBUG 2026-06-29 18:24:26 re/_trace.py:47 close.started
DEBUG 2026-06-29 18:24:26 re/_trace.py:47 close.complete
DEBUG 2026-06-29 18:24:26 re/_trace.py:47 close.started
DEBUG 2026-06-29 18:24:26 re/_trace.py:47 close.complete
DEBUG 2026-06-29 18:26:52 re/_trace.py:47 close.started
DEBUG 2026-06-29 18:26:52 re/_trace.py:47 close.complete
DEBUG 2026-06-29 18:26:52 re/_trace.py:47 close.started
DEBUG 2026-06-29 18:26:52 re/_trace.py:47 close.complete
DEBUG 2026-06-29 18:26:52 re/_trace.py:47 close.started
DEBUG 2026-06-29 18:26:52 re/_trace.py:47 close.complete
DEBUG 2026-06-29 18:26:52 re/_trace.py:47 close.started
DEBUG 2026-06-29 18:26:52 re/_trace.py:47 close.complete
DEBUG 2026-06-29 18:26:52 re/_trace.py:47 close.started
DEBUG 2026-06-29 18:26:52 re/_trace.py:47 close.complete
DEBUG 2026-06-29 18:26:52 re/_trace.py:47 close.started
DEBUG 2026-06-29 18:26:52 re/_trace.py:47 close.complete
DEBUG 2026-06-29 18:26:52 re/_trace.py:47 close.started
DEBUG 2026-06-29 18:26:52 re/_trace.py:47 close.complete
DEBUG 2026-06-29 18:26:52 re/_trace.py:47 close.started
DEBUG 2026-06-29 18:26:52 re/_trace.py:47 close.complete
DEBUG 2026-06-29 18:26:52 re/_trace.py:47 close.started
DEBUG 2026-06-29 18:26:52 re/_trace.py:47 close.complete
DEBUG 2026-06-29 18:26:52 re/_trace.py:47 close.started
DEBUG 2026-06-29 18:26:52 re/_trace.py:47 close.complete
INFO 2026-06-29 18:29:06 ot_train.py:459 step:12K smpl:7M ep:11K epch:226.05 loss:0.004 grdn:0.068 lr:7.2e-05 updt_s:2.298 data_s:0.309
WARNING 2026-06-29 18:29:06 db_utils.py:181 WandB logging of key "loss_per_dim" was ignored as its type "<class 'list'>" is not handled by this wrapper.
DEBUG 2026-06-29 18:29:17 re/_trace.py:47 close.started
DEBUG 2026-06-29 18:29:17 re/_trace.py:47 close.complete
DEBUG 2026-06-29 18:29:17 re/_trace.py:47 close.started
DEBUG 2026-06-29 18:29:17 re/_trace.py:47 close.complete
DEBUG 2026-06-29 18:29:17 re/_trace.py:47 close.started
DEBUG 2026-06-29 18:29:17 re/_trace.py:47 close.complete
DEBUG 2026-06-29 18:29:17 re/_trace.py:47 close.started
DEBUG 2026-06-29 18:29:17 re/_trace.py:47 close.complete
DEBUG 2026-06-29 18:29:17 re/_trace.py:47 close.started
DEBUG 2026-06-29 18:29:17 re/_trace.py:47 close.complete
DEBUG 2026-06-29 18:29:18 re/_trace.py:47 close.started
DEBUG 2026-06-29 18:29:18 re/_trace.py:47 close.complete
DEBUG 2026-06-29 18:29:18 re/_trace.py:47 close.started
DEBUG 2026-06-29 18:29:18 re/_trace.py:47 close.complete
DEBUG 2026-06-29 18:29:18 re/_trace.py:47 close.started
DEBUG 2026-06-29 18:29:18 re/_trace.py:47 close.complete
DEBUG 2026-06-29 18:29:18 re/_trace.py:47 close.started
DEBUG 2026-06-29 18:29:18 re/_trace.py:47 close.complete
DEBUG 2026-06-29 18:29:18 re/_trace.py:47 close.started
DEBUG 2026-06-29 18:29:18 re/_trace.py:47 close.complete
DEBUG 2026-06-29 18:31:43 re/_trace.py:47 close.started
DEBUG 2026-06-29 18:31:43 re/_trace.py:47 close.complete
DEBUG 2026-06-29 18:31:43 re/_trace.py:47 close.started
DEBUG 2026-06-29 18:31:43 re/_trace.py:47 close.complete
DEBUG 2026-06-29 18:31:43 re/_trace.py:47 close.started
DEBUG 2026-06-29 18:31:43 re/_trace.py:47 close.complete
DEBUG 2026-06-29 18:31:43 re/_trace.py:47 close.started
DEBUG 2026-06-29 18:31:43 re/_trace.py:47 close.complete
DEBUG 2026-06-29 18:31:43 re/_trace.py:47 close.started
DEBUG 2026-06-29 18:31:43 re/_trace.py:47 close.complete
DEBUG 2026-06-29 18:31:43 re/_trace.py:47 close.started
DEBUG 2026-06-29 18:31:43 re/_trace.py:47 close.complete
DEBUG 2026-06-29 18:31:43 re/_trace.py:47 close.started
DEBUG 2026-06-29 18:31:43 re/_trace.py:47 close.complete
DEBUG 2026-06-29 18:31:43 re/_trace.py:47 close.started
DEBUG 2026-06-29 18:31:43 re/_trace.py:47 close.complete
DEBUG 2026-06-29 18:31:43 re/_trace.py:47 close.started
DEBUG 2026-06-29 18:31:43 re/_trace.py:47 close.complete
DEBUG 2026-06-29 18:31:44 re/_trace.py:47 close.started
DEBUG 2026-06-29 18:31:44 re/_trace.py:47 close.complete
DEBUG 2026-06-29 18:34:09 re/_trace.py:47 close.started
DEBUG 2026-06-29 18:34:09 re/_trace.py:47 close.complete
DEBUG 2026-06-29 18:34:09 re/_trace.py:47 close.started
DEBUG 2026-06-29 18:34:09 re/_trace.py:47 close.complete
DEBUG 2026-06-29 18:34:09 re/_trace.py:47 close.started
DEBUG 2026-06-29 18:34:09 re/_trace.py:47 close.complete
DEBUG 2026-06-29 18:34:09 re/_trace.py:47 close.started
DEBUG 2026-06-29 18:34:09 re/_trace.py:47 close.complete
DEBUG 2026-06-29 18:34:09 re/_trace.py:47 close.started
DEBUG 2026-06-29 18:34:09 re/_trace.py:47 close.complete
DEBUG 2026-06-29 18:34:09 re/_trace.py:47 close.started
DEBUG 2026-06-29 18:34:09 re/_trace.py:47 close.complete
DEBUG 2026-06-29 18:34:09 re/_trace.py:47 close.started
DEBUG 2026-06-29 18:34:09 re/_trace.py:47 close.complete
DEBUG 2026-06-29 18:34:09 re/_trace.py:47 close.started
DEBUG 2026-06-29 18:34:09 re/_trace.py:47 close.complete
DEBUG 2026-06-29 18:34:09 re/_trace.py:47 close.started
DEBUG 2026-06-29 18:34:09 re/_trace.py:47 close.complete
DEBUG 2026-06-29 18:34:09 re/_trace.py:47 close.started
DEBUG 2026-06-29 18:34:09 re/_trace.py:47 close.complete
DEBUG 2026-06-29 18:36:34 re/_trace.py:47 close.started
DEBUG 2026-06-29 18:36:34 re/_trace.py:47 close.complete
DEBUG 2026-06-29 18:36:34 re/_trace.py:47 close.started
DEBUG 2026-06-29 18:36:34 re/_trace.py:47 close.complete
DEBUG 2026-06-29 18:36:34 re/_trace.py:47 close.started
DEBUG 2026-06-29 18:36:34 re/_trace.py:47 close.complete
DEBUG 2026-06-29 18:36:35 re/_trace.py:47 close.started
DEBUG 2026-06-29 18:36:35 re/_trace.py:47 close.complete
DEBUG 2026-06-29 18:36:35 re/_trace.py:47 close.started
DEBUG 2026-06-29 18:36:35 re/_trace.py:47 close.complete
DEBUG 2026-06-29 18:36:35 re/_trace.py:47 close.started
DEBUG 2026-06-29 18:36:35 re/_trace.py:47 close.complete
DEBUG 2026-06-29 18:36:35 re/_trace.py:47 close.started
DEBUG 2026-06-29 18:36:35 re/_trace.py:47 close.complete
DEBUG 2026-06-29 18:36:35 re/_trace.py:47 close.started
DEBUG 2026-06-29 18:36:35 re/_trace.py:47 close.complete
DEBUG 2026-06-29 18:36:35 re/_trace.py:47 close.started
DEBUG 2026-06-29 18:36:35 re/_trace.py:47 close.complete
DEBUG 2026-06-29 18:36:35 re/_trace.py:47 close.started
DEBUG 2026-06-29 18:36:35 re/_trace.py:47 close.complete
INFO 2026-06-29 18:38:14 ot_train.py:459 step:12K smpl:8M ep:11K epch:229.76 loss:0.004 grdn:0.071 lr:7.1e-05 updt_s:2.349 data_s:0.387
WARNING 2026-06-29 18:38:14 db_utils.py:181 WandB logging of key "loss_per_dim" was ignored as its type "<class 'list'>" is not handled by this wrapper.
DEBUG 2026-06-29 18:38:59 re/_trace.py:47 close.started
DEBUG 2026-06-29 18:38:59 re/_trace.py:47 close.complete
DEBUG 2026-06-29 18:38:59 re/_trace.py:47 close.started
DEBUG 2026-06-29 18:38:59 re/_trace.py:47 close.complete
DEBUG 2026-06-29 18:38:59 re/_trace.py:47 close.started
DEBUG 2026-06-29 18:38:59 re/_trace.py:47 close.complete
DEBUG 2026-06-29 18:38:59 re/_trace.py:47 close.started
DEBUG 2026-06-29 18:38:59 re/_trace.py:47 close.complete
DEBUG 2026-06-29 18:38:59 re/_trace.py:47 close.started
DEBUG 2026-06-29 18:38:59 re/_trace.py:47 close.complete
DEBUG 2026-06-29 18:38:59 re/_trace.py:47 close.started
DEBUG 2026-06-29 18:38:59 re/_trace.py:47 close.complete
DEBUG 2026-06-29 18:38:59 re/_trace.py:47 close.started
DEBUG 2026-06-29 18:38:59 re/_trace.py:47 close.complete
DEBUG 2026-06-29 18:39:00 re/_trace.py:47 close.started
DEBUG 2026-06-29 18:39:00 re/_trace.py:47 close.complete
DEBUG 2026-06-29 18:39:00 re/_trace.py:47 close.started
DEBUG 2026-06-29 18:39:00 re/_trace.py:47 close.complete
DEBUG 2026-06-29 18:39:00 re/_trace.py:47 close.started
DEBUG 2026-06-29 18:39:00 re/_trace.py:47 close.complete
DEBUG 2026-06-29 18:41:25 re/_trace.py:47 close.started
DEBUG 2026-06-29 18:41:25 re/_trace.py:47 close.complete
DEBUG 2026-06-29 18:41:25 re/_trace.py:47 close.started
DEBUG 2026-06-29 18:41:25 re/_trace.py:47 close.complete
DEBUG 2026-06-29 18:41:25 re/_trace.py:47 close.started
DEBUG 2026-06-29 18:41:25 re/_trace.py:47 close.complete
DEBUG 2026-06-29 18:41:25 re/_trace.py:47 close.started
DEBUG 2026-06-29 18:41:25 re/_trace.py:47 close.complete
DEBUG 2026-06-29 18:41:25 re/_trace.py:47 close.started
DEBUG 2026-06-29 18:41:25 re/_trace.py:47 close.complete
DEBUG 2026-06-29 18:41:25 re/_trace.py:47 close.started
DEBUG 2026-06-29 18:41:25 re/_trace.py:47 close.complete
DEBUG 2026-06-29 18:41:25 re/_trace.py:47 close.started
DEBUG 2026-06-29 18:41:25 re/_trace.py:47 close.complete
DEBUG 2026-06-29 18:41:26 re/_trace.py:47 close.started
DEBUG 2026-06-29 18:41:26 re/_trace.py:47 close.complete
DEBUG 2026-06-29 18:41:26 re/_trace.py:47 close.started
DEBUG 2026-06-29 18:41:26 re/_trace.py:47 close.complete
DEBUG 2026-06-29 18:41:26 re/_trace.py:47 close.started
DEBUG 2026-06-29 18:41:26 re/_trace.py:47 close.complete
DEBUG 2026-06-29 18:43:50 re/_trace.py:47 close.started
DEBUG 2026-06-29 18:43:50 re/_trace.py:47 close.complete
DEBUG 2026-06-29 18:43:50 re/_trace.py:47 close.started
DEBUG 2026-06-29 18:43:50 re/_trace.py:47 close.complete
DEBUG 2026-06-29 18:43:50 re/_trace.py:47 close.started
DEBUG 2026-06-29 18:43:50 re/_trace.py:47 close.complete
DEBUG 2026-06-29 18:43:50 re/_trace.py:47 close.started
DEBUG 2026-06-29 18:43:50 re/_trace.py:47 close.complete
DEBUG 2026-06-29 18:43:50 re/_trace.py:47 close.started
DEBUG 2026-06-29 18:43:50 re/_trace.py:47 close.complete
DEBUG 2026-06-29 18:43:50 re/_trace.py:47 close.started
DEBUG 2026-06-29 18:43:50 re/_trace.py:47 close.complete
DEBUG 2026-06-29 18:43:50 re/_trace.py:47 close.started
DEBUG 2026-06-29 18:43:50 re/_trace.py:47 close.complete
DEBUG 2026-06-29 18:43:50 re/_trace.py:47 close.started
DEBUG 2026-06-29 18:43:50 re/_trace.py:47 close.complete
DEBUG 2026-06-29 18:43:50 re/_trace.py:47 close.started
DEBUG 2026-06-29 18:43:50 re/_trace.py:47 close.complete
DEBUG 2026-06-29 18:43:50 re/_trace.py:47 close.started
DEBUG 2026-06-29 18:43:50 re/_trace.py:47 close.complete
DEBUG 2026-06-29 18:46:15 re/_trace.py:47 close.started
DEBUG 2026-06-29 18:46:15 re/_trace.py:47 close.complete
DEBUG 2026-06-29 18:46:15 re/_trace.py:47 close.started
DEBUG 2026-06-29 18:46:15 re/_trace.py:47 close.complete
DEBUG 2026-06-29 18:46:15 re/_trace.py:47 close.started
DEBUG 2026-06-29 18:46:15 re/_trace.py:47 close.complete
DEBUG 2026-06-29 18:46:15 re/_trace.py:47 close.started
DEBUG 2026-06-29 18:46:15 re/_trace.py:47 close.complete
DEBUG 2026-06-29 18:46:15 re/_trace.py:47 close.started
DEBUG 2026-06-29 18:46:15 re/_trace.py:47 close.complete
DEBUG 2026-06-29 18:46:15 re/_trace.py:47 close.started
DEBUG 2026-06-29 18:46:15 re/_trace.py:47 close.complete
DEBUG 2026-06-29 18:46:15 re/_trace.py:47 close.started
DEBUG 2026-06-29 18:46:15 re/_trace.py:47 close.complete
DEBUG 2026-06-29 18:46:15 re/_trace.py:47 close.started
DEBUG 2026-06-29 18:46:15 re/_trace.py:47 close.complete
DEBUG 2026-06-29 18:46:15 re/_trace.py:47 close.started
DEBUG 2026-06-29 18:46:15 re/_trace.py:47 close.complete
DEBUG 2026-06-29 18:46:15 re/_trace.py:47 close.started
DEBUG 2026-06-29 18:46:15 re/_trace.py:47 close.complete
INFO 2026-06-29 18:47:18 ot_train.py:459 step:13K smpl:8M ep:12K epch:233.46 loss:0.004 grdn:0.069 lr:7.0e-05 updt_s:2.348 data_s:0.370
WARNING 2026-06-29 18:47:18 db_utils.py:181 WandB logging of key "loss_per_dim" was ignored as its type "<class 'list'>" is not handled by this wrapper.
DEBUG 2026-06-29 18:48:41 re/_trace.py:47 close.started
DEBUG 2026-06-29 18:48:41 re/_trace.py:47 close.complete
DEBUG 2026-06-29 18:48:41 re/_trace.py:47 close.started
DEBUG 2026-06-29 18:48:41 re/_trace.py:47 close.complete
DEBUG 2026-06-29 18:48:41 re/_trace.py:47 close.started
DEBUG 2026-06-29 18:48:41 re/_trace.py:47 close.complete
DEBUG 2026-06-29 18:48:41 re/_trace.py:47 close.started
DEBUG 2026-06-29 18:48:41 re/_trace.py:47 close.complete
DEBUG 2026-06-29 18:48:41 re/_trace.py:47 close.started
DEBUG 2026-06-29 18:48:41 re/_trace.py:47 close.complete
DEBUG 2026-06-29 18:48:41 re/_trace.py:47 close.started
DEBUG 2026-06-29 18:48:41 re/_trace.py:47 close.complete
DEBUG 2026-06-29 18:48:41 re/_trace.py:47 close.started
DEBUG 2026-06-29 18:48:41 re/_trace.py:47 close.complete
DEBUG 2026-06-29 18:48:41 re/_trace.py:47 close.started
DEBUG 2026-06-29 18:48:41 re/_trace.py:47 close.complete
DEBUG 2026-06-29 18:48:41 re/_trace.py:47 close.started
DEBUG 2026-06-29 18:48:41 re/_trace.py:47 close.complete
DEBUG 2026-06-29 18:48:41 re/_trace.py:47 close.started
DEBUG 2026-06-29 18:48:41 re/_trace.py:47 close.complete
DEBUG 2026-06-29 18:51:07 re/_trace.py:47 close.started
DEBUG 2026-06-29 18:51:07 re/_trace.py:47 close.complete
DEBUG 2026-06-29 18:51:07 re/_trace.py:47 close.started
DEBUG 2026-06-29 18:51:07 re/_trace.py:47 close.complete
DEBUG 2026-06-29 18:51:07 re/_trace.py:47 close.started
DEBUG 2026-06-29 18:51:07 re/_trace.py:47 close.complete
DEBUG 2026-06-29 18:51:07 re/_trace.py:47 close.started
DEBUG 2026-06-29 18:51:07 re/_trace.py:47 close.complete
DEBUG 2026-06-29 18:51:07 re/_trace.py:47 close.started
DEBUG 2026-06-29 18:51:07 re/_trace.py:47 close.complete
DEBUG 2026-06-29 18:51:07 re/_trace.py:47 close.started
DEBUG 2026-06-29 18:51:07 re/_trace.py:47 close.complete
DEBUG 2026-06-29 18:51:07 re/_trace.py:47 close.started
DEBUG 2026-06-29 18:51:07 re/_trace.py:47 close.complete
DEBUG 2026-06-29 18:51:07 re/_trace.py:47 close.started
DEBUG 2026-06-29 18:51:07 re/_trace.py:47 close.complete
DEBUG 2026-06-29 18:51:07 re/_trace.py:47 close.started
DEBUG 2026-06-29 18:51:07 re/_trace.py:47 close.complete
DEBUG 2026-06-29 18:51:07 re/_trace.py:47 close.started
DEBUG 2026-06-29 18:51:07 re/_trace.py:47 close.complete
DEBUG 2026-06-29 18:53:32 re/_trace.py:47 close.started
DEBUG 2026-06-29 18:53:32 re/_trace.py:47 close.complete
DEBUG 2026-06-29 18:53:32 re/_trace.py:47 close.started
DEBUG 2026-06-29 18:53:32 re/_trace.py:47 close.complete
DEBUG 2026-06-29 18:53:32 re/_trace.py:47 close.started
DEBUG 2026-06-29 18:53:32 re/_trace.py:47 close.complete
DEBUG 2026-06-29 18:53:32 re/_trace.py:47 close.started
DEBUG 2026-06-29 18:53:32 re/_trace.py:47 close.complete
DEBUG 2026-06-29 18:53:32 re/_trace.py:47 close.started
DEBUG 2026-06-29 18:53:32 re/_trace.py:47 close.complete
DEBUG 2026-06-29 18:53:32 re/_trace.py:47 close.started
DEBUG 2026-06-29 18:53:32 re/_trace.py:47 close.complete
DEBUG 2026-06-29 18:53:32 re/_trace.py:47 close.started
DEBUG 2026-06-29 18:53:32 re/_trace.py:47 close.complete
DEBUG 2026-06-29 18:53:32 re/_trace.py:47 close.started
DEBUG 2026-06-29 18:53:32 re/_trace.py:47 close.complete
DEBUG 2026-06-29 18:53:33 re/_trace.py:47 close.started
DEBUG 2026-06-29 18:53:33 re/_trace.py:47 close.complete
DEBUG 2026-06-29 18:53:33 re/_trace.py:47 close.started
DEBUG 2026-06-29 18:53:33 re/_trace.py:47 close.complete
DEBUG 2026-06-29 18:55:58 re/_trace.py:47 close.started
DEBUG 2026-06-29 18:55:58 re/_trace.py:47 close.complete
DEBUG 2026-06-29 18:55:58 re/_trace.py:47 close.started
DEBUG 2026-06-29 18:55:58 re/_trace.py:47 close.complete
DEBUG 2026-06-29 18:55:58 re/_trace.py:47 close.started
DEBUG 2026-06-29 18:55:58 re/_trace.py:47 close.complete
DEBUG 2026-06-29 18:55:58 re/_trace.py:47 close.started
DEBUG 2026-06-29 18:55:58 re/_trace.py:47 close.complete
DEBUG 2026-06-29 18:55:58 re/_trace.py:47 close.started
DEBUG 2026-06-29 18:55:58 re/_trace.py:47 close.complete
DEBUG 2026-06-29 18:55:58 re/_trace.py:47 close.started
DEBUG 2026-06-29 18:55:58 re/_trace.py:47 close.complete
DEBUG 2026-06-29 18:55:58 re/_trace.py:47 close.started
DEBUG 2026-06-29 18:55:58 re/_trace.py:47 close.complete
DEBUG 2026-06-29 18:55:58 re/_trace.py:47 close.started
DEBUG 2026-06-29 18:55:58 re/_trace.py:47 close.complete
DEBUG 2026-06-29 18:55:58 re/_trace.py:47 close.started
DEBUG 2026-06-29 18:55:58 re/_trace.py:47 close.complete
DEBUG 2026-06-29 18:55:58 re/_trace.py:47 close.started
DEBUG 2026-06-29 18:55:58 re/_trace.py:47 close.complete
INFO 2026-06-29 18:56:22 ot_train.py:459 step:13K smpl:8M ep:12K epch:237.17 loss:0.004 grdn:0.067 lr:6.9e-05 updt_s:2.327 data_s:0.386
WARNING 2026-06-29 18:56:22 db_utils.py:181 WandB logging of key "loss_per_dim" was ignored as its type "<class 'list'>" is not handled by this wrapper.
DEBUG 2026-06-29 18:58:23 re/_trace.py:47 close.started
DEBUG 2026-06-29 18:58:23 re/_trace.py:47 close.complete
DEBUG 2026-06-29 18:58:23 re/_trace.py:47 close.started
DEBUG 2026-06-29 18:58:23 re/_trace.py:47 close.complete
DEBUG 2026-06-29 18:58:23 re/_trace.py:47 close.started
DEBUG 2026-06-29 18:58:23 re/_trace.py:47 close.complete
DEBUG 2026-06-29 18:58:23 re/_trace.py:47 close.started
DEBUG 2026-06-29 18:58:23 re/_trace.py:47 close.complete
DEBUG 2026-06-29 18:58:23 re/_trace.py:47 close.started
DEBUG 2026-06-29 18:58:23 re/_trace.py:47 close.complete
DEBUG 2026-06-29 18:58:23 re/_trace.py:47 close.started
DEBUG 2026-06-29 18:58:23 re/_trace.py:47 close.complete
DEBUG 2026-06-29 18:58:23 re/_trace.py:47 close.started
DEBUG 2026-06-29 18:58:23 re/_trace.py:47 close.complete
DEBUG 2026-06-29 18:58:23 re/_trace.py:47 close.started
DEBUG 2026-06-29 18:58:23 re/_trace.py:47 close.complete
DEBUG 2026-06-29 18:58:23 re/_trace.py:47 close.started
DEBUG 2026-06-29 18:58:23 re/_trace.py:47 close.complete
DEBUG 2026-06-29 18:58:23 re/_trace.py:47 close.started
DEBUG 2026-06-29 18:58:23 re/_trace.py:47 close.complete
DEBUG 2026-06-29 19:00:47 re/_trace.py:47 close.started
DEBUG 2026-06-29 19:00:47 re/_trace.py:47 close.complete
DEBUG 2026-06-29 19:00:48 re/_trace.py:47 close.started
DEBUG 2026-06-29 19:00:48 re/_trace.py:47 close.complete
DEBUG 2026-06-29 19:00:48 re/_trace.py:47 close.started
DEBUG 2026-06-29 19:00:48 re/_trace.py:47 close.complete
DEBUG 2026-06-29 19:00:48 re/_trace.py:47 close.started
DEBUG 2026-06-29 19:00:48 re/_trace.py:47 close.complete
DEBUG 2026-06-29 19:00:48 re/_trace.py:47 close.started
DEBUG 2026-06-29 19:00:48 re/_trace.py:47 close.complete
DEBUG 2026-06-29 19:00:48 re/_trace.py:47 close.started
DEBUG 2026-06-29 19:00:48 re/_trace.py:47 close.complete
DEBUG 2026-06-29 19:00:48 re/_trace.py:47 close.started
DEBUG 2026-06-29 19:00:48 re/_trace.py:47 close.complete
DEBUG 2026-06-29 19:00:48 re/_trace.py:47 close.started
DEBUG 2026-06-29 19:00:48 re/_trace.py:47 close.complete
DEBUG 2026-06-29 19:00:48 re/_trace.py:47 close.started
DEBUG 2026-06-29 19:00:48 re/_trace.py:47 close.complete
DEBUG 2026-06-29 19:00:48 re/_trace.py:47 close.started
DEBUG 2026-06-29 19:00:48 re/_trace.py:47 close.complete
DEBUG 2026-06-29 19:03:14 re/_trace.py:47 close.started
DEBUG 2026-06-29 19:03:14 re/_trace.py:47 close.complete
DEBUG 2026-06-29 19:03:14 re/_trace.py:47 close.started
DEBUG 2026-06-29 19:03:14 re/_trace.py:47 close.complete
DEBUG 2026-06-29 19:03:14 re/_trace.py:47 close.started
DEBUG 2026-06-29 19:03:14 re/_trace.py:47 close.complete
DEBUG 2026-06-29 19:03:14 re/_trace.py:47 close.started
DEBUG 2026-06-29 19:03:14 re/_trace.py:47 close.complete
DEBUG 2026-06-29 19:03:14 re/_trace.py:47 close.started
DEBUG 2026-06-29 19:03:14 re/_trace.py:47 close.complete
DEBUG 2026-06-29 19:03:14 re/_trace.py:47 close.started
DEBUG 2026-06-29 19:03:14 re/_trace.py:47 close.complete
DEBUG 2026-06-29 19:03:14 re/_trace.py:47 close.started
DEBUG 2026-06-29 19:03:14 re/_trace.py:47 close.complete
DEBUG 2026-06-29 19:03:14 re/_trace.py:47 close.started
DEBUG 2026-06-29 19:03:14 re/_trace.py:47 close.complete
DEBUG 2026-06-29 19:03:14 re/_trace.py:47 close.started
DEBUG 2026-06-29 19:03:14 re/_trace.py:47 close.complete
DEBUG 2026-06-29 19:03:14 re/_trace.py:47 close.started
DEBUG 2026-06-29 19:03:14 re/_trace.py:47 close.complete
INFO 2026-06-29 19:05:08 ot_train.py:459 step:13K smpl:8M ep:12K epch:240.87 loss:0.004 grdn:0.067 lr:6.8e-05 updt_s:2.325 data_s:0.303
WARNING 2026-06-29 19:05:08 db_utils.py:181 WandB logging of key "loss_per_dim" was ignored as its type "<class 'list'>" is not handled by this wrapper.
DEBUG 2026-06-29 19:05:41 re/_trace.py:47 close.started
DEBUG 2026-06-29 19:05:41 re/_trace.py:47 close.complete
DEBUG 2026-06-29 19:05:41 re/_trace.py:47 close.started
DEBUG 2026-06-29 19:05:41 re/_trace.py:47 close.complete
DEBUG 2026-06-29 19:05:41 re/_trace.py:47 close.started
DEBUG 2026-06-29 19:05:41 re/_trace.py:47 close.complete
DEBUG 2026-06-29 19:05:41 re/_trace.py:47 close.started
DEBUG 2026-06-29 19:05:41 re/_trace.py:47 close.complete
DEBUG 2026-06-29 19:05:41 re/_trace.py:47 close.started
DEBUG 2026-06-29 19:05:41 re/_trace.py:47 close.complete
DEBUG 2026-06-29 19:05:41 re/_trace.py:47 close.started
DEBUG 2026-06-29 19:05:41 re/_trace.py:47 close.complete
DEBUG 2026-06-29 19:05:41 re/_trace.py:47 close.started
DEBUG 2026-06-29 19:05:41 re/_trace.py:47 close.complete
DEBUG 2026-06-29 19:05:41 re/_trace.py:47 close.started
DEBUG 2026-06-29 19:05:41 re/_trace.py:47 close.complete
DEBUG 2026-06-29 19:05:41 re/_trace.py:47 close.started
DEBUG 2026-06-29 19:05:41 re/_trace.py:47 close.complete
DEBUG 2026-06-29 19:05:41 re/_trace.py:47 close.started
DEBUG 2026-06-29 19:05:41 re/_trace.py:47 close.complete
DEBUG 2026-06-29 19:08:06 re/_trace.py:47 close.started
DEBUG 2026-06-29 19:08:06 re/_trace.py:47 close.complete
DEBUG 2026-06-29 19:08:06 re/_trace.py:47 close.started
DEBUG 2026-06-29 19:08:06 re/_trace.py:47 close.complete
DEBUG 2026-06-29 19:08:06 re/_trace.py:47 close.started
DEBUG 2026-06-29 19:08:06 re/_trace.py:47 close.complete
DEBUG 2026-06-29 19:08:06 re/_trace.py:47 close.started
DEBUG 2026-06-29 19:08:06 re/_trace.py:47 close.complete
DEBUG 2026-06-29 19:08:06 re/_trace.py:47 close.started
DEBUG 2026-06-29 19:08:06 re/_trace.py:47 close.complete
DEBUG 2026-06-29 19:08:06 re/_trace.py:47 close.started
DEBUG 2026-06-29 19:08:06 re/_trace.py:47 close.complete
DEBUG 2026-06-29 19:08:06 re/_trace.py:47 close.started
DEBUG 2026-06-29 19:08:06 re/_trace.py:47 close.complete
DEBUG 2026-06-29 19:08:06 re/_trace.py:47 close.started
DEBUG 2026-06-29 19:08:06 re/_trace.py:47 close.complete
DEBUG 2026-06-29 19:08:06 re/_trace.py:47 close.started
DEBUG 2026-06-29 19:08:06 re/_trace.py:47 close.complete
DEBUG 2026-06-29 19:08:06 re/_trace.py:47 close.started
DEBUG 2026-06-29 19:08:06 re/_trace.py:47 close.complete
DEBUG 2026-06-29 19:10:31 re/_trace.py:47 close.started
DEBUG 2026-06-29 19:10:31 re/_trace.py:47 close.complete
DEBUG 2026-06-29 19:10:31 re/_trace.py:47 close.started
DEBUG 2026-06-29 19:10:31 re/_trace.py:47 close.complete
DEBUG 2026-06-29 19:10:31 re/_trace.py:47 close.started
DEBUG 2026-06-29 19:10:31 re/_trace.py:47 close.complete
DEBUG 2026-06-29 19:10:31 re/_trace.py:47 close.started
DEBUG 2026-06-29 19:10:31 re/_trace.py:47 close.complete
DEBUG 2026-06-29 19:10:31 re/_trace.py:47 close.started
DEBUG 2026-06-29 19:10:31 re/_trace.py:47 close.complete
DEBUG 2026-06-29 19:10:31 re/_trace.py:47 close.started
DEBUG 2026-06-29 19:10:31 re/_trace.py:47 close.complete
DEBUG 2026-06-29 19:10:31 re/_trace.py:47 close.started
DEBUG 2026-06-29 19:10:31 re/_trace.py:47 close.complete
DEBUG 2026-06-29 19:10:31 re/_trace.py:47 close.started
DEBUG 2026-06-29 19:10:31 re/_trace.py:47 close.complete
DEBUG 2026-06-29 19:10:31 re/_trace.py:47 close.started
DEBUG 2026-06-29 19:10:31 re/_trace.py:47 close.complete
DEBUG 2026-06-29 19:10:31 re/_trace.py:47 close.started
DEBUG 2026-06-29 19:10:31 re/_trace.py:47 close.complete
DEBUG 2026-06-29 19:12:56 re/_trace.py:47 close.started
DEBUG 2026-06-29 19:12:56 re/_trace.py:47 close.complete
DEBUG 2026-06-29 19:12:56 re/_trace.py:47 close.started
DEBUG 2026-06-29 19:12:56 re/_trace.py:47 close.complete
DEBUG 2026-06-29 19:12:56 re/_trace.py:47 close.started
DEBUG 2026-06-29 19:12:56 re/_trace.py:47 close.complete
DEBUG 2026-06-29 19:12:57 re/_trace.py:47 close.started
DEBUG 2026-06-29 19:12:57 re/_trace.py:47 close.complete
DEBUG 2026-06-29 19:12:57 re/_trace.py:47 close.started
DEBUG 2026-06-29 19:12:57 re/_trace.py:47 close.complete
DEBUG 2026-06-29 19:12:57 re/_trace.py:47 close.started
DEBUG 2026-06-29 19:12:57 re/_trace.py:47 close.complete
DEBUG 2026-06-29 19:12:57 re/_trace.py:47 close.started
DEBUG 2026-06-29 19:12:57 re/_trace.py:47 close.complete
DEBUG 2026-06-29 19:12:57 re/_trace.py:47 close.started
DEBUG 2026-06-29 19:12:57 re/_trace.py:47 close.complete
DEBUG 2026-06-29 19:12:57 re/_trace.py:47 close.started
DEBUG 2026-06-29 19:12:57 re/_trace.py:47 close.complete
DEBUG 2026-06-29 19:12:57 re/_trace.py:47 close.started
DEBUG 2026-06-29 19:12:57 re/_trace.py:47 close.complete
INFO 2026-06-29 19:14:13 ot_train.py:459 step:13K smpl:8M ep:12K epch:244.58 loss:0.004 grdn:0.070 lr:6.7e-05 updt_s:2.346 data_s:0.377
WARNING 2026-06-29 19:14:13 db_utils.py:181 WandB logging of key "loss_per_dim" was ignored as its type "<class 'list'>" is not handled by this wrapper.
DEBUG 2026-06-29 19:15:22 re/_trace.py:47 close.started
DEBUG 2026-06-29 19:15:22 re/_trace.py:47 close.complete
DEBUG 2026-06-29 19:15:22 re/_trace.py:47 close.started
DEBUG 2026-06-29 19:15:22 re/_trace.py:47 close.complete
DEBUG 2026-06-29 19:15:22 re/_trace.py:47 close.started
DEBUG 2026-06-29 19:15:22 re/_trace.py:47 close.complete
DEBUG 2026-06-29 19:15:22 re/_trace.py:47 close.started
DEBUG 2026-06-29 19:15:22 re/_trace.py:47 close.complete
DEBUG 2026-06-29 19:15:22 re/_trace.py:47 close.started
DEBUG 2026-06-29 19:15:22 re/_trace.py:47 close.complete
DEBUG 2026-06-29 19:15:22 re/_trace.py:47 close.started
DEBUG 2026-06-29 19:15:22 re/_trace.py:47 close.complete
DEBUG 2026-06-29 19:15:22 re/_trace.py:47 close.started
DEBUG 2026-06-29 19:15:22 re/_trace.py:47 close.complete
DEBUG 2026-06-29 19:15:22 re/_trace.py:47 close.started
DEBUG 2026-06-29 19:15:22 re/_trace.py:47 close.complete
DEBUG 2026-06-29 19:15:22 re/_trace.py:47 close.started
DEBUG 2026-06-29 19:15:22 re/_trace.py:47 close.complete
DEBUG 2026-06-29 19:15:22 re/_trace.py:47 close.started
DEBUG 2026-06-29 19:15:22 re/_trace.py:47 close.complete
DEBUG 2026-06-29 19:17:49 re/_trace.py:47 close.started
DEBUG 2026-06-29 19:17:49 re/_trace.py:47 close.complete
DEBUG 2026-06-29 19:17:49 re/_trace.py:47 close.started
DEBUG 2026-06-29 19:17:49 re/_trace.py:47 close.complete
DEBUG 2026-06-29 19:17:49 re/_trace.py:47 close.started
DEBUG 2026-06-29 19:17:49 re/_trace.py:47 close.complete
DEBUG 2026-06-29 19:17:49 re/_trace.py:47 close.started
DEBUG 2026-06-29 19:17:49 re/_trace.py:47 close.complete
DEBUG 2026-06-29 19:17:49 re/_trace.py:47 close.started
DEBUG 2026-06-29 19:17:49 re/_trace.py:47 close.complete
DEBUG 2026-06-29 19:17:49 re/_trace.py:47 close.started
DEBUG 2026-06-29 19:17:49 re/_trace.py:47 close.complete
DEBUG 2026-06-29 19:17:49 re/_trace.py:47 close.started
DEBUG 2026-06-29 19:17:49 re/_trace.py:47 close.complete
DEBUG 2026-06-29 19:17:49 re/_trace.py:47 close.started
DEBUG 2026-06-29 19:17:49 re/_trace.py:47 close.complete
DEBUG 2026-06-29 19:17:49 re/_trace.py:47 close.started
DEBUG 2026-06-29 19:17:49 re/_trace.py:47 close.complete
DEBUG 2026-06-29 19:17:49 re/_trace.py:47 close.started
DEBUG 2026-06-29 19:17:49 re/_trace.py:47 close.complete
DEBUG 2026-06-29 19:20:13 re/_trace.py:47 close.started
DEBUG 2026-06-29 19:20:13 re/_trace.py:47 close.complete
DEBUG 2026-06-29 19:20:13 re/_trace.py:47 close.started
DEBUG 2026-06-29 19:20:13 re/_trace.py:47 close.complete
DEBUG 2026-06-29 19:20:13 re/_trace.py:47 close.started
DEBUG 2026-06-29 19:20:13 re/_trace.py:47 close.complete
DEBUG 2026-06-29 19:20:13 re/_trace.py:47 close.started
DEBUG 2026-06-29 19:20:13 re/_trace.py:47 close.complete
DEBUG 2026-06-29 19:20:13 re/_trace.py:47 close.started
DEBUG 2026-06-29 19:20:13 re/_trace.py:47 close.complete
DEBUG 2026-06-29 19:20:13 re/_trace.py:47 close.started
DEBUG 2026-06-29 19:20:13 re/_trace.py:47 close.complete
DEBUG 2026-06-29 19:20:13 re/_trace.py:47 close.started
DEBUG 2026-06-29 19:20:13 re/_trace.py:47 close.complete
DEBUG 2026-06-29 19:20:13 re/_trace.py:47 close.started
DEBUG 2026-06-29 19:20:13 re/_trace.py:47 close.complete
DEBUG 2026-06-29 19:20:13 re/_trace.py:47 close.started
DEBUG 2026-06-29 19:20:13 re/_trace.py:47 close.complete
DEBUG 2026-06-29 19:20:13 re/_trace.py:47 close.started
DEBUG 2026-06-29 19:20:13 re/_trace.py:47 close.complete
DEBUG 2026-06-29 19:22:41 re/_trace.py:47 close.started
DEBUG 2026-06-29 19:22:41 re/_trace.py:47 close.complete
DEBUG 2026-06-29 19:22:41 re/_trace.py:47 close.started
DEBUG 2026-06-29 19:22:41 re/_trace.py:47 close.complete
DEBUG 2026-06-29 19:22:41 re/_trace.py:47 close.started
DEBUG 2026-06-29 19:22:41 re/_trace.py:47 close.complete
DEBUG 2026-06-29 19:22:41 re/_trace.py:47 close.started
DEBUG 2026-06-29 19:22:41 re/_trace.py:47 close.complete
DEBUG 2026-06-29 19:22:41 re/_trace.py:47 close.started
DEBUG 2026-06-29 19:22:41 re/_trace.py:47 close.complete
DEBUG 2026-06-29 19:22:41 re/_trace.py:47 close.started
DEBUG 2026-06-29 19:22:41 re/_trace.py:47 close.complete
DEBUG 2026-06-29 19:22:41 re/_trace.py:47 close.started
DEBUG 2026-06-29 19:22:41 re/_trace.py:47 close.complete
DEBUG 2026-06-29 19:22:41 re/_trace.py:47 close.started
DEBUG 2026-06-29 19:22:41 re/_trace.py:47 close.complete
DEBUG 2026-06-29 19:22:41 re/_trace.py:47 close.started
DEBUG 2026-06-29 19:22:41 re/_trace.py:47 close.complete
DEBUG 2026-06-29 19:22:41 re/_trace.py:47 close.started
DEBUG 2026-06-29 19:22:41 re/_trace.py:47 close.complete
INFO 2026-06-29 19:23:20 ot_train.py:459 step:13K smpl:8M ep:12K epch:248.28 loss:0.004 grdn:0.066 lr:6.6e-05 updt_s:2.384 data_s:0.347
WARNING 2026-06-29 19:23:20 db_utils.py:181 WandB logging of key "loss_per_dim" was ignored as its type "<class 'list'>" is not handled by this wrapper.
DEBUG 2026-06-29 19:25:06 re/_trace.py:47 close.started
DEBUG 2026-06-29 19:25:06 re/_trace.py:47 close.complete
DEBUG 2026-06-29 19:25:06 re/_trace.py:47 close.started
DEBUG 2026-06-29 19:25:06 re/_trace.py:47 close.complete
DEBUG 2026-06-29 19:25:06 re/_trace.py:47 close.started
DEBUG 2026-06-29 19:25:06 re/_trace.py:47 close.complete
DEBUG 2026-06-29 19:25:06 re/_trace.py:47 close.started
DEBUG 2026-06-29 19:25:06 re/_trace.py:47 close.complete
DEBUG 2026-06-29 19:25:06 re/_trace.py:47 close.started
DEBUG 2026-06-29 19:25:06 re/_trace.py:47 close.complete
DEBUG 2026-06-29 19:25:06 re/_trace.py:47 close.started
DEBUG 2026-06-29 19:25:06 re/_trace.py:47 close.complete
DEBUG 2026-06-29 19:25:06 re/_trace.py:47 close.started
DEBUG 2026-06-29 19:25:06 re/_trace.py:47 close.complete
DEBUG 2026-06-29 19:25:06 re/_trace.py:47 close.started
DEBUG 2026-06-29 19:25:06 re/_trace.py:47 close.complete
DEBUG 2026-06-29 19:25:06 re/_trace.py:47 close.started
DEBUG 2026-06-29 19:25:06 re/_trace.py:47 close.complete
DEBUG 2026-06-29 19:25:06 re/_trace.py:47 close.started
DEBUG 2026-06-29 19:25:06 re/_trace.py:47 close.complete
DEBUG 2026-06-29 19:27:31 re/_trace.py:47 close.started
DEBUG 2026-06-29 19:27:31 re/_trace.py:47 close.complete
DEBUG 2026-06-29 19:27:31 re/_trace.py:47 close.started
DEBUG 2026-06-29 19:27:31 re/_trace.py:47 close.complete
DEBUG 2026-06-29 19:27:31 re/_trace.py:47 close.started
DEBUG 2026-06-29 19:27:31 re/_trace.py:47 close.complete
DEBUG 2026-06-29 19:27:31 re/_trace.py:47 close.started
DEBUG 2026-06-29 19:27:31 re/_trace.py:47 close.complete
DEBUG 2026-06-29 19:27:31 re/_trace.py:47 close.started
DEBUG 2026-06-29 19:27:31 re/_trace.py:47 close.complete
DEBUG 2026-06-29 19:27:31 re/_trace.py:47 close.started
DEBUG 2026-06-29 19:27:31 re/_trace.py:47 close.complete
DEBUG 2026-06-29 19:27:31 re/_trace.py:47 close.started
DEBUG 2026-06-29 19:27:31 re/_trace.py:47 close.complete
DEBUG 2026-06-29 19:27:31 re/_trace.py:47 close.started
DEBUG 2026-06-29 19:27:31 re/_trace.py:47 close.complete
DEBUG 2026-06-29 19:27:31 re/_trace.py:47 close.started
DEBUG 2026-06-29 19:27:31 re/_trace.py:47 close.complete
DEBUG 2026-06-29 19:27:31 re/_trace.py:47 close.started
DEBUG 2026-06-29 19:27:31 re/_trace.py:47 close.complete
DEBUG 2026-06-29 19:29:57 re/_trace.py:47 close.started
DEBUG 2026-06-29 19:29:57 re/_trace.py:47 close.complete
DEBUG 2026-06-29 19:29:57 re/_trace.py:47 close.started
DEBUG 2026-06-29 19:29:57 re/_trace.py:47 close.complete
DEBUG 2026-06-29 19:29:57 re/_trace.py:47 close.started
DEBUG 2026-06-29 19:29:57 re/_trace.py:47 close.complete
DEBUG 2026-06-29 19:29:57 re/_trace.py:47 close.started
DEBUG 2026-06-29 19:29:57 re/_trace.py:47 close.complete
DEBUG 2026-06-29 19:29:57 re/_trace.py:47 close.started
DEBUG 2026-06-29 19:29:57 re/_trace.py:47 close.complete
DEBUG 2026-06-29 19:29:57 re/_trace.py:47 close.started
DEBUG 2026-06-29 19:29:57 re/_trace.py:47 close.complete
DEBUG 2026-06-29 19:29:57 re/_trace.py:47 close.started
DEBUG 2026-06-29 19:29:57 re/_trace.py:47 close.complete
DEBUG 2026-06-29 19:29:57 re/_trace.py:47 close.started
DEBUG 2026-06-29 19:29:57 re/_trace.py:47 close.complete
DEBUG 2026-06-29 19:29:58 re/_trace.py:47 close.started
DEBUG 2026-06-29 19:29:58 re/_trace.py:47 close.complete
DEBUG 2026-06-29 19:29:58 re/_trace.py:47 close.started
DEBUG 2026-06-29 19:29:58 re/_trace.py:47 close.complete
INFO 2026-06-29 19:32:05 ot_train.py:459 step:14K smpl:8M ep:13K epch:251.99 loss:0.004 grdn:0.068 lr:6.5e-05 updt_s:2.332 data_s:0.295
WARNING 2026-06-29 19:32:05 db_utils.py:181 WandB logging of key "loss_per_dim" was ignored as its type "<class 'list'>" is not handled by this wrapper.
DEBUG 2026-06-29 19:32:25 re/_trace.py:47 close.started
DEBUG 2026-06-29 19:32:25 re/_trace.py:47 close.complete
DEBUG 2026-06-29 19:32:25 re/_trace.py:47 close.started
DEBUG 2026-06-29 19:32:25 re/_trace.py:47 close.complete
DEBUG 2026-06-29 19:32:25 re/_trace.py:47 close.started
DEBUG 2026-06-29 19:32:25 re/_trace.py:47 close.complete
DEBUG 2026-06-29 19:32:25 re/_trace.py:47 close.started
DEBUG 2026-06-29 19:32:25 re/_trace.py:47 close.complete
DEBUG 2026-06-29 19:32:25 re/_trace.py:47 close.started
DEBUG 2026-06-29 19:32:25 re/_trace.py:47 close.complete
DEBUG 2026-06-29 19:32:25 re/_trace.py:47 close.started
DEBUG 2026-06-29 19:32:25 re/_trace.py:47 close.complete
DEBUG 2026-06-29 19:32:25 re/_trace.py:47 close.started
DEBUG 2026-06-29 19:32:25 re/_trace.py:47 close.complete
DEBUG 2026-06-29 19:32:25 re/_trace.py:47 close.started
DEBUG 2026-06-29 19:32:25 re/_trace.py:47 close.complete
DEBUG 2026-06-29 19:32:25 re/_trace.py:47 close.started
DEBUG 2026-06-29 19:32:25 re/_trace.py:47 close.complete
DEBUG 2026-06-29 19:32:25 re/_trace.py:47 close.started
DEBUG 2026-06-29 19:32:25 re/_trace.py:47 close.complete
DEBUG 2026-06-29 19:34:52 re/_trace.py:47 close.started
DEBUG 2026-06-29 19:34:52 re/_trace.py:47 close.complete
DEBUG 2026-06-29 19:34:52 re/_trace.py:47 close.started
DEBUG 2026-06-29 19:34:52 re/_trace.py:47 close.complete
DEBUG 2026-06-29 19:34:52 re/_trace.py:47 close.started
DEBUG 2026-06-29 19:34:52 re/_trace.py:47 close.complete
DEBUG 2026-06-29 19:34:52 re/_trace.py:47 close.started
DEBUG 2026-06-29 19:34:52 re/_trace.py:47 close.complete
DEBUG 2026-06-29 19:34:52 re/_trace.py:47 close.started
DEBUG 2026-06-29 19:34:52 re/_trace.py:47 close.complete
DEBUG 2026-06-29 19:34:52 re/_trace.py:47 close.started
DEBUG 2026-06-29 19:34:52 re/_trace.py:47 close.complete
DEBUG 2026-06-29 19:34:52 re/_trace.py:47 close.started
DEBUG 2026-06-29 19:34:52 re/_trace.py:47 close.complete
DEBUG 2026-06-29 19:34:52 re/_trace.py:47 close.started
DEBUG 2026-06-29 19:34:52 re/_trace.py:47 close.complete
DEBUG 2026-06-29 19:34:52 re/_trace.py:47 close.started
DEBUG 2026-06-29 19:34:52 re/_trace.py:47 close.complete
DEBUG 2026-06-29 19:34:52 re/_trace.py:47 close.started
DEBUG 2026-06-29 19:34:52 re/_trace.py:47 close.complete
DEBUG 2026-06-29 19:37:15 re/_trace.py:47 close.started
DEBUG 2026-06-29 19:37:15 re/_trace.py:47 close.complete
DEBUG 2026-06-29 19:37:15 re/_trace.py:47 close.started
DEBUG 2026-06-29 19:37:15 re/_trace.py:47 close.complete
DEBUG 2026-06-29 19:37:15 re/_trace.py:47 close.started
DEBUG 2026-06-29 19:37:16 re/_trace.py:47 close.complete
DEBUG 2026-06-29 19:37:16 re/_trace.py:47 close.started
DEBUG 2026-06-29 19:37:16 re/_trace.py:47 close.complete
DEBUG 2026-06-29 19:37:16 re/_trace.py:47 close.started
DEBUG 2026-06-29 19:37:16 re/_trace.py:47 close.complete
DEBUG 2026-06-29 19:37:16 re/_trace.py:47 close.started
DEBUG 2026-06-29 19:37:16 re/_trace.py:47 close.complete
DEBUG 2026-06-29 19:37:16 re/_trace.py:47 close.started
DEBUG 2026-06-29 19:37:16 re/_trace.py:47 close.complete
DEBUG 2026-06-29 19:37:16 re/_trace.py:47 close.started
DEBUG 2026-06-29 19:37:16 re/_trace.py:47 close.complete
DEBUG 2026-06-29 19:37:16 re/_trace.py:47 close.started
DEBUG 2026-06-29 19:37:16 re/_trace.py:47 close.complete
DEBUG 2026-06-29 19:37:16 re/_trace.py:47 close.started
DEBUG 2026-06-29 19:37:16 re/_trace.py:47 close.complete
DEBUG 2026-06-29 19:39:40 re/_trace.py:47 close.started
DEBUG 2026-06-29 19:39:40 re/_trace.py:47 close.complete
DEBUG 2026-06-29 19:39:40 re/_trace.py:47 close.started
DEBUG 2026-06-29 19:39:40 re/_trace.py:47 close.complete
DEBUG 2026-06-29 19:39:40 re/_trace.py:47 close.started
DEBUG 2026-06-29 19:39:40 re/_trace.py:47 close.complete
DEBUG 2026-06-29 19:39:40 re/_trace.py:47 close.started
DEBUG 2026-06-29 19:39:40 re/_trace.py:47 close.complete
DEBUG 2026-06-29 19:39:40 re/_trace.py:47 close.started
DEBUG 2026-06-29 19:39:40 re/_trace.py:47 close.complete
DEBUG 2026-06-29 19:39:41 re/_trace.py:47 close.started
DEBUG 2026-06-29 19:39:41 re/_trace.py:47 close.complete
DEBUG 2026-06-29 19:39:41 re/_trace.py:47 close.started
DEBUG 2026-06-29 19:39:41 re/_trace.py:47 close.complete
DEBUG 2026-06-29 19:39:41 re/_trace.py:47 close.started
DEBUG 2026-06-29 19:39:41 re/_trace.py:47 close.complete
DEBUG 2026-06-29 19:39:41 re/_trace.py:47 close.started
DEBUG 2026-06-29 19:39:41 re/_trace.py:47 close.complete
DEBUG 2026-06-29 19:39:41 re/_trace.py:47 close.started
DEBUG 2026-06-29 19:39:41 re/_trace.py:47 close.complete
INFO 2026-06-29 19:41:11 ot_train.py:459 step:14K smpl:8M ep:13K epch:255.70 loss:0.004 grdn:0.069 lr:6.4e-05 updt_s:2.359 data_s:0.368
WARNING 2026-06-29 19:41:11 db_utils.py:181 WandB logging of key "loss_per_dim" was ignored as its type "<class 'list'>" is not handled by this wrapper.
DEBUG 2026-06-29 19:42:07 re/_trace.py:47 close.started
DEBUG 2026-06-29 19:42:07 re/_trace.py:47 close.complete
DEBUG 2026-06-29 19:42:07 re/_trace.py:47 close.started
DEBUG 2026-06-29 19:42:07 re/_trace.py:47 close.complete
DEBUG 2026-06-29 19:42:07 re/_trace.py:47 close.started
DEBUG 2026-06-29 19:42:07 re/_trace.py:47 close.complete
DEBUG 2026-06-29 19:42:07 re/_trace.py:47 close.started
DEBUG 2026-06-29 19:42:07 re/_trace.py:47 close.complete
DEBUG 2026-06-29 19:42:07 re/_trace.py:47 close.started
DEBUG 2026-06-29 19:42:07 re/_trace.py:47 close.complete
DEBUG 2026-06-29 19:42:07 re/_trace.py:47 close.started
DEBUG 2026-06-29 19:42:07 re/_trace.py:47 close.complete
DEBUG 2026-06-29 19:42:07 re/_trace.py:47 close.started
DEBUG 2026-06-29 19:42:07 re/_trace.py:47 close.complete
DEBUG 2026-06-29 19:42:07 re/_trace.py:47 close.started
DEBUG 2026-06-29 19:42:07 re/_trace.py:47 close.complete
DEBUG 2026-06-29 19:42:07 re/_trace.py:47 close.started
DEBUG 2026-06-29 19:42:07 re/_trace.py:47 close.complete
DEBUG 2026-06-29 19:42:07 re/_trace.py:47 close.started
DEBUG 2026-06-29 19:42:07 re/_trace.py:47 close.complete
DEBUG 2026-06-29 19:44:34 re/_trace.py:47 close.started
DEBUG 2026-06-29 19:44:34 re/_trace.py:47 close.complete
DEBUG 2026-06-29 19:44:34 re/_trace.py:47 close.started
DEBUG 2026-06-29 19:44:34 re/_trace.py:47 close.complete
DEBUG 2026-06-29 19:44:34 re/_trace.py:47 close.started
DEBUG 2026-06-29 19:44:34 re/_trace.py:47 close.complete
DEBUG 2026-06-29 19:44:34 re/_trace.py:47 close.started
DEBUG 2026-06-29 19:44:34 re/_trace.py:47 close.complete
DEBUG 2026-06-29 19:44:34 re/_trace.py:47 close.started
DEBUG 2026-06-29 19:44:34 re/_trace.py:47 close.complete
DEBUG 2026-06-29 19:44:34 re/_trace.py:47 close.started
DEBUG 2026-06-29 19:44:34 re/_trace.py:47 close.complete
DEBUG 2026-06-29 19:44:34 re/_trace.py:47 close.started
DEBUG 2026-06-29 19:44:34 re/_trace.py:47 close.complete
DEBUG 2026-06-29 19:44:34 re/_trace.py:47 close.started
DEBUG 2026-06-29 19:44:34 re/_trace.py:47 close.complete
DEBUG 2026-06-29 19:44:34 re/_trace.py:47 close.started
DEBUG 2026-06-29 19:44:34 re/_trace.py:47 close.complete
DEBUG 2026-06-29 19:44:34 re/_trace.py:47 close.started
DEBUG 2026-06-29 19:44:34 re/_trace.py:47 close.complete
DEBUG 2026-06-29 19:47:00 re/_trace.py:47 close.started
DEBUG 2026-06-29 19:47:00 re/_trace.py:47 close.complete
DEBUG 2026-06-29 19:47:00 re/_trace.py:47 close.started
DEBUG 2026-06-29 19:47:00 re/_trace.py:47 close.complete
DEBUG 2026-06-29 19:47:00 re/_trace.py:47 close.started
DEBUG 2026-06-29 19:47:00 re/_trace.py:47 close.complete
DEBUG 2026-06-29 19:47:00 re/_trace.py:47 close.started
DEBUG 2026-06-29 19:47:00 re/_trace.py:47 close.complete
DEBUG 2026-06-29 19:47:00 re/_trace.py:47 close.started
DEBUG 2026-06-29 19:47:00 re/_trace.py:47 close.complete
DEBUG 2026-06-29 19:47:00 re/_trace.py:47 close.started
DEBUG 2026-06-29 19:47:00 re/_trace.py:47 close.complete
DEBUG 2026-06-29 19:47:00 re/_trace.py:47 close.started
DEBUG 2026-06-29 19:47:00 re/_trace.py:47 close.complete
DEBUG 2026-06-29 19:47:00 re/_trace.py:47 close.started
DEBUG 2026-06-29 19:47:00 re/_trace.py:47 close.complete
DEBUG 2026-06-29 19:47:00 re/_trace.py:47 close.started
DEBUG 2026-06-29 19:47:00 re/_trace.py:47 close.complete
DEBUG 2026-06-29 19:47:00 re/_trace.py:47 close.started
DEBUG 2026-06-29 19:47:00 re/_trace.py:47 close.complete
DEBUG 2026-06-29 19:49:26 re/_trace.py:47 close.started
DEBUG 2026-06-29 19:49:26 re/_trace.py:47 close.complete
DEBUG 2026-06-29 19:49:27 re/_trace.py:47 close.started
DEBUG 2026-06-29 19:49:27 re/_trace.py:47 close.complete
DEBUG 2026-06-29 19:49:27 re/_trace.py:47 close.started
DEBUG 2026-06-29 19:49:27 re/_trace.py:47 close.complete
DEBUG 2026-06-29 19:49:27 re/_trace.py:47 close.started
DEBUG 2026-06-29 19:49:27 re/_trace.py:47 close.complete
DEBUG 2026-06-29 19:49:27 re/_trace.py:47 close.started
DEBUG 2026-06-29 19:49:27 re/_trace.py:47 close.complete
DEBUG 2026-06-29 19:49:27 re/_trace.py:47 close.started
DEBUG 2026-06-29 19:49:27 re/_trace.py:47 close.complete
DEBUG 2026-06-29 19:49:27 re/_trace.py:47 close.started
DEBUG 2026-06-29 19:49:27 re/_trace.py:47 close.complete
DEBUG 2026-06-29 19:49:27 re/_trace.py:47 close.started
DEBUG 2026-06-29 19:49:27 re/_trace.py:47 close.complete
DEBUG 2026-06-29 19:49:27 re/_trace.py:47 close.started
DEBUG 2026-06-29 19:49:27 re/_trace.py:47 close.complete
DEBUG 2026-06-29 19:49:27 re/_trace.py:47 close.started
DEBUG 2026-06-29 19:49:27 re/_trace.py:47 close.complete
INFO 2026-06-29 19:50:20 ot_train.py:459 step:14K smpl:8M ep:13K epch:259.40 loss:0.004 grdn:0.069 lr:6.2e-05 updt_s:2.354 data_s:0.385
WARNING 2026-06-29 19:50:20 db_utils.py:181 WandB logging of key "loss_per_dim" was ignored as its type "<class 'list'>" is not handled by this wrapper.
DEBUG 2026-06-29 19:51:52 re/_trace.py:47 close.started
DEBUG 2026-06-29 19:51:52 re/_trace.py:47 close.complete
DEBUG 2026-06-29 19:51:52 re/_trace.py:47 close.started
DEBUG 2026-06-29 19:51:52 re/_trace.py:47 close.complete
DEBUG 2026-06-29 19:51:52 re/_trace.py:47 close.started
DEBUG 2026-06-29 19:51:52 re/_trace.py:47 close.complete
DEBUG 2026-06-29 19:51:52 re/_trace.py:47 close.started
DEBUG 2026-06-29 19:51:52 re/_trace.py:47 close.complete
DEBUG 2026-06-29 19:51:52 re/_trace.py:47 close.started
DEBUG 2026-06-29 19:51:52 re/_trace.py:47 close.complete
DEBUG 2026-06-29 19:51:52 re/_trace.py:47 close.started
DEBUG 2026-06-29 19:51:52 re/_trace.py:47 close.complete
DEBUG 2026-06-29 19:51:52 re/_trace.py:47 close.started
DEBUG 2026-06-29 19:51:52 re/_trace.py:47 close.complete
DEBUG 2026-06-29 19:51:52 re/_trace.py:47 close.started
DEBUG 2026-06-29 19:51:52 re/_trace.py:47 close.complete
DEBUG 2026-06-29 19:51:52 re/_trace.py:47 close.started
DEBUG 2026-06-29 19:51:52 re/_trace.py:47 close.complete
DEBUG 2026-06-29 19:51:52 re/_trace.py:47 close.started
DEBUG 2026-06-29 19:51:52 re/_trace.py:47 close.complete
DEBUG 2026-06-29 19:54:16 re/_trace.py:47 close.started
DEBUG 2026-06-29 19:54:16 re/_trace.py:47 close.complete
DEBUG 2026-06-29 19:54:16 re/_trace.py:47 close.started
DEBUG 2026-06-29 19:54:16 re/_trace.py:47 close.complete
DEBUG 2026-06-29 19:54:16 re/_trace.py:47 close.started
DEBUG 2026-06-29 19:54:16 re/_trace.py:47 close.complete
DEBUG 2026-06-29 19:54:16 re/_trace.py:47 close.started
DEBUG 2026-06-29 19:54:16 re/_trace.py:47 close.complete
DEBUG 2026-06-29 19:54:16 re/_trace.py:47 close.started
DEBUG 2026-06-29 19:54:16 re/_trace.py:47 close.complete
DEBUG 2026-06-29 19:54:16 re/_trace.py:47 close.started
DEBUG 2026-06-29 19:54:16 re/_trace.py:47 close.complete
DEBUG 2026-06-29 19:54:16 re/_trace.py:47 close.started
DEBUG 2026-06-29 19:54:16 re/_trace.py:47 close.complete
DEBUG 2026-06-29 19:54:16 re/_trace.py:47 close.started
DEBUG 2026-06-29 19:54:16 re/_trace.py:47 close.complete
DEBUG 2026-06-29 19:54:16 re/_trace.py:47 close.started
DEBUG 2026-06-29 19:54:16 re/_trace.py:47 close.complete
DEBUG 2026-06-29 19:54:17 re/_trace.py:47 close.started
DEBUG 2026-06-29 19:54:17 re/_trace.py:47 close.complete
DEBUG 2026-06-29 19:56:41 re/_trace.py:47 close.started
DEBUG 2026-06-29 19:56:41 re/_trace.py:47 close.complete
DEBUG 2026-06-29 19:56:41 re/_trace.py:47 close.started
DEBUG 2026-06-29 19:56:41 re/_trace.py:47 close.complete
DEBUG 2026-06-29 19:56:41 re/_trace.py:47 close.started
DEBUG 2026-06-29 19:56:41 re/_trace.py:47 close.complete
DEBUG 2026-06-29 19:56:41 re/_trace.py:47 close.started
DEBUG 2026-06-29 19:56:41 re/_trace.py:47 close.complete
DEBUG 2026-06-29 19:56:41 re/_trace.py:47 close.started
DEBUG 2026-06-29 19:56:41 re/_trace.py:47 close.complete
DEBUG 2026-06-29 19:56:42 re/_trace.py:47 close.started
DEBUG 2026-06-29 19:56:42 re/_trace.py:47 close.complete
DEBUG 2026-06-29 19:56:42 re/_trace.py:47 close.started
DEBUG 2026-06-29 19:56:42 re/_trace.py:47 close.complete
DEBUG 2026-06-29 19:56:42 re/_trace.py:47 close.started
DEBUG 2026-06-29 19:56:42 re/_trace.py:47 close.complete
DEBUG 2026-06-29 19:56:42 re/_trace.py:47 close.started
DEBUG 2026-06-29 19:56:42 re/_trace.py:47 close.complete
DEBUG 2026-06-29 19:56:42 re/_trace.py:47 close.started
DEBUG 2026-06-29 19:56:42 re/_trace.py:47 close.complete
INFO 2026-06-29 19:59:01 ot_train.py:459 step:14K smpl:9M ep:13K epch:263.11 loss:0.003 grdn:0.065 lr:6.1e-05 updt_s:2.322 data_s:0.282
WARNING 2026-06-29 19:59:01 db_utils.py:181 WandB logging of key "loss_per_dim" was ignored as its type "<class 'list'>" is not handled by this wrapper.
DEBUG 2026-06-29 19:59:06 re/_trace.py:47 close.started
DEBUG 2026-06-29 19:59:06 re/_trace.py:47 close.complete
DEBUG 2026-06-29 19:59:06 re/_trace.py:47 close.started
DEBUG 2026-06-29 19:59:06 re/_trace.py:47 close.complete
DEBUG 2026-06-29 19:59:06 re/_trace.py:47 close.started
DEBUG 2026-06-29 19:59:06 re/_trace.py:47 close.complete
DEBUG 2026-06-29 19:59:07 re/_trace.py:47 close.started
DEBUG 2026-06-29 19:59:07 re/_trace.py:47 close.complete
DEBUG 2026-06-29 19:59:07 re/_trace.py:47 close.started
DEBUG 2026-06-29 19:59:07 re/_trace.py:47 close.complete
DEBUG 2026-06-29 19:59:07 re/_trace.py:47 close.started
DEBUG 2026-06-29 19:59:07 re/_trace.py:47 close.complete
DEBUG 2026-06-29 19:59:07 re/_trace.py:47 close.started
DEBUG 2026-06-29 19:59:07 re/_trace.py:47 close.complete
DEBUG 2026-06-29 19:59:07 re/_trace.py:47 close.started
DEBUG 2026-06-29 19:59:07 re/_trace.py:47 close.complete
DEBUG 2026-06-29 19:59:07 re/_trace.py:47 close.started
DEBUG 2026-06-29 19:59:07 re/_trace.py:47 close.complete
DEBUG 2026-06-29 19:59:07 re/_trace.py:47 close.started
DEBUG 2026-06-29 19:59:07 re/_trace.py:47 close.complete
DEBUG 2026-06-29 20:01:30 re/_trace.py:47 close.started
DEBUG 2026-06-29 20:01:30 re/_trace.py:47 close.complete
DEBUG 2026-06-29 20:01:30 re/_trace.py:47 close.started
DEBUG 2026-06-29 20:01:30 re/_trace.py:47 close.complete
DEBUG 2026-06-29 20:01:30 re/_trace.py:47 close.started
DEBUG 2026-06-29 20:01:30 re/_trace.py:47 close.complete
DEBUG 2026-06-29 20:01:30 re/_trace.py:47 close.started
DEBUG 2026-06-29 20:01:30 re/_trace.py:47 close.complete
DEBUG 2026-06-29 20:01:30 re/_trace.py:47 close.started
DEBUG 2026-06-29 20:01:30 re/_trace.py:47 close.complete
DEBUG 2026-06-29 20:01:30 re/_trace.py:47 close.started
DEBUG 2026-06-29 20:01:30 re/_trace.py:47 close.complete
DEBUG 2026-06-29 20:01:30 re/_trace.py:47 close.started
DEBUG 2026-06-29 20:01:30 re/_trace.py:47 close.complete
DEBUG 2026-06-29 20:01:31 re/_trace.py:47 close.started
DEBUG 2026-06-29 20:01:31 re/_trace.py:47 close.complete
DEBUG 2026-06-29 20:01:31 re/_trace.py:47 close.started
DEBUG 2026-06-29 20:01:31 re/_trace.py:47 close.complete
DEBUG 2026-06-29 20:01:31 re/_trace.py:47 close.started
DEBUG 2026-06-29 20:01:31 re/_trace.py:47 close.complete
DEBUG 2026-06-29 20:03:55 re/_trace.py:47 close.started
DEBUG 2026-06-29 20:03:55 re/_trace.py:47 close.complete
DEBUG 2026-06-29 20:03:55 re/_trace.py:47 close.started
DEBUG 2026-06-29 20:03:55 re/_trace.py:47 close.complete
DEBUG 2026-06-29 20:03:55 re/_trace.py:47 close.started
DEBUG 2026-06-29 20:03:55 re/_trace.py:47 close.complete
DEBUG 2026-06-29 20:03:55 re/_trace.py:47 close.started
DEBUG 2026-06-29 20:03:55 re/_trace.py:47 close.complete
DEBUG 2026-06-29 20:03:55 re/_trace.py:47 close.started
DEBUG 2026-06-29 20:03:55 re/_trace.py:47 close.complete
DEBUG 2026-06-29 20:03:55 re/_trace.py:47 close.started
DEBUG 2026-06-29 20:03:55 re/_trace.py:47 close.complete
DEBUG 2026-06-29 20:03:55 re/_trace.py:47 close.started
DEBUG 2026-06-29 20:03:55 re/_trace.py:47 close.complete
DEBUG 2026-06-29 20:03:55 re/_trace.py:47 close.started
DEBUG 2026-06-29 20:03:55 re/_trace.py:47 close.complete
DEBUG 2026-06-29 20:03:55 re/_trace.py:47 close.started
DEBUG 2026-06-29 20:03:55 re/_trace.py:47 close.complete
DEBUG 2026-06-29 20:03:55 re/_trace.py:47 close.started
DEBUG 2026-06-29 20:03:55 re/_trace.py:47 close.complete
DEBUG 2026-06-29 20:06:19 re/_trace.py:47 close.started
DEBUG 2026-06-29 20:06:19 re/_trace.py:47 close.complete
DEBUG 2026-06-29 20:06:19 re/_trace.py:47 close.started
DEBUG 2026-06-29 20:06:19 re/_trace.py:47 close.complete
DEBUG 2026-06-29 20:06:19 re/_trace.py:47 close.started
DEBUG 2026-06-29 20:06:19 re/_trace.py:47 close.complete
DEBUG 2026-06-29 20:06:19 re/_trace.py:47 close.started
DEBUG 2026-06-29 20:06:19 re/_trace.py:47 close.complete
DEBUG 2026-06-29 20:06:19 re/_trace.py:47 close.started
DEBUG 2026-06-29 20:06:19 re/_trace.py:47 close.complete
DEBUG 2026-06-29 20:06:19 re/_trace.py:47 close.started
DEBUG 2026-06-29 20:06:19 re/_trace.py:47 close.complete
DEBUG 2026-06-29 20:06:19 re/_trace.py:47 close.started
DEBUG 2026-06-29 20:06:19 re/_trace.py:47 close.complete
DEBUG 2026-06-29 20:06:19 re/_trace.py:47 close.started
DEBUG 2026-06-29 20:06:19 re/_trace.py:47 close.complete
DEBUG 2026-06-29 20:06:19 re/_trace.py:47 close.started
DEBUG 2026-06-29 20:06:19 re/_trace.py:47 close.complete
DEBUG 2026-06-29 20:06:19 re/_trace.py:47 close.started
DEBUG 2026-06-29 20:06:19 re/_trace.py:47 close.complete
INFO 2026-06-29 20:08:03 ot_train.py:459 step:14K smpl:9M ep:13K epch:266.81 loss:0.004 grdn:0.067 lr:6.0e-05 updt_s:2.355 data_s:0.355
WARNING 2026-06-29 20:08:03 db_utils.py:181 WandB logging of key "loss_per_dim" was ignored as its type "<class 'list'>" is not handled by this wrapper.
DEBUG 2026-06-29 20:08:45 re/_trace.py:47 close.started
DEBUG 2026-06-29 20:08:45 re/_trace.py:47 close.complete
DEBUG 2026-06-29 20:08:45 re/_trace.py:47 close.started
DEBUG 2026-06-29 20:08:45 re/_trace.py:47 close.complete
DEBUG 2026-06-29 20:08:45 re/_trace.py:47 close.started
DEBUG 2026-06-29 20:08:45 re/_trace.py:47 close.complete
DEBUG 2026-06-29 20:08:45 re/_trace.py:47 close.started
DEBUG 2026-06-29 20:08:45 re/_trace.py:47 close.complete
DEBUG 2026-06-29 20:08:45 re/_trace.py:47 close.started
DEBUG 2026-06-29 20:08:45 re/_trace.py:47 close.complete
DEBUG 2026-06-29 20:08:45 re/_trace.py:47 close.started
DEBUG 2026-06-29 20:08:45 re/_trace.py:47 close.complete
DEBUG 2026-06-29 20:08:45 re/_trace.py:47 close.started
DEBUG 2026-06-29 20:08:45 re/_trace.py:47 close.complete
DEBUG 2026-06-29 20:08:45 re/_trace.py:47 close.started
DEBUG 2026-06-29 20:08:45 re/_trace.py:47 close.complete
DEBUG 2026-06-29 20:08:45 re/_trace.py:47 close.started
DEBUG 2026-06-29 20:08:45 re/_trace.py:47 close.complete
DEBUG 2026-06-29 20:08:45 re/_trace.py:47 close.started
DEBUG 2026-06-29 20:08:45 re/_trace.py:47 close.complete
DEBUG 2026-06-29 20:11:10 re/_trace.py:47 close.started
DEBUG 2026-06-29 20:11:10 re/_trace.py:47 close.complete
DEBUG 2026-06-29 20:11:10 re/_trace.py:47 close.started
DEBUG 2026-06-29 20:11:10 re/_trace.py:47 close.complete
DEBUG 2026-06-29 20:11:10 re/_trace.py:47 close.started
DEBUG 2026-06-29 20:11:10 re/_trace.py:47 close.complete
DEBUG 2026-06-29 20:11:10 re/_trace.py:47 close.started
DEBUG 2026-06-29 20:11:10 re/_trace.py:47 close.complete
DEBUG 2026-06-29 20:11:10 re/_trace.py:47 close.started
DEBUG 2026-06-29 20:11:10 re/_trace.py:47 close.complete
DEBUG 2026-06-29 20:11:10 re/_trace.py:47 close.started
DEBUG 2026-06-29 20:11:10 re/_trace.py:47 close.complete
DEBUG 2026-06-29 20:11:10 re/_trace.py:47 close.started
DEBUG 2026-06-29 20:11:10 re/_trace.py:47 close.complete
DEBUG 2026-06-29 20:11:10 re/_trace.py:47 close.started
DEBUG 2026-06-29 20:11:10 re/_trace.py:47 close.complete
DEBUG 2026-06-29 20:11:10 re/_trace.py:47 close.started
DEBUG 2026-06-29 20:11:10 re/_trace.py:47 close.complete
DEBUG 2026-06-29 20:11:10 re/_trace.py:47 close.started
DEBUG 2026-06-29 20:11:10 re/_trace.py:47 close.complete
DEBUG 2026-06-29 20:13:35 re/_trace.py:47 close.started
DEBUG 2026-06-29 20:13:35 re/_trace.py:47 close.complete
DEBUG 2026-06-29 20:13:35 re/_trace.py:47 close.started
DEBUG 2026-06-29 20:13:35 re/_trace.py:47 close.complete
DEBUG 2026-06-29 20:13:35 re/_trace.py:47 close.started
DEBUG 2026-06-29 20:13:35 re/_trace.py:47 close.complete
DEBUG 2026-06-29 20:13:35 re/_trace.py:47 close.started
DEBUG 2026-06-29 20:13:35 re/_trace.py:47 close.complete
DEBUG 2026-06-29 20:13:35 re/_trace.py:47 close.started
DEBUG 2026-06-29 20:13:35 re/_trace.py:47 close.complete
DEBUG 2026-06-29 20:13:35 re/_trace.py:47 close.started
DEBUG 2026-06-29 20:13:35 re/_trace.py:47 close.complete
DEBUG 2026-06-29 20:13:35 re/_trace.py:47 close.started
DEBUG 2026-06-29 20:13:35 re/_trace.py:47 close.complete
DEBUG 2026-06-29 20:13:35 re/_trace.py:47 close.started
DEBUG 2026-06-29 20:13:35 re/_trace.py:47 close.complete
DEBUG 2026-06-29 20:13:35 re/_trace.py:47 close.started
DEBUG 2026-06-29 20:13:35 re/_trace.py:47 close.complete
DEBUG 2026-06-29 20:13:36 re/_trace.py:47 close.started
DEBUG 2026-06-29 20:13:36 re/_trace.py:47 close.complete
DEBUG 2026-06-29 20:16:00 re/_trace.py:47 close.started
DEBUG 2026-06-29 20:16:00 re/_trace.py:47 close.complete
DEBUG 2026-06-29 20:16:00 re/_trace.py:47 close.started
DEBUG 2026-06-29 20:16:00 re/_trace.py:47 close.complete
DEBUG 2026-06-29 20:16:00 re/_trace.py:47 close.started
DEBUG 2026-06-29 20:16:00 re/_trace.py:47 close.complete
DEBUG 2026-06-29 20:16:00 re/_trace.py:47 close.started
DEBUG 2026-06-29 20:16:00 re/_trace.py:47 close.complete
DEBUG 2026-06-29 20:16:00 re/_trace.py:47 close.started
DEBUG 2026-06-29 20:16:00 re/_trace.py:47 close.complete
DEBUG 2026-06-29 20:16:00 re/_trace.py:47 close.started
DEBUG 2026-06-29 20:16:00 re/_trace.py:47 close.complete
DEBUG 2026-06-29 20:16:00 re/_trace.py:47 close.started
DEBUG 2026-06-29 20:16:00 re/_trace.py:47 close.complete
DEBUG 2026-06-29 20:16:00 re/_trace.py:47 close.started
DEBUG 2026-06-29 20:16:00 re/_trace.py:47 close.complete
DEBUG 2026-06-29 20:16:00 re/_trace.py:47 close.started
DEBUG 2026-06-29 20:16:00 re/_trace.py:47 close.complete
DEBUG 2026-06-29 20:16:00 re/_trace.py:47 close.started
DEBUG 2026-06-29 20:16:00 re/_trace.py:47 close.complete
INFO 2026-06-29 20:17:08 ot_train.py:459 step:15K smpl:9M ep:14K epch:270.52 loss:0.003 grdn:0.068 lr:5.9e-05 updt_s:2.324 data_s:0.393
WARNING 2026-06-29 20:17:08 db_utils.py:181 WandB logging of key "loss_per_dim" was ignored as its type "<class 'list'>" is not handled by this wrapper.
DEBUG 2026-06-29 20:18:26 re/_trace.py:47 close.started
DEBUG 2026-06-29 20:18:26 re/_trace.py:47 close.complete
DEBUG 2026-06-29 20:18:26 re/_trace.py:47 close.started
DEBUG 2026-06-29 20:18:26 re/_trace.py:47 close.complete
DEBUG 2026-06-29 20:18:26 re/_trace.py:47 close.started
DEBUG 2026-06-29 20:18:26 re/_trace.py:47 close.complete
DEBUG 2026-06-29 20:18:26 re/_trace.py:47 close.started
DEBUG 2026-06-29 20:18:26 re/_trace.py:47 close.complete
DEBUG 2026-06-29 20:18:26 re/_trace.py:47 close.started
DEBUG 2026-06-29 20:18:26 re/_trace.py:47 close.complete
DEBUG 2026-06-29 20:18:26 re/_trace.py:47 close.started
DEBUG 2026-06-29 20:18:26 re/_trace.py:47 close.complete
DEBUG 2026-06-29 20:18:27 re/_trace.py:47 close.started
DEBUG 2026-06-29 20:18:27 re/_trace.py:47 close.complete
DEBUG 2026-06-29 20:18:27 re/_trace.py:47 close.started
DEBUG 2026-06-29 20:18:27 re/_trace.py:47 close.complete
DEBUG 2026-06-29 20:18:27 re/_trace.py:47 close.started
DEBUG 2026-06-29 20:18:27 re/_trace.py:47 close.complete
DEBUG 2026-06-29 20:18:27 re/_trace.py:47 close.started
DEBUG 2026-06-29 20:18:27 re/_trace.py:47 close.complete
DEBUG 2026-06-29 20:20:52 re/_trace.py:47 close.started
DEBUG 2026-06-29 20:20:52 re/_trace.py:47 close.complete
DEBUG 2026-06-29 20:20:52 re/_trace.py:47 close.started
DEBUG 2026-06-29 20:20:52 re/_trace.py:47 close.complete
DEBUG 2026-06-29 20:20:52 re/_trace.py:47 close.started
DEBUG 2026-06-29 20:20:52 re/_trace.py:47 close.complete
DEBUG 2026-06-29 20:20:52 re/_trace.py:47 close.started
DEBUG 2026-06-29 20:20:52 re/_trace.py:47 close.complete
DEBUG 2026-06-29 20:20:52 re/_trace.py:47 close.started
DEBUG 2026-06-29 20:20:52 re/_trace.py:47 close.complete
DEBUG 2026-06-29 20:20:52 re/_trace.py:47 close.started
DEBUG 2026-06-29 20:20:52 re/_trace.py:47 close.complete
DEBUG 2026-06-29 20:20:52 re/_trace.py:47 close.started
DEBUG 2026-06-29 20:20:52 re/_trace.py:47 close.complete
DEBUG 2026-06-29 20:20:52 re/_trace.py:47 close.started
DEBUG 2026-06-29 20:20:52 re/_trace.py:47 close.complete
DEBUG 2026-06-29 20:20:52 re/_trace.py:47 close.started
DEBUG 2026-06-29 20:20:52 re/_trace.py:47 close.complete
DEBUG 2026-06-29 20:20:52 re/_trace.py:47 close.started
DEBUG 2026-06-29 20:20:52 re/_trace.py:47 close.complete
DEBUG 2026-06-29 20:23:17 re/_trace.py:47 close.started
DEBUG 2026-06-29 20:23:17 re/_trace.py:47 close.complete
DEBUG 2026-06-29 20:23:17 re/_trace.py:47 close.started
DEBUG 2026-06-29 20:23:17 re/_trace.py:47 close.complete
DEBUG 2026-06-29 20:23:17 re/_trace.py:47 close.started
DEBUG 2026-06-29 20:23:17 re/_trace.py:47 close.complete
DEBUG 2026-06-29 20:23:17 re/_trace.py:47 close.started
DEBUG 2026-06-29 20:23:17 re/_trace.py:47 close.complete
DEBUG 2026-06-29 20:23:17 re/_trace.py:47 close.started
DEBUG 2026-06-29 20:23:17 re/_trace.py:47 close.complete
DEBUG 2026-06-29 20:23:17 re/_trace.py:47 close.started
DEBUG 2026-06-29 20:23:17 re/_trace.py:47 close.complete
DEBUG 2026-06-29 20:23:17 re/_trace.py:47 close.started
DEBUG 2026-06-29 20:23:17 re/_trace.py:47 close.complete
DEBUG 2026-06-29 20:23:17 re/_trace.py:47 close.started
DEBUG 2026-06-29 20:23:17 re/_trace.py:47 close.complete
DEBUG 2026-06-29 20:23:17 re/_trace.py:47 close.started
DEBUG 2026-06-29 20:23:17 re/_trace.py:47 close.complete
DEBUG 2026-06-29 20:23:17 re/_trace.py:47 close.started
DEBUG 2026-06-29 20:23:17 re/_trace.py:47 close.complete
DEBUG 2026-06-29 20:25:42 re/_trace.py:47 close.started
DEBUG 2026-06-29 20:25:42 re/_trace.py:47 close.complete
DEBUG 2026-06-29 20:25:42 re/_trace.py:47 close.started
DEBUG 2026-06-29 20:25:42 re/_trace.py:47 close.complete
DEBUG 2026-06-29 20:25:42 re/_trace.py:47 close.started
DEBUG 2026-06-29 20:25:42 re/_trace.py:47 close.complete
DEBUG 2026-06-29 20:25:42 re/_trace.py:47 close.started
DEBUG 2026-06-29 20:25:42 re/_trace.py:47 close.complete
DEBUG 2026-06-29 20:25:42 re/_trace.py:47 close.started
DEBUG 2026-06-29 20:25:42 re/_trace.py:47 close.complete
DEBUG 2026-06-29 20:25:42 re/_trace.py:47 close.started
DEBUG 2026-06-29 20:25:42 re/_trace.py:47 close.complete
DEBUG 2026-06-29 20:25:42 re/_trace.py:47 close.started
DEBUG 2026-06-29 20:25:42 re/_trace.py:47 close.complete
DEBUG 2026-06-29 20:25:42 re/_trace.py:47 close.started
DEBUG 2026-06-29 20:25:42 re/_trace.py:47 close.complete
DEBUG 2026-06-29 20:25:42 re/_trace.py:47 close.started
DEBUG 2026-06-29 20:25:42 re/_trace.py:47 close.complete
DEBUG 2026-06-29 20:25:42 re/_trace.py:47 close.started
DEBUG 2026-06-29 20:25:42 re/_trace.py:47 close.complete
INFO 2026-06-29 20:26:10 ot_train.py:459 step:15K smpl:9M ep:14K epch:274.22 loss:0.003 grdn:0.065 lr:5.8e-05 updt_s:2.343 data_s:0.364
WARNING 2026-06-29 20:26:10 db_utils.py:181 WandB logging of key "loss_per_dim" was ignored as its type "<class 'list'>" is not handled by this wrapper.
DEBUG 2026-06-29 20:28:06 re/_trace.py:47 close.started
DEBUG 2026-06-29 20:28:06 re/_trace.py:47 close.complete
DEBUG 2026-06-29 20:28:06 re/_trace.py:47 close.started
DEBUG 2026-06-29 20:28:06 re/_trace.py:47 close.complete
DEBUG 2026-06-29 20:28:07 re/_trace.py:47 close.started
DEBUG 2026-06-29 20:28:07 re/_trace.py:47 close.complete
DEBUG 2026-06-29 20:28:07 re/_trace.py:47 close.started
DEBUG 2026-06-29 20:28:07 re/_trace.py:47 close.complete
DEBUG 2026-06-29 20:28:07 re/_trace.py:47 close.started
DEBUG 2026-06-29 20:28:07 re/_trace.py:47 close.complete
DEBUG 2026-06-29 20:28:07 re/_trace.py:47 close.started
DEBUG 2026-06-29 20:28:07 re/_trace.py:47 close.complete
DEBUG 2026-06-29 20:28:07 re/_trace.py:47 close.started
DEBUG 2026-06-29 20:28:07 re/_trace.py:47 close.complete
DEBUG 2026-06-29 20:28:07 re/_trace.py:47 close.started
DEBUG 2026-06-29 20:28:07 re/_trace.py:47 close.complete
DEBUG 2026-06-29 20:28:07 re/_trace.py:47 close.started
DEBUG 2026-06-29 20:28:07 re/_trace.py:47 close.complete
DEBUG 2026-06-29 20:28:07 re/_trace.py:47 close.started
DEBUG 2026-06-29 20:28:07 re/_trace.py:47 close.complete
DEBUG 2026-06-29 20:30:32 re/_trace.py:47 close.started
DEBUG 2026-06-29 20:30:32 re/_trace.py:47 close.complete
DEBUG 2026-06-29 20:30:32 re/_trace.py:47 close.started
DEBUG 2026-06-29 20:30:32 re/_trace.py:47 close.complete
DEBUG 2026-06-29 20:30:32 re/_trace.py:47 close.started
DEBUG 2026-06-29 20:30:32 re/_trace.py:47 close.complete
DEBUG 2026-06-29 20:30:32 re/_trace.py:47 close.started
DEBUG 2026-06-29 20:30:32 re/_trace.py:47 close.complete
DEBUG 2026-06-29 20:30:32 re/_trace.py:47 close.started
DEBUG 2026-06-29 20:30:32 re/_trace.py:47 close.complete
DEBUG 2026-06-29 20:30:32 re/_trace.py:47 close.started
DEBUG 2026-06-29 20:30:32 re/_trace.py:47 close.complete
DEBUG 2026-06-29 20:30:32 re/_trace.py:47 close.started
DEBUG 2026-06-29 20:30:32 re/_trace.py:47 close.complete
DEBUG 2026-06-29 20:30:32 re/_trace.py:47 close.started
DEBUG 2026-06-29 20:30:32 re/_trace.py:47 close.complete
DEBUG 2026-06-29 20:30:32 re/_trace.py:47 close.started
DEBUG 2026-06-29 20:30:32 re/_trace.py:47 close.complete
DEBUG 2026-06-29 20:30:32 re/_trace.py:47 close.started
DEBUG 2026-06-29 20:30:32 re/_trace.py:47 close.complete
DEBUG 2026-06-29 20:32:58 re/_trace.py:47 close.started
DEBUG 2026-06-29 20:32:58 re/_trace.py:47 close.complete
DEBUG 2026-06-29 20:32:58 re/_trace.py:47 close.started
DEBUG 2026-06-29 20:32:58 re/_trace.py:47 close.complete
DEBUG 2026-06-29 20:32:58 re/_trace.py:47 close.started
DEBUG 2026-06-29 20:32:58 re/_trace.py:47 close.complete
DEBUG 2026-06-29 20:32:58 re/_trace.py:47 close.started
DEBUG 2026-06-29 20:32:58 re/_trace.py:47 close.complete
DEBUG 2026-06-29 20:32:58 re/_trace.py:47 close.started
DEBUG 2026-06-29 20:32:58 re/_trace.py:47 close.complete
DEBUG 2026-06-29 20:32:58 re/_trace.py:47 close.started
DEBUG 2026-06-29 20:32:58 re/_trace.py:47 close.complete
DEBUG 2026-06-29 20:32:58 re/_trace.py:47 close.started
DEBUG 2026-06-29 20:32:58 re/_trace.py:47 close.complete
DEBUG 2026-06-29 20:32:58 re/_trace.py:47 close.started
DEBUG 2026-06-29 20:32:58 re/_trace.py:47 close.complete
DEBUG 2026-06-29 20:32:58 re/_trace.py:47 close.started
DEBUG 2026-06-29 20:32:58 re/_trace.py:47 close.complete
DEBUG 2026-06-29 20:32:58 re/_trace.py:47 close.started
DEBUG 2026-06-29 20:32:58 re/_trace.py:47 close.complete
INFO 2026-06-29 20:34:54 ot_train.py:459 step:15K smpl:9M ep:14K epch:277.93 loss:0.003 grdn:0.063 lr:5.7e-05 updt_s:2.308 data_s:0.311
WARNING 2026-06-29 20:34:54 db_utils.py:181 WandB logging of key "loss_per_dim" was ignored as its type "<class 'list'>" is not handled by this wrapper.
INFO 2026-06-29 20:34:54 ot_train.py:479 Checkpoint policy after step 15000
DEBUG 2026-06-29 20:35:27 tionpool.py:289 Resetting dropped connection: api.wandb.ai
DEBUG 2026-06-29 20:35:28 tionpool.py:544 https://api.wandb.ai:443 "POST /graphql HTTP/1.1" 200 None
DEBUG 2026-06-29 20:35:56 re/_trace.py:47 close.started
DEBUG 2026-06-29 20:35:56 re/_trace.py:47 close.complete
DEBUG 2026-06-29 20:35:56 re/_trace.py:47 close.started
DEBUG 2026-06-29 20:35:56 re/_trace.py:47 close.complete
DEBUG 2026-06-29 20:35:56 re/_trace.py:47 close.started
DEBUG 2026-06-29 20:35:56 re/_trace.py:47 close.complete
DEBUG 2026-06-29 20:35:56 re/_trace.py:47 close.started
DEBUG 2026-06-29 20:35:56 re/_trace.py:47 close.complete
DEBUG 2026-06-29 20:35:56 re/_trace.py:47 close.started
DEBUG 2026-06-29 20:35:56 re/_trace.py:47 close.complete
DEBUG 2026-06-29 20:35:56 re/_trace.py:47 close.started
DEBUG 2026-06-29 20:35:56 re/_trace.py:47 close.complete
DEBUG 2026-06-29 20:35:56 re/_trace.py:47 close.started
DEBUG 2026-06-29 20:35:56 re/_trace.py:47 close.complete
DEBUG 2026-06-29 20:35:56 re/_trace.py:47 close.started
DEBUG 2026-06-29 20:35:56 re/_trace.py:47 close.complete
DEBUG 2026-06-29 20:35:56 re/_trace.py:47 close.started
DEBUG 2026-06-29 20:35:56 re/_trace.py:47 close.complete
DEBUG 2026-06-29 20:35:56 re/_trace.py:47 close.started
DEBUG 2026-06-29 20:35:56 re/_trace.py:47 close.complete
DEBUG 2026-06-29 20:38:21 re/_trace.py:47 close.started
DEBUG 2026-06-29 20:38:21 re/_trace.py:47 close.complete
DEBUG 2026-06-29 20:38:21 re/_trace.py:47 close.started
DEBUG 2026-06-29 20:38:21 re/_trace.py:47 close.complete
DEBUG 2026-06-29 20:38:21 re/_trace.py:47 close.started
DEBUG 2026-06-29 20:38:21 re/_trace.py:47 close.complete
DEBUG 2026-06-29 20:38:21 re/_trace.py:47 close.started
DEBUG 2026-06-29 20:38:21 re/_trace.py:47 close.complete
DEBUG 2026-06-29 20:38:21 re/_trace.py:47 close.started
DEBUG 2026-06-29 20:38:21 re/_trace.py:47 close.complete
DEBUG 2026-06-29 20:38:22 re/_trace.py:47 close.started
DEBUG 2026-06-29 20:38:22 re/_trace.py:47 close.complete
DEBUG 2026-06-29 20:38:22 re/_trace.py:47 close.started
DEBUG 2026-06-29 20:38:22 re/_trace.py:47 close.complete
DEBUG 2026-06-29 20:38:22 re/_trace.py:47 close.started
DEBUG 2026-06-29 20:38:22 re/_trace.py:47 close.complete
DEBUG 2026-06-29 20:38:22 re/_trace.py:47 close.started
DEBUG 2026-06-29 20:38:22 re/_trace.py:47 close.complete
DEBUG 2026-06-29 20:38:22 re/_trace.py:47 close.started
DEBUG 2026-06-29 20:38:22 re/_trace.py:47 close.complete
DEBUG 2026-06-29 20:40:47 re/_trace.py:47 close.started
DEBUG 2026-06-29 20:40:47 re/_trace.py:47 close.complete
DEBUG 2026-06-29 20:40:47 re/_trace.py:47 close.started
DEBUG 2026-06-29 20:40:47 re/_trace.py:47 close.complete
DEBUG 2026-06-29 20:40:47 re/_trace.py:47 close.started
DEBUG 2026-06-29 20:40:47 re/_trace.py:47 close.complete
DEBUG 2026-06-29 20:40:47 re/_trace.py:47 close.started
DEBUG 2026-06-29 20:40:47 re/_trace.py:47 close.complete
DEBUG 2026-06-29 20:40:47 re/_trace.py:47 close.started
DEBUG 2026-06-29 20:40:47 re/_trace.py:47 close.complete
DEBUG 2026-06-29 20:40:47 re/_trace.py:47 close.started
DEBUG 2026-06-29 20:40:47 re/_trace.py:47 close.complete
DEBUG 2026-06-29 20:40:47 re/_trace.py:47 close.started
DEBUG 2026-06-29 20:40:47 re/_trace.py:47 close.complete
DEBUG 2026-06-29 20:40:47 re/_trace.py:47 close.started
DEBUG 2026-06-29 20:40:47 re/_trace.py:47 close.complete
DEBUG 2026-06-29 20:40:47 re/_trace.py:47 close.started
DEBUG 2026-06-29 20:40:47 re/_trace.py:47 close.complete
DEBUG 2026-06-29 20:40:48 re/_trace.py:47 close.started
DEBUG 2026-06-29 20:40:48 re/_trace.py:47 close.complete
DEBUG 2026-06-29 20:43:14 re/_trace.py:47 close.started
DEBUG 2026-06-29 20:43:14 re/_trace.py:47 close.complete
DEBUG 2026-06-29 20:43:14 re/_trace.py:47 close.started
DEBUG 2026-06-29 20:43:14 re/_trace.py:47 close.complete
DEBUG 2026-06-29 20:43:14 re/_trace.py:47 close.started
DEBUG 2026-06-29 20:43:14 re/_trace.py:47 close.complete
DEBUG 2026-06-29 20:43:14 re/_trace.py:47 close.started
DEBUG 2026-06-29 20:43:14 re/_trace.py:47 close.complete
DEBUG 2026-06-29 20:43:14 re/_trace.py:47 close.started
DEBUG 2026-06-29 20:43:14 re/_trace.py:47 close.complete
DEBUG 2026-06-29 20:43:14 re/_trace.py:47 close.started
DEBUG 2026-06-29 20:43:14 re/_trace.py:47 close.complete
DEBUG 2026-06-29 20:43:14 re/_trace.py:47 close.started
DEBUG 2026-06-29 20:43:14 re/_trace.py:47 close.complete
DEBUG 2026-06-29 20:43:14 re/_trace.py:47 close.started
DEBUG 2026-06-29 20:43:14 re/_trace.py:47 close.complete
DEBUG 2026-06-29 20:43:14 re/_trace.py:47 close.started
DEBUG 2026-06-29 20:43:14 re/_trace.py:47 close.complete
DEBUG 2026-06-29 20:43:15 re/_trace.py:47 close.started
DEBUG 2026-06-29 20:43:15 re/_trace.py:47 close.complete
INFO 2026-06-29 20:44:35 ot_train.py:459 step:15K smpl:9M ep:14K epch:281.64 loss:0.003 grdn:0.061 lr:5.6e-05 updt_s:2.350 data_s:0.385
WARNING 2026-06-29 20:44:35 db_utils.py:181 WandB logging of key "loss_per_dim" was ignored as its type "<class 'list'>" is not handled by this wrapper.
DEBUG 2026-06-29 20:45:39 re/_trace.py:47 close.started
DEBUG 2026-06-29 20:45:39 re/_trace.py:47 close.complete
DEBUG 2026-06-29 20:45:40 re/_trace.py:47 close.started
DEBUG 2026-06-29 20:45:40 re/_trace.py:47 close.complete
DEBUG 2026-06-29 20:45:40 re/_trace.py:47 close.started
DEBUG 2026-06-29 20:45:40 re/_trace.py:47 close.complete
DEBUG 2026-06-29 20:45:40 re/_trace.py:47 close.started
DEBUG 2026-06-29 20:45:40 re/_trace.py:47 close.complete
DEBUG 2026-06-29 20:45:40 re/_trace.py:47 close.started
DEBUG 2026-06-29 20:45:40 re/_trace.py:47 close.complete
DEBUG 2026-06-29 20:45:40 re/_trace.py:47 close.started
DEBUG 2026-06-29 20:45:40 re/_trace.py:47 close.complete
DEBUG 2026-06-29 20:45:40 re/_trace.py:47 close.started
DEBUG 2026-06-29 20:45:40 re/_trace.py:47 close.complete
DEBUG 2026-06-29 20:45:40 re/_trace.py:47 close.started
DEBUG 2026-06-29 20:45:40 re/_trace.py:47 close.complete
DEBUG 2026-06-29 20:45:40 re/_trace.py:47 close.started
DEBUG 2026-06-29 20:45:40 re/_trace.py:47 close.complete
DEBUG 2026-06-29 20:45:40 re/_trace.py:47 close.started
DEBUG 2026-06-29 20:45:40 re/_trace.py:47 close.complete
DEBUG 2026-06-29 20:48:05 re/_trace.py:47 close.started
DEBUG 2026-06-29 20:48:05 re/_trace.py:47 close.complete
DEBUG 2026-06-29 20:48:05 re/_trace.py:47 close.started
DEBUG 2026-06-29 20:48:05 re/_trace.py:47 close.complete
DEBUG 2026-06-29 20:48:05 re/_trace.py:47 close.started
DEBUG 2026-06-29 20:48:05 re/_trace.py:47 close.complete
DEBUG 2026-06-29 20:48:05 re/_trace.py:47 close.started
DEBUG 2026-06-29 20:48:05 re/_trace.py:47 close.complete
DEBUG 2026-06-29 20:48:05 re/_trace.py:47 close.started
DEBUG 2026-06-29 20:48:05 re/_trace.py:47 close.complete
DEBUG 2026-06-29 20:48:05 re/_trace.py:47 close.started
DEBUG 2026-06-29 20:48:05 re/_trace.py:47 close.complete
DEBUG 2026-06-29 20:48:05 re/_trace.py:47 close.started
DEBUG 2026-06-29 20:48:05 re/_trace.py:47 close.complete
DEBUG 2026-06-29 20:48:05 re/_trace.py:47 close.started
DEBUG 2026-06-29 20:48:05 re/_trace.py:47 close.complete
DEBUG 2026-06-29 20:48:06 re/_trace.py:47 close.started
DEBUG 2026-06-29 20:48:06 re/_trace.py:47 close.complete
DEBUG 2026-06-29 20:48:06 re/_trace.py:47 close.started
DEBUG 2026-06-29 20:48:06 re/_trace.py:47 close.complete
DEBUG 2026-06-29 20:50:31 re/_trace.py:47 close.started
DEBUG 2026-06-29 20:50:31 re/_trace.py:47 close.complete
DEBUG 2026-06-29 20:50:31 re/_trace.py:47 close.started
DEBUG 2026-06-29 20:50:31 re/_trace.py:47 close.complete
DEBUG 2026-06-29 20:50:31 re/_trace.py:47 close.started
DEBUG 2026-06-29 20:50:31 re/_trace.py:47 close.complete
DEBUG 2026-06-29 20:50:31 re/_trace.py:47 close.started
DEBUG 2026-06-29 20:50:31 re/_trace.py:47 close.complete
DEBUG 2026-06-29 20:50:31 re/_trace.py:47 close.started
DEBUG 2026-06-29 20:50:31 re/_trace.py:47 close.complete
DEBUG 2026-06-29 20:50:31 re/_trace.py:47 close.started
DEBUG 2026-06-29 20:50:31 re/_trace.py:47 close.complete
DEBUG 2026-06-29 20:50:31 re/_trace.py:47 close.started
DEBUG 2026-06-29 20:50:31 re/_trace.py:47 close.complete
DEBUG 2026-06-29 20:50:31 re/_trace.py:47 close.started
DEBUG 2026-06-29 20:50:31 re/_trace.py:47 close.complete
DEBUG 2026-06-29 20:50:31 re/_trace.py:47 close.started
DEBUG 2026-06-29 20:50:31 re/_trace.py:47 close.complete
DEBUG 2026-06-29 20:50:31 re/_trace.py:47 close.started
DEBUG 2026-06-29 20:50:31 re/_trace.py:47 close.complete
DEBUG 2026-06-29 20:52:55 re/_trace.py:47 close.started
DEBUG 2026-06-29 20:52:55 re/_trace.py:47 close.complete
DEBUG 2026-06-29 20:52:55 re/_trace.py:47 close.started
DEBUG 2026-06-29 20:52:55 re/_trace.py:47 close.complete
DEBUG 2026-06-29 20:52:55 re/_trace.py:47 close.started
DEBUG 2026-06-29 20:52:55 re/_trace.py:47 close.complete
DEBUG 2026-06-29 20:52:56 re/_trace.py:47 close.started
DEBUG 2026-06-29 20:52:56 re/_trace.py:47 close.complete
DEBUG 2026-06-29 20:52:56 re/_trace.py:47 close.started
DEBUG 2026-06-29 20:52:56 re/_trace.py:47 close.complete
DEBUG 2026-06-29 20:52:56 re/_trace.py:47 close.started
DEBUG 2026-06-29 20:52:56 re/_trace.py:47 close.complete
DEBUG 2026-06-29 20:52:56 re/_trace.py:47 close.started
DEBUG 2026-06-29 20:52:56 re/_trace.py:47 close.complete
DEBUG 2026-06-29 20:52:56 re/_trace.py:47 close.started
DEBUG 2026-06-29 20:52:56 re/_trace.py:47 close.complete
DEBUG 2026-06-29 20:52:56 re/_trace.py:47 close.started
DEBUG 2026-06-29 20:52:56 re/_trace.py:47 close.complete
DEBUG 2026-06-29 20:52:56 re/_trace.py:47 close.started
DEBUG 2026-06-29 20:52:56 re/_trace.py:47 close.complete
INFO 2026-06-29 20:53:40 ot_train.py:459 step:15K smpl:9M ep:14K epch:285.34 loss:0.003 grdn:0.062 lr:5.5e-05 updt_s:2.329 data_s:0.393
WARNING 2026-06-29 20:53:40 db_utils.py:181 WandB logging of key "loss_per_dim" was ignored as its type "<class 'list'>" is not handled by this wrapper.
DEBUG 2026-06-29 20:55:22 re/_trace.py:47 close.started
DEBUG 2026-06-29 20:55:22 re/_trace.py:47 close.complete
DEBUG 2026-06-29 20:55:22 re/_trace.py:47 close.started
DEBUG 2026-06-29 20:55:22 re/_trace.py:47 close.complete
DEBUG 2026-06-29 20:55:22 re/_trace.py:47 close.started
DEBUG 2026-06-29 20:55:22 re/_trace.py:47 close.complete
DEBUG 2026-06-29 20:55:22 re/_trace.py:47 close.started
DEBUG 2026-06-29 20:55:22 re/_trace.py:47 close.complete
DEBUG 2026-06-29 20:55:22 re/_trace.py:47 close.started
DEBUG 2026-06-29 20:55:22 re/_trace.py:47 close.complete
DEBUG 2026-06-29 20:55:22 re/_trace.py:47 close.started
DEBUG 2026-06-29 20:55:22 re/_trace.py:47 close.complete
DEBUG 2026-06-29 20:55:22 re/_trace.py:47 close.started
DEBUG 2026-06-29 20:55:22 re/_trace.py:47 close.complete
DEBUG 2026-06-29 20:55:22 re/_trace.py:47 close.started
DEBUG 2026-06-29 20:55:22 re/_trace.py:47 close.complete
DEBUG 2026-06-29 20:55:22 re/_trace.py:47 close.started
DEBUG 2026-06-29 20:55:22 re/_trace.py:47 close.complete
DEBUG 2026-06-29 20:55:22 re/_trace.py:47 close.started
DEBUG 2026-06-29 20:55:22 re/_trace.py:47 close.complete
DEBUG 2026-06-29 20:57:47 re/_trace.py:47 close.started
DEBUG 2026-06-29 20:57:47 re/_trace.py:47 close.complete
DEBUG 2026-06-29 20:57:47 re/_trace.py:47 close.started
DEBUG 2026-06-29 20:57:47 re/_trace.py:47 close.complete
DEBUG 2026-06-29 20:57:47 re/_trace.py:47 close.started
DEBUG 2026-06-29 20:57:47 re/_trace.py:47 close.complete
DEBUG 2026-06-29 20:57:47 re/_trace.py:47 close.started
DEBUG 2026-06-29 20:57:47 re/_trace.py:47 close.complete
DEBUG 2026-06-29 20:57:47 re/_trace.py:47 close.started
DEBUG 2026-06-29 20:57:47 re/_trace.py:47 close.complete
DEBUG 2026-06-29 20:57:47 re/_trace.py:47 close.started
DEBUG 2026-06-29 20:57:47 re/_trace.py:47 close.complete
DEBUG 2026-06-29 20:57:47 re/_trace.py:47 close.started
DEBUG 2026-06-29 20:57:47 re/_trace.py:47 close.complete
DEBUG 2026-06-29 20:57:47 re/_trace.py:47 close.started
DEBUG 2026-06-29 20:57:47 re/_trace.py:47 close.complete
DEBUG 2026-06-29 20:57:47 re/_trace.py:47 close.started
DEBUG 2026-06-29 20:57:47 re/_trace.py:47 close.complete
DEBUG 2026-06-29 20:57:47 re/_trace.py:47 close.started
DEBUG 2026-06-29 20:57:47 re/_trace.py:47 close.complete
DEBUG 2026-06-29 21:00:12 re/_trace.py:47 close.started
DEBUG 2026-06-29 21:00:12 re/_trace.py:47 close.complete
DEBUG 2026-06-29 21:00:12 re/_trace.py:47 close.started
DEBUG 2026-06-29 21:00:12 re/_trace.py:47 close.complete
DEBUG 2026-06-29 21:00:12 re/_trace.py:47 close.started
DEBUG 2026-06-29 21:00:12 re/_trace.py:47 close.complete
DEBUG 2026-06-29 21:00:12 re/_trace.py:47 close.started
DEBUG 2026-06-29 21:00:12 re/_trace.py:47 close.complete
DEBUG 2026-06-29 21:00:12 re/_trace.py:47 close.started
DEBUG 2026-06-29 21:00:12 re/_trace.py:47 close.complete
DEBUG 2026-06-29 21:00:12 re/_trace.py:47 close.started
DEBUG 2026-06-29 21:00:12 re/_trace.py:47 close.complete
DEBUG 2026-06-29 21:00:12 re/_trace.py:47 close.started
DEBUG 2026-06-29 21:00:12 re/_trace.py:47 close.complete
DEBUG 2026-06-29 21:00:12 re/_trace.py:47 close.started
DEBUG 2026-06-29 21:00:12 re/_trace.py:47 close.complete
DEBUG 2026-06-29 21:00:12 re/_trace.py:47 close.started
DEBUG 2026-06-29 21:00:12 re/_trace.py:47 close.complete
DEBUG 2026-06-29 21:00:12 re/_trace.py:47 close.started
DEBUG 2026-06-29 21:00:12 re/_trace.py:47 close.complete
INFO 2026-06-29 21:02:23 ot_train.py:459 step:16K smpl:9M ep:14K epch:289.05 loss:0.003 grdn:0.068 lr:5.3e-05 updt_s:2.321 data_s:0.290
WARNING 2026-06-29 21:02:23 db_utils.py:181 WandB logging of key "loss_per_dim" was ignored as its type "<class 'list'>" is not handled by this wrapper.
DEBUG 2026-06-29 21:02:38 re/_trace.py:47 close.started
DEBUG 2026-06-29 21:02:38 re/_trace.py:47 close.complete
DEBUG 2026-06-29 21:02:38 re/_trace.py:47 close.started
DEBUG 2026-06-29 21:02:38 re/_trace.py:47 close.complete
DEBUG 2026-06-29 21:02:38 re/_trace.py:47 close.started
DEBUG 2026-06-29 21:02:38 re/_trace.py:47 close.complete
DEBUG 2026-06-29 21:02:38 re/_trace.py:47 close.started
DEBUG 2026-06-29 21:02:38 re/_trace.py:47 close.complete
DEBUG 2026-06-29 21:02:38 re/_trace.py:47 close.started
DEBUG 2026-06-29 21:02:38 re/_trace.py:47 close.complete
DEBUG 2026-06-29 21:02:38 re/_trace.py:47 close.started
DEBUG 2026-06-29 21:02:38 re/_trace.py:47 close.complete
DEBUG 2026-06-29 21:02:38 re/_trace.py:47 close.started
DEBUG 2026-06-29 21:02:38 re/_trace.py:47 close.complete
DEBUG 2026-06-29 21:02:38 re/_trace.py:47 close.started
DEBUG 2026-06-29 21:02:38 re/_trace.py:47 close.complete
DEBUG 2026-06-29 21:02:38 re/_trace.py:47 close.started
DEBUG 2026-06-29 21:02:38 re/_trace.py:47 close.complete
DEBUG 2026-06-29 21:02:39 re/_trace.py:47 close.started
DEBUG 2026-06-29 21:02:39 re/_trace.py:47 close.complete
DEBUG 2026-06-29 21:05:04 re/_trace.py:47 close.started
DEBUG 2026-06-29 21:05:04 re/_trace.py:47 close.complete
DEBUG 2026-06-29 21:05:04 re/_trace.py:47 close.started
DEBUG 2026-06-29 21:05:04 re/_trace.py:47 close.complete
DEBUG 2026-06-29 21:05:04 re/_trace.py:47 close.started
DEBUG 2026-06-29 21:05:04 re/_trace.py:47 close.complete
DEBUG 2026-06-29 21:05:04 re/_trace.py:47 close.started
DEBUG 2026-06-29 21:05:04 re/_trace.py:47 close.complete
DEBUG 2026-06-29 21:05:04 re/_trace.py:47 close.started
DEBUG 2026-06-29 21:05:04 re/_trace.py:47 close.complete
DEBUG 2026-06-29 21:05:04 re/_trace.py:47 close.started
DEBUG 2026-06-29 21:05:04 re/_trace.py:47 close.complete
DEBUG 2026-06-29 21:05:04 re/_trace.py:47 close.started
DEBUG 2026-06-29 21:05:04 re/_trace.py:47 close.complete
DEBUG 2026-06-29 21:05:04 re/_trace.py:47 close.started
DEBUG 2026-06-29 21:05:04 re/_trace.py:47 close.complete
DEBUG 2026-06-29 21:05:04 re/_trace.py:47 close.started
DEBUG 2026-06-29 21:05:04 re/_trace.py:47 close.complete
DEBUG 2026-06-29 21:05:04 re/_trace.py:47 close.started
DEBUG 2026-06-29 21:05:04 re/_trace.py:47 close.complete
DEBUG 2026-06-29 21:07:29 re/_trace.py:47 close.started
DEBUG 2026-06-29 21:07:29 re/_trace.py:47 close.complete
DEBUG 2026-06-29 21:07:29 re/_trace.py:47 close.started
DEBUG 2026-06-29 21:07:29 re/_trace.py:47 close.complete
DEBUG 2026-06-29 21:07:29 re/_trace.py:47 close.started
DEBUG 2026-06-29 21:07:29 re/_trace.py:47 close.complete
DEBUG 2026-06-29 21:07:29 re/_trace.py:47 close.started
DEBUG 2026-06-29 21:07:29 re/_trace.py:47 close.complete
DEBUG 2026-06-29 21:07:29 re/_trace.py:47 close.started
DEBUG 2026-06-29 21:07:29 re/_trace.py:47 close.complete
DEBUG 2026-06-29 21:07:29 re/_trace.py:47 close.started
DEBUG 2026-06-29 21:07:29 re/_trace.py:47 close.complete
DEBUG 2026-06-29 21:07:29 re/_trace.py:47 close.started
DEBUG 2026-06-29 21:07:29 re/_trace.py:47 close.complete
DEBUG 2026-06-29 21:07:29 re/_trace.py:47 close.started
DEBUG 2026-06-29 21:07:29 re/_trace.py:47 close.complete
DEBUG 2026-06-29 21:07:29 re/_trace.py:47 close.started
DEBUG 2026-06-29 21:07:29 re/_trace.py:47 close.complete
DEBUG 2026-06-29 21:07:29 re/_trace.py:47 close.started
DEBUG 2026-06-29 21:07:29 re/_trace.py:47 close.complete
DEBUG 2026-06-29 21:09:55 re/_trace.py:47 close.started
DEBUG 2026-06-29 21:09:55 re/_trace.py:47 close.complete
DEBUG 2026-06-29 21:09:55 re/_trace.py:47 close.started
DEBUG 2026-06-29 21:09:55 re/_trace.py:47 close.complete
DEBUG 2026-06-29 21:09:55 re/_trace.py:47 close.started
DEBUG 2026-06-29 21:09:55 re/_trace.py:47 close.complete
DEBUG 2026-06-29 21:09:55 re/_trace.py:47 close.started
DEBUG 2026-06-29 21:09:55 re/_trace.py:47 close.complete
DEBUG 2026-06-29 21:09:55 re/_trace.py:47 close.started
DEBUG 2026-06-29 21:09:55 re/_trace.py:47 close.complete
DEBUG 2026-06-29 21:09:55 re/_trace.py:47 close.started
DEBUG 2026-06-29 21:09:55 re/_trace.py:47 close.complete
DEBUG 2026-06-29 21:09:55 re/_trace.py:47 close.started
DEBUG 2026-06-29 21:09:55 re/_trace.py:47 close.complete
DEBUG 2026-06-29 21:09:55 re/_trace.py:47 close.started
DEBUG 2026-06-29 21:09:55 re/_trace.py:47 close.complete
DEBUG 2026-06-29 21:09:55 re/_trace.py:47 close.started
DEBUG 2026-06-29 21:09:55 re/_trace.py:47 close.complete
DEBUG 2026-06-29 21:09:55 re/_trace.py:47 close.started
DEBUG 2026-06-29 21:09:55 re/_trace.py:47 close.complete
INFO 2026-06-29 21:11:30 ot_train.py:459 step:16K smpl:10M ep:15K epch:292.75 loss:0.003 grdn:0.069 lr:5.2e-05 updt_s:2.344 data_s:0.387
WARNING 2026-06-29 21:11:30 db_utils.py:181 WandB logging of key "loss_per_dim" was ignored as its type "<class 'list'>" is not handled by this wrapper.
DEBUG 2026-06-29 21:12:21 re/_trace.py:47 close.started
DEBUG 2026-06-29 21:12:21 re/_trace.py:47 close.complete
DEBUG 2026-06-29 21:12:21 re/_trace.py:47 close.started
DEBUG 2026-06-29 21:12:21 re/_trace.py:47 close.complete
DEBUG 2026-06-29 21:12:21 re/_trace.py:47 close.started
DEBUG 2026-06-29 21:12:21 re/_trace.py:47 close.complete
DEBUG 2026-06-29 21:12:21 re/_trace.py:47 close.started
DEBUG 2026-06-29 21:12:21 re/_trace.py:47 close.complete
DEBUG 2026-06-29 21:12:21 re/_trace.py:47 close.started
DEBUG 2026-06-29 21:12:21 re/_trace.py:47 close.complete
DEBUG 2026-06-29 21:12:21 re/_trace.py:47 close.started
DEBUG 2026-06-29 21:12:21 re/_trace.py:47 close.complete
DEBUG 2026-06-29 21:12:21 re/_trace.py:47 close.started
DEBUG 2026-06-29 21:12:21 re/_trace.py:47 close.complete
DEBUG 2026-06-29 21:12:21 re/_trace.py:47 close.started
DEBUG 2026-06-29 21:12:21 re/_trace.py:47 close.complete
DEBUG 2026-06-29 21:12:21 re/_trace.py:47 close.started
DEBUG 2026-06-29 21:12:21 re/_trace.py:47 close.complete
DEBUG 2026-06-29 21:12:21 re/_trace.py:47 close.started
DEBUG 2026-06-29 21:12:21 re/_trace.py:47 close.complete
DEBUG 2026-06-29 21:14:46 re/_trace.py:47 close.started
DEBUG 2026-06-29 21:14:46 re/_trace.py:47 close.complete
DEBUG 2026-06-29 21:14:46 re/_trace.py:47 close.started
DEBUG 2026-06-29 21:14:46 re/_trace.py:47 close.complete
DEBUG 2026-06-29 21:14:46 re/_trace.py:47 close.started
DEBUG 2026-06-29 21:14:46 re/_trace.py:47 close.complete
DEBUG 2026-06-29 21:14:46 re/_trace.py:47 close.started
DEBUG 2026-06-29 21:14:46 re/_trace.py:47 close.complete
DEBUG 2026-06-29 21:14:46 re/_trace.py:47 close.started
DEBUG 2026-06-29 21:14:46 re/_trace.py:47 close.complete
DEBUG 2026-06-29 21:14:46 re/_trace.py:47 close.started
DEBUG 2026-06-29 21:14:46 re/_trace.py:47 close.complete
DEBUG 2026-06-29 21:14:46 re/_trace.py:47 close.started
DEBUG 2026-06-29 21:14:46 re/_trace.py:47 close.complete
DEBUG 2026-06-29 21:14:46 re/_trace.py:47 close.started
DEBUG 2026-06-29 21:14:46 re/_trace.py:47 close.complete
DEBUG 2026-06-29 21:14:46 re/_trace.py:47 close.started
DEBUG 2026-06-29 21:14:46 re/_trace.py:47 close.complete
DEBUG 2026-06-29 21:14:46 re/_trace.py:47 close.started
DEBUG 2026-06-29 21:14:46 re/_trace.py:47 close.complete
DEBUG 2026-06-29 21:17:11 re/_trace.py:47 close.started
DEBUG 2026-06-29 21:17:11 re/_trace.py:47 close.complete
DEBUG 2026-06-29 21:17:11 re/_trace.py:47 close.started
DEBUG 2026-06-29 21:17:11 re/_trace.py:47 close.complete
DEBUG 2026-06-29 21:17:11 re/_trace.py:47 close.started
DEBUG 2026-06-29 21:17:11 re/_trace.py:47 close.complete
DEBUG 2026-06-29 21:17:11 re/_trace.py:47 close.started
DEBUG 2026-06-29 21:17:11 re/_trace.py:47 close.complete
DEBUG 2026-06-29 21:17:11 re/_trace.py:47 close.started
DEBUG 2026-06-29 21:17:11 re/_trace.py:47 close.complete
DEBUG 2026-06-29 21:17:11 re/_trace.py:47 close.started
DEBUG 2026-06-29 21:17:11 re/_trace.py:47 close.complete
DEBUG 2026-06-29 21:17:11 re/_trace.py:47 close.started
DEBUG 2026-06-29 21:17:11 re/_trace.py:47 close.complete
DEBUG 2026-06-29 21:17:11 re/_trace.py:47 close.started
DEBUG 2026-06-29 21:17:11 re/_trace.py:47 close.complete
DEBUG 2026-06-29 21:17:11 re/_trace.py:47 close.started
DEBUG 2026-06-29 21:17:11 re/_trace.py:47 close.complete
DEBUG 2026-06-29 21:17:11 re/_trace.py:47 close.started
DEBUG 2026-06-29 21:17:11 re/_trace.py:47 close.complete
DEBUG 2026-06-29 21:19:37 re/_trace.py:47 close.started
DEBUG 2026-06-29 21:19:37 re/_trace.py:47 close.complete
DEBUG 2026-06-29 21:19:37 re/_trace.py:47 close.started
DEBUG 2026-06-29 21:19:37 re/_trace.py:47 close.complete
DEBUG 2026-06-29 21:19:37 re/_trace.py:47 close.started
DEBUG 2026-06-29 21:19:37 re/_trace.py:47 close.complete
DEBUG 2026-06-29 21:19:37 re/_trace.py:47 close.started
DEBUG 2026-06-29 21:19:37 re/_trace.py:47 close.complete
DEBUG 2026-06-29 21:19:37 re/_trace.py:47 close.started
DEBUG 2026-06-29 21:19:37 re/_trace.py:47 close.complete
DEBUG 2026-06-29 21:19:37 re/_trace.py:47 close.started
DEBUG 2026-06-29 21:19:37 re/_trace.py:47 close.complete
DEBUG 2026-06-29 21:19:37 re/_trace.py:47 close.started
DEBUG 2026-06-29 21:19:37 re/_trace.py:47 close.complete
DEBUG 2026-06-29 21:19:37 re/_trace.py:47 close.started
DEBUG 2026-06-29 21:19:37 re/_trace.py:47 close.complete
DEBUG 2026-06-29 21:19:37 re/_trace.py:47 close.started
DEBUG 2026-06-29 21:19:37 re/_trace.py:47 close.complete
DEBUG 2026-06-29 21:19:37 re/_trace.py:47 close.started
DEBUG 2026-06-29 21:19:37 re/_trace.py:47 close.complete
INFO 2026-06-29 21:20:36 ot_train.py:459 step:16K smpl:10M ep:15K epch:296.46 loss:0.003 grdn:0.061 lr:5.1e-05 updt_s:2.368 data_s:0.357
WARNING 2026-06-29 21:20:36 db_utils.py:181 WandB logging of key "loss_per_dim" was ignored as its type "<class 'list'>" is not handled by this wrapper.
DEBUG 2026-06-29 21:22:03 re/_trace.py:47 close.started
DEBUG 2026-06-29 21:22:03 re/_trace.py:47 close.complete
DEBUG 2026-06-29 21:22:03 re/_trace.py:47 close.started
DEBUG 2026-06-29 21:22:03 re/_trace.py:47 close.complete
DEBUG 2026-06-29 21:22:03 re/_trace.py:47 close.started
DEBUG 2026-06-29 21:22:03 re/_trace.py:47 close.complete
DEBUG 2026-06-29 21:22:03 re/_trace.py:47 close.started
DEBUG 2026-06-29 21:22:03 re/_trace.py:47 close.complete
DEBUG 2026-06-29 21:22:03 re/_trace.py:47 close.started
DEBUG 2026-06-29 21:22:03 re/_trace.py:47 close.complete
DEBUG 2026-06-29 21:22:03 re/_trace.py:47 close.started
DEBUG 2026-06-29 21:22:03 re/_trace.py:47 close.complete
DEBUG 2026-06-29 21:22:03 re/_trace.py:47 close.started
DEBUG 2026-06-29 21:22:03 re/_trace.py:47 close.complete
DEBUG 2026-06-29 21:22:03 re/_trace.py:47 close.started
DEBUG 2026-06-29 21:22:03 re/_trace.py:47 close.complete
DEBUG 2026-06-29 21:22:03 re/_trace.py:47 close.started
DEBUG 2026-06-29 21:22:03 re/_trace.py:47 close.complete
DEBUG 2026-06-29 21:22:03 re/_trace.py:47 close.started
DEBUG 2026-06-29 21:22:03 re/_trace.py:47 close.complete
DEBUG 2026-06-29 21:24:28 re/_trace.py:47 close.started
DEBUG 2026-06-29 21:24:28 re/_trace.py:47 close.complete
DEBUG 2026-06-29 21:24:28 re/_trace.py:47 close.started
DEBUG 2026-06-29 21:24:28 re/_trace.py:47 close.complete
DEBUG 2026-06-29 21:24:28 re/_trace.py:47 close.started
DEBUG 2026-06-29 21:24:28 re/_trace.py:47 close.complete
DEBUG 2026-06-29 21:24:28 re/_trace.py:47 close.started
DEBUG 2026-06-29 21:24:28 re/_trace.py:47 close.complete
DEBUG 2026-06-29 21:24:28 re/_trace.py:47 close.started
DEBUG 2026-06-29 21:24:28 re/_trace.py:47 close.complete
DEBUG 2026-06-29 21:24:28 re/_trace.py:47 close.started
DEBUG 2026-06-29 21:24:28 re/_trace.py:47 close.complete
DEBUG 2026-06-29 21:24:28 re/_trace.py:47 close.started
DEBUG 2026-06-29 21:24:28 re/_trace.py:47 close.complete
DEBUG 2026-06-29 21:24:28 re/_trace.py:47 close.started
DEBUG 2026-06-29 21:24:28 re/_trace.py:47 close.complete
DEBUG 2026-06-29 21:24:28 re/_trace.py:47 close.started
DEBUG 2026-06-29 21:24:28 re/_trace.py:47 close.complete
DEBUG 2026-06-29 21:24:28 re/_trace.py:47 close.started
DEBUG 2026-06-29 21:24:28 re/_trace.py:47 close.complete
DEBUG 2026-06-29 21:26:55 re/_trace.py:47 close.started
DEBUG 2026-06-29 21:26:55 re/_trace.py:47 close.complete
DEBUG 2026-06-29 21:26:55 re/_trace.py:47 close.started
DEBUG 2026-06-29 21:26:55 re/_trace.py:47 close.complete
DEBUG 2026-06-29 21:26:55 re/_trace.py:47 close.started
DEBUG 2026-06-29 21:26:55 re/_trace.py:47 close.complete
DEBUG 2026-06-29 21:26:55 re/_trace.py:47 close.started
DEBUG 2026-06-29 21:26:55 re/_trace.py:47 close.complete
DEBUG 2026-06-29 21:26:56 re/_trace.py:47 close.started
DEBUG 2026-06-29 21:26:56 re/_trace.py:47 close.complete
DEBUG 2026-06-29 21:26:56 re/_trace.py:47 close.started
DEBUG 2026-06-29 21:26:56 re/_trace.py:47 close.complete
DEBUG 2026-06-29 21:26:56 re/_trace.py:47 close.started
DEBUG 2026-06-29 21:26:56 re/_trace.py:47 close.complete
DEBUG 2026-06-29 21:26:56 re/_trace.py:47 close.started
DEBUG 2026-06-29 21:26:56 re/_trace.py:47 close.complete
DEBUG 2026-06-29 21:26:56 re/_trace.py:47 close.started
DEBUG 2026-06-29 21:26:56 re/_trace.py:47 close.complete
DEBUG 2026-06-29 21:26:56 re/_trace.py:47 close.started
DEBUG 2026-06-29 21:26:56 re/_trace.py:47 close.complete
INFO 2026-06-29 21:29:22 ot_train.py:459 step:16K smpl:10M ep:15K epch:300.17 loss:0.003 grdn:0.062 lr:5.0e-05 updt_s:2.346 data_s:0.282
WARNING 2026-06-29 21:29:22 db_utils.py:181 WandB logging of key "loss_per_dim" was ignored as its type "<class 'list'>" is not handled by this wrapper.
DEBUG 2026-06-29 21:29:22 re/_trace.py:47 close.started
DEBUG 2026-06-29 21:29:22 re/_trace.py:47 close.complete
DEBUG 2026-06-29 21:29:22 re/_trace.py:47 close.started
DEBUG 2026-06-29 21:29:22 re/_trace.py:47 close.complete
DEBUG 2026-06-29 21:29:22 re/_trace.py:47 close.started
DEBUG 2026-06-29 21:29:22 re/_trace.py:47 close.complete
DEBUG 2026-06-29 21:29:22 re/_trace.py:47 close.started
DEBUG 2026-06-29 21:29:22 re/_trace.py:47 close.complete
DEBUG 2026-06-29 21:29:22 re/_trace.py:47 close.started
DEBUG 2026-06-29 21:29:22 re/_trace.py:47 close.complete
DEBUG 2026-06-29 21:29:22 re/_trace.py:47 close.started
DEBUG 2026-06-29 21:29:22 re/_trace.py:47 close.complete
DEBUG 2026-06-29 21:29:22 re/_trace.py:47 close.started
DEBUG 2026-06-29 21:29:22 re/_trace.py:47 close.complete
DEBUG 2026-06-29 21:29:22 re/_trace.py:47 close.started
DEBUG 2026-06-29 21:29:22 re/_trace.py:47 close.complete
DEBUG 2026-06-29 21:29:22 re/_trace.py:47 close.started
DEBUG 2026-06-29 21:29:22 re/_trace.py:47 close.complete
DEBUG 2026-06-29 21:29:22 re/_trace.py:47 close.started
DEBUG 2026-06-29 21:29:22 re/_trace.py:47 close.complete
DEBUG 2026-06-29 21:31:47 re/_trace.py:47 close.started
DEBUG 2026-06-29 21:31:47 re/_trace.py:47 close.complete
DEBUG 2026-06-29 21:31:47 re/_trace.py:47 close.started
DEBUG 2026-06-29 21:31:47 re/_trace.py:47 close.complete
DEBUG 2026-06-29 21:31:47 re/_trace.py:47 close.started
DEBUG 2026-06-29 21:31:47 re/_trace.py:47 close.complete
DEBUG 2026-06-29 21:31:47 re/_trace.py:47 close.started
DEBUG 2026-06-29 21:31:47 re/_trace.py:47 close.complete
DEBUG 2026-06-29 21:31:47 re/_trace.py:47 close.started
DEBUG 2026-06-29 21:31:47 re/_trace.py:47 close.complete
DEBUG 2026-06-29 21:31:48 re/_trace.py:47 close.started
DEBUG 2026-06-29 21:31:48 re/_trace.py:47 close.complete
DEBUG 2026-06-29 21:31:48 re/_trace.py:47 close.started
DEBUG 2026-06-29 21:31:48 re/_trace.py:47 close.complete
DEBUG 2026-06-29 21:31:48 re/_trace.py:47 close.started
DEBUG 2026-06-29 21:31:48 re/_trace.py:47 close.complete
DEBUG 2026-06-29 21:31:48 re/_trace.py:47 close.started
DEBUG 2026-06-29 21:31:48 re/_trace.py:47 close.complete
DEBUG 2026-06-29 21:31:48 re/_trace.py:47 close.started
DEBUG 2026-06-29 21:31:48 re/_trace.py:47 close.complete
DEBUG 2026-06-29 21:34:12 re/_trace.py:47 close.started
DEBUG 2026-06-29 21:34:12 re/_trace.py:47 close.complete
DEBUG 2026-06-29 21:34:12 re/_trace.py:47 close.started
DEBUG 2026-06-29 21:34:12 re/_trace.py:47 close.complete
DEBUG 2026-06-29 21:34:12 re/_trace.py:47 close.started
DEBUG 2026-06-29 21:34:12 re/_trace.py:47 close.complete
DEBUG 2026-06-29 21:34:12 re/_trace.py:47 close.started
DEBUG 2026-06-29 21:34:12 re/_trace.py:47 close.complete
DEBUG 2026-06-29 21:34:13 re/_trace.py:47 close.started
DEBUG 2026-06-29 21:34:13 re/_trace.py:47 close.complete
DEBUG 2026-06-29 21:34:13 re/_trace.py:47 close.started
DEBUG 2026-06-29 21:34:13 re/_trace.py:47 close.complete
DEBUG 2026-06-29 21:34:13 re/_trace.py:47 close.started
DEBUG 2026-06-29 21:34:13 re/_trace.py:47 close.complete
DEBUG 2026-06-29 21:34:13 re/_trace.py:47 close.started
DEBUG 2026-06-29 21:34:13 re/_trace.py:47 close.complete
DEBUG 2026-06-29 21:34:13 re/_trace.py:47 close.started
DEBUG 2026-06-29 21:34:13 re/_trace.py:47 close.complete
DEBUG 2026-06-29 21:34:13 re/_trace.py:47 close.started
DEBUG 2026-06-29 21:34:13 re/_trace.py:47 close.complete
DEBUG 2026-06-29 21:36:37 re/_trace.py:47 close.started
DEBUG 2026-06-29 21:36:37 re/_trace.py:47 close.complete
DEBUG 2026-06-29 21:36:37 re/_trace.py:47 close.started
DEBUG 2026-06-29 21:36:37 re/_trace.py:47 close.complete
DEBUG 2026-06-29 21:36:37 re/_trace.py:47 close.started
DEBUG 2026-06-29 21:36:37 re/_trace.py:47 close.complete
DEBUG 2026-06-29 21:36:37 re/_trace.py:47 close.started
DEBUG 2026-06-29 21:36:37 re/_trace.py:47 close.complete
DEBUG 2026-06-29 21:36:37 re/_trace.py:47 close.started
DEBUG 2026-06-29 21:36:37 re/_trace.py:47 close.complete
DEBUG 2026-06-29 21:36:37 re/_trace.py:47 close.started
DEBUG 2026-06-29 21:36:37 re/_trace.py:47 close.complete
DEBUG 2026-06-29 21:36:38 re/_trace.py:47 close.started
DEBUG 2026-06-29 21:36:38 re/_trace.py:47 close.complete
DEBUG 2026-06-29 21:36:38 re/_trace.py:47 close.started
DEBUG 2026-06-29 21:36:38 re/_trace.py:47 close.complete
DEBUG 2026-06-29 21:36:38 re/_trace.py:47 close.started
DEBUG 2026-06-29 21:36:38 re/_trace.py:47 close.complete
DEBUG 2026-06-29 21:36:38 re/_trace.py:47 close.started
DEBUG 2026-06-29 21:36:38 re/_trace.py:47 close.complete
INFO 2026-06-29 21:38:27 ot_train.py:459 step:16K smpl:10M ep:15K epch:303.87 loss:0.003 grdn:0.065 lr:4.9e-05 updt_s:2.340 data_s:0.381
WARNING 2026-06-29 21:38:27 db_utils.py:181 WandB logging of key "loss_per_dim" was ignored as its type "<class 'list'>" is not handled by this wrapper.
DEBUG 2026-06-29 21:39:03 re/_trace.py:47 close.started
DEBUG 2026-06-29 21:39:03 re/_trace.py:47 close.complete
DEBUG 2026-06-29 21:39:03 re/_trace.py:47 close.started
DEBUG 2026-06-29 21:39:03 re/_trace.py:47 close.complete
DEBUG 2026-06-29 21:39:03 re/_trace.py:47 close.started
DEBUG 2026-06-29 21:39:03 re/_trace.py:47 close.complete
DEBUG 2026-06-29 21:39:03 re/_trace.py:47 close.started
DEBUG 2026-06-29 21:39:03 re/_trace.py:47 close.complete
DEBUG 2026-06-29 21:39:03 re/_trace.py:47 close.started
DEBUG 2026-06-29 21:39:03 re/_trace.py:47 close.complete
DEBUG 2026-06-29 21:39:03 re/_trace.py:47 close.started
DEBUG 2026-06-29 21:39:03 re/_trace.py:47 close.complete
DEBUG 2026-06-29 21:39:03 re/_trace.py:47 close.started
DEBUG 2026-06-29 21:39:03 re/_trace.py:47 close.complete
DEBUG 2026-06-29 21:39:03 re/_trace.py:47 close.started
DEBUG 2026-06-29 21:39:03 re/_trace.py:47 close.complete
DEBUG 2026-06-29 21:39:03 re/_trace.py:47 close.started
DEBUG 2026-06-29 21:39:03 re/_trace.py:47 close.complete
DEBUG 2026-06-29 21:39:03 re/_trace.py:47 close.started
DEBUG 2026-06-29 21:39:03 re/_trace.py:47 close.complete
DEBUG 2026-06-29 21:41:29 re/_trace.py:47 close.started
DEBUG 2026-06-29 21:41:29 re/_trace.py:47 close.complete
DEBUG 2026-06-29 21:41:29 re/_trace.py:47 close.started
DEBUG 2026-06-29 21:41:29 re/_trace.py:47 close.complete
DEBUG 2026-06-29 21:41:29 re/_trace.py:47 close.started
DEBUG 2026-06-29 21:41:29 re/_trace.py:47 close.complete
DEBUG 2026-06-29 21:41:29 re/_trace.py:47 close.started
DEBUG 2026-06-29 21:41:29 re/_trace.py:47 close.complete
DEBUG 2026-06-29 21:41:29 re/_trace.py:47 close.started
DEBUG 2026-06-29 21:41:29 re/_trace.py:47 close.complete
DEBUG 2026-06-29 21:41:29 re/_trace.py:47 close.started
DEBUG 2026-06-29 21:41:29 re/_trace.py:47 close.complete
DEBUG 2026-06-29 21:41:29 re/_trace.py:47 close.started
DEBUG 2026-06-29 21:41:29 re/_trace.py:47 close.complete
DEBUG 2026-06-29 21:41:29 re/_trace.py:47 close.started
DEBUG 2026-06-29 21:41:29 re/_trace.py:47 close.complete
DEBUG 2026-06-29 21:41:29 re/_trace.py:47 close.started
DEBUG 2026-06-29 21:41:29 re/_trace.py:47 close.complete
DEBUG 2026-06-29 21:41:29 re/_trace.py:47 close.started
DEBUG 2026-06-29 21:41:29 re/_trace.py:47 close.complete
DEBUG 2026-06-29 21:43:54 re/_trace.py:47 close.started
DEBUG 2026-06-29 21:43:54 re/_trace.py:47 close.complete
DEBUG 2026-06-29 21:43:54 re/_trace.py:47 close.started
DEBUG 2026-06-29 21:43:54 re/_trace.py:47 close.complete
DEBUG 2026-06-29 21:43:55 re/_trace.py:47 close.started
DEBUG 2026-06-29 21:43:55 re/_trace.py:47 close.complete
DEBUG 2026-06-29 21:43:55 re/_trace.py:47 close.started
DEBUG 2026-06-29 21:43:55 re/_trace.py:47 close.complete
DEBUG 2026-06-29 21:43:55 re/_trace.py:47 close.started
DEBUG 2026-06-29 21:43:55 re/_trace.py:47 close.complete
DEBUG 2026-06-29 21:43:55 re/_trace.py:47 close.started
DEBUG 2026-06-29 21:43:55 re/_trace.py:47 close.complete
DEBUG 2026-06-29 21:43:55 re/_trace.py:47 close.started
DEBUG 2026-06-29 21:43:55 re/_trace.py:47 close.complete
DEBUG 2026-06-29 21:43:55 re/_trace.py:47 close.started
DEBUG 2026-06-29 21:43:55 re/_trace.py:47 close.complete
DEBUG 2026-06-29 21:43:55 re/_trace.py:47 close.started
DEBUG 2026-06-29 21:43:55 re/_trace.py:47 close.complete
DEBUG 2026-06-29 21:43:55 re/_trace.py:47 close.started
DEBUG 2026-06-29 21:43:55 re/_trace.py:47 close.complete
DEBUG 2026-06-29 21:46:21 re/_trace.py:47 close.started
DEBUG 2026-06-29 21:46:21 re/_trace.py:47 close.complete
DEBUG 2026-06-29 21:46:21 re/_trace.py:47 close.started
DEBUG 2026-06-29 21:46:21 re/_trace.py:47 close.complete
DEBUG 2026-06-29 21:46:21 re/_trace.py:47 close.started
DEBUG 2026-06-29 21:46:21 re/_trace.py:47 close.complete
DEBUG 2026-06-29 21:46:21 re/_trace.py:47 close.started
DEBUG 2026-06-29 21:46:21 re/_trace.py:47 close.complete
DEBUG 2026-06-29 21:46:21 re/_trace.py:47 close.started
DEBUG 2026-06-29 21:46:21 re/_trace.py:47 close.complete
DEBUG 2026-06-29 21:46:21 re/_trace.py:47 close.started
DEBUG 2026-06-29 21:46:21 re/_trace.py:47 close.complete
DEBUG 2026-06-29 21:46:21 re/_trace.py:47 close.started
DEBUG 2026-06-29 21:46:21 re/_trace.py:47 close.complete
DEBUG 2026-06-29 21:46:21 re/_trace.py:47 close.started
DEBUG 2026-06-29 21:46:21 re/_trace.py:47 close.complete
DEBUG 2026-06-29 21:46:21 re/_trace.py:47 close.started
DEBUG 2026-06-29 21:46:21 re/_trace.py:47 close.complete
DEBUG 2026-06-29 21:46:21 re/_trace.py:47 close.started
DEBUG 2026-06-29 21:46:21 re/_trace.py:47 close.complete
INFO 2026-06-29 21:47:33 ot_train.py:459 step:17K smpl:10M ep:15K epch:307.58 loss:0.003 grdn:0.058 lr:4.8e-05 updt_s:2.357 data_s:0.375
WARNING 2026-06-29 21:47:33 db_utils.py:181 WandB logging of key "loss_per_dim" was ignored as its type "<class 'list'>" is not handled by this wrapper.
DEBUG 2026-06-29 21:48:47 re/_trace.py:47 close.started
DEBUG 2026-06-29 21:48:47 re/_trace.py:47 close.complete
DEBUG 2026-06-29 21:48:47 re/_trace.py:47 close.started
DEBUG 2026-06-29 21:48:47 re/_trace.py:47 close.complete
DEBUG 2026-06-29 21:48:47 re/_trace.py:47 close.started
DEBUG 2026-06-29 21:48:47 re/_trace.py:47 close.complete
DEBUG 2026-06-29 21:48:47 re/_trace.py:47 close.started
DEBUG 2026-06-29 21:48:47 re/_trace.py:47 close.complete
DEBUG 2026-06-29 21:48:47 re/_trace.py:47 close.started
DEBUG 2026-06-29 21:48:47 re/_trace.py:47 close.complete
DEBUG 2026-06-29 21:48:47 re/_trace.py:47 close.started
DEBUG 2026-06-29 21:48:47 re/_trace.py:47 close.complete
DEBUG 2026-06-29 21:48:47 re/_trace.py:47 close.started
DEBUG 2026-06-29 21:48:47 re/_trace.py:47 close.complete
DEBUG 2026-06-29 21:48:47 re/_trace.py:47 close.started
DEBUG 2026-06-29 21:48:47 re/_trace.py:47 close.complete
DEBUG 2026-06-29 21:48:47 re/_trace.py:47 close.started
DEBUG 2026-06-29 21:48:47 re/_trace.py:47 close.complete
DEBUG 2026-06-29 21:48:47 re/_trace.py:47 close.started
DEBUG 2026-06-29 21:48:47 re/_trace.py:47 close.complete
DEBUG 2026-06-29 21:51:13 re/_trace.py:47 close.started
DEBUG 2026-06-29 21:51:13 re/_trace.py:47 close.complete
DEBUG 2026-06-29 21:51:13 re/_trace.py:47 close.started
DEBUG 2026-06-29 21:51:13 re/_trace.py:47 close.complete
DEBUG 2026-06-29 21:51:13 re/_trace.py:47 close.started
DEBUG 2026-06-29 21:51:13 re/_trace.py:47 close.complete
DEBUG 2026-06-29 21:51:13 re/_trace.py:47 close.started
DEBUG 2026-06-29 21:51:13 re/_trace.py:47 close.complete
DEBUG 2026-06-29 21:51:13 re/_trace.py:47 close.started
DEBUG 2026-06-29 21:51:13 re/_trace.py:47 close.complete
DEBUG 2026-06-29 21:51:13 re/_trace.py:47 close.started
DEBUG 2026-06-29 21:51:13 re/_trace.py:47 close.complete
DEBUG 2026-06-29 21:51:13 re/_trace.py:47 close.started
DEBUG 2026-06-29 21:51:13 re/_trace.py:47 close.complete
DEBUG 2026-06-29 21:51:13 re/_trace.py:47 close.started
DEBUG 2026-06-29 21:51:13 re/_trace.py:47 close.complete
DEBUG 2026-06-29 21:51:13 re/_trace.py:47 close.started
DEBUG 2026-06-29 21:51:13 re/_trace.py:47 close.complete
DEBUG 2026-06-29 21:51:13 re/_trace.py:47 close.started
DEBUG 2026-06-29 21:51:13 re/_trace.py:47 close.complete
DEBUG 2026-06-29 21:53:38 re/_trace.py:47 close.started
DEBUG 2026-06-29 21:53:38 re/_trace.py:47 close.complete
DEBUG 2026-06-29 21:53:38 re/_trace.py:47 close.started
DEBUG 2026-06-29 21:53:38 re/_trace.py:47 close.complete
DEBUG 2026-06-29 21:53:38 re/_trace.py:47 close.started
DEBUG 2026-06-29 21:53:38 re/_trace.py:47 close.complete
DEBUG 2026-06-29 21:53:38 re/_trace.py:47 close.started
DEBUG 2026-06-29 21:53:38 re/_trace.py:47 close.complete
DEBUG 2026-06-29 21:53:38 re/_trace.py:47 close.started
DEBUG 2026-06-29 21:53:38 re/_trace.py:47 close.complete
DEBUG 2026-06-29 21:53:38 re/_trace.py:47 close.started
DEBUG 2026-06-29 21:53:38 re/_trace.py:47 close.complete
DEBUG 2026-06-29 21:53:38 re/_trace.py:47 close.started
DEBUG 2026-06-29 21:53:38 re/_trace.py:47 close.complete
DEBUG 2026-06-29 21:53:38 re/_trace.py:47 close.started
DEBUG 2026-06-29 21:53:38 re/_trace.py:47 close.complete
DEBUG 2026-06-29 21:53:38 re/_trace.py:47 close.started
DEBUG 2026-06-29 21:53:38 re/_trace.py:47 close.complete
DEBUG 2026-06-29 21:53:38 re/_trace.py:47 close.started
DEBUG 2026-06-29 21:53:38 re/_trace.py:47 close.complete
DEBUG 2026-06-29 21:56:02 re/_trace.py:47 close.started
DEBUG 2026-06-29 21:56:02 re/_trace.py:47 close.complete
DEBUG 2026-06-29 21:56:02 re/_trace.py:47 close.started
DEBUG 2026-06-29 21:56:02 re/_trace.py:47 close.complete
DEBUG 2026-06-29 21:56:03 re/_trace.py:47 close.started
DEBUG 2026-06-29 21:56:03 re/_trace.py:47 close.complete
DEBUG 2026-06-29 21:56:03 re/_trace.py:47 close.started
DEBUG 2026-06-29 21:56:03 re/_trace.py:47 close.complete
DEBUG 2026-06-29 21:56:03 re/_trace.py:47 close.started
DEBUG 2026-06-29 21:56:03 re/_trace.py:47 close.complete
DEBUG 2026-06-29 21:56:03 re/_trace.py:47 close.started
DEBUG 2026-06-29 21:56:03 re/_trace.py:47 close.complete
DEBUG 2026-06-29 21:56:03 re/_trace.py:47 close.started
DEBUG 2026-06-29 21:56:03 re/_trace.py:47 close.complete
DEBUG 2026-06-29 21:56:03 re/_trace.py:47 close.started
DEBUG 2026-06-29 21:56:03 re/_trace.py:47 close.complete
DEBUG 2026-06-29 21:56:03 re/_trace.py:47 close.started
DEBUG 2026-06-29 21:56:03 re/_trace.py:47 close.complete
DEBUG 2026-06-29 21:56:03 re/_trace.py:47 close.started
DEBUG 2026-06-29 21:56:03 re/_trace.py:47 close.complete
INFO 2026-06-29 21:56:37 ot_train.py:459 step:17K smpl:10M ep:16K epch:311.28 loss:0.003 grdn:0.063 lr:4.7e-05 updt_s:2.340 data_s:0.375
WARNING 2026-06-29 21:56:37 db_utils.py:181 WandB logging of key "loss_per_dim" was ignored as its type "<class 'list'>" is not handled by this wrapper.
DEBUG 2026-06-29 21:58:28 re/_trace.py:47 close.started
DEBUG 2026-06-29 21:58:28 re/_trace.py:47 close.complete
DEBUG 2026-06-29 21:58:28 re/_trace.py:47 close.started
DEBUG 2026-06-29 21:58:28 re/_trace.py:47 close.complete
DEBUG 2026-06-29 21:58:28 re/_trace.py:47 close.started
DEBUG 2026-06-29 21:58:28 re/_trace.py:47 close.complete
DEBUG 2026-06-29 21:58:28 re/_trace.py:47 close.started
DEBUG 2026-06-29 21:58:28 re/_trace.py:47 close.complete
DEBUG 2026-06-29 21:58:28 re/_trace.py:47 close.started
DEBUG 2026-06-29 21:58:28 re/_trace.py:47 close.complete
DEBUG 2026-06-29 21:58:28 re/_trace.py:47 close.started
DEBUG 2026-06-29 21:58:28 re/_trace.py:47 close.complete
DEBUG 2026-06-29 21:58:28 re/_trace.py:47 close.started
DEBUG 2026-06-29 21:58:28 re/_trace.py:47 close.complete
DEBUG 2026-06-29 21:58:28 re/_trace.py:47 close.started
DEBUG 2026-06-29 21:58:28 re/_trace.py:47 close.complete
DEBUG 2026-06-29 21:58:28 re/_trace.py:47 close.started
DEBUG 2026-06-29 21:58:28 re/_trace.py:47 close.complete
DEBUG 2026-06-29 21:58:28 re/_trace.py:47 close.started
DEBUG 2026-06-29 21:58:28 re/_trace.py:47 close.complete
DEBUG 2026-06-29 22:00:55 re/_trace.py:47 close.started
DEBUG 2026-06-29 22:00:55 re/_trace.py:47 close.complete
DEBUG 2026-06-29 22:00:55 re/_trace.py:47 close.started
DEBUG 2026-06-29 22:00:55 re/_trace.py:47 close.complete
DEBUG 2026-06-29 22:00:55 re/_trace.py:47 close.started
DEBUG 2026-06-29 22:00:55 re/_trace.py:47 close.complete
DEBUG 2026-06-29 22:00:55 re/_trace.py:47 close.started
DEBUG 2026-06-29 22:00:55 re/_trace.py:47 close.complete
DEBUG 2026-06-29 22:00:55 re/_trace.py:47 close.started
DEBUG 2026-06-29 22:00:55 re/_trace.py:47 close.complete
DEBUG 2026-06-29 22:00:55 re/_trace.py:47 close.started
DEBUG 2026-06-29 22:00:55 re/_trace.py:47 close.complete
DEBUG 2026-06-29 22:00:55 re/_trace.py:47 close.started
DEBUG 2026-06-29 22:00:55 re/_trace.py:47 close.complete
DEBUG 2026-06-29 22:00:55 re/_trace.py:47 close.started
DEBUG 2026-06-29 22:00:55 re/_trace.py:47 close.complete
DEBUG 2026-06-29 22:00:55 re/_trace.py:47 close.started
DEBUG 2026-06-29 22:00:55 re/_trace.py:47 close.complete
DEBUG 2026-06-29 22:00:55 re/_trace.py:47 close.started
DEBUG 2026-06-29 22:00:55 re/_trace.py:47 close.complete
DEBUG 2026-06-29 22:03:22 re/_trace.py:47 close.started
DEBUG 2026-06-29 22:03:22 re/_trace.py:47 close.complete
DEBUG 2026-06-29 22:03:22 re/_trace.py:47 close.started
DEBUG 2026-06-29 22:03:22 re/_trace.py:47 close.complete
DEBUG 2026-06-29 22:03:22 re/_trace.py:47 close.started
DEBUG 2026-06-29 22:03:22 re/_trace.py:47 close.complete
DEBUG 2026-06-29 22:03:22 re/_trace.py:47 close.started
DEBUG 2026-06-29 22:03:22 re/_trace.py:47 close.complete
DEBUG 2026-06-29 22:03:22 re/_trace.py:47 close.started
DEBUG 2026-06-29 22:03:22 re/_trace.py:47 close.complete
DEBUG 2026-06-29 22:03:22 re/_trace.py:47 close.started
DEBUG 2026-06-29 22:03:22 re/_trace.py:47 close.complete
DEBUG 2026-06-29 22:03:22 re/_trace.py:47 close.started
DEBUG 2026-06-29 22:03:22 re/_trace.py:47 close.complete
DEBUG 2026-06-29 22:03:22 re/_trace.py:47 close.started
DEBUG 2026-06-29 22:03:22 re/_trace.py:47 close.complete
DEBUG 2026-06-29 22:03:22 re/_trace.py:47 close.started
DEBUG 2026-06-29 22:03:22 re/_trace.py:47 close.complete
DEBUG 2026-06-29 22:03:22 re/_trace.py:47 close.started
DEBUG 2026-06-29 22:03:22 re/_trace.py:47 close.complete
INFO 2026-06-29 22:05:23 ot_train.py:459 step:17K smpl:10M ep:16K epch:314.99 loss:0.003 grdn:0.057 lr:4.6e-05 updt_s:2.356 data_s:0.271
WARNING 2026-06-29 22:05:23 db_utils.py:181 WandB logging of key "loss_per_dim" was ignored as its type "<class 'list'>" is not handled by this wrapper.
DEBUG 2026-06-29 22:05:47 re/_trace.py:47 close.started
DEBUG 2026-06-29 22:05:47 re/_trace.py:47 close.complete
DEBUG 2026-06-29 22:05:47 re/_trace.py:47 close.started
DEBUG 2026-06-29 22:05:47 re/_trace.py:47 close.complete
DEBUG 2026-06-29 22:05:47 re/_trace.py:47 close.started
DEBUG 2026-06-29 22:05:47 re/_trace.py:47 close.complete
DEBUG 2026-06-29 22:05:47 re/_trace.py:47 close.started
DEBUG 2026-06-29 22:05:47 re/_trace.py:47 close.complete
DEBUG 2026-06-29 22:05:47 re/_trace.py:47 close.started
DEBUG 2026-06-29 22:05:47 re/_trace.py:47 close.complete
DEBUG 2026-06-29 22:05:47 re/_trace.py:47 close.started
DEBUG 2026-06-29 22:05:47 re/_trace.py:47 close.complete
DEBUG 2026-06-29 22:05:47 re/_trace.py:47 close.started
DEBUG 2026-06-29 22:05:47 re/_trace.py:47 close.complete
DEBUG 2026-06-29 22:05:47 re/_trace.py:47 close.started
DEBUG 2026-06-29 22:05:47 re/_trace.py:47 close.complete
DEBUG 2026-06-29 22:05:47 re/_trace.py:47 close.started
DEBUG 2026-06-29 22:05:47 re/_trace.py:47 close.complete
DEBUG 2026-06-29 22:05:47 re/_trace.py:47 close.started
DEBUG 2026-06-29 22:05:47 re/_trace.py:47 close.complete
DEBUG 2026-06-29 22:08:14 re/_trace.py:47 close.started
DEBUG 2026-06-29 22:08:14 re/_trace.py:47 close.complete
DEBUG 2026-06-29 22:08:14 re/_trace.py:47 close.started
DEBUG 2026-06-29 22:08:14 re/_trace.py:47 close.complete
DEBUG 2026-06-29 22:08:14 re/_trace.py:47 close.started
DEBUG 2026-06-29 22:08:14 re/_trace.py:47 close.complete
DEBUG 2026-06-29 22:08:14 re/_trace.py:47 close.started
DEBUG 2026-06-29 22:08:14 re/_trace.py:47 close.complete
DEBUG 2026-06-29 22:08:14 re/_trace.py:47 close.started
DEBUG 2026-06-29 22:08:14 re/_trace.py:47 close.complete
DEBUG 2026-06-29 22:08:14 re/_trace.py:47 close.started
DEBUG 2026-06-29 22:08:14 re/_trace.py:47 close.complete
DEBUG 2026-06-29 22:08:14 re/_trace.py:47 close.started
DEBUG 2026-06-29 22:08:14 re/_trace.py:47 close.complete
DEBUG 2026-06-29 22:08:14 re/_trace.py:47 close.started
DEBUG 2026-06-29 22:08:14 re/_trace.py:47 close.complete
DEBUG 2026-06-29 22:08:14 re/_trace.py:47 close.started
DEBUG 2026-06-29 22:08:14 re/_trace.py:47 close.complete
DEBUG 2026-06-29 22:08:14 re/_trace.py:47 close.started
DEBUG 2026-06-29 22:08:14 re/_trace.py:47 close.complete
DEBUG 2026-06-29 22:10:39 re/_trace.py:47 close.started
DEBUG 2026-06-29 22:10:39 re/_trace.py:47 close.complete
DEBUG 2026-06-29 22:10:39 re/_trace.py:47 close.started
DEBUG 2026-06-29 22:10:39 re/_trace.py:47 close.complete
DEBUG 2026-06-29 22:10:39 re/_trace.py:47 close.started
DEBUG 2026-06-29 22:10:39 re/_trace.py:47 close.complete
DEBUG 2026-06-29 22:10:39 re/_trace.py:47 close.started
DEBUG 2026-06-29 22:10:39 re/_trace.py:47 close.complete
DEBUG 2026-06-29 22:10:39 re/_trace.py:47 close.started
DEBUG 2026-06-29 22:10:39 re/_trace.py:47 close.complete
DEBUG 2026-06-29 22:10:39 re/_trace.py:47 close.started
DEBUG 2026-06-29 22:10:39 re/_trace.py:47 close.complete
DEBUG 2026-06-29 22:10:39 re/_trace.py:47 close.started
DEBUG 2026-06-29 22:10:39 re/_trace.py:47 close.complete
DEBUG 2026-06-29 22:10:39 re/_trace.py:47 close.started
DEBUG 2026-06-29 22:10:39 re/_trace.py:47 close.complete
DEBUG 2026-06-29 22:10:39 re/_trace.py:47 close.started
DEBUG 2026-06-29 22:10:39 re/_trace.py:47 close.complete
DEBUG 2026-06-29 22:10:39 re/_trace.py:47 close.started
DEBUG 2026-06-29 22:10:39 re/_trace.py:47 close.complete
DEBUG 2026-06-29 22:13:05 re/_trace.py:47 close.started
DEBUG 2026-06-29 22:13:05 re/_trace.py:47 close.complete
DEBUG 2026-06-29 22:13:05 re/_trace.py:47 close.started
DEBUG 2026-06-29 22:13:05 re/_trace.py:47 close.complete
DEBUG 2026-06-29 22:13:05 re/_trace.py:47 close.started
DEBUG 2026-06-29 22:13:05 re/_trace.py:47 close.complete
DEBUG 2026-06-29 22:13:05 re/_trace.py:47 close.started
DEBUG 2026-06-29 22:13:05 re/_trace.py:47 close.complete
DEBUG 2026-06-29 22:13:05 re/_trace.py:47 close.started
DEBUG 2026-06-29 22:13:05 re/_trace.py:47 close.complete
DEBUG 2026-06-29 22:13:05 re/_trace.py:47 close.started
DEBUG 2026-06-29 22:13:05 re/_trace.py:47 close.complete
DEBUG 2026-06-29 22:13:06 re/_trace.py:47 close.started
DEBUG 2026-06-29 22:13:06 re/_trace.py:47 close.complete
DEBUG 2026-06-29 22:13:06 re/_trace.py:47 close.started
DEBUG 2026-06-29 22:13:06 re/_trace.py:47 close.complete
DEBUG 2026-06-29 22:13:06 re/_trace.py:47 close.started
DEBUG 2026-06-29 22:13:06 re/_trace.py:47 close.complete
DEBUG 2026-06-29 22:13:06 re/_trace.py:47 close.started
DEBUG 2026-06-29 22:13:06 re/_trace.py:47 close.complete
INFO 2026-06-29 22:14:31 ot_train.py:459 step:17K smpl:10M ep:16K epch:318.69 loss:0.002 grdn:0.056 lr:4.5e-05 updt_s:2.361 data_s:0.376
WARNING 2026-06-29 22:14:31 db_utils.py:181 WandB logging of key "loss_per_dim" was ignored as its type "<class 'list'>" is not handled by this wrapper.
DEBUG 2026-06-29 22:15:31 re/_trace.py:47 close.started
DEBUG 2026-06-29 22:15:31 re/_trace.py:47 close.complete
DEBUG 2026-06-29 22:15:31 re/_trace.py:47 close.started
DEBUG 2026-06-29 22:15:31 re/_trace.py:47 close.complete
DEBUG 2026-06-29 22:15:31 re/_trace.py:47 close.started
DEBUG 2026-06-29 22:15:31 re/_trace.py:47 close.complete
DEBUG 2026-06-29 22:15:31 re/_trace.py:47 close.started
DEBUG 2026-06-29 22:15:31 re/_trace.py:47 close.complete
DEBUG 2026-06-29 22:15:31 re/_trace.py:47 close.started
DEBUG 2026-06-29 22:15:31 re/_trace.py:47 close.complete
DEBUG 2026-06-29 22:15:31 re/_trace.py:47 close.started
DEBUG 2026-06-29 22:15:31 re/_trace.py:47 close.complete
DEBUG 2026-06-29 22:15:31 re/_trace.py:47 close.started
DEBUG 2026-06-29 22:15:31 re/_trace.py:47 close.complete
DEBUG 2026-06-29 22:15:31 re/_trace.py:47 close.started
DEBUG 2026-06-29 22:15:31 re/_trace.py:47 close.complete
DEBUG 2026-06-29 22:15:31 re/_trace.py:47 close.started
DEBUG 2026-06-29 22:15:31 re/_trace.py:47 close.complete
DEBUG 2026-06-29 22:15:31 re/_trace.py:47 close.started
DEBUG 2026-06-29 22:15:31 re/_trace.py:47 close.complete
DEBUG 2026-06-29 22:17:58 re/_trace.py:47 close.started
DEBUG 2026-06-29 22:17:58 re/_trace.py:47 close.complete
DEBUG 2026-06-29 22:17:58 re/_trace.py:47 close.started
DEBUG 2026-06-29 22:17:58 re/_trace.py:47 close.complete
DEBUG 2026-06-29 22:17:58 re/_trace.py:47 close.started
DEBUG 2026-06-29 22:17:58 re/_trace.py:47 close.complete
DEBUG 2026-06-29 22:17:58 re/_trace.py:47 close.started
DEBUG 2026-06-29 22:17:58 re/_trace.py:47 close.complete
DEBUG 2026-06-29 22:17:58 re/_trace.py:47 close.started
DEBUG 2026-06-29 22:17:58 re/_trace.py:47 close.complete
DEBUG 2026-06-29 22:17:58 re/_trace.py:47 close.started
DEBUG 2026-06-29 22:17:58 re/_trace.py:47 close.complete
DEBUG 2026-06-29 22:17:58 re/_trace.py:47 close.started
DEBUG 2026-06-29 22:17:58 re/_trace.py:47 close.complete
DEBUG 2026-06-29 22:17:58 re/_trace.py:47 close.started
DEBUG 2026-06-29 22:17:58 re/_trace.py:47 close.complete
DEBUG 2026-06-29 22:17:58 re/_trace.py:47 close.started
DEBUG 2026-06-29 22:17:58 re/_trace.py:47 close.complete
DEBUG 2026-06-29 22:17:58 re/_trace.py:47 close.started
DEBUG 2026-06-29 22:17:58 re/_trace.py:47 close.complete
DEBUG 2026-06-29 22:20:25 re/_trace.py:47 close.started
DEBUG 2026-06-29 22:20:25 re/_trace.py:47 close.complete
DEBUG 2026-06-29 22:20:25 re/_trace.py:47 close.started
DEBUG 2026-06-29 22:20:25 re/_trace.py:47 close.complete
DEBUG 2026-06-29 22:20:25 re/_trace.py:47 close.started
DEBUG 2026-06-29 22:20:25 re/_trace.py:47 close.complete
DEBUG 2026-06-29 22:20:25 re/_trace.py:47 close.started
DEBUG 2026-06-29 22:20:25 re/_trace.py:47 close.complete
DEBUG 2026-06-29 22:20:25 re/_trace.py:47 close.started
DEBUG 2026-06-29 22:20:25 re/_trace.py:47 close.complete
DEBUG 2026-06-29 22:20:25 re/_trace.py:47 close.started
DEBUG 2026-06-29 22:20:25 re/_trace.py:47 close.complete
DEBUG 2026-06-29 22:20:25 re/_trace.py:47 close.started
DEBUG 2026-06-29 22:20:25 re/_trace.py:47 close.complete
DEBUG 2026-06-29 22:20:25 re/_trace.py:47 close.started
DEBUG 2026-06-29 22:20:25 re/_trace.py:47 close.complete
DEBUG 2026-06-29 22:20:25 re/_trace.py:47 close.started
DEBUG 2026-06-29 22:20:25 re/_trace.py:47 close.complete
DEBUG 2026-06-29 22:20:25 re/_trace.py:47 close.started
DEBUG 2026-06-29 22:20:25 re/_trace.py:47 close.complete
DEBUG 2026-06-29 22:22:51 re/_trace.py:47 close.started
DEBUG 2026-06-29 22:22:51 re/_trace.py:47 close.complete
DEBUG 2026-06-29 22:22:51 re/_trace.py:47 close.started
DEBUG 2026-06-29 22:22:51 re/_trace.py:47 close.complete
DEBUG 2026-06-29 22:22:51 re/_trace.py:47 close.started
DEBUG 2026-06-29 22:22:51 re/_trace.py:47 close.complete
DEBUG 2026-06-29 22:22:51 re/_trace.py:47 close.started
DEBUG 2026-06-29 22:22:51 re/_trace.py:47 close.complete
DEBUG 2026-06-29 22:22:51 re/_trace.py:47 close.started
DEBUG 2026-06-29 22:22:51 re/_trace.py:47 close.complete
DEBUG 2026-06-29 22:22:51 re/_trace.py:47 close.started
DEBUG 2026-06-29 22:22:51 re/_trace.py:47 close.complete
DEBUG 2026-06-29 22:22:51 re/_trace.py:47 close.started
DEBUG 2026-06-29 22:22:51 re/_trace.py:47 close.complete
DEBUG 2026-06-29 22:22:51 re/_trace.py:47 close.started
DEBUG 2026-06-29 22:22:51 re/_trace.py:47 close.complete
DEBUG 2026-06-29 22:22:51 re/_trace.py:47 close.started
DEBUG 2026-06-29 22:22:51 re/_trace.py:47 close.complete
DEBUG 2026-06-29 22:22:51 re/_trace.py:47 close.started
DEBUG 2026-06-29 22:22:51 re/_trace.py:47 close.complete
INFO 2026-06-29 22:23:40 ot_train.py:459 step:17K smpl:11M ep:16K epch:322.40 loss:0.003 grdn:0.062 lr:4.3e-05 updt_s:2.386 data_s:0.355
WARNING 2026-06-29 22:23:40 db_utils.py:181 WandB logging of key "loss_per_dim" was ignored as its type "<class 'list'>" is not handled by this wrapper.
DEBUG 2026-06-29 22:25:17 re/_trace.py:47 close.started
DEBUG 2026-06-29 22:25:17 re/_trace.py:47 close.complete
DEBUG 2026-06-29 22:25:17 re/_trace.py:47 close.started
DEBUG 2026-06-29 22:25:17 re/_trace.py:47 close.complete
DEBUG 2026-06-29 22:25:17 re/_trace.py:47 close.started
DEBUG 2026-06-29 22:25:17 re/_trace.py:47 close.complete
DEBUG 2026-06-29 22:25:17 re/_trace.py:47 close.started
DEBUG 2026-06-29 22:25:17 re/_trace.py:47 close.complete
DEBUG 2026-06-29 22:25:17 re/_trace.py:47 close.started
DEBUG 2026-06-29 22:25:17 re/_trace.py:47 close.complete
DEBUG 2026-06-29 22:25:17 re/_trace.py:47 close.started
DEBUG 2026-06-29 22:25:17 re/_trace.py:47 close.complete
DEBUG 2026-06-29 22:25:17 re/_trace.py:47 close.started
DEBUG 2026-06-29 22:25:17 re/_trace.py:47 close.complete
DEBUG 2026-06-29 22:25:17 re/_trace.py:47 close.started
DEBUG 2026-06-29 22:25:17 re/_trace.py:47 close.complete
DEBUG 2026-06-29 22:25:17 re/_trace.py:47 close.started
DEBUG 2026-06-29 22:25:17 re/_trace.py:47 close.complete
DEBUG 2026-06-29 22:25:17 re/_trace.py:47 close.started
DEBUG 2026-06-29 22:25:17 re/_trace.py:47 close.complete
DEBUG 2026-06-29 22:27:42 re/_trace.py:47 close.started
DEBUG 2026-06-29 22:27:42 re/_trace.py:47 close.complete
DEBUG 2026-06-29 22:27:42 re/_trace.py:47 close.started
DEBUG 2026-06-29 22:27:42 re/_trace.py:47 close.complete
DEBUG 2026-06-29 22:27:42 re/_trace.py:47 close.started
DEBUG 2026-06-29 22:27:42 re/_trace.py:47 close.complete
DEBUG 2026-06-29 22:27:42 re/_trace.py:47 close.started
DEBUG 2026-06-29 22:27:42 re/_trace.py:47 close.complete
DEBUG 2026-06-29 22:27:42 re/_trace.py:47 close.started
DEBUG 2026-06-29 22:27:42 re/_trace.py:47 close.complete
DEBUG 2026-06-29 22:27:43 re/_trace.py:47 close.started
DEBUG 2026-06-29 22:27:43 re/_trace.py:47 close.complete
DEBUG 2026-06-29 22:27:43 re/_trace.py:47 close.started
DEBUG 2026-06-29 22:27:43 re/_trace.py:47 close.complete
DEBUG 2026-06-29 22:27:43 re/_trace.py:47 close.started
DEBUG 2026-06-29 22:27:43 re/_trace.py:47 close.complete
DEBUG 2026-06-29 22:27:43 re/_trace.py:47 close.started
DEBUG 2026-06-29 22:27:43 re/_trace.py:47 close.complete
DEBUG 2026-06-29 22:27:43 re/_trace.py:47 close.started
DEBUG 2026-06-29 22:27:43 re/_trace.py:47 close.complete
DEBUG 2026-06-29 22:30:09 re/_trace.py:47 close.started
DEBUG 2026-06-29 22:30:09 re/_trace.py:47 close.complete
DEBUG 2026-06-29 22:30:09 re/_trace.py:47 close.started
DEBUG 2026-06-29 22:30:09 re/_trace.py:47 close.complete
DEBUG 2026-06-29 22:30:09 re/_trace.py:47 close.started
DEBUG 2026-06-29 22:30:09 re/_trace.py:47 close.complete
DEBUG 2026-06-29 22:30:09 re/_trace.py:47 close.started
DEBUG 2026-06-29 22:30:09 re/_trace.py:47 close.complete
DEBUG 2026-06-29 22:30:09 re/_trace.py:47 close.started
DEBUG 2026-06-29 22:30:09 re/_trace.py:47 close.complete
DEBUG 2026-06-29 22:30:09 re/_trace.py:47 close.started
DEBUG 2026-06-29 22:30:09 re/_trace.py:47 close.complete
DEBUG 2026-06-29 22:30:09 re/_trace.py:47 close.started
DEBUG 2026-06-29 22:30:09 re/_trace.py:47 close.complete
DEBUG 2026-06-29 22:30:09 re/_trace.py:47 close.started
DEBUG 2026-06-29 22:30:09 re/_trace.py:47 close.complete
DEBUG 2026-06-29 22:30:09 re/_trace.py:47 close.started
DEBUG 2026-06-29 22:30:09 re/_trace.py:47 close.complete
DEBUG 2026-06-29 22:30:09 re/_trace.py:47 close.started
DEBUG 2026-06-29 22:30:09 re/_trace.py:47 close.complete
INFO 2026-06-29 22:32:24 ot_train.py:459 step:18K smpl:11M ep:16K epch:326.11 loss:0.003 grdn:0.053 lr:4.2e-05 updt_s:2.322 data_s:0.297
WARNING 2026-06-29 22:32:24 db_utils.py:181 WandB logging of key "loss_per_dim" was ignored as its type "<class 'list'>" is not handled by this wrapper.
DEBUG 2026-06-29 22:32:34 re/_trace.py:47 close.started
DEBUG 2026-06-29 22:32:34 re/_trace.py:47 close.complete
DEBUG 2026-06-29 22:32:34 re/_trace.py:47 close.started
DEBUG 2026-06-29 22:32:34 re/_trace.py:47 close.complete
DEBUG 2026-06-29 22:32:34 re/_trace.py:47 close.started
DEBUG 2026-06-29 22:32:34 re/_trace.py:47 close.complete
DEBUG 2026-06-29 22:32:34 re/_trace.py:47 close.started
DEBUG 2026-06-29 22:32:34 re/_trace.py:47 close.complete
DEBUG 2026-06-29 22:32:34 re/_trace.py:47 close.started
DEBUG 2026-06-29 22:32:34 re/_trace.py:47 close.complete
DEBUG 2026-06-29 22:32:34 re/_trace.py:47 close.started
DEBUG 2026-06-29 22:32:34 re/_trace.py:47 close.complete
DEBUG 2026-06-29 22:32:34 re/_trace.py:47 close.started
DEBUG 2026-06-29 22:32:34 re/_trace.py:47 close.complete
DEBUG 2026-06-29 22:32:34 re/_trace.py:47 close.started
DEBUG 2026-06-29 22:32:34 re/_trace.py:47 close.complete
DEBUG 2026-06-29 22:32:34 re/_trace.py:47 close.started
DEBUG 2026-06-29 22:32:34 re/_trace.py:47 close.complete
DEBUG 2026-06-29 22:32:34 re/_trace.py:47 close.started
DEBUG 2026-06-29 22:32:34 re/_trace.py:47 close.complete
DEBUG 2026-06-29 22:35:00 re/_trace.py:47 close.started
DEBUG 2026-06-29 22:35:00 re/_trace.py:47 close.complete
DEBUG 2026-06-29 22:35:00 re/_trace.py:47 close.started
DEBUG 2026-06-29 22:35:00 re/_trace.py:47 close.complete
DEBUG 2026-06-29 22:35:00 re/_trace.py:47 close.started
DEBUG 2026-06-29 22:35:00 re/_trace.py:47 close.complete
DEBUG 2026-06-29 22:35:00 re/_trace.py:47 close.started
DEBUG 2026-06-29 22:35:00 re/_trace.py:47 close.complete
DEBUG 2026-06-29 22:35:00 re/_trace.py:47 close.started
DEBUG 2026-06-29 22:35:00 re/_trace.py:47 close.complete
DEBUG 2026-06-29 22:35:00 re/_trace.py:47 close.started
DEBUG 2026-06-29 22:35:00 re/_trace.py:47 close.complete
DEBUG 2026-06-29 22:35:00 re/_trace.py:47 close.started
DEBUG 2026-06-29 22:35:00 re/_trace.py:47 close.complete
DEBUG 2026-06-29 22:35:00 re/_trace.py:47 close.started
DEBUG 2026-06-29 22:35:00 re/_trace.py:47 close.complete
DEBUG 2026-06-29 22:35:00 re/_trace.py:47 close.started
DEBUG 2026-06-29 22:35:00 re/_trace.py:47 close.complete
DEBUG 2026-06-29 22:35:00 re/_trace.py:47 close.started
DEBUG 2026-06-29 22:35:00 re/_trace.py:47 close.complete
DEBUG 2026-06-29 22:37:27 re/_trace.py:47 close.started
DEBUG 2026-06-29 22:37:27 re/_trace.py:47 close.complete
DEBUG 2026-06-29 22:37:27 re/_trace.py:47 close.started
DEBUG 2026-06-29 22:37:27 re/_trace.py:47 close.complete
DEBUG 2026-06-29 22:37:27 re/_trace.py:47 close.started
DEBUG 2026-06-29 22:37:27 re/_trace.py:47 close.complete
DEBUG 2026-06-29 22:37:27 re/_trace.py:47 close.started
DEBUG 2026-06-29 22:37:27 re/_trace.py:47 close.complete
DEBUG 2026-06-29 22:37:27 re/_trace.py:47 close.started
DEBUG 2026-06-29 22:37:27 re/_trace.py:47 close.complete
DEBUG 2026-06-29 22:37:27 re/_trace.py:47 close.started
DEBUG 2026-06-29 22:37:27 re/_trace.py:47 close.complete
DEBUG 2026-06-29 22:37:27 re/_trace.py:47 close.started
DEBUG 2026-06-29 22:37:27 re/_trace.py:47 close.complete
DEBUG 2026-06-29 22:37:28 re/_trace.py:47 close.started
DEBUG 2026-06-29 22:37:28 re/_trace.py:47 close.complete
DEBUG 2026-06-29 22:37:28 re/_trace.py:47 close.started
DEBUG 2026-06-29 22:37:28 re/_trace.py:47 close.complete
DEBUG 2026-06-29 22:37:28 re/_trace.py:47 close.started
DEBUG 2026-06-29 22:37:28 re/_trace.py:47 close.complete
DEBUG 2026-06-29 22:39:52 re/_trace.py:47 close.started
DEBUG 2026-06-29 22:39:52 re/_trace.py:47 close.complete
DEBUG 2026-06-29 22:39:52 re/_trace.py:47 close.started
DEBUG 2026-06-29 22:39:52 re/_trace.py:47 close.complete
DEBUG 2026-06-29 22:39:52 re/_trace.py:47 close.started
DEBUG 2026-06-29 22:39:52 re/_trace.py:47 close.complete
DEBUG 2026-06-29 22:39:52 re/_trace.py:47 close.started
DEBUG 2026-06-29 22:39:52 re/_trace.py:47 close.complete
DEBUG 2026-06-29 22:39:52 re/_trace.py:47 close.started
DEBUG 2026-06-29 22:39:52 re/_trace.py:47 close.complete
DEBUG 2026-06-29 22:39:52 re/_trace.py:47 close.started
DEBUG 2026-06-29 22:39:52 re/_trace.py:47 close.complete
DEBUG 2026-06-29 22:39:52 re/_trace.py:47 close.started
DEBUG 2026-06-29 22:39:52 re/_trace.py:47 close.complete
DEBUG 2026-06-29 22:39:53 re/_trace.py:47 close.started
DEBUG 2026-06-29 22:39:53 re/_trace.py:47 close.complete
DEBUG 2026-06-29 22:39:53 re/_trace.py:47 close.started
DEBUG 2026-06-29 22:39:53 re/_trace.py:47 close.complete
DEBUG 2026-06-29 22:39:53 re/_trace.py:47 close.started
DEBUG 2026-06-29 22:39:53 re/_trace.py:47 close.complete
INFO 2026-06-29 22:41:31 ot_train.py:459 step:18K smpl:11M ep:16K epch:329.81 loss:0.002 grdn:0.057 lr:4.1e-05 updt_s:2.375 data_s:0.358
WARNING 2026-06-29 22:41:31 db_utils.py:181 WandB logging of key "loss_per_dim" was ignored as its type "<class 'list'>" is not handled by this wrapper.
DEBUG 2026-06-29 22:42:18 re/_trace.py:47 close.started
DEBUG 2026-06-29 22:42:18 re/_trace.py:47 close.complete
DEBUG 2026-06-29 22:42:18 re/_trace.py:47 close.started
DEBUG 2026-06-29 22:42:18 re/_trace.py:47 close.complete
DEBUG 2026-06-29 22:42:18 re/_trace.py:47 close.started
DEBUG 2026-06-29 22:42:18 re/_trace.py:47 close.complete
DEBUG 2026-06-29 22:42:18 re/_trace.py:47 close.started
DEBUG 2026-06-29 22:42:18 re/_trace.py:47 close.complete
DEBUG 2026-06-29 22:42:18 re/_trace.py:47 close.started
DEBUG 2026-06-29 22:42:18 re/_trace.py:47 close.complete
DEBUG 2026-06-29 22:42:18 re/_trace.py:47 close.started
DEBUG 2026-06-29 22:42:18 re/_trace.py:47 close.complete
DEBUG 2026-06-29 22:42:18 re/_trace.py:47 close.started
DEBUG 2026-06-29 22:42:18 re/_trace.py:47 close.complete
DEBUG 2026-06-29 22:42:18 re/_trace.py:47 close.started
DEBUG 2026-06-29 22:42:18 re/_trace.py:47 close.complete
DEBUG 2026-06-29 22:42:18 re/_trace.py:47 close.started
DEBUG 2026-06-29 22:42:18 re/_trace.py:47 close.complete
DEBUG 2026-06-29 22:42:18 re/_trace.py:47 close.started
DEBUG 2026-06-29 22:42:18 re/_trace.py:47 close.complete
DEBUG 2026-06-29 22:44:43 re/_trace.py:47 close.started
DEBUG 2026-06-29 22:44:43 re/_trace.py:47 close.complete
DEBUG 2026-06-29 22:44:43 re/_trace.py:47 close.started
DEBUG 2026-06-29 22:44:43 re/_trace.py:47 close.complete
DEBUG 2026-06-29 22:44:43 re/_trace.py:47 close.started
DEBUG 2026-06-29 22:44:43 re/_trace.py:47 close.complete
DEBUG 2026-06-29 22:44:43 re/_trace.py:47 close.started
DEBUG 2026-06-29 22:44:43 re/_trace.py:47 close.complete
DEBUG 2026-06-29 22:44:43 re/_trace.py:47 close.started
DEBUG 2026-06-29 22:44:43 re/_trace.py:47 close.complete
DEBUG 2026-06-29 22:44:43 re/_trace.py:47 close.started
DEBUG 2026-06-29 22:44:43 re/_trace.py:47 close.complete
DEBUG 2026-06-29 22:44:43 re/_trace.py:47 close.started
DEBUG 2026-06-29 22:44:43 re/_trace.py:47 close.complete
DEBUG 2026-06-29 22:44:43 re/_trace.py:47 close.started
DEBUG 2026-06-29 22:44:43 re/_trace.py:47 close.complete
DEBUG 2026-06-29 22:44:43 re/_trace.py:47 close.started
DEBUG 2026-06-29 22:44:43 re/_trace.py:47 close.complete
DEBUG 2026-06-29 22:44:44 re/_trace.py:47 close.started
DEBUG 2026-06-29 22:44:44 re/_trace.py:47 close.complete
DEBUG 2026-06-29 22:47:08 re/_trace.py:47 close.started
DEBUG 2026-06-29 22:47:08 re/_trace.py:47 close.complete
DEBUG 2026-06-29 22:47:08 re/_trace.py:47 close.started
DEBUG 2026-06-29 22:47:08 re/_trace.py:47 close.complete
DEBUG 2026-06-29 22:47:08 re/_trace.py:47 close.started
DEBUG 2026-06-29 22:47:08 re/_trace.py:47 close.complete
DEBUG 2026-06-29 22:47:08 re/_trace.py:47 close.started
DEBUG 2026-06-29 22:47:08 re/_trace.py:47 close.complete
DEBUG 2026-06-29 22:47:09 re/_trace.py:47 close.started
DEBUG 2026-06-29 22:47:09 re/_trace.py:47 close.complete
DEBUG 2026-06-29 22:47:09 re/_trace.py:47 close.started
DEBUG 2026-06-29 22:47:09 re/_trace.py:47 close.complete
DEBUG 2026-06-29 22:47:09 re/_trace.py:47 close.started
DEBUG 2026-06-29 22:47:09 re/_trace.py:47 close.complete
DEBUG 2026-06-29 22:47:09 re/_trace.py:47 close.started
DEBUG 2026-06-29 22:47:09 re/_trace.py:47 close.complete
DEBUG 2026-06-29 22:47:09 re/_trace.py:47 close.started
DEBUG 2026-06-29 22:47:09 re/_trace.py:47 close.complete
DEBUG 2026-06-29 22:47:09 re/_trace.py:47 close.started
DEBUG 2026-06-29 22:47:09 re/_trace.py:47 close.complete
DEBUG 2026-06-29 22:49:35 re/_trace.py:47 close.started
DEBUG 2026-06-29 22:49:35 re/_trace.py:47 close.complete
DEBUG 2026-06-29 22:49:35 re/_trace.py:47 close.started
DEBUG 2026-06-29 22:49:35 re/_trace.py:47 close.complete
DEBUG 2026-06-29 22:49:35 re/_trace.py:47 close.started
DEBUG 2026-06-29 22:49:35 re/_trace.py:47 close.complete
DEBUG 2026-06-29 22:49:35 re/_trace.py:47 close.started
DEBUG 2026-06-29 22:49:35 re/_trace.py:47 close.complete
DEBUG 2026-06-29 22:49:35 re/_trace.py:47 close.started
DEBUG 2026-06-29 22:49:35 re/_trace.py:47 close.complete
DEBUG 2026-06-29 22:49:35 re/_trace.py:47 close.started
DEBUG 2026-06-29 22:49:35 re/_trace.py:47 close.complete
DEBUG 2026-06-29 22:49:35 re/_trace.py:47 close.started
DEBUG 2026-06-29 22:49:35 re/_trace.py:47 close.complete
DEBUG 2026-06-29 22:49:35 re/_trace.py:47 close.started
DEBUG 2026-06-29 22:49:35 re/_trace.py:47 close.complete
DEBUG 2026-06-29 22:49:35 re/_trace.py:47 close.started
DEBUG 2026-06-29 22:49:35 re/_trace.py:47 close.complete
DEBUG 2026-06-29 22:49:35 re/_trace.py:47 close.started
DEBUG 2026-06-29 22:49:35 re/_trace.py:47 close.complete
INFO 2026-06-29 22:50:38 ot_train.py:459 step:18K smpl:11M ep:17K epch:333.52 loss:0.003 grdn:0.056 lr:4.0e-05 updt_s:2.362 data_s:0.368
WARNING 2026-06-29 22:50:38 db_utils.py:181 WandB logging of key "loss_per_dim" was ignored as its type "<class 'list'>" is not handled by this wrapper.
INFO 2026-06-29 22:50:38 ot_train.py:479 Checkpoint policy after step 18000
DEBUG 2026-06-29 22:51:12 tionpool.py:289 Resetting dropped connection: api.wandb.ai
DEBUG 2026-06-29 22:51:12 tionpool.py:544 https://api.wandb.ai:443 "POST /graphql HTTP/1.1" 200 None
DEBUG 2026-06-29 22:52:35 re/_trace.py:47 close.started
DEBUG 2026-06-29 22:52:35 re/_trace.py:47 close.complete
DEBUG 2026-06-29 22:52:35 re/_trace.py:47 close.started
DEBUG 2026-06-29 22:52:35 re/_trace.py:47 close.complete
DEBUG 2026-06-29 22:52:35 re/_trace.py:47 close.started
DEBUG 2026-06-29 22:52:35 re/_trace.py:47 close.complete
DEBUG 2026-06-29 22:52:35 re/_trace.py:47 close.started
DEBUG 2026-06-29 22:52:35 re/_trace.py:47 close.complete
DEBUG 2026-06-29 22:52:35 re/_trace.py:47 close.started
DEBUG 2026-06-29 22:52:35 re/_trace.py:47 close.complete
DEBUG 2026-06-29 22:52:35 re/_trace.py:47 close.started
DEBUG 2026-06-29 22:52:35 re/_trace.py:47 close.complete
DEBUG 2026-06-29 22:52:35 re/_trace.py:47 close.started
DEBUG 2026-06-29 22:52:35 re/_trace.py:47 close.complete
DEBUG 2026-06-29 22:52:35 re/_trace.py:47 close.started
DEBUG 2026-06-29 22:52:35 re/_trace.py:47 close.complete
DEBUG 2026-06-29 22:52:35 re/_trace.py:47 close.started
DEBUG 2026-06-29 22:52:35 re/_trace.py:47 close.complete
DEBUG 2026-06-29 22:52:35 re/_trace.py:47 close.started
DEBUG 2026-06-29 22:52:35 re/_trace.py:47 close.complete
DEBUG 2026-06-29 22:55:01 re/_trace.py:47 close.started
DEBUG 2026-06-29 22:55:01 re/_trace.py:47 close.complete
DEBUG 2026-06-29 22:55:01 re/_trace.py:47 close.started
DEBUG 2026-06-29 22:55:01 re/_trace.py:47 close.complete
DEBUG 2026-06-29 22:55:01 re/_trace.py:47 close.started
DEBUG 2026-06-29 22:55:01 re/_trace.py:47 close.complete
DEBUG 2026-06-29 22:55:01 re/_trace.py:47 close.started
DEBUG 2026-06-29 22:55:01 re/_trace.py:47 close.complete
DEBUG 2026-06-29 22:55:01 re/_trace.py:47 close.started
DEBUG 2026-06-29 22:55:01 re/_trace.py:47 close.complete
DEBUG 2026-06-29 22:55:01 re/_trace.py:47 close.started
DEBUG 2026-06-29 22:55:01 re/_trace.py:47 close.complete
DEBUG 2026-06-29 22:55:01 re/_trace.py:47 close.started
DEBUG 2026-06-29 22:55:01 re/_trace.py:47 close.complete
DEBUG 2026-06-29 22:55:01 re/_trace.py:47 close.started
DEBUG 2026-06-29 22:55:01 re/_trace.py:47 close.complete
DEBUG 2026-06-29 22:55:02 re/_trace.py:47 close.started
DEBUG 2026-06-29 22:55:02 re/_trace.py:47 close.complete
DEBUG 2026-06-29 22:55:02 re/_trace.py:47 close.started
DEBUG 2026-06-29 22:55:02 re/_trace.py:47 close.complete
DEBUG 2026-06-29 22:57:27 re/_trace.py:47 close.started
DEBUG 2026-06-29 22:57:27 re/_trace.py:47 close.complete
DEBUG 2026-06-29 22:57:28 re/_trace.py:47 close.started
DEBUG 2026-06-29 22:57:28 re/_trace.py:47 close.complete
DEBUG 2026-06-29 22:57:28 re/_trace.py:47 close.started
DEBUG 2026-06-29 22:57:28 re/_trace.py:47 close.complete
DEBUG 2026-06-29 22:57:28 re/_trace.py:47 close.started
DEBUG 2026-06-29 22:57:28 re/_trace.py:47 close.complete
DEBUG 2026-06-29 22:57:28 re/_trace.py:47 close.started
DEBUG 2026-06-29 22:57:28 re/_trace.py:47 close.complete
DEBUG 2026-06-29 22:57:28 re/_trace.py:47 close.started
DEBUG 2026-06-29 22:57:28 re/_trace.py:47 close.complete
DEBUG 2026-06-29 22:57:28 re/_trace.py:47 close.started
DEBUG 2026-06-29 22:57:28 re/_trace.py:47 close.complete
DEBUG 2026-06-29 22:57:28 re/_trace.py:47 close.started
DEBUG 2026-06-29 22:57:28 re/_trace.py:47 close.complete
DEBUG 2026-06-29 22:57:28 re/_trace.py:47 close.started
DEBUG 2026-06-29 22:57:28 re/_trace.py:47 close.complete
DEBUG 2026-06-29 22:57:28 re/_trace.py:47 close.started
DEBUG 2026-06-29 22:57:28 re/_trace.py:47 close.complete
DEBUG 2026-06-29 22:59:53 re/_trace.py:47 close.started
DEBUG 2026-06-29 22:59:53 re/_trace.py:47 close.complete
DEBUG 2026-06-29 22:59:53 re/_trace.py:47 close.started
DEBUG 2026-06-29 22:59:53 re/_trace.py:47 close.complete
DEBUG 2026-06-29 22:59:53 re/_trace.py:47 close.started
DEBUG 2026-06-29 22:59:53 re/_trace.py:47 close.complete
DEBUG 2026-06-29 22:59:53 re/_trace.py:47 close.started
DEBUG 2026-06-29 22:59:53 re/_trace.py:47 close.complete
DEBUG 2026-06-29 22:59:53 re/_trace.py:47 close.started
DEBUG 2026-06-29 22:59:53 re/_trace.py:47 close.complete
DEBUG 2026-06-29 22:59:53 re/_trace.py:47 close.started
DEBUG 2026-06-29 22:59:53 re/_trace.py:47 close.complete
DEBUG 2026-06-29 22:59:53 re/_trace.py:47 close.started
DEBUG 2026-06-29 22:59:53 re/_trace.py:47 close.complete
DEBUG 2026-06-29 22:59:53 re/_trace.py:47 close.started
DEBUG 2026-06-29 22:59:53 re/_trace.py:47 close.complete
DEBUG 2026-06-29 22:59:53 re/_trace.py:47 close.started
DEBUG 2026-06-29 22:59:53 re/_trace.py:47 close.complete
DEBUG 2026-06-29 22:59:53 re/_trace.py:47 close.started
DEBUG 2026-06-29 22:59:53 re/_trace.py:47 close.complete
INFO 2026-06-29 23:00:17 ot_train.py:459 step:18K smpl:11M ep:17K epch:337.22 loss:0.002 grdn:0.061 lr:3.9e-05 updt_s:2.349 data_s:0.370
WARNING 2026-06-29 23:00:17 db_utils.py:181 WandB logging of key "loss_per_dim" was ignored as its type "<class 'list'>" is not handled by this wrapper.
DEBUG 2026-06-29 23:02:19 re/_trace.py:47 close.started
DEBUG 2026-06-29 23:02:19 re/_trace.py:47 close.complete
DEBUG 2026-06-29 23:02:19 re/_trace.py:47 close.started
DEBUG 2026-06-29 23:02:19 re/_trace.py:47 close.complete
DEBUG 2026-06-29 23:02:19 re/_trace.py:47 close.started
DEBUG 2026-06-29 23:02:19 re/_trace.py:47 close.complete
DEBUG 2026-06-29 23:02:19 re/_trace.py:47 close.started
DEBUG 2026-06-29 23:02:19 re/_trace.py:47 close.complete
DEBUG 2026-06-29 23:02:19 re/_trace.py:47 close.started
DEBUG 2026-06-29 23:02:19 re/_trace.py:47 close.complete
DEBUG 2026-06-29 23:02:19 re/_trace.py:47 close.started
DEBUG 2026-06-29 23:02:19 re/_trace.py:47 close.complete
DEBUG 2026-06-29 23:02:19 re/_trace.py:47 close.started
DEBUG 2026-06-29 23:02:19 re/_trace.py:47 close.complete
DEBUG 2026-06-29 23:02:19 re/_trace.py:47 close.started
DEBUG 2026-06-29 23:02:19 re/_trace.py:47 close.complete
DEBUG 2026-06-29 23:02:19 re/_trace.py:47 close.started
DEBUG 2026-06-29 23:02:19 re/_trace.py:47 close.complete
DEBUG 2026-06-29 23:02:19 re/_trace.py:47 close.started
DEBUG 2026-06-29 23:02:19 re/_trace.py:47 close.complete
DEBUG 2026-06-29 23:04:45 re/_trace.py:47 close.started
DEBUG 2026-06-29 23:04:45 re/_trace.py:47 close.complete
DEBUG 2026-06-29 23:04:45 re/_trace.py:47 close.started
DEBUG 2026-06-29 23:04:45 re/_trace.py:47 close.complete
DEBUG 2026-06-29 23:04:45 re/_trace.py:47 close.started
DEBUG 2026-06-29 23:04:45 re/_trace.py:47 close.complete
DEBUG 2026-06-29 23:04:45 re/_trace.py:47 close.started
DEBUG 2026-06-29 23:04:45 re/_trace.py:47 close.complete
DEBUG 2026-06-29 23:04:45 re/_trace.py:47 close.started
DEBUG 2026-06-29 23:04:45 re/_trace.py:47 close.complete
DEBUG 2026-06-29 23:04:45 re/_trace.py:47 close.started
DEBUG 2026-06-29 23:04:45 re/_trace.py:47 close.complete
DEBUG 2026-06-29 23:04:45 re/_trace.py:47 close.started
DEBUG 2026-06-29 23:04:45 re/_trace.py:47 close.complete
DEBUG 2026-06-29 23:04:45 re/_trace.py:47 close.started
DEBUG 2026-06-29 23:04:45 re/_trace.py:47 close.complete
DEBUG 2026-06-29 23:04:45 re/_trace.py:47 close.started
DEBUG 2026-06-29 23:04:45 re/_trace.py:47 close.complete
DEBUG 2026-06-29 23:04:45 re/_trace.py:47 close.started
DEBUG 2026-06-29 23:04:45 re/_trace.py:47 close.complete
DEBUG 2026-06-29 23:07:11 re/_trace.py:47 close.started
DEBUG 2026-06-29 23:07:11 re/_trace.py:47 close.complete
DEBUG 2026-06-29 23:07:11 re/_trace.py:47 close.started
DEBUG 2026-06-29 23:07:11 re/_trace.py:47 close.complete
DEBUG 2026-06-29 23:07:11 re/_trace.py:47 close.started
DEBUG 2026-06-29 23:07:11 re/_trace.py:47 close.complete
DEBUG 2026-06-29 23:07:11 re/_trace.py:47 close.started
DEBUG 2026-06-29 23:07:11 re/_trace.py:47 close.complete
DEBUG 2026-06-29 23:07:11 re/_trace.py:47 close.started
DEBUG 2026-06-29 23:07:11 re/_trace.py:47 close.complete
DEBUG 2026-06-29 23:07:11 re/_trace.py:47 close.started
DEBUG 2026-06-29 23:07:11 re/_trace.py:47 close.complete
DEBUG 2026-06-29 23:07:11 re/_trace.py:47 close.started
DEBUG 2026-06-29 23:07:11 re/_trace.py:47 close.complete
DEBUG 2026-06-29 23:07:11 re/_trace.py:47 close.started
DEBUG 2026-06-29 23:07:11 re/_trace.py:47 close.complete
DEBUG 2026-06-29 23:07:12 re/_trace.py:47 close.started
DEBUG 2026-06-29 23:07:12 re/_trace.py:47 close.complete
DEBUG 2026-06-29 23:07:12 re/_trace.py:47 close.started
DEBUG 2026-06-29 23:07:12 re/_trace.py:47 close.complete
INFO 2026-06-29 23:09:05 ot_train.py:459 step:18K smpl:11M ep:17K epch:340.93 loss:0.002 grdn:0.055 lr:3.8e-05 updt_s:2.320 data_s:0.317
WARNING 2026-06-29 23:09:05 db_utils.py:181 WandB logging of key "loss_per_dim" was ignored as its type "<class 'list'>" is not handled by this wrapper.
DEBUG 2026-06-29 23:09:37 re/_trace.py:47 close.started
DEBUG 2026-06-29 23:09:37 re/_trace.py:47 close.complete
DEBUG 2026-06-29 23:09:37 re/_trace.py:47 close.started
DEBUG 2026-06-29 23:09:37 re/_trace.py:47 close.complete
DEBUG 2026-06-29 23:09:37 re/_trace.py:47 close.started
DEBUG 2026-06-29 23:09:37 re/_trace.py:47 close.complete
DEBUG 2026-06-29 23:09:37 re/_trace.py:47 close.started
DEBUG 2026-06-29 23:09:37 re/_trace.py:47 close.complete
DEBUG 2026-06-29 23:09:37 re/_trace.py:47 close.started
DEBUG 2026-06-29 23:09:37 re/_trace.py:47 close.complete
DEBUG 2026-06-29 23:09:38 re/_trace.py:47 close.started
DEBUG 2026-06-29 23:09:38 re/_trace.py:47 close.complete
DEBUG 2026-06-29 23:09:38 re/_trace.py:47 close.started
DEBUG 2026-06-29 23:09:38 re/_trace.py:47 close.complete
DEBUG 2026-06-29 23:09:38 re/_trace.py:47 close.started
DEBUG 2026-06-29 23:09:38 re/_trace.py:47 close.complete
DEBUG 2026-06-29 23:09:38 re/_trace.py:47 close.started
DEBUG 2026-06-29 23:09:38 re/_trace.py:47 close.complete
DEBUG 2026-06-29 23:09:38 re/_trace.py:47 close.started
DEBUG 2026-06-29 23:09:38 re/_trace.py:47 close.complete
DEBUG 2026-06-29 23:12:03 re/_trace.py:47 close.started
DEBUG 2026-06-29 23:12:03 re/_trace.py:47 close.complete
DEBUG 2026-06-29 23:12:03 re/_trace.py:47 close.started
DEBUG 2026-06-29 23:12:03 re/_trace.py:47 close.complete
DEBUG 2026-06-29 23:12:03 re/_trace.py:47 close.started
DEBUG 2026-06-29 23:12:03 re/_trace.py:47 close.complete
DEBUG 2026-06-29 23:12:03 re/_trace.py:47 close.started
DEBUG 2026-06-29 23:12:03 re/_trace.py:47 close.complete
DEBUG 2026-06-29 23:12:03 re/_trace.py:47 close.started
DEBUG 2026-06-29 23:12:03 re/_trace.py:47 close.complete
DEBUG 2026-06-29 23:12:03 re/_trace.py:47 close.started
DEBUG 2026-06-29 23:12:03 re/_trace.py:47 close.complete
DEBUG 2026-06-29 23:12:03 re/_trace.py:47 close.started
DEBUG 2026-06-29 23:12:03 re/_trace.py:47 close.complete
DEBUG 2026-06-29 23:12:03 re/_trace.py:47 close.started
DEBUG 2026-06-29 23:12:03 re/_trace.py:47 close.complete
DEBUG 2026-06-29 23:12:03 re/_trace.py:47 close.started
DEBUG 2026-06-29 23:12:03 re/_trace.py:47 close.complete
DEBUG 2026-06-29 23:12:03 re/_trace.py:47 close.started
DEBUG 2026-06-29 23:12:03 re/_trace.py:47 close.complete
DEBUG 2026-06-29 23:14:27 re/_trace.py:47 close.started
DEBUG 2026-06-29 23:14:27 re/_trace.py:47 close.complete
DEBUG 2026-06-29 23:14:27 re/_trace.py:47 close.started
DEBUG 2026-06-29 23:14:27 re/_trace.py:47 close.complete
DEBUG 2026-06-29 23:14:27 re/_trace.py:47 close.started
DEBUG 2026-06-29 23:14:27 re/_trace.py:47 close.complete
DEBUG 2026-06-29 23:14:27 re/_trace.py:47 close.started
DEBUG 2026-06-29 23:14:27 re/_trace.py:47 close.complete
DEBUG 2026-06-29 23:14:27 re/_trace.py:47 close.started
DEBUG 2026-06-29 23:14:27 re/_trace.py:47 close.complete
DEBUG 2026-06-29 23:14:27 re/_trace.py:47 close.started
DEBUG 2026-06-29 23:14:27 re/_trace.py:47 close.complete
DEBUG 2026-06-29 23:14:27 re/_trace.py:47 close.started
DEBUG 2026-06-29 23:14:27 re/_trace.py:47 close.complete
DEBUG 2026-06-29 23:14:27 re/_trace.py:47 close.started
DEBUG 2026-06-29 23:14:27 re/_trace.py:47 close.complete
DEBUG 2026-06-29 23:14:27 re/_trace.py:47 close.started
DEBUG 2026-06-29 23:14:27 re/_trace.py:47 close.complete
DEBUG 2026-06-29 23:14:28 re/_trace.py:47 close.started
DEBUG 2026-06-29 23:14:28 re/_trace.py:47 close.complete
DEBUG 2026-06-29 23:16:52 re/_trace.py:47 close.started
DEBUG 2026-06-29 23:16:52 re/_trace.py:47 close.complete
DEBUG 2026-06-29 23:16:52 re/_trace.py:47 close.started
DEBUG 2026-06-29 23:16:52 re/_trace.py:47 close.complete
DEBUG 2026-06-29 23:16:52 re/_trace.py:47 close.started
DEBUG 2026-06-29 23:16:52 re/_trace.py:47 close.complete
DEBUG 2026-06-29 23:16:52 re/_trace.py:47 close.started
DEBUG 2026-06-29 23:16:52 re/_trace.py:47 close.complete
DEBUG 2026-06-29 23:16:52 re/_trace.py:47 close.started
DEBUG 2026-06-29 23:16:52 re/_trace.py:47 close.complete
DEBUG 2026-06-29 23:16:52 re/_trace.py:47 close.started
DEBUG 2026-06-29 23:16:52 re/_trace.py:47 close.complete
DEBUG 2026-06-29 23:16:52 re/_trace.py:47 close.started
DEBUG 2026-06-29 23:16:52 re/_trace.py:47 close.complete
DEBUG 2026-06-29 23:16:52 re/_trace.py:47 close.started
DEBUG 2026-06-29 23:16:52 re/_trace.py:47 close.complete
DEBUG 2026-06-29 23:16:52 re/_trace.py:47 close.started
DEBUG 2026-06-29 23:16:52 re/_trace.py:47 close.complete
DEBUG 2026-06-29 23:16:52 re/_trace.py:47 close.started
DEBUG 2026-06-29 23:16:52 re/_trace.py:47 close.complete
INFO 2026-06-29 23:18:09 ot_train.py:459 step:19K smpl:11M ep:17K epch:344.63 loss:0.002 grdn:0.056 lr:3.7e-05 updt_s:2.348 data_s:0.372
WARNING 2026-06-29 23:18:09 db_utils.py:181 WandB logging of key "loss_per_dim" was ignored as its type "<class 'list'>" is not handled by this wrapper.
DEBUG 2026-06-29 23:19:19 re/_trace.py:47 close.started
DEBUG 2026-06-29 23:19:19 re/_trace.py:47 close.complete
DEBUG 2026-06-29 23:19:19 re/_trace.py:47 close.started
DEBUG 2026-06-29 23:19:19 re/_trace.py:47 close.complete
DEBUG 2026-06-29 23:19:19 re/_trace.py:47 close.started
DEBUG 2026-06-29 23:19:19 re/_trace.py:47 close.complete
DEBUG 2026-06-29 23:19:19 re/_trace.py:47 close.started
DEBUG 2026-06-29 23:19:19 re/_trace.py:47 close.complete
DEBUG 2026-06-29 23:19:19 re/_trace.py:47 close.started
DEBUG 2026-06-29 23:19:19 re/_trace.py:47 close.complete
DEBUG 2026-06-29 23:19:19 re/_trace.py:47 close.started
DEBUG 2026-06-29 23:19:19 re/_trace.py:47 close.complete
DEBUG 2026-06-29 23:19:19 re/_trace.py:47 close.started
DEBUG 2026-06-29 23:19:19 re/_trace.py:47 close.complete
DEBUG 2026-06-29 23:19:19 re/_trace.py:47 close.started
DEBUG 2026-06-29 23:19:19 re/_trace.py:47 close.complete
DEBUG 2026-06-29 23:19:19 re/_trace.py:47 close.started
DEBUG 2026-06-29 23:19:19 re/_trace.py:47 close.complete
DEBUG 2026-06-29 23:19:19 re/_trace.py:47 close.started
DEBUG 2026-06-29 23:19:19 re/_trace.py:47 close.complete
DEBUG 2026-06-29 23:21:44 re/_trace.py:47 close.started
DEBUG 2026-06-29 23:21:44 re/_trace.py:47 close.complete
DEBUG 2026-06-29 23:21:45 re/_trace.py:47 close.started
DEBUG 2026-06-29 23:21:45 re/_trace.py:47 close.complete
DEBUG 2026-06-29 23:21:45 re/_trace.py:47 close.started
DEBUG 2026-06-29 23:21:45 re/_trace.py:47 close.complete
DEBUG 2026-06-29 23:21:45 re/_trace.py:47 close.started
DEBUG 2026-06-29 23:21:45 re/_trace.py:47 close.complete
DEBUG 2026-06-29 23:21:45 re/_trace.py:47 close.started
DEBUG 2026-06-29 23:21:45 re/_trace.py:47 close.complete
DEBUG 2026-06-29 23:21:45 re/_trace.py:47 close.started
DEBUG 2026-06-29 23:21:45 re/_trace.py:47 close.complete
DEBUG 2026-06-29 23:21:45 re/_trace.py:47 close.started
DEBUG 2026-06-29 23:21:45 re/_trace.py:47 close.complete
DEBUG 2026-06-29 23:21:45 re/_trace.py:47 close.started
DEBUG 2026-06-29 23:21:45 re/_trace.py:47 close.complete
DEBUG 2026-06-29 23:21:45 re/_trace.py:47 close.started
DEBUG 2026-06-29 23:21:45 re/_trace.py:47 close.complete
DEBUG 2026-06-29 23:21:45 re/_trace.py:47 close.started
DEBUG 2026-06-29 23:21:45 re/_trace.py:47 close.complete
DEBUG 2026-06-29 23:24:08 re/_trace.py:47 close.started
DEBUG 2026-06-29 23:24:08 re/_trace.py:47 close.complete
DEBUG 2026-06-29 23:24:08 re/_trace.py:47 close.started
DEBUG 2026-06-29 23:24:08 re/_trace.py:47 close.complete
DEBUG 2026-06-29 23:24:08 re/_trace.py:47 close.started
DEBUG 2026-06-29 23:24:08 re/_trace.py:47 close.complete
DEBUG 2026-06-29 23:24:08 re/_trace.py:47 close.started
DEBUG 2026-06-29 23:24:08 re/_trace.py:47 close.complete
DEBUG 2026-06-29 23:24:08 re/_trace.py:47 close.started
DEBUG 2026-06-29 23:24:08 re/_trace.py:47 close.complete
DEBUG 2026-06-29 23:24:08 re/_trace.py:47 close.started
DEBUG 2026-06-29 23:24:08 re/_trace.py:47 close.complete
DEBUG 2026-06-29 23:24:08 re/_trace.py:47 close.started
DEBUG 2026-06-29 23:24:08 re/_trace.py:47 close.complete
DEBUG 2026-06-29 23:24:08 re/_trace.py:47 close.started
DEBUG 2026-06-29 23:24:08 re/_trace.py:47 close.complete
DEBUG 2026-06-29 23:24:08 re/_trace.py:47 close.started
DEBUG 2026-06-29 23:24:08 re/_trace.py:47 close.complete
DEBUG 2026-06-29 23:24:08 re/_trace.py:47 close.started
DEBUG 2026-06-29 23:24:08 re/_trace.py:47 close.complete
DEBUG 2026-06-29 23:26:34 re/_trace.py:47 close.started
DEBUG 2026-06-29 23:26:34 re/_trace.py:47 close.complete
DEBUG 2026-06-29 23:26:34 re/_trace.py:47 close.started
DEBUG 2026-06-29 23:26:34 re/_trace.py:47 close.complete
DEBUG 2026-06-29 23:26:34 re/_trace.py:47 close.started
DEBUG 2026-06-29 23:26:34 re/_trace.py:47 close.complete
DEBUG 2026-06-29 23:26:34 re/_trace.py:47 close.started
DEBUG 2026-06-29 23:26:34 re/_trace.py:47 close.complete
DEBUG 2026-06-29 23:26:35 re/_trace.py:47 close.started
DEBUG 2026-06-29 23:26:35 re/_trace.py:47 close.complete
DEBUG 2026-06-29 23:26:35 re/_trace.py:47 close.started
DEBUG 2026-06-29 23:26:35 re/_trace.py:47 close.complete
DEBUG 2026-06-29 23:26:35 re/_trace.py:47 close.started
DEBUG 2026-06-29 23:26:35 re/_trace.py:47 close.complete
DEBUG 2026-06-29 23:26:35 re/_trace.py:47 close.started
DEBUG 2026-06-29 23:26:35 re/_trace.py:47 close.complete
DEBUG 2026-06-29 23:26:35 re/_trace.py:47 close.started
DEBUG 2026-06-29 23:26:35 re/_trace.py:47 close.complete
DEBUG 2026-06-29 23:26:35 re/_trace.py:47 close.started
DEBUG 2026-06-29 23:26:35 re/_trace.py:47 close.complete
INFO 2026-06-29 23:27:13 ot_train.py:459 step:19K smpl:11M ep:17K epch:348.34 loss:0.002 grdn:0.052 lr:3.6e-05 updt_s:2.337 data_s:0.379
WARNING 2026-06-29 23:27:13 db_utils.py:181 WandB logging of key "loss_per_dim" was ignored as its type "<class 'list'>" is not handled by this wrapper.
DEBUG 2026-06-29 23:29:00 re/_trace.py:47 close.started
DEBUG 2026-06-29 23:29:00 re/_trace.py:47 close.complete
DEBUG 2026-06-29 23:29:00 re/_trace.py:47 close.started
DEBUG 2026-06-29 23:29:00 re/_trace.py:47 close.complete
DEBUG 2026-06-29 23:29:00 re/_trace.py:47 close.started
DEBUG 2026-06-29 23:29:00 re/_trace.py:47 close.complete
DEBUG 2026-06-29 23:29:00 re/_trace.py:47 close.started
DEBUG 2026-06-29 23:29:00 re/_trace.py:47 close.complete
DEBUG 2026-06-29 23:29:00 re/_trace.py:47 close.started
DEBUG 2026-06-29 23:29:00 re/_trace.py:47 close.complete
DEBUG 2026-06-29 23:29:00 re/_trace.py:47 close.started
DEBUG 2026-06-29 23:29:00 re/_trace.py:47 close.complete
DEBUG 2026-06-29 23:29:00 re/_trace.py:47 close.started
DEBUG 2026-06-29 23:29:00 re/_trace.py:47 close.complete
DEBUG 2026-06-29 23:29:00 re/_trace.py:47 close.started
DEBUG 2026-06-29 23:29:00 re/_trace.py:47 close.complete
DEBUG 2026-06-29 23:29:00 re/_trace.py:47 close.started
DEBUG 2026-06-29 23:29:00 re/_trace.py:47 close.complete
DEBUG 2026-06-29 23:29:00 re/_trace.py:47 close.started
DEBUG 2026-06-29 23:29:00 re/_trace.py:47 close.complete
DEBUG 2026-06-29 23:31:24 re/_trace.py:47 close.started
DEBUG 2026-06-29 23:31:24 re/_trace.py:47 close.complete
DEBUG 2026-06-29 23:31:24 re/_trace.py:47 close.started
DEBUG 2026-06-29 23:31:24 re/_trace.py:47 close.complete
DEBUG 2026-06-29 23:31:24 re/_trace.py:47 close.started
DEBUG 2026-06-29 23:31:24 re/_trace.py:47 close.complete
DEBUG 2026-06-29 23:31:24 re/_trace.py:47 close.started
DEBUG 2026-06-29 23:31:24 re/_trace.py:47 close.complete
DEBUG 2026-06-29 23:31:24 re/_trace.py:47 close.started
DEBUG 2026-06-29 23:31:24 re/_trace.py:47 close.complete
DEBUG 2026-06-29 23:31:24 re/_trace.py:47 close.started
DEBUG 2026-06-29 23:31:24 re/_trace.py:47 close.complete
DEBUG 2026-06-29 23:31:24 re/_trace.py:47 close.started
DEBUG 2026-06-29 23:31:24 re/_trace.py:47 close.complete
DEBUG 2026-06-29 23:31:25 re/_trace.py:47 close.started
DEBUG 2026-06-29 23:31:25 re/_trace.py:47 close.complete
DEBUG 2026-06-29 23:31:25 re/_trace.py:47 close.started
DEBUG 2026-06-29 23:31:25 re/_trace.py:47 close.complete
DEBUG 2026-06-29 23:31:25 re/_trace.py:47 close.started
DEBUG 2026-06-29 23:31:25 re/_trace.py:47 close.complete
DEBUG 2026-06-29 23:33:50 re/_trace.py:47 close.started
DEBUG 2026-06-29 23:33:50 re/_trace.py:47 close.complete
DEBUG 2026-06-29 23:33:50 re/_trace.py:47 close.started
DEBUG 2026-06-29 23:33:50 re/_trace.py:47 close.complete
DEBUG 2026-06-29 23:33:50 re/_trace.py:47 close.started
DEBUG 2026-06-29 23:33:50 re/_trace.py:47 close.complete
DEBUG 2026-06-29 23:33:50 re/_trace.py:47 close.started
DEBUG 2026-06-29 23:33:50 re/_trace.py:47 close.complete
DEBUG 2026-06-29 23:33:50 re/_trace.py:47 close.started
DEBUG 2026-06-29 23:33:50 re/_trace.py:47 close.complete
DEBUG 2026-06-29 23:33:50 re/_trace.py:47 close.started
DEBUG 2026-06-29 23:33:50 re/_trace.py:47 close.complete
DEBUG 2026-06-29 23:33:50 re/_trace.py:47 close.started
DEBUG 2026-06-29 23:33:50 re/_trace.py:47 close.complete
DEBUG 2026-06-29 23:33:50 re/_trace.py:47 close.started
DEBUG 2026-06-29 23:33:50 re/_trace.py:47 close.complete
DEBUG 2026-06-29 23:33:50 re/_trace.py:47 close.started
DEBUG 2026-06-29 23:33:50 re/_trace.py:47 close.complete
DEBUG 2026-06-29 23:33:50 re/_trace.py:47 close.started
DEBUG 2026-06-29 23:33:50 re/_trace.py:47 close.complete
INFO 2026-06-29 23:35:57 ot_train.py:459 step:19K smpl:12M ep:18K epch:352.05 loss:0.002 grdn:0.053 lr:3.5e-05 updt_s:2.323 data_s:0.294
WARNING 2026-06-29 23:35:57 db_utils.py:181 WandB logging of key "loss_per_dim" was ignored as its type "<class 'list'>" is not handled by this wrapper.
DEBUG 2026-06-29 23:36:16 re/_trace.py:47 close.started
DEBUG 2026-06-29 23:36:16 re/_trace.py:47 close.complete
DEBUG 2026-06-29 23:36:16 re/_trace.py:47 close.started
DEBUG 2026-06-29 23:36:16 re/_trace.py:47 close.complete
DEBUG 2026-06-29 23:36:16 re/_trace.py:47 close.started
DEBUG 2026-06-29 23:36:16 re/_trace.py:47 close.complete
DEBUG 2026-06-29 23:36:16 re/_trace.py:47 close.started
DEBUG 2026-06-29 23:36:16 re/_trace.py:47 close.complete
DEBUG 2026-06-29 23:36:16 re/_trace.py:47 close.started
DEBUG 2026-06-29 23:36:16 re/_trace.py:47 close.complete
DEBUG 2026-06-29 23:36:16 re/_trace.py:47 close.started
DEBUG 2026-06-29 23:36:16 re/_trace.py:47 close.complete
DEBUG 2026-06-29 23:36:16 re/_trace.py:47 close.started
DEBUG 2026-06-29 23:36:16 re/_trace.py:47 close.complete
DEBUG 2026-06-29 23:36:16 re/_trace.py:47 close.started
DEBUG 2026-06-29 23:36:16 re/_trace.py:47 close.complete
DEBUG 2026-06-29 23:36:16 re/_trace.py:47 close.started
DEBUG 2026-06-29 23:36:16 re/_trace.py:47 close.complete
DEBUG 2026-06-29 23:36:16 re/_trace.py:47 close.started
DEBUG 2026-06-29 23:36:16 re/_trace.py:47 close.complete
DEBUG 2026-06-29 23:38:42 re/_trace.py:47 close.started
DEBUG 2026-06-29 23:38:42 re/_trace.py:47 close.complete
DEBUG 2026-06-29 23:38:42 re/_trace.py:47 close.started
DEBUG 2026-06-29 23:38:42 re/_trace.py:47 close.complete
DEBUG 2026-06-29 23:38:42 re/_trace.py:47 close.started
DEBUG 2026-06-29 23:38:42 re/_trace.py:47 close.complete
DEBUG 2026-06-29 23:38:42 re/_trace.py:47 close.started
DEBUG 2026-06-29 23:38:42 re/_trace.py:47 close.complete
DEBUG 2026-06-29 23:38:42 re/_trace.py:47 close.started
DEBUG 2026-06-29 23:38:42 re/_trace.py:47 close.complete
DEBUG 2026-06-29 23:38:42 re/_trace.py:47 close.started
DEBUG 2026-06-29 23:38:42 re/_trace.py:47 close.complete
DEBUG 2026-06-29 23:38:42 re/_trace.py:47 close.started
DEBUG 2026-06-29 23:38:42 re/_trace.py:47 close.complete
DEBUG 2026-06-29 23:38:42 re/_trace.py:47 close.started
DEBUG 2026-06-29 23:38:42 re/_trace.py:47 close.complete
DEBUG 2026-06-29 23:38:42 re/_trace.py:47 close.started
DEBUG 2026-06-29 23:38:42 re/_trace.py:47 close.complete
DEBUG 2026-06-29 23:38:42 re/_trace.py:47 close.started
DEBUG 2026-06-29 23:38:42 re/_trace.py:47 close.complete
DEBUG 2026-06-29 23:41:07 re/_trace.py:47 close.started
DEBUG 2026-06-29 23:41:07 re/_trace.py:47 close.complete
DEBUG 2026-06-29 23:41:07 re/_trace.py:47 close.started
DEBUG 2026-06-29 23:41:07 re/_trace.py:47 close.complete
DEBUG 2026-06-29 23:41:07 re/_trace.py:47 close.started
DEBUG 2026-06-29 23:41:07 re/_trace.py:47 close.complete
DEBUG 2026-06-29 23:41:08 re/_trace.py:47 close.started
DEBUG 2026-06-29 23:41:08 re/_trace.py:47 close.complete
DEBUG 2026-06-29 23:41:08 re/_trace.py:47 close.started
DEBUG 2026-06-29 23:41:08 re/_trace.py:47 close.complete
DEBUG 2026-06-29 23:41:08 re/_trace.py:47 close.started
DEBUG 2026-06-29 23:41:08 re/_trace.py:47 close.complete
DEBUG 2026-06-29 23:41:08 re/_trace.py:47 close.started
DEBUG 2026-06-29 23:41:08 re/_trace.py:47 close.complete
DEBUG 2026-06-29 23:41:08 re/_trace.py:47 close.started
DEBUG 2026-06-29 23:41:08 re/_trace.py:47 close.complete
DEBUG 2026-06-29 23:41:08 re/_trace.py:47 close.started
DEBUG 2026-06-29 23:41:08 re/_trace.py:47 close.complete
DEBUG 2026-06-29 23:41:08 re/_trace.py:47 close.started
DEBUG 2026-06-29 23:41:08 re/_trace.py:47 close.complete
DEBUG 2026-06-29 23:43:34 re/_trace.py:47 close.started
DEBUG 2026-06-29 23:43:34 re/_trace.py:47 close.complete
DEBUG 2026-06-29 23:43:34 re/_trace.py:47 close.started
DEBUG 2026-06-29 23:43:34 re/_trace.py:47 close.complete
DEBUG 2026-06-29 23:43:34 re/_trace.py:47 close.started
DEBUG 2026-06-29 23:43:34 re/_trace.py:47 close.complete
DEBUG 2026-06-29 23:43:34 re/_trace.py:47 close.started
DEBUG 2026-06-29 23:43:34 re/_trace.py:47 close.complete
DEBUG 2026-06-29 23:43:34 re/_trace.py:47 close.started
DEBUG 2026-06-29 23:43:34 re/_trace.py:47 close.complete
DEBUG 2026-06-29 23:43:34 re/_trace.py:47 close.started
DEBUG 2026-06-29 23:43:34 re/_trace.py:47 close.complete
DEBUG 2026-06-29 23:43:34 re/_trace.py:47 close.started
DEBUG 2026-06-29 23:43:34 re/_trace.py:47 close.complete
DEBUG 2026-06-29 23:43:34 re/_trace.py:47 close.started
DEBUG 2026-06-29 23:43:34 re/_trace.py:47 close.complete
DEBUG 2026-06-29 23:43:34 re/_trace.py:47 close.started
DEBUG 2026-06-29 23:43:34 re/_trace.py:47 close.complete
DEBUG 2026-06-29 23:43:34 re/_trace.py:47 close.started
DEBUG 2026-06-29 23:43:34 re/_trace.py:47 close.complete
INFO 2026-06-29 23:45:05 ot_train.py:459 step:19K smpl:12M ep:18K epch:355.75 loss:0.002 grdn:0.051 lr:3.4e-05 updt_s:2.355 data_s:0.380
WARNING 2026-06-29 23:45:05 db_utils.py:181 WandB logging of key "loss_per_dim" was ignored as its type "<class 'list'>" is not handled by this wrapper.
DEBUG 2026-06-29 23:46:00 re/_trace.py:47 close.started
DEBUG 2026-06-29 23:46:00 re/_trace.py:47 close.complete
DEBUG 2026-06-29 23:46:00 re/_trace.py:47 close.started
DEBUG 2026-06-29 23:46:00 re/_trace.py:47 close.complete
DEBUG 2026-06-29 23:46:00 re/_trace.py:47 close.started
DEBUG 2026-06-29 23:46:00 re/_trace.py:47 close.complete
DEBUG 2026-06-29 23:46:00 re/_trace.py:47 close.started
DEBUG 2026-06-29 23:46:00 re/_trace.py:47 close.complete
DEBUG 2026-06-29 23:46:00 re/_trace.py:47 close.started
DEBUG 2026-06-29 23:46:00 re/_trace.py:47 close.complete
DEBUG 2026-06-29 23:46:00 re/_trace.py:47 close.started
DEBUG 2026-06-29 23:46:00 re/_trace.py:47 close.complete
DEBUG 2026-06-29 23:46:00 re/_trace.py:47 close.started
DEBUG 2026-06-29 23:46:00 re/_trace.py:47 close.complete
DEBUG 2026-06-29 23:46:00 re/_trace.py:47 close.started
DEBUG 2026-06-29 23:46:00 re/_trace.py:47 close.complete
DEBUG 2026-06-29 23:46:00 re/_trace.py:47 close.started
DEBUG 2026-06-29 23:46:00 re/_trace.py:47 close.complete
DEBUG 2026-06-29 23:46:00 re/_trace.py:47 close.started
DEBUG 2026-06-29 23:46:00 re/_trace.py:47 close.complete
DEBUG 2026-06-29 23:48:25 re/_trace.py:47 close.started
DEBUG 2026-06-29 23:48:25 re/_trace.py:47 close.complete
DEBUG 2026-06-29 23:48:25 re/_trace.py:47 close.started
DEBUG 2026-06-29 23:48:25 re/_trace.py:47 close.complete
DEBUG 2026-06-29 23:48:25 re/_trace.py:47 close.started
DEBUG 2026-06-29 23:48:25 re/_trace.py:47 close.complete
DEBUG 2026-06-29 23:48:25 re/_trace.py:47 close.started
DEBUG 2026-06-29 23:48:25 re/_trace.py:47 close.complete
DEBUG 2026-06-29 23:48:25 re/_trace.py:47 close.started
DEBUG 2026-06-29 23:48:25 re/_trace.py:47 close.complete
DEBUG 2026-06-29 23:48:26 re/_trace.py:47 close.started
DEBUG 2026-06-29 23:48:26 re/_trace.py:47 close.complete
DEBUG 2026-06-29 23:48:26 re/_trace.py:47 close.started
DEBUG 2026-06-29 23:48:26 re/_trace.py:47 close.complete
DEBUG 2026-06-29 23:48:26 re/_trace.py:47 close.started
DEBUG 2026-06-29 23:48:26 re/_trace.py:47 close.complete
DEBUG 2026-06-29 23:48:26 re/_trace.py:47 close.started
DEBUG 2026-06-29 23:48:26 re/_trace.py:47 close.complete
DEBUG 2026-06-29 23:48:26 re/_trace.py:47 close.started
DEBUG 2026-06-29 23:48:26 re/_trace.py:47 close.complete
DEBUG 2026-06-29 23:50:49 re/_trace.py:47 close.started
DEBUG 2026-06-29 23:50:49 re/_trace.py:47 close.complete
DEBUG 2026-06-29 23:50:49 re/_trace.py:47 close.started
DEBUG 2026-06-29 23:50:49 re/_trace.py:47 close.complete
DEBUG 2026-06-29 23:50:49 re/_trace.py:47 close.started
DEBUG 2026-06-29 23:50:49 re/_trace.py:47 close.complete
DEBUG 2026-06-29 23:50:49 re/_trace.py:47 close.started
DEBUG 2026-06-29 23:50:50 re/_trace.py:47 close.complete
DEBUG 2026-06-29 23:50:50 re/_trace.py:47 close.started
DEBUG 2026-06-29 23:50:50 re/_trace.py:47 close.complete
DEBUG 2026-06-29 23:50:50 re/_trace.py:47 close.started
DEBUG 2026-06-29 23:50:50 re/_trace.py:47 close.complete
DEBUG 2026-06-29 23:50:50 re/_trace.py:47 close.started
DEBUG 2026-06-29 23:50:50 re/_trace.py:47 close.complete
DEBUG 2026-06-29 23:50:50 re/_trace.py:47 close.started
DEBUG 2026-06-29 23:50:50 re/_trace.py:47 close.complete
DEBUG 2026-06-29 23:50:50 re/_trace.py:47 close.started
DEBUG 2026-06-29 23:50:50 re/_trace.py:47 close.complete
DEBUG 2026-06-29 23:50:50 re/_trace.py:47 close.started
DEBUG 2026-06-29 23:50:50 re/_trace.py:47 close.complete
DEBUG 2026-06-29 23:53:16 re/_trace.py:47 close.started
DEBUG 2026-06-29 23:53:16 re/_trace.py:47 close.complete
DEBUG 2026-06-29 23:53:16 re/_trace.py:47 close.started
DEBUG 2026-06-29 23:53:16 re/_trace.py:47 close.complete
DEBUG 2026-06-29 23:53:16 re/_trace.py:47 close.started
DEBUG 2026-06-29 23:53:16 re/_trace.py:47 close.complete
DEBUG 2026-06-29 23:53:16 re/_trace.py:47 close.started
DEBUG 2026-06-29 23:53:16 re/_trace.py:47 close.complete
DEBUG 2026-06-29 23:53:16 re/_trace.py:47 close.started
DEBUG 2026-06-29 23:53:16 re/_trace.py:47 close.complete
DEBUG 2026-06-29 23:53:16 re/_trace.py:47 close.started
DEBUG 2026-06-29 23:53:16 re/_trace.py:47 close.complete
DEBUG 2026-06-29 23:53:16 re/_trace.py:47 close.started
DEBUG 2026-06-29 23:53:16 re/_trace.py:47 close.complete
DEBUG 2026-06-29 23:53:16 re/_trace.py:47 close.started
DEBUG 2026-06-29 23:53:16 re/_trace.py:47 close.complete
DEBUG 2026-06-29 23:53:16 re/_trace.py:47 close.started
DEBUG 2026-06-29 23:53:16 re/_trace.py:47 close.complete
DEBUG 2026-06-29 23:53:16 re/_trace.py:47 close.started
DEBUG 2026-06-29 23:53:16 re/_trace.py:47 close.complete
INFO 2026-06-29 23:54:10 ot_train.py:459 step:19K smpl:12M ep:18K epch:359.46 loss:0.002 grdn:0.054 lr:3.3e-05 updt_s:2.346 data_s:0.376
WARNING 2026-06-29 23:54:10 db_utils.py:181 WandB logging of key "loss_per_dim" was ignored as its type "<class 'list'>" is not handled by this wrapper.
DEBUG 2026-06-29 23:55:41 re/_trace.py:47 close.started
DEBUG 2026-06-29 23:55:41 re/_trace.py:47 close.complete
DEBUG 2026-06-29 23:55:41 re/_trace.py:47 close.started
DEBUG 2026-06-29 23:55:41 re/_trace.py:47 close.complete
DEBUG 2026-06-29 23:55:41 re/_trace.py:47 close.started
DEBUG 2026-06-29 23:55:41 re/_trace.py:47 close.complete
DEBUG 2026-06-29 23:55:41 re/_trace.py:47 close.started
DEBUG 2026-06-29 23:55:41 re/_trace.py:47 close.complete
DEBUG 2026-06-29 23:55:41 re/_trace.py:47 close.started
DEBUG 2026-06-29 23:55:41 re/_trace.py:47 close.complete
DEBUG 2026-06-29 23:55:41 re/_trace.py:47 close.started
DEBUG 2026-06-29 23:55:41 re/_trace.py:47 close.complete
DEBUG 2026-06-29 23:55:41 re/_trace.py:47 close.started
DEBUG 2026-06-29 23:55:41 re/_trace.py:47 close.complete
DEBUG 2026-06-29 23:55:41 re/_trace.py:47 close.started
DEBUG 2026-06-29 23:55:41 re/_trace.py:47 close.complete
DEBUG 2026-06-29 23:55:41 re/_trace.py:47 close.started
DEBUG 2026-06-29 23:55:41 re/_trace.py:47 close.complete
DEBUG 2026-06-29 23:55:41 re/_trace.py:47 close.started
DEBUG 2026-06-29 23:55:41 re/_trace.py:47 close.complete
DEBUG 2026-06-29 23:58:08 re/_trace.py:47 close.started
DEBUG 2026-06-29 23:58:08 re/_trace.py:47 close.complete
DEBUG 2026-06-29 23:58:08 re/_trace.py:47 close.started
DEBUG 2026-06-29 23:58:08 re/_trace.py:47 close.complete
DEBUG 2026-06-29 23:58:08 re/_trace.py:47 close.started
DEBUG 2026-06-29 23:58:08 re/_trace.py:47 close.complete
DEBUG 2026-06-29 23:58:08 re/_trace.py:47 close.started
DEBUG 2026-06-29 23:58:08 re/_trace.py:47 close.complete
DEBUG 2026-06-29 23:58:08 re/_trace.py:47 close.started
DEBUG 2026-06-29 23:58:08 re/_trace.py:47 close.complete
DEBUG 2026-06-29 23:58:08 re/_trace.py:47 close.started
DEBUG 2026-06-29 23:58:08 re/_trace.py:47 close.complete
DEBUG 2026-06-29 23:58:08 re/_trace.py:47 close.started
DEBUG 2026-06-29 23:58:08 re/_trace.py:47 close.complete
DEBUG 2026-06-29 23:58:08 re/_trace.py:47 close.started
DEBUG 2026-06-29 23:58:08 re/_trace.py:47 close.complete
DEBUG 2026-06-29 23:58:08 re/_trace.py:47 close.started
DEBUG 2026-06-29 23:58:08 re/_trace.py:47 close.complete
DEBUG 2026-06-29 23:58:08 re/_trace.py:47 close.started
DEBUG 2026-06-29 23:58:08 re/_trace.py:47 close.complete
DEBUG 2026-06-30 00:00:34 re/_trace.py:47 close.started
DEBUG 2026-06-30 00:00:34 re/_trace.py:47 close.complete
DEBUG 2026-06-30 00:00:34 re/_trace.py:47 close.started
DEBUG 2026-06-30 00:00:34 re/_trace.py:47 close.complete
DEBUG 2026-06-30 00:00:34 re/_trace.py:47 close.started
DEBUG 2026-06-30 00:00:34 re/_trace.py:47 close.complete
DEBUG 2026-06-30 00:00:34 re/_trace.py:47 close.started
DEBUG 2026-06-30 00:00:34 re/_trace.py:47 close.complete
DEBUG 2026-06-30 00:00:34 re/_trace.py:47 close.started
DEBUG 2026-06-30 00:00:34 re/_trace.py:47 close.complete
DEBUG 2026-06-30 00:00:34 re/_trace.py:47 close.started
DEBUG 2026-06-30 00:00:34 re/_trace.py:47 close.complete
DEBUG 2026-06-30 00:00:34 re/_trace.py:47 close.started
DEBUG 2026-06-30 00:00:34 re/_trace.py:47 close.complete
DEBUG 2026-06-30 00:00:34 re/_trace.py:47 close.started
DEBUG 2026-06-30 00:00:34 re/_trace.py:47 close.complete
DEBUG 2026-06-30 00:00:34 re/_trace.py:47 close.started
DEBUG 2026-06-30 00:00:34 re/_trace.py:47 close.complete
DEBUG 2026-06-30 00:00:34 re/_trace.py:47 close.started
DEBUG 2026-06-30 00:00:34 re/_trace.py:47 close.complete
INFO 2026-06-30 00:02:51 ot_train.py:459 step:20K smpl:12M ep:18K epch:363.16 loss:0.002 grdn:0.053 lr:3.2e-05 updt_s:2.311 data_s:0.294
WARNING 2026-06-30 00:02:51 db_utils.py:181 WandB logging of key "loss_per_dim" was ignored as its type "<class 'list'>" is not handled by this wrapper.
DEBUG 2026-06-30 00:02:57 re/_trace.py:47 close.started
DEBUG 2026-06-30 00:02:57 re/_trace.py:47 close.complete
DEBUG 2026-06-30 00:02:57 re/_trace.py:47 close.started
DEBUG 2026-06-30 00:02:57 re/_trace.py:47 close.complete
DEBUG 2026-06-30 00:02:57 re/_trace.py:47 close.started
DEBUG 2026-06-30 00:02:57 re/_trace.py:47 close.complete
DEBUG 2026-06-30 00:02:57 re/_trace.py:47 close.started
DEBUG 2026-06-30 00:02:57 re/_trace.py:47 close.complete
DEBUG 2026-06-30 00:02:57 re/_trace.py:47 close.started
DEBUG 2026-06-30 00:02:57 re/_trace.py:47 close.complete
DEBUG 2026-06-30 00:02:57 re/_trace.py:47 close.started
DEBUG 2026-06-30 00:02:57 re/_trace.py:47 close.complete
DEBUG 2026-06-30 00:02:57 re/_trace.py:47 close.started
DEBUG 2026-06-30 00:02:57 re/_trace.py:47 close.complete
DEBUG 2026-06-30 00:02:57 re/_trace.py:47 close.started
DEBUG 2026-06-30 00:02:57 re/_trace.py:47 close.complete
DEBUG 2026-06-30 00:02:57 re/_trace.py:47 close.started
DEBUG 2026-06-30 00:02:57 re/_trace.py:47 close.complete
DEBUG 2026-06-30 00:02:57 re/_trace.py:47 close.started
DEBUG 2026-06-30 00:02:57 re/_trace.py:47 close.complete
DEBUG 2026-06-30 00:05:22 re/_trace.py:47 close.started
DEBUG 2026-06-30 00:05:22 re/_trace.py:47 close.complete
DEBUG 2026-06-30 00:05:22 re/_trace.py:47 close.started
DEBUG 2026-06-30 00:05:22 re/_trace.py:47 close.complete
DEBUG 2026-06-30 00:05:22 re/_trace.py:47 close.started
DEBUG 2026-06-30 00:05:22 re/_trace.py:47 close.complete
DEBUG 2026-06-30 00:05:22 re/_trace.py:47 close.started
DEBUG 2026-06-30 00:05:22 re/_trace.py:47 close.complete
DEBUG 2026-06-30 00:05:22 re/_trace.py:47 close.started
DEBUG 2026-06-30 00:05:22 re/_trace.py:47 close.complete
DEBUG 2026-06-30 00:05:22 re/_trace.py:47 close.started
DEBUG 2026-06-30 00:05:22 re/_trace.py:47 close.complete
DEBUG 2026-06-30 00:05:22 re/_trace.py:47 close.started
DEBUG 2026-06-30 00:05:22 re/_trace.py:47 close.complete
DEBUG 2026-06-30 00:05:22 re/_trace.py:47 close.started
DEBUG 2026-06-30 00:05:22 re/_trace.py:47 close.complete
DEBUG 2026-06-30 00:05:22 re/_trace.py:47 close.started
DEBUG 2026-06-30 00:05:22 re/_trace.py:47 close.complete
DEBUG 2026-06-30 00:05:22 re/_trace.py:47 close.started
DEBUG 2026-06-30 00:05:22 re/_trace.py:47 close.complete
DEBUG 2026-06-30 00:07:48 re/_trace.py:47 close.started
DEBUG 2026-06-30 00:07:48 re/_trace.py:47 close.complete
DEBUG 2026-06-30 00:07:48 re/_trace.py:47 close.started
DEBUG 2026-06-30 00:07:48 re/_trace.py:47 close.complete
DEBUG 2026-06-30 00:07:48 re/_trace.py:47 close.started
DEBUG 2026-06-30 00:07:48 re/_trace.py:47 close.complete
DEBUG 2026-06-30 00:07:48 re/_trace.py:47 close.started
DEBUG 2026-06-30 00:07:48 re/_trace.py:47 close.complete
DEBUG 2026-06-30 00:07:48 re/_trace.py:47 close.started
DEBUG 2026-06-30 00:07:48 re/_trace.py:47 close.complete
DEBUG 2026-06-30 00:07:48 re/_trace.py:47 close.started
DEBUG 2026-06-30 00:07:48 re/_trace.py:47 close.complete
DEBUG 2026-06-30 00:07:48 re/_trace.py:47 close.started
DEBUG 2026-06-30 00:07:48 re/_trace.py:47 close.complete
DEBUG 2026-06-30 00:07:48 re/_trace.py:47 close.started
DEBUG 2026-06-30 00:07:48 re/_trace.py:47 close.complete
DEBUG 2026-06-30 00:07:48 re/_trace.py:47 close.started
DEBUG 2026-06-30 00:07:48 re/_trace.py:47 close.complete
DEBUG 2026-06-30 00:07:48 re/_trace.py:47 close.started
DEBUG 2026-06-30 00:07:48 re/_trace.py:47 close.complete
DEBUG 2026-06-30 00:10:13 re/_trace.py:47 close.started
DEBUG 2026-06-30 00:10:13 re/_trace.py:47 close.complete
DEBUG 2026-06-30 00:10:13 re/_trace.py:47 close.started
DEBUG 2026-06-30 00:10:13 re/_trace.py:47 close.complete
DEBUG 2026-06-30 00:10:13 re/_trace.py:47 close.started
DEBUG 2026-06-30 00:10:13 re/_trace.py:47 close.complete
DEBUG 2026-06-30 00:10:13 re/_trace.py:47 close.started
DEBUG 2026-06-30 00:10:13 re/_trace.py:47 close.complete
DEBUG 2026-06-30 00:10:13 re/_trace.py:47 close.started
DEBUG 2026-06-30 00:10:13 re/_trace.py:47 close.complete
DEBUG 2026-06-30 00:10:13 re/_trace.py:47 close.started
DEBUG 2026-06-30 00:10:13 re/_trace.py:47 close.complete
DEBUG 2026-06-30 00:10:13 re/_trace.py:47 close.started
DEBUG 2026-06-30 00:10:13 re/_trace.py:47 close.complete
DEBUG 2026-06-30 00:10:13 re/_trace.py:47 close.started
DEBUG 2026-06-30 00:10:13 re/_trace.py:47 close.complete
DEBUG 2026-06-30 00:10:13 re/_trace.py:47 close.started
DEBUG 2026-06-30 00:10:13 re/_trace.py:47 close.complete
DEBUG 2026-06-30 00:10:13 re/_trace.py:47 close.started
DEBUG 2026-06-30 00:10:13 re/_trace.py:47 close.complete
INFO 2026-06-30 00:11:56 ot_train.py:459 step:20K smpl:12M ep:18K epch:366.87 loss:0.002 grdn:0.050 lr:3.1e-05 updt_s:2.354 data_s:0.368
WARNING 2026-06-30 00:11:56 db_utils.py:181 WandB logging of key "loss_per_dim" was ignored as its type "<class 'list'>" is not handled by this wrapper.
DEBUG 2026-06-30 00:12:37 re/_trace.py:47 close.started
DEBUG 2026-06-30 00:12:37 re/_trace.py:47 close.complete
DEBUG 2026-06-30 00:12:37 re/_trace.py:47 close.started
DEBUG 2026-06-30 00:12:37 re/_trace.py:47 close.complete
DEBUG 2026-06-30 00:12:37 re/_trace.py:47 close.started
DEBUG 2026-06-30 00:12:37 re/_trace.py:47 close.complete
DEBUG 2026-06-30 00:12:37 re/_trace.py:47 close.started
DEBUG 2026-06-30 00:12:37 re/_trace.py:47 close.complete
DEBUG 2026-06-30 00:12:37 re/_trace.py:47 close.started
DEBUG 2026-06-30 00:12:37 re/_trace.py:47 close.complete
DEBUG 2026-06-30 00:12:37 re/_trace.py:47 close.started
DEBUG 2026-06-30 00:12:37 re/_trace.py:47 close.complete
DEBUG 2026-06-30 00:12:37 re/_trace.py:47 close.started
DEBUG 2026-06-30 00:12:37 re/_trace.py:47 close.complete
DEBUG 2026-06-30 00:12:38 re/_trace.py:47 close.started
DEBUG 2026-06-30 00:12:38 re/_trace.py:47 close.complete
DEBUG 2026-06-30 00:12:38 re/_trace.py:47 close.started
DEBUG 2026-06-30 00:12:38 re/_trace.py:47 close.complete
DEBUG 2026-06-30 00:12:38 re/_trace.py:47 close.started
DEBUG 2026-06-30 00:12:38 re/_trace.py:47 close.complete
DEBUG 2026-06-30 00:15:03 re/_trace.py:47 close.started
DEBUG 2026-06-30 00:15:03 re/_trace.py:47 close.complete
DEBUG 2026-06-30 00:15:03 re/_trace.py:47 close.started
DEBUG 2026-06-30 00:15:03 re/_trace.py:47 close.complete
DEBUG 2026-06-30 00:15:03 re/_trace.py:47 close.started
DEBUG 2026-06-30 00:15:03 re/_trace.py:47 close.complete
DEBUG 2026-06-30 00:15:03 re/_trace.py:47 close.started
DEBUG 2026-06-30 00:15:03 re/_trace.py:47 close.complete
DEBUG 2026-06-30 00:15:03 re/_trace.py:47 close.started
DEBUG 2026-06-30 00:15:03 re/_trace.py:47 close.complete
DEBUG 2026-06-30 00:15:03 re/_trace.py:47 close.started
DEBUG 2026-06-30 00:15:03 re/_trace.py:47 close.complete
DEBUG 2026-06-30 00:15:03 re/_trace.py:47 close.started
DEBUG 2026-06-30 00:15:03 re/_trace.py:47 close.complete
DEBUG 2026-06-30 00:15:03 re/_trace.py:47 close.started
DEBUG 2026-06-30 00:15:03 re/_trace.py:47 close.complete
DEBUG 2026-06-30 00:15:03 re/_trace.py:47 close.started
DEBUG 2026-06-30 00:15:03 re/_trace.py:47 close.complete
DEBUG 2026-06-30 00:15:03 re/_trace.py:47 close.started
DEBUG 2026-06-30 00:15:03 re/_trace.py:47 close.complete
DEBUG 2026-06-30 00:17:28 re/_trace.py:47 close.started
DEBUG 2026-06-30 00:17:28 re/_trace.py:47 close.complete
DEBUG 2026-06-30 00:17:28 re/_trace.py:47 close.started
DEBUG 2026-06-30 00:17:28 re/_trace.py:47 close.complete
DEBUG 2026-06-30 00:17:28 re/_trace.py:47 close.started
DEBUG 2026-06-30 00:17:28 re/_trace.py:47 close.complete
DEBUG 2026-06-30 00:17:28 re/_trace.py:47 close.started
DEBUG 2026-06-30 00:17:28 re/_trace.py:47 close.complete
DEBUG 2026-06-30 00:17:28 re/_trace.py:47 close.started
DEBUG 2026-06-30 00:17:28 re/_trace.py:47 close.complete
DEBUG 2026-06-30 00:17:28 re/_trace.py:47 close.started
DEBUG 2026-06-30 00:17:28 re/_trace.py:47 close.complete
DEBUG 2026-06-30 00:17:28 re/_trace.py:47 close.started
DEBUG 2026-06-30 00:17:28 re/_trace.py:47 close.complete
DEBUG 2026-06-30 00:17:28 re/_trace.py:47 close.started
DEBUG 2026-06-30 00:17:28 re/_trace.py:47 close.complete
DEBUG 2026-06-30 00:17:28 re/_trace.py:47 close.started
DEBUG 2026-06-30 00:17:28 re/_trace.py:47 close.complete
DEBUG 2026-06-30 00:17:28 re/_trace.py:47 close.started
DEBUG 2026-06-30 00:17:28 re/_trace.py:47 close.complete
DEBUG 2026-06-30 00:19:52 re/_trace.py:47 close.started
DEBUG 2026-06-30 00:19:52 re/_trace.py:47 close.complete
DEBUG 2026-06-30 00:19:52 re/_trace.py:47 close.started
DEBUG 2026-06-30 00:19:52 re/_trace.py:47 close.complete
DEBUG 2026-06-30 00:19:52 re/_trace.py:47 close.started
DEBUG 2026-06-30 00:19:52 re/_trace.py:47 close.complete
DEBUG 2026-06-30 00:19:52 re/_trace.py:47 close.started
DEBUG 2026-06-30 00:19:52 re/_trace.py:47 close.complete
DEBUG 2026-06-30 00:19:52 re/_trace.py:47 close.started
DEBUG 2026-06-30 00:19:52 re/_trace.py:47 close.complete
DEBUG 2026-06-30 00:19:52 re/_trace.py:47 close.started
DEBUG 2026-06-30 00:19:52 re/_trace.py:47 close.complete
DEBUG 2026-06-30 00:19:52 re/_trace.py:47 close.started
DEBUG 2026-06-30 00:19:52 re/_trace.py:47 close.complete
DEBUG 2026-06-30 00:19:52 re/_trace.py:47 close.started
DEBUG 2026-06-30 00:19:52 re/_trace.py:47 close.complete
DEBUG 2026-06-30 00:19:52 re/_trace.py:47 close.started
DEBUG 2026-06-30 00:19:52 re/_trace.py:47 close.complete
DEBUG 2026-06-30 00:19:52 re/_trace.py:47 close.started
DEBUG 2026-06-30 00:19:52 re/_trace.py:47 close.complete
INFO 2026-06-30 00:20:58 ot_train.py:459 step:20K smpl:12M ep:19K epch:370.57 loss:0.002 grdn:0.056 lr:3.0e-05 updt_s:2.330 data_s:0.378
WARNING 2026-06-30 00:20:58 db_utils.py:181 WandB logging of key "loss_per_dim" was ignored as its type "<class 'list'>" is not handled by this wrapper.
DEBUG 2026-06-30 00:22:16 re/_trace.py:47 close.started
DEBUG 2026-06-30 00:22:16 re/_trace.py:47 close.complete
DEBUG 2026-06-30 00:22:16 re/_trace.py:47 close.started
DEBUG 2026-06-30 00:22:16 re/_trace.py:47 close.complete
DEBUG 2026-06-30 00:22:16 re/_trace.py:47 close.started
DEBUG 2026-06-30 00:22:16 re/_trace.py:47 close.complete
DEBUG 2026-06-30 00:22:16 re/_trace.py:47 close.started
DEBUG 2026-06-30 00:22:16 re/_trace.py:47 close.complete
DEBUG 2026-06-30 00:22:16 re/_trace.py:47 close.started
DEBUG 2026-06-30 00:22:16 re/_trace.py:47 close.complete
DEBUG 2026-06-30 00:22:16 re/_trace.py:47 close.started
DEBUG 2026-06-30 00:22:16 re/_trace.py:47 close.complete
DEBUG 2026-06-30 00:22:16 re/_trace.py:47 close.started
DEBUG 2026-06-30 00:22:16 re/_trace.py:47 close.complete
DEBUG 2026-06-30 00:22:16 re/_trace.py:47 close.started
DEBUG 2026-06-30 00:22:16 re/_trace.py:47 close.complete
DEBUG 2026-06-30 00:22:16 re/_trace.py:47 close.started
DEBUG 2026-06-30 00:22:16 re/_trace.py:47 close.complete
DEBUG 2026-06-30 00:22:16 re/_trace.py:47 close.started
DEBUG 2026-06-30 00:22:16 re/_trace.py:47 close.complete
DEBUG 2026-06-30 00:24:42 re/_trace.py:47 close.started
DEBUG 2026-06-30 00:24:42 re/_trace.py:47 close.complete
DEBUG 2026-06-30 00:24:42 re/_trace.py:47 close.started
DEBUG 2026-06-30 00:24:42 re/_trace.py:47 close.complete
DEBUG 2026-06-30 00:24:42 re/_trace.py:47 close.started
DEBUG 2026-06-30 00:24:42 re/_trace.py:47 close.complete
DEBUG 2026-06-30 00:24:42 re/_trace.py:47 close.started
DEBUG 2026-06-30 00:24:42 re/_trace.py:47 close.complete
DEBUG 2026-06-30 00:24:42 re/_trace.py:47 close.started
DEBUG 2026-06-30 00:24:42 re/_trace.py:47 close.complete
DEBUG 2026-06-30 00:24:42 re/_trace.py:47 close.started
DEBUG 2026-06-30 00:24:42 re/_trace.py:47 close.complete
DEBUG 2026-06-30 00:24:42 re/_trace.py:47 close.started
DEBUG 2026-06-30 00:24:42 re/_trace.py:47 close.complete
DEBUG 2026-06-30 00:24:42 re/_trace.py:47 close.started
DEBUG 2026-06-30 00:24:42 re/_trace.py:47 close.complete
DEBUG 2026-06-30 00:24:42 re/_trace.py:47 close.started
DEBUG 2026-06-30 00:24:42 re/_trace.py:47 close.complete
DEBUG 2026-06-30 00:24:42 re/_trace.py:47 close.started
DEBUG 2026-06-30 00:24:42 re/_trace.py:47 close.complete
DEBUG 2026-06-30 00:27:08 re/_trace.py:47 close.started
DEBUG 2026-06-30 00:27:08 re/_trace.py:47 close.complete
DEBUG 2026-06-30 00:27:08 re/_trace.py:47 close.started
DEBUG 2026-06-30 00:27:08 re/_trace.py:47 close.complete
DEBUG 2026-06-30 00:27:08 re/_trace.py:47 close.started
DEBUG 2026-06-30 00:27:08 re/_trace.py:47 close.complete
DEBUG 2026-06-30 00:27:08 re/_trace.py:47 close.started
DEBUG 2026-06-30 00:27:08 re/_trace.py:47 close.complete
DEBUG 2026-06-30 00:27:08 re/_trace.py:47 close.started
DEBUG 2026-06-30 00:27:08 re/_trace.py:47 close.complete
DEBUG 2026-06-30 00:27:08 re/_trace.py:47 close.started
DEBUG 2026-06-30 00:27:08 re/_trace.py:47 close.complete
DEBUG 2026-06-30 00:27:08 re/_trace.py:47 close.started
DEBUG 2026-06-30 00:27:08 re/_trace.py:47 close.complete
DEBUG 2026-06-30 00:27:08 re/_trace.py:47 close.started
DEBUG 2026-06-30 00:27:08 re/_trace.py:47 close.complete
DEBUG 2026-06-30 00:27:08 re/_trace.py:47 close.started
DEBUG 2026-06-30 00:27:08 re/_trace.py:47 close.complete
DEBUG 2026-06-30 00:27:08 re/_trace.py:47 close.started
DEBUG 2026-06-30 00:27:08 re/_trace.py:47 close.complete
DEBUG 2026-06-30 00:29:34 re/_trace.py:47 close.started
DEBUG 2026-06-30 00:29:34 re/_trace.py:47 close.complete
DEBUG 2026-06-30 00:29:34 re/_trace.py:47 close.started
DEBUG 2026-06-30 00:29:34 re/_trace.py:47 close.complete
DEBUG 2026-06-30 00:29:34 re/_trace.py:47 close.started
DEBUG 2026-06-30 00:29:34 re/_trace.py:47 close.complete
DEBUG 2026-06-30 00:29:34 re/_trace.py:47 close.started
DEBUG 2026-06-30 00:29:34 re/_trace.py:47 close.complete
DEBUG 2026-06-30 00:29:34 re/_trace.py:47 close.started
DEBUG 2026-06-30 00:29:34 re/_trace.py:47 close.complete
DEBUG 2026-06-30 00:29:34 re/_trace.py:47 close.started
DEBUG 2026-06-30 00:29:34 re/_trace.py:47 close.complete
DEBUG 2026-06-30 00:29:34 re/_trace.py:47 close.started
DEBUG 2026-06-30 00:29:34 re/_trace.py:47 close.complete
DEBUG 2026-06-30 00:29:34 re/_trace.py:47 close.started
DEBUG 2026-06-30 00:29:34 re/_trace.py:47 close.complete
DEBUG 2026-06-30 00:29:34 re/_trace.py:47 close.started
DEBUG 2026-06-30 00:29:34 re/_trace.py:47 close.complete
DEBUG 2026-06-30 00:29:34 re/_trace.py:47 close.started
DEBUG 2026-06-30 00:29:34 re/_trace.py:47 close.complete
INFO 2026-06-30 00:30:04 ot_train.py:459 step:20K smpl:12M ep:19K epch:374.28 loss:0.002 grdn:0.059 lr:2.9e-05 updt_s:2.335 data_s:0.388
WARNING 2026-06-30 00:30:04 db_utils.py:181 WandB logging of key "loss_per_dim" was ignored as its type "<class 'list'>" is not handled by this wrapper.
DEBUG 2026-06-30 00:31:59 re/_trace.py:47 close.started
DEBUG 2026-06-30 00:31:59 re/_trace.py:47 close.complete
DEBUG 2026-06-30 00:32:00 re/_trace.py:47 close.started
DEBUG 2026-06-30 00:32:00 re/_trace.py:47 close.complete
DEBUG 2026-06-30 00:32:00 re/_trace.py:47 close.started
DEBUG 2026-06-30 00:32:00 re/_trace.py:47 close.complete
DEBUG 2026-06-30 00:32:00 re/_trace.py:47 close.started
DEBUG 2026-06-30 00:32:00 re/_trace.py:47 close.complete
DEBUG 2026-06-30 00:32:00 re/_trace.py:47 close.started
DEBUG 2026-06-30 00:32:00 re/_trace.py:47 close.complete
DEBUG 2026-06-30 00:32:00 re/_trace.py:47 close.started
DEBUG 2026-06-30 00:32:00 re/_trace.py:47 close.complete
DEBUG 2026-06-30 00:32:00 re/_trace.py:47 close.started
DEBUG 2026-06-30 00:32:00 re/_trace.py:47 close.complete
DEBUG 2026-06-30 00:32:00 re/_trace.py:47 close.started
DEBUG 2026-06-30 00:32:00 re/_trace.py:47 close.complete
DEBUG 2026-06-30 00:32:00 re/_trace.py:47 close.started
DEBUG 2026-06-30 00:32:00 re/_trace.py:47 close.complete
DEBUG 2026-06-30 00:32:00 re/_trace.py:47 close.started
DEBUG 2026-06-30 00:32:00 re/_trace.py:47 close.complete
DEBUG 2026-06-30 00:34:25 re/_trace.py:47 close.started
DEBUG 2026-06-30 00:34:25 re/_trace.py:47 close.complete
DEBUG 2026-06-30 00:34:25 re/_trace.py:47 close.started
DEBUG 2026-06-30 00:34:25 re/_trace.py:47 close.complete
DEBUG 2026-06-30 00:34:25 re/_trace.py:47 close.started
DEBUG 2026-06-30 00:34:25 re/_trace.py:47 close.complete
DEBUG 2026-06-30 00:34:25 re/_trace.py:47 close.started
DEBUG 2026-06-30 00:34:25 re/_trace.py:47 close.complete
DEBUG 2026-06-30 00:34:25 re/_trace.py:47 close.started
DEBUG 2026-06-30 00:34:25 re/_trace.py:47 close.complete
DEBUG 2026-06-30 00:34:25 re/_trace.py:47 close.started
DEBUG 2026-06-30 00:34:25 re/_trace.py:47 close.complete
DEBUG 2026-06-30 00:34:25 re/_trace.py:47 close.started
DEBUG 2026-06-30 00:34:25 re/_trace.py:47 close.complete
DEBUG 2026-06-30 00:34:25 re/_trace.py:47 close.started
DEBUG 2026-06-30 00:34:25 re/_trace.py:47 close.complete
DEBUG 2026-06-30 00:34:26 re/_trace.py:47 close.started
DEBUG 2026-06-30 00:34:26 re/_trace.py:47 close.complete
DEBUG 2026-06-30 00:34:26 re/_trace.py:47 close.started
DEBUG 2026-06-30 00:34:26 re/_trace.py:47 close.complete
DEBUG 2026-06-30 00:36:53 re/_trace.py:47 close.started
DEBUG 2026-06-30 00:36:53 re/_trace.py:47 close.complete
DEBUG 2026-06-30 00:36:53 re/_trace.py:47 close.started
DEBUG 2026-06-30 00:36:53 re/_trace.py:47 close.complete
DEBUG 2026-06-30 00:36:53 re/_trace.py:47 close.started
DEBUG 2026-06-30 00:36:53 re/_trace.py:47 close.complete
DEBUG 2026-06-30 00:36:53 re/_trace.py:47 close.started
DEBUG 2026-06-30 00:36:53 re/_trace.py:47 close.complete
DEBUG 2026-06-30 00:36:53 re/_trace.py:47 close.started
DEBUG 2026-06-30 00:36:53 re/_trace.py:47 close.complete
DEBUG 2026-06-30 00:36:53 re/_trace.py:47 close.started
DEBUG 2026-06-30 00:36:53 re/_trace.py:47 close.complete
DEBUG 2026-06-30 00:36:53 re/_trace.py:47 close.started
DEBUG 2026-06-30 00:36:53 re/_trace.py:47 close.complete
DEBUG 2026-06-30 00:36:53 re/_trace.py:47 close.started
DEBUG 2026-06-30 00:36:53 re/_trace.py:47 close.complete
DEBUG 2026-06-30 00:36:53 re/_trace.py:47 close.started
DEBUG 2026-06-30 00:36:53 re/_trace.py:47 close.complete
DEBUG 2026-06-30 00:36:53 re/_trace.py:47 close.started
DEBUG 2026-06-30 00:36:53 re/_trace.py:47 close.complete
INFO 2026-06-30 00:38:50 ot_train.py:459 step:20K smpl:12M ep:19K epch:377.99 loss:0.002 grdn:0.049 lr:2.8e-05 updt_s:2.346 data_s:0.283
WARNING 2026-06-30 00:38:50 db_utils.py:181 WandB logging of key "loss_per_dim" was ignored as its type "<class 'list'>" is not handled by this wrapper.
DEBUG 2026-06-30 00:39:18 re/_trace.py:47 close.started
DEBUG 2026-06-30 00:39:18 re/_trace.py:47 close.complete
DEBUG 2026-06-30 00:39:18 re/_trace.py:47 close.started
DEBUG 2026-06-30 00:39:18 re/_trace.py:47 close.complete
DEBUG 2026-06-30 00:39:18 re/_trace.py:47 close.started
DEBUG 2026-06-30 00:39:18 re/_trace.py:47 close.complete
DEBUG 2026-06-30 00:39:18 re/_trace.py:47 close.started
DEBUG 2026-06-30 00:39:18 re/_trace.py:47 close.complete
DEBUG 2026-06-30 00:39:18 re/_trace.py:47 close.started
DEBUG 2026-06-30 00:39:18 re/_trace.py:47 close.complete
DEBUG 2026-06-30 00:39:18 re/_trace.py:47 close.started
DEBUG 2026-06-30 00:39:18 re/_trace.py:47 close.complete
DEBUG 2026-06-30 00:39:18 re/_trace.py:47 close.started
DEBUG 2026-06-30 00:39:19 re/_trace.py:47 close.complete
DEBUG 2026-06-30 00:39:19 re/_trace.py:47 close.started
DEBUG 2026-06-30 00:39:19 re/_trace.py:47 close.complete
DEBUG 2026-06-30 00:39:19 re/_trace.py:47 close.started
DEBUG 2026-06-30 00:39:19 re/_trace.py:47 close.complete
DEBUG 2026-06-30 00:39:19 re/_trace.py:47 close.started
DEBUG 2026-06-30 00:39:19 re/_trace.py:47 close.complete
DEBUG 2026-06-30 00:41:44 re/_trace.py:47 close.started
DEBUG 2026-06-30 00:41:44 re/_trace.py:47 close.complete
DEBUG 2026-06-30 00:41:44 re/_trace.py:47 close.started
DEBUG 2026-06-30 00:41:44 re/_trace.py:47 close.complete
DEBUG 2026-06-30 00:41:44 re/_trace.py:47 close.started
DEBUG 2026-06-30 00:41:44 re/_trace.py:47 close.complete
DEBUG 2026-06-30 00:41:44 re/_trace.py:47 close.started
DEBUG 2026-06-30 00:41:44 re/_trace.py:47 close.complete
DEBUG 2026-06-30 00:41:44 re/_trace.py:47 close.started
DEBUG 2026-06-30 00:41:44 re/_trace.py:47 close.complete
DEBUG 2026-06-30 00:41:44 re/_trace.py:47 close.started
DEBUG 2026-06-30 00:41:44 re/_trace.py:47 close.complete
DEBUG 2026-06-30 00:41:44 re/_trace.py:47 close.started
DEBUG 2026-06-30 00:41:44 re/_trace.py:47 close.complete
DEBUG 2026-06-30 00:41:44 re/_trace.py:47 close.started
DEBUG 2026-06-30 00:41:44 re/_trace.py:47 close.complete
DEBUG 2026-06-30 00:41:44 re/_trace.py:47 close.started
DEBUG 2026-06-30 00:41:44 re/_trace.py:47 close.complete
DEBUG 2026-06-30 00:41:44 re/_trace.py:47 close.started
DEBUG 2026-06-30 00:41:44 re/_trace.py:47 close.complete
DEBUG 2026-06-30 00:44:09 re/_trace.py:47 close.started
DEBUG 2026-06-30 00:44:09 re/_trace.py:47 close.complete
DEBUG 2026-06-30 00:44:09 re/_trace.py:47 close.started
DEBUG 2026-06-30 00:44:09 re/_trace.py:47 close.complete
DEBUG 2026-06-30 00:44:09 re/_trace.py:47 close.started
DEBUG 2026-06-30 00:44:09 re/_trace.py:47 close.complete
DEBUG 2026-06-30 00:44:09 re/_trace.py:47 close.started
DEBUG 2026-06-30 00:44:09 re/_trace.py:47 close.complete
DEBUG 2026-06-30 00:44:09 re/_trace.py:47 close.started
DEBUG 2026-06-30 00:44:09 re/_trace.py:47 close.complete
DEBUG 2026-06-30 00:44:09 re/_trace.py:47 close.started
DEBUG 2026-06-30 00:44:09 re/_trace.py:47 close.complete
DEBUG 2026-06-30 00:44:09 re/_trace.py:47 close.started
DEBUG 2026-06-30 00:44:09 re/_trace.py:47 close.complete
DEBUG 2026-06-30 00:44:09 re/_trace.py:47 close.started
DEBUG 2026-06-30 00:44:09 re/_trace.py:47 close.complete
DEBUG 2026-06-30 00:44:09 re/_trace.py:47 close.started
DEBUG 2026-06-30 00:44:09 re/_trace.py:47 close.complete
DEBUG 2026-06-30 00:44:09 re/_trace.py:47 close.started
DEBUG 2026-06-30 00:44:09 re/_trace.py:47 close.complete
DEBUG 2026-06-30 00:46:35 re/_trace.py:47 close.started
DEBUG 2026-06-30 00:46:35 re/_trace.py:47 close.complete
DEBUG 2026-06-30 00:46:35 re/_trace.py:47 close.started
DEBUG 2026-06-30 00:46:35 re/_trace.py:47 close.complete
DEBUG 2026-06-30 00:46:35 re/_trace.py:47 close.started
DEBUG 2026-06-30 00:46:35 re/_trace.py:47 close.complete
DEBUG 2026-06-30 00:46:35 re/_trace.py:47 close.started
DEBUG 2026-06-30 00:46:35 re/_trace.py:47 close.complete
DEBUG 2026-06-30 00:46:35 re/_trace.py:47 close.started
DEBUG 2026-06-30 00:46:35 re/_trace.py:47 close.complete
DEBUG 2026-06-30 00:46:35 re/_trace.py:47 close.started
DEBUG 2026-06-30 00:46:35 re/_trace.py:47 close.complete
DEBUG 2026-06-30 00:46:35 re/_trace.py:47 close.started
DEBUG 2026-06-30 00:46:35 re/_trace.py:47 close.complete
DEBUG 2026-06-30 00:46:35 re/_trace.py:47 close.started
DEBUG 2026-06-30 00:46:35 re/_trace.py:47 close.complete
DEBUG 2026-06-30 00:46:35 re/_trace.py:47 close.started
DEBUG 2026-06-30 00:46:35 re/_trace.py:47 close.complete
DEBUG 2026-06-30 00:46:35 re/_trace.py:47 close.started
DEBUG 2026-06-30 00:46:35 re/_trace.py:47 close.complete
INFO 2026-06-30 00:47:56 ot_train.py:459 step:21K smpl:12M ep:19K epch:381.69 loss:0.002 grdn:0.051 lr:2.7e-05 updt_s:2.346 data_s:0.381
WARNING 2026-06-30 00:47:56 db_utils.py:181 WandB logging of key "loss_per_dim" was ignored as its type "<class 'list'>" is not handled by this wrapper.
DEBUG 2026-06-30 00:49:00 re/_trace.py:47 close.started
DEBUG 2026-06-30 00:49:00 re/_trace.py:47 close.complete
DEBUG 2026-06-30 00:49:00 re/_trace.py:47 close.started
DEBUG 2026-06-30 00:49:00 re/_trace.py:47 close.complete
DEBUG 2026-06-30 00:49:00 re/_trace.py:47 close.started
DEBUG 2026-06-30 00:49:00 re/_trace.py:47 close.complete
DEBUG 2026-06-30 00:49:00 re/_trace.py:47 close.started
DEBUG 2026-06-30 00:49:00 re/_trace.py:47 close.complete
DEBUG 2026-06-30 00:49:00 re/_trace.py:47 close.started
DEBUG 2026-06-30 00:49:00 re/_trace.py:47 close.complete
DEBUG 2026-06-30 00:49:00 re/_trace.py:47 close.started
DEBUG 2026-06-30 00:49:00 re/_trace.py:47 close.complete
DEBUG 2026-06-30 00:49:00 re/_trace.py:47 close.started
DEBUG 2026-06-30 00:49:00 re/_trace.py:47 close.complete
DEBUG 2026-06-30 00:49:00 re/_trace.py:47 close.started
DEBUG 2026-06-30 00:49:00 re/_trace.py:47 close.complete
DEBUG 2026-06-30 00:49:00 re/_trace.py:47 close.started
DEBUG 2026-06-30 00:49:00 re/_trace.py:47 close.complete
DEBUG 2026-06-30 00:49:00 re/_trace.py:47 close.started
DEBUG 2026-06-30 00:49:00 re/_trace.py:47 close.complete
DEBUG 2026-06-30 00:51:27 re/_trace.py:47 close.started
DEBUG 2026-06-30 00:51:27 re/_trace.py:47 close.complete
DEBUG 2026-06-30 00:51:27 re/_trace.py:47 close.started
DEBUG 2026-06-30 00:51:27 re/_trace.py:47 close.complete
DEBUG 2026-06-30 00:51:27 re/_trace.py:47 close.started
DEBUG 2026-06-30 00:51:27 re/_trace.py:47 close.complete
DEBUG 2026-06-30 00:51:27 re/_trace.py:47 close.started
DEBUG 2026-06-30 00:51:27 re/_trace.py:47 close.complete
DEBUG 2026-06-30 00:51:27 re/_trace.py:47 close.started
DEBUG 2026-06-30 00:51:27 re/_trace.py:47 close.complete
DEBUG 2026-06-30 00:51:27 re/_trace.py:47 close.started
DEBUG 2026-06-30 00:51:27 re/_trace.py:47 close.complete
DEBUG 2026-06-30 00:51:27 re/_trace.py:47 close.started
DEBUG 2026-06-30 00:51:27 re/_trace.py:47 close.complete
DEBUG 2026-06-30 00:51:27 re/_trace.py:47 close.started
DEBUG 2026-06-30 00:51:27 re/_trace.py:47 close.complete
DEBUG 2026-06-30 00:51:27 re/_trace.py:47 close.started
DEBUG 2026-06-30 00:51:27 re/_trace.py:47 close.complete
DEBUG 2026-06-30 00:51:27 re/_trace.py:47 close.started
DEBUG 2026-06-30 00:51:27 re/_trace.py:47 close.complete
DEBUG 2026-06-30 00:53:52 re/_trace.py:47 close.started
DEBUG 2026-06-30 00:53:52 re/_trace.py:47 close.complete
DEBUG 2026-06-30 00:53:52 re/_trace.py:47 close.started
DEBUG 2026-06-30 00:53:52 re/_trace.py:47 close.complete
DEBUG 2026-06-30 00:53:52 re/_trace.py:47 close.started
DEBUG 2026-06-30 00:53:52 re/_trace.py:47 close.complete
DEBUG 2026-06-30 00:53:52 re/_trace.py:47 close.started
DEBUG 2026-06-30 00:53:52 re/_trace.py:47 close.complete
DEBUG 2026-06-30 00:53:52 re/_trace.py:47 close.started
DEBUG 2026-06-30 00:53:52 re/_trace.py:47 close.complete
DEBUG 2026-06-30 00:53:52 re/_trace.py:47 close.started
DEBUG 2026-06-30 00:53:52 re/_trace.py:47 close.complete
DEBUG 2026-06-30 00:53:52 re/_trace.py:47 close.started
DEBUG 2026-06-30 00:53:52 re/_trace.py:47 close.complete
DEBUG 2026-06-30 00:53:52 re/_trace.py:47 close.started
DEBUG 2026-06-30 00:53:52 re/_trace.py:47 close.complete
DEBUG 2026-06-30 00:53:53 re/_trace.py:47 close.started
DEBUG 2026-06-30 00:53:53 re/_trace.py:47 close.complete
DEBUG 2026-06-30 00:53:53 re/_trace.py:47 close.started
DEBUG 2026-06-30 00:53:53 re/_trace.py:47 close.complete
DEBUG 2026-06-30 00:56:19 re/_trace.py:47 close.started
DEBUG 2026-06-30 00:56:19 re/_trace.py:47 close.complete
DEBUG 2026-06-30 00:56:19 re/_trace.py:47 close.started
DEBUG 2026-06-30 00:56:19 re/_trace.py:47 close.complete
DEBUG 2026-06-30 00:56:19 re/_trace.py:47 close.started
DEBUG 2026-06-30 00:56:19 re/_trace.py:47 close.complete
DEBUG 2026-06-30 00:56:19 re/_trace.py:47 close.started
DEBUG 2026-06-30 00:56:19 re/_trace.py:47 close.complete
DEBUG 2026-06-30 00:56:19 re/_trace.py:47 close.started
DEBUG 2026-06-30 00:56:19 re/_trace.py:47 close.complete
DEBUG 2026-06-30 00:56:19 re/_trace.py:47 close.started
DEBUG 2026-06-30 00:56:19 re/_trace.py:47 close.complete
DEBUG 2026-06-30 00:56:19 re/_trace.py:47 close.started
DEBUG 2026-06-30 00:56:19 re/_trace.py:47 close.complete
DEBUG 2026-06-30 00:56:19 re/_trace.py:47 close.started
DEBUG 2026-06-30 00:56:19 re/_trace.py:47 close.complete
DEBUG 2026-06-30 00:56:19 re/_trace.py:47 close.started
DEBUG 2026-06-30 00:56:19 re/_trace.py:47 close.complete
DEBUG 2026-06-30 00:56:19 re/_trace.py:47 close.started
DEBUG 2026-06-30 00:56:19 re/_trace.py:47 close.complete
INFO 2026-06-30 00:57:02 ot_train.py:459 step:21K smpl:13M ep:19K epch:385.40 loss:0.002 grdn:0.049 lr:2.6e-05 updt_s:2.353 data_s:0.377
WARNING 2026-06-30 00:57:02 db_utils.py:181 WandB logging of key "loss_per_dim" was ignored as its type "<class 'list'>" is not handled by this wrapper.
DEBUG 2026-06-30 00:58:43 re/_trace.py:47 close.started
DEBUG 2026-06-30 00:58:43 re/_trace.py:47 close.complete
DEBUG 2026-06-30 00:58:44 re/_trace.py:47 close.started
DEBUG 2026-06-30 00:58:44 re/_trace.py:47 close.complete
DEBUG 2026-06-30 00:58:44 re/_trace.py:47 close.started
DEBUG 2026-06-30 00:58:44 re/_trace.py:47 close.complete
DEBUG 2026-06-30 00:58:44 re/_trace.py:47 close.started
DEBUG 2026-06-30 00:58:44 re/_trace.py:47 close.complete
DEBUG 2026-06-30 00:58:44 re/_trace.py:47 close.started
DEBUG 2026-06-30 00:58:44 re/_trace.py:47 close.complete
DEBUG 2026-06-30 00:58:44 re/_trace.py:47 close.started
DEBUG 2026-06-30 00:58:44 re/_trace.py:47 close.complete
DEBUG 2026-06-30 00:58:44 re/_trace.py:47 close.started
DEBUG 2026-06-30 00:58:44 re/_trace.py:47 close.complete
DEBUG 2026-06-30 00:58:44 re/_trace.py:47 close.started
DEBUG 2026-06-30 00:58:44 re/_trace.py:47 close.complete
DEBUG 2026-06-30 00:58:44 re/_trace.py:47 close.started
DEBUG 2026-06-30 00:58:44 re/_trace.py:47 close.complete
DEBUG 2026-06-30 00:58:44 re/_trace.py:47 close.started
DEBUG 2026-06-30 00:58:44 re/_trace.py:47 close.complete
DEBUG 2026-06-30 01:01:07 re/_trace.py:47 close.started
DEBUG 2026-06-30 01:01:07 re/_trace.py:47 close.complete
DEBUG 2026-06-30 01:01:07 re/_trace.py:47 close.started
DEBUG 2026-06-30 01:01:07 re/_trace.py:47 close.complete
DEBUG 2026-06-30 01:01:07 re/_trace.py:47 close.started
DEBUG 2026-06-30 01:01:07 re/_trace.py:47 close.complete
DEBUG 2026-06-30 01:01:07 re/_trace.py:47 close.started
DEBUG 2026-06-30 01:01:07 re/_trace.py:47 close.complete
DEBUG 2026-06-30 01:01:07 re/_trace.py:47 close.started
DEBUG 2026-06-30 01:01:07 re/_trace.py:47 close.complete
DEBUG 2026-06-30 01:01:07 re/_trace.py:47 close.started
DEBUG 2026-06-30 01:01:07 re/_trace.py:47 close.complete
DEBUG 2026-06-30 01:01:07 re/_trace.py:47 close.started
DEBUG 2026-06-30 01:01:07 re/_trace.py:47 close.complete
DEBUG 2026-06-30 01:01:08 re/_trace.py:47 close.started
DEBUG 2026-06-30 01:01:08 re/_trace.py:47 close.complete
DEBUG 2026-06-30 01:01:08 re/_trace.py:47 close.started
DEBUG 2026-06-30 01:01:08 re/_trace.py:47 close.complete
DEBUG 2026-06-30 01:01:08 re/_trace.py:47 close.started
DEBUG 2026-06-30 01:01:08 re/_trace.py:47 close.complete
DEBUG 2026-06-30 01:03:33 re/_trace.py:47 close.started
DEBUG 2026-06-30 01:03:33 re/_trace.py:47 close.complete
DEBUG 2026-06-30 01:03:33 re/_trace.py:47 close.started
DEBUG 2026-06-30 01:03:33 re/_trace.py:47 close.complete
DEBUG 2026-06-30 01:03:33 re/_trace.py:47 close.started
DEBUG 2026-06-30 01:03:33 re/_trace.py:47 close.complete
DEBUG 2026-06-30 01:03:33 re/_trace.py:47 close.started
DEBUG 2026-06-30 01:03:33 re/_trace.py:47 close.complete
DEBUG 2026-06-30 01:03:33 re/_trace.py:47 close.started
DEBUG 2026-06-30 01:03:33 re/_trace.py:47 close.complete
DEBUG 2026-06-30 01:03:34 re/_trace.py:47 close.started
DEBUG 2026-06-30 01:03:34 re/_trace.py:47 close.complete
DEBUG 2026-06-30 01:03:34 re/_trace.py:47 close.started
DEBUG 2026-06-30 01:03:34 re/_trace.py:47 close.complete
DEBUG 2026-06-30 01:03:34 re/_trace.py:47 close.started
DEBUG 2026-06-30 01:03:34 re/_trace.py:47 close.complete
DEBUG 2026-06-30 01:03:34 re/_trace.py:47 close.started
DEBUG 2026-06-30 01:03:34 re/_trace.py:47 close.complete
DEBUG 2026-06-30 01:03:34 re/_trace.py:47 close.started
DEBUG 2026-06-30 01:03:34 re/_trace.py:47 close.complete
INFO 2026-06-30 01:05:44 ot_train.py:459 step:21K smpl:13M ep:19K epch:389.10 loss:0.002 grdn:0.053 lr:2.5e-05 updt_s:2.319 data_s:0.284
WARNING 2026-06-30 01:05:44 db_utils.py:181 WandB logging of key "loss_per_dim" was ignored as its type "<class 'list'>" is not handled by this wrapper.
INFO 2026-06-30 01:05:44 ot_train.py:479 Checkpoint policy after step 21000
DEBUG 2026-06-30 01:06:18 tionpool.py:289 Resetting dropped connection: api.wandb.ai
DEBUG 2026-06-30 01:06:18 tionpool.py:544 https://api.wandb.ai:443 "POST /graphql HTTP/1.1" 200 None
DEBUG 2026-06-30 01:06:33 re/_trace.py:47 close.started
DEBUG 2026-06-30 01:06:33 re/_trace.py:47 close.complete
DEBUG 2026-06-30 01:06:33 re/_trace.py:47 close.started
DEBUG 2026-06-30 01:06:33 re/_trace.py:47 close.complete
DEBUG 2026-06-30 01:06:33 re/_trace.py:47 close.started
DEBUG 2026-06-30 01:06:33 re/_trace.py:47 close.complete
DEBUG 2026-06-30 01:06:34 re/_trace.py:47 close.started
DEBUG 2026-06-30 01:06:34 re/_trace.py:47 close.complete
DEBUG 2026-06-30 01:06:34 re/_trace.py:47 close.started
DEBUG 2026-06-30 01:06:34 re/_trace.py:47 close.complete
DEBUG 2026-06-30 01:06:34 re/_trace.py:47 close.started
DEBUG 2026-06-30 01:06:34 re/_trace.py:47 close.complete
DEBUG 2026-06-30 01:06:34 re/_trace.py:47 close.started
DEBUG 2026-06-30 01:06:34 re/_trace.py:47 close.complete
DEBUG 2026-06-30 01:06:34 re/_trace.py:47 close.started
DEBUG 2026-06-30 01:06:34 re/_trace.py:47 close.complete
DEBUG 2026-06-30 01:06:34 re/_trace.py:47 close.started
DEBUG 2026-06-30 01:06:34 re/_trace.py:47 close.complete
DEBUG 2026-06-30 01:06:34 re/_trace.py:47 close.started
DEBUG 2026-06-30 01:06:34 re/_trace.py:47 close.complete
DEBUG 2026-06-30 01:08:58 re/_trace.py:47 close.started
DEBUG 2026-06-30 01:08:58 re/_trace.py:47 close.complete
DEBUG 2026-06-30 01:08:58 re/_trace.py:47 close.started
DEBUG 2026-06-30 01:08:58 re/_trace.py:47 close.complete
DEBUG 2026-06-30 01:08:58 re/_trace.py:47 close.started
DEBUG 2026-06-30 01:08:58 re/_trace.py:47 close.complete
DEBUG 2026-06-30 01:08:58 re/_trace.py:47 close.started
DEBUG 2026-06-30 01:08:58 re/_trace.py:47 close.complete
DEBUG 2026-06-30 01:08:59 re/_trace.py:47 close.started
DEBUG 2026-06-30 01:08:59 re/_trace.py:47 close.complete
DEBUG 2026-06-30 01:08:59 re/_trace.py:47 close.started
DEBUG 2026-06-30 01:08:59 re/_trace.py:47 close.complete
DEBUG 2026-06-30 01:08:59 re/_trace.py:47 close.started
DEBUG 2026-06-30 01:08:59 re/_trace.py:47 close.complete
DEBUG 2026-06-30 01:08:59 re/_trace.py:47 close.started
DEBUG 2026-06-30 01:08:59 re/_trace.py:47 close.complete
DEBUG 2026-06-30 01:08:59 re/_trace.py:47 close.started
DEBUG 2026-06-30 01:08:59 re/_trace.py:47 close.complete
DEBUG 2026-06-30 01:08:59 re/_trace.py:47 close.started
DEBUG 2026-06-30 01:08:59 re/_trace.py:47 close.complete
DEBUG 2026-06-30 01:11:24 re/_trace.py:47 close.started
DEBUG 2026-06-30 01:11:24 re/_trace.py:47 close.complete
DEBUG 2026-06-30 01:11:24 re/_trace.py:47 close.started
DEBUG 2026-06-30 01:11:24 re/_trace.py:47 close.complete
DEBUG 2026-06-30 01:11:24 re/_trace.py:47 close.started
DEBUG 2026-06-30 01:11:24 re/_trace.py:47 close.complete
DEBUG 2026-06-30 01:11:24 re/_trace.py:47 close.started
DEBUG 2026-06-30 01:11:24 re/_trace.py:47 close.complete
DEBUG 2026-06-30 01:11:24 re/_trace.py:47 close.started
DEBUG 2026-06-30 01:11:24 re/_trace.py:47 close.complete
DEBUG 2026-06-30 01:11:24 re/_trace.py:47 close.started
DEBUG 2026-06-30 01:11:24 re/_trace.py:47 close.complete
DEBUG 2026-06-30 01:11:25 re/_trace.py:47 close.started
DEBUG 2026-06-30 01:11:25 re/_trace.py:47 close.complete
DEBUG 2026-06-30 01:11:25 re/_trace.py:47 close.started
DEBUG 2026-06-30 01:11:25 re/_trace.py:47 close.complete
DEBUG 2026-06-30 01:11:25 re/_trace.py:47 close.started
DEBUG 2026-06-30 01:11:25 re/_trace.py:47 close.complete
DEBUG 2026-06-30 01:11:25 re/_trace.py:47 close.started
DEBUG 2026-06-30 01:11:25 re/_trace.py:47 close.complete
DEBUG 2026-06-30 01:13:50 re/_trace.py:47 close.started
DEBUG 2026-06-30 01:13:50 re/_trace.py:47 close.complete
DEBUG 2026-06-30 01:13:50 re/_trace.py:47 close.started
DEBUG 2026-06-30 01:13:50 re/_trace.py:47 close.complete
DEBUG 2026-06-30 01:13:50 re/_trace.py:47 close.started
DEBUG 2026-06-30 01:13:50 re/_trace.py:47 close.complete
DEBUG 2026-06-30 01:13:50 re/_trace.py:47 close.started
DEBUG 2026-06-30 01:13:50 re/_trace.py:47 close.complete
DEBUG 2026-06-30 01:13:50 re/_trace.py:47 close.started
DEBUG 2026-06-30 01:13:50 re/_trace.py:47 close.complete
DEBUG 2026-06-30 01:13:50 re/_trace.py:47 close.started
DEBUG 2026-06-30 01:13:50 re/_trace.py:47 close.complete
DEBUG 2026-06-30 01:13:50 re/_trace.py:47 close.started
DEBUG 2026-06-30 01:13:50 re/_trace.py:47 close.complete
DEBUG 2026-06-30 01:13:51 re/_trace.py:47 close.started
DEBUG 2026-06-30 01:13:51 re/_trace.py:47 close.complete
DEBUG 2026-06-30 01:13:51 re/_trace.py:47 close.started
DEBUG 2026-06-30 01:13:51 re/_trace.py:47 close.complete
DEBUG 2026-06-30 01:13:51 re/_trace.py:47 close.started
DEBUG 2026-06-30 01:13:51 re/_trace.py:47 close.complete
INFO 2026-06-30 01:15:25 ot_train.py:459 step:21K smpl:13M ep:20K epch:392.81 loss:0.002 grdn:0.048 lr:2.4e-05 updt_s:2.308 data_s:0.425
WARNING 2026-06-30 01:15:25 db_utils.py:181 WandB logging of key "loss_per_dim" was ignored as its type "<class 'list'>" is not handled by this wrapper.
DEBUG 2026-06-30 01:16:15 re/_trace.py:47 close.started
DEBUG 2026-06-30 01:16:15 re/_trace.py:47 close.complete
DEBUG 2026-06-30 01:16:15 re/_trace.py:47 close.started
DEBUG 2026-06-30 01:16:15 re/_trace.py:47 close.complete
DEBUG 2026-06-30 01:16:15 re/_trace.py:47 close.started
DEBUG 2026-06-30 01:16:15 re/_trace.py:47 close.complete
DEBUG 2026-06-30 01:16:15 re/_trace.py:47 close.started
DEBUG 2026-06-30 01:16:15 re/_trace.py:47 close.complete
DEBUG 2026-06-30 01:16:15 re/_trace.py:47 close.started
DEBUG 2026-06-30 01:16:15 re/_trace.py:47 close.complete
DEBUG 2026-06-30 01:16:15 re/_trace.py:47 close.started
DEBUG 2026-06-30 01:16:15 re/_trace.py:47 close.complete
DEBUG 2026-06-30 01:16:15 re/_trace.py:47 close.started
DEBUG 2026-06-30 01:16:15 re/_trace.py:47 close.complete
DEBUG 2026-06-30 01:16:15 re/_trace.py:47 close.started
DEBUG 2026-06-30 01:16:15 re/_trace.py:47 close.complete
DEBUG 2026-06-30 01:16:15 re/_trace.py:47 close.started
DEBUG 2026-06-30 01:16:15 re/_trace.py:47 close.complete
DEBUG 2026-06-30 01:16:15 re/_trace.py:47 close.started
DEBUG 2026-06-30 01:16:15 re/_trace.py:47 close.complete
DEBUG 2026-06-30 01:18:43 re/_trace.py:47 close.started
DEBUG 2026-06-30 01:18:43 re/_trace.py:47 close.complete
DEBUG 2026-06-30 01:18:43 re/_trace.py:47 close.started
DEBUG 2026-06-30 01:18:43 re/_trace.py:47 close.complete
DEBUG 2026-06-30 01:18:43 re/_trace.py:47 close.started
DEBUG 2026-06-30 01:18:43 re/_trace.py:47 close.complete
DEBUG 2026-06-30 01:18:43 re/_trace.py:47 close.started
DEBUG 2026-06-30 01:18:43 re/_trace.py:47 close.complete
DEBUG 2026-06-30 01:18:43 re/_trace.py:47 close.started
DEBUG 2026-06-30 01:18:43 re/_trace.py:47 close.complete
DEBUG 2026-06-30 01:18:44 re/_trace.py:47 close.started
DEBUG 2026-06-30 01:18:44 re/_trace.py:47 close.complete
DEBUG 2026-06-30 01:18:44 re/_trace.py:47 close.started
DEBUG 2026-06-30 01:18:44 re/_trace.py:47 close.complete
DEBUG 2026-06-30 01:18:44 re/_trace.py:47 close.started
DEBUG 2026-06-30 01:18:44 re/_trace.py:47 close.complete
DEBUG 2026-06-30 01:18:44 re/_trace.py:47 close.started
DEBUG 2026-06-30 01:18:44 re/_trace.py:47 close.complete
DEBUG 2026-06-30 01:18:44 re/_trace.py:47 close.started
DEBUG 2026-06-30 01:18:44 re/_trace.py:47 close.complete
DEBUG 2026-06-30 01:21:09 re/_trace.py:47 close.started
DEBUG 2026-06-30 01:21:09 re/_trace.py:47 close.complete
DEBUG 2026-06-30 01:21:09 re/_trace.py:47 close.started
DEBUG 2026-06-30 01:21:09 re/_trace.py:47 close.complete
DEBUG 2026-06-30 01:21:09 re/_trace.py:47 close.started
DEBUG 2026-06-30 01:21:09 re/_trace.py:47 close.complete
DEBUG 2026-06-30 01:21:09 re/_trace.py:47 close.started
DEBUG 2026-06-30 01:21:09 re/_trace.py:47 close.complete
DEBUG 2026-06-30 01:21:10 re/_trace.py:47 close.started
DEBUG 2026-06-30 01:21:10 re/_trace.py:47 close.complete
DEBUG 2026-06-30 01:21:10 re/_trace.py:47 close.started
DEBUG 2026-06-30 01:21:10 re/_trace.py:47 close.complete
DEBUG 2026-06-30 01:21:10 re/_trace.py:47 close.started
DEBUG 2026-06-30 01:21:10 re/_trace.py:47 close.complete
DEBUG 2026-06-30 01:21:10 re/_trace.py:47 close.started
DEBUG 2026-06-30 01:21:10 re/_trace.py:47 close.complete
DEBUG 2026-06-30 01:21:10 re/_trace.py:47 close.started
DEBUG 2026-06-30 01:21:10 re/_trace.py:47 close.complete
DEBUG 2026-06-30 01:21:10 re/_trace.py:47 close.started
DEBUG 2026-06-30 01:21:10 re/_trace.py:47 close.complete
DEBUG 2026-06-30 01:23:35 re/_trace.py:47 close.started
DEBUG 2026-06-30 01:23:35 re/_trace.py:47 close.complete
DEBUG 2026-06-30 01:23:35 re/_trace.py:47 close.started
DEBUG 2026-06-30 01:23:35 re/_trace.py:47 close.complete
DEBUG 2026-06-30 01:23:35 re/_trace.py:47 close.started
DEBUG 2026-06-30 01:23:35 re/_trace.py:47 close.complete
DEBUG 2026-06-30 01:23:35 re/_trace.py:47 close.started
DEBUG 2026-06-30 01:23:35 re/_trace.py:47 close.complete
DEBUG 2026-06-30 01:23:35 re/_trace.py:47 close.started
DEBUG 2026-06-30 01:23:35 re/_trace.py:47 close.complete
DEBUG 2026-06-30 01:23:35 re/_trace.py:47 close.started
DEBUG 2026-06-30 01:23:35 re/_trace.py:47 close.complete
DEBUG 2026-06-30 01:23:35 re/_trace.py:47 close.started
DEBUG 2026-06-30 01:23:35 re/_trace.py:47 close.complete
DEBUG 2026-06-30 01:23:35 re/_trace.py:47 close.started
DEBUG 2026-06-30 01:23:35 re/_trace.py:47 close.complete
DEBUG 2026-06-30 01:23:35 re/_trace.py:47 close.started
DEBUG 2026-06-30 01:23:35 re/_trace.py:47 close.complete
DEBUG 2026-06-30 01:23:35 re/_trace.py:47 close.started
DEBUG 2026-06-30 01:23:35 re/_trace.py:47 close.complete
INFO 2026-06-30 01:24:33 ot_train.py:459 step:21K smpl:13M ep:20K epch:396.51 loss:0.002 grdn:0.049 lr:2.3e-05 updt_s:2.325 data_s:0.412
WARNING 2026-06-30 01:24:33 db_utils.py:181 WandB logging of key "loss_per_dim" was ignored as its type "<class 'list'>" is not handled by this wrapper.
DEBUG 2026-06-30 01:26:01 re/_trace.py:47 close.started
DEBUG 2026-06-30 01:26:01 re/_trace.py:47 close.complete
DEBUG 2026-06-30 01:26:01 re/_trace.py:47 close.started
DEBUG 2026-06-30 01:26:01 re/_trace.py:47 close.complete
DEBUG 2026-06-30 01:26:01 re/_trace.py:47 close.started
DEBUG 2026-06-30 01:26:01 re/_trace.py:47 close.complete
DEBUG 2026-06-30 01:26:01 re/_trace.py:47 close.started
DEBUG 2026-06-30 01:26:01 re/_trace.py:47 close.complete
DEBUG 2026-06-30 01:26:01 re/_trace.py:47 close.started
DEBUG 2026-06-30 01:26:01 re/_trace.py:47 close.complete
DEBUG 2026-06-30 01:26:01 re/_trace.py:47 close.started
DEBUG 2026-06-30 01:26:01 re/_trace.py:47 close.complete
DEBUG 2026-06-30 01:26:01 re/_trace.py:47 close.started
DEBUG 2026-06-30 01:26:01 re/_trace.py:47 close.complete
DEBUG 2026-06-30 01:26:01 re/_trace.py:47 close.started
DEBUG 2026-06-30 01:26:01 re/_trace.py:47 close.complete
DEBUG 2026-06-30 01:26:01 re/_trace.py:47 close.started
DEBUG 2026-06-30 01:26:01 re/_trace.py:47 close.complete
DEBUG 2026-06-30 01:26:01 re/_trace.py:47 close.started
DEBUG 2026-06-30 01:26:01 re/_trace.py:47 close.complete
DEBUG 2026-06-30 01:28:26 re/_trace.py:47 close.started
DEBUG 2026-06-30 01:28:26 re/_trace.py:47 close.complete
DEBUG 2026-06-30 01:28:26 re/_trace.py:47 close.started
DEBUG 2026-06-30 01:28:26 re/_trace.py:47 close.complete
DEBUG 2026-06-30 01:28:26 re/_trace.py:47 close.started
DEBUG 2026-06-30 01:28:26 re/_trace.py:47 close.complete
DEBUG 2026-06-30 01:28:26 re/_trace.py:47 close.started
DEBUG 2026-06-30 01:28:26 re/_trace.py:47 close.complete
DEBUG 2026-06-30 01:28:26 re/_trace.py:47 close.started
DEBUG 2026-06-30 01:28:26 re/_trace.py:47 close.complete
DEBUG 2026-06-30 01:28:26 re/_trace.py:47 close.started
DEBUG 2026-06-30 01:28:26 re/_trace.py:47 close.complete
DEBUG 2026-06-30 01:28:26 re/_trace.py:47 close.started
DEBUG 2026-06-30 01:28:26 re/_trace.py:47 close.complete
DEBUG 2026-06-30 01:28:27 re/_trace.py:47 close.started
DEBUG 2026-06-30 01:28:27 re/_trace.py:47 close.complete
DEBUG 2026-06-30 01:28:27 re/_trace.py:47 close.started
DEBUG 2026-06-30 01:28:27 re/_trace.py:47 close.complete
DEBUG 2026-06-30 01:28:27 re/_trace.py:47 close.started
DEBUG 2026-06-30 01:28:27 re/_trace.py:47 close.complete
DEBUG 2026-06-30 01:30:53 re/_trace.py:47 close.started
DEBUG 2026-06-30 01:30:53 re/_trace.py:47 close.complete
DEBUG 2026-06-30 01:30:53 re/_trace.py:47 close.started
DEBUG 2026-06-30 01:30:53 re/_trace.py:47 close.complete
DEBUG 2026-06-30 01:30:53 re/_trace.py:47 close.started
DEBUG 2026-06-30 01:30:53 re/_trace.py:47 close.complete
DEBUG 2026-06-30 01:30:53 re/_trace.py:47 close.started
DEBUG 2026-06-30 01:30:53 re/_trace.py:47 close.complete
DEBUG 2026-06-30 01:30:53 re/_trace.py:47 close.started
DEBUG 2026-06-30 01:30:53 re/_trace.py:47 close.complete
DEBUG 2026-06-30 01:30:53 re/_trace.py:47 close.started
DEBUG 2026-06-30 01:30:53 re/_trace.py:47 close.complete
DEBUG 2026-06-30 01:30:53 re/_trace.py:47 close.started
DEBUG 2026-06-30 01:30:53 re/_trace.py:47 close.complete
DEBUG 2026-06-30 01:30:53 re/_trace.py:47 close.started
DEBUG 2026-06-30 01:30:53 re/_trace.py:47 close.complete
DEBUG 2026-06-30 01:30:53 re/_trace.py:47 close.started
DEBUG 2026-06-30 01:30:53 re/_trace.py:47 close.complete
DEBUG 2026-06-30 01:30:53 re/_trace.py:47 close.started
DEBUG 2026-06-30 01:30:53 re/_trace.py:47 close.complete
INFO 2026-06-30 01:33:20 ot_train.py:459 step:22K smpl:13M ep:20K epch:400.22 loss:0.002 grdn:0.048 lr:2.2e-05 updt_s:2.372 data_s:0.262
WARNING 2026-06-30 01:33:20 db_utils.py:181 WandB logging of key "loss_per_dim" was ignored as its type "<class 'list'>" is not handled by this wrapper.
DEBUG 2026-06-30 01:33:20 re/_trace.py:47 close.started
DEBUG 2026-06-30 01:33:20 re/_trace.py:47 close.complete
DEBUG 2026-06-30 01:33:21 re/_trace.py:47 close.started
DEBUG 2026-06-30 01:33:21 re/_trace.py:47 close.complete
DEBUG 2026-06-30 01:33:21 re/_trace.py:47 close.started
DEBUG 2026-06-30 01:33:21 re/_trace.py:47 close.complete
DEBUG 2026-06-30 01:33:21 re/_trace.py:47 close.started
DEBUG 2026-06-30 01:33:21 re/_trace.py:47 close.complete
DEBUG 2026-06-30 01:33:21 re/_trace.py:47 close.started
DEBUG 2026-06-30 01:33:21 re/_trace.py:47 close.complete
DEBUG 2026-06-30 01:33:21 re/_trace.py:47 close.started
DEBUG 2026-06-30 01:33:21 re/_trace.py:47 close.complete
DEBUG 2026-06-30 01:33:21 re/_trace.py:47 close.started
DEBUG 2026-06-30 01:33:21 re/_trace.py:47 close.complete
DEBUG 2026-06-30 01:33:21 re/_trace.py:47 close.started
DEBUG 2026-06-30 01:33:21 re/_trace.py:47 close.complete
DEBUG 2026-06-30 01:33:21 re/_trace.py:47 close.started
DEBUG 2026-06-30 01:33:21 re/_trace.py:47 close.complete
DEBUG 2026-06-30 01:33:21 re/_trace.py:47 close.started
DEBUG 2026-06-30 01:33:21 re/_trace.py:47 close.complete
DEBUG 2026-06-30 01:35:48 re/_trace.py:47 close.started
DEBUG 2026-06-30 01:35:48 re/_trace.py:47 close.complete
DEBUG 2026-06-30 01:35:48 re/_trace.py:47 close.started
DEBUG 2026-06-30 01:35:48 re/_trace.py:47 close.complete
DEBUG 2026-06-30 01:35:48 re/_trace.py:47 close.started
DEBUG 2026-06-30 01:35:48 re/_trace.py:47 close.complete
DEBUG 2026-06-30 01:35:48 re/_trace.py:47 close.started
DEBUG 2026-06-30 01:35:48 re/_trace.py:47 close.complete
DEBUG 2026-06-30 01:35:48 re/_trace.py:47 close.started
DEBUG 2026-06-30 01:35:48 re/_trace.py:47 close.complete
DEBUG 2026-06-30 01:35:48 re/_trace.py:47 close.started
DEBUG 2026-06-30 01:35:48 re/_trace.py:47 close.complete
DEBUG 2026-06-30 01:35:48 re/_trace.py:47 close.started
DEBUG 2026-06-30 01:35:48 re/_trace.py:47 close.complete
DEBUG 2026-06-30 01:35:48 re/_trace.py:47 close.started
DEBUG 2026-06-30 01:35:48 re/_trace.py:47 close.complete
DEBUG 2026-06-30 01:35:48 re/_trace.py:47 close.started
DEBUG 2026-06-30 01:35:48 re/_trace.py:47 close.complete
DEBUG 2026-06-30 01:35:49 re/_trace.py:47 close.started
DEBUG 2026-06-30 01:35:49 re/_trace.py:47 close.complete
DEBUG 2026-06-30 01:38:15 re/_trace.py:47 close.started
DEBUG 2026-06-30 01:38:15 re/_trace.py:47 close.complete
DEBUG 2026-06-30 01:38:15 re/_trace.py:47 close.started
DEBUG 2026-06-30 01:38:15 re/_trace.py:47 close.complete
DEBUG 2026-06-30 01:38:15 re/_trace.py:47 close.started
DEBUG 2026-06-30 01:38:15 re/_trace.py:47 close.complete
DEBUG 2026-06-30 01:38:15 re/_trace.py:47 close.started
DEBUG 2026-06-30 01:38:15 re/_trace.py:47 close.complete
DEBUG 2026-06-30 01:38:15 re/_trace.py:47 close.started
DEBUG 2026-06-30 01:38:15 re/_trace.py:47 close.complete
DEBUG 2026-06-30 01:38:15 re/_trace.py:47 close.started
DEBUG 2026-06-30 01:38:15 re/_trace.py:47 close.complete
DEBUG 2026-06-30 01:38:15 re/_trace.py:47 close.started
DEBUG 2026-06-30 01:38:15 re/_trace.py:47 close.complete
DEBUG 2026-06-30 01:38:15 re/_trace.py:47 close.started
DEBUG 2026-06-30 01:38:15 re/_trace.py:47 close.complete
DEBUG 2026-06-30 01:38:15 re/_trace.py:47 close.started
DEBUG 2026-06-30 01:38:15 re/_trace.py:47 close.complete
DEBUG 2026-06-30 01:38:15 re/_trace.py:47 close.started
DEBUG 2026-06-30 01:38:15 re/_trace.py:47 close.complete
DEBUG 2026-06-30 01:40:42 re/_trace.py:47 close.started
DEBUG 2026-06-30 01:40:42 re/_trace.py:47 close.complete
DEBUG 2026-06-30 01:40:42 re/_trace.py:47 close.started
DEBUG 2026-06-30 01:40:42 re/_trace.py:47 close.complete
DEBUG 2026-06-30 01:40:42 re/_trace.py:47 close.started
DEBUG 2026-06-30 01:40:42 re/_trace.py:47 close.complete
DEBUG 2026-06-30 01:40:42 re/_trace.py:47 close.started
DEBUG 2026-06-30 01:40:42 re/_trace.py:47 close.complete
DEBUG 2026-06-30 01:40:42 re/_trace.py:47 close.started
DEBUG 2026-06-30 01:40:42 re/_trace.py:47 close.complete
DEBUG 2026-06-30 01:40:42 re/_trace.py:47 close.started
DEBUG 2026-06-30 01:40:42 re/_trace.py:47 close.complete
DEBUG 2026-06-30 01:40:42 re/_trace.py:47 close.started
DEBUG 2026-06-30 01:40:42 re/_trace.py:47 close.complete
DEBUG 2026-06-30 01:40:42 re/_trace.py:47 close.started
DEBUG 2026-06-30 01:40:42 re/_trace.py:47 close.complete
DEBUG 2026-06-30 01:40:42 re/_trace.py:47 close.started
DEBUG 2026-06-30 01:40:42 re/_trace.py:47 close.complete
DEBUG 2026-06-30 01:40:42 re/_trace.py:47 close.started
DEBUG 2026-06-30 01:40:42 re/_trace.py:47 close.complete
INFO 2026-06-30 01:42:31 ot_train.py:459 step:22K smpl:13M ep:20K epch:403.93 loss:0.002 grdn:0.048 lr:2.2e-05 updt_s:2.404 data_s:0.345
WARNING 2026-06-30 01:42:31 db_utils.py:181 WandB logging of key "loss_per_dim" was ignored as its type "<class 'list'>" is not handled by this wrapper.
DEBUG 2026-06-30 01:43:08 re/_trace.py:47 close.started
DEBUG 2026-06-30 01:43:08 re/_trace.py:47 close.complete
DEBUG 2026-06-30 01:43:08 re/_trace.py:47 close.started
DEBUG 2026-06-30 01:43:08 re/_trace.py:47 close.complete
DEBUG 2026-06-30 01:43:08 re/_trace.py:47 close.started
DEBUG 2026-06-30 01:43:08 re/_trace.py:47 close.complete
DEBUG 2026-06-30 01:43:08 re/_trace.py:47 close.started
DEBUG 2026-06-30 01:43:08 re/_trace.py:47 close.complete
DEBUG 2026-06-30 01:43:08 re/_trace.py:47 close.started
DEBUG 2026-06-30 01:43:08 re/_trace.py:47 close.complete
DEBUG 2026-06-30 01:43:08 re/_trace.py:47 close.started
DEBUG 2026-06-30 01:43:08 re/_trace.py:47 close.complete
DEBUG 2026-06-30 01:43:08 re/_trace.py:47 close.started
DEBUG 2026-06-30 01:43:08 re/_trace.py:47 close.complete
DEBUG 2026-06-30 01:43:08 re/_trace.py:47 close.started
DEBUG 2026-06-30 01:43:08 re/_trace.py:47 close.complete
DEBUG 2026-06-30 01:43:08 re/_trace.py:47 close.started
DEBUG 2026-06-30 01:43:08 re/_trace.py:47 close.complete
DEBUG 2026-06-30 01:43:09 re/_trace.py:47 close.started
DEBUG 2026-06-30 01:43:09 re/_trace.py:47 close.complete
DEBUG 2026-06-30 01:45:34 re/_trace.py:47 close.started
DEBUG 2026-06-30 01:45:34 re/_trace.py:47 close.complete
DEBUG 2026-06-30 01:45:34 re/_trace.py:47 close.started
DEBUG 2026-06-30 01:45:34 re/_trace.py:47 close.complete
DEBUG 2026-06-30 01:45:34 re/_trace.py:47 close.started
DEBUG 2026-06-30 01:45:34 re/_trace.py:47 close.complete
DEBUG 2026-06-30 01:45:34 re/_trace.py:47 close.started
DEBUG 2026-06-30 01:45:34 re/_trace.py:47 close.complete
DEBUG 2026-06-30 01:45:34 re/_trace.py:47 close.started
DEBUG 2026-06-30 01:45:34 re/_trace.py:47 close.complete
DEBUG 2026-06-30 01:45:34 re/_trace.py:47 close.started
DEBUG 2026-06-30 01:45:34 re/_trace.py:47 close.complete
DEBUG 2026-06-30 01:45:34 re/_trace.py:47 close.started
DEBUG 2026-06-30 01:45:34 re/_trace.py:47 close.complete
DEBUG 2026-06-30 01:45:34 re/_trace.py:47 close.started
DEBUG 2026-06-30 01:45:34 re/_trace.py:47 close.complete
DEBUG 2026-06-30 01:45:35 re/_trace.py:47 close.started
DEBUG 2026-06-30 01:45:35 re/_trace.py:47 close.complete
DEBUG 2026-06-30 01:45:35 re/_trace.py:47 close.started
DEBUG 2026-06-30 01:45:35 re/_trace.py:47 close.complete
DEBUG 2026-06-30 01:48:01 re/_trace.py:47 close.started
DEBUG 2026-06-30 01:48:01 re/_trace.py:47 close.complete
DEBUG 2026-06-30 01:48:01 re/_trace.py:47 close.started
DEBUG 2026-06-30 01:48:01 re/_trace.py:47 close.complete
DEBUG 2026-06-30 01:48:01 re/_trace.py:47 close.started
DEBUG 2026-06-30 01:48:01 re/_trace.py:47 close.complete
DEBUG 2026-06-30 01:48:01 re/_trace.py:47 close.started
DEBUG 2026-06-30 01:48:01 re/_trace.py:47 close.complete
DEBUG 2026-06-30 01:48:01 re/_trace.py:47 close.started
DEBUG 2026-06-30 01:48:01 re/_trace.py:47 close.complete
DEBUG 2026-06-30 01:48:01 re/_trace.py:47 close.started
DEBUG 2026-06-30 01:48:01 re/_trace.py:47 close.complete
DEBUG 2026-06-30 01:48:01 re/_trace.py:47 close.started
DEBUG 2026-06-30 01:48:01 re/_trace.py:47 close.complete
DEBUG 2026-06-30 01:48:01 re/_trace.py:47 close.started
DEBUG 2026-06-30 01:48:01 re/_trace.py:47 close.complete
DEBUG 2026-06-30 01:48:01 re/_trace.py:47 close.started
DEBUG 2026-06-30 01:48:01 re/_trace.py:47 close.complete
DEBUG 2026-06-30 01:48:01 re/_trace.py:47 close.started
DEBUG 2026-06-30 01:48:01 re/_trace.py:47 close.complete
DEBUG 2026-06-30 01:50:27 re/_trace.py:47 close.started
DEBUG 2026-06-30 01:50:27 re/_trace.py:47 close.complete
DEBUG 2026-06-30 01:50:27 re/_trace.py:47 close.started
DEBUG 2026-06-30 01:50:27 re/_trace.py:47 close.complete
DEBUG 2026-06-30 01:50:27 re/_trace.py:47 close.started
DEBUG 2026-06-30 01:50:27 re/_trace.py:47 close.complete
DEBUG 2026-06-30 01:50:27 re/_trace.py:47 close.started
DEBUG 2026-06-30 01:50:27 re/_trace.py:47 close.complete
DEBUG 2026-06-30 01:50:27 re/_trace.py:47 close.started
DEBUG 2026-06-30 01:50:27 re/_trace.py:47 close.complete
DEBUG 2026-06-30 01:50:28 re/_trace.py:47 close.started
DEBUG 2026-06-30 01:50:28 re/_trace.py:47 close.complete
DEBUG 2026-06-30 01:50:28 re/_trace.py:47 close.started
DEBUG 2026-06-30 01:50:28 re/_trace.py:47 close.complete
DEBUG 2026-06-30 01:50:28 re/_trace.py:47 close.started
DEBUG 2026-06-30 01:50:28 re/_trace.py:47 close.complete
DEBUG 2026-06-30 01:50:28 re/_trace.py:47 close.started
DEBUG 2026-06-30 01:50:28 re/_trace.py:47 close.complete
DEBUG 2026-06-30 01:50:28 re/_trace.py:47 close.started
DEBUG 2026-06-30 01:50:28 re/_trace.py:47 close.complete
INFO 2026-06-30 01:51:40 ot_train.py:459 step:22K smpl:13M ep:20K epch:407.63 loss:0.002 grdn:0.048 lr:2.1e-05 updt_s:2.376 data_s:0.365
WARNING 2026-06-30 01:51:40 db_utils.py:181 WandB logging of key "loss_per_dim" was ignored as its type "<class 'list'>" is not handled by this wrapper.
DEBUG 2026-06-30 01:52:52 re/_trace.py:47 close.started
DEBUG 2026-06-30 01:52:52 re/_trace.py:47 close.complete
DEBUG 2026-06-30 01:52:52 re/_trace.py:47 close.started
DEBUG 2026-06-30 01:52:52 re/_trace.py:47 close.complete
DEBUG 2026-06-30 01:52:52 re/_trace.py:47 close.started
DEBUG 2026-06-30 01:52:52 re/_trace.py:47 close.complete
DEBUG 2026-06-30 01:52:52 re/_trace.py:47 close.started
DEBUG 2026-06-30 01:52:52 re/_trace.py:47 close.complete
DEBUG 2026-06-30 01:52:53 re/_trace.py:47 close.started
DEBUG 2026-06-30 01:52:53 re/_trace.py:47 close.complete
DEBUG 2026-06-30 01:52:53 re/_trace.py:47 close.started
DEBUG 2026-06-30 01:52:53 re/_trace.py:47 close.complete
DEBUG 2026-06-30 01:52:53 re/_trace.py:47 close.started
DEBUG 2026-06-30 01:52:53 re/_trace.py:47 close.complete
DEBUG 2026-06-30 01:52:53 re/_trace.py:47 close.started
DEBUG 2026-06-30 01:52:53 re/_trace.py:47 close.complete
DEBUG 2026-06-30 01:52:53 re/_trace.py:47 close.started
DEBUG 2026-06-30 01:52:53 re/_trace.py:47 close.complete
DEBUG 2026-06-30 01:52:53 re/_trace.py:47 close.started
DEBUG 2026-06-30 01:52:53 re/_trace.py:47 close.complete
DEBUG 2026-06-30 01:55:19 re/_trace.py:47 close.started
DEBUG 2026-06-30 01:55:19 re/_trace.py:47 close.complete
DEBUG 2026-06-30 01:55:19 re/_trace.py:47 close.started
DEBUG 2026-06-30 01:55:19 re/_trace.py:47 close.complete
DEBUG 2026-06-30 01:55:19 re/_trace.py:47 close.started
DEBUG 2026-06-30 01:55:19 re/_trace.py:47 close.complete
DEBUG 2026-06-30 01:55:19 re/_trace.py:47 close.started
DEBUG 2026-06-30 01:55:19 re/_trace.py:47 close.complete
DEBUG 2026-06-30 01:55:19 re/_trace.py:47 close.started
DEBUG 2026-06-30 01:55:19 re/_trace.py:47 close.complete
DEBUG 2026-06-30 01:55:19 re/_trace.py:47 close.started
DEBUG 2026-06-30 01:55:19 re/_trace.py:47 close.complete
DEBUG 2026-06-30 01:55:19 re/_trace.py:47 close.started
DEBUG 2026-06-30 01:55:19 re/_trace.py:47 close.complete
DEBUG 2026-06-30 01:55:19 re/_trace.py:47 close.started
DEBUG 2026-06-30 01:55:19 re/_trace.py:47 close.complete
DEBUG 2026-06-30 01:55:19 re/_trace.py:47 close.started
DEBUG 2026-06-30 01:55:19 re/_trace.py:47 close.complete
DEBUG 2026-06-30 01:55:19 re/_trace.py:47 close.started
DEBUG 2026-06-30 01:55:19 re/_trace.py:47 close.complete
DEBUG 2026-06-30 01:57:46 re/_trace.py:47 close.started
DEBUG 2026-06-30 01:57:46 re/_trace.py:47 close.complete
DEBUG 2026-06-30 01:57:46 re/_trace.py:47 close.started
DEBUG 2026-06-30 01:57:46 re/_trace.py:47 close.complete
DEBUG 2026-06-30 01:57:46 re/_trace.py:47 close.started
DEBUG 2026-06-30 01:57:46 re/_trace.py:47 close.complete
DEBUG 2026-06-30 01:57:46 re/_trace.py:47 close.started
DEBUG 2026-06-30 01:57:46 re/_trace.py:47 close.complete
DEBUG 2026-06-30 01:57:46 re/_trace.py:47 close.started
DEBUG 2026-06-30 01:57:46 re/_trace.py:47 close.complete
DEBUG 2026-06-30 01:57:46 re/_trace.py:47 close.started
DEBUG 2026-06-30 01:57:46 re/_trace.py:47 close.complete
DEBUG 2026-06-30 01:57:46 re/_trace.py:47 close.started
DEBUG 2026-06-30 01:57:46 re/_trace.py:47 close.complete
DEBUG 2026-06-30 01:57:46 re/_trace.py:47 close.started
DEBUG 2026-06-30 01:57:46 re/_trace.py:47 close.complete
DEBUG 2026-06-30 01:57:46 re/_trace.py:47 close.started
DEBUG 2026-06-30 01:57:46 re/_trace.py:47 close.complete
DEBUG 2026-06-30 01:57:46 re/_trace.py:47 close.started
DEBUG 2026-06-30 01:57:46 re/_trace.py:47 close.complete
DEBUG 2026-06-30 02:00:13 re/_trace.py:47 close.started
DEBUG 2026-06-30 02:00:13 re/_trace.py:47 close.complete
DEBUG 2026-06-30 02:00:13 re/_trace.py:47 close.started
DEBUG 2026-06-30 02:00:13 re/_trace.py:47 close.complete
DEBUG 2026-06-30 02:00:13 re/_trace.py:47 close.started
DEBUG 2026-06-30 02:00:13 re/_trace.py:47 close.complete
DEBUG 2026-06-30 02:00:13 re/_trace.py:47 close.started
DEBUG 2026-06-30 02:00:13 re/_trace.py:47 close.complete
DEBUG 2026-06-30 02:00:13 re/_trace.py:47 close.started
DEBUG 2026-06-30 02:00:13 re/_trace.py:47 close.complete
DEBUG 2026-06-30 02:00:13 re/_trace.py:47 close.started
DEBUG 2026-06-30 02:00:13 re/_trace.py:47 close.complete
DEBUG 2026-06-30 02:00:13 re/_trace.py:47 close.started
DEBUG 2026-06-30 02:00:13 re/_trace.py:47 close.complete
DEBUG 2026-06-30 02:00:13 re/_trace.py:47 close.started
DEBUG 2026-06-30 02:00:13 re/_trace.py:47 close.complete
DEBUG 2026-06-30 02:00:13 re/_trace.py:47 close.started
DEBUG 2026-06-30 02:00:13 re/_trace.py:47 close.complete
DEBUG 2026-06-30 02:00:13 re/_trace.py:47 close.started
DEBUG 2026-06-30 02:00:13 re/_trace.py:47 close.complete
INFO 2026-06-30 02:00:49 ot_train.py:459 step:22K smpl:13M ep:21K epch:411.34 loss:0.002 grdn:0.046 lr:2.0e-05 updt_s:2.428 data_s:0.313
WARNING 2026-06-30 02:00:49 db_utils.py:181 WandB logging of key "loss_per_dim" was ignored as its type "<class 'list'>" is not handled by this wrapper.
DEBUG 2026-06-30 02:02:41 re/_trace.py:47 close.started
DEBUG 2026-06-30 02:02:41 re/_trace.py:47 close.complete
DEBUG 2026-06-30 02:02:41 re/_trace.py:47 close.started
DEBUG 2026-06-30 02:02:41 re/_trace.py:47 close.complete
DEBUG 2026-06-30 02:02:41 re/_trace.py:47 close.started
DEBUG 2026-06-30 02:02:41 re/_trace.py:47 close.complete
DEBUG 2026-06-30 02:02:41 re/_trace.py:47 close.started
DEBUG 2026-06-30 02:02:41 re/_trace.py:47 close.complete
DEBUG 2026-06-30 02:02:41 re/_trace.py:47 close.started
DEBUG 2026-06-30 02:02:41 re/_trace.py:47 close.complete
DEBUG 2026-06-30 02:02:41 re/_trace.py:47 close.started
DEBUG 2026-06-30 02:02:41 re/_trace.py:47 close.complete
DEBUG 2026-06-30 02:02:41 re/_trace.py:47 close.started
DEBUG 2026-06-30 02:02:41 re/_trace.py:47 close.complete
DEBUG 2026-06-30 02:02:41 re/_trace.py:47 close.started
DEBUG 2026-06-30 02:02:41 re/_trace.py:47 close.complete
DEBUG 2026-06-30 02:02:41 re/_trace.py:47 close.started
DEBUG 2026-06-30 02:02:41 re/_trace.py:47 close.complete
DEBUG 2026-06-30 02:02:41 re/_trace.py:47 close.started
DEBUG 2026-06-30 02:02:41 re/_trace.py:47 close.complete
DEBUG 2026-06-30 02:05:07 re/_trace.py:47 close.started
DEBUG 2026-06-30 02:05:07 re/_trace.py:47 close.complete
DEBUG 2026-06-30 02:05:07 re/_trace.py:47 close.started
DEBUG 2026-06-30 02:05:07 re/_trace.py:47 close.complete
DEBUG 2026-06-30 02:05:07 re/_trace.py:47 close.started
DEBUG 2026-06-30 02:05:07 re/_trace.py:47 close.complete
DEBUG 2026-06-30 02:05:07 re/_trace.py:47 close.started
DEBUG 2026-06-30 02:05:07 re/_trace.py:47 close.complete
DEBUG 2026-06-30 02:05:07 re/_trace.py:47 close.started
DEBUG 2026-06-30 02:05:07 re/_trace.py:47 close.complete
DEBUG 2026-06-30 02:05:07 re/_trace.py:47 close.started
DEBUG 2026-06-30 02:05:07 re/_trace.py:47 close.complete
DEBUG 2026-06-30 02:05:07 re/_trace.py:47 close.started
DEBUG 2026-06-30 02:05:07 re/_trace.py:47 close.complete
DEBUG 2026-06-30 02:05:07 re/_trace.py:47 close.started
DEBUG 2026-06-30 02:05:07 re/_trace.py:47 close.complete
DEBUG 2026-06-30 02:05:07 re/_trace.py:47 close.started
DEBUG 2026-06-30 02:05:07 re/_trace.py:47 close.complete
DEBUG 2026-06-30 02:05:07 re/_trace.py:47 close.started
DEBUG 2026-06-30 02:05:07 re/_trace.py:47 close.complete
DEBUG 2026-06-30 02:07:33 re/_trace.py:47 close.started
DEBUG 2026-06-30 02:07:33 re/_trace.py:47 close.complete
DEBUG 2026-06-30 02:07:33 re/_trace.py:47 close.started
DEBUG 2026-06-30 02:07:33 re/_trace.py:47 close.complete
DEBUG 2026-06-30 02:07:33 re/_trace.py:47 close.started
DEBUG 2026-06-30 02:07:33 re/_trace.py:47 close.complete
DEBUG 2026-06-30 02:07:33 re/_trace.py:47 close.started
DEBUG 2026-06-30 02:07:33 re/_trace.py:47 close.complete
DEBUG 2026-06-30 02:07:33 re/_trace.py:47 close.started
DEBUG 2026-06-30 02:07:33 re/_trace.py:47 close.complete
DEBUG 2026-06-30 02:07:33 re/_trace.py:47 close.started
DEBUG 2026-06-30 02:07:33 re/_trace.py:47 close.complete
DEBUG 2026-06-30 02:07:33 re/_trace.py:47 close.started
DEBUG 2026-06-30 02:07:33 re/_trace.py:47 close.complete
DEBUG 2026-06-30 02:07:33 re/_trace.py:47 close.started
DEBUG 2026-06-30 02:07:33 re/_trace.py:47 close.complete
DEBUG 2026-06-30 02:07:33 re/_trace.py:47 close.started
DEBUG 2026-06-30 02:07:33 re/_trace.py:47 close.complete
DEBUG 2026-06-30 02:07:33 re/_trace.py:47 close.started
DEBUG 2026-06-30 02:07:33 re/_trace.py:47 close.complete
INFO 2026-06-30 02:09:34 ot_train.py:459 step:22K smpl:14M ep:21K epch:415.04 loss:0.002 grdn:0.045 lr:1.9e-05 updt_s:2.351 data_s:0.273
WARNING 2026-06-30 02:09:34 db_utils.py:181 WandB logging of key "loss_per_dim" was ignored as its type "<class 'list'>" is not handled by this wrapper.
DEBUG 2026-06-30 02:09:58 re/_trace.py:47 close.started
DEBUG 2026-06-30 02:09:58 re/_trace.py:47 close.complete
DEBUG 2026-06-30 02:09:58 re/_trace.py:47 close.started
DEBUG 2026-06-30 02:09:58 re/_trace.py:47 close.complete
DEBUG 2026-06-30 02:09:58 re/_trace.py:47 close.started
DEBUG 2026-06-30 02:09:58 re/_trace.py:47 close.complete
DEBUG 2026-06-30 02:09:58 re/_trace.py:47 close.started
DEBUG 2026-06-30 02:09:58 re/_trace.py:47 close.complete
DEBUG 2026-06-30 02:09:58 re/_trace.py:47 close.started
DEBUG 2026-06-30 02:09:58 re/_trace.py:47 close.complete
DEBUG 2026-06-30 02:09:58 re/_trace.py:47 close.started
DEBUG 2026-06-30 02:09:58 re/_trace.py:47 close.complete
DEBUG 2026-06-30 02:09:58 re/_trace.py:47 close.started
DEBUG 2026-06-30 02:09:58 re/_trace.py:47 close.complete
DEBUG 2026-06-30 02:09:58 re/_trace.py:47 close.started
DEBUG 2026-06-30 02:09:58 re/_trace.py:47 close.complete
DEBUG 2026-06-30 02:09:58 re/_trace.py:47 close.started
DEBUG 2026-06-30 02:09:58 re/_trace.py:47 close.complete
DEBUG 2026-06-30 02:09:58 re/_trace.py:47 close.started
DEBUG 2026-06-30 02:09:58 re/_trace.py:47 close.complete
DEBUG 2026-06-30 02:12:24 re/_trace.py:47 close.started
DEBUG 2026-06-30 02:12:24 re/_trace.py:47 close.complete
DEBUG 2026-06-30 02:12:24 re/_trace.py:47 close.started
DEBUG 2026-06-30 02:12:24 re/_trace.py:47 close.complete
DEBUG 2026-06-30 02:12:24 re/_trace.py:47 close.started
DEBUG 2026-06-30 02:12:24 re/_trace.py:47 close.complete
DEBUG 2026-06-30 02:12:24 re/_trace.py:47 close.started
DEBUG 2026-06-30 02:12:24 re/_trace.py:47 close.complete
DEBUG 2026-06-30 02:12:24 re/_trace.py:47 close.started
DEBUG 2026-06-30 02:12:24 re/_trace.py:47 close.complete
DEBUG 2026-06-30 02:12:24 re/_trace.py:47 close.started
DEBUG 2026-06-30 02:12:24 re/_trace.py:47 close.complete
DEBUG 2026-06-30 02:12:24 re/_trace.py:47 close.started
DEBUG 2026-06-30 02:12:24 re/_trace.py:47 close.complete
DEBUG 2026-06-30 02:12:24 re/_trace.py:47 close.started
DEBUG 2026-06-30 02:12:24 re/_trace.py:47 close.complete
DEBUG 2026-06-30 02:12:24 re/_trace.py:47 close.started
DEBUG 2026-06-30 02:12:24 re/_trace.py:47 close.complete
DEBUG 2026-06-30 02:12:24 re/_trace.py:47 close.started
DEBUG 2026-06-30 02:12:24 re/_trace.py:47 close.complete
DEBUG 2026-06-30 02:14:50 re/_trace.py:47 close.started
DEBUG 2026-06-30 02:14:50 re/_trace.py:47 close.complete
DEBUG 2026-06-30 02:14:50 re/_trace.py:47 close.started
DEBUG 2026-06-30 02:14:50 re/_trace.py:47 close.complete
DEBUG 2026-06-30 02:14:50 re/_trace.py:47 close.started
DEBUG 2026-06-30 02:14:50 re/_trace.py:47 close.complete
DEBUG 2026-06-30 02:14:50 re/_trace.py:47 close.started
DEBUG 2026-06-30 02:14:50 re/_trace.py:47 close.complete
DEBUG 2026-06-30 02:14:50 re/_trace.py:47 close.started
DEBUG 2026-06-30 02:14:50 re/_trace.py:47 close.complete
DEBUG 2026-06-30 02:14:51 re/_trace.py:47 close.started
DEBUG 2026-06-30 02:14:51 re/_trace.py:47 close.complete
DEBUG 2026-06-30 02:14:51 re/_trace.py:47 close.started
DEBUG 2026-06-30 02:14:51 re/_trace.py:47 close.complete
DEBUG 2026-06-30 02:14:51 re/_trace.py:47 close.started
DEBUG 2026-06-30 02:14:51 re/_trace.py:47 close.complete
DEBUG 2026-06-30 02:14:51 re/_trace.py:47 close.started
DEBUG 2026-06-30 02:14:51 re/_trace.py:47 close.complete
DEBUG 2026-06-30 02:14:51 re/_trace.py:47 close.started
DEBUG 2026-06-30 02:14:51 re/_trace.py:47 close.complete
DEBUG 2026-06-30 02:17:17 re/_trace.py:47 close.started
DEBUG 2026-06-30 02:17:17 re/_trace.py:47 close.complete
DEBUG 2026-06-30 02:17:17 re/_trace.py:47 close.started
DEBUG 2026-06-30 02:17:17 re/_trace.py:47 close.complete
DEBUG 2026-06-30 02:17:17 re/_trace.py:47 close.started
DEBUG 2026-06-30 02:17:17 re/_trace.py:47 close.complete
DEBUG 2026-06-30 02:17:17 re/_trace.py:47 close.started
DEBUG 2026-06-30 02:17:17 re/_trace.py:47 close.complete
DEBUG 2026-06-30 02:17:17 re/_trace.py:47 close.started
DEBUG 2026-06-30 02:17:17 re/_trace.py:47 close.complete
DEBUG 2026-06-30 02:17:17 re/_trace.py:47 close.started
DEBUG 2026-06-30 02:17:17 re/_trace.py:47 close.complete
DEBUG 2026-06-30 02:17:17 re/_trace.py:47 close.started
DEBUG 2026-06-30 02:17:17 re/_trace.py:47 close.complete
DEBUG 2026-06-30 02:17:17 re/_trace.py:47 close.started
DEBUG 2026-06-30 02:17:17 re/_trace.py:47 close.complete
DEBUG 2026-06-30 02:17:17 re/_trace.py:47 close.started
DEBUG 2026-06-30 02:17:17 re/_trace.py:47 close.complete
DEBUG 2026-06-30 02:17:17 re/_trace.py:47 close.started
DEBUG 2026-06-30 02:17:17 re/_trace.py:47 close.complete
INFO 2026-06-30 02:18:43 ot_train.py:459 step:23K smpl:14M ep:21K epch:418.75 loss:0.002 grdn:0.048 lr:1.8e-05 updt_s:2.385 data_s:0.355
WARNING 2026-06-30 02:18:43 db_utils.py:181 WandB logging of key "loss_per_dim" was ignored as its type "<class 'list'>" is not handled by this wrapper.
DEBUG 2026-06-30 02:19:42 re/_trace.py:47 close.started
DEBUG 2026-06-30 02:19:42 re/_trace.py:47 close.complete
DEBUG 2026-06-30 02:19:42 re/_trace.py:47 close.started
DEBUG 2026-06-30 02:19:42 re/_trace.py:47 close.complete
DEBUG 2026-06-30 02:19:42 re/_trace.py:47 close.started
DEBUG 2026-06-30 02:19:42 re/_trace.py:47 close.complete
DEBUG 2026-06-30 02:19:42 re/_trace.py:47 close.started
DEBUG 2026-06-30 02:19:42 re/_trace.py:47 close.complete
DEBUG 2026-06-30 02:19:42 re/_trace.py:47 close.started
DEBUG 2026-06-30 02:19:42 re/_trace.py:47 close.complete
DEBUG 2026-06-30 02:19:43 re/_trace.py:47 close.started
DEBUG 2026-06-30 02:19:43 re/_trace.py:47 close.complete
DEBUG 2026-06-30 02:19:43 re/_trace.py:47 close.started
DEBUG 2026-06-30 02:19:43 re/_trace.py:47 close.complete
DEBUG 2026-06-30 02:19:43 re/_trace.py:47 close.started
DEBUG 2026-06-30 02:19:43 re/_trace.py:47 close.complete
DEBUG 2026-06-30 02:19:43 re/_trace.py:47 close.started
DEBUG 2026-06-30 02:19:43 re/_trace.py:47 close.complete
DEBUG 2026-06-30 02:19:43 re/_trace.py:47 close.started
DEBUG 2026-06-30 02:19:43 re/_trace.py:47 close.complete
DEBUG 2026-06-30 02:22:06 re/_trace.py:47 close.started
DEBUG 2026-06-30 02:22:06 re/_trace.py:47 close.complete
DEBUG 2026-06-30 02:22:06 re/_trace.py:47 close.started
DEBUG 2026-06-30 02:22:06 re/_trace.py:47 close.complete
DEBUG 2026-06-30 02:22:06 re/_trace.py:47 close.started
DEBUG 2026-06-30 02:22:06 re/_trace.py:47 close.complete
DEBUG 2026-06-30 02:22:06 re/_trace.py:47 close.started
DEBUG 2026-06-30 02:22:06 re/_trace.py:47 close.complete
DEBUG 2026-06-30 02:22:06 re/_trace.py:47 close.started
DEBUG 2026-06-30 02:22:06 re/_trace.py:47 close.complete
DEBUG 2026-06-30 02:22:06 re/_trace.py:47 close.started
DEBUG 2026-06-30 02:22:06 re/_trace.py:47 close.complete
DEBUG 2026-06-30 02:22:06 re/_trace.py:47 close.started
DEBUG 2026-06-30 02:22:06 re/_trace.py:47 close.complete
DEBUG 2026-06-30 02:22:06 re/_trace.py:47 close.started
DEBUG 2026-06-30 02:22:06 re/_trace.py:47 close.complete
DEBUG 2026-06-30 02:22:06 re/_trace.py:47 close.started
DEBUG 2026-06-30 02:22:06 re/_trace.py:47 close.complete
DEBUG 2026-06-30 02:22:07 re/_trace.py:47 close.started
DEBUG 2026-06-30 02:22:07 re/_trace.py:47 close.complete
DEBUG 2026-06-30 02:24:32 re/_trace.py:47 close.started
DEBUG 2026-06-30 02:24:32 re/_trace.py:47 close.complete
DEBUG 2026-06-30 02:24:32 re/_trace.py:47 close.started
DEBUG 2026-06-30 02:24:32 re/_trace.py:47 close.complete
DEBUG 2026-06-30 02:24:32 re/_trace.py:47 close.started
DEBUG 2026-06-30 02:24:32 re/_trace.py:47 close.complete
DEBUG 2026-06-30 02:24:32 re/_trace.py:47 close.started
DEBUG 2026-06-30 02:24:32 re/_trace.py:47 close.complete
DEBUG 2026-06-30 02:24:32 re/_trace.py:47 close.started
DEBUG 2026-06-30 02:24:32 re/_trace.py:47 close.complete
DEBUG 2026-06-30 02:24:32 re/_trace.py:47 close.started
DEBUG 2026-06-30 02:24:32 re/_trace.py:47 close.complete
DEBUG 2026-06-30 02:24:32 re/_trace.py:47 close.started
DEBUG 2026-06-30 02:24:32 re/_trace.py:47 close.complete
DEBUG 2026-06-30 02:24:32 re/_trace.py:47 close.started
DEBUG 2026-06-30 02:24:32 re/_trace.py:47 close.complete
DEBUG 2026-06-30 02:24:32 re/_trace.py:47 close.started
DEBUG 2026-06-30 02:24:32 re/_trace.py:47 close.complete
DEBUG 2026-06-30 02:24:32 re/_trace.py:47 close.started
DEBUG 2026-06-30 02:24:32 re/_trace.py:47 close.complete
DEBUG 2026-06-30 02:26:58 re/_trace.py:47 close.started
DEBUG 2026-06-30 02:26:58 re/_trace.py:47 close.complete
DEBUG 2026-06-30 02:26:58 re/_trace.py:47 close.started
DEBUG 2026-06-30 02:26:58 re/_trace.py:47 close.complete
DEBUG 2026-06-30 02:26:58 re/_trace.py:47 close.started
DEBUG 2026-06-30 02:26:58 re/_trace.py:47 close.complete
DEBUG 2026-06-30 02:26:58 re/_trace.py:47 close.started
DEBUG 2026-06-30 02:26:58 re/_trace.py:47 close.complete
DEBUG 2026-06-30 02:26:58 re/_trace.py:47 close.started
DEBUG 2026-06-30 02:26:58 re/_trace.py:47 close.complete
DEBUG 2026-06-30 02:26:58 re/_trace.py:47 close.started
DEBUG 2026-06-30 02:26:58 re/_trace.py:47 close.complete
DEBUG 2026-06-30 02:26:58 re/_trace.py:47 close.started
DEBUG 2026-06-30 02:26:58 re/_trace.py:47 close.complete
DEBUG 2026-06-30 02:26:58 re/_trace.py:47 close.started
DEBUG 2026-06-30 02:26:58 re/_trace.py:47 close.complete
DEBUG 2026-06-30 02:26:59 re/_trace.py:47 close.started
DEBUG 2026-06-30 02:26:59 re/_trace.py:47 close.complete
DEBUG 2026-06-30 02:26:59 re/_trace.py:47 close.started
DEBUG 2026-06-30 02:26:59 re/_trace.py:47 close.complete
INFO 2026-06-30 02:27:47 ot_train.py:459 step:23K smpl:14M ep:21K epch:422.45 loss:0.002 grdn:0.048 lr:1.7e-05 updt_s:2.359 data_s:0.363
WARNING 2026-06-30 02:27:47 db_utils.py:181 WandB logging of key "loss_per_dim" was ignored as its type "<class 'list'>" is not handled by this wrapper.
DEBUG 2026-06-30 02:29:24 re/_trace.py:47 close.started
DEBUG 2026-06-30 02:29:24 re/_trace.py:47 close.complete
DEBUG 2026-06-30 02:29:24 re/_trace.py:47 close.started
DEBUG 2026-06-30 02:29:24 re/_trace.py:47 close.complete
DEBUG 2026-06-30 02:29:24 re/_trace.py:47 close.started
DEBUG 2026-06-30 02:29:24 re/_trace.py:47 close.complete
DEBUG 2026-06-30 02:29:24 re/_trace.py:47 close.started
DEBUG 2026-06-30 02:29:24 re/_trace.py:47 close.complete
DEBUG 2026-06-30 02:29:24 re/_trace.py:47 close.started
DEBUG 2026-06-30 02:29:24 re/_trace.py:47 close.complete
DEBUG 2026-06-30 02:29:24 re/_trace.py:47 close.started
DEBUG 2026-06-30 02:29:24 re/_trace.py:47 close.complete
DEBUG 2026-06-30 02:29:24 re/_trace.py:47 close.started
DEBUG 2026-06-30 02:29:24 re/_trace.py:47 close.complete
DEBUG 2026-06-30 02:29:24 re/_trace.py:47 close.started
DEBUG 2026-06-30 02:29:24 re/_trace.py:47 close.complete
DEBUG 2026-06-30 02:29:24 re/_trace.py:47 close.started
DEBUG 2026-06-30 02:29:24 re/_trace.py:47 close.complete
DEBUG 2026-06-30 02:29:24 re/_trace.py:47 close.started
DEBUG 2026-06-30 02:29:24 re/_trace.py:47 close.complete
DEBUG 2026-06-30 02:31:49 re/_trace.py:47 close.started
DEBUG 2026-06-30 02:31:49 re/_trace.py:47 close.complete
DEBUG 2026-06-30 02:31:49 re/_trace.py:47 close.started
DEBUG 2026-06-30 02:31:49 re/_trace.py:47 close.complete
DEBUG 2026-06-30 02:31:49 re/_trace.py:47 close.started
DEBUG 2026-06-30 02:31:49 re/_trace.py:47 close.complete
DEBUG 2026-06-30 02:31:49 re/_trace.py:47 close.started
DEBUG 2026-06-30 02:31:49 re/_trace.py:47 close.complete
DEBUG 2026-06-30 02:31:49 re/_trace.py:47 close.started
DEBUG 2026-06-30 02:31:49 re/_trace.py:47 close.complete
DEBUG 2026-06-30 02:31:49 re/_trace.py:47 close.started
DEBUG 2026-06-30 02:31:49 re/_trace.py:47 close.complete
DEBUG 2026-06-30 02:31:49 re/_trace.py:47 close.started
DEBUG 2026-06-30 02:31:49 re/_trace.py:47 close.complete
DEBUG 2026-06-30 02:31:49 re/_trace.py:47 close.started
DEBUG 2026-06-30 02:31:49 re/_trace.py:47 close.complete
DEBUG 2026-06-30 02:31:49 re/_trace.py:47 close.started
DEBUG 2026-06-30 02:31:49 re/_trace.py:47 close.complete
DEBUG 2026-06-30 02:31:49 re/_trace.py:47 close.started
DEBUG 2026-06-30 02:31:49 re/_trace.py:47 close.complete
DEBUG 2026-06-30 02:34:15 re/_trace.py:47 close.started
DEBUG 2026-06-30 02:34:15 re/_trace.py:47 close.complete
DEBUG 2026-06-30 02:34:15 re/_trace.py:47 close.started
DEBUG 2026-06-30 02:34:15 re/_trace.py:47 close.complete
DEBUG 2026-06-30 02:34:15 re/_trace.py:47 close.started
DEBUG 2026-06-30 02:34:15 re/_trace.py:47 close.complete
DEBUG 2026-06-30 02:34:15 re/_trace.py:47 close.started
DEBUG 2026-06-30 02:34:15 re/_trace.py:47 close.complete
DEBUG 2026-06-30 02:34:15 re/_trace.py:47 close.started
DEBUG 2026-06-30 02:34:15 re/_trace.py:47 close.complete
DEBUG 2026-06-30 02:34:15 re/_trace.py:47 close.started
DEBUG 2026-06-30 02:34:15 re/_trace.py:47 close.complete
DEBUG 2026-06-30 02:34:15 re/_trace.py:47 close.started
DEBUG 2026-06-30 02:34:15 re/_trace.py:47 close.complete
DEBUG 2026-06-30 02:34:15 re/_trace.py:47 close.started
DEBUG 2026-06-30 02:34:15 re/_trace.py:47 close.complete
DEBUG 2026-06-30 02:34:15 re/_trace.py:47 close.started
DEBUG 2026-06-30 02:34:15 re/_trace.py:47 close.complete
DEBUG 2026-06-30 02:34:15 re/_trace.py:47 close.started
DEBUG 2026-06-30 02:34:15 re/_trace.py:47 close.complete
INFO 2026-06-30 02:36:30 ot_train.py:459 step:23K smpl:14M ep:21K epch:426.16 loss:0.002 grdn:0.047 lr:1.7e-05 updt_s:2.318 data_s:0.291
WARNING 2026-06-30 02:36:30 db_utils.py:181 WandB logging of key "loss_per_dim" was ignored as its type "<class 'list'>" is not handled by this wrapper.
DEBUG 2026-06-30 02:36:40 re/_trace.py:47 close.started
DEBUG 2026-06-30 02:36:40 re/_trace.py:47 close.complete
DEBUG 2026-06-30 02:36:40 re/_trace.py:47 close.started
DEBUG 2026-06-30 02:36:40 re/_trace.py:47 close.complete
DEBUG 2026-06-30 02:36:40 re/_trace.py:47 close.started
DEBUG 2026-06-30 02:36:40 re/_trace.py:47 close.complete
DEBUG 2026-06-30 02:36:40 re/_trace.py:47 close.started
DEBUG 2026-06-30 02:36:40 re/_trace.py:47 close.complete
DEBUG 2026-06-30 02:36:40 re/_trace.py:47 close.started
DEBUG 2026-06-30 02:36:40 re/_trace.py:47 close.complete
DEBUG 2026-06-30 02:36:40 re/_trace.py:47 close.started
DEBUG 2026-06-30 02:36:40 re/_trace.py:47 close.complete
DEBUG 2026-06-30 02:36:40 re/_trace.py:47 close.started
DEBUG 2026-06-30 02:36:40 re/_trace.py:47 close.complete
DEBUG 2026-06-30 02:36:40 re/_trace.py:47 close.started
DEBUG 2026-06-30 02:36:40 re/_trace.py:47 close.complete
DEBUG 2026-06-30 02:36:40 re/_trace.py:47 close.started
DEBUG 2026-06-30 02:36:40 re/_trace.py:47 close.complete
DEBUG 2026-06-30 02:36:40 re/_trace.py:47 close.started
DEBUG 2026-06-30 02:36:40 re/_trace.py:47 close.complete
DEBUG 2026-06-30 02:39:06 re/_trace.py:47 close.started
DEBUG 2026-06-30 02:39:06 re/_trace.py:47 close.complete
DEBUG 2026-06-30 02:39:06 re/_trace.py:47 close.started
DEBUG 2026-06-30 02:39:06 re/_trace.py:47 close.complete
DEBUG 2026-06-30 02:39:06 re/_trace.py:47 close.started
DEBUG 2026-06-30 02:39:06 re/_trace.py:47 close.complete
DEBUG 2026-06-30 02:39:06 re/_trace.py:47 close.started
DEBUG 2026-06-30 02:39:06 re/_trace.py:47 close.complete
DEBUG 2026-06-30 02:39:06 re/_trace.py:47 close.started
DEBUG 2026-06-30 02:39:06 re/_trace.py:47 close.complete
DEBUG 2026-06-30 02:39:06 re/_trace.py:47 close.started
DEBUG 2026-06-30 02:39:06 re/_trace.py:47 close.complete
DEBUG 2026-06-30 02:39:06 re/_trace.py:47 close.started
DEBUG 2026-06-30 02:39:06 re/_trace.py:47 close.complete
DEBUG 2026-06-30 02:39:07 re/_trace.py:47 close.started
DEBUG 2026-06-30 02:39:07 re/_trace.py:47 close.complete
DEBUG 2026-06-30 02:39:07 re/_trace.py:47 close.started
DEBUG 2026-06-30 02:39:07 re/_trace.py:47 close.complete
DEBUG 2026-06-30 02:39:07 re/_trace.py:47 close.started
DEBUG 2026-06-30 02:39:07 re/_trace.py:47 close.complete
DEBUG 2026-06-30 02:41:31 re/_trace.py:47 close.started
DEBUG 2026-06-30 02:41:31 re/_trace.py:47 close.complete
DEBUG 2026-06-30 02:41:31 re/_trace.py:47 close.started
DEBUG 2026-06-30 02:41:31 re/_trace.py:47 close.complete
DEBUG 2026-06-30 02:41:32 re/_trace.py:47 close.started
DEBUG 2026-06-30 02:41:32 re/_trace.py:47 close.complete
DEBUG 2026-06-30 02:41:32 re/_trace.py:47 close.started
DEBUG 2026-06-30 02:41:32 re/_trace.py:47 close.complete
DEBUG 2026-06-30 02:41:32 re/_trace.py:47 close.started
DEBUG 2026-06-30 02:41:32 re/_trace.py:47 close.complete
DEBUG 2026-06-30 02:41:32 re/_trace.py:47 close.started
DEBUG 2026-06-30 02:41:32 re/_trace.py:47 close.complete
DEBUG 2026-06-30 02:41:32 re/_trace.py:47 close.started
DEBUG 2026-06-30 02:41:32 re/_trace.py:47 close.complete
DEBUG 2026-06-30 02:41:32 re/_trace.py:47 close.started
DEBUG 2026-06-30 02:41:32 re/_trace.py:47 close.complete
DEBUG 2026-06-30 02:41:32 re/_trace.py:47 close.started
DEBUG 2026-06-30 02:41:32 re/_trace.py:47 close.complete
DEBUG 2026-06-30 02:41:32 re/_trace.py:47 close.started
DEBUG 2026-06-30 02:41:32 re/_trace.py:47 close.complete
DEBUG 2026-06-30 02:43:57 re/_trace.py:47 close.started
DEBUG 2026-06-30 02:43:57 re/_trace.py:47 close.complete
DEBUG 2026-06-30 02:43:57 re/_trace.py:47 close.started
DEBUG 2026-06-30 02:43:57 re/_trace.py:47 close.complete
DEBUG 2026-06-30 02:43:57 re/_trace.py:47 close.started
DEBUG 2026-06-30 02:43:57 re/_trace.py:47 close.complete
DEBUG 2026-06-30 02:43:57 re/_trace.py:47 close.started
DEBUG 2026-06-30 02:43:57 re/_trace.py:47 close.complete
DEBUG 2026-06-30 02:43:58 re/_trace.py:47 close.started
DEBUG 2026-06-30 02:43:58 re/_trace.py:47 close.complete
DEBUG 2026-06-30 02:43:58 re/_trace.py:47 close.started
DEBUG 2026-06-30 02:43:58 re/_trace.py:47 close.complete
DEBUG 2026-06-30 02:43:58 re/_trace.py:47 close.started
DEBUG 2026-06-30 02:43:58 re/_trace.py:47 close.complete
DEBUG 2026-06-30 02:43:58 re/_trace.py:47 close.started
DEBUG 2026-06-30 02:43:58 re/_trace.py:47 close.complete
DEBUG 2026-06-30 02:43:58 re/_trace.py:47 close.started
DEBUG 2026-06-30 02:43:58 re/_trace.py:47 close.complete
DEBUG 2026-06-30 02:43:58 re/_trace.py:47 close.started
DEBUG 2026-06-30 02:43:58 re/_trace.py:47 close.complete
INFO 2026-06-30 02:45:37 ot_train.py:459 step:23K smpl:14M ep:21K epch:429.87 loss:0.001 grdn:0.046 lr:1.6e-05 updt_s:2.370 data_s:0.366
WARNING 2026-06-30 02:45:37 db_utils.py:181 WandB logging of key "loss_per_dim" was ignored as its type "<class 'list'>" is not handled by this wrapper.
DEBUG 2026-06-30 02:46:24 re/_trace.py:47 close.started
DEBUG 2026-06-30 02:46:24 re/_trace.py:47 close.complete
DEBUG 2026-06-30 02:46:24 re/_trace.py:47 close.started
DEBUG 2026-06-30 02:46:24 re/_trace.py:47 close.complete
DEBUG 2026-06-30 02:46:24 re/_trace.py:47 close.started
DEBUG 2026-06-30 02:46:24 re/_trace.py:47 close.complete
DEBUG 2026-06-30 02:46:24 re/_trace.py:47 close.started
DEBUG 2026-06-30 02:46:24 re/_trace.py:47 close.complete
DEBUG 2026-06-30 02:46:24 re/_trace.py:47 close.started
DEBUG 2026-06-30 02:46:24 re/_trace.py:47 close.complete
DEBUG 2026-06-30 02:46:24 re/_trace.py:47 close.started
DEBUG 2026-06-30 02:46:24 re/_trace.py:47 close.complete
DEBUG 2026-06-30 02:46:24 re/_trace.py:47 close.started
DEBUG 2026-06-30 02:46:24 re/_trace.py:47 close.complete
DEBUG 2026-06-30 02:46:24 re/_trace.py:47 close.started
DEBUG 2026-06-30 02:46:24 re/_trace.py:47 close.complete
DEBUG 2026-06-30 02:46:24 re/_trace.py:47 close.started
DEBUG 2026-06-30 02:46:24 re/_trace.py:47 close.complete
DEBUG 2026-06-30 02:46:24 re/_trace.py:47 close.started
DEBUG 2026-06-30 02:46:24 re/_trace.py:47 close.complete
DEBUG 2026-06-30 02:48:49 re/_trace.py:47 close.started
DEBUG 2026-06-30 02:48:49 re/_trace.py:47 close.complete
DEBUG 2026-06-30 02:48:49 re/_trace.py:47 close.started
DEBUG 2026-06-30 02:48:49 re/_trace.py:47 close.complete
DEBUG 2026-06-30 02:48:49 re/_trace.py:47 close.started
DEBUG 2026-06-30 02:48:49 re/_trace.py:47 close.complete
DEBUG 2026-06-30 02:48:49 re/_trace.py:47 close.started
DEBUG 2026-06-30 02:48:49 re/_trace.py:47 close.complete
DEBUG 2026-06-30 02:48:49 re/_trace.py:47 close.started
DEBUG 2026-06-30 02:48:49 re/_trace.py:47 close.complete
DEBUG 2026-06-30 02:48:49 re/_trace.py:47 close.started
DEBUG 2026-06-30 02:48:49 re/_trace.py:47 close.complete
DEBUG 2026-06-30 02:48:49 re/_trace.py:47 close.started
DEBUG 2026-06-30 02:48:49 re/_trace.py:47 close.complete
DEBUG 2026-06-30 02:48:49 re/_trace.py:47 close.started
DEBUG 2026-06-30 02:48:49 re/_trace.py:47 close.complete
DEBUG 2026-06-30 02:48:49 re/_trace.py:47 close.started
DEBUG 2026-06-30 02:48:49 re/_trace.py:47 close.complete
DEBUG 2026-06-30 02:48:49 re/_trace.py:47 close.started
DEBUG 2026-06-30 02:48:49 re/_trace.py:47 close.complete
DEBUG 2026-06-30 02:51:13 re/_trace.py:47 close.started
DEBUG 2026-06-30 02:51:13 re/_trace.py:47 close.complete
DEBUG 2026-06-30 02:51:13 re/_trace.py:47 close.started
DEBUG 2026-06-30 02:51:13 re/_trace.py:47 close.complete
DEBUG 2026-06-30 02:51:14 re/_trace.py:47 close.started
DEBUG 2026-06-30 02:51:14 re/_trace.py:47 close.complete
DEBUG 2026-06-30 02:51:14 re/_trace.py:47 close.started
DEBUG 2026-06-30 02:51:14 re/_trace.py:47 close.complete
DEBUG 2026-06-30 02:51:14 re/_trace.py:47 close.started
DEBUG 2026-06-30 02:51:14 re/_trace.py:47 close.complete
DEBUG 2026-06-30 02:51:14 re/_trace.py:47 close.started
DEBUG 2026-06-30 02:51:14 re/_trace.py:47 close.complete
DEBUG 2026-06-30 02:51:14 re/_trace.py:47 close.started
DEBUG 2026-06-30 02:51:14 re/_trace.py:47 close.complete
DEBUG 2026-06-30 02:51:14 re/_trace.py:47 close.started
DEBUG 2026-06-30 02:51:14 re/_trace.py:47 close.complete
DEBUG 2026-06-30 02:51:14 re/_trace.py:47 close.started
DEBUG 2026-06-30 02:51:14 re/_trace.py:47 close.complete
DEBUG 2026-06-30 02:51:14 re/_trace.py:47 close.started
DEBUG 2026-06-30 02:51:14 re/_trace.py:47 close.complete
DEBUG 2026-06-30 02:53:39 re/_trace.py:47 close.started
DEBUG 2026-06-30 02:53:39 re/_trace.py:47 close.complete
DEBUG 2026-06-30 02:53:39 re/_trace.py:47 close.started
DEBUG 2026-06-30 02:53:39 re/_trace.py:47 close.complete
DEBUG 2026-06-30 02:53:39 re/_trace.py:47 close.started
DEBUG 2026-06-30 02:53:39 re/_trace.py:47 close.complete
DEBUG 2026-06-30 02:53:39 re/_trace.py:47 close.started
DEBUG 2026-06-30 02:53:39 re/_trace.py:47 close.complete
DEBUG 2026-06-30 02:53:39 re/_trace.py:47 close.started
DEBUG 2026-06-30 02:53:39 re/_trace.py:47 close.complete
DEBUG 2026-06-30 02:53:39 re/_trace.py:47 close.started
DEBUG 2026-06-30 02:53:39 re/_trace.py:47 close.complete
DEBUG 2026-06-30 02:53:39 re/_trace.py:47 close.started
DEBUG 2026-06-30 02:53:39 re/_trace.py:47 close.complete
DEBUG 2026-06-30 02:53:39 re/_trace.py:47 close.started
DEBUG 2026-06-30 02:53:39 re/_trace.py:47 close.complete
DEBUG 2026-06-30 02:53:39 re/_trace.py:47 close.started
DEBUG 2026-06-30 02:53:39 re/_trace.py:47 close.complete
DEBUG 2026-06-30 02:53:39 re/_trace.py:47 close.started
DEBUG 2026-06-30 02:53:39 re/_trace.py:47 close.complete
INFO 2026-06-30 02:54:44 ot_train.py:459 step:23K smpl:14M ep:22K epch:433.57 loss:0.001 grdn:0.043 lr:1.5e-05 updt_s:2.377 data_s:0.352
WARNING 2026-06-30 02:54:44 db_utils.py:181 WandB logging of key "loss_per_dim" was ignored as its type "<class 'list'>" is not handled by this wrapper.
DEBUG 2026-06-30 02:56:06 re/_trace.py:47 close.started
DEBUG 2026-06-30 02:56:06 re/_trace.py:47 close.complete
DEBUG 2026-06-30 02:56:06 re/_trace.py:47 close.started
DEBUG 2026-06-30 02:56:06 re/_trace.py:47 close.complete
DEBUG 2026-06-30 02:56:06 re/_trace.py:47 close.started
DEBUG 2026-06-30 02:56:06 re/_trace.py:47 close.complete
DEBUG 2026-06-30 02:56:06 re/_trace.py:47 close.started
DEBUG 2026-06-30 02:56:06 re/_trace.py:47 close.complete
DEBUG 2026-06-30 02:56:06 re/_trace.py:47 close.started
DEBUG 2026-06-30 02:56:06 re/_trace.py:47 close.complete
DEBUG 2026-06-30 02:56:06 re/_trace.py:47 close.started
DEBUG 2026-06-30 02:56:06 re/_trace.py:47 close.complete
DEBUG 2026-06-30 02:56:06 re/_trace.py:47 close.started
DEBUG 2026-06-30 02:56:06 re/_trace.py:47 close.complete
DEBUG 2026-06-30 02:56:06 re/_trace.py:47 close.started
DEBUG 2026-06-30 02:56:06 re/_trace.py:47 close.complete
DEBUG 2026-06-30 02:56:06 re/_trace.py:47 close.started
DEBUG 2026-06-30 02:56:06 re/_trace.py:47 close.complete
DEBUG 2026-06-30 02:56:06 re/_trace.py:47 close.started
DEBUG 2026-06-30 02:56:06 re/_trace.py:47 close.complete
DEBUG 2026-06-30 02:58:34 re/_trace.py:47 close.started
DEBUG 2026-06-30 02:58:34 re/_trace.py:47 close.complete
DEBUG 2026-06-30 02:58:34 re/_trace.py:47 close.started
DEBUG 2026-06-30 02:58:34 re/_trace.py:47 close.complete
DEBUG 2026-06-30 02:58:34 re/_trace.py:47 close.started
DEBUG 2026-06-30 02:58:34 re/_trace.py:47 close.complete
DEBUG 2026-06-30 02:58:34 re/_trace.py:47 close.started
DEBUG 2026-06-30 02:58:34 re/_trace.py:47 close.complete
DEBUG 2026-06-30 02:58:34 re/_trace.py:47 close.started
DEBUG 2026-06-30 02:58:34 re/_trace.py:47 close.complete
DEBUG 2026-06-30 02:58:34 re/_trace.py:47 close.started
DEBUG 2026-06-30 02:58:34 re/_trace.py:47 close.complete
DEBUG 2026-06-30 02:58:34 re/_trace.py:47 close.started
DEBUG 2026-06-30 02:58:34 re/_trace.py:47 close.complete
DEBUG 2026-06-30 02:58:34 re/_trace.py:47 close.started
DEBUG 2026-06-30 02:58:34 re/_trace.py:47 close.complete
DEBUG 2026-06-30 02:58:34 re/_trace.py:47 close.started
DEBUG 2026-06-30 02:58:34 re/_trace.py:47 close.complete
DEBUG 2026-06-30 02:58:34 re/_trace.py:47 close.started
DEBUG 2026-06-30 02:58:34 re/_trace.py:47 close.complete
DEBUG 2026-06-30 03:00:59 re/_trace.py:47 close.started
DEBUG 2026-06-30 03:00:59 re/_trace.py:47 close.complete
DEBUG 2026-06-30 03:00:59 re/_trace.py:47 close.started
DEBUG 2026-06-30 03:00:59 re/_trace.py:47 close.complete
DEBUG 2026-06-30 03:00:59 re/_trace.py:47 close.started
DEBUG 2026-06-30 03:00:59 re/_trace.py:47 close.complete
DEBUG 2026-06-30 03:00:59 re/_trace.py:47 close.started
DEBUG 2026-06-30 03:00:59 re/_trace.py:47 close.complete
DEBUG 2026-06-30 03:00:59 re/_trace.py:47 close.started
DEBUG 2026-06-30 03:00:59 re/_trace.py:47 close.complete
DEBUG 2026-06-30 03:00:59 re/_trace.py:47 close.started
DEBUG 2026-06-30 03:00:59 re/_trace.py:47 close.complete
DEBUG 2026-06-30 03:00:59 re/_trace.py:47 close.started
DEBUG 2026-06-30 03:00:59 re/_trace.py:47 close.complete
DEBUG 2026-06-30 03:00:59 re/_trace.py:47 close.started
DEBUG 2026-06-30 03:00:59 re/_trace.py:47 close.complete
DEBUG 2026-06-30 03:00:59 re/_trace.py:47 close.started
DEBUG 2026-06-30 03:00:59 re/_trace.py:47 close.complete
DEBUG 2026-06-30 03:00:59 re/_trace.py:47 close.started
DEBUG 2026-06-30 03:00:59 re/_trace.py:47 close.complete
DEBUG 2026-06-30 03:03:25 re/_trace.py:47 close.started
DEBUG 2026-06-30 03:03:25 re/_trace.py:47 close.complete
DEBUG 2026-06-30 03:03:25 re/_trace.py:47 close.started
DEBUG 2026-06-30 03:03:25 re/_trace.py:47 close.complete
DEBUG 2026-06-30 03:03:25 re/_trace.py:47 close.started
DEBUG 2026-06-30 03:03:25 re/_trace.py:47 close.complete
DEBUG 2026-06-30 03:03:25 re/_trace.py:47 close.started
DEBUG 2026-06-30 03:03:25 re/_trace.py:47 close.complete
DEBUG 2026-06-30 03:03:25 re/_trace.py:47 close.started
DEBUG 2026-06-30 03:03:25 re/_trace.py:47 close.complete
DEBUG 2026-06-30 03:03:25 re/_trace.py:47 close.started
DEBUG 2026-06-30 03:03:25 re/_trace.py:47 close.complete
DEBUG 2026-06-30 03:03:26 re/_trace.py:47 close.started
DEBUG 2026-06-30 03:03:26 re/_trace.py:47 close.complete
DEBUG 2026-06-30 03:03:26 re/_trace.py:47 close.started
DEBUG 2026-06-30 03:03:26 re/_trace.py:47 close.complete
DEBUG 2026-06-30 03:03:26 re/_trace.py:47 close.started
DEBUG 2026-06-30 03:03:26 re/_trace.py:47 close.complete
DEBUG 2026-06-30 03:03:26 re/_trace.py:47 close.started
DEBUG 2026-06-30 03:03:26 re/_trace.py:47 close.complete
INFO 2026-06-30 03:03:50 ot_train.py:459 step:24K smpl:14M ep:22K epch:437.28 loss:0.002 grdn:0.042 lr:1.4e-05 updt_s:2.367 data_s:0.361
WARNING 2026-06-30 03:03:50 db_utils.py:181 WandB logging of key "loss_per_dim" was ignored as its type "<class 'list'>" is not handled by this wrapper.
DEBUG 2026-06-30 03:05:51 re/_trace.py:47 close.started
DEBUG 2026-06-30 03:05:51 re/_trace.py:47 close.complete
DEBUG 2026-06-30 03:05:51 re/_trace.py:47 close.started
DEBUG 2026-06-30 03:05:51 re/_trace.py:47 close.complete
DEBUG 2026-06-30 03:05:51 re/_trace.py:47 close.started
DEBUG 2026-06-30 03:05:51 re/_trace.py:47 close.complete
DEBUG 2026-06-30 03:05:51 re/_trace.py:47 close.started
DEBUG 2026-06-30 03:05:51 re/_trace.py:47 close.complete
DEBUG 2026-06-30 03:05:52 re/_trace.py:47 close.started
DEBUG 2026-06-30 03:05:52 re/_trace.py:47 close.complete
DEBUG 2026-06-30 03:05:52 re/_trace.py:47 close.started
DEBUG 2026-06-30 03:05:52 re/_trace.py:47 close.complete
DEBUG 2026-06-30 03:05:52 re/_trace.py:47 close.started
DEBUG 2026-06-30 03:05:52 re/_trace.py:47 close.complete
DEBUG 2026-06-30 03:05:52 re/_trace.py:47 close.started
DEBUG 2026-06-30 03:05:52 re/_trace.py:47 close.complete
DEBUG 2026-06-30 03:05:52 re/_trace.py:47 close.started
DEBUG 2026-06-30 03:05:52 re/_trace.py:47 close.complete
DEBUG 2026-06-30 03:05:52 re/_trace.py:47 close.started
DEBUG 2026-06-30 03:05:52 re/_trace.py:47 close.complete
DEBUG 2026-06-30 03:08:17 re/_trace.py:47 close.started
DEBUG 2026-06-30 03:08:17 re/_trace.py:47 close.complete
DEBUG 2026-06-30 03:08:17 re/_trace.py:47 close.started
DEBUG 2026-06-30 03:08:17 re/_trace.py:47 close.complete
DEBUG 2026-06-30 03:08:17 re/_trace.py:47 close.started
DEBUG 2026-06-30 03:08:17 re/_trace.py:47 close.complete
DEBUG 2026-06-30 03:08:17 re/_trace.py:47 close.started
DEBUG 2026-06-30 03:08:17 re/_trace.py:47 close.complete
DEBUG 2026-06-30 03:08:17 re/_trace.py:47 close.started
DEBUG 2026-06-30 03:08:17 re/_trace.py:47 close.complete
DEBUG 2026-06-30 03:08:17 re/_trace.py:47 close.started
DEBUG 2026-06-30 03:08:17 re/_trace.py:47 close.complete
DEBUG 2026-06-30 03:08:17 re/_trace.py:47 close.started
DEBUG 2026-06-30 03:08:17 re/_trace.py:47 close.complete
DEBUG 2026-06-30 03:08:17 re/_trace.py:47 close.started
DEBUG 2026-06-30 03:08:17 re/_trace.py:47 close.complete
DEBUG 2026-06-30 03:08:17 re/_trace.py:47 close.started
DEBUG 2026-06-30 03:08:17 re/_trace.py:47 close.complete
DEBUG 2026-06-30 03:08:17 re/_trace.py:47 close.started
DEBUG 2026-06-30 03:08:17 re/_trace.py:47 close.complete
DEBUG 2026-06-30 03:10:43 re/_trace.py:47 close.started
DEBUG 2026-06-30 03:10:43 re/_trace.py:47 close.complete
DEBUG 2026-06-30 03:10:43 re/_trace.py:47 close.started
DEBUG 2026-06-30 03:10:43 re/_trace.py:47 close.complete
DEBUG 2026-06-30 03:10:43 re/_trace.py:47 close.started
DEBUG 2026-06-30 03:10:43 re/_trace.py:47 close.complete
DEBUG 2026-06-30 03:10:43 re/_trace.py:47 close.started
DEBUG 2026-06-30 03:10:43 re/_trace.py:47 close.complete
DEBUG 2026-06-30 03:10:43 re/_trace.py:47 close.started
DEBUG 2026-06-30 03:10:43 re/_trace.py:47 close.complete
DEBUG 2026-06-30 03:10:43 re/_trace.py:47 close.started
DEBUG 2026-06-30 03:10:43 re/_trace.py:47 close.complete
DEBUG 2026-06-30 03:10:43 re/_trace.py:47 close.started
DEBUG 2026-06-30 03:10:43 re/_trace.py:47 close.complete
DEBUG 2026-06-30 03:10:43 re/_trace.py:47 close.started
DEBUG 2026-06-30 03:10:43 re/_trace.py:47 close.complete
DEBUG 2026-06-30 03:10:43 re/_trace.py:47 close.started
DEBUG 2026-06-30 03:10:43 re/_trace.py:47 close.complete
DEBUG 2026-06-30 03:10:43 re/_trace.py:47 close.started
DEBUG 2026-06-30 03:10:43 re/_trace.py:47 close.complete
INFO 2026-06-30 03:12:37 ot_train.py:459 step:24K smpl:14M ep:22K epch:440.98 loss:0.002 grdn:0.042 lr:1.4e-05 updt_s:2.349 data_s:0.284
WARNING 2026-06-30 03:12:37 db_utils.py:181 WandB logging of key "loss_per_dim" was ignored as its type "<class 'list'>" is not handled by this wrapper.
DEBUG 2026-06-30 03:13:10 re/_trace.py:47 close.started
DEBUG 2026-06-30 03:13:10 re/_trace.py:47 close.complete
DEBUG 2026-06-30 03:13:10 re/_trace.py:47 close.started
DEBUG 2026-06-30 03:13:10 re/_trace.py:47 close.complete
DEBUG 2026-06-30 03:13:10 re/_trace.py:47 close.started
DEBUG 2026-06-30 03:13:10 re/_trace.py:47 close.complete
DEBUG 2026-06-30 03:13:10 re/_trace.py:47 close.started
DEBUG 2026-06-30 03:13:10 re/_trace.py:47 close.complete
DEBUG 2026-06-30 03:13:10 re/_trace.py:47 close.started
DEBUG 2026-06-30 03:13:10 re/_trace.py:47 close.complete
DEBUG 2026-06-30 03:13:10 re/_trace.py:47 close.started
DEBUG 2026-06-30 03:13:10 re/_trace.py:47 close.complete
DEBUG 2026-06-30 03:13:10 re/_trace.py:47 close.started
DEBUG 2026-06-30 03:13:10 re/_trace.py:47 close.complete
DEBUG 2026-06-30 03:13:10 re/_trace.py:47 close.started
DEBUG 2026-06-30 03:13:10 re/_trace.py:47 close.complete
DEBUG 2026-06-30 03:13:10 re/_trace.py:47 close.started
DEBUG 2026-06-30 03:13:10 re/_trace.py:47 close.complete
DEBUG 2026-06-30 03:13:10 re/_trace.py:47 close.started
DEBUG 2026-06-30 03:13:10 re/_trace.py:47 close.complete
DEBUG 2026-06-30 03:15:38 re/_trace.py:47 close.started
DEBUG 2026-06-30 03:15:38 re/_trace.py:47 close.complete
DEBUG 2026-06-30 03:15:38 re/_trace.py:47 close.started
DEBUG 2026-06-30 03:15:38 re/_trace.py:47 close.complete
DEBUG 2026-06-30 03:15:38 re/_trace.py:47 close.started
DEBUG 2026-06-30 03:15:38 re/_trace.py:47 close.complete
DEBUG 2026-06-30 03:15:38 re/_trace.py:47 close.started
DEBUG 2026-06-30 03:15:38 re/_trace.py:47 close.complete
DEBUG 2026-06-30 03:15:38 re/_trace.py:47 close.started
DEBUG 2026-06-30 03:15:38 re/_trace.py:47 close.complete
DEBUG 2026-06-30 03:15:38 re/_trace.py:47 close.started
DEBUG 2026-06-30 03:15:38 re/_trace.py:47 close.complete
DEBUG 2026-06-30 03:15:38 re/_trace.py:47 close.started
DEBUG 2026-06-30 03:15:38 re/_trace.py:47 close.complete
DEBUG 2026-06-30 03:15:38 re/_trace.py:47 close.started
DEBUG 2026-06-30 03:15:38 re/_trace.py:47 close.complete
DEBUG 2026-06-30 03:15:38 re/_trace.py:47 close.started
DEBUG 2026-06-30 03:15:38 re/_trace.py:47 close.complete
DEBUG 2026-06-30 03:15:38 re/_trace.py:47 close.started
DEBUG 2026-06-30 03:15:38 re/_trace.py:47 close.complete
DEBUG 2026-06-30 03:18:04 re/_trace.py:47 close.started
DEBUG 2026-06-30 03:18:04 re/_trace.py:47 close.complete
DEBUG 2026-06-30 03:18:04 re/_trace.py:47 close.started
DEBUG 2026-06-30 03:18:04 re/_trace.py:47 close.complete
DEBUG 2026-06-30 03:18:04 re/_trace.py:47 close.started
DEBUG 2026-06-30 03:18:04 re/_trace.py:47 close.complete
DEBUG 2026-06-30 03:18:04 re/_trace.py:47 close.started
DEBUG 2026-06-30 03:18:04 re/_trace.py:47 close.complete
DEBUG 2026-06-30 03:18:04 re/_trace.py:47 close.started
DEBUG 2026-06-30 03:18:04 re/_trace.py:47 close.complete
DEBUG 2026-06-30 03:18:04 re/_trace.py:47 close.started
DEBUG 2026-06-30 03:18:04 re/_trace.py:47 close.complete
DEBUG 2026-06-30 03:18:04 re/_trace.py:47 close.started
DEBUG 2026-06-30 03:18:04 re/_trace.py:47 close.complete
DEBUG 2026-06-30 03:18:04 re/_trace.py:47 close.started
DEBUG 2026-06-30 03:18:04 re/_trace.py:47 close.complete
DEBUG 2026-06-30 03:18:04 re/_trace.py:47 close.started
DEBUG 2026-06-30 03:18:04 re/_trace.py:47 close.complete
DEBUG 2026-06-30 03:18:04 re/_trace.py:47 close.started
DEBUG 2026-06-30 03:18:04 re/_trace.py:47 close.complete
DEBUG 2026-06-30 03:20:30 re/_trace.py:47 close.started
DEBUG 2026-06-30 03:20:30 re/_trace.py:47 close.complete
DEBUG 2026-06-30 03:20:30 re/_trace.py:47 close.started
DEBUG 2026-06-30 03:20:30 re/_trace.py:47 close.complete
DEBUG 2026-06-30 03:20:30 re/_trace.py:47 close.started
DEBUG 2026-06-30 03:20:30 re/_trace.py:47 close.complete
DEBUG 2026-06-30 03:20:30 re/_trace.py:47 close.started
DEBUG 2026-06-30 03:20:30 re/_trace.py:47 close.complete
DEBUG 2026-06-30 03:20:30 re/_trace.py:47 close.started
DEBUG 2026-06-30 03:20:30 re/_trace.py:47 close.complete
DEBUG 2026-06-30 03:20:31 re/_trace.py:47 close.started
DEBUG 2026-06-30 03:20:31 re/_trace.py:47 close.complete
DEBUG 2026-06-30 03:20:31 re/_trace.py:47 close.started
DEBUG 2026-06-30 03:20:31 re/_trace.py:47 close.complete
DEBUG 2026-06-30 03:20:31 re/_trace.py:47 close.started
DEBUG 2026-06-30 03:20:31 re/_trace.py:47 close.complete
DEBUG 2026-06-30 03:20:31 re/_trace.py:47 close.started
DEBUG 2026-06-30 03:20:31 re/_trace.py:47 close.complete
DEBUG 2026-06-30 03:20:31 re/_trace.py:47 close.started
DEBUG 2026-06-30 03:20:31 re/_trace.py:47 close.complete
INFO 2026-06-30 03:21:47 ot_train.py:459 step:24K smpl:15M ep:22K epch:444.69 loss:0.001 grdn:0.042 lr:1.3e-05 updt_s:2.404 data_s:0.342
WARNING 2026-06-30 03:21:47 db_utils.py:181 WandB logging of key "loss_per_dim" was ignored as its type "<class 'list'>" is not handled by this wrapper.
INFO 2026-06-30 03:21:47 ot_train.py:479 Checkpoint policy after step 24000
DEBUG 2026-06-30 03:22:20 tionpool.py:289 Resetting dropped connection: api.wandb.ai
DEBUG 2026-06-30 03:22:21 tionpool.py:544 https://api.wandb.ai:443 "POST /graphql HTTP/1.1" 200 None
DEBUG 2026-06-30 03:23:29 re/_trace.py:47 close.started
DEBUG 2026-06-30 03:23:29 re/_trace.py:47 close.complete
DEBUG 2026-06-30 03:23:29 re/_trace.py:47 close.started
DEBUG 2026-06-30 03:23:29 re/_trace.py:47 close.complete
DEBUG 2026-06-30 03:23:29 re/_trace.py:47 close.started
DEBUG 2026-06-30 03:23:29 re/_trace.py:47 close.complete
DEBUG 2026-06-30 03:23:29 re/_trace.py:47 close.started
DEBUG 2026-06-30 03:23:29 re/_trace.py:47 close.complete
DEBUG 2026-06-30 03:23:29 re/_trace.py:47 close.started
DEBUG 2026-06-30 03:23:29 re/_trace.py:47 close.complete
DEBUG 2026-06-30 03:23:29 re/_trace.py:47 close.started
DEBUG 2026-06-30 03:23:29 re/_trace.py:47 close.complete
DEBUG 2026-06-30 03:23:29 re/_trace.py:47 close.started
DEBUG 2026-06-30 03:23:29 re/_trace.py:47 close.complete
DEBUG 2026-06-30 03:23:29 re/_trace.py:47 close.started
DEBUG 2026-06-30 03:23:29 re/_trace.py:47 close.complete
DEBUG 2026-06-30 03:23:29 re/_trace.py:47 close.started
DEBUG 2026-06-30 03:23:29 re/_trace.py:47 close.complete
DEBUG 2026-06-30 03:23:29 re/_trace.py:47 close.started
DEBUG 2026-06-30 03:23:29 re/_trace.py:47 close.complete
DEBUG 2026-06-30 03:25:55 re/_trace.py:47 close.started
DEBUG 2026-06-30 03:25:55 re/_trace.py:47 close.complete
DEBUG 2026-06-30 03:25:55 re/_trace.py:47 close.started
DEBUG 2026-06-30 03:25:55 re/_trace.py:47 close.complete
DEBUG 2026-06-30 03:25:55 re/_trace.py:47 close.started
DEBUG 2026-06-30 03:25:55 re/_trace.py:47 close.complete
DEBUG 2026-06-30 03:25:55 re/_trace.py:47 close.started
DEBUG 2026-06-30 03:25:55 re/_trace.py:47 close.complete
DEBUG 2026-06-30 03:25:56 re/_trace.py:47 close.started
DEBUG 2026-06-30 03:25:56 re/_trace.py:47 close.complete
DEBUG 2026-06-30 03:25:56 re/_trace.py:47 close.started
DEBUG 2026-06-30 03:25:56 re/_trace.py:47 close.complete
DEBUG 2026-06-30 03:25:56 re/_trace.py:47 close.started
DEBUG 2026-06-30 03:25:56 re/_trace.py:47 close.complete
DEBUG 2026-06-30 03:25:56 re/_trace.py:47 close.started
DEBUG 2026-06-30 03:25:56 re/_trace.py:47 close.complete
DEBUG 2026-06-30 03:25:56 re/_trace.py:47 close.started
DEBUG 2026-06-30 03:25:56 re/_trace.py:47 close.complete
DEBUG 2026-06-30 03:25:56 re/_trace.py:47 close.started
DEBUG 2026-06-30 03:25:56 re/_trace.py:47 close.complete
DEBUG 2026-06-30 03:28:20 re/_trace.py:47 close.started
DEBUG 2026-06-30 03:28:20 re/_trace.py:47 close.complete
DEBUG 2026-06-30 03:28:21 re/_trace.py:47 close.started
DEBUG 2026-06-30 03:28:21 re/_trace.py:47 close.complete
DEBUG 2026-06-30 03:28:21 re/_trace.py:47 close.started
DEBUG 2026-06-30 03:28:21 re/_trace.py:47 close.complete
DEBUG 2026-06-30 03:28:21 re/_trace.py:47 close.started
DEBUG 2026-06-30 03:28:21 re/_trace.py:47 close.complete
DEBUG 2026-06-30 03:28:21 re/_trace.py:47 close.started
DEBUG 2026-06-30 03:28:21 re/_trace.py:47 close.complete
DEBUG 2026-06-30 03:28:21 re/_trace.py:47 close.started
DEBUG 2026-06-30 03:28:21 re/_trace.py:47 close.complete
DEBUG 2026-06-30 03:28:21 re/_trace.py:47 close.started
DEBUG 2026-06-30 03:28:21 re/_trace.py:47 close.complete
DEBUG 2026-06-30 03:28:21 re/_trace.py:47 close.started
DEBUG 2026-06-30 03:28:21 re/_trace.py:47 close.complete
DEBUG 2026-06-30 03:28:21 re/_trace.py:47 close.started
DEBUG 2026-06-30 03:28:21 re/_trace.py:47 close.complete
DEBUG 2026-06-30 03:28:21 re/_trace.py:47 close.started
DEBUG 2026-06-30 03:28:21 re/_trace.py:47 close.complete
DEBUG 2026-06-30 03:30:46 re/_trace.py:47 close.started
DEBUG 2026-06-30 03:30:46 re/_trace.py:47 close.complete
DEBUG 2026-06-30 03:30:46 re/_trace.py:47 close.started
DEBUG 2026-06-30 03:30:46 re/_trace.py:47 close.complete
DEBUG 2026-06-30 03:30:46 re/_trace.py:47 close.started
DEBUG 2026-06-30 03:30:46 re/_trace.py:47 close.complete
DEBUG 2026-06-30 03:30:46 re/_trace.py:47 close.started
DEBUG 2026-06-30 03:30:46 re/_trace.py:47 close.complete
DEBUG 2026-06-30 03:30:46 re/_trace.py:47 close.started
DEBUG 2026-06-30 03:30:46 re/_trace.py:47 close.complete
DEBUG 2026-06-30 03:30:46 re/_trace.py:47 close.started
DEBUG 2026-06-30 03:30:46 re/_trace.py:47 close.complete
DEBUG 2026-06-30 03:30:46 re/_trace.py:47 close.started
DEBUG 2026-06-30 03:30:46 re/_trace.py:47 close.complete
DEBUG 2026-06-30 03:30:46 re/_trace.py:47 close.started
DEBUG 2026-06-30 03:30:46 re/_trace.py:47 close.complete
DEBUG 2026-06-30 03:30:46 re/_trace.py:47 close.started
DEBUG 2026-06-30 03:30:46 re/_trace.py:47 close.complete
DEBUG 2026-06-30 03:30:47 re/_trace.py:47 close.started
DEBUG 2026-06-30 03:30:47 re/_trace.py:47 close.complete
INFO 2026-06-30 03:31:25 ot_train.py:459 step:24K smpl:15M ep:22K epch:448.39 loss:0.002 grdn:0.042 lr:1.2e-05 updt_s:2.368 data_s:0.350
WARNING 2026-06-30 03:31:25 db_utils.py:181 WandB logging of key "loss_per_dim" was ignored as its type "<class 'list'>" is not handled by this wrapper.
DEBUG 2026-06-30 03:33:11 re/_trace.py:47 close.started
DEBUG 2026-06-30 03:33:11 re/_trace.py:47 close.complete
DEBUG 2026-06-30 03:33:11 re/_trace.py:47 close.started
DEBUG 2026-06-30 03:33:11 re/_trace.py:47 close.complete
DEBUG 2026-06-30 03:33:12 re/_trace.py:47 close.started
DEBUG 2026-06-30 03:33:12 re/_trace.py:47 close.complete
DEBUG 2026-06-30 03:33:12 re/_trace.py:47 close.started
DEBUG 2026-06-30 03:33:12 re/_trace.py:47 close.complete
DEBUG 2026-06-30 03:33:12 re/_trace.py:47 close.started
DEBUG 2026-06-30 03:33:12 re/_trace.py:47 close.complete
DEBUG 2026-06-30 03:33:12 re/_trace.py:47 close.started
DEBUG 2026-06-30 03:33:12 re/_trace.py:47 close.complete
DEBUG 2026-06-30 03:33:12 re/_trace.py:47 close.started
DEBUG 2026-06-30 03:33:12 re/_trace.py:47 close.complete
DEBUG 2026-06-30 03:33:12 re/_trace.py:47 close.started
DEBUG 2026-06-30 03:33:12 re/_trace.py:47 close.complete
DEBUG 2026-06-30 03:33:12 re/_trace.py:47 close.started
DEBUG 2026-06-30 03:33:12 re/_trace.py:47 close.complete
DEBUG 2026-06-30 03:33:12 re/_trace.py:47 close.started
DEBUG 2026-06-30 03:33:12 re/_trace.py:47 close.complete
DEBUG 2026-06-30 03:35:38 re/_trace.py:47 close.started
DEBUG 2026-06-30 03:35:38 re/_trace.py:47 close.complete
DEBUG 2026-06-30 03:35:38 re/_trace.py:47 close.started
DEBUG 2026-06-30 03:35:38 re/_trace.py:47 close.complete
DEBUG 2026-06-30 03:35:38 re/_trace.py:47 close.started
DEBUG 2026-06-30 03:35:38 re/_trace.py:47 close.complete
DEBUG 2026-06-30 03:35:38 re/_trace.py:47 close.started
DEBUG 2026-06-30 03:35:38 re/_trace.py:47 close.complete
DEBUG 2026-06-30 03:35:38 re/_trace.py:47 close.started
DEBUG 2026-06-30 03:35:38 re/_trace.py:47 close.complete
DEBUG 2026-06-30 03:35:38 re/_trace.py:47 close.started
DEBUG 2026-06-30 03:35:38 re/_trace.py:47 close.complete
DEBUG 2026-06-30 03:35:39 re/_trace.py:47 close.started
DEBUG 2026-06-30 03:35:39 re/_trace.py:47 close.complete
DEBUG 2026-06-30 03:35:39 re/_trace.py:47 close.started
DEBUG 2026-06-30 03:35:39 re/_trace.py:47 close.complete
DEBUG 2026-06-30 03:35:39 re/_trace.py:47 close.started
DEBUG 2026-06-30 03:35:39 re/_trace.py:47 close.complete
DEBUG 2026-06-30 03:35:39 re/_trace.py:47 close.started
DEBUG 2026-06-30 03:35:39 re/_trace.py:47 close.complete
DEBUG 2026-06-30 03:38:02 re/_trace.py:47 close.started
DEBUG 2026-06-30 03:38:02 re/_trace.py:47 close.complete
DEBUG 2026-06-30 03:38:02 re/_trace.py:47 close.started
DEBUG 2026-06-30 03:38:02 re/_trace.py:47 close.complete
DEBUG 2026-06-30 03:38:02 re/_trace.py:47 close.started
DEBUG 2026-06-30 03:38:02 re/_trace.py:47 close.complete
DEBUG 2026-06-30 03:38:02 re/_trace.py:47 close.started
DEBUG 2026-06-30 03:38:02 re/_trace.py:47 close.complete
DEBUG 2026-06-30 03:38:02 re/_trace.py:47 close.started
DEBUG 2026-06-30 03:38:02 re/_trace.py:47 close.complete
DEBUG 2026-06-30 03:38:02 re/_trace.py:47 close.started
DEBUG 2026-06-30 03:38:02 re/_trace.py:47 close.complete
DEBUG 2026-06-30 03:38:02 re/_trace.py:47 close.started
DEBUG 2026-06-30 03:38:02 re/_trace.py:47 close.complete
DEBUG 2026-06-30 03:38:02 re/_trace.py:47 close.started
DEBUG 2026-06-30 03:38:02 re/_trace.py:47 close.complete
DEBUG 2026-06-30 03:38:02 re/_trace.py:47 close.started
DEBUG 2026-06-30 03:38:02 re/_trace.py:47 close.complete
DEBUG 2026-06-30 03:38:02 re/_trace.py:47 close.started
DEBUG 2026-06-30 03:38:02 re/_trace.py:47 close.complete
INFO 2026-06-30 03:40:08 ot_train.py:459 step:24K smpl:15M ep:23K epch:452.10 loss:0.001 grdn:0.039 lr:1.2e-05 updt_s:2.283 data_s:0.331
WARNING 2026-06-30 03:40:08 db_utils.py:181 WandB logging of key "loss_per_dim" was ignored as its type "<class 'list'>" is not handled by this wrapper.
DEBUG 2026-06-30 03:40:27 re/_trace.py:47 close.started
DEBUG 2026-06-30 03:40:27 re/_trace.py:47 close.complete
DEBUG 2026-06-30 03:40:27 re/_trace.py:47 close.started
DEBUG 2026-06-30 03:40:27 re/_trace.py:47 close.complete
DEBUG 2026-06-30 03:40:27 re/_trace.py:47 close.started
DEBUG 2026-06-30 03:40:27 re/_trace.py:47 close.complete
DEBUG 2026-06-30 03:40:28 re/_trace.py:47 close.started
DEBUG 2026-06-30 03:40:28 re/_trace.py:47 close.complete
DEBUG 2026-06-30 03:40:28 re/_trace.py:47 close.started
DEBUG 2026-06-30 03:40:28 re/_trace.py:47 close.complete
DEBUG 2026-06-30 03:40:28 re/_trace.py:47 close.started
DEBUG 2026-06-30 03:40:28 re/_trace.py:47 close.complete
DEBUG 2026-06-30 03:40:28 re/_trace.py:47 close.started
DEBUG 2026-06-30 03:40:28 re/_trace.py:47 close.complete
DEBUG 2026-06-30 03:40:28 re/_trace.py:47 close.started
DEBUG 2026-06-30 03:40:28 re/_trace.py:47 close.complete
DEBUG 2026-06-30 03:40:28 re/_trace.py:47 close.started
DEBUG 2026-06-30 03:40:28 re/_trace.py:47 close.complete
DEBUG 2026-06-30 03:40:28 re/_trace.py:47 close.started
DEBUG 2026-06-30 03:40:28 re/_trace.py:47 close.complete
DEBUG 2026-06-30 03:42:52 re/_trace.py:47 close.started
DEBUG 2026-06-30 03:42:52 re/_trace.py:47 close.complete
DEBUG 2026-06-30 03:42:52 re/_trace.py:47 close.started
DEBUG 2026-06-30 03:42:52 re/_trace.py:47 close.complete
DEBUG 2026-06-30 03:42:52 re/_trace.py:47 close.started
DEBUG 2026-06-30 03:42:52 re/_trace.py:47 close.complete
DEBUG 2026-06-30 03:42:52 re/_trace.py:47 close.started
DEBUG 2026-06-30 03:42:52 re/_trace.py:47 close.complete
DEBUG 2026-06-30 03:42:52 re/_trace.py:47 close.started
DEBUG 2026-06-30 03:42:52 re/_trace.py:47 close.complete
DEBUG 2026-06-30 03:42:53 re/_trace.py:47 close.started
DEBUG 2026-06-30 03:42:53 re/_trace.py:47 close.complete
DEBUG 2026-06-30 03:42:53 re/_trace.py:47 close.started
DEBUG 2026-06-30 03:42:53 re/_trace.py:47 close.complete
DEBUG 2026-06-30 03:42:53 re/_trace.py:47 close.started
DEBUG 2026-06-30 03:42:53 re/_trace.py:47 close.complete
DEBUG 2026-06-30 03:42:53 re/_trace.py:47 close.started
DEBUG 2026-06-30 03:42:53 re/_trace.py:47 close.complete
DEBUG 2026-06-30 03:42:53 re/_trace.py:47 close.started
DEBUG 2026-06-30 03:42:53 re/_trace.py:47 close.complete
DEBUG 2026-06-30 03:45:18 re/_trace.py:47 close.started
DEBUG 2026-06-30 03:45:18 re/_trace.py:47 close.complete
DEBUG 2026-06-30 03:45:18 re/_trace.py:47 close.started
DEBUG 2026-06-30 03:45:18 re/_trace.py:47 close.complete
DEBUG 2026-06-30 03:45:18 re/_trace.py:47 close.started
DEBUG 2026-06-30 03:45:18 re/_trace.py:47 close.complete
DEBUG 2026-06-30 03:45:18 re/_trace.py:47 close.started
DEBUG 2026-06-30 03:45:18 re/_trace.py:47 close.complete
DEBUG 2026-06-30 03:45:19 re/_trace.py:47 close.started
DEBUG 2026-06-30 03:45:19 re/_trace.py:47 close.complete
DEBUG 2026-06-30 03:45:19 re/_trace.py:47 close.started
DEBUG 2026-06-30 03:45:19 re/_trace.py:47 close.complete
DEBUG 2026-06-30 03:45:19 re/_trace.py:47 close.started
DEBUG 2026-06-30 03:45:19 re/_trace.py:47 close.complete
DEBUG 2026-06-30 03:45:19 re/_trace.py:47 close.started
DEBUG 2026-06-30 03:45:19 re/_trace.py:47 close.complete
DEBUG 2026-06-30 03:45:19 re/_trace.py:47 close.started
DEBUG 2026-06-30 03:45:19 re/_trace.py:47 close.complete
DEBUG 2026-06-30 03:45:19 re/_trace.py:47 close.started
DEBUG 2026-06-30 03:45:19 re/_trace.py:47 close.complete
DEBUG 2026-06-30 03:47:44 re/_trace.py:47 close.started
DEBUG 2026-06-30 03:47:44 re/_trace.py:47 close.complete
DEBUG 2026-06-30 03:47:44 re/_trace.py:47 close.started
DEBUG 2026-06-30 03:47:44 re/_trace.py:47 close.complete
DEBUG 2026-06-30 03:47:44 re/_trace.py:47 close.started
DEBUG 2026-06-30 03:47:44 re/_trace.py:47 close.complete
DEBUG 2026-06-30 03:47:44 re/_trace.py:47 close.started
DEBUG 2026-06-30 03:47:44 re/_trace.py:47 close.complete
DEBUG 2026-06-30 03:47:44 re/_trace.py:47 close.started
DEBUG 2026-06-30 03:47:44 re/_trace.py:47 close.complete
DEBUG 2026-06-30 03:47:44 re/_trace.py:47 close.started
DEBUG 2026-06-30 03:47:44 re/_trace.py:47 close.complete
DEBUG 2026-06-30 03:47:44 re/_trace.py:47 close.started
DEBUG 2026-06-30 03:47:44 re/_trace.py:47 close.complete
DEBUG 2026-06-30 03:47:44 re/_trace.py:47 close.started
DEBUG 2026-06-30 03:47:44 re/_trace.py:47 close.complete
DEBUG 2026-06-30 03:47:44 re/_trace.py:47 close.started
DEBUG 2026-06-30 03:47:44 re/_trace.py:47 close.complete
DEBUG 2026-06-30 03:47:44 re/_trace.py:47 close.started
DEBUG 2026-06-30 03:47:44 re/_trace.py:47 close.complete
INFO 2026-06-30 03:49:14 ot_train.py:459 step:25K smpl:15M ep:23K epch:455.81 loss:0.001 grdn:0.042 lr:1.1e-05 updt_s:2.351 data_s:0.377
WARNING 2026-06-30 03:49:14 db_utils.py:181 WandB logging of key "loss_per_dim" was ignored as its type "<class 'list'>" is not handled by this wrapper.
DEBUG 2026-06-30 03:50:09 re/_trace.py:47 close.started
DEBUG 2026-06-30 03:50:09 re/_trace.py:47 close.complete
DEBUG 2026-06-30 03:50:09 re/_trace.py:47 close.started
DEBUG 2026-06-30 03:50:09 re/_trace.py:47 close.complete
DEBUG 2026-06-30 03:50:09 re/_trace.py:47 close.started
DEBUG 2026-06-30 03:50:09 re/_trace.py:47 close.complete
DEBUG 2026-06-30 03:50:09 re/_trace.py:47 close.started
DEBUG 2026-06-30 03:50:09 re/_trace.py:47 close.complete
DEBUG 2026-06-30 03:50:09 re/_trace.py:47 close.started
DEBUG 2026-06-30 03:50:09 re/_trace.py:47 close.complete
DEBUG 2026-06-30 03:50:09 re/_trace.py:47 close.started
DEBUG 2026-06-30 03:50:09 re/_trace.py:47 close.complete
DEBUG 2026-06-30 03:50:09 re/_trace.py:47 close.started
DEBUG 2026-06-30 03:50:09 re/_trace.py:47 close.complete
DEBUG 2026-06-30 03:50:09 re/_trace.py:47 close.started
DEBUG 2026-06-30 03:50:09 re/_trace.py:47 close.complete
DEBUG 2026-06-30 03:50:09 re/_trace.py:47 close.started
DEBUG 2026-06-30 03:50:09 re/_trace.py:47 close.complete
DEBUG 2026-06-30 03:50:09 re/_trace.py:47 close.started
DEBUG 2026-06-30 03:50:09 re/_trace.py:47 close.complete
DEBUG 2026-06-30 03:52:35 re/_trace.py:47 close.started
DEBUG 2026-06-30 03:52:35 re/_trace.py:47 close.complete
DEBUG 2026-06-30 03:52:35 re/_trace.py:47 close.started
DEBUG 2026-06-30 03:52:35 re/_trace.py:47 close.complete
DEBUG 2026-06-30 03:52:35 re/_trace.py:47 close.started
DEBUG 2026-06-30 03:52:35 re/_trace.py:47 close.complete
DEBUG 2026-06-30 03:52:35 re/_trace.py:47 close.started
DEBUG 2026-06-30 03:52:35 re/_trace.py:47 close.complete
DEBUG 2026-06-30 03:52:35 re/_trace.py:47 close.started
DEBUG 2026-06-30 03:52:35 re/_trace.py:47 close.complete
DEBUG 2026-06-30 03:52:35 re/_trace.py:47 close.started
DEBUG 2026-06-30 03:52:35 re/_trace.py:47 close.complete
DEBUG 2026-06-30 03:52:35 re/_trace.py:47 close.started
DEBUG 2026-06-30 03:52:35 re/_trace.py:47 close.complete
DEBUG 2026-06-30 03:52:35 re/_trace.py:47 close.started
DEBUG 2026-06-30 03:52:35 re/_trace.py:47 close.complete
DEBUG 2026-06-30 03:52:35 re/_trace.py:47 close.started
DEBUG 2026-06-30 03:52:35 re/_trace.py:47 close.complete
DEBUG 2026-06-30 03:52:35 re/_trace.py:47 close.started
DEBUG 2026-06-30 03:52:35 re/_trace.py:47 close.complete
DEBUG 2026-06-30 03:55:00 re/_trace.py:47 close.started
DEBUG 2026-06-30 03:55:00 re/_trace.py:47 close.complete
DEBUG 2026-06-30 03:55:00 re/_trace.py:47 close.started
DEBUG 2026-06-30 03:55:00 re/_trace.py:47 close.complete
DEBUG 2026-06-30 03:55:00 re/_trace.py:47 close.started
DEBUG 2026-06-30 03:55:00 re/_trace.py:47 close.complete
DEBUG 2026-06-30 03:55:00 re/_trace.py:47 close.started
DEBUG 2026-06-30 03:55:00 re/_trace.py:47 close.complete
DEBUG 2026-06-30 03:55:00 re/_trace.py:47 close.started
DEBUG 2026-06-30 03:55:00 re/_trace.py:47 close.complete
DEBUG 2026-06-30 03:55:00 re/_trace.py:47 close.started
DEBUG 2026-06-30 03:55:00 re/_trace.py:47 close.complete
DEBUG 2026-06-30 03:55:00 re/_trace.py:47 close.started
DEBUG 2026-06-30 03:55:00 re/_trace.py:47 close.complete
DEBUG 2026-06-30 03:55:00 re/_trace.py:47 close.started
DEBUG 2026-06-30 03:55:00 re/_trace.py:47 close.complete
DEBUG 2026-06-30 03:55:00 re/_trace.py:47 close.started
DEBUG 2026-06-30 03:55:00 re/_trace.py:47 close.complete
DEBUG 2026-06-30 03:55:00 re/_trace.py:47 close.started
DEBUG 2026-06-30 03:55:00 re/_trace.py:47 close.complete
DEBUG 2026-06-30 03:57:26 re/_trace.py:47 close.started
DEBUG 2026-06-30 03:57:26 re/_trace.py:47 close.complete
DEBUG 2026-06-30 03:57:26 re/_trace.py:47 close.started
DEBUG 2026-06-30 03:57:26 re/_trace.py:47 close.complete
DEBUG 2026-06-30 03:57:26 re/_trace.py:47 close.started
DEBUG 2026-06-30 03:57:26 re/_trace.py:47 close.complete
DEBUG 2026-06-30 03:57:26 re/_trace.py:47 close.started
DEBUG 2026-06-30 03:57:26 re/_trace.py:47 close.complete
DEBUG 2026-06-30 03:57:26 re/_trace.py:47 close.started
DEBUG 2026-06-30 03:57:26 re/_trace.py:47 close.complete
DEBUG 2026-06-30 03:57:26 re/_trace.py:47 close.started
DEBUG 2026-06-30 03:57:26 re/_trace.py:47 close.complete
DEBUG 2026-06-30 03:57:26 re/_trace.py:47 close.started
DEBUG 2026-06-30 03:57:26 re/_trace.py:47 close.complete
DEBUG 2026-06-30 03:57:26 re/_trace.py:47 close.started
DEBUG 2026-06-30 03:57:26 re/_trace.py:47 close.complete
DEBUG 2026-06-30 03:57:26 re/_trace.py:47 close.started
DEBUG 2026-06-30 03:57:26 re/_trace.py:47 close.complete
DEBUG 2026-06-30 03:57:26 re/_trace.py:47 close.started
DEBUG 2026-06-30 03:57:26 re/_trace.py:47 close.complete
INFO 2026-06-30 03:58:20 ot_train.py:459 step:25K smpl:15M ep:23K epch:459.51 loss:0.001 grdn:0.041 lr:1.1e-05 updt_s:2.341 data_s:0.387
WARNING 2026-06-30 03:58:20 db_utils.py:181 WandB logging of key "loss_per_dim" was ignored as its type "<class 'list'>" is not handled by this wrapper.
DEBUG 2026-06-30 03:59:52 re/_trace.py:47 close.started
DEBUG 2026-06-30 03:59:52 re/_trace.py:47 close.complete
DEBUG 2026-06-30 03:59:52 re/_trace.py:47 close.started
DEBUG 2026-06-30 03:59:52 re/_trace.py:47 close.complete
DEBUG 2026-06-30 03:59:52 re/_trace.py:47 close.started
DEBUG 2026-06-30 03:59:52 re/_trace.py:47 close.complete
DEBUG 2026-06-30 03:59:52 re/_trace.py:47 close.started
DEBUG 2026-06-30 03:59:52 re/_trace.py:47 close.complete
DEBUG 2026-06-30 03:59:52 re/_trace.py:47 close.started
DEBUG 2026-06-30 03:59:52 re/_trace.py:47 close.complete
DEBUG 2026-06-30 03:59:52 re/_trace.py:47 close.started
DEBUG 2026-06-30 03:59:52 re/_trace.py:47 close.complete
DEBUG 2026-06-30 03:59:52 re/_trace.py:47 close.started
DEBUG 2026-06-30 03:59:52 re/_trace.py:47 close.complete
DEBUG 2026-06-30 03:59:52 re/_trace.py:47 close.started
DEBUG 2026-06-30 03:59:52 re/_trace.py:47 close.complete
DEBUG 2026-06-30 03:59:52 re/_trace.py:47 close.started
DEBUG 2026-06-30 03:59:52 re/_trace.py:47 close.complete
DEBUG 2026-06-30 03:59:52 re/_trace.py:47 close.started
DEBUG 2026-06-30 03:59:52 re/_trace.py:47 close.complete
DEBUG 2026-06-30 04:02:18 re/_trace.py:47 close.started
DEBUG 2026-06-30 04:02:18 re/_trace.py:47 close.complete
DEBUG 2026-06-30 04:02:18 re/_trace.py:47 close.started
DEBUG 2026-06-30 04:02:18 re/_trace.py:47 close.complete
DEBUG 2026-06-30 04:02:18 re/_trace.py:47 close.started
DEBUG 2026-06-30 04:02:18 re/_trace.py:47 close.complete
DEBUG 2026-06-30 04:02:18 re/_trace.py:47 close.started
DEBUG 2026-06-30 04:02:18 re/_trace.py:47 close.complete
DEBUG 2026-06-30 04:02:18 re/_trace.py:47 close.started
DEBUG 2026-06-30 04:02:18 re/_trace.py:47 close.complete
DEBUG 2026-06-30 04:02:18 re/_trace.py:47 close.started
DEBUG 2026-06-30 04:02:18 re/_trace.py:47 close.complete
DEBUG 2026-06-30 04:02:18 re/_trace.py:47 close.started
DEBUG 2026-06-30 04:02:18 re/_trace.py:47 close.complete
DEBUG 2026-06-30 04:02:18 re/_trace.py:47 close.started
DEBUG 2026-06-30 04:02:18 re/_trace.py:47 close.complete
DEBUG 2026-06-30 04:02:18 re/_trace.py:47 close.started
DEBUG 2026-06-30 04:02:18 re/_trace.py:47 close.complete
DEBUG 2026-06-30 04:02:18 re/_trace.py:47 close.started
DEBUG 2026-06-30 04:02:18 re/_trace.py:47 close.complete
DEBUG 2026-06-30 04:04:44 re/_trace.py:47 close.started
DEBUG 2026-06-30 04:04:44 re/_trace.py:47 close.complete
DEBUG 2026-06-30 04:04:44 re/_trace.py:47 close.started
DEBUG 2026-06-30 04:04:44 re/_trace.py:47 close.complete
DEBUG 2026-06-30 04:04:44 re/_trace.py:47 close.started
DEBUG 2026-06-30 04:04:44 re/_trace.py:47 close.complete
DEBUG 2026-06-30 04:04:44 re/_trace.py:47 close.started
DEBUG 2026-06-30 04:04:44 re/_trace.py:47 close.complete
DEBUG 2026-06-30 04:04:44 re/_trace.py:47 close.started
DEBUG 2026-06-30 04:04:44 re/_trace.py:47 close.complete
DEBUG 2026-06-30 04:04:44 re/_trace.py:47 close.started
DEBUG 2026-06-30 04:04:44 re/_trace.py:47 close.complete
DEBUG 2026-06-30 04:04:44 re/_trace.py:47 close.started
DEBUG 2026-06-30 04:04:44 re/_trace.py:47 close.complete
DEBUG 2026-06-30 04:04:44 re/_trace.py:47 close.started
DEBUG 2026-06-30 04:04:44 re/_trace.py:47 close.complete
DEBUG 2026-06-30 04:04:44 re/_trace.py:47 close.started
DEBUG 2026-06-30 04:04:44 re/_trace.py:47 close.complete
DEBUG 2026-06-30 04:04:44 re/_trace.py:47 close.started
DEBUG 2026-06-30 04:04:44 re/_trace.py:47 close.complete
INFO 2026-06-30 04:07:04 ot_train.py:459 step:25K smpl:15M ep:23K epch:463.22 loss:0.001 grdn:0.040 lr:1.0e-05 updt_s:2.319 data_s:0.295
WARNING 2026-06-30 04:07:04 db_utils.py:181 WandB logging of key "loss_per_dim" was ignored as its type "<class 'list'>" is not handled by this wrapper.
DEBUG 2026-06-30 04:07:09 re/_trace.py:47 close.started
DEBUG 2026-06-30 04:07:09 re/_trace.py:47 close.complete
DEBUG 2026-06-30 04:07:09 re/_trace.py:47 close.started
DEBUG 2026-06-30 04:07:09 re/_trace.py:47 close.complete
DEBUG 2026-06-30 04:07:09 re/_trace.py:47 close.started
DEBUG 2026-06-30 04:07:09 re/_trace.py:47 close.complete
DEBUG 2026-06-30 04:07:09 re/_trace.py:47 close.started
DEBUG 2026-06-30 04:07:09 re/_trace.py:47 close.complete
DEBUG 2026-06-30 04:07:10 re/_trace.py:47 close.started
DEBUG 2026-06-30 04:07:10 re/_trace.py:47 close.complete
DEBUG 2026-06-30 04:07:10 re/_trace.py:47 close.started
DEBUG 2026-06-30 04:07:10 re/_trace.py:47 close.complete
DEBUG 2026-06-30 04:07:10 re/_trace.py:47 close.started
DEBUG 2026-06-30 04:07:10 re/_trace.py:47 close.complete
DEBUG 2026-06-30 04:07:10 re/_trace.py:47 close.started
DEBUG 2026-06-30 04:07:10 re/_trace.py:47 close.complete
DEBUG 2026-06-30 04:07:10 re/_trace.py:47 close.started
DEBUG 2026-06-30 04:07:10 re/_trace.py:47 close.complete
DEBUG 2026-06-30 04:07:10 re/_trace.py:47 close.started
DEBUG 2026-06-30 04:07:10 re/_trace.py:47 close.complete
DEBUG 2026-06-30 04:09:35 re/_trace.py:47 close.started
DEBUG 2026-06-30 04:09:35 re/_trace.py:47 close.complete
DEBUG 2026-06-30 04:09:35 re/_trace.py:47 close.started
DEBUG 2026-06-30 04:09:35 re/_trace.py:47 close.complete
DEBUG 2026-06-30 04:09:35 re/_trace.py:47 close.started
DEBUG 2026-06-30 04:09:35 re/_trace.py:47 close.complete
DEBUG 2026-06-30 04:09:35 re/_trace.py:47 close.started
DEBUG 2026-06-30 04:09:35 re/_trace.py:47 close.complete
DEBUG 2026-06-30 04:09:35 re/_trace.py:47 close.started
DEBUG 2026-06-30 04:09:35 re/_trace.py:47 close.complete
DEBUG 2026-06-30 04:09:35 re/_trace.py:47 close.started
DEBUG 2026-06-30 04:09:35 re/_trace.py:47 close.complete
DEBUG 2026-06-30 04:09:35 re/_trace.py:47 close.started
DEBUG 2026-06-30 04:09:35 re/_trace.py:47 close.complete
DEBUG 2026-06-30 04:09:35 re/_trace.py:47 close.started
DEBUG 2026-06-30 04:09:35 re/_trace.py:47 close.complete
DEBUG 2026-06-30 04:09:35 re/_trace.py:47 close.started
DEBUG 2026-06-30 04:09:35 re/_trace.py:47 close.complete
DEBUG 2026-06-30 04:09:35 re/_trace.py:47 close.started
DEBUG 2026-06-30 04:09:35 re/_trace.py:47 close.complete
DEBUG 2026-06-30 04:11:59 re/_trace.py:47 close.started
DEBUG 2026-06-30 04:11:59 re/_trace.py:47 close.complete
DEBUG 2026-06-30 04:11:59 re/_trace.py:47 close.started
DEBUG 2026-06-30 04:11:59 re/_trace.py:47 close.complete
DEBUG 2026-06-30 04:11:59 re/_trace.py:47 close.started
DEBUG 2026-06-30 04:11:59 re/_trace.py:47 close.complete
DEBUG 2026-06-30 04:12:00 re/_trace.py:47 close.started
DEBUG 2026-06-30 04:12:00 re/_trace.py:47 close.complete
DEBUG 2026-06-30 04:12:00 re/_trace.py:47 close.started
DEBUG 2026-06-30 04:12:00 re/_trace.py:47 close.complete
DEBUG 2026-06-30 04:12:00 re/_trace.py:47 close.started
DEBUG 2026-06-30 04:12:00 re/_trace.py:47 close.complete
DEBUG 2026-06-30 04:12:00 re/_trace.py:47 close.started
DEBUG 2026-06-30 04:12:00 re/_trace.py:47 close.complete
DEBUG 2026-06-30 04:12:00 re/_trace.py:47 close.started
DEBUG 2026-06-30 04:12:00 re/_trace.py:47 close.complete
DEBUG 2026-06-30 04:12:00 re/_trace.py:47 close.started
DEBUG 2026-06-30 04:12:00 re/_trace.py:47 close.complete
DEBUG 2026-06-30 04:12:00 re/_trace.py:47 close.started
DEBUG 2026-06-30 04:12:00 re/_trace.py:47 close.complete
DEBUG 2026-06-30 04:14:26 re/_trace.py:47 close.started
DEBUG 2026-06-30 04:14:26 re/_trace.py:47 close.complete
DEBUG 2026-06-30 04:14:26 re/_trace.py:47 close.started
DEBUG 2026-06-30 04:14:26 re/_trace.py:47 close.complete
DEBUG 2026-06-30 04:14:26 re/_trace.py:47 close.started
DEBUG 2026-06-30 04:14:26 re/_trace.py:47 close.complete
DEBUG 2026-06-30 04:14:26 re/_trace.py:47 close.started
DEBUG 2026-06-30 04:14:26 re/_trace.py:47 close.complete
DEBUG 2026-06-30 04:14:26 re/_trace.py:47 close.started
DEBUG 2026-06-30 04:14:26 re/_trace.py:47 close.complete
DEBUG 2026-06-30 04:14:26 re/_trace.py:47 close.started
DEBUG 2026-06-30 04:14:26 re/_trace.py:47 close.complete
DEBUG 2026-06-30 04:14:26 re/_trace.py:47 close.started
DEBUG 2026-06-30 04:14:26 re/_trace.py:47 close.complete
DEBUG 2026-06-30 04:14:26 re/_trace.py:47 close.started
DEBUG 2026-06-30 04:14:26 re/_trace.py:47 close.complete
DEBUG 2026-06-30 04:14:26 re/_trace.py:47 close.started
DEBUG 2026-06-30 04:14:26 re/_trace.py:47 close.complete
DEBUG 2026-06-30 04:14:26 re/_trace.py:47 close.started
DEBUG 2026-06-30 04:14:26 re/_trace.py:47 close.complete
INFO 2026-06-30 04:16:11 ot_train.py:459 step:25K smpl:15M ep:23K epch:466.92 loss:0.001 grdn:0.039 lr:9.4e-06 updt_s:2.343 data_s:0.390
WARNING 2026-06-30 04:16:11 db_utils.py:181 WandB logging of key "loss_per_dim" was ignored as its type "<class 'list'>" is not handled by this wrapper.
DEBUG 2026-06-30 04:16:53 re/_trace.py:47 close.started
DEBUG 2026-06-30 04:16:53 re/_trace.py:47 close.complete
DEBUG 2026-06-30 04:16:53 re/_trace.py:47 close.started
DEBUG 2026-06-30 04:16:53 re/_trace.py:47 close.complete
DEBUG 2026-06-30 04:16:53 re/_trace.py:47 close.started
DEBUG 2026-06-30 04:16:53 re/_trace.py:47 close.complete
DEBUG 2026-06-30 04:16:53 re/_trace.py:47 close.started
DEBUG 2026-06-30 04:16:53 re/_trace.py:47 close.complete
DEBUG 2026-06-30 04:16:53 re/_trace.py:47 close.started
DEBUG 2026-06-30 04:16:53 re/_trace.py:47 close.complete
DEBUG 2026-06-30 04:16:53 re/_trace.py:47 close.started
DEBUG 2026-06-30 04:16:53 re/_trace.py:47 close.complete
DEBUG 2026-06-30 04:16:53 re/_trace.py:47 close.started
DEBUG 2026-06-30 04:16:53 re/_trace.py:47 close.complete
DEBUG 2026-06-30 04:16:53 re/_trace.py:47 close.started
DEBUG 2026-06-30 04:16:53 re/_trace.py:47 close.complete
DEBUG 2026-06-30 04:16:53 re/_trace.py:47 close.started
DEBUG 2026-06-30 04:16:53 re/_trace.py:47 close.complete
DEBUG 2026-06-30 04:16:53 re/_trace.py:47 close.started
DEBUG 2026-06-30 04:16:53 re/_trace.py:47 close.complete
DEBUG 2026-06-30 04:19:18 re/_trace.py:47 close.started
DEBUG 2026-06-30 04:19:18 re/_trace.py:47 close.complete
DEBUG 2026-06-30 04:19:18 re/_trace.py:47 close.started
DEBUG 2026-06-30 04:19:18 re/_trace.py:47 close.complete
DEBUG 2026-06-30 04:19:18 re/_trace.py:47 close.started
DEBUG 2026-06-30 04:19:18 re/_trace.py:47 close.complete
DEBUG 2026-06-30 04:19:18 re/_trace.py:47 close.started
DEBUG 2026-06-30 04:19:18 re/_trace.py:47 close.complete
DEBUG 2026-06-30 04:19:18 re/_trace.py:47 close.started
DEBUG 2026-06-30 04:19:18 re/_trace.py:47 close.complete
DEBUG 2026-06-30 04:19:18 re/_trace.py:47 close.started
DEBUG 2026-06-30 04:19:18 re/_trace.py:47 close.complete
DEBUG 2026-06-30 04:19:18 re/_trace.py:47 close.started
DEBUG 2026-06-30 04:19:18 re/_trace.py:47 close.complete
DEBUG 2026-06-30 04:19:18 re/_trace.py:47 close.started
DEBUG 2026-06-30 04:19:18 re/_trace.py:47 close.complete
DEBUG 2026-06-30 04:19:18 re/_trace.py:47 close.started
DEBUG 2026-06-30 04:19:18 re/_trace.py:47 close.complete
DEBUG 2026-06-30 04:19:18 re/_trace.py:47 close.started
DEBUG 2026-06-30 04:19:18 re/_trace.py:47 close.complete
DEBUG 2026-06-30 04:21:43 re/_trace.py:47 close.started
DEBUG 2026-06-30 04:21:43 re/_trace.py:47 close.complete
DEBUG 2026-06-30 04:21:43 re/_trace.py:47 close.started
DEBUG 2026-06-30 04:21:43 re/_trace.py:47 close.complete
DEBUG 2026-06-30 04:21:43 re/_trace.py:47 close.started
DEBUG 2026-06-30 04:21:43 re/_trace.py:47 close.complete
DEBUG 2026-06-30 04:21:43 re/_trace.py:47 close.started
DEBUG 2026-06-30 04:21:43 re/_trace.py:47 close.complete
DEBUG 2026-06-30 04:21:43 re/_trace.py:47 close.started
DEBUG 2026-06-30 04:21:43 re/_trace.py:47 close.complete
DEBUG 2026-06-30 04:21:43 re/_trace.py:47 close.started
DEBUG 2026-06-30 04:21:43 re/_trace.py:47 close.complete
DEBUG 2026-06-30 04:21:43 re/_trace.py:47 close.started
DEBUG 2026-06-30 04:21:43 re/_trace.py:47 close.complete
DEBUG 2026-06-30 04:21:43 re/_trace.py:47 close.started
DEBUG 2026-06-30 04:21:43 re/_trace.py:47 close.complete
DEBUG 2026-06-30 04:21:43 re/_trace.py:47 close.started
DEBUG 2026-06-30 04:21:43 re/_trace.py:47 close.complete
DEBUG 2026-06-30 04:21:43 re/_trace.py:47 close.started
DEBUG 2026-06-30 04:21:43 re/_trace.py:47 close.complete
DEBUG 2026-06-30 04:24:08 re/_trace.py:47 close.started
DEBUG 2026-06-30 04:24:08 re/_trace.py:47 close.complete
DEBUG 2026-06-30 04:24:08 re/_trace.py:47 close.started
DEBUG 2026-06-30 04:24:08 re/_trace.py:47 close.complete
DEBUG 2026-06-30 04:24:08 re/_trace.py:47 close.started
DEBUG 2026-06-30 04:24:08 re/_trace.py:47 close.complete
DEBUG 2026-06-30 04:24:09 re/_trace.py:47 close.started
DEBUG 2026-06-30 04:24:09 re/_trace.py:47 close.complete
DEBUG 2026-06-30 04:24:09 re/_trace.py:47 close.started
DEBUG 2026-06-30 04:24:09 re/_trace.py:47 close.complete
DEBUG 2026-06-30 04:24:09 re/_trace.py:47 close.started
DEBUG 2026-06-30 04:24:09 re/_trace.py:47 close.complete
DEBUG 2026-06-30 04:24:09 re/_trace.py:47 close.started
DEBUG 2026-06-30 04:24:09 re/_trace.py:47 close.complete
DEBUG 2026-06-30 04:24:09 re/_trace.py:47 close.started
DEBUG 2026-06-30 04:24:09 re/_trace.py:47 close.complete
DEBUG 2026-06-30 04:24:09 re/_trace.py:47 close.started
DEBUG 2026-06-30 04:24:09 re/_trace.py:47 close.complete
DEBUG 2026-06-30 04:24:09 re/_trace.py:47 close.started
DEBUG 2026-06-30 04:24:09 re/_trace.py:47 close.complete
INFO 2026-06-30 04:25:17 ot_train.py:459 step:25K smpl:15M ep:24K epch:470.63 loss:0.001 grdn:0.041 lr:8.9e-06 updt_s:2.342 data_s:0.385
WARNING 2026-06-30 04:25:17 db_utils.py:181 WandB logging of key "loss_per_dim" was ignored as its type "<class 'list'>" is not handled by this wrapper.
DEBUG 2026-06-30 04:26:36 re/_trace.py:47 close.started
DEBUG 2026-06-30 04:26:36 re/_trace.py:47 close.complete
DEBUG 2026-06-30 04:26:36 re/_trace.py:47 close.started
DEBUG 2026-06-30 04:26:36 re/_trace.py:47 close.complete
DEBUG 2026-06-30 04:26:36 re/_trace.py:47 close.started
DEBUG 2026-06-30 04:26:36 re/_trace.py:47 close.complete
DEBUG 2026-06-30 04:26:36 re/_trace.py:47 close.started
DEBUG 2026-06-30 04:26:36 re/_trace.py:47 close.complete
DEBUG 2026-06-30 04:26:36 re/_trace.py:47 close.started
DEBUG 2026-06-30 04:26:36 re/_trace.py:47 close.complete
DEBUG 2026-06-30 04:26:36 re/_trace.py:47 close.started
DEBUG 2026-06-30 04:26:36 re/_trace.py:47 close.complete
DEBUG 2026-06-30 04:26:36 re/_trace.py:47 close.started
DEBUG 2026-06-30 04:26:36 re/_trace.py:47 close.complete
DEBUG 2026-06-30 04:26:36 re/_trace.py:47 close.started
DEBUG 2026-06-30 04:26:36 re/_trace.py:47 close.complete
DEBUG 2026-06-30 04:26:36 re/_trace.py:47 close.started
DEBUG 2026-06-30 04:26:36 re/_trace.py:47 close.complete
DEBUG 2026-06-30 04:26:36 re/_trace.py:47 close.started
DEBUG 2026-06-30 04:26:36 re/_trace.py:47 close.complete
DEBUG 2026-06-30 04:29:00 re/_trace.py:47 close.started
DEBUG 2026-06-30 04:29:00 re/_trace.py:47 close.complete
DEBUG 2026-06-30 04:29:00 re/_trace.py:47 close.started
DEBUG 2026-06-30 04:29:00 re/_trace.py:47 close.complete
DEBUG 2026-06-30 04:29:00 re/_trace.py:47 close.started
DEBUG 2026-06-30 04:29:00 re/_trace.py:47 close.complete
DEBUG 2026-06-30 04:29:00 re/_trace.py:47 close.started
DEBUG 2026-06-30 04:29:00 re/_trace.py:47 close.complete
DEBUG 2026-06-30 04:29:00 re/_trace.py:47 close.started
DEBUG 2026-06-30 04:29:00 re/_trace.py:47 close.complete
DEBUG 2026-06-30 04:29:00 re/_trace.py:47 close.started
DEBUG 2026-06-30 04:29:00 re/_trace.py:47 close.complete
DEBUG 2026-06-30 04:29:00 re/_trace.py:47 close.started
DEBUG 2026-06-30 04:29:00 re/_trace.py:47 close.complete
DEBUG 2026-06-30 04:29:00 re/_trace.py:47 close.started
DEBUG 2026-06-30 04:29:00 re/_trace.py:47 close.complete
DEBUG 2026-06-30 04:29:00 re/_trace.py:47 close.started
DEBUG 2026-06-30 04:29:00 re/_trace.py:47 close.complete
DEBUG 2026-06-30 04:29:00 re/_trace.py:47 close.started
DEBUG 2026-06-30 04:29:00 re/_trace.py:47 close.complete
DEBUG 2026-06-30 04:31:24 re/_trace.py:47 close.started
DEBUG 2026-06-30 04:31:24 re/_trace.py:47 close.complete
DEBUG 2026-06-30 04:31:24 re/_trace.py:47 close.started
DEBUG 2026-06-30 04:31:24 re/_trace.py:47 close.complete
DEBUG 2026-06-30 04:31:24 re/_trace.py:47 close.started
DEBUG 2026-06-30 04:31:24 re/_trace.py:47 close.complete
DEBUG 2026-06-30 04:31:24 re/_trace.py:47 close.started
DEBUG 2026-06-30 04:31:24 re/_trace.py:47 close.complete
DEBUG 2026-06-30 04:31:24 re/_trace.py:47 close.started
DEBUG 2026-06-30 04:31:24 re/_trace.py:47 close.complete
DEBUG 2026-06-30 04:31:24 re/_trace.py:47 close.started
DEBUG 2026-06-30 04:31:24 re/_trace.py:47 close.complete
DEBUG 2026-06-30 04:31:24 re/_trace.py:47 close.started
DEBUG 2026-06-30 04:31:24 re/_trace.py:47 close.complete
DEBUG 2026-06-30 04:31:24 re/_trace.py:47 close.started
DEBUG 2026-06-30 04:31:24 re/_trace.py:47 close.complete
DEBUG 2026-06-30 04:31:25 re/_trace.py:47 close.started
DEBUG 2026-06-30 04:31:25 re/_trace.py:47 close.complete
DEBUG 2026-06-30 04:31:25 re/_trace.py:47 close.started
DEBUG 2026-06-30 04:31:25 re/_trace.py:47 close.complete
DEBUG 2026-06-30 04:33:51 re/_trace.py:47 close.started
DEBUG 2026-06-30 04:33:51 re/_trace.py:47 close.complete
DEBUG 2026-06-30 04:33:51 re/_trace.py:47 close.started
DEBUG 2026-06-30 04:33:51 re/_trace.py:47 close.complete
DEBUG 2026-06-30 04:33:51 re/_trace.py:47 close.started
DEBUG 2026-06-30 04:33:51 re/_trace.py:47 close.complete
DEBUG 2026-06-30 04:33:51 re/_trace.py:47 close.started
DEBUG 2026-06-30 04:33:51 re/_trace.py:47 close.complete
DEBUG 2026-06-30 04:33:51 re/_trace.py:47 close.started
DEBUG 2026-06-30 04:33:51 re/_trace.py:47 close.complete
DEBUG 2026-06-30 04:33:51 re/_trace.py:47 close.started
DEBUG 2026-06-30 04:33:51 re/_trace.py:47 close.complete
DEBUG 2026-06-30 04:33:51 re/_trace.py:47 close.started
DEBUG 2026-06-30 04:33:51 re/_trace.py:47 close.complete
DEBUG 2026-06-30 04:33:51 re/_trace.py:47 close.started
DEBUG 2026-06-30 04:33:51 re/_trace.py:47 close.complete
DEBUG 2026-06-30 04:33:51 re/_trace.py:47 close.started
DEBUG 2026-06-30 04:33:51 re/_trace.py:47 close.complete
DEBUG 2026-06-30 04:33:51 re/_trace.py:47 close.started
DEBUG 2026-06-30 04:33:51 re/_trace.py:47 close.complete
INFO 2026-06-30 04:34:20 ot_train.py:459 step:26K smpl:16M ep:24K epch:474.33 loss:0.001 grdn:0.038 lr:8.4e-06 updt_s:2.312 data_s:0.399
WARNING 2026-06-30 04:34:20 db_utils.py:181 WandB logging of key "loss_per_dim" was ignored as its type "<class 'list'>" is not handled by this wrapper.
DEBUG 2026-06-30 04:36:16 re/_trace.py:47 close.started
DEBUG 2026-06-30 04:36:16 re/_trace.py:47 close.complete
DEBUG 2026-06-30 04:36:16 re/_trace.py:47 close.started
DEBUG 2026-06-30 04:36:16 re/_trace.py:47 close.complete
DEBUG 2026-06-30 04:36:16 re/_trace.py:47 close.started
DEBUG 2026-06-30 04:36:16 re/_trace.py:47 close.complete
DEBUG 2026-06-30 04:36:16 re/_trace.py:47 close.started
DEBUG 2026-06-30 04:36:16 re/_trace.py:47 close.complete
DEBUG 2026-06-30 04:36:16 re/_trace.py:47 close.started
DEBUG 2026-06-30 04:36:16 re/_trace.py:47 close.complete
DEBUG 2026-06-30 04:36:16 re/_trace.py:47 close.started
DEBUG 2026-06-30 04:36:16 re/_trace.py:47 close.complete
DEBUG 2026-06-30 04:36:16 re/_trace.py:47 close.started
DEBUG 2026-06-30 04:36:16 re/_trace.py:47 close.complete
DEBUG 2026-06-30 04:36:16 re/_trace.py:47 close.started
DEBUG 2026-06-30 04:36:16 re/_trace.py:47 close.complete
DEBUG 2026-06-30 04:36:16 re/_trace.py:47 close.started
DEBUG 2026-06-30 04:36:16 re/_trace.py:47 close.complete
DEBUG 2026-06-30 04:36:16 re/_trace.py:47 close.started
DEBUG 2026-06-30 04:36:16 re/_trace.py:47 close.complete
DEBUG 2026-06-30 04:38:41 re/_trace.py:47 close.started
DEBUG 2026-06-30 04:38:41 re/_trace.py:47 close.complete
DEBUG 2026-06-30 04:38:41 re/_trace.py:47 close.started
DEBUG 2026-06-30 04:38:41 re/_trace.py:47 close.complete
DEBUG 2026-06-30 04:38:41 re/_trace.py:47 close.started
DEBUG 2026-06-30 04:38:41 re/_trace.py:47 close.complete
DEBUG 2026-06-30 04:38:41 re/_trace.py:47 close.started
DEBUG 2026-06-30 04:38:41 re/_trace.py:47 close.complete
DEBUG 2026-06-30 04:38:41 re/_trace.py:47 close.started
DEBUG 2026-06-30 04:38:41 re/_trace.py:47 close.complete
DEBUG 2026-06-30 04:38:41 re/_trace.py:47 close.started
DEBUG 2026-06-30 04:38:41 re/_trace.py:47 close.complete
DEBUG 2026-06-30 04:38:41 re/_trace.py:47 close.started
DEBUG 2026-06-30 04:38:41 re/_trace.py:47 close.complete
DEBUG 2026-06-30 04:38:41 re/_trace.py:47 close.started
DEBUG 2026-06-30 04:38:41 re/_trace.py:47 close.complete
DEBUG 2026-06-30 04:38:41 re/_trace.py:47 close.started
DEBUG 2026-06-30 04:38:41 re/_trace.py:47 close.complete
DEBUG 2026-06-30 04:38:41 re/_trace.py:47 close.started
DEBUG 2026-06-30 04:38:41 re/_trace.py:47 close.complete
DEBUG 2026-06-30 04:41:06 re/_trace.py:47 close.started
DEBUG 2026-06-30 04:41:06 re/_trace.py:47 close.complete
DEBUG 2026-06-30 04:41:07 re/_trace.py:47 close.started
DEBUG 2026-06-30 04:41:07 re/_trace.py:47 close.complete
DEBUG 2026-06-30 04:41:07 re/_trace.py:47 close.started
DEBUG 2026-06-30 04:41:07 re/_trace.py:47 close.complete
DEBUG 2026-06-30 04:41:07 re/_trace.py:47 close.started
DEBUG 2026-06-30 04:41:07 re/_trace.py:47 close.complete
DEBUG 2026-06-30 04:41:07 re/_trace.py:47 close.started
DEBUG 2026-06-30 04:41:07 re/_trace.py:47 close.complete
DEBUG 2026-06-30 04:41:07 re/_trace.py:47 close.started
DEBUG 2026-06-30 04:41:07 re/_trace.py:47 close.complete
DEBUG 2026-06-30 04:41:07 re/_trace.py:47 close.started
DEBUG 2026-06-30 04:41:07 re/_trace.py:47 close.complete
DEBUG 2026-06-30 04:41:07 re/_trace.py:47 close.started
DEBUG 2026-06-30 04:41:07 re/_trace.py:47 close.complete
DEBUG 2026-06-30 04:41:07 re/_trace.py:47 close.started
DEBUG 2026-06-30 04:41:07 re/_trace.py:47 close.complete
DEBUG 2026-06-30 04:41:07 re/_trace.py:47 close.started
DEBUG 2026-06-30 04:41:07 re/_trace.py:47 close.complete
INFO 2026-06-30 04:43:05 ot_train.py:459 step:26K smpl:16M ep:24K epch:478.04 loss:0.001 grdn:0.039 lr:7.9e-06 updt_s:2.331 data_s:0.294
WARNING 2026-06-30 04:43:05 db_utils.py:181 WandB logging of key "loss_per_dim" was ignored as its type "<class 'list'>" is not handled by this wrapper.
DEBUG 2026-06-30 04:43:33 re/_trace.py:47 close.started
DEBUG 2026-06-30 04:43:33 re/_trace.py:47 close.complete
DEBUG 2026-06-30 04:43:33 re/_trace.py:47 close.started
DEBUG 2026-06-30 04:43:33 re/_trace.py:47 close.complete
DEBUG 2026-06-30 04:43:33 re/_trace.py:47 close.started
DEBUG 2026-06-30 04:43:33 re/_trace.py:47 close.complete
DEBUG 2026-06-30 04:43:33 re/_trace.py:47 close.started
DEBUG 2026-06-30 04:43:33 re/_trace.py:47 close.complete
DEBUG 2026-06-30 04:43:33 re/_trace.py:47 close.started
DEBUG 2026-06-30 04:43:33 re/_trace.py:47 close.complete
DEBUG 2026-06-30 04:43:33 re/_trace.py:47 close.started
DEBUG 2026-06-30 04:43:33 re/_trace.py:47 close.complete
DEBUG 2026-06-30 04:43:33 re/_trace.py:47 close.started
DEBUG 2026-06-30 04:43:33 re/_trace.py:47 close.complete
DEBUG 2026-06-30 04:43:33 re/_trace.py:47 close.started
DEBUG 2026-06-30 04:43:33 re/_trace.py:47 close.complete
DEBUG 2026-06-30 04:43:33 re/_trace.py:47 close.started
DEBUG 2026-06-30 04:43:33 re/_trace.py:47 close.complete
DEBUG 2026-06-30 04:43:33 re/_trace.py:47 close.started
DEBUG 2026-06-30 04:43:33 re/_trace.py:47 close.complete
DEBUG 2026-06-30 04:45:59 re/_trace.py:47 close.started
DEBUG 2026-06-30 04:45:59 re/_trace.py:47 close.complete
DEBUG 2026-06-30 04:45:59 re/_trace.py:47 close.started
DEBUG 2026-06-30 04:45:59 re/_trace.py:47 close.complete
DEBUG 2026-06-30 04:45:59 re/_trace.py:47 close.started
DEBUG 2026-06-30 04:45:59 re/_trace.py:47 close.complete
DEBUG 2026-06-30 04:45:59 re/_trace.py:47 close.started
DEBUG 2026-06-30 04:45:59 re/_trace.py:47 close.complete
DEBUG 2026-06-30 04:45:59 re/_trace.py:47 close.started
DEBUG 2026-06-30 04:45:59 re/_trace.py:47 close.complete
DEBUG 2026-06-30 04:45:59 re/_trace.py:47 close.started
DEBUG 2026-06-30 04:45:59 re/_trace.py:47 close.complete
DEBUG 2026-06-30 04:45:59 re/_trace.py:47 close.started
DEBUG 2026-06-30 04:45:59 re/_trace.py:47 close.complete
DEBUG 2026-06-30 04:45:59 re/_trace.py:47 close.started
DEBUG 2026-06-30 04:45:59 re/_trace.py:47 close.complete
DEBUG 2026-06-30 04:46:00 re/_trace.py:47 close.started
DEBUG 2026-06-30 04:46:00 re/_trace.py:47 close.complete
DEBUG 2026-06-30 04:46:00 re/_trace.py:47 close.started
DEBUG 2026-06-30 04:46:00 re/_trace.py:47 close.complete
DEBUG 2026-06-30 04:48:27 re/_trace.py:47 close.started
DEBUG 2026-06-30 04:48:27 re/_trace.py:47 close.complete
DEBUG 2026-06-30 04:48:27 re/_trace.py:47 close.started
DEBUG 2026-06-30 04:48:27 re/_trace.py:47 close.complete
DEBUG 2026-06-30 04:48:27 re/_trace.py:47 close.started
DEBUG 2026-06-30 04:48:27 re/_trace.py:47 close.complete
DEBUG 2026-06-30 04:48:27 re/_trace.py:47 close.started
DEBUG 2026-06-30 04:48:27 re/_trace.py:47 close.complete
DEBUG 2026-06-30 04:48:27 re/_trace.py:47 close.started
DEBUG 2026-06-30 04:48:27 re/_trace.py:47 close.complete
DEBUG 2026-06-30 04:48:27 re/_trace.py:47 close.started
DEBUG 2026-06-30 04:48:27 re/_trace.py:47 close.complete
DEBUG 2026-06-30 04:48:27 re/_trace.py:47 close.started
DEBUG 2026-06-30 04:48:27 re/_trace.py:47 close.complete
DEBUG 2026-06-30 04:48:27 re/_trace.py:47 close.started
DEBUG 2026-06-30 04:48:27 re/_trace.py:47 close.complete
DEBUG 2026-06-30 04:48:27 re/_trace.py:47 close.started
DEBUG 2026-06-30 04:48:27 re/_trace.py:47 close.complete
DEBUG 2026-06-30 04:48:27 re/_trace.py:47 close.started
DEBUG 2026-06-30 04:48:27 re/_trace.py:47 close.complete
DEBUG 2026-06-30 04:50:54 re/_trace.py:47 close.started
DEBUG 2026-06-30 04:50:54 re/_trace.py:47 close.complete
DEBUG 2026-06-30 04:50:54 re/_trace.py:47 close.started
DEBUG 2026-06-30 04:50:54 re/_trace.py:47 close.complete
DEBUG 2026-06-30 04:50:54 re/_trace.py:47 close.started
DEBUG 2026-06-30 04:50:54 re/_trace.py:47 close.complete
DEBUG 2026-06-30 04:50:54 re/_trace.py:47 close.started
DEBUG 2026-06-30 04:50:54 re/_trace.py:47 close.complete
DEBUG 2026-06-30 04:50:54 re/_trace.py:47 close.started
DEBUG 2026-06-30 04:50:54 re/_trace.py:47 close.complete
DEBUG 2026-06-30 04:50:54 re/_trace.py:47 close.started
DEBUG 2026-06-30 04:50:54 re/_trace.py:47 close.complete
DEBUG 2026-06-30 04:50:54 re/_trace.py:47 close.started
DEBUG 2026-06-30 04:50:54 re/_trace.py:47 close.complete
DEBUG 2026-06-30 04:50:54 re/_trace.py:47 close.started
DEBUG 2026-06-30 04:50:54 re/_trace.py:47 close.complete
DEBUG 2026-06-30 04:50:54 re/_trace.py:47 close.started
DEBUG 2026-06-30 04:50:54 re/_trace.py:47 close.complete
DEBUG 2026-06-30 04:50:54 re/_trace.py:47 close.started
DEBUG 2026-06-30 04:50:54 re/_trace.py:47 close.complete
INFO 2026-06-30 04:52:15 ot_train.py:459 step:26K smpl:16M ep:24K epch:481.75 loss:0.002 grdn:0.041 lr:7.4e-06 updt_s:2.374 data_s:0.371
WARNING 2026-06-30 04:52:15 db_utils.py:181 WandB logging of key "loss_per_dim" was ignored as its type "<class 'list'>" is not handled by this wrapper.
DEBUG 2026-06-30 04:53:20 re/_trace.py:47 close.started
DEBUG 2026-06-30 04:53:20 re/_trace.py:47 close.complete
DEBUG 2026-06-30 04:53:20 re/_trace.py:47 close.started
DEBUG 2026-06-30 04:53:20 re/_trace.py:47 close.complete
DEBUG 2026-06-30 04:53:20 re/_trace.py:47 close.started
DEBUG 2026-06-30 04:53:20 re/_trace.py:47 close.complete
DEBUG 2026-06-30 04:53:20 re/_trace.py:47 close.started
DEBUG 2026-06-30 04:53:20 re/_trace.py:47 close.complete
DEBUG 2026-06-30 04:53:20 re/_trace.py:47 close.started
DEBUG 2026-06-30 04:53:20 re/_trace.py:47 close.complete
DEBUG 2026-06-30 04:53:20 re/_trace.py:47 close.started
DEBUG 2026-06-30 04:53:20 re/_trace.py:47 close.complete
DEBUG 2026-06-30 04:53:20 re/_trace.py:47 close.started
DEBUG 2026-06-30 04:53:20 re/_trace.py:47 close.complete
DEBUG 2026-06-30 04:53:20 re/_trace.py:47 close.started
DEBUG 2026-06-30 04:53:20 re/_trace.py:47 close.complete
DEBUG 2026-06-30 04:53:20 re/_trace.py:47 close.started
DEBUG 2026-06-30 04:53:20 re/_trace.py:47 close.complete
DEBUG 2026-06-30 04:53:20 re/_trace.py:47 close.started
DEBUG 2026-06-30 04:53:20 re/_trace.py:47 close.complete
DEBUG 2026-06-30 04:55:46 re/_trace.py:47 close.started
DEBUG 2026-06-30 04:55:46 re/_trace.py:47 close.complete
DEBUG 2026-06-30 04:55:46 re/_trace.py:47 close.started
DEBUG 2026-06-30 04:55:46 re/_trace.py:47 close.complete
DEBUG 2026-06-30 04:55:46 re/_trace.py:47 close.started
DEBUG 2026-06-30 04:55:46 re/_trace.py:47 close.complete
DEBUG 2026-06-30 04:55:46 re/_trace.py:47 close.started
DEBUG 2026-06-30 04:55:46 re/_trace.py:47 close.complete
DEBUG 2026-06-30 04:55:46 re/_trace.py:47 close.started
DEBUG 2026-06-30 04:55:46 re/_trace.py:47 close.complete
DEBUG 2026-06-30 04:55:47 re/_trace.py:47 close.started
DEBUG 2026-06-30 04:55:47 re/_trace.py:47 close.complete
DEBUG 2026-06-30 04:55:47 re/_trace.py:47 close.started
DEBUG 2026-06-30 04:55:47 re/_trace.py:47 close.complete
DEBUG 2026-06-30 04:55:47 re/_trace.py:47 close.started
DEBUG 2026-06-30 04:55:47 re/_trace.py:47 close.complete
DEBUG 2026-06-30 04:55:47 re/_trace.py:47 close.started
DEBUG 2026-06-30 04:55:47 re/_trace.py:47 close.complete
DEBUG 2026-06-30 04:55:47 re/_trace.py:47 close.started
DEBUG 2026-06-30 04:55:47 re/_trace.py:47 close.complete
DEBUG 2026-06-30 04:58:11 re/_trace.py:47 close.started
DEBUG 2026-06-30 04:58:11 re/_trace.py:47 close.complete
DEBUG 2026-06-30 04:58:11 re/_trace.py:47 close.started
DEBUG 2026-06-30 04:58:11 re/_trace.py:47 close.complete
DEBUG 2026-06-30 04:58:11 re/_trace.py:47 close.started
DEBUG 2026-06-30 04:58:11 re/_trace.py:47 close.complete
DEBUG 2026-06-30 04:58:11 re/_trace.py:47 close.started
DEBUG 2026-06-30 04:58:11 re/_trace.py:47 close.complete
DEBUG 2026-06-30 04:58:12 re/_trace.py:47 close.started
DEBUG 2026-06-30 04:58:12 re/_trace.py:47 close.complete
DEBUG 2026-06-30 04:58:12 re/_trace.py:47 close.started
DEBUG 2026-06-30 04:58:12 re/_trace.py:47 close.complete
DEBUG 2026-06-30 04:58:12 re/_trace.py:47 close.started
DEBUG 2026-06-30 04:58:12 re/_trace.py:47 close.complete
DEBUG 2026-06-30 04:58:12 re/_trace.py:47 close.started
DEBUG 2026-06-30 04:58:12 re/_trace.py:47 close.complete
DEBUG 2026-06-30 04:58:12 re/_trace.py:47 close.started
DEBUG 2026-06-30 04:58:12 re/_trace.py:47 close.complete
DEBUG 2026-06-30 04:58:12 re/_trace.py:47 close.started
DEBUG 2026-06-30 04:58:12 re/_trace.py:47 close.complete
DEBUG 2026-06-30 05:00:38 re/_trace.py:47 close.started
DEBUG 2026-06-30 05:00:38 re/_trace.py:47 close.complete
DEBUG 2026-06-30 05:00:38 re/_trace.py:47 close.started
DEBUG 2026-06-30 05:00:38 re/_trace.py:47 close.complete
DEBUG 2026-06-30 05:00:38 re/_trace.py:47 close.started
DEBUG 2026-06-30 05:00:38 re/_trace.py:47 close.complete
DEBUG 2026-06-30 05:00:38 re/_trace.py:47 close.started
DEBUG 2026-06-30 05:00:38 re/_trace.py:47 close.complete
DEBUG 2026-06-30 05:00:38 re/_trace.py:47 close.started
DEBUG 2026-06-30 05:00:38 re/_trace.py:47 close.complete
DEBUG 2026-06-30 05:00:38 re/_trace.py:47 close.started
DEBUG 2026-06-30 05:00:38 re/_trace.py:47 close.complete
DEBUG 2026-06-30 05:00:38 re/_trace.py:47 close.started
DEBUG 2026-06-30 05:00:38 re/_trace.py:47 close.complete
DEBUG 2026-06-30 05:00:38 re/_trace.py:47 close.started
DEBUG 2026-06-30 05:00:38 re/_trace.py:47 close.complete
DEBUG 2026-06-30 05:00:38 re/_trace.py:47 close.started
DEBUG 2026-06-30 05:00:38 re/_trace.py:47 close.complete
DEBUG 2026-06-30 05:00:38 re/_trace.py:47 close.started
DEBUG 2026-06-30 05:00:38 re/_trace.py:47 close.complete
INFO 2026-06-30 05:01:23 ot_train.py:459 step:26K smpl:16M ep:24K epch:485.45 loss:0.001 grdn:0.035 lr:6.9e-06 updt_s:2.365 data_s:0.371
WARNING 2026-06-30 05:01:23 db_utils.py:181 WandB logging of key "loss_per_dim" was ignored as its type "<class 'list'>" is not handled by this wrapper.
DEBUG 2026-06-30 05:03:04 re/_trace.py:47 close.started
DEBUG 2026-06-30 05:03:04 re/_trace.py:47 close.complete
DEBUG 2026-06-30 05:03:04 re/_trace.py:47 close.started
DEBUG 2026-06-30 05:03:04 re/_trace.py:47 close.complete
DEBUG 2026-06-30 05:03:04 re/_trace.py:47 close.started
DEBUG 2026-06-30 05:03:04 re/_trace.py:47 close.complete
DEBUG 2026-06-30 05:03:04 re/_trace.py:47 close.started
DEBUG 2026-06-30 05:03:04 re/_trace.py:47 close.complete
DEBUG 2026-06-30 05:03:04 re/_trace.py:47 close.started
DEBUG 2026-06-30 05:03:04 re/_trace.py:47 close.complete
DEBUG 2026-06-30 05:03:04 re/_trace.py:47 close.started
DEBUG 2026-06-30 05:03:04 re/_trace.py:47 close.complete
DEBUG 2026-06-30 05:03:04 re/_trace.py:47 close.started
DEBUG 2026-06-30 05:03:04 re/_trace.py:47 close.complete
DEBUG 2026-06-30 05:03:04 re/_trace.py:47 close.started
DEBUG 2026-06-30 05:03:04 re/_trace.py:47 close.complete
DEBUG 2026-06-30 05:03:04 re/_trace.py:47 close.started
DEBUG 2026-06-30 05:03:04 re/_trace.py:47 close.complete
DEBUG 2026-06-30 05:03:04 re/_trace.py:47 close.started
DEBUG 2026-06-30 05:03:04 re/_trace.py:47 close.complete
DEBUG 2026-06-30 05:05:30 re/_trace.py:47 close.started
DEBUG 2026-06-30 05:05:30 re/_trace.py:47 close.complete
DEBUG 2026-06-30 05:05:30 re/_trace.py:47 close.started
DEBUG 2026-06-30 05:05:30 re/_trace.py:47 close.complete
DEBUG 2026-06-30 05:05:30 re/_trace.py:47 close.started
DEBUG 2026-06-30 05:05:30 re/_trace.py:47 close.complete
DEBUG 2026-06-30 05:05:31 re/_trace.py:47 close.started
DEBUG 2026-06-30 05:05:31 re/_trace.py:47 close.complete
DEBUG 2026-06-30 05:05:31 re/_trace.py:47 close.started
DEBUG 2026-06-30 05:05:31 re/_trace.py:47 close.complete
DEBUG 2026-06-30 05:05:31 re/_trace.py:47 close.started
DEBUG 2026-06-30 05:05:31 re/_trace.py:47 close.complete
DEBUG 2026-06-30 05:05:31 re/_trace.py:47 close.started
DEBUG 2026-06-30 05:05:31 re/_trace.py:47 close.complete
DEBUG 2026-06-30 05:05:31 re/_trace.py:47 close.started
DEBUG 2026-06-30 05:05:31 re/_trace.py:47 close.complete
DEBUG 2026-06-30 05:05:31 re/_trace.py:47 close.started
DEBUG 2026-06-30 05:05:31 re/_trace.py:47 close.complete
DEBUG 2026-06-30 05:05:31 re/_trace.py:47 close.started
DEBUG 2026-06-30 05:05:31 re/_trace.py:47 close.complete
DEBUG 2026-06-30 05:07:56 re/_trace.py:47 close.started
DEBUG 2026-06-30 05:07:56 re/_trace.py:47 close.complete
DEBUG 2026-06-30 05:07:56 re/_trace.py:47 close.started
DEBUG 2026-06-30 05:07:56 re/_trace.py:47 close.complete
DEBUG 2026-06-30 05:07:56 re/_trace.py:47 close.started
DEBUG 2026-06-30 05:07:56 re/_trace.py:47 close.complete
DEBUG 2026-06-30 05:07:56 re/_trace.py:47 close.started
DEBUG 2026-06-30 05:07:56 re/_trace.py:47 close.complete
DEBUG 2026-06-30 05:07:56 re/_trace.py:47 close.started
DEBUG 2026-06-30 05:07:56 re/_trace.py:47 close.complete
DEBUG 2026-06-30 05:07:56 re/_trace.py:47 close.started
DEBUG 2026-06-30 05:07:56 re/_trace.py:47 close.complete
DEBUG 2026-06-30 05:07:56 re/_trace.py:47 close.started
DEBUG 2026-06-30 05:07:56 re/_trace.py:47 close.complete
DEBUG 2026-06-30 05:07:56 re/_trace.py:47 close.started
DEBUG 2026-06-30 05:07:56 re/_trace.py:47 close.complete
DEBUG 2026-06-30 05:07:56 re/_trace.py:47 close.started
DEBUG 2026-06-30 05:07:56 re/_trace.py:47 close.complete
DEBUG 2026-06-30 05:07:56 re/_trace.py:47 close.started
DEBUG 2026-06-30 05:07:56 re/_trace.py:47 close.complete
INFO 2026-06-30 05:10:07 ot_train.py:459 step:26K smpl:16M ep:24K epch:489.16 loss:0.001 grdn:0.038 lr:6.5e-06 updt_s:2.324 data_s:0.292
WARNING 2026-06-30 05:10:07 db_utils.py:181 WandB logging of key "loss_per_dim" was ignored as its type "<class 'list'>" is not handled by this wrapper.
DEBUG 2026-06-30 05:10:21 re/_trace.py:47 close.started
DEBUG 2026-06-30 05:10:21 re/_trace.py:47 close.complete
DEBUG 2026-06-30 05:10:21 re/_trace.py:47 close.started
DEBUG 2026-06-30 05:10:21 re/_trace.py:47 close.complete
DEBUG 2026-06-30 05:10:21 re/_trace.py:47 close.started
DEBUG 2026-06-30 05:10:21 re/_trace.py:47 close.complete
DEBUG 2026-06-30 05:10:21 re/_trace.py:47 close.started
DEBUG 2026-06-30 05:10:21 re/_trace.py:47 close.complete
DEBUG 2026-06-30 05:10:21 re/_trace.py:47 close.started
DEBUG 2026-06-30 05:10:21 re/_trace.py:47 close.complete
DEBUG 2026-06-30 05:10:21 re/_trace.py:47 close.started
DEBUG 2026-06-30 05:10:21 re/_trace.py:47 close.complete
DEBUG 2026-06-30 05:10:21 re/_trace.py:47 close.started
DEBUG 2026-06-30 05:10:21 re/_trace.py:47 close.complete
DEBUG 2026-06-30 05:10:21 re/_trace.py:47 close.started
DEBUG 2026-06-30 05:10:21 re/_trace.py:47 close.complete
DEBUG 2026-06-30 05:10:21 re/_trace.py:47 close.started
DEBUG 2026-06-30 05:10:21 re/_trace.py:47 close.complete
DEBUG 2026-06-30 05:10:22 re/_trace.py:47 close.started
DEBUG 2026-06-30 05:10:22 re/_trace.py:47 close.complete
DEBUG 2026-06-30 05:12:46 re/_trace.py:47 close.started
DEBUG 2026-06-30 05:12:46 re/_trace.py:47 close.complete
DEBUG 2026-06-30 05:12:46 re/_trace.py:47 close.started
DEBUG 2026-06-30 05:12:46 re/_trace.py:47 close.complete
DEBUG 2026-06-30 05:12:46 re/_trace.py:47 close.started
DEBUG 2026-06-30 05:12:46 re/_trace.py:47 close.complete
DEBUG 2026-06-30 05:12:46 re/_trace.py:47 close.started
DEBUG 2026-06-30 05:12:46 re/_trace.py:47 close.complete
DEBUG 2026-06-30 05:12:46 re/_trace.py:47 close.started
DEBUG 2026-06-30 05:12:46 re/_trace.py:47 close.complete
DEBUG 2026-06-30 05:12:46 re/_trace.py:47 close.started
DEBUG 2026-06-30 05:12:46 re/_trace.py:47 close.complete
DEBUG 2026-06-30 05:12:46 re/_trace.py:47 close.started
DEBUG 2026-06-30 05:12:46 re/_trace.py:47 close.complete
DEBUG 2026-06-30 05:12:46 re/_trace.py:47 close.started
DEBUG 2026-06-30 05:12:46 re/_trace.py:47 close.complete
DEBUG 2026-06-30 05:12:46 re/_trace.py:47 close.started
DEBUG 2026-06-30 05:12:46 re/_trace.py:47 close.complete
DEBUG 2026-06-30 05:12:46 re/_trace.py:47 close.started
DEBUG 2026-06-30 05:12:46 re/_trace.py:47 close.complete
DEBUG 2026-06-30 05:15:10 re/_trace.py:47 close.started
DEBUG 2026-06-30 05:15:10 re/_trace.py:47 close.complete
DEBUG 2026-06-30 05:15:10 re/_trace.py:47 close.started
DEBUG 2026-06-30 05:15:10 re/_trace.py:47 close.complete
DEBUG 2026-06-30 05:15:10 re/_trace.py:47 close.started
DEBUG 2026-06-30 05:15:10 re/_trace.py:47 close.complete
DEBUG 2026-06-30 05:15:10 re/_trace.py:47 close.started
DEBUG 2026-06-30 05:15:10 re/_trace.py:47 close.complete
DEBUG 2026-06-30 05:15:10 re/_trace.py:47 close.started
DEBUG 2026-06-30 05:15:10 re/_trace.py:47 close.complete
DEBUG 2026-06-30 05:15:10 re/_trace.py:47 close.started
DEBUG 2026-06-30 05:15:10 re/_trace.py:47 close.complete
DEBUG 2026-06-30 05:15:10 re/_trace.py:47 close.started
DEBUG 2026-06-30 05:15:10 re/_trace.py:47 close.complete
DEBUG 2026-06-30 05:15:10 re/_trace.py:47 close.started
DEBUG 2026-06-30 05:15:10 re/_trace.py:47 close.complete
DEBUG 2026-06-30 05:15:11 re/_trace.py:47 close.started
DEBUG 2026-06-30 05:15:11 re/_trace.py:47 close.complete
DEBUG 2026-06-30 05:15:11 re/_trace.py:47 close.started
DEBUG 2026-06-30 05:15:11 re/_trace.py:47 close.complete
DEBUG 2026-06-30 05:17:37 re/_trace.py:47 close.started
DEBUG 2026-06-30 05:17:37 re/_trace.py:47 close.complete
DEBUG 2026-06-30 05:17:37 re/_trace.py:47 close.started
DEBUG 2026-06-30 05:17:37 re/_trace.py:47 close.complete
DEBUG 2026-06-30 05:17:37 re/_trace.py:47 close.started
DEBUG 2026-06-30 05:17:37 re/_trace.py:47 close.complete
DEBUG 2026-06-30 05:17:37 re/_trace.py:47 close.started
DEBUG 2026-06-30 05:17:37 re/_trace.py:47 close.complete
DEBUG 2026-06-30 05:17:37 re/_trace.py:47 close.started
DEBUG 2026-06-30 05:17:37 re/_trace.py:47 close.complete
DEBUG 2026-06-30 05:17:37 re/_trace.py:47 close.started
DEBUG 2026-06-30 05:17:37 re/_trace.py:47 close.complete
DEBUG 2026-06-30 05:17:37 re/_trace.py:47 close.started
DEBUG 2026-06-30 05:17:37 re/_trace.py:47 close.complete
DEBUG 2026-06-30 05:17:37 re/_trace.py:47 close.started
DEBUG 2026-06-30 05:17:37 re/_trace.py:47 close.complete
DEBUG 2026-06-30 05:17:37 re/_trace.py:47 close.started
DEBUG 2026-06-30 05:17:37 re/_trace.py:47 close.complete
DEBUG 2026-06-30 05:17:37 re/_trace.py:47 close.started
DEBUG 2026-06-30 05:17:37 re/_trace.py:47 close.complete
INFO 2026-06-30 05:19:12 ot_train.py:459 step:27K smpl:16M ep:25K epch:492.86 loss:0.001 grdn:0.036 lr:6.1e-06 updt_s:2.354 data_s:0.368
WARNING 2026-06-30 05:19:12 db_utils.py:181 WandB logging of key "loss_per_dim" was ignored as its type "<class 'list'>" is not handled by this wrapper.
DEBUG 2026-06-30 05:20:02 re/_trace.py:47 close.started
DEBUG 2026-06-30 05:20:02 re/_trace.py:47 close.complete
DEBUG 2026-06-30 05:20:02 re/_trace.py:47 close.started
DEBUG 2026-06-30 05:20:02 re/_trace.py:47 close.complete
DEBUG 2026-06-30 05:20:02 re/_trace.py:47 close.started
DEBUG 2026-06-30 05:20:02 re/_trace.py:47 close.complete
DEBUG 2026-06-30 05:20:02 re/_trace.py:47 close.started
DEBUG 2026-06-30 05:20:02 re/_trace.py:47 close.complete
DEBUG 2026-06-30 05:20:02 re/_trace.py:47 close.started
DEBUG 2026-06-30 05:20:02 re/_trace.py:47 close.complete
DEBUG 2026-06-30 05:20:03 re/_trace.py:47 close.started
DEBUG 2026-06-30 05:20:03 re/_trace.py:47 close.complete
DEBUG 2026-06-30 05:20:03 re/_trace.py:47 close.started
DEBUG 2026-06-30 05:20:03 re/_trace.py:47 close.complete
DEBUG 2026-06-30 05:20:03 re/_trace.py:47 close.started
DEBUG 2026-06-30 05:20:03 re/_trace.py:47 close.complete
DEBUG 2026-06-30 05:20:03 re/_trace.py:47 close.started
DEBUG 2026-06-30 05:20:03 re/_trace.py:47 close.complete
DEBUG 2026-06-30 05:20:03 re/_trace.py:47 close.started
DEBUG 2026-06-30 05:20:03 re/_trace.py:47 close.complete
DEBUG 2026-06-30 05:22:30 re/_trace.py:47 close.started
DEBUG 2026-06-30 05:22:30 re/_trace.py:47 close.complete
DEBUG 2026-06-30 05:22:30 re/_trace.py:47 close.started
DEBUG 2026-06-30 05:22:30 re/_trace.py:47 close.complete
DEBUG 2026-06-30 05:22:30 re/_trace.py:47 close.started
DEBUG 2026-06-30 05:22:30 re/_trace.py:47 close.complete
DEBUG 2026-06-30 05:22:30 re/_trace.py:47 close.started
DEBUG 2026-06-30 05:22:30 re/_trace.py:47 close.complete
DEBUG 2026-06-30 05:22:30 re/_trace.py:47 close.started
DEBUG 2026-06-30 05:22:30 re/_trace.py:47 close.complete
DEBUG 2026-06-30 05:22:30 re/_trace.py:47 close.started
DEBUG 2026-06-30 05:22:30 re/_trace.py:47 close.complete
DEBUG 2026-06-30 05:22:31 re/_trace.py:47 close.started
DEBUG 2026-06-30 05:22:31 re/_trace.py:47 close.complete
DEBUG 2026-06-30 05:22:31 re/_trace.py:47 close.started
DEBUG 2026-06-30 05:22:31 re/_trace.py:47 close.complete
DEBUG 2026-06-30 05:22:31 re/_trace.py:47 close.started
DEBUG 2026-06-30 05:22:31 re/_trace.py:47 close.complete
DEBUG 2026-06-30 05:22:31 re/_trace.py:47 close.started
DEBUG 2026-06-30 05:22:31 re/_trace.py:47 close.complete
DEBUG 2026-06-30 05:24:57 re/_trace.py:47 close.started
DEBUG 2026-06-30 05:24:57 re/_trace.py:47 close.complete
DEBUG 2026-06-30 05:24:57 re/_trace.py:47 close.started
DEBUG 2026-06-30 05:24:57 re/_trace.py:47 close.complete
DEBUG 2026-06-30 05:24:57 re/_trace.py:47 close.started
DEBUG 2026-06-30 05:24:57 re/_trace.py:47 close.complete
DEBUG 2026-06-30 05:24:57 re/_trace.py:47 close.started
DEBUG 2026-06-30 05:24:57 re/_trace.py:47 close.complete
DEBUG 2026-06-30 05:24:57 re/_trace.py:47 close.started
DEBUG 2026-06-30 05:24:57 re/_trace.py:47 close.complete
DEBUG 2026-06-30 05:24:57 re/_trace.py:47 close.started
DEBUG 2026-06-30 05:24:57 re/_trace.py:47 close.complete
DEBUG 2026-06-30 05:24:57 re/_trace.py:47 close.started
DEBUG 2026-06-30 05:24:57 re/_trace.py:47 close.complete
DEBUG 2026-06-30 05:24:57 re/_trace.py:47 close.started
DEBUG 2026-06-30 05:24:57 re/_trace.py:47 close.complete
DEBUG 2026-06-30 05:24:57 re/_trace.py:47 close.started
DEBUG 2026-06-30 05:24:57 re/_trace.py:47 close.complete
DEBUG 2026-06-30 05:24:57 re/_trace.py:47 close.started
DEBUG 2026-06-30 05:24:57 re/_trace.py:47 close.complete
DEBUG 2026-06-30 05:27:24 re/_trace.py:47 close.started
DEBUG 2026-06-30 05:27:24 re/_trace.py:47 close.complete
DEBUG 2026-06-30 05:27:24 re/_trace.py:47 close.started
DEBUG 2026-06-30 05:27:24 re/_trace.py:47 close.complete
DEBUG 2026-06-30 05:27:24 re/_trace.py:47 close.started
DEBUG 2026-06-30 05:27:24 re/_trace.py:47 close.complete
DEBUG 2026-06-30 05:27:24 re/_trace.py:47 close.started
DEBUG 2026-06-30 05:27:24 re/_trace.py:47 close.complete
DEBUG 2026-06-30 05:27:25 re/_trace.py:47 close.started
DEBUG 2026-06-30 05:27:25 re/_trace.py:47 close.complete
DEBUG 2026-06-30 05:27:25 re/_trace.py:47 close.started
DEBUG 2026-06-30 05:27:25 re/_trace.py:47 close.complete
DEBUG 2026-06-30 05:27:25 re/_trace.py:47 close.started
DEBUG 2026-06-30 05:27:25 re/_trace.py:47 close.complete
DEBUG 2026-06-30 05:27:25 re/_trace.py:47 close.started
DEBUG 2026-06-30 05:27:25 re/_trace.py:47 close.complete
DEBUG 2026-06-30 05:27:25 re/_trace.py:47 close.started
DEBUG 2026-06-30 05:27:25 re/_trace.py:47 close.complete
DEBUG 2026-06-30 05:27:25 re/_trace.py:47 close.started
DEBUG 2026-06-30 05:27:25 re/_trace.py:47 close.complete
INFO 2026-06-30 05:28:23 ot_train.py:459 step:27K smpl:16M ep:25K epch:496.57 loss:0.001 grdn:0.038 lr:5.7e-06 updt_s:2.378 data_s:0.376
WARNING 2026-06-30 05:28:23 db_utils.py:181 WandB logging of key "loss_per_dim" was ignored as its type "<class 'list'>" is not handled by this wrapper.
DEBUG 2026-06-30 05:29:50 re/_trace.py:47 close.started
DEBUG 2026-06-30 05:29:50 re/_trace.py:47 close.complete
DEBUG 2026-06-30 05:29:50 re/_trace.py:47 close.started
DEBUG 2026-06-30 05:29:50 re/_trace.py:47 close.complete
DEBUG 2026-06-30 05:29:50 re/_trace.py:47 close.started
DEBUG 2026-06-30 05:29:50 re/_trace.py:47 close.complete
DEBUG 2026-06-30 05:29:50 re/_trace.py:47 close.started
DEBUG 2026-06-30 05:29:50 re/_trace.py:47 close.complete
DEBUG 2026-06-30 05:29:50 re/_trace.py:47 close.started
DEBUG 2026-06-30 05:29:50 re/_trace.py:47 close.complete
DEBUG 2026-06-30 05:29:50 re/_trace.py:47 close.started
DEBUG 2026-06-30 05:29:50 re/_trace.py:47 close.complete
DEBUG 2026-06-30 05:29:50 re/_trace.py:47 close.started
DEBUG 2026-06-30 05:29:50 re/_trace.py:47 close.complete
DEBUG 2026-06-30 05:29:50 re/_trace.py:47 close.started
DEBUG 2026-06-30 05:29:50 re/_trace.py:47 close.complete
DEBUG 2026-06-30 05:29:50 re/_trace.py:47 close.started
DEBUG 2026-06-30 05:29:50 re/_trace.py:47 close.complete
DEBUG 2026-06-30 05:29:50 re/_trace.py:47 close.started
DEBUG 2026-06-30 05:29:50 re/_trace.py:47 close.complete
DEBUG 2026-06-30 05:32:16 re/_trace.py:47 close.started
DEBUG 2026-06-30 05:32:16 re/_trace.py:47 close.complete
DEBUG 2026-06-30 05:32:16 re/_trace.py:47 close.started
DEBUG 2026-06-30 05:32:16 re/_trace.py:47 close.complete
DEBUG 2026-06-30 05:32:16 re/_trace.py:47 close.started
DEBUG 2026-06-30 05:32:16 re/_trace.py:47 close.complete
DEBUG 2026-06-30 05:32:16 re/_trace.py:47 close.started
DEBUG 2026-06-30 05:32:16 re/_trace.py:47 close.complete
DEBUG 2026-06-30 05:32:16 re/_trace.py:47 close.started
DEBUG 2026-06-30 05:32:16 re/_trace.py:47 close.complete
DEBUG 2026-06-30 05:32:16 re/_trace.py:47 close.started
DEBUG 2026-06-30 05:32:16 re/_trace.py:47 close.complete
DEBUG 2026-06-30 05:32:16 re/_trace.py:47 close.started
DEBUG 2026-06-30 05:32:16 re/_trace.py:47 close.complete
DEBUG 2026-06-30 05:32:16 re/_trace.py:47 close.started
DEBUG 2026-06-30 05:32:16 re/_trace.py:47 close.complete
DEBUG 2026-06-30 05:32:16 re/_trace.py:47 close.started
DEBUG 2026-06-30 05:32:16 re/_trace.py:47 close.complete
DEBUG 2026-06-30 05:32:16 re/_trace.py:47 close.started
DEBUG 2026-06-30 05:32:16 re/_trace.py:47 close.complete
DEBUG 2026-06-30 05:34:42 re/_trace.py:47 close.started
DEBUG 2026-06-30 05:34:42 re/_trace.py:47 close.complete
DEBUG 2026-06-30 05:34:42 re/_trace.py:47 close.started
DEBUG 2026-06-30 05:34:42 re/_trace.py:47 close.complete
DEBUG 2026-06-30 05:34:42 re/_trace.py:47 close.started
DEBUG 2026-06-30 05:34:42 re/_trace.py:47 close.complete
DEBUG 2026-06-30 05:34:42 re/_trace.py:47 close.started
DEBUG 2026-06-30 05:34:42 re/_trace.py:47 close.complete
DEBUG 2026-06-30 05:34:42 re/_trace.py:47 close.started
DEBUG 2026-06-30 05:34:42 re/_trace.py:47 close.complete
DEBUG 2026-06-30 05:34:42 re/_trace.py:47 close.started
DEBUG 2026-06-30 05:34:42 re/_trace.py:47 close.complete
DEBUG 2026-06-30 05:34:42 re/_trace.py:47 close.started
DEBUG 2026-06-30 05:34:42 re/_trace.py:47 close.complete
DEBUG 2026-06-30 05:34:42 re/_trace.py:47 close.started
DEBUG 2026-06-30 05:34:42 re/_trace.py:47 close.complete
DEBUG 2026-06-30 05:34:42 re/_trace.py:47 close.started
DEBUG 2026-06-30 05:34:42 re/_trace.py:47 close.complete
DEBUG 2026-06-30 05:34:43 re/_trace.py:47 close.started
DEBUG 2026-06-30 05:34:43 re/_trace.py:47 close.complete
INFO 2026-06-30 05:37:10 ot_train.py:459 step:27K smpl:16M ep:25K epch:500.28 loss:0.001 grdn:0.036 lr:5.3e-06 updt_s:2.372 data_s:0.262
WARNING 2026-06-30 05:37:10 db_utils.py:181 WandB logging of key "loss_per_dim" was ignored as its type "<class 'list'>" is not handled by this wrapper.
INFO 2026-06-30 05:37:10 ot_train.py:479 Checkpoint policy after step 27000
DEBUG 2026-06-30 05:37:45 tionpool.py:289 Resetting dropped connection: api.wandb.ai
DEBUG 2026-06-30 05:37:46 tionpool.py:544 https://api.wandb.ai:443 "POST /graphql HTTP/1.1" 200 None
DEBUG 2026-06-30 05:37:46 re/_trace.py:47 close.started
DEBUG 2026-06-30 05:37:46 re/_trace.py:47 close.complete
DEBUG 2026-06-30 05:37:46 re/_trace.py:47 close.started
DEBUG 2026-06-30 05:37:46 re/_trace.py:47 close.complete
DEBUG 2026-06-30 05:37:46 re/_trace.py:47 close.started
DEBUG 2026-06-30 05:37:46 re/_trace.py:47 close.complete
DEBUG 2026-06-30 05:37:46 re/_trace.py:47 close.started
DEBUG 2026-06-30 05:37:46 re/_trace.py:47 close.complete
DEBUG 2026-06-30 05:37:46 re/_trace.py:47 close.started
DEBUG 2026-06-30 05:37:46 re/_trace.py:47 close.complete
DEBUG 2026-06-30 05:37:46 re/_trace.py:47 close.started
DEBUG 2026-06-30 05:37:46 re/_trace.py:47 close.complete
DEBUG 2026-06-30 05:37:46 re/_trace.py:47 close.started
DEBUG 2026-06-30 05:37:46 re/_trace.py:47 close.complete
DEBUG 2026-06-30 05:37:46 re/_trace.py:47 close.started
DEBUG 2026-06-30 05:37:46 re/_trace.py:47 close.complete
DEBUG 2026-06-30 05:37:47 re/_trace.py:47 close.started
DEBUG 2026-06-30 05:37:47 re/_trace.py:47 close.complete
DEBUG 2026-06-30 05:37:47 re/_trace.py:47 close.started
DEBUG 2026-06-30 05:37:47 re/_trace.py:47 close.complete
DEBUG 2026-06-30 05:40:14 re/_trace.py:47 close.started
DEBUG 2026-06-30 05:40:14 re/_trace.py:47 close.complete
DEBUG 2026-06-30 05:40:14 re/_trace.py:47 close.started
DEBUG 2026-06-30 05:40:14 re/_trace.py:47 close.complete
DEBUG 2026-06-30 05:40:14 re/_trace.py:47 close.started
DEBUG 2026-06-30 05:40:14 re/_trace.py:47 close.complete
DEBUG 2026-06-30 05:40:14 re/_trace.py:47 close.started
DEBUG 2026-06-30 05:40:14 re/_trace.py:47 close.complete
DEBUG 2026-06-30 05:40:14 re/_trace.py:47 close.started
DEBUG 2026-06-30 05:40:14 re/_trace.py:47 close.complete
DEBUG 2026-06-30 05:40:14 re/_trace.py:47 close.started
DEBUG 2026-06-30 05:40:14 re/_trace.py:47 close.complete
DEBUG 2026-06-30 05:40:14 re/_trace.py:47 close.started
DEBUG 2026-06-30 05:40:14 re/_trace.py:47 close.complete
DEBUG 2026-06-30 05:40:15 re/_trace.py:47 close.started
DEBUG 2026-06-30 05:40:15 re/_trace.py:47 close.complete
DEBUG 2026-06-30 05:40:15 re/_trace.py:47 close.started
DEBUG 2026-06-30 05:40:15 re/_trace.py:47 close.complete
DEBUG 2026-06-30 05:40:15 re/_trace.py:47 close.started
DEBUG 2026-06-30 05:40:15 re/_trace.py:47 close.complete
DEBUG 2026-06-30 05:42:40 re/_trace.py:47 close.started
DEBUG 2026-06-30 05:42:40 re/_trace.py:47 close.complete
DEBUG 2026-06-30 05:42:40 re/_trace.py:47 close.started
DEBUG 2026-06-30 05:42:40 re/_trace.py:47 close.complete
DEBUG 2026-06-30 05:42:40 re/_trace.py:47 close.started
DEBUG 2026-06-30 05:42:40 re/_trace.py:47 close.complete
DEBUG 2026-06-30 05:42:40 re/_trace.py:47 close.started
DEBUG 2026-06-30 05:42:40 re/_trace.py:47 close.complete
DEBUG 2026-06-30 05:42:40 re/_trace.py:47 close.started
DEBUG 2026-06-30 05:42:40 re/_trace.py:47 close.complete
DEBUG 2026-06-30 05:42:40 re/_trace.py:47 close.started
DEBUG 2026-06-30 05:42:40 re/_trace.py:47 close.complete
DEBUG 2026-06-30 05:42:41 re/_trace.py:47 close.started
DEBUG 2026-06-30 05:42:41 re/_trace.py:47 close.complete
DEBUG 2026-06-30 05:42:41 re/_trace.py:47 close.started
DEBUG 2026-06-30 05:42:41 re/_trace.py:47 close.complete
DEBUG 2026-06-30 05:42:41 re/_trace.py:47 close.started
DEBUG 2026-06-30 05:42:41 re/_trace.py:47 close.complete
DEBUG 2026-06-30 05:42:41 re/_trace.py:47 close.started
DEBUG 2026-06-30 05:42:41 re/_trace.py:47 close.complete
DEBUG 2026-06-30 05:45:05 re/_trace.py:47 close.started
DEBUG 2026-06-30 05:45:05 re/_trace.py:47 close.complete
DEBUG 2026-06-30 05:45:05 re/_trace.py:47 close.started
DEBUG 2026-06-30 05:45:05 re/_trace.py:47 close.complete
DEBUG 2026-06-30 05:45:06 re/_trace.py:47 close.started
DEBUG 2026-06-30 05:45:06 re/_trace.py:47 close.complete
DEBUG 2026-06-30 05:45:06 re/_trace.py:47 close.started
DEBUG 2026-06-30 05:45:06 re/_trace.py:47 close.complete
DEBUG 2026-06-30 05:45:06 re/_trace.py:47 close.started
DEBUG 2026-06-30 05:45:06 re/_trace.py:47 close.complete
DEBUG 2026-06-30 05:45:06 re/_trace.py:47 close.started
DEBUG 2026-06-30 05:45:06 re/_trace.py:47 close.complete
DEBUG 2026-06-30 05:45:06 re/_trace.py:47 close.started
DEBUG 2026-06-30 05:45:06 re/_trace.py:47 close.complete
DEBUG 2026-06-30 05:45:06 re/_trace.py:47 close.started
DEBUG 2026-06-30 05:45:06 re/_trace.py:47 close.complete
DEBUG 2026-06-30 05:45:06 re/_trace.py:47 close.started
DEBUG 2026-06-30 05:45:06 re/_trace.py:47 close.complete
DEBUG 2026-06-30 05:45:06 re/_trace.py:47 close.started
DEBUG 2026-06-30 05:45:06 re/_trace.py:47 close.complete
INFO 2026-06-30 05:46:54 ot_train.py:459 step:27K smpl:16M ep:25K epch:503.98 loss:0.001 grdn:0.036 lr:5.0e-06 updt_s:2.333 data_s:0.408
WARNING 2026-06-30 05:46:54 db_utils.py:181 WandB logging of key "loss_per_dim" was ignored as its type "<class 'list'>" is not handled by this wrapper.
DEBUG 2026-06-30 05:47:31 re/_trace.py:47 close.started
DEBUG 2026-06-30 05:47:31 re/_trace.py:47 close.complete
DEBUG 2026-06-30 05:47:31 re/_trace.py:47 close.started
DEBUG 2026-06-30 05:47:31 re/_trace.py:47 close.complete
DEBUG 2026-06-30 05:47:31 re/_trace.py:47 close.started
DEBUG 2026-06-30 05:47:31 re/_trace.py:47 close.complete
DEBUG 2026-06-30 05:47:31 re/_trace.py:47 close.started
DEBUG 2026-06-30 05:47:31 re/_trace.py:47 close.complete
DEBUG 2026-06-30 05:47:31 re/_trace.py:47 close.started
DEBUG 2026-06-30 05:47:31 re/_trace.py:47 close.complete
DEBUG 2026-06-30 05:47:31 re/_trace.py:47 close.started
DEBUG 2026-06-30 05:47:31 re/_trace.py:47 close.complete
DEBUG 2026-06-30 05:47:31 re/_trace.py:47 close.started
DEBUG 2026-06-30 05:47:31 re/_trace.py:47 close.complete
DEBUG 2026-06-30 05:47:31 re/_trace.py:47 close.started
DEBUG 2026-06-30 05:47:31 re/_trace.py:47 close.complete
DEBUG 2026-06-30 05:47:31 re/_trace.py:47 close.started
DEBUG 2026-06-30 05:47:31 re/_trace.py:47 close.complete
DEBUG 2026-06-30 05:47:32 re/_trace.py:47 close.started
DEBUG 2026-06-30 05:47:32 re/_trace.py:47 close.complete
DEBUG 2026-06-30 05:49:57 re/_trace.py:47 close.started
DEBUG 2026-06-30 05:49:57 re/_trace.py:47 close.complete
DEBUG 2026-06-30 05:49:57 re/_trace.py:47 close.started
DEBUG 2026-06-30 05:49:57 re/_trace.py:47 close.complete
DEBUG 2026-06-30 05:49:57 re/_trace.py:47 close.started
DEBUG 2026-06-30 05:49:57 re/_trace.py:47 close.complete
DEBUG 2026-06-30 05:49:57 re/_trace.py:47 close.started
DEBUG 2026-06-30 05:49:57 re/_trace.py:47 close.complete
DEBUG 2026-06-30 05:49:57 re/_trace.py:47 close.started
DEBUG 2026-06-30 05:49:57 re/_trace.py:47 close.complete
DEBUG 2026-06-30 05:49:58 re/_trace.py:47 close.started
DEBUG 2026-06-30 05:49:58 re/_trace.py:47 close.complete
DEBUG 2026-06-30 05:49:58 re/_trace.py:47 close.started
DEBUG 2026-06-30 05:49:58 re/_trace.py:47 close.complete
DEBUG 2026-06-30 05:49:58 re/_trace.py:47 close.started
DEBUG 2026-06-30 05:49:58 re/_trace.py:47 close.complete
DEBUG 2026-06-30 05:49:58 re/_trace.py:47 close.started
DEBUG 2026-06-30 05:49:58 re/_trace.py:47 close.complete
DEBUG 2026-06-30 05:49:58 re/_trace.py:47 close.started
DEBUG 2026-06-30 05:49:58 re/_trace.py:47 close.complete
DEBUG 2026-06-30 05:52:24 re/_trace.py:47 close.started
DEBUG 2026-06-30 05:52:24 re/_trace.py:47 close.complete
DEBUG 2026-06-30 05:52:25 re/_trace.py:47 close.started
DEBUG 2026-06-30 05:52:25 re/_trace.py:47 close.complete
DEBUG 2026-06-30 05:52:25 re/_trace.py:47 close.started
DEBUG 2026-06-30 05:52:25 re/_trace.py:47 close.complete
DEBUG 2026-06-30 05:52:25 re/_trace.py:47 close.started
DEBUG 2026-06-30 05:52:25 re/_trace.py:47 close.complete
DEBUG 2026-06-30 05:52:25 re/_trace.py:47 close.started
DEBUG 2026-06-30 05:52:25 re/_trace.py:47 close.complete
DEBUG 2026-06-30 05:52:25 re/_trace.py:47 close.started
DEBUG 2026-06-30 05:52:25 re/_trace.py:47 close.complete
DEBUG 2026-06-30 05:52:25 re/_trace.py:47 close.started
DEBUG 2026-06-30 05:52:25 re/_trace.py:47 close.complete
DEBUG 2026-06-30 05:52:25 re/_trace.py:47 close.started
DEBUG 2026-06-30 05:52:25 re/_trace.py:47 close.complete
DEBUG 2026-06-30 05:52:25 re/_trace.py:47 close.started
DEBUG 2026-06-30 05:52:25 re/_trace.py:47 close.complete
DEBUG 2026-06-30 05:52:25 re/_trace.py:47 close.started
DEBUG 2026-06-30 05:52:25 re/_trace.py:47 close.complete
DEBUG 2026-06-30 05:54:50 re/_trace.py:47 close.started
DEBUG 2026-06-30 05:54:50 re/_trace.py:47 close.complete
DEBUG 2026-06-30 05:54:51 re/_trace.py:47 close.started
DEBUG 2026-06-30 05:54:51 re/_trace.py:47 close.complete
DEBUG 2026-06-30 05:54:51 re/_trace.py:47 close.started
DEBUG 2026-06-30 05:54:51 re/_trace.py:47 close.complete
DEBUG 2026-06-30 05:54:51 re/_trace.py:47 close.started
DEBUG 2026-06-30 05:54:51 re/_trace.py:47 close.complete
DEBUG 2026-06-30 05:54:51 re/_trace.py:47 close.started
DEBUG 2026-06-30 05:54:51 re/_trace.py:47 close.complete
DEBUG 2026-06-30 05:54:51 re/_trace.py:47 close.started
DEBUG 2026-06-30 05:54:51 re/_trace.py:47 close.complete
DEBUG 2026-06-30 05:54:51 re/_trace.py:47 close.started
DEBUG 2026-06-30 05:54:51 re/_trace.py:47 close.complete
DEBUG 2026-06-30 05:54:51 re/_trace.py:47 close.started
DEBUG 2026-06-30 05:54:51 re/_trace.py:47 close.complete
DEBUG 2026-06-30 05:54:51 re/_trace.py:47 close.started
DEBUG 2026-06-30 05:54:51 re/_trace.py:47 close.complete
DEBUG 2026-06-30 05:54:51 re/_trace.py:47 close.started
DEBUG 2026-06-30 05:54:51 re/_trace.py:47 close.complete
INFO 2026-06-30 05:56:03 ot_train.py:459 step:27K smpl:17M ep:25K epch:507.69 loss:0.001 grdn:0.035 lr:4.6e-06 updt_s:2.321 data_s:0.421
WARNING 2026-06-30 05:56:03 db_utils.py:181 WandB logging of key "loss_per_dim" was ignored as its type "<class 'list'>" is not handled by this wrapper.
DEBUG 2026-06-30 05:57:17 re/_trace.py:47 close.started
DEBUG 2026-06-30 05:57:17 re/_trace.py:47 close.complete
DEBUG 2026-06-30 05:57:17 re/_trace.py:47 close.started
DEBUG 2026-06-30 05:57:17 re/_trace.py:47 close.complete
DEBUG 2026-06-30 05:57:17 re/_trace.py:47 close.started
DEBUG 2026-06-30 05:57:17 re/_trace.py:47 close.complete
DEBUG 2026-06-30 05:57:17 re/_trace.py:47 close.started
DEBUG 2026-06-30 05:57:17 re/_trace.py:47 close.complete
DEBUG 2026-06-30 05:57:18 re/_trace.py:47 close.started
DEBUG 2026-06-30 05:57:18 re/_trace.py:47 close.complete
DEBUG 2026-06-30 05:57:18 re/_trace.py:47 close.started
DEBUG 2026-06-30 05:57:18 re/_trace.py:47 close.complete
DEBUG 2026-06-30 05:57:18 re/_trace.py:47 close.started
DEBUG 2026-06-30 05:57:18 re/_trace.py:47 close.complete
DEBUG 2026-06-30 05:57:18 re/_trace.py:47 close.started
DEBUG 2026-06-30 05:57:18 re/_trace.py:47 close.complete
DEBUG 2026-06-30 05:57:18 re/_trace.py:47 close.started
DEBUG 2026-06-30 05:57:18 re/_trace.py:47 close.complete
DEBUG 2026-06-30 05:57:18 re/_trace.py:47 close.started
DEBUG 2026-06-30 05:57:18 re/_trace.py:47 close.complete
DEBUG 2026-06-30 05:59:45 re/_trace.py:47 close.started
DEBUG 2026-06-30 05:59:45 re/_trace.py:47 close.complete
DEBUG 2026-06-30 05:59:45 re/_trace.py:47 close.started
DEBUG 2026-06-30 05:59:45 re/_trace.py:47 close.complete
DEBUG 2026-06-30 05:59:45 re/_trace.py:47 close.started
DEBUG 2026-06-30 05:59:45 re/_trace.py:47 close.complete
DEBUG 2026-06-30 05:59:45 re/_trace.py:47 close.started
DEBUG 2026-06-30 05:59:45 re/_trace.py:47 close.complete
DEBUG 2026-06-30 05:59:45 re/_trace.py:47 close.started
DEBUG 2026-06-30 05:59:45 re/_trace.py:47 close.complete
DEBUG 2026-06-30 05:59:45 re/_trace.py:47 close.started
DEBUG 2026-06-30 05:59:45 re/_trace.py:47 close.complete
DEBUG 2026-06-30 05:59:45 re/_trace.py:47 close.started
DEBUG 2026-06-30 05:59:45 re/_trace.py:47 close.complete
DEBUG 2026-06-30 05:59:46 re/_trace.py:47 close.started
DEBUG 2026-06-30 05:59:46 re/_trace.py:47 close.complete
DEBUG 2026-06-30 05:59:46 re/_trace.py:47 close.started
DEBUG 2026-06-30 05:59:46 re/_trace.py:47 close.complete
DEBUG 2026-06-30 05:59:46 re/_trace.py:47 close.started
DEBUG 2026-06-30 05:59:46 re/_trace.py:47 close.complete
DEBUG 2026-06-30 06:02:11 re/_trace.py:47 close.started
DEBUG 2026-06-30 06:02:11 re/_trace.py:47 close.complete
DEBUG 2026-06-30 06:02:11 re/_trace.py:47 close.started
DEBUG 2026-06-30 06:02:11 re/_trace.py:47 close.complete
DEBUG 2026-06-30 06:02:12 re/_trace.py:47 close.started
DEBUG 2026-06-30 06:02:12 re/_trace.py:47 close.complete
DEBUG 2026-06-30 06:02:12 re/_trace.py:47 close.started
DEBUG 2026-06-30 06:02:12 re/_trace.py:47 close.complete
DEBUG 2026-06-30 06:02:12 re/_trace.py:47 close.started
DEBUG 2026-06-30 06:02:12 re/_trace.py:47 close.complete
DEBUG 2026-06-30 06:02:12 re/_trace.py:47 close.started
DEBUG 2026-06-30 06:02:12 re/_trace.py:47 close.complete
DEBUG 2026-06-30 06:02:12 re/_trace.py:47 close.started
DEBUG 2026-06-30 06:02:12 re/_trace.py:47 close.complete
DEBUG 2026-06-30 06:02:12 re/_trace.py:47 close.started
DEBUG 2026-06-30 06:02:12 re/_trace.py:47 close.complete
DEBUG 2026-06-30 06:02:12 re/_trace.py:47 close.started
DEBUG 2026-06-30 06:02:12 re/_trace.py:47 close.complete
DEBUG 2026-06-30 06:02:12 re/_trace.py:47 close.started
DEBUG 2026-06-30 06:02:12 re/_trace.py:47 close.complete
DEBUG 2026-06-30 06:04:38 re/_trace.py:47 close.started
DEBUG 2026-06-30 06:04:38 re/_trace.py:47 close.complete
DEBUG 2026-06-30 06:04:38 re/_trace.py:47 close.started
DEBUG 2026-06-30 06:04:38 re/_trace.py:47 close.complete
DEBUG 2026-06-30 06:04:38 re/_trace.py:47 close.started
DEBUG 2026-06-30 06:04:38 re/_trace.py:47 close.complete
DEBUG 2026-06-30 06:04:38 re/_trace.py:47 close.started
DEBUG 2026-06-30 06:04:38 re/_trace.py:47 close.complete
DEBUG 2026-06-30 06:04:38 re/_trace.py:47 close.started
DEBUG 2026-06-30 06:04:38 re/_trace.py:47 close.complete
DEBUG 2026-06-30 06:04:38 re/_trace.py:47 close.started
DEBUG 2026-06-30 06:04:38 re/_trace.py:47 close.complete
DEBUG 2026-06-30 06:04:38 re/_trace.py:47 close.started
DEBUG 2026-06-30 06:04:38 re/_trace.py:47 close.complete
DEBUG 2026-06-30 06:04:38 re/_trace.py:47 close.started
DEBUG 2026-06-30 06:04:38 re/_trace.py:47 close.complete
DEBUG 2026-06-30 06:04:38 re/_trace.py:47 close.started
DEBUG 2026-06-30 06:04:38 re/_trace.py:47 close.complete
DEBUG 2026-06-30 06:04:38 re/_trace.py:47 close.started
DEBUG 2026-06-30 06:04:38 re/_trace.py:47 close.complete
INFO 2026-06-30 06:05:12 ot_train.py:459 step:28K smpl:17M ep:26K epch:511.39 loss:0.002 grdn:0.040 lr:4.3e-06 updt_s:2.330 data_s:0.408
WARNING 2026-06-30 06:05:12 db_utils.py:181 WandB logging of key "loss_per_dim" was ignored as its type "<class 'list'>" is not handled by this wrapper.
DEBUG 2026-06-30 06:07:03 re/_trace.py:47 close.started
DEBUG 2026-06-30 06:07:03 re/_trace.py:47 close.complete
DEBUG 2026-06-30 06:07:03 re/_trace.py:47 close.started
DEBUG 2026-06-30 06:07:03 re/_trace.py:47 close.complete
DEBUG 2026-06-30 06:07:03 re/_trace.py:47 close.started
DEBUG 2026-06-30 06:07:03 re/_trace.py:47 close.complete
DEBUG 2026-06-30 06:07:04 re/_trace.py:47 close.started
DEBUG 2026-06-30 06:07:04 re/_trace.py:47 close.complete
DEBUG 2026-06-30 06:07:04 re/_trace.py:47 close.started
DEBUG 2026-06-30 06:07:04 re/_trace.py:47 close.complete
DEBUG 2026-06-30 06:07:04 re/_trace.py:47 close.started
DEBUG 2026-06-30 06:07:04 re/_trace.py:47 close.complete
DEBUG 2026-06-30 06:07:04 re/_trace.py:47 close.started
DEBUG 2026-06-30 06:07:04 re/_trace.py:47 close.complete
DEBUG 2026-06-30 06:07:04 re/_trace.py:47 close.started
DEBUG 2026-06-30 06:07:04 re/_trace.py:47 close.complete
DEBUG 2026-06-30 06:07:04 re/_trace.py:47 close.started
DEBUG 2026-06-30 06:07:04 re/_trace.py:47 close.complete
DEBUG 2026-06-30 06:07:04 re/_trace.py:47 close.started
DEBUG 2026-06-30 06:07:04 re/_trace.py:47 close.complete
DEBUG 2026-06-30 06:09:29 re/_trace.py:47 close.started
DEBUG 2026-06-30 06:09:29 re/_trace.py:47 close.complete
DEBUG 2026-06-30 06:09:29 re/_trace.py:47 close.started
DEBUG 2026-06-30 06:09:29 re/_trace.py:47 close.complete
DEBUG 2026-06-30 06:09:29 re/_trace.py:47 close.started
DEBUG 2026-06-30 06:09:29 re/_trace.py:47 close.complete
DEBUG 2026-06-30 06:09:30 re/_trace.py:47 close.started
DEBUG 2026-06-30 06:09:30 re/_trace.py:47 close.complete
DEBUG 2026-06-30 06:09:30 re/_trace.py:47 close.started
DEBUG 2026-06-30 06:09:30 re/_trace.py:47 close.complete
DEBUG 2026-06-30 06:09:30 re/_trace.py:47 close.started
DEBUG 2026-06-30 06:09:30 re/_trace.py:47 close.complete
DEBUG 2026-06-30 06:09:30 re/_trace.py:47 close.started
DEBUG 2026-06-30 06:09:30 re/_trace.py:47 close.complete
DEBUG 2026-06-30 06:09:30 re/_trace.py:47 close.started
DEBUG 2026-06-30 06:09:30 re/_trace.py:47 close.complete
DEBUG 2026-06-30 06:09:30 re/_trace.py:47 close.started
DEBUG 2026-06-30 06:09:30 re/_trace.py:47 close.complete
DEBUG 2026-06-30 06:09:30 re/_trace.py:47 close.started
DEBUG 2026-06-30 06:09:30 re/_trace.py:47 close.complete
DEBUG 2026-06-30 06:11:56 re/_trace.py:47 close.started
DEBUG 2026-06-30 06:11:56 re/_trace.py:47 close.complete
DEBUG 2026-06-30 06:11:56 re/_trace.py:47 close.started
DEBUG 2026-06-30 06:11:56 re/_trace.py:47 close.complete
DEBUG 2026-06-30 06:11:56 re/_trace.py:47 close.started
DEBUG 2026-06-30 06:11:56 re/_trace.py:47 close.complete
DEBUG 2026-06-30 06:11:56 re/_trace.py:47 close.started
DEBUG 2026-06-30 06:11:56 re/_trace.py:47 close.complete
DEBUG 2026-06-30 06:11:56 re/_trace.py:47 close.started
DEBUG 2026-06-30 06:11:56 re/_trace.py:47 close.complete
DEBUG 2026-06-30 06:11:56 re/_trace.py:47 close.started
DEBUG 2026-06-30 06:11:56 re/_trace.py:47 close.complete
DEBUG 2026-06-30 06:11:56 re/_trace.py:47 close.started
DEBUG 2026-06-30 06:11:56 re/_trace.py:47 close.complete
DEBUG 2026-06-30 06:11:56 re/_trace.py:47 close.started
DEBUG 2026-06-30 06:11:56 re/_trace.py:47 close.complete
DEBUG 2026-06-30 06:11:56 re/_trace.py:47 close.started
DEBUG 2026-06-30 06:11:56 re/_trace.py:47 close.complete
DEBUG 2026-06-30 06:11:56 re/_trace.py:47 close.started
DEBUG 2026-06-30 06:11:56 re/_trace.py:47 close.complete
INFO 2026-06-30 06:13:59 ot_train.py:459 step:28K smpl:17M ep:26K epch:515.10 loss:0.001 grdn:0.036 lr:4.1e-06 updt_s:2.359 data_s:0.275
WARNING 2026-06-30 06:13:59 db_utils.py:181 WandB logging of key "loss_per_dim" was ignored as its type "<class 'list'>" is not handled by this wrapper.
DEBUG 2026-06-30 06:14:22 re/_trace.py:47 close.started
DEBUG 2026-06-30 06:14:22 re/_trace.py:47 close.complete
DEBUG 2026-06-30 06:14:22 re/_trace.py:47 close.started
DEBUG 2026-06-30 06:14:22 re/_trace.py:47 close.complete
DEBUG 2026-06-30 06:14:22 re/_trace.py:47 close.started
DEBUG 2026-06-30 06:14:22 re/_trace.py:47 close.complete
DEBUG 2026-06-30 06:14:22 re/_trace.py:47 close.started
DEBUG 2026-06-30 06:14:22 re/_trace.py:47 close.complete
DEBUG 2026-06-30 06:14:22 re/_trace.py:47 close.started
DEBUG 2026-06-30 06:14:22 re/_trace.py:47 close.complete
DEBUG 2026-06-30 06:14:22 re/_trace.py:47 close.started
DEBUG 2026-06-30 06:14:22 re/_trace.py:47 close.complete
DEBUG 2026-06-30 06:14:22 re/_trace.py:47 close.started
DEBUG 2026-06-30 06:14:22 re/_trace.py:47 close.complete
DEBUG 2026-06-30 06:14:22 re/_trace.py:47 close.started
DEBUG 2026-06-30 06:14:22 re/_trace.py:47 close.complete
DEBUG 2026-06-30 06:14:23 re/_trace.py:47 close.started
DEBUG 2026-06-30 06:14:23 re/_trace.py:47 close.complete
DEBUG 2026-06-30 06:14:23 re/_trace.py:47 close.started
DEBUG 2026-06-30 06:14:23 re/_trace.py:47 close.complete
DEBUG 2026-06-30 06:16:48 re/_trace.py:47 close.started
DEBUG 2026-06-30 06:16:48 re/_trace.py:47 close.complete
DEBUG 2026-06-30 06:16:48 re/_trace.py:47 close.started
DEBUG 2026-06-30 06:16:48 re/_trace.py:47 close.complete
DEBUG 2026-06-30 06:16:48 re/_trace.py:47 close.started
DEBUG 2026-06-30 06:16:48 re/_trace.py:47 close.complete
DEBUG 2026-06-30 06:16:48 re/_trace.py:47 close.started
DEBUG 2026-06-30 06:16:48 re/_trace.py:47 close.complete
DEBUG 2026-06-30 06:16:48 re/_trace.py:47 close.started
DEBUG 2026-06-30 06:16:48 re/_trace.py:47 close.complete
DEBUG 2026-06-30 06:16:48 re/_trace.py:47 close.started
DEBUG 2026-06-30 06:16:48 re/_trace.py:47 close.complete
DEBUG 2026-06-30 06:16:48 re/_trace.py:47 close.started
DEBUG 2026-06-30 06:16:48 re/_trace.py:47 close.complete
DEBUG 2026-06-30 06:16:48 re/_trace.py:47 close.started
DEBUG 2026-06-30 06:16:48 re/_trace.py:47 close.complete
DEBUG 2026-06-30 06:16:48 re/_trace.py:47 close.started
DEBUG 2026-06-30 06:16:48 re/_trace.py:47 close.complete
DEBUG 2026-06-30 06:16:48 re/_trace.py:47 close.started
DEBUG 2026-06-30 06:16:48 re/_trace.py:47 close.complete
DEBUG 2026-06-30 06:19:14 re/_trace.py:47 close.started
DEBUG 2026-06-30 06:19:14 re/_trace.py:47 close.complete
DEBUG 2026-06-30 06:19:14 re/_trace.py:47 close.started
DEBUG 2026-06-30 06:19:14 re/_trace.py:47 close.complete
DEBUG 2026-06-30 06:19:14 re/_trace.py:47 close.started
DEBUG 2026-06-30 06:19:14 re/_trace.py:47 close.complete
DEBUG 2026-06-30 06:19:14 re/_trace.py:47 close.started
DEBUG 2026-06-30 06:19:14 re/_trace.py:47 close.complete
DEBUG 2026-06-30 06:19:14 re/_trace.py:47 close.started
DEBUG 2026-06-30 06:19:14 re/_trace.py:47 close.complete
DEBUG 2026-06-30 06:19:14 re/_trace.py:47 close.started
DEBUG 2026-06-30 06:19:14 re/_trace.py:47 close.complete
DEBUG 2026-06-30 06:19:14 re/_trace.py:47 close.started
DEBUG 2026-06-30 06:19:14 re/_trace.py:47 close.complete
DEBUG 2026-06-30 06:19:14 re/_trace.py:47 close.started
DEBUG 2026-06-30 06:19:14 re/_trace.py:47 close.complete
DEBUG 2026-06-30 06:19:14 re/_trace.py:47 close.started
DEBUG 2026-06-30 06:19:14 re/_trace.py:47 close.complete
DEBUG 2026-06-30 06:19:14 re/_trace.py:47 close.started
DEBUG 2026-06-30 06:19:14 re/_trace.py:47 close.complete
DEBUG 2026-06-30 06:21:41 re/_trace.py:47 close.started
DEBUG 2026-06-30 06:21:41 re/_trace.py:47 close.complete
DEBUG 2026-06-30 06:21:41 re/_trace.py:47 close.started
DEBUG 2026-06-30 06:21:41 re/_trace.py:47 close.complete
DEBUG 2026-06-30 06:21:41 re/_trace.py:47 close.started
DEBUG 2026-06-30 06:21:41 re/_trace.py:47 close.complete
DEBUG 2026-06-30 06:21:41 re/_trace.py:47 close.started
DEBUG 2026-06-30 06:21:41 re/_trace.py:47 close.complete
DEBUG 2026-06-30 06:21:41 re/_trace.py:47 close.started
DEBUG 2026-06-30 06:21:41 re/_trace.py:47 close.complete
DEBUG 2026-06-30 06:21:42 re/_trace.py:47 close.started
DEBUG 2026-06-30 06:21:42 re/_trace.py:47 close.complete
DEBUG 2026-06-30 06:21:42 re/_trace.py:47 close.started
DEBUG 2026-06-30 06:21:42 re/_trace.py:47 close.complete
DEBUG 2026-06-30 06:21:42 re/_trace.py:47 close.started
DEBUG 2026-06-30 06:21:42 re/_trace.py:47 close.complete
DEBUG 2026-06-30 06:21:42 re/_trace.py:47 close.started
DEBUG 2026-06-30 06:21:42 re/_trace.py:47 close.complete
DEBUG 2026-06-30 06:21:42 re/_trace.py:47 close.started
DEBUG 2026-06-30 06:21:42 re/_trace.py:47 close.complete
INFO 2026-06-30 06:23:07 ot_train.py:459 step:28K smpl:17M ep:26K epch:518.80 loss:0.001 grdn:0.034 lr:3.8e-06 updt_s:2.389 data_s:0.347
WARNING 2026-06-30 06:23:07 db_utils.py:181 WandB logging of key "loss_per_dim" was ignored as its type "<class 'list'>" is not handled by this wrapper.
DEBUG 2026-06-30 06:24:06 re/_trace.py:47 close.started
DEBUG 2026-06-30 06:24:06 re/_trace.py:47 close.complete
DEBUG 2026-06-30 06:24:06 re/_trace.py:47 close.started
DEBUG 2026-06-30 06:24:06 re/_trace.py:47 close.complete
DEBUG 2026-06-30 06:24:06 re/_trace.py:47 close.started
DEBUG 2026-06-30 06:24:06 re/_trace.py:47 close.complete
DEBUG 2026-06-30 06:24:06 re/_trace.py:47 close.started
DEBUG 2026-06-30 06:24:06 re/_trace.py:47 close.complete
DEBUG 2026-06-30 06:24:07 re/_trace.py:47 close.started
DEBUG 2026-06-30 06:24:07 re/_trace.py:47 close.complete
DEBUG 2026-06-30 06:24:07 re/_trace.py:47 close.started
DEBUG 2026-06-30 06:24:07 re/_trace.py:47 close.complete
DEBUG 2026-06-30 06:24:07 re/_trace.py:47 close.started
DEBUG 2026-06-30 06:24:07 re/_trace.py:47 close.complete
DEBUG 2026-06-30 06:24:07 re/_trace.py:47 close.started
DEBUG 2026-06-30 06:24:07 re/_trace.py:47 close.complete
DEBUG 2026-06-30 06:24:07 re/_trace.py:47 close.started
DEBUG 2026-06-30 06:24:07 re/_trace.py:47 close.complete
DEBUG 2026-06-30 06:24:07 re/_trace.py:47 close.started
DEBUG 2026-06-30 06:24:07 re/_trace.py:47 close.complete
DEBUG 2026-06-30 06:26:32 re/_trace.py:47 close.started
DEBUG 2026-06-30 06:26:32 re/_trace.py:47 close.complete
DEBUG 2026-06-30 06:26:32 re/_trace.py:47 close.started
DEBUG 2026-06-30 06:26:32 re/_trace.py:47 close.complete
DEBUG 2026-06-30 06:26:32 re/_trace.py:47 close.started
DEBUG 2026-06-30 06:26:32 re/_trace.py:47 close.complete
DEBUG 2026-06-30 06:26:32 re/_trace.py:47 close.started
DEBUG 2026-06-30 06:26:32 re/_trace.py:47 close.complete
DEBUG 2026-06-30 06:26:33 re/_trace.py:47 close.started
DEBUG 2026-06-30 06:26:33 re/_trace.py:47 close.complete
DEBUG 2026-06-30 06:26:33 re/_trace.py:47 close.started
DEBUG 2026-06-30 06:26:33 re/_trace.py:47 close.complete
DEBUG 2026-06-30 06:26:33 re/_trace.py:47 close.started
DEBUG 2026-06-30 06:26:33 re/_trace.py:47 close.complete
DEBUG 2026-06-30 06:26:33 re/_trace.py:47 close.started
DEBUG 2026-06-30 06:26:33 re/_trace.py:47 close.complete
DEBUG 2026-06-30 06:26:33 re/_trace.py:47 close.started
DEBUG 2026-06-30 06:26:33 re/_trace.py:47 close.complete
DEBUG 2026-06-30 06:26:33 re/_trace.py:47 close.started
DEBUG 2026-06-30 06:26:33 re/_trace.py:47 close.complete
DEBUG 2026-06-30 06:28:57 re/_trace.py:47 close.started
DEBUG 2026-06-30 06:28:57 re/_trace.py:47 close.complete
DEBUG 2026-06-30 06:28:57 re/_trace.py:47 close.started
DEBUG 2026-06-30 06:28:57 re/_trace.py:47 close.complete
DEBUG 2026-06-30 06:28:57 re/_trace.py:47 close.started
DEBUG 2026-06-30 06:28:57 re/_trace.py:47 close.complete
DEBUG 2026-06-30 06:28:57 re/_trace.py:47 close.started
DEBUG 2026-06-30 06:28:57 re/_trace.py:47 close.complete
DEBUG 2026-06-30 06:28:58 re/_trace.py:47 close.started
DEBUG 2026-06-30 06:28:58 re/_trace.py:47 close.complete
DEBUG 2026-06-30 06:28:58 re/_trace.py:47 close.started
DEBUG 2026-06-30 06:28:58 re/_trace.py:47 close.complete
DEBUG 2026-06-30 06:28:58 re/_trace.py:47 close.started
DEBUG 2026-06-30 06:28:58 re/_trace.py:47 close.complete
DEBUG 2026-06-30 06:28:58 re/_trace.py:47 close.started
DEBUG 2026-06-30 06:28:58 re/_trace.py:47 close.complete
DEBUG 2026-06-30 06:28:58 re/_trace.py:47 close.started
DEBUG 2026-06-30 06:28:58 re/_trace.py:47 close.complete
DEBUG 2026-06-30 06:28:58 re/_trace.py:47 close.started
DEBUG 2026-06-30 06:28:58 re/_trace.py:47 close.complete
DEBUG 2026-06-30 06:31:24 re/_trace.py:47 close.started
DEBUG 2026-06-30 06:31:24 re/_trace.py:47 close.complete
DEBUG 2026-06-30 06:31:24 re/_trace.py:47 close.started
DEBUG 2026-06-30 06:31:24 re/_trace.py:47 close.complete
DEBUG 2026-06-30 06:31:24 re/_trace.py:47 close.started
DEBUG 2026-06-30 06:31:24 re/_trace.py:47 close.complete
DEBUG 2026-06-30 06:31:24 re/_trace.py:47 close.started
DEBUG 2026-06-30 06:31:24 re/_trace.py:47 close.complete
DEBUG 2026-06-30 06:31:24 re/_trace.py:47 close.started
DEBUG 2026-06-30 06:31:24 re/_trace.py:47 close.complete
DEBUG 2026-06-30 06:31:24 re/_trace.py:47 close.started
DEBUG 2026-06-30 06:31:24 re/_trace.py:47 close.complete
DEBUG 2026-06-30 06:31:24 re/_trace.py:47 close.started
DEBUG 2026-06-30 06:31:24 re/_trace.py:47 close.complete
DEBUG 2026-06-30 06:31:24 re/_trace.py:47 close.started
DEBUG 2026-06-30 06:31:24 re/_trace.py:47 close.complete
DEBUG 2026-06-30 06:31:24 re/_trace.py:47 close.started
DEBUG 2026-06-30 06:31:24 re/_trace.py:47 close.complete
DEBUG 2026-06-30 06:31:24 re/_trace.py:47 close.started
DEBUG 2026-06-30 06:31:24 re/_trace.py:47 close.complete
INFO 2026-06-30 06:32:13 ot_train.py:459 step:28K smpl:17M ep:26K epch:522.51 loss:0.001 grdn:0.034 lr:3.6e-06 updt_s:2.393 data_s:0.336
WARNING 2026-06-30 06:32:13 db_utils.py:181 WandB logging of key "loss_per_dim" was ignored as its type "<class 'list'>" is not handled by this wrapper.
DEBUG 2026-06-30 06:33:50 re/_trace.py:47 close.started
DEBUG 2026-06-30 06:33:50 re/_trace.py:47 close.complete
DEBUG 2026-06-30 06:33:50 re/_trace.py:47 close.started
DEBUG 2026-06-30 06:33:50 re/_trace.py:47 close.complete
DEBUG 2026-06-30 06:33:50 re/_trace.py:47 close.started
DEBUG 2026-06-30 06:33:50 re/_trace.py:47 close.complete
DEBUG 2026-06-30 06:33:50 re/_trace.py:47 close.started
DEBUG 2026-06-30 06:33:50 re/_trace.py:47 close.complete
DEBUG 2026-06-30 06:33:50 re/_trace.py:47 close.started
DEBUG 2026-06-30 06:33:50 re/_trace.py:47 close.complete
DEBUG 2026-06-30 06:33:50 re/_trace.py:47 close.started
DEBUG 2026-06-30 06:33:50 re/_trace.py:47 close.complete
DEBUG 2026-06-30 06:33:50 re/_trace.py:47 close.started
DEBUG 2026-06-30 06:33:50 re/_trace.py:47 close.complete
DEBUG 2026-06-30 06:33:50 re/_trace.py:47 close.started
DEBUG 2026-06-30 06:33:50 re/_trace.py:47 close.complete
DEBUG 2026-06-30 06:33:50 re/_trace.py:47 close.started
DEBUG 2026-06-30 06:33:50 re/_trace.py:47 close.complete
DEBUG 2026-06-30 06:33:50 re/_trace.py:47 close.started
DEBUG 2026-06-30 06:33:50 re/_trace.py:47 close.complete
DEBUG 2026-06-30 06:36:18 re/_trace.py:47 close.started
DEBUG 2026-06-30 06:36:18 re/_trace.py:47 close.complete
DEBUG 2026-06-30 06:36:18 re/_trace.py:47 close.started
DEBUG 2026-06-30 06:36:18 re/_trace.py:47 close.complete
DEBUG 2026-06-30 06:36:18 re/_trace.py:47 close.started
DEBUG 2026-06-30 06:36:18 re/_trace.py:47 close.complete
DEBUG 2026-06-30 06:36:18 re/_trace.py:47 close.started
DEBUG 2026-06-30 06:36:18 re/_trace.py:47 close.complete
DEBUG 2026-06-30 06:36:18 re/_trace.py:47 close.started
DEBUG 2026-06-30 06:36:18 re/_trace.py:47 close.complete
DEBUG 2026-06-30 06:36:18 re/_trace.py:47 close.started
DEBUG 2026-06-30 06:36:18 re/_trace.py:47 close.complete
DEBUG 2026-06-30 06:36:18 re/_trace.py:47 close.started
DEBUG 2026-06-30 06:36:18 re/_trace.py:47 close.complete
DEBUG 2026-06-30 06:36:18 re/_trace.py:47 close.started
DEBUG 2026-06-30 06:36:18 re/_trace.py:47 close.complete
DEBUG 2026-06-30 06:36:18 re/_trace.py:47 close.started
DEBUG 2026-06-30 06:36:18 re/_trace.py:47 close.complete
DEBUG 2026-06-30 06:36:18 re/_trace.py:47 close.started
DEBUG 2026-06-30 06:36:18 re/_trace.py:47 close.complete
DEBUG 2026-06-30 06:38:43 re/_trace.py:47 close.started
DEBUG 2026-06-30 06:38:43 re/_trace.py:47 close.complete
DEBUG 2026-06-30 06:38:43 re/_trace.py:47 close.started
DEBUG 2026-06-30 06:38:43 re/_trace.py:47 close.complete
DEBUG 2026-06-30 06:38:43 re/_trace.py:47 close.started
DEBUG 2026-06-30 06:38:43 re/_trace.py:47 close.complete
DEBUG 2026-06-30 06:38:43 re/_trace.py:47 close.started
DEBUG 2026-06-30 06:38:43 re/_trace.py:47 close.complete
DEBUG 2026-06-30 06:38:43 re/_trace.py:47 close.started
DEBUG 2026-06-30 06:38:43 re/_trace.py:47 close.complete
DEBUG 2026-06-30 06:38:43 re/_trace.py:47 close.started
DEBUG 2026-06-30 06:38:43 re/_trace.py:47 close.complete
DEBUG 2026-06-30 06:38:43 re/_trace.py:47 close.started
DEBUG 2026-06-30 06:38:43 re/_trace.py:47 close.complete
DEBUG 2026-06-30 06:38:43 re/_trace.py:47 close.started
DEBUG 2026-06-30 06:38:43 re/_trace.py:47 close.complete
DEBUG 2026-06-30 06:38:43 re/_trace.py:47 close.started
DEBUG 2026-06-30 06:38:43 re/_trace.py:47 close.complete
DEBUG 2026-06-30 06:38:43 re/_trace.py:47 close.started
DEBUG 2026-06-30 06:38:43 re/_trace.py:47 close.complete
INFO 2026-06-30 06:40:58 ot_train.py:459 step:28K smpl:17M ep:26K epch:526.22 loss:0.001 grdn:0.035 lr:3.3e-06 updt_s:2.359 data_s:0.265
WARNING 2026-06-30 06:40:58 db_utils.py:181 WandB logging of key "loss_per_dim" was ignored as its type "<class 'list'>" is not handled by this wrapper.
DEBUG 2026-06-30 06:41:09 re/_trace.py:47 close.started
DEBUG 2026-06-30 06:41:09 re/_trace.py:47 close.complete
DEBUG 2026-06-30 06:41:09 re/_trace.py:47 close.started
DEBUG 2026-06-30 06:41:09 re/_trace.py:47 close.complete
DEBUG 2026-06-30 06:41:09 re/_trace.py:47 close.started
DEBUG 2026-06-30 06:41:09 re/_trace.py:47 close.complete
DEBUG 2026-06-30 06:41:09 re/_trace.py:47 close.started
DEBUG 2026-06-30 06:41:09 re/_trace.py:47 close.complete
DEBUG 2026-06-30 06:41:09 re/_trace.py:47 close.started
DEBUG 2026-06-30 06:41:09 re/_trace.py:47 close.complete
DEBUG 2026-06-30 06:41:09 re/_trace.py:47 close.started
DEBUG 2026-06-30 06:41:09 re/_trace.py:47 close.complete
DEBUG 2026-06-30 06:41:09 re/_trace.py:47 close.started
DEBUG 2026-06-30 06:41:09 re/_trace.py:47 close.complete
DEBUG 2026-06-30 06:41:09 re/_trace.py:47 close.started
DEBUG 2026-06-30 06:41:09 re/_trace.py:47 close.complete
DEBUG 2026-06-30 06:41:09 re/_trace.py:47 close.started
DEBUG 2026-06-30 06:41:09 re/_trace.py:47 close.complete
DEBUG 2026-06-30 06:41:09 re/_trace.py:47 close.started
DEBUG 2026-06-30 06:41:09 re/_trace.py:47 close.complete
DEBUG 2026-06-30 06:43:34 re/_trace.py:47 close.started
DEBUG 2026-06-30 06:43:34 re/_trace.py:47 close.complete
DEBUG 2026-06-30 06:43:34 re/_trace.py:47 close.started
DEBUG 2026-06-30 06:43:34 re/_trace.py:47 close.complete
DEBUG 2026-06-30 06:43:34 re/_trace.py:47 close.started
DEBUG 2026-06-30 06:43:34 re/_trace.py:47 close.complete
DEBUG 2026-06-30 06:43:34 re/_trace.py:47 close.started
DEBUG 2026-06-30 06:43:34 re/_trace.py:47 close.complete
DEBUG 2026-06-30 06:43:34 re/_trace.py:47 close.started
DEBUG 2026-06-30 06:43:34 re/_trace.py:47 close.complete
DEBUG 2026-06-30 06:43:35 re/_trace.py:47 close.started
DEBUG 2026-06-30 06:43:35 re/_trace.py:47 close.complete
DEBUG 2026-06-30 06:43:35 re/_trace.py:47 close.started
DEBUG 2026-06-30 06:43:35 re/_trace.py:47 close.complete
DEBUG 2026-06-30 06:43:35 re/_trace.py:47 close.started
DEBUG 2026-06-30 06:43:35 re/_trace.py:47 close.complete
DEBUG 2026-06-30 06:43:35 re/_trace.py:47 close.started
DEBUG 2026-06-30 06:43:35 re/_trace.py:47 close.complete
DEBUG 2026-06-30 06:43:35 re/_trace.py:47 close.started
DEBUG 2026-06-30 06:43:35 re/_trace.py:47 close.complete
DEBUG 2026-06-30 06:46:00 re/_trace.py:47 close.started
DEBUG 2026-06-30 06:46:00 re/_trace.py:47 close.complete
DEBUG 2026-06-30 06:46:00 re/_trace.py:47 close.started
DEBUG 2026-06-30 06:46:00 re/_trace.py:47 close.complete
DEBUG 2026-06-30 06:46:00 re/_trace.py:47 close.started
DEBUG 2026-06-30 06:46:00 re/_trace.py:47 close.complete
DEBUG 2026-06-30 06:46:00 re/_trace.py:47 close.started
DEBUG 2026-06-30 06:46:00 re/_trace.py:47 close.complete
DEBUG 2026-06-30 06:46:00 re/_trace.py:47 close.started
DEBUG 2026-06-30 06:46:00 re/_trace.py:47 close.complete
DEBUG 2026-06-30 06:46:00 re/_trace.py:47 close.started
DEBUG 2026-06-30 06:46:00 re/_trace.py:47 close.complete
DEBUG 2026-06-30 06:46:00 re/_trace.py:47 close.started
DEBUG 2026-06-30 06:46:00 re/_trace.py:47 close.complete
DEBUG 2026-06-30 06:46:00 re/_trace.py:47 close.started
DEBUG 2026-06-30 06:46:00 re/_trace.py:47 close.complete
DEBUG 2026-06-30 06:46:00 re/_trace.py:47 close.started
DEBUG 2026-06-30 06:46:00 re/_trace.py:47 close.complete
DEBUG 2026-06-30 06:46:00 re/_trace.py:47 close.started
DEBUG 2026-06-30 06:46:00 re/_trace.py:47 close.complete
DEBUG 2026-06-30 06:48:25 re/_trace.py:47 close.started
DEBUG 2026-06-30 06:48:25 re/_trace.py:47 close.complete
DEBUG 2026-06-30 06:48:25 re/_trace.py:47 close.started
DEBUG 2026-06-30 06:48:25 re/_trace.py:47 close.complete
DEBUG 2026-06-30 06:48:25 re/_trace.py:47 close.started
DEBUG 2026-06-30 06:48:25 re/_trace.py:47 close.complete
DEBUG 2026-06-30 06:48:25 re/_trace.py:47 close.started
DEBUG 2026-06-30 06:48:25 re/_trace.py:47 close.complete
DEBUG 2026-06-30 06:48:25 re/_trace.py:47 close.started
DEBUG 2026-06-30 06:48:25 re/_trace.py:47 close.complete
DEBUG 2026-06-30 06:48:25 re/_trace.py:47 close.started
DEBUG 2026-06-30 06:48:25 re/_trace.py:47 close.complete
DEBUG 2026-06-30 06:48:25 re/_trace.py:47 close.started
DEBUG 2026-06-30 06:48:25 re/_trace.py:47 close.complete
DEBUG 2026-06-30 06:48:25 re/_trace.py:47 close.started
DEBUG 2026-06-30 06:48:25 re/_trace.py:47 close.complete
DEBUG 2026-06-30 06:48:25 re/_trace.py:47 close.started
DEBUG 2026-06-30 06:48:25 re/_trace.py:47 close.complete
DEBUG 2026-06-30 06:48:26 re/_trace.py:47 close.started
DEBUG 2026-06-30 06:48:26 re/_trace.py:47 close.complete
INFO 2026-06-30 06:50:04 ot_train.py:459 step:29K smpl:17M ep:26K epch:529.92 loss:0.001 grdn:0.034 lr:3.2e-06 updt_s:2.345 data_s:0.382
WARNING 2026-06-30 06:50:04 db_utils.py:181 WandB logging of key "loss_per_dim" was ignored as its type "<class 'list'>" is not handled by this wrapper.
DEBUG 2026-06-30 06:50:50 re/_trace.py:47 close.started
DEBUG 2026-06-30 06:50:50 re/_trace.py:47 close.complete
DEBUG 2026-06-30 06:50:50 re/_trace.py:47 close.started
DEBUG 2026-06-30 06:50:50 re/_trace.py:47 close.complete
DEBUG 2026-06-30 06:50:50 re/_trace.py:47 close.started
DEBUG 2026-06-30 06:50:50 re/_trace.py:47 close.complete
DEBUG 2026-06-30 06:50:50 re/_trace.py:47 close.started
DEBUG 2026-06-30 06:50:50 re/_trace.py:47 close.complete
DEBUG 2026-06-30 06:50:50 re/_trace.py:47 close.started
DEBUG 2026-06-30 06:50:50 re/_trace.py:47 close.complete
DEBUG 2026-06-30 06:50:50 re/_trace.py:47 close.started
DEBUG 2026-06-30 06:50:50 re/_trace.py:47 close.complete
DEBUG 2026-06-30 06:50:50 re/_trace.py:47 close.started
DEBUG 2026-06-30 06:50:50 re/_trace.py:47 close.complete
DEBUG 2026-06-30 06:50:50 re/_trace.py:47 close.started
DEBUG 2026-06-30 06:50:50 re/_trace.py:47 close.complete
DEBUG 2026-06-30 06:50:50 re/_trace.py:47 close.started
DEBUG 2026-06-30 06:50:50 re/_trace.py:47 close.complete
DEBUG 2026-06-30 06:50:50 re/_trace.py:47 close.started
DEBUG 2026-06-30 06:50:50 re/_trace.py:47 close.complete
DEBUG 2026-06-30 06:53:15 re/_trace.py:47 close.started
DEBUG 2026-06-30 06:53:15 re/_trace.py:47 close.complete
DEBUG 2026-06-30 06:53:15 re/_trace.py:47 close.started
DEBUG 2026-06-30 06:53:15 re/_trace.py:47 close.complete
DEBUG 2026-06-30 06:53:15 re/_trace.py:47 close.started
DEBUG 2026-06-30 06:53:15 re/_trace.py:47 close.complete
DEBUG 2026-06-30 06:53:15 re/_trace.py:47 close.started
DEBUG 2026-06-30 06:53:15 re/_trace.py:47 close.complete
DEBUG 2026-06-30 06:53:15 re/_trace.py:47 close.started
DEBUG 2026-06-30 06:53:15 re/_trace.py:47 close.complete
DEBUG 2026-06-30 06:53:15 re/_trace.py:47 close.started
DEBUG 2026-06-30 06:53:15 re/_trace.py:47 close.complete
DEBUG 2026-06-30 06:53:15 re/_trace.py:47 close.started
DEBUG 2026-06-30 06:53:15 re/_trace.py:47 close.complete
DEBUG 2026-06-30 06:53:15 re/_trace.py:47 close.started
DEBUG 2026-06-30 06:53:15 re/_trace.py:47 close.complete
DEBUG 2026-06-30 06:53:15 re/_trace.py:47 close.started
DEBUG 2026-06-30 06:53:15 re/_trace.py:47 close.complete
DEBUG 2026-06-30 06:53:15 re/_trace.py:47 close.started
DEBUG 2026-06-30 06:53:15 re/_trace.py:47 close.complete
DEBUG 2026-06-30 06:55:41 re/_trace.py:47 close.started
DEBUG 2026-06-30 06:55:41 re/_trace.py:47 close.complete
DEBUG 2026-06-30 06:55:41 re/_trace.py:47 close.started
DEBUG 2026-06-30 06:55:41 re/_trace.py:47 close.complete
DEBUG 2026-06-30 06:55:41 re/_trace.py:47 close.started
DEBUG 2026-06-30 06:55:41 re/_trace.py:47 close.complete
DEBUG 2026-06-30 06:55:41 re/_trace.py:47 close.started
DEBUG 2026-06-30 06:55:41 re/_trace.py:47 close.complete
DEBUG 2026-06-30 06:55:41 re/_trace.py:47 close.started
DEBUG 2026-06-30 06:55:41 re/_trace.py:47 close.complete
DEBUG 2026-06-30 06:55:41 re/_trace.py:47 close.started
DEBUG 2026-06-30 06:55:41 re/_trace.py:47 close.complete
DEBUG 2026-06-30 06:55:41 re/_trace.py:47 close.started
DEBUG 2026-06-30 06:55:41 re/_trace.py:47 close.complete
DEBUG 2026-06-30 06:55:41 re/_trace.py:47 close.started
DEBUG 2026-06-30 06:55:41 re/_trace.py:47 close.complete
DEBUG 2026-06-30 06:55:41 re/_trace.py:47 close.started
DEBUG 2026-06-30 06:55:41 re/_trace.py:47 close.complete
DEBUG 2026-06-30 06:55:41 re/_trace.py:47 close.started
DEBUG 2026-06-30 06:55:41 re/_trace.py:47 close.complete
DEBUG 2026-06-30 06:58:08 re/_trace.py:47 close.started
DEBUG 2026-06-30 06:58:08 re/_trace.py:47 close.complete
DEBUG 2026-06-30 06:58:08 re/_trace.py:47 close.started
DEBUG 2026-06-30 06:58:08 re/_trace.py:47 close.complete
DEBUG 2026-06-30 06:58:09 re/_trace.py:47 close.started
DEBUG 2026-06-30 06:58:09 re/_trace.py:47 close.complete
DEBUG 2026-06-30 06:58:09 re/_trace.py:47 close.started
DEBUG 2026-06-30 06:58:09 re/_trace.py:47 close.complete
DEBUG 2026-06-30 06:58:09 re/_trace.py:47 close.started
DEBUG 2026-06-30 06:58:09 re/_trace.py:47 close.complete
DEBUG 2026-06-30 06:58:09 re/_trace.py:47 close.started
DEBUG 2026-06-30 06:58:09 re/_trace.py:47 close.complete
DEBUG 2026-06-30 06:58:09 re/_trace.py:47 close.started
DEBUG 2026-06-30 06:58:09 re/_trace.py:47 close.complete
DEBUG 2026-06-30 06:58:09 re/_trace.py:47 close.started
DEBUG 2026-06-30 06:58:09 re/_trace.py:47 close.complete
DEBUG 2026-06-30 06:58:09 re/_trace.py:47 close.started
DEBUG 2026-06-30 06:58:09 re/_trace.py:47 close.complete
DEBUG 2026-06-30 06:58:09 re/_trace.py:47 close.started
DEBUG 2026-06-30 06:58:09 re/_trace.py:47 close.complete
INFO 2026-06-30 06:59:10 ot_train.py:459 step:29K smpl:17M ep:27K epch:533.63 loss:0.001 grdn:0.034 lr:3.0e-06 updt_s:2.387 data_s:0.342
WARNING 2026-06-30 06:59:10 db_utils.py:181 WandB logging of key "loss_per_dim" was ignored as its type "<class 'list'>" is not handled by this wrapper.
DEBUG 2026-06-30 07:00:34 re/_trace.py:47 close.started
DEBUG 2026-06-30 07:00:34 re/_trace.py:47 close.complete
DEBUG 2026-06-30 07:00:34 re/_trace.py:47 close.started
DEBUG 2026-06-30 07:00:34 re/_trace.py:47 close.complete
DEBUG 2026-06-30 07:00:34 re/_trace.py:47 close.started
DEBUG 2026-06-30 07:00:34 re/_trace.py:47 close.complete
DEBUG 2026-06-30 07:00:34 re/_trace.py:47 close.started
DEBUG 2026-06-30 07:00:34 re/_trace.py:47 close.complete
DEBUG 2026-06-30 07:00:34 re/_trace.py:47 close.started
DEBUG 2026-06-30 07:00:34 re/_trace.py:47 close.complete
DEBUG 2026-06-30 07:00:34 re/_trace.py:47 close.started
DEBUG 2026-06-30 07:00:34 re/_trace.py:47 close.complete
DEBUG 2026-06-30 07:00:34 re/_trace.py:47 close.started
DEBUG 2026-06-30 07:00:34 re/_trace.py:47 close.complete
DEBUG 2026-06-30 07:00:34 re/_trace.py:47 close.started
DEBUG 2026-06-30 07:00:34 re/_trace.py:47 close.complete
DEBUG 2026-06-30 07:00:34 re/_trace.py:47 close.started
DEBUG 2026-06-30 07:00:34 re/_trace.py:47 close.complete
DEBUG 2026-06-30 07:00:34 re/_trace.py:47 close.started
DEBUG 2026-06-30 07:00:34 re/_trace.py:47 close.complete
DEBUG 2026-06-30 07:03:00 re/_trace.py:47 close.started
DEBUG 2026-06-30 07:03:00 re/_trace.py:47 close.complete
DEBUG 2026-06-30 07:03:00 re/_trace.py:47 close.started
DEBUG 2026-06-30 07:03:00 re/_trace.py:47 close.complete
DEBUG 2026-06-30 07:03:00 re/_trace.py:47 close.started
DEBUG 2026-06-30 07:03:00 re/_trace.py:47 close.complete
DEBUG 2026-06-30 07:03:00 re/_trace.py:47 close.started
DEBUG 2026-06-30 07:03:00 re/_trace.py:47 close.complete
DEBUG 2026-06-30 07:03:00 re/_trace.py:47 close.started
DEBUG 2026-06-30 07:03:00 re/_trace.py:47 close.complete
DEBUG 2026-06-30 07:03:00 re/_trace.py:47 close.started
DEBUG 2026-06-30 07:03:00 re/_trace.py:47 close.complete
DEBUG 2026-06-30 07:03:00 re/_trace.py:47 close.started
DEBUG 2026-06-30 07:03:00 re/_trace.py:47 close.complete
DEBUG 2026-06-30 07:03:00 re/_trace.py:47 close.started
DEBUG 2026-06-30 07:03:00 re/_trace.py:47 close.complete
DEBUG 2026-06-30 07:03:00 re/_trace.py:47 close.started
DEBUG 2026-06-30 07:03:00 re/_trace.py:47 close.complete
DEBUG 2026-06-30 07:03:00 re/_trace.py:47 close.started
DEBUG 2026-06-30 07:03:00 re/_trace.py:47 close.complete
DEBUG 2026-06-30 07:05:26 re/_trace.py:47 close.started
DEBUG 2026-06-30 07:05:26 re/_trace.py:47 close.complete
DEBUG 2026-06-30 07:05:26 re/_trace.py:47 close.started
DEBUG 2026-06-30 07:05:26 re/_trace.py:47 close.complete
DEBUG 2026-06-30 07:05:26 re/_trace.py:47 close.started
DEBUG 2026-06-30 07:05:26 re/_trace.py:47 close.complete
DEBUG 2026-06-30 07:05:26 re/_trace.py:47 close.started
DEBUG 2026-06-30 07:05:26 re/_trace.py:47 close.complete
DEBUG 2026-06-30 07:05:26 re/_trace.py:47 close.started
DEBUG 2026-06-30 07:05:26 re/_trace.py:47 close.complete
DEBUG 2026-06-30 07:05:26 re/_trace.py:47 close.started
DEBUG 2026-06-30 07:05:26 re/_trace.py:47 close.complete
DEBUG 2026-06-30 07:05:26 re/_trace.py:47 close.started
DEBUG 2026-06-30 07:05:26 re/_trace.py:47 close.complete
DEBUG 2026-06-30 07:05:26 re/_trace.py:47 close.started
DEBUG 2026-06-30 07:05:26 re/_trace.py:47 close.complete
DEBUG 2026-06-30 07:05:26 re/_trace.py:47 close.started
DEBUG 2026-06-30 07:05:26 re/_trace.py:47 close.complete
DEBUG 2026-06-30 07:05:26 re/_trace.py:47 close.started
DEBUG 2026-06-30 07:05:26 re/_trace.py:47 close.complete
DEBUG 2026-06-30 07:07:52 re/_trace.py:47 close.started
DEBUG 2026-06-30 07:07:52 re/_trace.py:47 close.complete
DEBUG 2026-06-30 07:07:52 re/_trace.py:47 close.started
DEBUG 2026-06-30 07:07:52 re/_trace.py:47 close.complete
DEBUG 2026-06-30 07:07:52 re/_trace.py:47 close.started
DEBUG 2026-06-30 07:07:52 re/_trace.py:47 close.complete
DEBUG 2026-06-30 07:07:52 re/_trace.py:47 close.started
DEBUG 2026-06-30 07:07:52 re/_trace.py:47 close.complete
DEBUG 2026-06-30 07:07:52 re/_trace.py:47 close.started
DEBUG 2026-06-30 07:07:52 re/_trace.py:47 close.complete
DEBUG 2026-06-30 07:07:52 re/_trace.py:47 close.started
DEBUG 2026-06-30 07:07:52 re/_trace.py:47 close.complete
DEBUG 2026-06-30 07:07:52 re/_trace.py:47 close.started
DEBUG 2026-06-30 07:07:52 re/_trace.py:47 close.complete
DEBUG 2026-06-30 07:07:52 re/_trace.py:47 close.started
DEBUG 2026-06-30 07:07:52 re/_trace.py:47 close.complete
DEBUG 2026-06-30 07:07:52 re/_trace.py:47 close.started
DEBUG 2026-06-30 07:07:52 re/_trace.py:47 close.complete
DEBUG 2026-06-30 07:07:52 re/_trace.py:47 close.started
DEBUG 2026-06-30 07:07:52 re/_trace.py:47 close.complete
INFO 2026-06-30 07:08:17 ot_train.py:459 step:29K smpl:18M ep:27K epch:537.33 loss:0.001 grdn:0.038 lr:2.9e-06 updt_s:2.371 data_s:0.357
WARNING 2026-06-30 07:08:17 db_utils.py:181 WandB logging of key "loss_per_dim" was ignored as its type "<class 'list'>" is not handled by this wrapper.
DEBUG 2026-06-30 07:10:19 re/_trace.py:47 close.started
DEBUG 2026-06-30 07:10:19 re/_trace.py:47 close.complete
DEBUG 2026-06-30 07:10:19 re/_trace.py:47 close.started
DEBUG 2026-06-30 07:10:19 re/_trace.py:47 close.complete
DEBUG 2026-06-30 07:10:19 re/_trace.py:47 close.started
DEBUG 2026-06-30 07:10:19 re/_trace.py:47 close.complete
DEBUG 2026-06-30 07:10:19 re/_trace.py:47 close.started
DEBUG 2026-06-30 07:10:19 re/_trace.py:47 close.complete
DEBUG 2026-06-30 07:10:19 re/_trace.py:47 close.started
DEBUG 2026-06-30 07:10:19 re/_trace.py:47 close.complete
DEBUG 2026-06-30 07:10:19 re/_trace.py:47 close.started
DEBUG 2026-06-30 07:10:19 re/_trace.py:47 close.complete
DEBUG 2026-06-30 07:10:19 re/_trace.py:47 close.started
DEBUG 2026-06-30 07:10:19 re/_trace.py:47 close.complete
DEBUG 2026-06-30 07:10:19 re/_trace.py:47 close.started
DEBUG 2026-06-30 07:10:19 re/_trace.py:47 close.complete
DEBUG 2026-06-30 07:10:19 re/_trace.py:47 close.started
DEBUG 2026-06-30 07:10:19 re/_trace.py:47 close.complete
DEBUG 2026-06-30 07:10:19 re/_trace.py:47 close.started
DEBUG 2026-06-30 07:10:19 re/_trace.py:47 close.complete
DEBUG 2026-06-30 07:12:44 re/_trace.py:47 close.started
DEBUG 2026-06-30 07:12:44 re/_trace.py:47 close.complete
DEBUG 2026-06-30 07:12:44 re/_trace.py:47 close.started
DEBUG 2026-06-30 07:12:44 re/_trace.py:47 close.complete
DEBUG 2026-06-30 07:12:44 re/_trace.py:47 close.started
DEBUG 2026-06-30 07:12:44 re/_trace.py:47 close.complete
DEBUG 2026-06-30 07:12:44 re/_trace.py:47 close.started
DEBUG 2026-06-30 07:12:44 re/_trace.py:47 close.complete
DEBUG 2026-06-30 07:12:44 re/_trace.py:47 close.started
DEBUG 2026-06-30 07:12:44 re/_trace.py:47 close.complete
DEBUG 2026-06-30 07:12:44 re/_trace.py:47 close.started
DEBUG 2026-06-30 07:12:44 re/_trace.py:47 close.complete
DEBUG 2026-06-30 07:12:44 re/_trace.py:47 close.started
DEBUG 2026-06-30 07:12:44 re/_trace.py:47 close.complete
DEBUG 2026-06-30 07:12:44 re/_trace.py:47 close.started
DEBUG 2026-06-30 07:12:44 re/_trace.py:47 close.complete
DEBUG 2026-06-30 07:12:44 re/_trace.py:47 close.started
DEBUG 2026-06-30 07:12:44 re/_trace.py:47 close.complete
DEBUG 2026-06-30 07:12:45 re/_trace.py:47 close.started
DEBUG 2026-06-30 07:12:45 re/_trace.py:47 close.complete
DEBUG 2026-06-30 07:15:09 re/_trace.py:47 close.started
DEBUG 2026-06-30 07:15:09 re/_trace.py:47 close.complete
DEBUG 2026-06-30 07:15:09 re/_trace.py:47 close.started
DEBUG 2026-06-30 07:15:09 re/_trace.py:47 close.complete
DEBUG 2026-06-30 07:15:09 re/_trace.py:47 close.started
DEBUG 2026-06-30 07:15:09 re/_trace.py:47 close.complete
DEBUG 2026-06-30 07:15:09 re/_trace.py:47 close.started
DEBUG 2026-06-30 07:15:09 re/_trace.py:47 close.complete
DEBUG 2026-06-30 07:15:09 re/_trace.py:47 close.started
DEBUG 2026-06-30 07:15:09 re/_trace.py:47 close.complete
DEBUG 2026-06-30 07:15:10 re/_trace.py:47 close.started
DEBUG 2026-06-30 07:15:10 re/_trace.py:47 close.complete
DEBUG 2026-06-30 07:15:10 re/_trace.py:47 close.started
DEBUG 2026-06-30 07:15:10 re/_trace.py:47 close.complete
DEBUG 2026-06-30 07:15:10 re/_trace.py:47 close.started
DEBUG 2026-06-30 07:15:10 re/_trace.py:47 close.complete
DEBUG 2026-06-30 07:15:10 re/_trace.py:47 close.started
DEBUG 2026-06-30 07:15:10 re/_trace.py:47 close.complete
DEBUG 2026-06-30 07:15:10 re/_trace.py:47 close.started
DEBUG 2026-06-30 07:15:10 re/_trace.py:47 close.complete
INFO 2026-06-30 07:17:02 ot_train.py:459 step:29K smpl:18M ep:27K epch:541.04 loss:0.001 grdn:0.033 lr:2.7e-06 updt_s:2.337 data_s:0.287
WARNING 2026-06-30 07:17:02 db_utils.py:181 WandB logging of key "loss_per_dim" was ignored as its type "<class 'list'>" is not handled by this wrapper.
DEBUG 2026-06-30 07:17:35 re/_trace.py:47 close.started
DEBUG 2026-06-30 07:17:35 re/_trace.py:47 close.complete
DEBUG 2026-06-30 07:17:35 re/_trace.py:47 close.started
DEBUG 2026-06-30 07:17:35 re/_trace.py:47 close.complete
DEBUG 2026-06-30 07:17:35 re/_trace.py:47 close.started
DEBUG 2026-06-30 07:17:35 re/_trace.py:47 close.complete
DEBUG 2026-06-30 07:17:35 re/_trace.py:47 close.started
DEBUG 2026-06-30 07:17:35 re/_trace.py:47 close.complete
DEBUG 2026-06-30 07:17:35 re/_trace.py:47 close.started
DEBUG 2026-06-30 07:17:35 re/_trace.py:47 close.complete
DEBUG 2026-06-30 07:17:35 re/_trace.py:47 close.started
DEBUG 2026-06-30 07:17:35 re/_trace.py:47 close.complete
DEBUG 2026-06-30 07:17:35 re/_trace.py:47 close.started
DEBUG 2026-06-30 07:17:35 re/_trace.py:47 close.complete
DEBUG 2026-06-30 07:17:35 re/_trace.py:47 close.started
DEBUG 2026-06-30 07:17:35 re/_trace.py:47 close.complete
DEBUG 2026-06-30 07:17:35 re/_trace.py:47 close.started
DEBUG 2026-06-30 07:17:35 re/_trace.py:47 close.complete
DEBUG 2026-06-30 07:17:35 re/_trace.py:47 close.started
DEBUG 2026-06-30 07:17:35 re/_trace.py:47 close.complete
DEBUG 2026-06-30 07:19:59 re/_trace.py:47 close.started
DEBUG 2026-06-30 07:19:59 re/_trace.py:47 close.complete
DEBUG 2026-06-30 07:20:00 re/_trace.py:47 close.started
DEBUG 2026-06-30 07:20:00 re/_trace.py:47 close.complete
DEBUG 2026-06-30 07:20:00 re/_trace.py:47 close.started
DEBUG 2026-06-30 07:20:00 re/_trace.py:47 close.complete
DEBUG 2026-06-30 07:20:00 re/_trace.py:47 close.started
DEBUG 2026-06-30 07:20:00 re/_trace.py:47 close.complete
DEBUG 2026-06-30 07:20:00 re/_trace.py:47 close.started
DEBUG 2026-06-30 07:20:00 re/_trace.py:47 close.complete
DEBUG 2026-06-30 07:20:00 re/_trace.py:47 close.started
DEBUG 2026-06-30 07:20:00 re/_trace.py:47 close.complete
DEBUG 2026-06-30 07:20:00 re/_trace.py:47 close.started
DEBUG 2026-06-30 07:20:00 re/_trace.py:47 close.complete
DEBUG 2026-06-30 07:20:00 re/_trace.py:47 close.started
DEBUG 2026-06-30 07:20:00 re/_trace.py:47 close.complete
DEBUG 2026-06-30 07:20:00 re/_trace.py:47 close.started
DEBUG 2026-06-30 07:20:00 re/_trace.py:47 close.complete
DEBUG 2026-06-30 07:20:00 re/_trace.py:47 close.started
DEBUG 2026-06-30 07:20:00 re/_trace.py:47 close.complete
DEBUG 2026-06-30 07:22:25 re/_trace.py:47 close.started
DEBUG 2026-06-30 07:22:25 re/_trace.py:47 close.complete
DEBUG 2026-06-30 07:22:25 re/_trace.py:47 close.started
DEBUG 2026-06-30 07:22:25 re/_trace.py:47 close.complete
DEBUG 2026-06-30 07:22:25 re/_trace.py:47 close.started
DEBUG 2026-06-30 07:22:25 re/_trace.py:47 close.complete
DEBUG 2026-06-30 07:22:25 re/_trace.py:47 close.started
DEBUG 2026-06-30 07:22:25 re/_trace.py:47 close.complete
DEBUG 2026-06-30 07:22:25 re/_trace.py:47 close.started
DEBUG 2026-06-30 07:22:25 re/_trace.py:47 close.complete
DEBUG 2026-06-30 07:22:25 re/_trace.py:47 close.started
DEBUG 2026-06-30 07:22:25 re/_trace.py:47 close.complete
DEBUG 2026-06-30 07:22:25 re/_trace.py:47 close.started
DEBUG 2026-06-30 07:22:25 re/_trace.py:47 close.complete
DEBUG 2026-06-30 07:22:26 re/_trace.py:47 close.started
DEBUG 2026-06-30 07:22:26 re/_trace.py:47 close.complete
DEBUG 2026-06-30 07:22:26 re/_trace.py:47 close.started
DEBUG 2026-06-30 07:22:26 re/_trace.py:47 close.complete
DEBUG 2026-06-30 07:22:26 re/_trace.py:47 close.started
DEBUG 2026-06-30 07:22:26 re/_trace.py:47 close.complete
DEBUG 2026-06-30 07:24:51 re/_trace.py:47 close.started
DEBUG 2026-06-30 07:24:51 re/_trace.py:47 close.complete
DEBUG 2026-06-30 07:24:51 re/_trace.py:47 close.started
DEBUG 2026-06-30 07:24:51 re/_trace.py:47 close.complete
DEBUG 2026-06-30 07:24:51 re/_trace.py:47 close.started
DEBUG 2026-06-30 07:24:51 re/_trace.py:47 close.complete
DEBUG 2026-06-30 07:24:51 re/_trace.py:47 close.started
DEBUG 2026-06-30 07:24:51 re/_trace.py:47 close.complete
DEBUG 2026-06-30 07:24:51 re/_trace.py:47 close.started
DEBUG 2026-06-30 07:24:51 re/_trace.py:47 close.complete
DEBUG 2026-06-30 07:24:51 re/_trace.py:47 close.started
DEBUG 2026-06-30 07:24:51 re/_trace.py:47 close.complete
DEBUG 2026-06-30 07:24:52 re/_trace.py:47 close.started
DEBUG 2026-06-30 07:24:52 re/_trace.py:47 close.complete
DEBUG 2026-06-30 07:24:52 re/_trace.py:47 close.started
DEBUG 2026-06-30 07:24:52 re/_trace.py:47 close.complete
DEBUG 2026-06-30 07:24:52 re/_trace.py:47 close.started
DEBUG 2026-06-30 07:24:52 re/_trace.py:47 close.complete
DEBUG 2026-06-30 07:24:52 re/_trace.py:47 close.started
DEBUG 2026-06-30 07:24:52 re/_trace.py:47 close.complete
INFO 2026-06-30 07:26:08 ot_train.py:459 step:29K smpl:18M ep:27K epch:544.74 loss:0.001 grdn:0.035 lr:2.6e-06 updt_s:2.359 data_s:0.367
WARNING 2026-06-30 07:26:08 db_utils.py:181 WandB logging of key "loss_per_dim" was ignored as its type "<class 'list'>" is not handled by this wrapper.
DEBUG 2026-06-30 07:27:17 re/_trace.py:47 close.started
DEBUG 2026-06-30 07:27:17 re/_trace.py:47 close.complete
DEBUG 2026-06-30 07:27:17 re/_trace.py:47 close.started
DEBUG 2026-06-30 07:27:17 re/_trace.py:47 close.complete
DEBUG 2026-06-30 07:27:17 re/_trace.py:47 close.started
DEBUG 2026-06-30 07:27:17 re/_trace.py:47 close.complete
DEBUG 2026-06-30 07:27:17 re/_trace.py:47 close.started
DEBUG 2026-06-30 07:27:17 re/_trace.py:47 close.complete
DEBUG 2026-06-30 07:27:17 re/_trace.py:47 close.started
DEBUG 2026-06-30 07:27:17 re/_trace.py:47 close.complete
DEBUG 2026-06-30 07:27:17 re/_trace.py:47 close.started
DEBUG 2026-06-30 07:27:17 re/_trace.py:47 close.complete
DEBUG 2026-06-30 07:27:17 re/_trace.py:47 close.started
DEBUG 2026-06-30 07:27:17 re/_trace.py:47 close.complete
DEBUG 2026-06-30 07:27:17 re/_trace.py:47 close.started
DEBUG 2026-06-30 07:27:17 re/_trace.py:47 close.complete
DEBUG 2026-06-30 07:27:17 re/_trace.py:47 close.started
DEBUG 2026-06-30 07:27:17 re/_trace.py:47 close.complete
DEBUG 2026-06-30 07:27:17 re/_trace.py:47 close.started
DEBUG 2026-06-30 07:27:17 re/_trace.py:47 close.complete
DEBUG 2026-06-30 07:29:42 re/_trace.py:47 close.started
DEBUG 2026-06-30 07:29:42 re/_trace.py:47 close.complete
DEBUG 2026-06-30 07:29:43 re/_trace.py:47 close.started
DEBUG 2026-06-30 07:29:43 re/_trace.py:47 close.complete
DEBUG 2026-06-30 07:29:43 re/_trace.py:47 close.started
DEBUG 2026-06-30 07:29:43 re/_trace.py:47 close.complete
DEBUG 2026-06-30 07:29:43 re/_trace.py:47 close.started
DEBUG 2026-06-30 07:29:43 re/_trace.py:47 close.complete
DEBUG 2026-06-30 07:29:43 re/_trace.py:47 close.started
DEBUG 2026-06-30 07:29:43 re/_trace.py:47 close.complete
DEBUG 2026-06-30 07:29:43 re/_trace.py:47 close.started
DEBUG 2026-06-30 07:29:43 re/_trace.py:47 close.complete
DEBUG 2026-06-30 07:29:43 re/_trace.py:47 close.started
DEBUG 2026-06-30 07:29:43 re/_trace.py:47 close.complete
DEBUG 2026-06-30 07:29:43 re/_trace.py:47 close.started
DEBUG 2026-06-30 07:29:43 re/_trace.py:47 close.complete
DEBUG 2026-06-30 07:29:43 re/_trace.py:47 close.started
DEBUG 2026-06-30 07:29:43 re/_trace.py:47 close.complete
DEBUG 2026-06-30 07:29:43 re/_trace.py:47 close.started
DEBUG 2026-06-30 07:29:43 re/_trace.py:47 close.complete
DEBUG 2026-06-30 07:32:08 re/_trace.py:47 close.started
DEBUG 2026-06-30 07:32:08 re/_trace.py:47 close.complete
DEBUG 2026-06-30 07:32:08 re/_trace.py:47 close.started
DEBUG 2026-06-30 07:32:08 re/_trace.py:47 close.complete
DEBUG 2026-06-30 07:32:08 re/_trace.py:47 close.started
DEBUG 2026-06-30 07:32:08 re/_trace.py:47 close.complete
DEBUG 2026-06-30 07:32:08 re/_trace.py:47 close.started
DEBUG 2026-06-30 07:32:08 re/_trace.py:47 close.complete
DEBUG 2026-06-30 07:32:08 re/_trace.py:47 close.started
DEBUG 2026-06-30 07:32:08 re/_trace.py:47 close.complete
DEBUG 2026-06-30 07:32:08 re/_trace.py:47 close.started
DEBUG 2026-06-30 07:32:08 re/_trace.py:47 close.complete
DEBUG 2026-06-30 07:32:09 re/_trace.py:47 close.started
DEBUG 2026-06-30 07:32:09 re/_trace.py:47 close.complete
DEBUG 2026-06-30 07:32:09 re/_trace.py:47 close.started
DEBUG 2026-06-30 07:32:09 re/_trace.py:47 close.complete
DEBUG 2026-06-30 07:32:09 re/_trace.py:47 close.started
DEBUG 2026-06-30 07:32:09 re/_trace.py:47 close.complete
DEBUG 2026-06-30 07:32:09 re/_trace.py:47 close.started
DEBUG 2026-06-30 07:32:09 re/_trace.py:47 close.complete
DEBUG 2026-06-30 07:34:35 re/_trace.py:47 close.started
DEBUG 2026-06-30 07:34:35 re/_trace.py:47 close.complete
DEBUG 2026-06-30 07:34:35 re/_trace.py:47 close.started
DEBUG 2026-06-30 07:34:35 re/_trace.py:47 close.complete
DEBUG 2026-06-30 07:34:35 re/_trace.py:47 close.started
DEBUG 2026-06-30 07:34:35 re/_trace.py:47 close.complete
DEBUG 2026-06-30 07:34:35 re/_trace.py:47 close.started
DEBUG 2026-06-30 07:34:35 re/_trace.py:47 close.complete
DEBUG 2026-06-30 07:34:35 re/_trace.py:47 close.started
DEBUG 2026-06-30 07:34:35 re/_trace.py:47 close.complete
DEBUG 2026-06-30 07:34:35 re/_trace.py:47 close.started
DEBUG 2026-06-30 07:34:35 re/_trace.py:47 close.complete
DEBUG 2026-06-30 07:34:35 re/_trace.py:47 close.started
DEBUG 2026-06-30 07:34:35 re/_trace.py:47 close.complete
DEBUG 2026-06-30 07:34:35 re/_trace.py:47 close.started
DEBUG 2026-06-30 07:34:35 re/_trace.py:47 close.complete
DEBUG 2026-06-30 07:34:35 re/_trace.py:47 close.started
DEBUG 2026-06-30 07:34:35 re/_trace.py:47 close.complete
DEBUG 2026-06-30 07:34:35 re/_trace.py:47 close.started
DEBUG 2026-06-30 07:34:35 re/_trace.py:47 close.complete
INFO 2026-06-30 07:35:14 ot_train.py:459 step:30K smpl:18M ep:27K epch:548.45 loss:0.001 grdn:0.032 lr:2.6e-06 updt_s:2.366 data_s:0.365
WARNING 2026-06-30 07:35:14 db_utils.py:181 WandB logging of key "loss_per_dim" was ignored as its type "<class 'list'>" is not handled by this wrapper.
DEBUG 2026-06-30 07:37:01 re/_trace.py:47 close.started
DEBUG 2026-06-30 07:37:01 re/_trace.py:47 close.complete
DEBUG 2026-06-30 07:37:01 re/_trace.py:47 close.started
DEBUG 2026-06-30 07:37:01 re/_trace.py:47 close.complete
DEBUG 2026-06-30 07:37:01 re/_trace.py:47 close.started
DEBUG 2026-06-30 07:37:01 re/_trace.py:47 close.complete
DEBUG 2026-06-30 07:37:01 re/_trace.py:47 close.started
DEBUG 2026-06-30 07:37:01 re/_trace.py:47 close.complete
DEBUG 2026-06-30 07:37:01 re/_trace.py:47 close.started
DEBUG 2026-06-30 07:37:01 re/_trace.py:47 close.complete
DEBUG 2026-06-30 07:37:01 re/_trace.py:47 close.started
DEBUG 2026-06-30 07:37:01 re/_trace.py:47 close.complete
DEBUG 2026-06-30 07:37:01 re/_trace.py:47 close.started
DEBUG 2026-06-30 07:37:01 re/_trace.py:47 close.complete
DEBUG 2026-06-30 07:37:01 re/_trace.py:47 close.started
DEBUG 2026-06-30 07:37:01 re/_trace.py:47 close.complete
DEBUG 2026-06-30 07:37:01 re/_trace.py:47 close.started
DEBUG 2026-06-30 07:37:01 re/_trace.py:47 close.complete
DEBUG 2026-06-30 07:37:01 re/_trace.py:47 close.started
DEBUG 2026-06-30 07:37:01 re/_trace.py:47 close.complete
DEBUG 2026-06-30 07:39:26 re/_trace.py:47 close.started
DEBUG 2026-06-30 07:39:26 re/_trace.py:47 close.complete
DEBUG 2026-06-30 07:39:26 re/_trace.py:47 close.started
DEBUG 2026-06-30 07:39:26 re/_trace.py:47 close.complete
DEBUG 2026-06-30 07:39:26 re/_trace.py:47 close.started
DEBUG 2026-06-30 07:39:26 re/_trace.py:47 close.complete
DEBUG 2026-06-30 07:39:26 re/_trace.py:47 close.started
DEBUG 2026-06-30 07:39:26 re/_trace.py:47 close.complete
DEBUG 2026-06-30 07:39:26 re/_trace.py:47 close.started
DEBUG 2026-06-30 07:39:26 re/_trace.py:47 close.complete
DEBUG 2026-06-30 07:39:26 re/_trace.py:47 close.started
DEBUG 2026-06-30 07:39:26 re/_trace.py:47 close.complete
DEBUG 2026-06-30 07:39:26 re/_trace.py:47 close.started
DEBUG 2026-06-30 07:39:26 re/_trace.py:47 close.complete
DEBUG 2026-06-30 07:39:26 re/_trace.py:47 close.started
DEBUG 2026-06-30 07:39:26 re/_trace.py:47 close.complete
DEBUG 2026-06-30 07:39:26 re/_trace.py:47 close.started
DEBUG 2026-06-30 07:39:26 re/_trace.py:47 close.complete
DEBUG 2026-06-30 07:39:26 re/_trace.py:47 close.started
DEBUG 2026-06-30 07:39:26 re/_trace.py:47 close.complete
DEBUG 2026-06-30 07:41:50 re/_trace.py:47 close.started
DEBUG 2026-06-30 07:41:50 re/_trace.py:47 close.complete
DEBUG 2026-06-30 07:41:51 re/_trace.py:47 close.started
DEBUG 2026-06-30 07:41:51 re/_trace.py:47 close.complete
DEBUG 2026-06-30 07:41:51 re/_trace.py:47 close.started
DEBUG 2026-06-30 07:41:51 re/_trace.py:47 close.complete
DEBUG 2026-06-30 07:41:51 re/_trace.py:47 close.started
DEBUG 2026-06-30 07:41:51 re/_trace.py:47 close.complete
DEBUG 2026-06-30 07:41:51 re/_trace.py:47 close.started
DEBUG 2026-06-30 07:41:51 re/_trace.py:47 close.complete
DEBUG 2026-06-30 07:41:51 re/_trace.py:47 close.started
DEBUG 2026-06-30 07:41:51 re/_trace.py:47 close.complete
DEBUG 2026-06-30 07:41:51 re/_trace.py:47 close.started
DEBUG 2026-06-30 07:41:51 re/_trace.py:47 close.complete
DEBUG 2026-06-30 07:41:51 re/_trace.py:47 close.started
DEBUG 2026-06-30 07:41:51 re/_trace.py:47 close.complete
DEBUG 2026-06-30 07:41:51 re/_trace.py:47 close.started
DEBUG 2026-06-30 07:41:51 re/_trace.py:47 close.complete
DEBUG 2026-06-30 07:41:51 re/_trace.py:47 close.started
DEBUG 2026-06-30 07:41:51 re/_trace.py:47 close.complete
INFO 2026-06-30 07:43:57 ot_train.py:459 step:30K smpl:18M ep:28K epch:552.16 loss:0.001 grdn:0.035 lr:2.5e-06 updt_s:2.328 data_s:0.283
WARNING 2026-06-30 07:43:57 db_utils.py:181 WandB logging of key "loss_per_dim" was ignored as its type "<class 'list'>" is not handled by this wrapper.
DEBUG 2026-06-30 07:44:16 re/_trace.py:47 close.started
DEBUG 2026-06-30 07:44:16 re/_trace.py:47 close.complete
DEBUG 2026-06-30 07:44:16 re/_trace.py:47 close.started
DEBUG 2026-06-30 07:44:16 re/_trace.py:47 close.complete
DEBUG 2026-06-30 07:44:16 re/_trace.py:47 close.started
DEBUG 2026-06-30 07:44:16 re/_trace.py:47 close.complete
DEBUG 2026-06-30 07:44:16 re/_trace.py:47 close.started
DEBUG 2026-06-30 07:44:16 re/_trace.py:47 close.complete
DEBUG 2026-06-30 07:44:16 re/_trace.py:47 close.started
DEBUG 2026-06-30 07:44:16 re/_trace.py:47 close.complete
DEBUG 2026-06-30 07:44:16 re/_trace.py:47 close.started
DEBUG 2026-06-30 07:44:16 re/_trace.py:47 close.complete
DEBUG 2026-06-30 07:44:16 re/_trace.py:47 close.started
DEBUG 2026-06-30 07:44:16 re/_trace.py:47 close.complete
DEBUG 2026-06-30 07:44:16 re/_trace.py:47 close.started
DEBUG 2026-06-30 07:44:16 re/_trace.py:47 close.complete
DEBUG 2026-06-30 07:44:16 re/_trace.py:47 close.started
DEBUG 2026-06-30 07:44:16 re/_trace.py:47 close.complete
DEBUG 2026-06-30 07:44:16 re/_trace.py:47 close.started
DEBUG 2026-06-30 07:44:16 re/_trace.py:47 close.complete
DEBUG 2026-06-30 07:46:43 re/_trace.py:47 close.started
DEBUG 2026-06-30 07:46:43 re/_trace.py:47 close.complete
DEBUG 2026-06-30 07:46:43 re/_trace.py:47 close.started
DEBUG 2026-06-30 07:46:43 re/_trace.py:47 close.complete
DEBUG 2026-06-30 07:46:43 re/_trace.py:47 close.started
DEBUG 2026-06-30 07:46:43 re/_trace.py:47 close.complete
DEBUG 2026-06-30 07:46:43 re/_trace.py:47 close.started
DEBUG 2026-06-30 07:46:43 re/_trace.py:47 close.complete
DEBUG 2026-06-30 07:46:43 re/_trace.py:47 close.started
DEBUG 2026-06-30 07:46:43 re/_trace.py:47 close.complete
DEBUG 2026-06-30 07:46:43 re/_trace.py:47 close.started
DEBUG 2026-06-30 07:46:43 re/_trace.py:47 close.complete
DEBUG 2026-06-30 07:46:43 re/_trace.py:47 close.started
DEBUG 2026-06-30 07:46:43 re/_trace.py:47 close.complete
DEBUG 2026-06-30 07:46:43 re/_trace.py:47 close.started
DEBUG 2026-06-30 07:46:43 re/_trace.py:47 close.complete
DEBUG 2026-06-30 07:46:43 re/_trace.py:47 close.started
DEBUG 2026-06-30 07:46:43 re/_trace.py:47 close.complete
DEBUG 2026-06-30 07:46:43 re/_trace.py:47 close.started
DEBUG 2026-06-30 07:46:43 re/_trace.py:47 close.complete
DEBUG 2026-06-30 07:49:09 re/_trace.py:47 close.started
DEBUG 2026-06-30 07:49:09 re/_trace.py:47 close.complete
DEBUG 2026-06-30 07:49:09 re/_trace.py:47 close.started
DEBUG 2026-06-30 07:49:09 re/_trace.py:47 close.complete
DEBUG 2026-06-30 07:49:09 re/_trace.py:47 close.started
DEBUG 2026-06-30 07:49:09 re/_trace.py:47 close.complete
DEBUG 2026-06-30 07:49:09 re/_trace.py:47 close.started
DEBUG 2026-06-30 07:49:09 re/_trace.py:47 close.complete
DEBUG 2026-06-30 07:49:09 re/_trace.py:47 close.started
DEBUG 2026-06-30 07:49:09 re/_trace.py:47 close.complete
DEBUG 2026-06-30 07:49:09 re/_trace.py:47 close.started
DEBUG 2026-06-30 07:49:09 re/_trace.py:47 close.complete
DEBUG 2026-06-30 07:49:09 re/_trace.py:47 close.started
DEBUG 2026-06-30 07:49:09 re/_trace.py:47 close.complete
DEBUG 2026-06-30 07:49:09 re/_trace.py:47 close.started
DEBUG 2026-06-30 07:49:09 re/_trace.py:47 close.complete
DEBUG 2026-06-30 07:49:10 re/_trace.py:47 close.started
DEBUG 2026-06-30 07:49:10 re/_trace.py:47 close.complete
DEBUG 2026-06-30 07:49:10 re/_trace.py:47 close.started
DEBUG 2026-06-30 07:49:10 re/_trace.py:47 close.complete
DEBUG 2026-06-30 07:51:34 re/_trace.py:47 close.started
DEBUG 2026-06-30 07:51:34 re/_trace.py:47 close.complete
DEBUG 2026-06-30 07:51:34 re/_trace.py:47 close.started
DEBUG 2026-06-30 07:51:34 re/_trace.py:47 close.complete
DEBUG 2026-06-30 07:51:34 re/_trace.py:47 close.started
DEBUG 2026-06-30 07:51:34 re/_trace.py:47 close.complete
DEBUG 2026-06-30 07:51:34 re/_trace.py:47 close.started
DEBUG 2026-06-30 07:51:34 re/_trace.py:47 close.complete
DEBUG 2026-06-30 07:51:34 re/_trace.py:47 close.started
DEBUG 2026-06-30 07:51:34 re/_trace.py:47 close.complete
DEBUG 2026-06-30 07:51:34 re/_trace.py:47 close.started
DEBUG 2026-06-30 07:51:34 re/_trace.py:47 close.complete
DEBUG 2026-06-30 07:51:34 re/_trace.py:47 close.started
DEBUG 2026-06-30 07:51:34 re/_trace.py:47 close.complete
DEBUG 2026-06-30 07:51:34 re/_trace.py:47 close.started
DEBUG 2026-06-30 07:51:34 re/_trace.py:47 close.complete
DEBUG 2026-06-30 07:51:34 re/_trace.py:47 close.started
DEBUG 2026-06-30 07:51:34 re/_trace.py:47 close.complete
DEBUG 2026-06-30 07:51:34 re/_trace.py:47 close.started
DEBUG 2026-06-30 07:51:34 re/_trace.py:47 close.complete
INFO 2026-06-30 07:53:04 ot_train.py:459 step:30K smpl:18M ep:28K epch:555.86 loss:0.001 grdn:0.036 lr:2.5e-06 updt_s:2.357 data_s:0.375
WARNING 2026-06-30 07:53:04 db_utils.py:181 WandB logging of key "loss_per_dim" was ignored as its type "<class 'list'>" is not handled by this wrapper.
INFO 2026-06-30 07:53:04 ot_train.py:479 Checkpoint policy after step 30000
DEBUG 2026-06-30 07:53:37 tionpool.py:289 Resetting dropped connection: api.wandb.ai
DEBUG 2026-06-30 07:53:37 tionpool.py:544 https://api.wandb.ai:443 "POST /graphql HTTP/1.1" 200 None
INFO 2026-06-30 07:53:37 ot_train.py:553 End of training
DEBUG 2026-06-30 07:53:37 re/_trace.py:47 close.started
DEBUG 2026-06-30 07:53:37 re/_trace.py:47 close.complete
DEBUG 2026-06-30 07:53:37 re/_trace.py:47 connect_tcp.started host='huggingface.co' port=443 local_address=None timeout=None socket_options=None
DEBUG 2026-06-30 07:53:37 re/_trace.py:47 connect_tcp.complete return_value=<httpcore._backends.sync.SyncStream object at 0x7841606473b0>
DEBUG 2026-06-30 07:53:37 re/_trace.py:47 start_tls.started ssl_context=<ssl.SSLContext object at 0x7846ce7301d0> server_hostname='huggingface.co' timeout=None
DEBUG 2026-06-30 07:53:37 re/_trace.py:47 start_tls.complete return_value=<httpcore._backends.sync.SyncStream object at 0x78416043d940>
DEBUG 2026-06-30 07:53:37 re/_trace.py:47 send_request_headers.started request=<Request [b'POST']>
DEBUG 2026-06-30 07:53:37 re/_trace.py:47 send_request_headers.complete
DEBUG 2026-06-30 07:53:37 re/_trace.py:47 send_request_body.started request=<Request [b'POST']>
DEBUG 2026-06-30 07:53:37 re/_trace.py:47 send_request_body.complete
DEBUG 2026-06-30 07:53:37 re/_trace.py:47 receive_response_headers.started request=<Request [b'POST']>
DEBUG 2026-06-30 07:53:38 re/_trace.py:47 receive_response_headers.complete return_value=(b'HTTP/1.1', 200, b'OK', [(b'Content-Type', b'application/json; charset=utf-8'), (b'Content-Length', b'255'), (b'Connection', b'keep-alive'), (b'Date', b'Mon, 29 Jun 2026 22:53:38 GMT'), (b'ETag', b'W/"ff-XcIwIz82ylXUXoiNIbl4jElcfDo"'), (b'X-Powered-By', b'huggingface-moon'), (b'X-Request-Id', b'Root=1-6a42f771-3c006bd734198eb9209e5e2f;f13f3d7d-db0e-46f6-9b8f-a1fd3ee6d008'), (b'RateLimit', b'"api";r=999;t=5'), (b'RateLimit-Policy', b'"fixed window";"api";q=1000;w=300'), (b'cross-origin-opener-policy', b'same-origin'), (b'Referrer-Policy', b'strict-origin-when-cross-origin'), (b'Access-Control-Max-Age', b'86400'), (b'Access-Control-Allow-Origin', b'https://huggingface.co'), (b'Vary', b'Origin'), (b'Access-Control-Expose-Headers', b'X-Repo-Commit,X-Request-Id,X-Error-Code,X-Error-Message,X-Total-Count,ETag,Link,Accept-Ranges,Content-Range,X-Linked-Size,X-Linked-ETag,X-Xet-Hash'), (b'X-Cache', b'Miss from cloudfront'), (b'Via', b'1.1 00691a186801498f22935a668f623f14.cloudfront.net (CloudFront)'), (b'X-Amz-Cf-Pop', b'ICN57-P5'), (b'X-Amz-Cf-Id', b'z2Uhf_one7VI-iShF1QrlXjhxYQyQ3H6eGqwaBaiOJI33yWA-ydUBg==')])
INFO 2026-06-30 07:53:38 _client.py:1025 HTTP Request: POST https://huggingface.co/api/repos/create "HTTP/1.1 200 OK"
DEBUG 2026-06-30 07:53:38 re/_trace.py:47 receive_response_body.started request=<Request [b'POST']>
DEBUG 2026-06-30 07:53:38 re/_trace.py:47 receive_response_body.complete
DEBUG 2026-06-30 07:53:38 re/_trace.py:47 response_closed.started
DEBUG 2026-06-30 07:53:38 re/_trace.py:47 response_closed.complete
DEBUG 2026-06-30 07:53:42 re/_trace.py:47 send_request_headers.started request=<Request [b'POST']>
DEBUG 2026-06-30 07:53:42 re/_trace.py:47 send_request_headers.complete
DEBUG 2026-06-30 07:53:42 re/_trace.py:47 send_request_body.started request=<Request [b'POST']>
DEBUG 2026-06-30 07:53:42 re/_trace.py:47 send_request_body.complete
DEBUG 2026-06-30 07:53:42 re/_trace.py:47 receive_response_headers.started request=<Request [b'POST']>
DEBUG 2026-06-30 07:53:42 re/_trace.py:47 receive_response_headers.complete return_value=(b'HTTP/1.1', 200, b'OK', [(b'Content-Type', b'text/plain; charset=utf-8'), (b'Content-Length', b'2'), (b'Connection', b'keep-alive'), (b'Date', b'Mon, 29 Jun 2026 22:53:42 GMT'), (b'ETag', b'W/"2-nOO9QiTIwXgNtWtBJezz8kv3SLc"'), (b'X-Powered-By', b'huggingface-moon'), (b'X-Request-Id', b'Root=1-6a42f776-1d34d66b08ff60ab2e423031;518e0e94-80eb-4cdf-a10f-7ebc22fb0bab'), (b'RateLimit', b'"api";r=9987;t=26'), (b'RateLimit-Policy', b'"fixed window";"api";q=10000;w=300'), (b'cross-origin-opener-policy', b'same-origin'), (b'Referrer-Policy', b'strict-origin-when-cross-origin'), (b'Access-Control-Max-Age', b'86400'), (b'Access-Control-Allow-Origin', b'https://huggingface.co'), (b'Vary', b'Origin'), (b'Access-Control-Expose-Headers', b'X-Repo-Commit,X-Request-Id,X-Error-Code,X-Error-Message,X-Total-Count,ETag,Link,Accept-Ranges,Content-Range,X-Linked-Size,X-Linked-ETag,X-Xet-Hash'), (b'X-Cache', b'Miss from cloudfront'), (b'Via', b'1.1 00691a186801498f22935a668f623f14.cloudfront.net (CloudFront)'), (b'X-Amz-Cf-Pop', b'ICN57-P5'), (b'X-Amz-Cf-Id', b'8oRIRV6K8kyKxbCVOmRlwV9C08YOqRpHwPARhck6yiSkyIv07MBY-g==')])
INFO 2026-06-30 07:53:42 _client.py:1025 HTTP Request: POST https://huggingface.co/api/validate-yaml "HTTP/1.1 200 OK"
DEBUG 2026-06-30 07:53:42 re/_trace.py:47 receive_response_body.started request=<Request [b'POST']>
DEBUG 2026-06-30 07:53:42 re/_trace.py:47 receive_response_body.complete
DEBUG 2026-06-30 07:53:42 re/_trace.py:47 response_closed.started
DEBUG 2026-06-30 07:53:42 re/_trace.py:47 response_closed.complete
DEBUG 2026-06-30 07:53:42 re/_trace.py:47 send_request_headers.started request=<Request [b'POST']>
DEBUG 2026-06-30 07:53:42 re/_trace.py:47 send_request_headers.complete
DEBUG 2026-06-30 07:53:42 re/_trace.py:47 send_request_body.started request=<Request [b'POST']>
DEBUG 2026-06-30 07:53:42 re/_trace.py:47 send_request_body.complete
DEBUG 2026-06-30 07:53:42 re/_trace.py:47 receive_response_headers.started request=<Request [b'POST']>
DEBUG 2026-06-30 07:53:42 re/_trace.py:47 receive_response_headers.complete return_value=(b'HTTP/1.1', 200, b'OK', [(b'Content-Type', b'application/json; charset=utf-8'), (b'Content-Length', b'27'), (b'Connection', b'keep-alive'), (b'Date', b'Mon, 29 Jun 2026 22:53:42 GMT'), (b'ETag', b'W/"1b-cMjusAgmzfbmgmCE/uezyFkHDTo"'), (b'X-Powered-By', b'huggingface-moon'), (b'X-Request-Id', b'Root=1-6a42f776-464e28144f2e01e311294d5a;dcbac2eb-77ac-4f3b-a453-2356680437bf'), (b'RateLimit', b'"api";r=9962;t=26'), (b'RateLimit-Policy', b'"fixed window";"api";q=10000;w=300'), (b'cross-origin-opener-policy', b'same-origin'), (b'Referrer-Policy', b'strict-origin-when-cross-origin'), (b'Access-Control-Max-Age', b'86400'), (b'Access-Control-Allow-Origin', b'https://huggingface.co'), (b'Vary', b'Origin'), (b'Access-Control-Expose-Headers', b'X-Repo-Commit,X-Request-Id,X-Error-Code,X-Error-Message,X-Total-Count,ETag,Link,Accept-Ranges,Content-Range,X-Linked-Size,X-Linked-ETag,X-Xet-Hash'), (b'X-Cache', b'Miss from cloudfront'), (b'Via', b'1.1 00691a186801498f22935a668f623f14.cloudfront.net (CloudFront)'), (b'X-Amz-Cf-Pop', b'ICN57-P5'), (b'X-Amz-Cf-Id', b'G5mtOW1FK2sOlP8ZOx9j8_i8lem3KXqQf3KFxD1ToSNGiuXY1sP_LQ==')])
INFO 2026-06-30 07:53:42 _client.py:1025 HTTP Request: POST https://huggingface.co/api/validate-yaml "HTTP/1.1 200 OK"
DEBUG 2026-06-30 07:53:42 re/_trace.py:47 receive_response_body.started request=<Request [b'POST']>
DEBUG 2026-06-30 07:53:42 re/_trace.py:47 receive_response_body.complete
DEBUG 2026-06-30 07:53:42 re/_trace.py:47 response_closed.started
DEBUG 2026-06-30 07:53:42 re/_trace.py:47 response_closed.complete
DEBUG 2026-06-30 07:53:42 re/_trace.py:47 send_request_headers.started request=<Request [b'POST']>
DEBUG 2026-06-30 07:53:42 re/_trace.py:47 send_request_headers.complete
DEBUG 2026-06-30 07:53:42 re/_trace.py:47 send_request_body.started request=<Request [b'POST']>
DEBUG 2026-06-30 07:53:42 re/_trace.py:47 send_request_body.complete
DEBUG 2026-06-30 07:53:42 re/_trace.py:47 receive_response_headers.started request=<Request [b'POST']>
DEBUG 2026-06-30 07:53:42 re/_trace.py:47 receive_response_headers.complete return_value=(b'HTTP/1.1', 200, b'OK', [(b'Content-Type', b'application/json; charset=utf-8'), (b'Content-Length', b'340'), (b'Connection', b'keep-alive'), (b'Date', b'Mon, 29 Jun 2026 22:53:42 GMT'), (b'ETag', b'W/"154-CrMgSEIHK1au4USPFphbGxvCnW8"'), (b'X-Powered-By', b'huggingface-moon'), (b'X-Request-Id', b'Root=1-6a42f776-675cd6614b5f61bf09ba7cd9;f1dfaf62-07f6-472e-9ea4-b08e054aab5b'), (b'RateLimit', b'"api";r=999;t=300'), (b'RateLimit-Policy', b'"fixed window";"api";q=1000;w=300'), (b'cross-origin-opener-policy', b'same-origin'), (b'Referrer-Policy', b'strict-origin-when-cross-origin'), (b'Access-Control-Max-Age', b'86400'), (b'Access-Control-Allow-Origin', b'https://huggingface.co'), (b'Vary', b'Origin'), (b'Access-Control-Expose-Headers', b'X-Repo-Commit,X-Request-Id,X-Error-Code,X-Error-Message,X-Total-Count,ETag,Link,Accept-Ranges,Content-Range,X-Linked-Size,X-Linked-ETag,X-Xet-Hash'), (b'X-Cache', b'Miss from cloudfront'), (b'Via', b'1.1 00691a186801498f22935a668f623f14.cloudfront.net (CloudFront)'), (b'X-Amz-Cf-Pop', b'ICN57-P5'), (b'X-Amz-Cf-Id', b'0cqsHdlhXozcE5ugVQ61hO7PQNB_oztKxAfVmgO3W90eW9WYZDCy2w==')])
INFO 2026-06-30 07:53:42 _client.py:1025 HTTP Request: POST https://huggingface.co/api/models/coport-uni/FR5_task3_turn_the_sliver_air_valve_90_degress_counterclockwise_pi05_b200_model/preupload/main "HTTP/1.1 200 OK"
DEBUG 2026-06-30 07:53:42 re/_trace.py:47 receive_response_body.started request=<Request [b'POST']>
DEBUG 2026-06-30 07:53:42 re/_trace.py:47 receive_response_body.complete
DEBUG 2026-06-30 07:53:42 re/_trace.py:47 response_closed.started
DEBUG 2026-06-30 07:53:42 re/_trace.py:47 response_closed.complete
DEBUG 2026-06-30 07:54:47 re/_trace.py:47 close.started
DEBUG 2026-06-30 07:54:47 re/_trace.py:47 close.complete
DEBUG 2026-06-30 07:54:47 re/_trace.py:47 connect_tcp.started host='huggingface.co' port=443 local_address=None timeout=None socket_options=None
DEBUG 2026-06-30 07:54:47 re/_trace.py:47 connect_tcp.complete return_value=<httpcore._backends.sync.SyncStream object at 0x784160645e20>
DEBUG 2026-06-30 07:54:47 re/_trace.py:47 start_tls.started ssl_context=<ssl.SSLContext object at 0x7846ce7301d0> server_hostname='huggingface.co' timeout=None
DEBUG 2026-06-30 07:54:47 re/_trace.py:47 start_tls.complete return_value=<httpcore._backends.sync.SyncStream object at 0x78416e56ff80>
DEBUG 2026-06-30 07:54:47 re/_trace.py:47 send_request_headers.started request=<Request [b'POST']>
DEBUG 2026-06-30 07:54:47 re/_trace.py:47 send_request_headers.complete
DEBUG 2026-06-30 07:54:47 re/_trace.py:47 send_request_body.started request=<Request [b'POST']>
DEBUG 2026-06-30 07:54:47 re/_trace.py:47 send_request_body.complete
DEBUG 2026-06-30 07:54:47 re/_trace.py:47 receive_response_headers.started request=<Request [b'POST']>
DEBUG 2026-06-30 07:54:49 re/_trace.py:47 receive_response_headers.complete return_value=(b'HTTP/1.1', 200, b'OK', [(b'Content-Type', b'application/json; charset=utf-8'), (b'Content-Length', b'263'), (b'Connection', b'keep-alive'), (b'Date', b'Mon, 29 Jun 2026 22:54:48 GMT'), (b'ETag', b'W/"107-3BuKjIEBEku5FI27pVNu/JAjTYc"'), (b'X-Powered-By', b'huggingface-moon'), (b'X-Request-Id', b'Root=1-6a42f7b7-3426ecc8799c60337747b392;c034f451-8188-4013-9061-e46c1e1fda0f'), (b'RateLimit', b'"api";r=997;t=235'), (b'RateLimit-Policy', b'"fixed window";"api";q=1000;w=300'), (b'cross-origin-opener-policy', b'same-origin'), (b'Referrer-Policy', b'strict-origin-when-cross-origin'), (b'Access-Control-Max-Age', b'86400'), (b'Access-Control-Allow-Origin', b'https://huggingface.co'), (b'Vary', b'Origin'), (b'Access-Control-Expose-Headers', b'X-Repo-Commit,X-Request-Id,X-Error-Code,X-Error-Message,X-Total-Count,ETag,Link,Accept-Ranges,Content-Range,X-Linked-Size,X-Linked-ETag,X-Xet-Hash'), (b'X-Cache', b'Miss from cloudfront'), (b'Via', b'1.1 e1162a2a3f39fecec69b0ad3786d9cd8.cloudfront.net (CloudFront)'), (b'X-Amz-Cf-Pop', b'ICN57-P5'), (b'X-Amz-Cf-Id', b'4ba790LGyRXCLiRHScWlAp727bY11hN--BQ6Fn2iLT4oET4R7XAqiw==')])
INFO 2026-06-30 07:54:49 _client.py:1025 HTTP Request: POST https://huggingface.co/api/models/coport-uni/FR5_task3_turn_the_sliver_air_valve_90_degress_counterclockwise_pi05_b200_model/commit/main "HTTP/1.1 200 OK"
DEBUG 2026-06-30 07:54:49 re/_trace.py:47 receive_response_body.started request=<Request [b'POST']>
DEBUG 2026-06-30 07:54:49 re/_trace.py:47 receive_response_body.complete
DEBUG 2026-06-30 07:54:49 re/_trace.py:47 response_closed.started
DEBUG 2026-06-30 07:54:49 re/_trace.py:47 response_closed.complete
INFO 2026-06-30 07:54:49 etrained.py:245 Model pushed to https://huggingface.co/coport-uni/FR5_task3_turn_the_sliver_air_valve_90_degress_counterclockwise_pi05_b200_model
DEBUG 2026-06-30 07:54:49 re/_trace.py:47 send_request_headers.started request=<Request [b'POST']>
DEBUG 2026-06-30 07:54:49 re/_trace.py:47 send_request_headers.complete
DEBUG 2026-06-30 07:54:49 re/_trace.py:47 send_request_body.started request=<Request [b'POST']>
DEBUG 2026-06-30 07:54:49 re/_trace.py:47 send_request_body.complete
DEBUG 2026-06-30 07:54:49 re/_trace.py:47 receive_response_headers.started request=<Request [b'POST']>
DEBUG 2026-06-30 07:54:49 re/_trace.py:47 receive_response_headers.complete return_value=(b'HTTP/1.1', 409, b'Conflict', [(b'Content-Type', b'application/json; charset=utf-8'), (b'Content-Length', b'261'), (b'Connection', b'keep-alive'), (b'Date', b'Mon, 29 Jun 2026 22:54:49 GMT'), (b'ETag', b'W/"105-Xzo2gQCdsgLnjYYqrXKc58XQwmQ"'), (b'X-Powered-By', b'huggingface-moon'), (b'X-Request-Id', b'Root=1-6a42f7b9-7da0bba73dea763b6d1edaf4;caf78fdd-a004-41d3-8a8c-8beefecfd74e'), (b'RateLimit', b'"api";r=996;t=233'), (b'RateLimit-Policy', b'"fixed window";"api";q=1000;w=300'), (b'cross-origin-opener-policy', b'same-origin'), (b'Referrer-Policy', b'strict-origin-when-cross-origin'), (b'Access-Control-Max-Age', b'86400'), (b'Access-Control-Allow-Origin', b'https://huggingface.co'), (b'Vary', b'Origin'), (b'Access-Control-Expose-Headers', b'X-Repo-Commit,X-Request-Id,X-Error-Code,X-Error-Message,X-Total-Count,ETag,Link,Accept-Ranges,Content-Range,X-Linked-Size,X-Linked-ETag,X-Xet-Hash'), (b'X-Error-Message', b'You already created this model repo: coport-uni/FR5_task3_turn_the_sliver_air_valve_90_degress_counterclockwise_pi05_b200_model'), (b'X-Cache', b'Error from cloudfront'), (b'Via', b'1.1 e1162a2a3f39fecec69b0ad3786d9cd8.cloudfront.net (CloudFront)'), (b'X-Amz-Cf-Pop', b'ICN57-P5'), (b'X-Amz-Cf-Id', b'x9FHLrWMEHLJSesZqXsIAesry_E4aODLGEKUW2zIgzFpGY3YiMLb9g==')])
INFO 2026-06-30 07:54:49 _client.py:1025 HTTP Request: POST https://huggingface.co/api/repos/create "HTTP/1.1 409 Conflict"
DEBUG 2026-06-30 07:54:49 re/_trace.py:47 receive_response_body.started request=<Request [b'POST']>
DEBUG 2026-06-30 07:54:49 re/_trace.py:47 receive_response_body.complete
DEBUG 2026-06-30 07:54:49 re/_trace.py:47 response_closed.started
DEBUG 2026-06-30 07:54:49 re/_trace.py:47 response_closed.complete
DEBUG 2026-06-30 07:54:49 re/_trace.py:47 send_request_headers.started request=<Request [b'POST']>
DEBUG 2026-06-30 07:54:49 re/_trace.py:47 send_request_headers.complete
DEBUG 2026-06-30 07:54:49 re/_trace.py:47 send_request_body.started request=<Request [b'POST']>
DEBUG 2026-06-30 07:54:49 re/_trace.py:47 send_request_body.complete
DEBUG 2026-06-30 07:54:49 re/_trace.py:47 receive_response_headers.started request=<Request [b'POST']>
DEBUG 2026-06-30 07:54:49 re/_trace.py:47 receive_response_headers.complete return_value=(b'HTTP/1.1', 200, b'OK', [(b'Content-Type', b'application/json; charset=utf-8'), (b'Content-Length', b'257'), (b'Connection', b'keep-alive'), (b'Date', b'Mon, 29 Jun 2026 22:54:49 GMT'), (b'ETag', b'W/"101-az1GwBVFP5uqLYTOyZB/ZAY1D/U"'), (b'X-Powered-By', b'huggingface-moon'), (b'X-Request-Id', b'Root=1-6a42f7b9-25bf8b25515646a067d321b4;0b97bae5-a65f-4807-b901-f30ff61fcdfa'), (b'RateLimit', b'"api";r=995;t=233'), (b'RateLimit-Policy', b'"fixed window";"api";q=1000;w=300'), (b'cross-origin-opener-policy', b'same-origin'), (b'Referrer-Policy', b'strict-origin-when-cross-origin'), (b'Access-Control-Max-Age', b'86400'), (b'Access-Control-Allow-Origin', b'https://huggingface.co'), (b'Vary', b'Origin'), (b'Access-Control-Expose-Headers', b'X-Repo-Commit,X-Request-Id,X-Error-Code,X-Error-Message,X-Total-Count,ETag,Link,Accept-Ranges,Content-Range,X-Linked-Size,X-Linked-ETag,X-Xet-Hash'), (b'X-Cache', b'Miss from cloudfront'), (b'Via', b'1.1 e1162a2a3f39fecec69b0ad3786d9cd8.cloudfront.net (CloudFront)'), (b'X-Amz-Cf-Pop', b'ICN57-P5'), (b'X-Amz-Cf-Id', b'dQunFbf9GmCpreTEf84Hyf9FYyPPbd4vl5nYQKwEvFbCBHr2UyI77A==')])
INFO 2026-06-30 07:54:49 _client.py:1025 HTTP Request: POST https://huggingface.co/api/models/coport-uni/FR5_task3_turn_the_sliver_air_valve_90_degress_counterclockwise_pi05_b200_model/preupload/main "HTTP/1.1 200 OK"
DEBUG 2026-06-30 07:54:49 re/_trace.py:47 receive_response_body.started request=<Request [b'POST']>
DEBUG 2026-06-30 07:54:49 re/_trace.py:47 receive_response_body.complete
DEBUG 2026-06-30 07:54:49 re/_trace.py:47 response_closed.started
DEBUG 2026-06-30 07:54:49 re/_trace.py:47 response_closed.complete
DEBUG 2026-06-30 07:54:52 re/_trace.py:47 send_request_headers.started request=<Request [b'POST']>
DEBUG 2026-06-30 07:54:52 re/_trace.py:47 send_request_headers.complete
DEBUG 2026-06-30 07:54:52 re/_trace.py:47 send_request_body.started request=<Request [b'POST']>
DEBUG 2026-06-30 07:54:52 re/_trace.py:47 send_request_body.complete
DEBUG 2026-06-30 07:54:52 re/_trace.py:47 receive_response_headers.started request=<Request [b'POST']>
DEBUG 2026-06-30 07:54:53 re/_trace.py:47 receive_response_headers.complete return_value=(b'HTTP/1.1', 200, b'OK', [(b'Content-Type', b'application/json; charset=utf-8'), (b'Content-Length', b'263'), (b'Connection', b'keep-alive'), (b'Date', b'Mon, 29 Jun 2026 22:54:53 GMT'), (b'ETag', b'W/"107-sqETvgLBpRfPQ0GidzZXaVnAuJU"'), (b'X-Powered-By', b'huggingface-moon'), (b'X-Request-Id', b'Root=1-6a42f7bc-3fc0b18d00260c5063af78b2;056d5d59-1335-42b9-9322-db0cb6d5e79c'), (b'RateLimit', b'"api";r=993;t=230'), (b'RateLimit-Policy', b'"fixed window";"api";q=1000;w=300'), (b'cross-origin-opener-policy', b'same-origin'), (b'Referrer-Policy', b'strict-origin-when-cross-origin'), (b'Access-Control-Max-Age', b'86400'), (b'Access-Control-Allow-Origin', b'https://huggingface.co'), (b'Vary', b'Origin'), (b'Access-Control-Expose-Headers', b'X-Repo-Commit,X-Request-Id,X-Error-Code,X-Error-Message,X-Total-Count,ETag,Link,Accept-Ranges,Content-Range,X-Linked-Size,X-Linked-ETag,X-Xet-Hash'), (b'X-Cache', b'Miss from cloudfront'), (b'Via', b'1.1 e1162a2a3f39fecec69b0ad3786d9cd8.cloudfront.net (CloudFront)'), (b'X-Amz-Cf-Pop', b'ICN57-P5'), (b'X-Amz-Cf-Id', b'zKkrfEu6mrBQJdS1A_oezKaRdNxwKnYIReQEctHxSUrgNspOE3Px-w==')])
INFO 2026-06-30 07:54:53 _client.py:1025 HTTP Request: POST https://huggingface.co/api/models/coport-uni/FR5_task3_turn_the_sliver_air_valve_90_degress_counterclockwise_pi05_b200_model/commit/main "HTTP/1.1 200 OK"
DEBUG 2026-06-30 07:54:53 re/_trace.py:47 receive_response_body.started request=<Request [b'POST']>
DEBUG 2026-06-30 07:54:53 re/_trace.py:47 receive_response_body.complete
DEBUG 2026-06-30 07:54:53 re/_trace.py:47 response_closed.started
DEBUG 2026-06-30 07:54:53 re/_trace.py:47 response_closed.complete
DEBUG 2026-06-30 07:54:53 re/_trace.py:47 send_request_headers.started request=<Request [b'POST']>
DEBUG 2026-06-30 07:54:53 re/_trace.py:47 send_request_headers.complete
DEBUG 2026-06-30 07:54:53 re/_trace.py:47 send_request_body.started request=<Request [b'POST']>
DEBUG 2026-06-30 07:54:53 re/_trace.py:47 send_request_body.complete
DEBUG 2026-06-30 07:54:53 re/_trace.py:47 receive_response_headers.started request=<Request [b'POST']>
DEBUG 2026-06-30 07:54:53 re/_trace.py:47 receive_response_headers.complete return_value=(b'HTTP/1.1', 409, b'Conflict', [(b'Content-Type', b'application/json; charset=utf-8'), (b'Content-Length', b'261'), (b'Connection', b'keep-alive'), (b'Date', b'Mon, 29 Jun 2026 22:54:53 GMT'), (b'ETag', b'W/"105-Xzo2gQCdsgLnjYYqrXKc58XQwmQ"'), (b'X-Powered-By', b'huggingface-moon'), (b'X-Request-Id', b'Root=1-6a42f7bd-32eeebe90098985a7f81eb2a;451a0a89-5997-4257-a0e2-3e88136e30a4'), (b'RateLimit', b'"api";r=992;t=229'), (b'RateLimit-Policy', b'"fixed window";"api";q=1000;w=300'), (b'cross-origin-opener-policy', b'same-origin'), (b'Referrer-Policy', b'strict-origin-when-cross-origin'), (b'Access-Control-Max-Age', b'86400'), (b'Access-Control-Allow-Origin', b'https://huggingface.co'), (b'Vary', b'Origin'), (b'Access-Control-Expose-Headers', b'X-Repo-Commit,X-Request-Id,X-Error-Code,X-Error-Message,X-Total-Count,ETag,Link,Accept-Ranges,Content-Range,X-Linked-Size,X-Linked-ETag,X-Xet-Hash'), (b'X-Error-Message', b'You already created this model repo: coport-uni/FR5_task3_turn_the_sliver_air_valve_90_degress_counterclockwise_pi05_b200_model'), (b'X-Cache', b'Error from cloudfront'), (b'Via', b'1.1 e1162a2a3f39fecec69b0ad3786d9cd8.cloudfront.net (CloudFront)'), (b'X-Amz-Cf-Pop', b'ICN57-P5'), (b'X-Amz-Cf-Id', b'UaZtbJzpR8WDoeSF6ovcnLrbKNOqsD8Kc05GSKH5IrcR7J_8ttr5LA==')])
INFO 2026-06-30 07:54:53 _client.py:1025 HTTP Request: POST https://huggingface.co/api/repos/create "HTTP/1.1 409 Conflict"
DEBUG 2026-06-30 07:54:53 re/_trace.py:47 receive_response_body.started request=<Request [b'POST']>
DEBUG 2026-06-30 07:54:53 re/_trace.py:47 receive_response_body.complete
DEBUG 2026-06-30 07:54:53 re/_trace.py:47 response_closed.started
DEBUG 2026-06-30 07:54:53 re/_trace.py:47 response_closed.complete
DEBUG 2026-06-30 07:54:53 re/_trace.py:47 send_request_headers.started request=<Request [b'POST']>
DEBUG 2026-06-30 07:54:53 re/_trace.py:47 send_request_headers.complete
DEBUG 2026-06-30 07:54:53 re/_trace.py:47 send_request_body.started request=<Request [b'POST']>
DEBUG 2026-06-30 07:54:53 re/_trace.py:47 send_request_body.complete
DEBUG 2026-06-30 07:54:53 re/_trace.py:47 receive_response_headers.started request=<Request [b'POST']>
DEBUG 2026-06-30 07:54:54 re/_trace.py:47 receive_response_headers.complete return_value=(b'HTTP/1.1', 200, b'OK', [(b'Content-Type', b'application/json; charset=utf-8'), (b'Content-Length', b'261'), (b'Connection', b'keep-alive'), (b'Date', b'Mon, 29 Jun 2026 22:54:54 GMT'), (b'ETag', b'W/"105-fYkcaSrZWu0hTy0c/wduvU5NmYs"'), (b'X-Powered-By', b'huggingface-moon'), (b'X-Request-Id', b'Root=1-6a42f7bd-3f421e46247842946dd00e82;741bf2bd-4dee-4446-a21d-4ca9831db83c'), (b'RateLimit', b'"api";r=991;t=228'), (b'RateLimit-Policy', b'"fixed window";"api";q=1000;w=300'), (b'cross-origin-opener-policy', b'same-origin'), (b'Referrer-Policy', b'strict-origin-when-cross-origin'), (b'Access-Control-Max-Age', b'86400'), (b'Access-Control-Allow-Origin', b'https://huggingface.co'), (b'Vary', b'Origin'), (b'Access-Control-Expose-Headers', b'X-Repo-Commit,X-Request-Id,X-Error-Code,X-Error-Message,X-Total-Count,ETag,Link,Accept-Ranges,Content-Range,X-Linked-Size,X-Linked-ETag,X-Xet-Hash'), (b'X-Cache', b'Miss from cloudfront'), (b'Via', b'1.1 e1162a2a3f39fecec69b0ad3786d9cd8.cloudfront.net (CloudFront)'), (b'X-Amz-Cf-Pop', b'ICN57-P5'), (b'X-Amz-Cf-Id', b'snzpZwSlHoBV-xD5Gxcj4Y6oqqjlqvM1jaMhjUTx-VqrKQ01mIob9Q==')])
INFO 2026-06-30 07:54:54 _client.py:1025 HTTP Request: POST https://huggingface.co/api/models/coport-uni/FR5_task3_turn_the_sliver_air_valve_90_degress_counterclockwise_pi05_b200_model/preupload/main "HTTP/1.1 200 OK"
DEBUG 2026-06-30 07:54:54 re/_trace.py:47 receive_response_body.started request=<Request [b'POST']>
DEBUG 2026-06-30 07:54:54 re/_trace.py:47 receive_response_body.complete
DEBUG 2026-06-30 07:54:54 re/_trace.py:47 response_closed.started
DEBUG 2026-06-30 07:54:54 re/_trace.py:47 response_closed.complete
DEBUG 2026-06-30 07:54:55 re/_trace.py:47 send_request_headers.started request=<Request [b'POST']>
DEBUG 2026-06-30 07:54:55 re/_trace.py:47 send_request_headers.complete
DEBUG 2026-06-30 07:54:55 re/_trace.py:47 send_request_body.started request=<Request [b'POST']>
DEBUG 2026-06-30 07:54:55 re/_trace.py:47 send_request_body.complete
DEBUG 2026-06-30 07:54:55 re/_trace.py:47 receive_response_headers.started request=<Request [b'POST']>
DEBUG 2026-06-30 07:54:56 re/_trace.py:47 receive_response_headers.complete return_value=(b'HTTP/1.1', 200, b'OK', [(b'Content-Type', b'application/json; charset=utf-8'), (b'Content-Length', b'263'), (b'Connection', b'keep-alive'), (b'Date', b'Mon, 29 Jun 2026 22:54:56 GMT'), (b'ETag', b'W/"107-sUolUGMU28scBOSt4voSDdEl+cA"'), (b'X-Powered-By', b'huggingface-moon'), (b'X-Request-Id', b'Root=1-6a42f7bf-155764ec616051840a37ebb1;e5afd01b-0ae8-462f-bd4a-1a5a2309364a'), (b'RateLimit', b'"api";r=989;t=227'), (b'RateLimit-Policy', b'"fixed window";"api";q=1000;w=300'), (b'cross-origin-opener-policy', b'same-origin'), (b'Referrer-Policy', b'strict-origin-when-cross-origin'), (b'Access-Control-Max-Age', b'86400'), (b'Access-Control-Allow-Origin', b'https://huggingface.co'), (b'Vary', b'Origin'), (b'Access-Control-Expose-Headers', b'X-Repo-Commit,X-Request-Id,X-Error-Code,X-Error-Message,X-Total-Count,ETag,Link,Accept-Ranges,Content-Range,X-Linked-Size,X-Linked-ETag,X-Xet-Hash'), (b'X-Cache', b'Miss from cloudfront'), (b'Via', b'1.1 e1162a2a3f39fecec69b0ad3786d9cd8.cloudfront.net (CloudFront)'), (b'X-Amz-Cf-Pop', b'ICN57-P5'), (b'X-Amz-Cf-Id', b'zl78-KpdAJ2klaqxgEQE3LivZYirfW0Xz_5JPy46OC8hLdeVB9I8yw==')])
INFO 2026-06-30 07:54:56 _client.py:1025 HTTP Request: POST https://huggingface.co/api/models/coport-uni/FR5_task3_turn_the_sliver_air_valve_90_degress_counterclockwise_pi05_b200_model/commit/main "HTTP/1.1 200 OK"
DEBUG 2026-06-30 07:54:56 re/_trace.py:47 receive_response_body.started request=<Request [b'POST']>
DEBUG 2026-06-30 07:54:56 re/_trace.py:47 receive_response_body.complete
DEBUG 2026-06-30 07:54:56 re/_trace.py:47 response_closed.started
DEBUG 2026-06-30 07:54:56 re/_trace.py:47 response_closed.complete
DEBUG 2026-06-30 07:54:58 re/_trace.py:47 close.started
DEBUG 2026-06-30 07:54:58 re/_trace.py:47 close.complete
