INFO 2026-06-26 05:35:27 ot_train.py:217 {'batch_size': 248,
 'checkpoint_path': None,
 'cudnn_deterministic': False,
 'dataset': {'episodes': None,
             'image_transforms': {'enable': False,
                                  'max_num_transforms': 3,
                                  'random_order': False,
                                  'tfs': {'affine': {'kwargs': {'degrees': [-5.0,
                                                                            5.0],
                                                                'translate': [0.05,
                                                                              0.05]},
                                                     'type': 'RandomAffine',
                                                     'weight': 1.0},
                                          'brightness': {'kwargs': {'brightness': [0.8,
                                                                                   1.2]},
                                                         'type': 'ColorJitter',
                                                         'weight': 1.0},
                                          'contrast': {'kwargs': {'contrast': [0.8,
                                                                               1.2]},
                                                       'type': 'ColorJitter',
                                                       'weight': 1.0},
                                          'hue': {'kwargs': {'hue': [-0.05,
                                                                     0.05]},
                                                  'type': 'ColorJitter',
                                                  'weight': 1.0},
                                          'saturation': {'kwargs': {'saturation': [0.5,
                                                                                   1.5]},
                                                         'type': 'ColorJitter',
                                                         'weight': 1.0},
                                          'sharpness': {'kwargs': {'sharpness': [0.5,
                                                                                 1.5]},
                                                        'type': 'SharpnessJitter',
                                                        'weight': 1.0}}},
             'repo_id': 'coport-uni/FR5_task3_turn_the_sliver_air_valve_90_degress_counterclockwise',
             'revision': None,
             'root': None,
             'streaming': False,
             'use_imagenet_stats': True,
             'video_backend': 'pyav'},
 'env': None,
 'eval': {'batch_size': 50, 'n_episodes': 50, 'use_async_envs': False},
 'eval_freq': 20000,
 'job_name': 'FR5_task3_turn_the_sliver_air_valve_90_degress_counterclockwise_act_h200',
 'log_freq': 200,
 'num_workers': 4,
 'optimizer': {'betas': [0.9, 0.999],
               'eps': 1e-08,
               'grad_clip_norm': 10.0,
               'lr': 4.5e-05,
               'type': 'adamw',
               'weight_decay': 0.0001},
 'output_dir': 'outputs/train/FR5_task3_turn_the_sliver_air_valve_90_degress_counterclockwise_act_h200',
 'peft': None,
 'policy': {'chunk_size': 100,
            'device': 'cuda',
            'dim_feedforward': 3200,
            'dim_model': 512,
            'dropout': 0.1,
            'feedforward_activation': 'relu',
            'input_features': {},
            'kl_weight': 10.0,
            'latent_dim': 32,
            'license': None,
            'n_action_steps': 100,
            'n_decoder_layers': 1,
            'n_encoder_layers': 4,
            'n_heads': 8,
            'n_obs_steps': 1,
            'n_vae_encoder_layers': 4,
            'normalization_mapping': {'ACTION': <NormalizationMode.MEAN_STD: 'MEAN_STD'>,
                                      'STATE': <NormalizationMode.MEAN_STD: 'MEAN_STD'>,
                                      'VISUAL': <NormalizationMode.MEAN_STD: 'MEAN_STD'>},
            'optimizer_lr': 4.5e-05,
            'optimizer_lr_backbone': 4.5e-05,
            'optimizer_weight_decay': 0.0001,
            'output_features': {},
            'pre_norm': False,
            'pretrained_backbone_weights': 'ResNet18_Weights.IMAGENET1K_V1',
            'pretrained_path': None,
            'private': None,
            'push_to_hub': True,
            'replace_final_stride_with_dilation': False,
            'repo_id': 'coport-uni/FR5_task3_turn_the_sliver_air_valve_90_degress_counterclockwise_act_h200_model',
            'tags': None,
            'temporal_ensemble_coeff': None,
            'type': 'act',
            'use_amp': False,
            'use_peft': False,
            'use_vae': True,
            'vision_backbone': 'resnet18'},
 'rabc_epsilon': 1e-06,
 'rabc_head_mode': 'sparse',
 'rabc_kappa': 0.01,
 'rabc_progress_path': None,
 'rename_map': {},
 'resume': False,
 'save_checkpoint': True,
 'save_freq': 10000,
 'scheduler': None,
 'seed': 55,
 'steps': 100000,
 'tolerance_s': 0.1,
 'use_policy_training_preset': True,
 'use_rabc': False,
 'wandb': {'add_tags': True,
           'disable_artifact': False,
           'enable': True,
           'entity': None,
           'mode': None,
           'notes': None,
           'project': 'lerobot',
           'run_id': None}}
DEBUG 2026-06-26 05:35:27 or_events.py:64 Using selector: EpollSelector
DEBUG 2026-06-26 05:35:27 git/cmd.py:1286 Popen(['git', 'version'], cwd=/workspace/VLARelated/FR5ControllerVLA, stdin=None, shell=False, universal_newlines=False)
DEBUG 2026-06-26 05:35:27 git/cmd.py:1286 Popen(['git', 'version'], cwd=/workspace/VLARelated/FR5ControllerVLA, stdin=None, shell=False, universal_newlines=False)
DEBUG 2026-06-26 05:35:27 git/util.py:494 sys.platform='linux', git_executable='git'
DEBUG 2026-06-26 05:35:27 git/cmd.py:1286 Popen(['git', 'rev-parse', '--show-toplevel'], cwd=/workspace/VLARelated/FR5ControllerVLA, stdin=None, shell=False, universal_newlines=False)
DEBUG 2026-06-26 05:35:28 git/util.py:494 sys.platform='linux', git_executable='git'
DEBUG 2026-06-26 05:35:28 git/cmd.py:1286 Popen(['git', 'cat-file', '--batch-check'], cwd=/workspace/VLARelated/FR5ControllerVLA, stdin=<valid stream>, shell=False, universal_newlines=False)
INFO 2026-06-26 05:35:29 db_utils.py:117 [1m[34mLogs will be synced with wandb.[0m
INFO 2026-06-26 05:35:29 db_utils.py:118 Track this run --> [1m[33mhttps://wandb.ai/ohsungwoo-unist/lerobot/runs/bzvd1lmh[0m
INFO 2026-06-26 05:35:29 ot_train.py:241 Creating dataset
DEBUG 2026-06-26 05:35:29 re/_trace.py:47 connect_tcp.started host='huggingface.co' port=443 local_address=None timeout=None socket_options=None
DEBUG 2026-06-26 05:35:29 re/_trace.py:47 connect_tcp.complete return_value=<httpcore._backends.sync.SyncStream object at 0x76fddc48c7a0>
DEBUG 2026-06-26 05:35:29 re/_trace.py:47 start_tls.started ssl_context=<ssl.SSLContext object at 0x76fddc488650> server_hostname='huggingface.co' timeout=None
DEBUG 2026-06-26 05:35:29 re/_trace.py:47 start_tls.complete return_value=<httpcore._backends.sync.SyncStream object at 0x76fff3672360>
DEBUG 2026-06-26 05:35:29 re/_trace.py:47 send_request_headers.started request=<Request [b'GET']>
DEBUG 2026-06-26 05:35:29 re/_trace.py:47 send_request_headers.complete
DEBUG 2026-06-26 05:35:29 re/_trace.py:47 send_request_body.started request=<Request [b'GET']>
DEBUG 2026-06-26 05:35:29 re/_trace.py:47 send_request_body.complete
DEBUG 2026-06-26 05:35:29 re/_trace.py:47 receive_response_headers.started request=<Request [b'GET']>
DEBUG 2026-06-26 05:35:29 re/_trace.py:47 receive_response_headers.complete return_value=(b'HTTP/1.1', 200, b'OK', [(b'Content-Type', b'application/json; charset=utf-8'), (b'Content-Length', b'337'), (b'Connection', b'keep-alive'), (b'Date', b'Fri, 26 Jun 2026 05:35:29 GMT'), (b'ETag', b'W/"151-WRKzhPQqfJIWbkGYAV8PSswFy8A"'), (b'X-Powered-By', b'huggingface-moon'), (b'X-Request-Id', b'Root=1-6a3e0fa1-2b992ca05b76173268ce1c89;5d2f8cbb-ba80-441a-919f-62b6b4d0f976'), (b'RateLimit', b'"api";r=997;t=193'), (b'RateLimit-Policy', b'"fixed window";"api";q=1000;w=300'), (b'cross-origin-opener-policy', b'same-origin'), (b'Referrer-Policy', b'strict-origin-when-cross-origin'), (b'Access-Control-Max-Age', b'86400'), (b'Access-Control-Allow-Origin', b'https://huggingface.co'), (b'Vary', b'Origin'), (b'Access-Control-Expose-Headers', b'X-Repo-Commit,X-Request-Id,X-Error-Code,X-Error-Message,X-Total-Count,ETag,Link,Accept-Ranges,Content-Range,X-Linked-Size,X-Linked-ETag,X-Xet-Hash'), (b'X-Cache', b'Miss from cloudfront'), (b'Via', b'1.1 37c31ae647e34e692a37bcfb149c2802.cloudfront.net (CloudFront)'), (b'X-Amz-Cf-Pop', b'ICN57-P5'), (b'X-Amz-Cf-Id', b'UkeiQaAS51hcJjc9J4mja5pnQ2XTbjrOJ6FJhejlxFCa6Dp9GCnG_A==')])
INFO 2026-06-26 05:35:29 _client.py:1025 HTTP Request: GET https://huggingface.co/api/datasets/coport-uni/FR5_task3_turn_the_sliver_air_valve_90_degress_counterclockwise/refs "HTTP/1.1 200 OK"
DEBUG 2026-06-26 05:35:29 re/_trace.py:47 receive_response_body.started request=<Request [b'GET']>
DEBUG 2026-06-26 05:35:29 re/_trace.py:47 receive_response_body.complete
DEBUG 2026-06-26 05:35:29 re/_trace.py:47 response_closed.started
DEBUG 2026-06-26 05:35:29 re/_trace.py:47 response_closed.complete
DEBUG 2026-06-26 05:35:29 re/_trace.py:47 send_request_headers.started request=<Request [b'GET']>
DEBUG 2026-06-26 05:35:29 re/_trace.py:47 send_request_headers.complete
DEBUG 2026-06-26 05:35:29 re/_trace.py:47 send_request_body.started request=<Request [b'GET']>
DEBUG 2026-06-26 05:35:29 re/_trace.py:47 send_request_body.complete
DEBUG 2026-06-26 05:35:29 re/_trace.py:47 receive_response_headers.started request=<Request [b'GET']>
DEBUG 2026-06-26 05:35:29 re/_trace.py:47 receive_response_headers.complete return_value=(b'HTTP/1.1', 200, b'OK', [(b'Content-Type', b'application/json; charset=utf-8'), (b'Transfer-Encoding', b'chunked'), (b'Connection', b'keep-alive'), (b'Date', b'Fri, 26 Jun 2026 05:35:29 GMT'), (b'content-encoding', b'gzip'), (b'ETag', b'W/"d45-5B/85b1KReccRdsaHJlxqCngTwg"'), (b'X-Powered-By', b'huggingface-moon'), (b'X-Request-Id', b'Root=1-6a3e0fa1-7425a1e81ee9863b7c29700a;0ec7aedc-75c3-4f6e-a1db-aef44d71602e'), (b'RateLimit', b'"api";r=996;t=193'), (b'RateLimit-Policy', b'"fixed window";"api";q=1000;w=300'), (b'cross-origin-opener-policy', b'same-origin'), (b'Referrer-Policy', b'strict-origin-when-cross-origin'), (b'Access-Control-Max-Age', b'86400'), (b'Access-Control-Allow-Origin', b'https://huggingface.co'), (b'Vary', b'Origin'), (b'vary', b'Accept-Encoding'), (b'Access-Control-Expose-Headers', b'X-Repo-Commit,X-Request-Id,X-Error-Code,X-Error-Message,X-Total-Count,ETag,Link,Accept-Ranges,Content-Range,X-Linked-Size,X-Linked-ETag,X-Xet-Hash'), (b'X-Cache', b'Miss from cloudfront'), (b'Via', b'1.1 37c31ae647e34e692a37bcfb149c2802.cloudfront.net (CloudFront)'), (b'X-Amz-Cf-Pop', b'ICN57-P5'), (b'X-Amz-Cf-Id', b'fMP3AZCOjnMfJ9pyTn9iYoLAOpDEakGWINIa_PFgh0eaMrAcSQoH-w==')])
INFO 2026-06-26 05:35:29 _client.py:1025 HTTP Request: GET https://huggingface.co/api/datasets/coport-uni/FR5_task3_turn_the_sliver_air_valve_90_degress_counterclockwise/revision/v3.0 "HTTP/1.1 200 OK"
DEBUG 2026-06-26 05:35:29 re/_trace.py:47 receive_response_body.started request=<Request [b'GET']>
DEBUG 2026-06-26 05:35:29 re/_trace.py:47 receive_response_body.complete
DEBUG 2026-06-26 05:35:29 re/_trace.py:47 response_closed.started
DEBUG 2026-06-26 05:35:29 re/_trace.py:47 response_closed.complete
DEBUG 2026-06-26 05:35:29 ock/_api.py:501 Attempting to acquire lock 130832694567392 on /root/.cache/huggingface/lerobot/coport-uni/FR5_task3_turn_the_sliver_air_valve_90_degress_counterclockwise/.cache/huggingface/.gitignore.lock
DEBUG 2026-06-26 05:35:29 ock/_api.py:501 Attempting to acquire lock 130832694565136 on /root/.cache/huggingface/lerobot/coport-uni/FR5_task3_turn_the_sliver_air_valve_90_degress_counterclockwise/.cache/huggingface/.gitignore.lock
DEBUG 2026-06-26 05:35:29 ock/_api.py:501 Attempting to acquire lock 130832694566336 on /root/.cache/huggingface/lerobot/coport-uni/FR5_task3_turn_the_sliver_air_valve_90_degress_counterclockwise/.cache/huggingface/.gitignore.lock
DEBUG 2026-06-26 05:35:29 ock/_api.py:501 Attempting to acquire lock 130832694565760 on /root/.cache/huggingface/lerobot/coport-uni/FR5_task3_turn_the_sliver_air_valve_90_degress_counterclockwise/.cache/huggingface/.gitignore.lock
DEBUG 2026-06-26 05:35:29 ock/_api.py:501 Attempting to acquire lock 130832694567056 on /root/.cache/huggingface/lerobot/coport-uni/FR5_task3_turn_the_sliver_air_valve_90_degress_counterclockwise/.cache/huggingface/.gitignore.lock
DEBUG 2026-06-26 05:35:29 ock/_api.py:501 Attempting to acquire lock 130832694564992 on /root/.cache/huggingface/lerobot/coport-uni/FR5_task3_turn_the_sliver_air_valve_90_degress_counterclockwise/.cache/huggingface/.gitignore.lock
DEBUG 2026-06-26 05:35:29 ock/_api.py:504 Lock 130832694567392 acquired on /root/.cache/huggingface/lerobot/coport-uni/FR5_task3_turn_the_sliver_air_valve_90_degress_counterclockwise/.cache/huggingface/.gitignore.lock
DEBUG 2026-06-26 05:35:29 ock/_api.py:501 Attempting to acquire lock 130832694567488 on /root/.cache/huggingface/lerobot/coport-uni/FR5_task3_turn_the_sliver_air_valve_90_degress_counterclockwise/.cache/huggingface/.gitignore.lock
DEBUG 2026-06-26 05:35:29 ock/_api.py:516 Lock 130832694565136 not acquired on /root/.cache/huggingface/lerobot/coport-uni/FR5_task3_turn_the_sliver_air_valve_90_degress_counterclockwise/.cache/huggingface/.gitignore.lock, waiting 0.05 seconds ...
DEBUG 2026-06-26 05:35:29 ock/_api.py:501 Attempting to acquire lock 130832694559472 on /root/.cache/huggingface/lerobot/coport-uni/FR5_task3_turn_the_sliver_air_valve_90_degress_counterclockwise/.cache/huggingface/.gitignore.lock
DEBUG 2026-06-26 05:35:29 ock/_api.py:516 Lock 130832694566336 not acquired on /root/.cache/huggingface/lerobot/coport-uni/FR5_task3_turn_the_sliver_air_valve_90_degress_counterclockwise/.cache/huggingface/.gitignore.lock, waiting 0.05 seconds ...
DEBUG 2026-06-26 05:35:29 ock/_api.py:516 Lock 130832694565760 not acquired on /root/.cache/huggingface/lerobot/coport-uni/FR5_task3_turn_the_sliver_air_valve_90_degress_counterclockwise/.cache/huggingface/.gitignore.lock, waiting 0.05 seconds ...
DEBUG 2026-06-26 05:35:29 ock/_api.py:516 Lock 130832694567056 not acquired on /root/.cache/huggingface/lerobot/coport-uni/FR5_task3_turn_the_sliver_air_valve_90_degress_counterclockwise/.cache/huggingface/.gitignore.lock, waiting 0.05 seconds ...
DEBUG 2026-06-26 05:35:29 ock/_api.py:516 Lock 130832694564992 not acquired on /root/.cache/huggingface/lerobot/coport-uni/FR5_task3_turn_the_sliver_air_valve_90_degress_counterclockwise/.cache/huggingface/.gitignore.lock, waiting 0.05 seconds ...
DEBUG 2026-06-26 05:35:29 ock/_api.py:541 Attempting to release lock 130832694567392 on /root/.cache/huggingface/lerobot/coport-uni/FR5_task3_turn_the_sliver_air_valve_90_degress_counterclockwise/.cache/huggingface/.gitignore.lock
DEBUG 2026-06-26 05:35:29 ock/_api.py:516 Lock 130832694567488 not acquired on /root/.cache/huggingface/lerobot/coport-uni/FR5_task3_turn_the_sliver_air_valve_90_degress_counterclockwise/.cache/huggingface/.gitignore.lock, waiting 0.05 seconds ...
DEBUG 2026-06-26 05:35:29 ock/_api.py:516 Lock 130832694559472 not acquired on /root/.cache/huggingface/lerobot/coport-uni/FR5_task3_turn_the_sliver_air_valve_90_degress_counterclockwise/.cache/huggingface/.gitignore.lock, waiting 0.05 seconds ...
DEBUG 2026-06-26 05:35:29 ock/_api.py:545 Lock 130832694567392 released on /root/.cache/huggingface/lerobot/coport-uni/FR5_task3_turn_the_sliver_air_valve_90_degress_counterclockwise/.cache/huggingface/.gitignore.lock
DEBUG 2026-06-26 05:35:29 ock/_api.py:501 Attempting to acquire lock 130832694564368 on /root/.cache/huggingface/lerobot/coport-uni/FR5_task3_turn_the_sliver_air_valve_90_degress_counterclockwise/.cache/huggingface/download/meta/episodes/chunk-000/file-002.parquet.lock
DEBUG 2026-06-26 05:35:29 ock/_api.py:504 Lock 130832694564368 acquired on /root/.cache/huggingface/lerobot/coport-uni/FR5_task3_turn_the_sliver_air_valve_90_degress_counterclockwise/.cache/huggingface/download/meta/episodes/chunk-000/file-002.parquet.lock
DEBUG 2026-06-26 05:35:29 ock/_api.py:541 Attempting to release lock 130832694564368 on /root/.cache/huggingface/lerobot/coport-uni/FR5_task3_turn_the_sliver_air_valve_90_degress_counterclockwise/.cache/huggingface/download/meta/episodes/chunk-000/file-002.parquet.lock
DEBUG 2026-06-26 05:35:29 ock/_api.py:545 Lock 130832694564368 released on /root/.cache/huggingface/lerobot/coport-uni/FR5_task3_turn_the_sliver_air_valve_90_degress_counterclockwise/.cache/huggingface/download/meta/episodes/chunk-000/file-002.parquet.lock
DEBUG 2026-06-26 05:35:29 re/_trace.py:47 send_request_headers.started request=<Request [b'HEAD']>
DEBUG 2026-06-26 05:35:29 re/_trace.py:47 send_request_headers.complete
DEBUG 2026-06-26 05:35:29 re/_trace.py:47 send_request_body.started request=<Request [b'HEAD']>
DEBUG 2026-06-26 05:35:29 re/_trace.py:47 send_request_body.complete
DEBUG 2026-06-26 05:35:29 re/_trace.py:47 receive_response_headers.started request=<Request [b'HEAD']>
DEBUG 2026-06-26 05:35:29 ock/_api.py:501 Attempting to acquire lock 130832694565136 on /root/.cache/huggingface/lerobot/coport-uni/FR5_task3_turn_the_sliver_air_valve_90_degress_counterclockwise/.cache/huggingface/.gitignore.lock
DEBUG 2026-06-26 05:35:29 ock/_api.py:504 Lock 130832694565136 acquired on /root/.cache/huggingface/lerobot/coport-uni/FR5_task3_turn_the_sliver_air_valve_90_degress_counterclockwise/.cache/huggingface/.gitignore.lock
DEBUG 2026-06-26 05:35:29 ock/_api.py:501 Attempting to acquire lock 130832694566336 on /root/.cache/huggingface/lerobot/coport-uni/FR5_task3_turn_the_sliver_air_valve_90_degress_counterclockwise/.cache/huggingface/.gitignore.lock
DEBUG 2026-06-26 05:35:29 ock/_api.py:501 Attempting to acquire lock 130832694565760 on /root/.cache/huggingface/lerobot/coport-uni/FR5_task3_turn_the_sliver_air_valve_90_degress_counterclockwise/.cache/huggingface/.gitignore.lock
DEBUG 2026-06-26 05:35:29 ock/_api.py:501 Attempting to acquire lock 130832694564992 on /root/.cache/huggingface/lerobot/coport-uni/FR5_task3_turn_the_sliver_air_valve_90_degress_counterclockwise/.cache/huggingface/.gitignore.lock
DEBUG 2026-06-26 05:35:29 ock/_api.py:501 Attempting to acquire lock 130832694559472 on /root/.cache/huggingface/lerobot/coport-uni/FR5_task3_turn_the_sliver_air_valve_90_degress_counterclockwise/.cache/huggingface/.gitignore.lock
DEBUG 2026-06-26 05:35:29 ock/_api.py:501 Attempting to acquire lock 130832694567488 on /root/.cache/huggingface/lerobot/coport-uni/FR5_task3_turn_the_sliver_air_valve_90_degress_counterclockwise/.cache/huggingface/.gitignore.lock
DEBUG 2026-06-26 05:35:29 ock/_api.py:501 Attempting to acquire lock 130832694567056 on /root/.cache/huggingface/lerobot/coport-uni/FR5_task3_turn_the_sliver_air_valve_90_degress_counterclockwise/.cache/huggingface/.gitignore.lock
DEBUG 2026-06-26 05:35:29 ock/_api.py:541 Attempting to release lock 130832694565136 on /root/.cache/huggingface/lerobot/coport-uni/FR5_task3_turn_the_sliver_air_valve_90_degress_counterclockwise/.cache/huggingface/.gitignore.lock
DEBUG 2026-06-26 05:35:29 ock/_api.py:516 Lock 130832694566336 not acquired on /root/.cache/huggingface/lerobot/coport-uni/FR5_task3_turn_the_sliver_air_valve_90_degress_counterclockwise/.cache/huggingface/.gitignore.lock, waiting 0.05 seconds ...
DEBUG 2026-06-26 05:35:29 ock/_api.py:516 Lock 130832694565760 not acquired on /root/.cache/huggingface/lerobot/coport-uni/FR5_task3_turn_the_sliver_air_valve_90_degress_counterclockwise/.cache/huggingface/.gitignore.lock, waiting 0.05 seconds ...
DEBUG 2026-06-26 05:35:29 ock/_api.py:516 Lock 130832694564992 not acquired on /root/.cache/huggingface/lerobot/coport-uni/FR5_task3_turn_the_sliver_air_valve_90_degress_counterclockwise/.cache/huggingface/.gitignore.lock, waiting 0.05 seconds ...
DEBUG 2026-06-26 05:35:29 ock/_api.py:516 Lock 130832694559472 not acquired on /root/.cache/huggingface/lerobot/coport-uni/FR5_task3_turn_the_sliver_air_valve_90_degress_counterclockwise/.cache/huggingface/.gitignore.lock, waiting 0.05 seconds ...
DEBUG 2026-06-26 05:35:29 ock/_api.py:545 Lock 130832694565136 released on /root/.cache/huggingface/lerobot/coport-uni/FR5_task3_turn_the_sliver_air_valve_90_degress_counterclockwise/.cache/huggingface/.gitignore.lock
DEBUG 2026-06-26 05:35:29 ock/_api.py:516 Lock 130832694567488 not acquired on /root/.cache/huggingface/lerobot/coport-uni/FR5_task3_turn_the_sliver_air_valve_90_degress_counterclockwise/.cache/huggingface/.gitignore.lock, waiting 0.05 seconds ...
DEBUG 2026-06-26 05:35:29 ock/_api.py:504 Lock 130832694567056 acquired on /root/.cache/huggingface/lerobot/coport-uni/FR5_task3_turn_the_sliver_air_valve_90_degress_counterclockwise/.cache/huggingface/.gitignore.lock
DEBUG 2026-06-26 05:35:29 ock/_api.py:501 Attempting to acquire lock 130832694559424 on /root/.cache/huggingface/lerobot/coport-uni/FR5_task3_turn_the_sliver_air_valve_90_degress_counterclockwise/.cache/huggingface/download/meta/episodes/chunk-000/file-003.parquet.lock
DEBUG 2026-06-26 05:35:29 ock/_api.py:504 Lock 130832694559424 acquired on /root/.cache/huggingface/lerobot/coport-uni/FR5_task3_turn_the_sliver_air_valve_90_degress_counterclockwise/.cache/huggingface/download/meta/episodes/chunk-000/file-003.parquet.lock
DEBUG 2026-06-26 05:35:29 ock/_api.py:541 Attempting to release lock 130832694567056 on /root/.cache/huggingface/lerobot/coport-uni/FR5_task3_turn_the_sliver_air_valve_90_degress_counterclockwise/.cache/huggingface/.gitignore.lock
DEBUG 2026-06-26 05:35:29 ock/_api.py:541 Attempting to release lock 130832694559424 on /root/.cache/huggingface/lerobot/coport-uni/FR5_task3_turn_the_sliver_air_valve_90_degress_counterclockwise/.cache/huggingface/download/meta/episodes/chunk-000/file-003.parquet.lock
DEBUG 2026-06-26 05:35:29 ock/_api.py:545 Lock 130832694567056 released on /root/.cache/huggingface/lerobot/coport-uni/FR5_task3_turn_the_sliver_air_valve_90_degress_counterclockwise/.cache/huggingface/.gitignore.lock
DEBUG 2026-06-26 05:35:29 ock/_api.py:545 Lock 130832694559424 released on /root/.cache/huggingface/lerobot/coport-uni/FR5_task3_turn_the_sliver_air_valve_90_degress_counterclockwise/.cache/huggingface/download/meta/episodes/chunk-000/file-003.parquet.lock
DEBUG 2026-06-26 05:35:29 re/_trace.py:47 connect_tcp.started host='huggingface.co' port=443 local_address=None timeout=10 socket_options=None
DEBUG 2026-06-26 05:35:29 ock/_api.py:501 Attempting to acquire lock 130832694559520 on /root/.cache/huggingface/lerobot/coport-uni/FR5_task3_turn_the_sliver_air_valve_90_degress_counterclockwise/.cache/huggingface/download/meta/stats.json.lock
DEBUG 2026-06-26 05:35:29 ock/_api.py:504 Lock 130832694559520 acquired on /root/.cache/huggingface/lerobot/coport-uni/FR5_task3_turn_the_sliver_air_valve_90_degress_counterclockwise/.cache/huggingface/download/meta/stats.json.lock
DEBUG 2026-06-26 05:35:29 ock/_api.py:541 Attempting to release lock 130832694559520 on /root/.cache/huggingface/lerobot/coport-uni/FR5_task3_turn_the_sliver_air_valve_90_degress_counterclockwise/.cache/huggingface/download/meta/stats.json.lock
DEBUG 2026-06-26 05:35:29 ock/_api.py:545 Lock 130832694559520 released on /root/.cache/huggingface/lerobot/coport-uni/FR5_task3_turn_the_sliver_air_valve_90_degress_counterclockwise/.cache/huggingface/download/meta/stats.json.lock
DEBUG 2026-06-26 05:35:29 re/_trace.py:47 connect_tcp.started host='huggingface.co' port=443 local_address=None timeout=10 socket_options=None
DEBUG 2026-06-26 05:35:29 re/_trace.py:47 connect_tcp.complete return_value=<httpcore._backends.sync.SyncStream object at 0x76fddc48c9e0>
DEBUG 2026-06-26 05:35:29 re/_trace.py:47 start_tls.started ssl_context=<ssl.SSLContext object at 0x76fddc488650> server_hostname='huggingface.co' timeout=10
DEBUG 2026-06-26 05:35:29 re/_trace.py:47 connect_tcp.complete return_value=<httpcore._backends.sync.SyncStream object at 0x76fddc48cda0>
DEBUG 2026-06-26 05:35:29 re/_trace.py:47 start_tls.started ssl_context=<ssl.SSLContext object at 0x76fddc488650> server_hostname='huggingface.co' timeout=10
DEBUG 2026-06-26 05:35:29 re/_trace.py:47 start_tls.complete return_value=<httpcore._backends.sync.SyncStream object at 0x76fddc48cd70>
DEBUG 2026-06-26 05:35:29 re/_trace.py:47 send_request_headers.started request=<Request [b'HEAD']>
DEBUG 2026-06-26 05:35:29 re/_trace.py:47 send_request_headers.complete
DEBUG 2026-06-26 05:35:29 re/_trace.py:47 send_request_body.started request=<Request [b'HEAD']>
DEBUG 2026-06-26 05:35:29 re/_trace.py:47 send_request_body.complete
DEBUG 2026-06-26 05:35:29 re/_trace.py:47 receive_response_headers.started request=<Request [b'HEAD']>
DEBUG 2026-06-26 05:35:29 re/_trace.py:47 start_tls.complete return_value=<httpcore._backends.sync.SyncStream object at 0x76fddc4b0b60>
DEBUG 2026-06-26 05:35:29 re/_trace.py:47 send_request_headers.started request=<Request [b'HEAD']>
DEBUG 2026-06-26 05:35:29 re/_trace.py:47 send_request_headers.complete
DEBUG 2026-06-26 05:35:29 re/_trace.py:47 send_request_body.started request=<Request [b'HEAD']>
DEBUG 2026-06-26 05:35:29 re/_trace.py:47 send_request_body.complete
DEBUG 2026-06-26 05:35:29 re/_trace.py:47 receive_response_headers.started request=<Request [b'HEAD']>
DEBUG 2026-06-26 05:35:29 ock/_api.py:501 Attempting to acquire lock 130832694566336 on /root/.cache/huggingface/lerobot/coport-uni/FR5_task3_turn_the_sliver_air_valve_90_degress_counterclockwise/.cache/huggingface/.gitignore.lock
DEBUG 2026-06-26 05:35:29 ock/_api.py:501 Attempting to acquire lock 130832694565760 on /root/.cache/huggingface/lerobot/coport-uni/FR5_task3_turn_the_sliver_air_valve_90_degress_counterclockwise/.cache/huggingface/.gitignore.lock
DEBUG 2026-06-26 05:35:29 ock/_api.py:501 Attempting to acquire lock 130832694564992 on /root/.cache/huggingface/lerobot/coport-uni/FR5_task3_turn_the_sliver_air_valve_90_degress_counterclockwise/.cache/huggingface/.gitignore.lock
DEBUG 2026-06-26 05:35:29 ock/_api.py:504 Lock 130832694566336 acquired on /root/.cache/huggingface/lerobot/coport-uni/FR5_task3_turn_the_sliver_air_valve_90_degress_counterclockwise/.cache/huggingface/.gitignore.lock
DEBUG 2026-06-26 05:35:29 ock/_api.py:501 Attempting to acquire lock 130832694559472 on /root/.cache/huggingface/lerobot/coport-uni/FR5_task3_turn_the_sliver_air_valve_90_degress_counterclockwise/.cache/huggingface/.gitignore.lock
DEBUG 2026-06-26 05:35:29 ock/_api.py:501 Attempting to acquire lock 130832694567488 on /root/.cache/huggingface/lerobot/coport-uni/FR5_task3_turn_the_sliver_air_valve_90_degress_counterclockwise/.cache/huggingface/.gitignore.lock
DEBUG 2026-06-26 05:35:29 ock/_api.py:416 Timeout on acquiring lock 130832694565760 on /root/.cache/huggingface/lerobot/coport-uni/FR5_task3_turn_the_sliver_air_valve_90_degress_counterclockwise/.cache/huggingface/.gitignore.lock
DEBUG 2026-06-26 05:35:29 ock/_api.py:541 Attempting to release lock 130832694566336 on /root/.cache/huggingface/lerobot/coport-uni/FR5_task3_turn_the_sliver_air_valve_90_degress_counterclockwise/.cache/huggingface/.gitignore.lock
DEBUG 2026-06-26 05:35:29 ock/_api.py:416 Timeout on acquiring lock 130832694564992 on /root/.cache/huggingface/lerobot/coport-uni/FR5_task3_turn_the_sliver_air_valve_90_degress_counterclockwise/.cache/huggingface/.gitignore.lock
DEBUG 2026-06-26 05:35:29 ock/_api.py:545 Lock 130832694566336 released on /root/.cache/huggingface/lerobot/coport-uni/FR5_task3_turn_the_sliver_air_valve_90_degress_counterclockwise/.cache/huggingface/.gitignore.lock
DEBUG 2026-06-26 05:35:29 ock/_api.py:416 Timeout on acquiring lock 130832694559472 on /root/.cache/huggingface/lerobot/coport-uni/FR5_task3_turn_the_sliver_air_valve_90_degress_counterclockwise/.cache/huggingface/.gitignore.lock
DEBUG 2026-06-26 05:35:29 ock/_api.py:416 Timeout on acquiring lock 130832694567488 on /root/.cache/huggingface/lerobot/coport-uni/FR5_task3_turn_the_sliver_air_valve_90_degress_counterclockwise/.cache/huggingface/.gitignore.lock
DEBUG 2026-06-26 05:35:29 ock/_api.py:501 Attempting to acquire lock 130832694710096 on /root/.cache/huggingface/lerobot/coport-uni/FR5_task3_turn_the_sliver_air_valve_90_degress_counterclockwise/.cache/huggingface/download/meta/info.json.lock
DEBUG 2026-06-26 05:35:29 ock/_api.py:501 Attempting to acquire lock 130832694710384 on /root/.cache/huggingface/lerobot/coport-uni/FR5_task3_turn_the_sliver_air_valve_90_degress_counterclockwise/.cache/huggingface/download/meta/episodes/chunk-000/file-000.parquet.lock
DEBUG 2026-06-26 05:35:29 ock/_api.py:501 Attempting to acquire lock 130832694709520 on /root/.cache/huggingface/lerobot/coport-uni/FR5_task3_turn_the_sliver_air_valve_90_degress_counterclockwise/.cache/huggingface/download/meta/episodes/chunk-000/file-004.parquet.lock
DEBUG 2026-06-26 05:35:29 ock/_api.py:504 Lock 130832694710096 acquired on /root/.cache/huggingface/lerobot/coport-uni/FR5_task3_turn_the_sliver_air_valve_90_degress_counterclockwise/.cache/huggingface/download/meta/info.json.lock
DEBUG 2026-06-26 05:35:29 ock/_api.py:501 Attempting to acquire lock 130832694710576 on /root/.cache/huggingface/lerobot/coport-uni/FR5_task3_turn_the_sliver_air_valve_90_degress_counterclockwise/.cache/huggingface/download/meta/tasks.parquet.lock
DEBUG 2026-06-26 05:35:29 ock/_api.py:541 Attempting to release lock 130832694710096 on /root/.cache/huggingface/lerobot/coport-uni/FR5_task3_turn_the_sliver_air_valve_90_degress_counterclockwise/.cache/huggingface/download/meta/info.json.lock
DEBUG 2026-06-26 05:35:29 ock/_api.py:504 Lock 130832694710384 acquired on /root/.cache/huggingface/lerobot/coport-uni/FR5_task3_turn_the_sliver_air_valve_90_degress_counterclockwise/.cache/huggingface/download/meta/episodes/chunk-000/file-000.parquet.lock
DEBUG 2026-06-26 05:35:29 ock/_api.py:501 Attempting to acquire lock 130832694710768 on /root/.cache/huggingface/lerobot/coport-uni/FR5_task3_turn_the_sliver_air_valve_90_degress_counterclockwise/.cache/huggingface/download/meta/episodes/chunk-000/file-001.parquet.lock
DEBUG 2026-06-26 05:35:29 ock/_api.py:504 Lock 130832694709520 acquired on /root/.cache/huggingface/lerobot/coport-uni/FR5_task3_turn_the_sliver_air_valve_90_degress_counterclockwise/.cache/huggingface/download/meta/episodes/chunk-000/file-004.parquet.lock
DEBUG 2026-06-26 05:35:29 ock/_api.py:504 Lock 130832694710576 acquired on /root/.cache/huggingface/lerobot/coport-uni/FR5_task3_turn_the_sliver_air_valve_90_degress_counterclockwise/.cache/huggingface/download/meta/tasks.parquet.lock
DEBUG 2026-06-26 05:35:29 ock/_api.py:541 Attempting to release lock 130832694710384 on /root/.cache/huggingface/lerobot/coport-uni/FR5_task3_turn_the_sliver_air_valve_90_degress_counterclockwise/.cache/huggingface/download/meta/episodes/chunk-000/file-000.parquet.lock
DEBUG 2026-06-26 05:35:29 ock/_api.py:545 Lock 130832694710096 released on /root/.cache/huggingface/lerobot/coport-uni/FR5_task3_turn_the_sliver_air_valve_90_degress_counterclockwise/.cache/huggingface/download/meta/info.json.lock
DEBUG 2026-06-26 05:35:29 ock/_api.py:541 Attempting to release lock 130832694709520 on /root/.cache/huggingface/lerobot/coport-uni/FR5_task3_turn_the_sliver_air_valve_90_degress_counterclockwise/.cache/huggingface/download/meta/episodes/chunk-000/file-004.parquet.lock
DEBUG 2026-06-26 05:35:29 ock/_api.py:504 Lock 130832694710768 acquired on /root/.cache/huggingface/lerobot/coport-uni/FR5_task3_turn_the_sliver_air_valve_90_degress_counterclockwise/.cache/huggingface/download/meta/episodes/chunk-000/file-001.parquet.lock
DEBUG 2026-06-26 05:35:29 ock/_api.py:541 Attempting to release lock 130832694710576 on /root/.cache/huggingface/lerobot/coport-uni/FR5_task3_turn_the_sliver_air_valve_90_degress_counterclockwise/.cache/huggingface/download/meta/tasks.parquet.lock
DEBUG 2026-06-26 05:35:29 ock/_api.py:545 Lock 130832694710384 released on /root/.cache/huggingface/lerobot/coport-uni/FR5_task3_turn_the_sliver_air_valve_90_degress_counterclockwise/.cache/huggingface/download/meta/episodes/chunk-000/file-000.parquet.lock
DEBUG 2026-06-26 05:35:29 ock/_api.py:541 Attempting to release lock 130832694710768 on /root/.cache/huggingface/lerobot/coport-uni/FR5_task3_turn_the_sliver_air_valve_90_degress_counterclockwise/.cache/huggingface/download/meta/episodes/chunk-000/file-001.parquet.lock
DEBUG 2026-06-26 05:35:29 re/_trace.py:47 connect_tcp.started host='huggingface.co' port=443 local_address=None timeout=10 socket_options=None
DEBUG 2026-06-26 05:35:29 ock/_api.py:545 Lock 130832694709520 released on /root/.cache/huggingface/lerobot/coport-uni/FR5_task3_turn_the_sliver_air_valve_90_degress_counterclockwise/.cache/huggingface/download/meta/episodes/chunk-000/file-004.parquet.lock
DEBUG 2026-06-26 05:35:29 re/_trace.py:47 connect_tcp.started host='huggingface.co' port=443 local_address=None timeout=10 socket_options=None
DEBUG 2026-06-26 05:35:29 ock/_api.py:545 Lock 130832694710576 released on /root/.cache/huggingface/lerobot/coport-uni/FR5_task3_turn_the_sliver_air_valve_90_degress_counterclockwise/.cache/huggingface/download/meta/tasks.parquet.lock
DEBUG 2026-06-26 05:35:29 ock/_api.py:545 Lock 130832694710768 released on /root/.cache/huggingface/lerobot/coport-uni/FR5_task3_turn_the_sliver_air_valve_90_degress_counterclockwise/.cache/huggingface/download/meta/episodes/chunk-000/file-001.parquet.lock
DEBUG 2026-06-26 05:35:29 re/_trace.py:47 connect_tcp.started host='huggingface.co' port=443 local_address=None timeout=10 socket_options=None
DEBUG 2026-06-26 05:35:29 re/_trace.py:47 connect_tcp.started host='huggingface.co' port=443 local_address=None timeout=10 socket_options=None
DEBUG 2026-06-26 05:35:29 re/_trace.py:47 connect_tcp.started host='huggingface.co' port=443 local_address=None timeout=10 socket_options=None
DEBUG 2026-06-26 05:35:29 re/_trace.py:47 connect_tcp.complete return_value=<httpcore._backends.sync.SyncStream object at 0x76fddc4b1ac0>
DEBUG 2026-06-26 05:35:29 re/_trace.py:47 start_tls.started ssl_context=<ssl.SSLContext object at 0x76fddc488650> server_hostname='huggingface.co' timeout=10
DEBUG 2026-06-26 05:35:29 re/_trace.py:47 connect_tcp.complete return_value=<httpcore._backends.sync.SyncStream object at 0x76fddc4b2a20>
DEBUG 2026-06-26 05:35:29 re/_trace.py:47 start_tls.started ssl_context=<ssl.SSLContext object at 0x76fddc488650> server_hostname='huggingface.co' timeout=10
DEBUG 2026-06-26 05:35:29 re/_trace.py:47 connect_tcp.complete return_value=<httpcore._backends.sync.SyncStream object at 0x76fddc4b3200>
DEBUG 2026-06-26 05:35:29 re/_trace.py:47 start_tls.started ssl_context=<ssl.SSLContext object at 0x76fddc488650> server_hostname='huggingface.co' timeout=10
DEBUG 2026-06-26 05:35:29 re/_trace.py:47 connect_tcp.complete return_value=<httpcore._backends.sync.SyncStream object at 0x76fddc4b3b60>
DEBUG 2026-06-26 05:35:29 re/_trace.py:47 start_tls.started ssl_context=<ssl.SSLContext object at 0x76fddc488650> server_hostname='huggingface.co' timeout=10
DEBUG 2026-06-26 05:35:29 re/_trace.py:47 connect_tcp.complete return_value=<httpcore._backends.sync.SyncStream object at 0x76fddc4b2270>
DEBUG 2026-06-26 05:35:29 re/_trace.py:47 start_tls.started ssl_context=<ssl.SSLContext object at 0x76fddc488650> server_hostname='huggingface.co' timeout=10
DEBUG 2026-06-26 05:35:29 re/_trace.py:47 start_tls.complete return_value=<httpcore._backends.sync.SyncStream object at 0x76fddc4b1a00>
DEBUG 2026-06-26 05:35:29 re/_trace.py:47 send_request_headers.started request=<Request [b'HEAD']>
DEBUG 2026-06-26 05:35:29 re/_trace.py:47 send_request_headers.complete
DEBUG 2026-06-26 05:35:29 re/_trace.py:47 send_request_body.started request=<Request [b'HEAD']>
DEBUG 2026-06-26 05:35:29 re/_trace.py:47 send_request_body.complete
DEBUG 2026-06-26 05:35:29 re/_trace.py:47 receive_response_headers.started request=<Request [b'HEAD']>
DEBUG 2026-06-26 05:35:29 re/_trace.py:47 start_tls.complete return_value=<httpcore._backends.sync.SyncStream object at 0x76fddc4b3140>
DEBUG 2026-06-26 05:35:29 re/_trace.py:47 send_request_headers.started request=<Request [b'HEAD']>
DEBUG 2026-06-26 05:35:29 re/_trace.py:47 start_tls.complete return_value=<httpcore._backends.sync.SyncStream object at 0x76fddc4b3a70>
DEBUG 2026-06-26 05:35:29 re/_trace.py:47 send_request_headers.complete
DEBUG 2026-06-26 05:35:29 re/_trace.py:47 send_request_headers.started request=<Request [b'HEAD']>
DEBUG 2026-06-26 05:35:29 re/_trace.py:47 send_request_body.started request=<Request [b'HEAD']>
DEBUG 2026-06-26 05:35:29 re/_trace.py:47 send_request_body.complete
DEBUG 2026-06-26 05:35:29 re/_trace.py:47 receive_response_headers.started request=<Request [b'HEAD']>
DEBUG 2026-06-26 05:35:29 re/_trace.py:47 send_request_headers.complete
DEBUG 2026-06-26 05:35:29 re/_trace.py:47 start_tls.complete return_value=<httpcore._backends.sync.SyncStream object at 0x76fddc4b2960>
DEBUG 2026-06-26 05:35:29 re/_trace.py:47 send_request_body.started request=<Request [b'HEAD']>
DEBUG 2026-06-26 05:35:29 re/_trace.py:47 send_request_headers.started request=<Request [b'HEAD']>
DEBUG 2026-06-26 05:35:29 re/_trace.py:47 send_request_body.complete
DEBUG 2026-06-26 05:35:29 re/_trace.py:47 receive_response_headers.started request=<Request [b'HEAD']>
DEBUG 2026-06-26 05:35:29 re/_trace.py:47 send_request_headers.complete
DEBUG 2026-06-26 05:35:29 re/_trace.py:47 send_request_body.started request=<Request [b'HEAD']>
DEBUG 2026-06-26 05:35:29 re/_trace.py:47 send_request_body.complete
DEBUG 2026-06-26 05:35:29 re/_trace.py:47 receive_response_headers.started request=<Request [b'HEAD']>
DEBUG 2026-06-26 05:35:29 re/_trace.py:47 start_tls.complete return_value=<httpcore._backends.sync.SyncStream object at 0x76fddc4b2180>
DEBUG 2026-06-26 05:35:29 re/_trace.py:47 send_request_headers.started request=<Request [b'HEAD']>
DEBUG 2026-06-26 05:35:29 re/_trace.py:47 send_request_headers.complete
DEBUG 2026-06-26 05:35:29 re/_trace.py:47 send_request_body.started request=<Request [b'HEAD']>
DEBUG 2026-06-26 05:35:29 re/_trace.py:47 send_request_body.complete
DEBUG 2026-06-26 05:35:29 re/_trace.py:47 receive_response_headers.started request=<Request [b'HEAD']>
DEBUG 2026-06-26 05:35:29 re/_trace.py:47 receive_response_headers.complete return_value=(b'HTTP/1.1', 302, b'Found', [(b'Content-Type', b'text/plain; charset=utf-8'), (b'Content-Length', b'1030'), (b'Connection', b'keep-alive'), (b'Date', b'Fri, 26 Jun 2026 05:35:29 GMT'), (b'Location', b'https://cas-bridge.xethub.hf.co/xet-bridge-us/6a3bd3d805d60eef965b73d1/b5afdecd146f36f8793848b872eb605cd38bbb8cda56e72fb7aa3cf2a469ce18?Expires=1782455729&Policy=eyJTdGF0ZW1lbnQiOlt7IlJlc291cmNlIjoiaHR0cHM6Ly9jYXMtYnJpZGdlLnhldGh1Yi5oZi5jby94ZXQtYnJpZGdlLXVzLzZhM2JkM2Q4MDVkNjBlZWY5NjViNzNkMS9iNWFmZGVjZDE0NmYzNmY4NzkzODQ4Yjg3MmViNjA1Y2QzOGJiYjhjZGE1NmU3MmZiN2FhM2NmMmE0NjljZTE4KiIsIkNvbmRpdGlvbiI6eyJEYXRlTGVzc1RoYW4iOnsiQVdTOkVwb2NoVGltZSI6MTc4MjQ1NTcyOX19fV19&Signature=MEUCIQC2Z%7EgKUiH8jWQlohhiORCebd6tuvT1BC1doR%7EZbxG8zQIgVGjSBPZFS-xQHSb0YOCnxFSB3ozHQe7y3p2E3q6X38Q_&Key-Pair-Id=K1LYXO563TGWFU&X-Xet-Cas-Uid=6968a8befacf9a9b049da27a&response-content-disposition=inline%3B+filename*%3DUTF-8%27%27file-002.parquet%3B+filename%3D%22file-002.parquet%22%3B&X-Amz-Algorithm=AWS4-HMAC-SHA256&X-Amz-Credential=cas%2F20260626%2Fus-east-1%2Fs3%2Faws4_request&X-Amz-Date=20260626T053529Z&X-Amz-Expires=3600&X-Amz-SignedHeaders=host&X-Amz-Signature=dc75b93c50adcaff01d89ec9f0b24b3bdf31db03ed7af570f9bbd50f5b045fe1'), (b'X-Powered-By', b'huggingface-moon'), (b'X-Request-Id', b'Root=1-6a3e0fa1-588e76c80a5283092ff11a04;a474dd4d-6aef-4921-b101-967d2c8c809c'), (b'RateLimit', b'"resolvers";r=4996;t=193'), (b'RateLimit-Policy', b'"fixed window";"resolvers";q=5000;w=300'), (b'cross-origin-opener-policy', b'same-origin'), (b'Referrer-Policy', b'strict-origin-when-cross-origin'), (b'Access-Control-Max-Age', b'86400'), (b'Access-Control-Allow-Origin', b'https://huggingface.co'), (b'Vary', b'Origin, Accept'), (b'Access-Control-Expose-Headers', b'X-Repo-Commit,X-Request-Id,X-Error-Code,X-Error-Message,X-Total-Count,ETag,Link,Accept-Ranges,Content-Range,X-Linked-Size,X-Linked-ETag,X-Xet-Hash'), (b'X-Repo-Commit', b'3f9ac6f4546fc52d193d2b043b97b60d458ab6d7'), (b'Accept-Ranges', b'bytes'), (b'X-Hub-Cache', b'MISS'), (b'X-Linked-Size', b'78617'), (b'X-Linked-ETag', b'"8eb66d5fa958362a937bfc49358a8678db4b2f3a9e8463dcf6e115f2c1c7c3e7"'), (b'X-Xet-Hash', b'b5afdecd146f36f8793848b872eb605cd38bbb8cda56e72fb7aa3cf2a469ce18'), (b'Link', b'<https://huggingface.co/api/datasets/coport-uni/FR5_task3_turn_the_sliver_air_valve_90_degress_counterclockwise/xet-read-token/3f9ac6f4546fc52d193d2b043b97b60d458ab6d7>; rel="xet-auth", <https://cas-server.xethub.hf.co/v1/reconstructions/b5afdecd146f36f8793848b872eb605cd38bbb8cda56e72fb7aa3cf2a469ce18>; rel="xet-reconstruction-info"'), (b'X-Cache', b'Miss from cloudfront'), (b'Via', b'1.1 37c31ae647e34e692a37bcfb149c2802.cloudfront.net (CloudFront)'), (b'X-Amz-Cf-Pop', b'ICN57-P5'), (b'X-Amz-Cf-Id', b'jQSNjxRnsefza-TFnxvk3mJXtT6qEJ-TA3NFuKn6lZTfLSEjDG8P6w==')])
INFO 2026-06-26 05:35:29 _client.py:1025 HTTP Request: HEAD https://huggingface.co/datasets/coport-uni/FR5_task3_turn_the_sliver_air_valve_90_degress_counterclockwise/resolve/3f9ac6f4546fc52d193d2b043b97b60d458ab6d7/meta/episodes/chunk-000/file-002.parquet "HTTP/1.1 302 Found"
DEBUG 2026-06-26 05:35:29 re/_trace.py:47 receive_response_body.started request=<Request [b'HEAD']>
DEBUG 2026-06-26 05:35:29 re/_trace.py:47 receive_response_body.complete
DEBUG 2026-06-26 05:35:29 re/_trace.py:47 response_closed.started
DEBUG 2026-06-26 05:35:29 re/_trace.py:47 response_closed.complete
DEBUG 2026-06-26 05:35:29 ock/_api.py:501 Attempting to acquire lock 130832694566768 on /root/.cache/huggingface/lerobot/coport-uni/FR5_task3_turn_the_sliver_air_valve_90_degress_counterclockwise/.cache/huggingface/download/meta/episodes/chunk-000/file-002.parquet.lock
DEBUG 2026-06-26 05:35:29 ock/_api.py:504 Lock 130832694566768 acquired on /root/.cache/huggingface/lerobot/coport-uni/FR5_task3_turn_the_sliver_air_valve_90_degress_counterclockwise/.cache/huggingface/download/meta/episodes/chunk-000/file-002.parquet.lock
DEBUG 2026-06-26 05:35:29 re/_trace.py:47 receive_response_headers.complete return_value=(b'HTTP/1.1', 307, b'Temporary Redirect', [(b'Content-Type', b'text/plain; charset=utf-8'), (b'Content-Length', b'413'), (b'Connection', b'keep-alive'), (b'Date', b'Fri, 26 Jun 2026 05:35:29 GMT'), (b'Location', b'/api/resolve-cache/datasets/coport-uni/FR5_task3_turn_the_sliver_air_valve_90_degress_counterclockwise/3f9ac6f4546fc52d193d2b043b97b60d458ab6d7/meta%2Fstats.json?%2Fdatasets%2Fcoport-uni%2FFR5_task3_turn_the_sliver_air_valve_90_degress_counterclockwise%2Fresolve%2F3f9ac6f4546fc52d193d2b043b97b60d458ab6d7%2Fmeta%2Fstats.json=&etag=%221214d3ca3be99c9df7a21111e60ad268b3dba741%22'), (b'X-Powered-By', b'huggingface-moon'), (b'X-Request-Id', b'Root=1-6a3e0fa1-58cf401a2ba7625d2aecfe8c;1f6cd225-ffb4-4bda-96a0-6205c7e4528e'), (b'RateLimit', b'"resolvers";r=4995;t=193'), (b'RateLimit-Policy', b'"fixed window";"resolvers";q=5000;w=300'), (b'cross-origin-opener-policy', b'same-origin'), (b'Referrer-Policy', b'strict-origin-when-cross-origin'), (b'Access-Control-Max-Age', b'86400'), (b'Access-Control-Allow-Origin', b'https://huggingface.co'), (b'Vary', b'Origin, Accept'), (b'Access-Control-Expose-Headers', b'X-Repo-Commit,X-Request-Id,X-Error-Code,X-Error-Message,X-Total-Count,ETag,Link,Accept-Ranges,Content-Range,X-Linked-Size,X-Linked-ETag,X-Xet-Hash'), (b'X-Repo-Commit', b'3f9ac6f4546fc52d193d2b043b97b60d458ab6d7'), (b'Accept-Ranges', b'bytes'), (b'X-Hub-Cache', b'MISS'), (b'Content-Disposition', b'inline; filename*=UTF-8\'\'stats.json; filename="stats.json";'), (b'Content-Security-Policy', b"default-src 'none'; sandbox"), (b'X-Linked-ETag', b'"1214d3ca3be99c9df7a21111e60ad268b3dba741"'), (b'X-Cache', b'Miss from cloudfront'), (b'Via', b'1.1 00691a186801498f22935a668f623f14.cloudfront.net (CloudFront)'), (b'X-Amz-Cf-Pop', b'ICN57-P5'), (b'X-Amz-Cf-Id', b'R0TsBq1cmcxwL9vj5nCKrcHxuW5Tc9g1AppOrE1H7VV8Hba6_JKWtw==')])
INFO 2026-06-26 05:35:29 _client.py:1025 HTTP Request: HEAD https://huggingface.co/datasets/coport-uni/FR5_task3_turn_the_sliver_air_valve_90_degress_counterclockwise/resolve/3f9ac6f4546fc52d193d2b043b97b60d458ab6d7/meta/stats.json "HTTP/1.1 307 Temporary Redirect"
DEBUG 2026-06-26 05:35:29 re/_trace.py:47 receive_response_body.started request=<Request [b'HEAD']>
DEBUG 2026-06-26 05:35:29 re/_trace.py:47 receive_response_body.complete
DEBUG 2026-06-26 05:35:29 re/_trace.py:47 response_closed.started
DEBUG 2026-06-26 05:35:29 re/_trace.py:47 response_closed.complete
DEBUG 2026-06-26 05:35:29 re/_trace.py:47 send_request_headers.started request=<Request [b'HEAD']>
DEBUG 2026-06-26 05:35:29 re/_trace.py:47 send_request_headers.complete
DEBUG 2026-06-26 05:35:29 re/_trace.py:47 send_request_body.started request=<Request [b'HEAD']>
DEBUG 2026-06-26 05:35:29 re/_trace.py:47 send_request_body.complete
DEBUG 2026-06-26 05:35:29 re/_trace.py:47 receive_response_headers.started request=<Request [b'HEAD']>
DEBUG 2026-06-26 05:35:29 re/_trace.py:47 receive_response_headers.complete return_value=(b'HTTP/1.1', 302, b'Found', [(b'Content-Type', b'text/plain; charset=utf-8'), (b'Content-Length', b'1028'), (b'Connection', b'keep-alive'), (b'Date', b'Fri, 26 Jun 2026 05:35:29 GMT'), (b'Location', b'https://cas-bridge.xethub.hf.co/xet-bridge-us/6a3bd3d805d60eef965b73d1/cc7eca583b155ca4ba840146e2529e3103d5a608606dca7ad151444aeb463e02?Expires=1782455729&Policy=eyJTdGF0ZW1lbnQiOlt7IlJlc291cmNlIjoiaHR0cHM6Ly9jYXMtYnJpZGdlLnhldGh1Yi5oZi5jby94ZXQtYnJpZGdlLXVzLzZhM2JkM2Q4MDVkNjBlZWY5NjViNzNkMS9jYzdlY2E1ODNiMTU1Y2E0YmE4NDAxNDZlMjUyOWUzMTAzZDVhNjA4NjA2ZGNhN2FkMTUxNDQ0YWViNDYzZTAyKiIsIkNvbmRpdGlvbiI6eyJEYXRlTGVzc1RoYW4iOnsiQVdTOkVwb2NoVGltZSI6MTc4MjQ1NTcyOX19fV19&Signature=MEYCIQDPSyBOJjJSNS6D8bvYllNqER5waa-Kg-RzckeKV%7Eha5QIhAIrqFQdpxkexk-OZPwJDR7gCrmGW4ZKsQg64NKxddeqS&Key-Pair-Id=K1LYXO563TGWFU&X-Xet-Cas-Uid=6968a8befacf9a9b049da27a&response-content-disposition=inline%3B+filename*%3DUTF-8%27%27file-003.parquet%3B+filename%3D%22file-003.parquet%22%3B&X-Amz-Algorithm=AWS4-HMAC-SHA256&X-Amz-Credential=cas%2F20260626%2Fus-east-1%2Fs3%2Faws4_request&X-Amz-Date=20260626T053529Z&X-Amz-Expires=3600&X-Amz-SignedHeaders=host&X-Amz-Signature=731b642b9845ed522632355a363754e64fd4c0439f2b26682371eec81af5887a'), (b'X-Powered-By', b'huggingface-moon'), (b'X-Request-Id', b'Root=1-6a3e0fa1-2521beb5383291cd5b52e865;22c57208-4cc8-4679-893e-3fb0ea574da8'), (b'RateLimit', b'"resolvers";r=4994;t=193'), (b'RateLimit-Policy', b'"fixed window";"resolvers";q=5000;w=300'), (b'cross-origin-opener-policy', b'same-origin'), (b'Referrer-Policy', b'strict-origin-when-cross-origin'), (b'Access-Control-Max-Age', b'86400'), (b'Access-Control-Allow-Origin', b'https://huggingface.co'), (b'Vary', b'Origin, Accept'), (b'Access-Control-Expose-Headers', b'X-Repo-Commit,X-Request-Id,X-Error-Code,X-Error-Message,X-Total-Count,ETag,Link,Accept-Ranges,Content-Range,X-Linked-Size,X-Linked-ETag,X-Xet-Hash'), (b'X-Repo-Commit', b'3f9ac6f4546fc52d193d2b043b97b60d458ab6d7'), (b'Accept-Ranges', b'bytes'), (b'X-Hub-Cache', b'MISS'), (b'X-Linked-Size', b'78557'), (b'X-Linked-ETag', b'"67c402555aadee54b5c6c990f0e0c4baf2b8c05155382b061cfbfc21fdb9f520"'), (b'X-Xet-Hash', b'cc7eca583b155ca4ba840146e2529e3103d5a608606dca7ad151444aeb463e02'), (b'Link', b'<https://huggingface.co/api/datasets/coport-uni/FR5_task3_turn_the_sliver_air_valve_90_degress_counterclockwise/xet-read-token/3f9ac6f4546fc52d193d2b043b97b60d458ab6d7>; rel="xet-auth", <https://cas-server.xethub.hf.co/v1/reconstructions/cc7eca583b155ca4ba840146e2529e3103d5a608606dca7ad151444aeb463e02>; rel="xet-reconstruction-info"'), (b'X-Cache', b'Miss from cloudfront'), (b'Via', b'1.1 1ffaab99be603658502bc9751758efb0.cloudfront.net (CloudFront)'), (b'X-Amz-Cf-Pop', b'ICN57-P5'), (b'X-Amz-Cf-Id', b'fle-bTSSpwkayoR5dc6c7Mq_4uBIj_JOwBxPz5d9gtbG0cH8EjrNew==')])
INFO 2026-06-26 05:35:29 _client.py:1025 HTTP Request: HEAD https://huggingface.co/datasets/coport-uni/FR5_task3_turn_the_sliver_air_valve_90_degress_counterclockwise/resolve/3f9ac6f4546fc52d193d2b043b97b60d458ab6d7/meta/episodes/chunk-000/file-003.parquet "HTTP/1.1 302 Found"
DEBUG 2026-06-26 05:35:29 re/_trace.py:47 receive_response_body.started request=<Request [b'HEAD']>
DEBUG 2026-06-26 05:35:29 re/_trace.py:47 receive_response_body.complete
DEBUG 2026-06-26 05:35:29 re/_trace.py:47 response_closed.started
DEBUG 2026-06-26 05:35:29 re/_trace.py:47 response_closed.complete
DEBUG 2026-06-26 05:35:29 ock/_api.py:501 Attempting to acquire lock 130832694561104 on /root/.cache/huggingface/lerobot/coport-uni/FR5_task3_turn_the_sliver_air_valve_90_degress_counterclockwise/.cache/huggingface/download/meta/episodes/chunk-000/file-003.parquet.lock
DEBUG 2026-06-26 05:35:29 ock/_api.py:504 Lock 130832694561104 acquired on /root/.cache/huggingface/lerobot/coport-uni/FR5_task3_turn_the_sliver_air_valve_90_degress_counterclockwise/.cache/huggingface/download/meta/episodes/chunk-000/file-003.parquet.lock
DEBUG 2026-06-26 05:35:29 re/_trace.py:47 receive_response_headers.complete return_value=(b'HTTP/1.1', 302, b'Found', [(b'Content-Type', b'text/plain; charset=utf-8'), (b'Content-Length', b'1030'), (b'Connection', b'keep-alive'), (b'Date', b'Fri, 26 Jun 2026 05:35:29 GMT'), (b'Location', b'https://cas-bridge.xethub.hf.co/xet-bridge-us/6a3bd3d805d60eef965b73d1/5b946f116a1918990f14b5ce7cc2026c7605e8da69d2ff58806f633595b5be6b?Expires=1782455729&Policy=eyJTdGF0ZW1lbnQiOlt7IlJlc291cmNlIjoiaHR0cHM6Ly9jYXMtYnJpZGdlLnhldGh1Yi5oZi5jby94ZXQtYnJpZGdlLXVzLzZhM2JkM2Q4MDVkNjBlZWY5NjViNzNkMS81Yjk0NmYxMTZhMTkxODk5MGYxNGI1Y2U3Y2MyMDI2Yzc2MDVlOGRhNjlkMmZmNTg4MDZmNjMzNTk1YjViZTZiKiIsIkNvbmRpdGlvbiI6eyJEYXRlTGVzc1RoYW4iOnsiQVdTOkVwb2NoVGltZSI6MTc4MjQ1NTcyOX19fV19&Signature=MEYCIQCq2ViYPW1JBfcto3vVGMnhnALLMvd4Wdn9TlBny9G7tAIhANu1OmhzjpfavJl1m9nq-06H2%7ERQz-0JJsrAv6u%7E4-zD&Key-Pair-Id=K1LYXO563TGWFU&response-content-disposition=inline%3B+filename*%3DUTF-8%27%27file-001.parquet%3B+filename%3D%22file-001.parquet%22%3B&X-Xet-Cas-Uid=6968a8befacf9a9b049da27a&X-Amz-Algorithm=AWS4-HMAC-SHA256&X-Amz-Credential=cas%2F20260626%2Fus-east-1%2Fs3%2Faws4_request&X-Amz-Date=20260626T053529Z&X-Amz-Expires=3600&X-Amz-SignedHeaders=host&X-Amz-Signature=b37a939f04757b2c0591e42f954938a08102f4710ad77f5180f9fa99b0071f41'), (b'X-Powered-By', b'huggingface-moon'), (b'X-Request-Id', b'Root=1-6a3e0fa1-2283af4336e513c9736c4af9;45b71135-c4fc-4f96-90e3-2959c8497d9e'), (b'RateLimit', b'"resolvers";r=4992;t=193'), (b'RateLimit-Policy', b'"fixed window";"resolvers";q=5000;w=300'), (b'cross-origin-opener-policy', b'same-origin'), (b'Referrer-Policy', b'strict-origin-when-cross-origin'), (b'Access-Control-Max-Age', b'86400'), (b'Access-Control-Allow-Origin', b'https://huggingface.co'), (b'Vary', b'Origin, Accept'), (b'Access-Control-Expose-Headers', b'X-Repo-Commit,X-Request-Id,X-Error-Code,X-Error-Message,X-Total-Count,ETag,Link,Accept-Ranges,Content-Range,X-Linked-Size,X-Linked-ETag,X-Xet-Hash'), (b'X-Repo-Commit', b'3f9ac6f4546fc52d193d2b043b97b60d458ab6d7'), (b'Accept-Ranges', b'bytes'), (b'X-Hub-Cache', b'MISS'), (b'X-Linked-Size', b'78575'), (b'X-Linked-ETag', b'"8581f617c0fbf9b07c6a8feac44e56234e09d17290d00ca04a0579587ab034b1"'), (b'X-Xet-Hash', b'5b946f116a1918990f14b5ce7cc2026c7605e8da69d2ff58806f633595b5be6b'), (b'Link', b'<https://huggingface.co/api/datasets/coport-uni/FR5_task3_turn_the_sliver_air_valve_90_degress_counterclockwise/xet-read-token/3f9ac6f4546fc52d193d2b043b97b60d458ab6d7>; rel="xet-auth", <https://cas-server.xethub.hf.co/v1/reconstructions/5b946f116a1918990f14b5ce7cc2026c7605e8da69d2ff58806f633595b5be6b>; rel="xet-reconstruction-info"'), (b'X-Cache', b'Miss from cloudfront'), (b'Via', b'1.1 585f4a417478f2c595c6349bb58bcd98.cloudfront.net (CloudFront)'), (b'X-Amz-Cf-Pop', b'ICN57-P5'), (b'X-Amz-Cf-Id', b'p12HKoiQKnahwjiEzXLBS-KZbgBDrGjtcHhXXQ2VaYYtKIIwLsiDig==')])
INFO 2026-06-26 05:35:29 _client.py:1025 HTTP Request: HEAD https://huggingface.co/datasets/coport-uni/FR5_task3_turn_the_sliver_air_valve_90_degress_counterclockwise/resolve/3f9ac6f4546fc52d193d2b043b97b60d458ab6d7/meta/episodes/chunk-000/file-001.parquet "HTTP/1.1 302 Found"
DEBUG 2026-06-26 05:35:29 re/_trace.py:47 receive_response_body.started request=<Request [b'HEAD']>
DEBUG 2026-06-26 05:35:29 re/_trace.py:47 receive_response_body.complete
DEBUG 2026-06-26 05:35:29 re/_trace.py:47 response_closed.started
DEBUG 2026-06-26 05:35:29 re/_trace.py:47 response_closed.complete
DEBUG 2026-06-26 05:35:29 ock/_api.py:501 Attempting to acquire lock 130832694565040 on /root/.cache/huggingface/lerobot/coport-uni/FR5_task3_turn_the_sliver_air_valve_90_degress_counterclockwise/.cache/huggingface/download/meta/episodes/chunk-000/file-001.parquet.lock
DEBUG 2026-06-26 05:35:29 ock/_api.py:504 Lock 130832694565040 acquired on /root/.cache/huggingface/lerobot/coport-uni/FR5_task3_turn_the_sliver_air_valve_90_degress_counterclockwise/.cache/huggingface/download/meta/episodes/chunk-000/file-001.parquet.lock
DEBUG 2026-06-26 05:35:29 re/_trace.py:47 receive_response_headers.complete return_value=(b'HTTP/1.1', 302, b'Found', [(b'Content-Type', b'text/plain; charset=utf-8'), (b'Content-Length', b'1024'), (b'Connection', b'keep-alive'), (b'Date', b'Fri, 26 Jun 2026 05:35:29 GMT'), (b'Location', b'https://cas-bridge.xethub.hf.co/xet-bridge-us/6a3bd3d805d60eef965b73d1/5607dc279c31fc67aa6c7ac01815c01c05a8566407a66d409118675eb6a070b0?Expires=1782455729&Policy=eyJTdGF0ZW1lbnQiOlt7IlJlc291cmNlIjoiaHR0cHM6Ly9jYXMtYnJpZGdlLnhldGh1Yi5oZi5jby94ZXQtYnJpZGdlLXVzLzZhM2JkM2Q4MDVkNjBlZWY5NjViNzNkMS81NjA3ZGMyNzljMzFmYzY3YWE2YzdhYzAxODE1YzAxYzA1YTg1NjY0MDdhNjZkNDA5MTE4Njc1ZWI2YTA3MGIwKiIsIkNvbmRpdGlvbiI6eyJEYXRlTGVzc1RoYW4iOnsiQVdTOkVwb2NoVGltZSI6MTc4MjQ1NTcyOX19fV19&Signature=MEQCID3aDdr6h%7Eo5RT-22x1vgcY1X%7E6paVOlZmoUq9CRVSByAiAZktxYEkSFk5csn8DOsV1HwhZJSfGpoTslUIpHpMHuOQ__&Key-Pair-Id=K1LYXO563TGWFU&X-Xet-Cas-Uid=6968a8befacf9a9b049da27a&response-content-disposition=inline%3B+filename*%3DUTF-8%27%27tasks.parquet%3B+filename%3D%22tasks.parquet%22%3B&X-Amz-Algorithm=AWS4-HMAC-SHA256&X-Amz-Credential=cas%2F20260626%2Fus-east-1%2Fs3%2Faws4_request&X-Amz-Date=20260626T053529Z&X-Amz-Expires=3600&X-Amz-SignedHeaders=host&X-Amz-Signature=b9b650b5813941fe536b69fde7de2569644f5dfe6ce8d7f1c99b0600d9b3a1d3'), (b'X-Powered-By', b'huggingface-moon'), (b'X-Request-Id', b'Root=1-6a3e0fa1-43d0c7c6650bc36d0e2e71c3;ef8e07bc-9699-4735-a1ee-6c46f863bdb6'), (b'RateLimit', b'"resolvers";r=4993;t=193'), (b'RateLimit-Policy', b'"fixed window";"resolvers";q=5000;w=300'), (b'cross-origin-opener-policy', b'same-origin'), (b'Referrer-Policy', b'strict-origin-when-cross-origin'), (b'Access-Control-Max-Age', b'86400'), (b'Access-Control-Allow-Origin', b'https://huggingface.co'), (b'Vary', b'Origin, Accept'), (b'Access-Control-Expose-Headers', b'X-Repo-Commit,X-Request-Id,X-Error-Code,X-Error-Message,X-Total-Count,ETag,Link,Accept-Ranges,Content-Range,X-Linked-Size,X-Linked-ETag,X-Xet-Hash'), (b'X-Repo-Commit', b'3f9ac6f4546fc52d193d2b043b97b60d458ab6d7'), (b'Accept-Ranges', b'bytes'), (b'X-Hub-Cache', b'MISS'), (b'X-Linked-Size', b'2248'), (b'X-Linked-ETag', b'"8c09d295bc6b974ca3b717e1f2ba1b775d5a8a85f1c0281f96cf28b2d1c9f268"'), (b'X-Xet-Hash', b'5607dc279c31fc67aa6c7ac01815c01c05a8566407a66d409118675eb6a070b0'), (b'Link', b'<https://huggingface.co/api/datasets/coport-uni/FR5_task3_turn_the_sliver_air_valve_90_degress_counterclockwise/xet-read-token/3f9ac6f4546fc52d193d2b043b97b60d458ab6d7>; rel="xet-auth", <https://cas-server.xethub.hf.co/v1/reconstructions/5607dc279c31fc67aa6c7ac01815c01c05a8566407a66d409118675eb6a070b0>; rel="xet-reconstruction-info"'), (b'X-Cache', b'Miss from cloudfront'), (b'Via', b'1.1 c377d93e0938558668ec06e1f96f53e0.cloudfront.net (CloudFront)'), (b'X-Amz-Cf-Pop', b'ICN57-P5'), (b'X-Amz-Cf-Id', b'n-R7lZZLUe7vDm1nJchQCBdqvf846O40AXcffo7q5xLe4haBQF9eMg==')])
INFO 2026-06-26 05:35:29 _client.py:1025 HTTP Request: HEAD https://huggingface.co/datasets/coport-uni/FR5_task3_turn_the_sliver_air_valve_90_degress_counterclockwise/resolve/3f9ac6f4546fc52d193d2b043b97b60d458ab6d7/meta/tasks.parquet "HTTP/1.1 302 Found"
DEBUG 2026-06-26 05:35:29 re/_trace.py:47 receive_response_body.started request=<Request [b'HEAD']>
DEBUG 2026-06-26 05:35:29 re/_trace.py:47 receive_response_body.complete
DEBUG 2026-06-26 05:35:29 re/_trace.py:47 response_closed.started
DEBUG 2026-06-26 05:35:29 re/_trace.py:47 response_closed.complete
DEBUG 2026-06-26 05:35:29 ock/_api.py:501 Attempting to acquire lock 130832694719120 on /root/.cache/huggingface/lerobot/coport-uni/FR5_task3_turn_the_sliver_air_valve_90_degress_counterclockwise/.cache/huggingface/download/meta/tasks.parquet.lock
DEBUG 2026-06-26 05:35:29 ock/_api.py:504 Lock 130832694719120 acquired on /root/.cache/huggingface/lerobot/coport-uni/FR5_task3_turn_the_sliver_air_valve_90_degress_counterclockwise/.cache/huggingface/download/meta/tasks.parquet.lock
DEBUG 2026-06-26 05:35:29 re/_trace.py:47 receive_response_headers.complete return_value=(b'HTTP/1.1', 302, b'Found', [(b'Content-Type', b'text/plain; charset=utf-8'), (b'Content-Length', b'1028'), (b'Connection', b'keep-alive'), (b'Date', b'Fri, 26 Jun 2026 05:35:29 GMT'), (b'Location', b'https://cas-bridge.xethub.hf.co/xet-bridge-us/6a3bd3d805d60eef965b73d1/eebc568171493fc8c1740713f027aed0cf98e41cded41874639681f977a8c211?Expires=1782455729&Policy=eyJTdGF0ZW1lbnQiOlt7IlJlc291cmNlIjoiaHR0cHM6Ly9jYXMtYnJpZGdlLnhldGh1Yi5oZi5jby94ZXQtYnJpZGdlLXVzLzZhM2JkM2Q4MDVkNjBlZWY5NjViNzNkMS9lZWJjNTY4MTcxNDkzZmM4YzE3NDA3MTNmMDI3YWVkMGNmOThlNDFjZGVkNDE4NzQ2Mzk2ODFmOTc3YThjMjExKiIsIkNvbmRpdGlvbiI6eyJEYXRlTGVzc1RoYW4iOnsiQVdTOkVwb2NoVGltZSI6MTc4MjQ1NTcyOX19fV19&Signature=MEQCIHiaMSVCE-5UMQod9S6VFFd7isswHqdOtxMAperiZX4PAiAz%7EcrHC5U6BPgBcRoPT8NmWGnnNdJ-uvcK2Zz6yyLi2Q__&Key-Pair-Id=K1LYXO563TGWFU&response-content-disposition=inline%3B+filename*%3DUTF-8%27%27file-000.parquet%3B+filename%3D%22file-000.parquet%22%3B&X-Xet-Cas-Uid=6968a8befacf9a9b049da27a&X-Amz-Algorithm=AWS4-HMAC-SHA256&X-Amz-Credential=cas%2F20260626%2Fus-east-1%2Fs3%2Faws4_request&X-Amz-Date=20260626T053529Z&X-Amz-Expires=3600&X-Amz-SignedHeaders=host&X-Amz-Signature=679d062cf6ee682e68180714a584e22a45ddea284da1bd02784e556c751c3286'), (b'X-Powered-By', b'huggingface-moon'), (b'X-Request-Id', b'Root=1-6a3e0fa1-10d7526115168f6f52008f3e;3d34ffb7-44ae-4389-9f17-ef21a37399aa'), (b'RateLimit', b'"resolvers";r=4990;t=193'), (b'RateLimit-Policy', b'"fixed window";"resolvers";q=5000;w=300'), (b'cross-origin-opener-policy', b'same-origin'), (b'Referrer-Policy', b'strict-origin-when-cross-origin'), (b'Access-Control-Max-Age', b'86400'), (b'Access-Control-Allow-Origin', b'https://huggingface.co'), (b'Vary', b'Origin, Accept'), (b'Access-Control-Expose-Headers', b'X-Repo-Commit,X-Request-Id,X-Error-Code,X-Error-Message,X-Total-Count,ETag,Link,Accept-Ranges,Content-Range,X-Linked-Size,X-Linked-ETag,X-Xet-Hash'), (b'X-Repo-Commit', b'3f9ac6f4546fc52d193d2b043b97b60d458ab6d7'), (b'Accept-Ranges', b'bytes'), (b'X-Hub-Cache', b'MISS'), (b'X-Linked-Size', b'78700'), (b'X-Linked-ETag', b'"b16690e65d3aaf028bf13e8f4521c045e45071c37a579011bd073c67cba43b3d"'), (b'X-Xet-Hash', b'eebc568171493fc8c1740713f027aed0cf98e41cded41874639681f977a8c211'), (b'Link', b'<https://huggingface.co/api/datasets/coport-uni/FR5_task3_turn_the_sliver_air_valve_90_degress_counterclockwise/xet-read-token/3f9ac6f4546fc52d193d2b043b97b60d458ab6d7>; rel="xet-auth", <https://cas-server.xethub.hf.co/v1/reconstructions/eebc568171493fc8c1740713f027aed0cf98e41cded41874639681f977a8c211>; rel="xet-reconstruction-info"'), (b'X-Cache', b'Miss from cloudfront'), (b'Via', b'1.1 1ffaab99be603658502bc9751758efb0.cloudfront.net (CloudFront)'), (b'X-Amz-Cf-Pop', b'ICN57-P5'), (b'X-Amz-Cf-Id', b'TjNNfof3QNkxqSUJJp-T2NCbnb7ObK966f4hxcsUkgS64TaVhjPt9g==')])
INFO 2026-06-26 05:35:29 _client.py:1025 HTTP Request: HEAD https://huggingface.co/datasets/coport-uni/FR5_task3_turn_the_sliver_air_valve_90_degress_counterclockwise/resolve/3f9ac6f4546fc52d193d2b043b97b60d458ab6d7/meta/episodes/chunk-000/file-000.parquet "HTTP/1.1 302 Found"
DEBUG 2026-06-26 05:35:29 re/_trace.py:47 receive_response_body.started request=<Request [b'HEAD']>
DEBUG 2026-06-26 05:35:29 re/_trace.py:47 receive_response_body.complete
DEBUG 2026-06-26 05:35:29 re/_trace.py:47 response_closed.started
DEBUG 2026-06-26 05:35:29 re/_trace.py:47 response_closed.complete
DEBUG 2026-06-26 05:35:29 ock/_api.py:501 Attempting to acquire lock 130832694711008 on /root/.cache/huggingface/lerobot/coport-uni/FR5_task3_turn_the_sliver_air_valve_90_degress_counterclockwise/.cache/huggingface/download/meta/episodes/chunk-000/file-000.parquet.lock
DEBUG 2026-06-26 05:35:29 ock/_api.py:504 Lock 130832694711008 acquired on /root/.cache/huggingface/lerobot/coport-uni/FR5_task3_turn_the_sliver_air_valve_90_degress_counterclockwise/.cache/huggingface/download/meta/episodes/chunk-000/file-000.parquet.lock
DEBUG 2026-06-26 05:35:29 re/_trace.py:47 receive_response_headers.complete return_value=(b'HTTP/1.1', 302, b'Found', [(b'Content-Type', b'text/plain; charset=utf-8'), (b'Content-Length', b'1026'), (b'Connection', b'keep-alive'), (b'Date', b'Fri, 26 Jun 2026 05:35:29 GMT'), (b'Location', b'https://cas-bridge.xethub.hf.co/xet-bridge-us/6a3bd3d805d60eef965b73d1/e4dceb1421bef33ba1776aa626a5ad0dc0b4e2a7175b8916362cfb95f563a829?Expires=1782455729&Policy=eyJTdGF0ZW1lbnQiOlt7IlJlc291cmNlIjoiaHR0cHM6Ly9jYXMtYnJpZGdlLnhldGh1Yi5oZi5jby94ZXQtYnJpZGdlLXVzLzZhM2JkM2Q4MDVkNjBlZWY5NjViNzNkMS9lNGRjZWIxNDIxYmVmMzNiYTE3NzZhYTYyNmE1YWQwZGMwYjRlMmE3MTc1Yjg5MTYzNjJjZmI5NWY1NjNhODI5KiIsIkNvbmRpdGlvbiI6eyJEYXRlTGVzc1RoYW4iOnsiQVdTOkVwb2NoVGltZSI6MTc4MjQ1NTcyOX19fV19&Signature=MEUCIFCslYSRdBxL3nx9mJXcwGU6bNyxFaHtZqmnrs3VEqwOAiEAuSWshgn3u1hzTc4skmB410NrhhG3hEDIby2aLHvHZUc_&Key-Pair-Id=K1LYXO563TGWFU&response-content-disposition=inline%3B+filename*%3DUTF-8%27%27file-004.parquet%3B+filename%3D%22file-004.parquet%22%3B&X-Xet-Cas-Uid=6968a8befacf9a9b049da27a&X-Amz-Algorithm=AWS4-HMAC-SHA256&X-Amz-Credential=cas%2F20260626%2Fus-east-1%2Fs3%2Faws4_request&X-Amz-Date=20260626T053529Z&X-Amz-Expires=3600&X-Amz-SignedHeaders=host&X-Amz-Signature=b1d92df5861861350883b269fa35b6bc668849a35326059176a212e22b69905e'), (b'X-Powered-By', b'huggingface-moon'), (b'X-Request-Id', b'Root=1-6a3e0fa1-3859e3f57c9c4f69014c4c7b;267c9058-2333-4bb5-b878-c71e0ffce6e7'), (b'RateLimit', b'"resolvers";r=4991;t=193'), (b'RateLimit-Policy', b'"fixed window";"resolvers";q=5000;w=300'), (b'cross-origin-opener-policy', b'same-origin'), (b'Referrer-Policy', b'strict-origin-when-cross-origin'), (b'Access-Control-Max-Age', b'86400'), (b'Access-Control-Allow-Origin', b'https://huggingface.co'), (b'Vary', b'Origin, Accept'), (b'Access-Control-Expose-Headers', b'X-Repo-Commit,X-Request-Id,X-Error-Code,X-Error-Message,X-Total-Count,ETag,Link,Accept-Ranges,Content-Range,X-Linked-Size,X-Linked-ETag,X-Xet-Hash'), (b'X-Repo-Commit', b'3f9ac6f4546fc52d193d2b043b97b60d458ab6d7'), (b'Accept-Ranges', b'bytes'), (b'X-Hub-Cache', b'MISS'), (b'X-Linked-Size', b'78442'), (b'X-Linked-ETag', b'"d0ca5e8fe8c9ec74e7c2af9bec9bb635d92e261c080f057316ab314e08629ef5"'), (b'X-Xet-Hash', b'e4dceb1421bef33ba1776aa626a5ad0dc0b4e2a7175b8916362cfb95f563a829'), (b'Link', b'<https://huggingface.co/api/datasets/coport-uni/FR5_task3_turn_the_sliver_air_valve_90_degress_counterclockwise/xet-read-token/3f9ac6f4546fc52d193d2b043b97b60d458ab6d7>; rel="xet-auth", <https://cas-server.xethub.hf.co/v1/reconstructions/e4dceb1421bef33ba1776aa626a5ad0dc0b4e2a7175b8916362cfb95f563a829>; rel="xet-reconstruction-info"'), (b'X-Cache', b'Miss from cloudfront'), (b'Via', b'1.1 585f4a417478f2c595c6349bb58bcd98.cloudfront.net (CloudFront)'), (b'X-Amz-Cf-Pop', b'ICN57-P5'), (b'X-Amz-Cf-Id', b'xcis_tJ_Ff38SKvSSsEnDNhfzdaj3YcdtLVsCnOEeYidxgmxjHFQnw==')])
INFO 2026-06-26 05:35:29 _client.py:1025 HTTP Request: HEAD https://huggingface.co/datasets/coport-uni/FR5_task3_turn_the_sliver_air_valve_90_degress_counterclockwise/resolve/3f9ac6f4546fc52d193d2b043b97b60d458ab6d7/meta/episodes/chunk-000/file-004.parquet "HTTP/1.1 302 Found"
DEBUG 2026-06-26 05:35:29 re/_trace.py:47 receive_response_body.started request=<Request [b'HEAD']>
DEBUG 2026-06-26 05:35:29 re/_trace.py:47 receive_response_body.complete
DEBUG 2026-06-26 05:35:29 re/_trace.py:47 response_closed.started
DEBUG 2026-06-26 05:35:29 re/_trace.py:47 response_closed.complete
DEBUG 2026-06-26 05:35:29 ock/_api.py:501 Attempting to acquire lock 130832694941536 on /root/.cache/huggingface/lerobot/coport-uni/FR5_task3_turn_the_sliver_air_valve_90_degress_counterclockwise/.cache/huggingface/download/meta/episodes/chunk-000/file-004.parquet.lock
DEBUG 2026-06-26 05:35:29 ock/_api.py:504 Lock 130832694941536 acquired on /root/.cache/huggingface/lerobot/coport-uni/FR5_task3_turn_the_sliver_air_valve_90_degress_counterclockwise/.cache/huggingface/download/meta/episodes/chunk-000/file-004.parquet.lock
DEBUG 2026-06-26 05:35:29 re/_trace.py:47 receive_response_headers.complete return_value=(b'HTTP/1.1', 307, b'Temporary Redirect', [(b'Content-Type', b'text/plain; charset=utf-8'), (b'Content-Length', b'411'), (b'Connection', b'keep-alive'), (b'Date', b'Fri, 26 Jun 2026 05:35:29 GMT'), (b'Location', b'/api/resolve-cache/datasets/coport-uni/FR5_task3_turn_the_sliver_air_valve_90_degress_counterclockwise/3f9ac6f4546fc52d193d2b043b97b60d458ab6d7/meta%2Finfo.json?%2Fdatasets%2Fcoport-uni%2FFR5_task3_turn_the_sliver_air_valve_90_degress_counterclockwise%2Fresolve%2F3f9ac6f4546fc52d193d2b043b97b60d458ab6d7%2Fmeta%2Finfo.json=&etag=%22f6568773b36fe3b1dcdd892744033944b9d12701%22'), (b'X-Powered-By', b'huggingface-moon'), (b'X-Request-Id', b'Root=1-6a3e0fa1-3d943b706574170710d0677b;64a32b3e-ca4f-4a14-8e20-fded695b7384'), (b'RateLimit', b'"resolvers";r=4989;t=193'), (b'RateLimit-Policy', b'"fixed window";"resolvers";q=5000;w=300'), (b'cross-origin-opener-policy', b'same-origin'), (b'Referrer-Policy', b'strict-origin-when-cross-origin'), (b'Access-Control-Max-Age', b'86400'), (b'Access-Control-Allow-Origin', b'https://huggingface.co'), (b'Vary', b'Origin, Accept'), (b'Access-Control-Expose-Headers', b'X-Repo-Commit,X-Request-Id,X-Error-Code,X-Error-Message,X-Total-Count,ETag,Link,Accept-Ranges,Content-Range,X-Linked-Size,X-Linked-ETag,X-Xet-Hash'), (b'X-Repo-Commit', b'3f9ac6f4546fc52d193d2b043b97b60d458ab6d7'), (b'Accept-Ranges', b'bytes'), (b'X-Hub-Cache', b'MISS'), (b'Content-Disposition', b'inline; filename*=UTF-8\'\'info.json; filename="info.json";'), (b'Content-Security-Policy', b"default-src 'none'; sandbox"), (b'X-Linked-ETag', b'"f6568773b36fe3b1dcdd892744033944b9d12701"'), (b'X-Cache', b'Miss from cloudfront'), (b'Via', b'1.1 afd804e010ec1531be9d0e90bf49f60e.cloudfront.net (CloudFront)'), (b'X-Amz-Cf-Pop', b'ICN57-P5'), (b'X-Amz-Cf-Id', b'fb_544ZjZDrsP5T1YnMWsnrr_cf06aQ2dYplPJ_pSguGBMa9Tc4Msw==')])
INFO 2026-06-26 05:35:29 _client.py:1025 HTTP Request: HEAD https://huggingface.co/datasets/coport-uni/FR5_task3_turn_the_sliver_air_valve_90_degress_counterclockwise/resolve/3f9ac6f4546fc52d193d2b043b97b60d458ab6d7/meta/info.json "HTTP/1.1 307 Temporary Redirect"
DEBUG 2026-06-26 05:35:29 re/_trace.py:47 receive_response_body.started request=<Request [b'HEAD']>
DEBUG 2026-06-26 05:35:29 re/_trace.py:47 receive_response_body.complete
DEBUG 2026-06-26 05:35:29 re/_trace.py:47 response_closed.started
DEBUG 2026-06-26 05:35:29 re/_trace.py:47 response_closed.complete
DEBUG 2026-06-26 05:35:29 re/_trace.py:47 send_request_headers.started request=<Request [b'HEAD']>
DEBUG 2026-06-26 05:35:29 re/_trace.py:47 send_request_headers.complete
DEBUG 2026-06-26 05:35:29 re/_trace.py:47 send_request_body.started request=<Request [b'HEAD']>
DEBUG 2026-06-26 05:35:29 re/_trace.py:47 send_request_body.complete
DEBUG 2026-06-26 05:35:29 re/_trace.py:47 receive_response_headers.started request=<Request [b'HEAD']>
DEBUG 2026-06-26 05:35:30 re/_trace.py:47 receive_response_headers.complete return_value=(b'HTTP/1.1', 200, b'OK', [(b'Content-Type', b'text/plain; charset=utf-8'), (b'Content-Length', b'16659'), (b'Connection', b'keep-alive'), (b'Date', b'Fri, 26 Jun 2026 05:35:30 GMT'), (b'ETag', b'"1214d3ca3be99c9df7a21111e60ad268b3dba741"'), (b'X-Powered-By', b'huggingface-moon'), (b'X-Request-Id', b'Root=1-6a3e0fa2-0f4f5d0c209e28cd6e06cac8;c4ebcc27-69fc-4e66-bb7f-7276c6b744f6'), (b'RateLimit', b'"resolvers";r=4988;t=192'), (b'RateLimit-Policy', b'"fixed window";"resolvers";q=5000;w=300'), (b'cross-origin-opener-policy', b'same-origin'), (b'Referrer-Policy', b'strict-origin-when-cross-origin'), (b'Access-Control-Max-Age', b'86400'), (b'Access-Control-Allow-Origin', b'https://huggingface.co'), (b'Access-Control-Expose-Headers', b'X-Repo-Commit,X-Request-Id,X-Error-Code,X-Error-Message,X-Total-Count,ETag,Link,Accept-Ranges,Content-Range,X-Linked-Size,X-Linked-ETag,X-Xet-Hash'), (b'X-Repo-Commit', b'3f9ac6f4546fc52d193d2b043b97b60d458ab6d7'), (b'Accept-Ranges', b'bytes'), (b'X-Hub-Cache', b'MISS'), (b'Content-Disposition', b'inline; filename*=UTF-8\'\'stats.json; filename="stats.json";'), (b'Content-Security-Policy', b"default-src 'none'; sandbox"), (b'Vary', b'Origin'), (b'X-Cache', b'Miss from cloudfront'), (b'Via', b'1.1 37c31ae647e34e692a37bcfb149c2802.cloudfront.net (CloudFront)'), (b'X-Amz-Cf-Pop', b'ICN57-P5'), (b'X-Amz-Cf-Id', b'4RS-2zwiVjq0gOUoB7w8-VAtcnzDdZKEgQDyy5oevulwIDPDM6-Pqw==')])
INFO 2026-06-26 05:35:30 _client.py:1025 HTTP Request: HEAD https://huggingface.co/api/resolve-cache/datasets/coport-uni/FR5_task3_turn_the_sliver_air_valve_90_degress_counterclockwise/3f9ac6f4546fc52d193d2b043b97b60d458ab6d7/meta%2Fstats.json "HTTP/1.1 200 OK"
DEBUG 2026-06-26 05:35:30 re/_trace.py:47 receive_response_body.started request=<Request [b'HEAD']>
DEBUG 2026-06-26 05:35:30 re/_trace.py:47 receive_response_body.complete
DEBUG 2026-06-26 05:35:30 re/_trace.py:47 response_closed.started
DEBUG 2026-06-26 05:35:30 re/_trace.py:47 response_closed.complete
DEBUG 2026-06-26 05:35:30 ock/_api.py:501 Attempting to acquire lock 130832694561152 on /root/.cache/huggingface/lerobot/coport-uni/FR5_task3_turn_the_sliver_air_valve_90_degress_counterclockwise/.cache/huggingface/download/meta/stats.json.lock
DEBUG 2026-06-26 05:35:30 ock/_api.py:504 Lock 130832694561152 acquired on /root/.cache/huggingface/lerobot/coport-uni/FR5_task3_turn_the_sliver_air_valve_90_degress_counterclockwise/.cache/huggingface/download/meta/stats.json.lock
DEBUG 2026-06-26 05:35:30 re/_trace.py:47 send_request_headers.started request=<Request [b'GET']>
DEBUG 2026-06-26 05:35:30 re/_trace.py:47 send_request_headers.complete
DEBUG 2026-06-26 05:35:30 re/_trace.py:47 send_request_body.started request=<Request [b'GET']>
DEBUG 2026-06-26 05:35:30 re/_trace.py:47 send_request_body.complete
DEBUG 2026-06-26 05:35:30 re/_trace.py:47 receive_response_headers.started request=<Request [b'GET']>
DEBUG 2026-06-26 05:35:30 re/_trace.py:47 receive_response_headers.complete return_value=(b'HTTP/1.1', 200, b'OK', [(b'Content-Type', b'text/plain; charset=utf-8'), (b'Content-Length', b'3882'), (b'Connection', b'keep-alive'), (b'Date', b'Fri, 26 Jun 2026 05:35:30 GMT'), (b'ETag', b'"f6568773b36fe3b1dcdd892744033944b9d12701"'), (b'X-Powered-By', b'huggingface-moon'), (b'X-Request-Id', b'Root=1-6a3e0fa2-0f3bc99a0134fc0623d561fe;43708215-b5bb-452c-917f-e3b188311c96'), (b'RateLimit', b'"resolvers";r=4987;t=192'), (b'RateLimit-Policy', b'"fixed window";"resolvers";q=5000;w=300'), (b'cross-origin-opener-policy', b'same-origin'), (b'Referrer-Policy', b'strict-origin-when-cross-origin'), (b'Access-Control-Max-Age', b'86400'), (b'Access-Control-Allow-Origin', b'https://huggingface.co'), (b'Access-Control-Expose-Headers', b'X-Repo-Commit,X-Request-Id,X-Error-Code,X-Error-Message,X-Total-Count,ETag,Link,Accept-Ranges,Content-Range,X-Linked-Size,X-Linked-ETag,X-Xet-Hash'), (b'X-Repo-Commit', b'3f9ac6f4546fc52d193d2b043b97b60d458ab6d7'), (b'Accept-Ranges', b'bytes'), (b'X-Hub-Cache', b'MISS'), (b'Content-Disposition', b'inline; filename*=UTF-8\'\'info.json; filename="info.json";'), (b'Content-Security-Policy', b"default-src 'none'; sandbox"), (b'Vary', b'Origin'), (b'X-Cache', b'Miss from cloudfront'), (b'Via', b'1.1 1ffaab99be603658502bc9751758efb0.cloudfront.net (CloudFront)'), (b'X-Amz-Cf-Pop', b'ICN57-P5'), (b'X-Amz-Cf-Id', b'Z3v_udE9Vy0I2CJnqQbC9cQNJXM12-vuWmbn-UNZjpWaeG3ECHsbOA==')])
INFO 2026-06-26 05:35:30 _client.py:1025 HTTP Request: HEAD https://huggingface.co/api/resolve-cache/datasets/coport-uni/FR5_task3_turn_the_sliver_air_valve_90_degress_counterclockwise/3f9ac6f4546fc52d193d2b043b97b60d458ab6d7/meta%2Finfo.json "HTTP/1.1 200 OK"
DEBUG 2026-06-26 05:35:30 re/_trace.py:47 receive_response_body.started request=<Request [b'HEAD']>
DEBUG 2026-06-26 05:35:30 re/_trace.py:47 receive_response_body.complete
DEBUG 2026-06-26 05:35:30 re/_trace.py:47 response_closed.started
DEBUG 2026-06-26 05:35:30 re/_trace.py:47 response_closed.complete
DEBUG 2026-06-26 05:35:30 ock/_api.py:501 Attempting to acquire lock 130832694711200 on /root/.cache/huggingface/lerobot/coport-uni/FR5_task3_turn_the_sliver_air_valve_90_degress_counterclockwise/.cache/huggingface/download/meta/info.json.lock
DEBUG 2026-06-26 05:35:30 ock/_api.py:504 Lock 130832694711200 acquired on /root/.cache/huggingface/lerobot/coport-uni/FR5_task3_turn_the_sliver_air_valve_90_degress_counterclockwise/.cache/huggingface/download/meta/info.json.lock
DEBUG 2026-06-26 05:35:30 re/_trace.py:47 send_request_headers.started request=<Request [b'GET']>
DEBUG 2026-06-26 05:35:30 re/_trace.py:47 send_request_headers.complete
DEBUG 2026-06-26 05:35:30 re/_trace.py:47 send_request_body.started request=<Request [b'GET']>
DEBUG 2026-06-26 05:35:30 re/_trace.py:47 send_request_body.complete
DEBUG 2026-06-26 05:35:30 re/_trace.py:47 receive_response_headers.started request=<Request [b'GET']>
DEBUG 2026-06-26 05:35:30 re/_trace.py:47 receive_response_headers.complete return_value=(b'HTTP/1.1', 200, b'OK', [(b'Content-Type', b'text/plain; charset=utf-8'), (b'Transfer-Encoding', b'chunked'), (b'Connection', b'keep-alive'), (b'Date', b'Fri, 26 Jun 2026 05:35:30 GMT'), (b'Content-Encoding', b'gzip'), (b'ETag', b'W/"1214d3ca3be99c9df7a21111e60ad268b3dba741"'), (b'X-Powered-By', b'huggingface-moon'), (b'X-Request-Id', b'Root=1-6a3e0fa2-2dfc9c251c784fa278504dab;a112c6e2-2611-4af2-b2f8-74b9e5f2d5e8'), (b'RateLimit', b'"resolvers";r=4986;t=192'), (b'RateLimit-Policy', b'"fixed window";"resolvers";q=5000;w=300'), (b'cross-origin-opener-policy', b'same-origin'), (b'Referrer-Policy', b'strict-origin-when-cross-origin'), (b'Access-Control-Max-Age', b'86400'), (b'Access-Control-Allow-Origin', b'https://huggingface.co'), (b'Access-Control-Expose-Headers', b'X-Repo-Commit,X-Request-Id,X-Error-Code,X-Error-Message,X-Total-Count,ETag,Link,Accept-Ranges,Content-Range,X-Linked-Size,X-Linked-ETag,X-Xet-Hash'), (b'X-Repo-Commit', b'3f9ac6f4546fc52d193d2b043b97b60d458ab6d7'), (b'Content-Security-Policy', b"default-src 'none'; sandbox"), (b'Content-Disposition', b'inline; filename*=UTF-8\'\'stats.json; filename="stats.json";'), (b'Vary', b'Origin,Accept-Encoding'), (b'X-Cache', b'Miss from cloudfront'), (b'Via', b'1.1 37c31ae647e34e692a37bcfb149c2802.cloudfront.net (CloudFront)'), (b'X-Amz-Cf-Pop', b'ICN57-P5'), (b'X-Amz-Cf-Id', b'Wg2KnIGKkPc0ECmVqmBQamhZPG260UUFJEbFZZHBj3sly_8fo-n_sg==')])
INFO 2026-06-26 05:35:30 _client.py:1025 HTTP Request: GET https://huggingface.co/api/resolve-cache/datasets/coport-uni/FR5_task3_turn_the_sliver_air_valve_90_degress_counterclockwise/3f9ac6f4546fc52d193d2b043b97b60d458ab6d7/meta%2Fstats.json "HTTP/1.1 200 OK"
DEBUG 2026-06-26 05:35:30 re/_trace.py:47 receive_response_body.started request=<Request [b'GET']>
DEBUG 2026-06-26 05:35:30 re/_trace.py:47 receive_response_body.complete
DEBUG 2026-06-26 05:35:30 re/_trace.py:47 response_closed.started
DEBUG 2026-06-26 05:35:30 re/_trace.py:47 response_closed.complete
DEBUG 2026-06-26 05:35:30 ock/_api.py:541 Attempting to release lock 130832694561152 on /root/.cache/huggingface/lerobot/coport-uni/FR5_task3_turn_the_sliver_air_valve_90_degress_counterclockwise/.cache/huggingface/download/meta/stats.json.lock
DEBUG 2026-06-26 05:35:30 ock/_api.py:545 Lock 130832694561152 released on /root/.cache/huggingface/lerobot/coport-uni/FR5_task3_turn_the_sliver_air_valve_90_degress_counterclockwise/.cache/huggingface/download/meta/stats.json.lock
DEBUG 2026-06-26 05:35:30 ock/_api.py:501 Attempting to acquire lock 130832694561152 on /root/.cache/huggingface/lerobot/coport-uni/FR5_task3_turn_the_sliver_air_valve_90_degress_counterclockwise/.cache/huggingface/download/meta/stats.json.lock
DEBUG 2026-06-26 05:35:30 ock/_api.py:504 Lock 130832694561152 acquired on /root/.cache/huggingface/lerobot/coport-uni/FR5_task3_turn_the_sliver_air_valve_90_degress_counterclockwise/.cache/huggingface/download/meta/stats.json.lock
DEBUG 2026-06-26 05:35:30 ock/_api.py:541 Attempting to release lock 130832694561152 on /root/.cache/huggingface/lerobot/coport-uni/FR5_task3_turn_the_sliver_air_valve_90_degress_counterclockwise/.cache/huggingface/download/meta/stats.json.lock
DEBUG 2026-06-26 05:35:30 ock/_api.py:545 Lock 130832694561152 released on /root/.cache/huggingface/lerobot/coport-uni/FR5_task3_turn_the_sliver_air_valve_90_degress_counterclockwise/.cache/huggingface/download/meta/stats.json.lock
DEBUG 2026-06-26 05:35:30 re/_trace.py:47 receive_response_headers.complete return_value=(b'HTTP/1.1', 200, b'OK', [(b'Content-Type', b'text/plain; charset=utf-8'), (b'Transfer-Encoding', b'chunked'), (b'Connection', b'keep-alive'), (b'Date', b'Fri, 26 Jun 2026 05:35:30 GMT'), (b'Content-Encoding', b'gzip'), (b'ETag', b'W/"f6568773b36fe3b1dcdd892744033944b9d12701"'), (b'X-Powered-By', b'huggingface-moon'), (b'X-Request-Id', b'Root=1-6a3e0fa2-7b861f297f3919a33c02ac7f;961b8277-4ea7-4ced-a423-a6b30c6e3477'), (b'RateLimit', b'"resolvers";r=4985;t=192'), (b'RateLimit-Policy', b'"fixed window";"resolvers";q=5000;w=300'), (b'cross-origin-opener-policy', b'same-origin'), (b'Referrer-Policy', b'strict-origin-when-cross-origin'), (b'Access-Control-Max-Age', b'86400'), (b'Access-Control-Allow-Origin', b'https://huggingface.co'), (b'Access-Control-Expose-Headers', b'X-Repo-Commit,X-Request-Id,X-Error-Code,X-Error-Message,X-Total-Count,ETag,Link,Accept-Ranges,Content-Range,X-Linked-Size,X-Linked-ETag,X-Xet-Hash'), (b'X-Repo-Commit', b'3f9ac6f4546fc52d193d2b043b97b60d458ab6d7'), (b'Content-Security-Policy', b"default-src 'none'; sandbox"), (b'Content-Disposition', b'inline; filename*=UTF-8\'\'info.json; filename="info.json";'), (b'Vary', b'Origin,Accept-Encoding'), (b'X-Cache', b'Miss from cloudfront'), (b'Via', b'1.1 1ffaab99be603658502bc9751758efb0.cloudfront.net (CloudFront)'), (b'X-Amz-Cf-Pop', b'ICN57-P5'), (b'X-Amz-Cf-Id', b'LIZocF4p96VoYZwHZ9Hjp0Ybohzc9iyLytYAHTgaskIvTCXpbdDNzA==')])
INFO 2026-06-26 05:35:30 _client.py:1025 HTTP Request: GET https://huggingface.co/api/resolve-cache/datasets/coport-uni/FR5_task3_turn_the_sliver_air_valve_90_degress_counterclockwise/3f9ac6f4546fc52d193d2b043b97b60d458ab6d7/meta%2Finfo.json "HTTP/1.1 200 OK"
DEBUG 2026-06-26 05:35:30 re/_trace.py:47 receive_response_body.started request=<Request [b'GET']>
DEBUG 2026-06-26 05:35:30 re/_trace.py:47 receive_response_body.complete
DEBUG 2026-06-26 05:35:30 re/_trace.py:47 response_closed.started
DEBUG 2026-06-26 05:35:30 re/_trace.py:47 response_closed.complete
DEBUG 2026-06-26 05:35:30 ock/_api.py:541 Attempting to release lock 130832694711200 on /root/.cache/huggingface/lerobot/coport-uni/FR5_task3_turn_the_sliver_air_valve_90_degress_counterclockwise/.cache/huggingface/download/meta/info.json.lock
DEBUG 2026-06-26 05:35:30 ock/_api.py:545 Lock 130832694711200 released on /root/.cache/huggingface/lerobot/coport-uni/FR5_task3_turn_the_sliver_air_valve_90_degress_counterclockwise/.cache/huggingface/download/meta/info.json.lock
DEBUG 2026-06-26 05:35:30 ock/_api.py:501 Attempting to acquire lock 130832694944944 on /root/.cache/huggingface/lerobot/coport-uni/FR5_task3_turn_the_sliver_air_valve_90_degress_counterclockwise/.cache/huggingface/download/meta/info.json.lock
DEBUG 2026-06-26 05:35:30 ock/_api.py:504 Lock 130832694944944 acquired on /root/.cache/huggingface/lerobot/coport-uni/FR5_task3_turn_the_sliver_air_valve_90_degress_counterclockwise/.cache/huggingface/download/meta/info.json.lock
DEBUG 2026-06-26 05:35:30 ock/_api.py:541 Attempting to release lock 130832694944944 on /root/.cache/huggingface/lerobot/coport-uni/FR5_task3_turn_the_sliver_air_valve_90_degress_counterclockwise/.cache/huggingface/download/meta/info.json.lock
DEBUG 2026-06-26 05:35:30 ock/_api.py:545 Lock 130832694944944 released on /root/.cache/huggingface/lerobot/coport-uni/FR5_task3_turn_the_sliver_air_valve_90_degress_counterclockwise/.cache/huggingface/download/meta/info.json.lock
DEBUG 2026-06-26 05:35:32 ock/_api.py:541 Attempting to release lock 130832694566768 on /root/.cache/huggingface/lerobot/coport-uni/FR5_task3_turn_the_sliver_air_valve_90_degress_counterclockwise/.cache/huggingface/download/meta/episodes/chunk-000/file-002.parquet.lock
DEBUG 2026-06-26 05:35:32 ock/_api.py:541 Attempting to release lock 130832694719120 on /root/.cache/huggingface/lerobot/coport-uni/FR5_task3_turn_the_sliver_air_valve_90_degress_counterclockwise/.cache/huggingface/download/meta/tasks.parquet.lock
DEBUG 2026-06-26 05:35:32 ock/_api.py:541 Attempting to release lock 130832694561104 on /root/.cache/huggingface/lerobot/coport-uni/FR5_task3_turn_the_sliver_air_valve_90_degress_counterclockwise/.cache/huggingface/download/meta/episodes/chunk-000/file-003.parquet.lock
DEBUG 2026-06-26 05:35:32 ock/_api.py:541 Attempting to release lock 130832694565040 on /root/.cache/huggingface/lerobot/coport-uni/FR5_task3_turn_the_sliver_air_valve_90_degress_counterclockwise/.cache/huggingface/download/meta/episodes/chunk-000/file-001.parquet.lock
DEBUG 2026-06-26 05:35:32 ock/_api.py:545 Lock 130832694719120 released on /root/.cache/huggingface/lerobot/coport-uni/FR5_task3_turn_the_sliver_air_valve_90_degress_counterclockwise/.cache/huggingface/download/meta/tasks.parquet.lock
DEBUG 2026-06-26 05:35:32 ock/_api.py:545 Lock 130832694566768 released on /root/.cache/huggingface/lerobot/coport-uni/FR5_task3_turn_the_sliver_air_valve_90_degress_counterclockwise/.cache/huggingface/download/meta/episodes/chunk-000/file-002.parquet.lock
DEBUG 2026-06-26 05:35:32 ock/_api.py:545 Lock 130832694561104 released on /root/.cache/huggingface/lerobot/coport-uni/FR5_task3_turn_the_sliver_air_valve_90_degress_counterclockwise/.cache/huggingface/download/meta/episodes/chunk-000/file-003.parquet.lock
DEBUG 2026-06-26 05:35:32 ock/_api.py:501 Attempting to acquire lock 130832694566768 on /root/.cache/huggingface/lerobot/coport-uni/FR5_task3_turn_the_sliver_air_valve_90_degress_counterclockwise/.cache/huggingface/download/meta/tasks.parquet.lock
DEBUG 2026-06-26 05:35:32 ock/_api.py:545 Lock 130832694565040 released on /root/.cache/huggingface/lerobot/coport-uni/FR5_task3_turn_the_sliver_air_valve_90_degress_counterclockwise/.cache/huggingface/download/meta/episodes/chunk-000/file-001.parquet.lock
DEBUG 2026-06-26 05:35:32 ock/_api.py:504 Lock 130832694566768 acquired on /root/.cache/huggingface/lerobot/coport-uni/FR5_task3_turn_the_sliver_air_valve_90_degress_counterclockwise/.cache/huggingface/download/meta/tasks.parquet.lock
DEBUG 2026-06-26 05:35:32 ock/_api.py:501 Attempting to acquire lock 130832694567680 on /root/.cache/huggingface/lerobot/coport-uni/FR5_task3_turn_the_sliver_air_valve_90_degress_counterclockwise/.cache/huggingface/download/meta/episodes/chunk-000/file-002.parquet.lock
DEBUG 2026-06-26 05:35:32 ock/_api.py:501 Attempting to acquire lock 130832694717200 on /root/.cache/huggingface/lerobot/coport-uni/FR5_task3_turn_the_sliver_air_valve_90_degress_counterclockwise/.cache/huggingface/download/meta/episodes/chunk-000/file-003.parquet.lock
DEBUG 2026-06-26 05:35:32 ock/_api.py:541 Attempting to release lock 130832694711008 on /root/.cache/huggingface/lerobot/coport-uni/FR5_task3_turn_the_sliver_air_valve_90_degress_counterclockwise/.cache/huggingface/download/meta/episodes/chunk-000/file-000.parquet.lock
DEBUG 2026-06-26 05:35:32 ock/_api.py:541 Attempting to release lock 130832694566768 on /root/.cache/huggingface/lerobot/coport-uni/FR5_task3_turn_the_sliver_air_valve_90_degress_counterclockwise/.cache/huggingface/download/meta/tasks.parquet.lock
DEBUG 2026-06-26 05:35:32 ock/_api.py:504 Lock 130832694567680 acquired on /root/.cache/huggingface/lerobot/coport-uni/FR5_task3_turn_the_sliver_air_valve_90_degress_counterclockwise/.cache/huggingface/download/meta/episodes/chunk-000/file-002.parquet.lock
DEBUG 2026-06-26 05:35:32 ock/_api.py:504 Lock 130832694717200 acquired on /root/.cache/huggingface/lerobot/coport-uni/FR5_task3_turn_the_sliver_air_valve_90_degress_counterclockwise/.cache/huggingface/download/meta/episodes/chunk-000/file-003.parquet.lock
DEBUG 2026-06-26 05:35:32 ock/_api.py:501 Attempting to acquire lock 130832694565952 on /root/.cache/huggingface/lerobot/coport-uni/FR5_task3_turn_the_sliver_air_valve_90_degress_counterclockwise/.cache/huggingface/download/meta/episodes/chunk-000/file-001.parquet.lock
DEBUG 2026-06-26 05:35:32 ock/_api.py:545 Lock 130832694566768 released on /root/.cache/huggingface/lerobot/coport-uni/FR5_task3_turn_the_sliver_air_valve_90_degress_counterclockwise/.cache/huggingface/download/meta/tasks.parquet.lock
DEBUG 2026-06-26 05:35:32 ock/_api.py:541 Attempting to release lock 130832694567680 on /root/.cache/huggingface/lerobot/coport-uni/FR5_task3_turn_the_sliver_air_valve_90_degress_counterclockwise/.cache/huggingface/download/meta/episodes/chunk-000/file-002.parquet.lock
DEBUG 2026-06-26 05:35:32 ock/_api.py:541 Attempting to release lock 130832694717200 on /root/.cache/huggingface/lerobot/coport-uni/FR5_task3_turn_the_sliver_air_valve_90_degress_counterclockwise/.cache/huggingface/download/meta/episodes/chunk-000/file-003.parquet.lock
DEBUG 2026-06-26 05:35:32 ock/_api.py:545 Lock 130832694711008 released on /root/.cache/huggingface/lerobot/coport-uni/FR5_task3_turn_the_sliver_air_valve_90_degress_counterclockwise/.cache/huggingface/download/meta/episodes/chunk-000/file-000.parquet.lock
DEBUG 2026-06-26 05:35:32 ock/_api.py:504 Lock 130832694565952 acquired on /root/.cache/huggingface/lerobot/coport-uni/FR5_task3_turn_the_sliver_air_valve_90_degress_counterclockwise/.cache/huggingface/download/meta/episodes/chunk-000/file-001.parquet.lock
DEBUG 2026-06-26 05:35:32 ock/_api.py:545 Lock 130832694567680 released on /root/.cache/huggingface/lerobot/coport-uni/FR5_task3_turn_the_sliver_air_valve_90_degress_counterclockwise/.cache/huggingface/download/meta/episodes/chunk-000/file-002.parquet.lock
DEBUG 2026-06-26 05:35:32 ock/_api.py:501 Attempting to acquire lock 130832694851584 on /root/.cache/huggingface/lerobot/coport-uni/FR5_task3_turn_the_sliver_air_valve_90_degress_counterclockwise/.cache/huggingface/download/meta/episodes/chunk-000/file-000.parquet.lock
DEBUG 2026-06-26 05:35:32 ock/_api.py:545 Lock 130832694717200 released on /root/.cache/huggingface/lerobot/coport-uni/FR5_task3_turn_the_sliver_air_valve_90_degress_counterclockwise/.cache/huggingface/download/meta/episodes/chunk-000/file-003.parquet.lock
DEBUG 2026-06-26 05:35:32 ock/_api.py:541 Attempting to release lock 130832694565952 on /root/.cache/huggingface/lerobot/coport-uni/FR5_task3_turn_the_sliver_air_valve_90_degress_counterclockwise/.cache/huggingface/download/meta/episodes/chunk-000/file-001.parquet.lock
DEBUG 2026-06-26 05:35:32 ock/_api.py:504 Lock 130832694851584 acquired on /root/.cache/huggingface/lerobot/coport-uni/FR5_task3_turn_the_sliver_air_valve_90_degress_counterclockwise/.cache/huggingface/download/meta/episodes/chunk-000/file-000.parquet.lock
DEBUG 2026-06-26 05:35:32 ock/_api.py:545 Lock 130832694565952 released on /root/.cache/huggingface/lerobot/coport-uni/FR5_task3_turn_the_sliver_air_valve_90_degress_counterclockwise/.cache/huggingface/download/meta/episodes/chunk-000/file-001.parquet.lock
DEBUG 2026-06-26 05:35:32 ock/_api.py:541 Attempting to release lock 130832694941536 on /root/.cache/huggingface/lerobot/coport-uni/FR5_task3_turn_the_sliver_air_valve_90_degress_counterclockwise/.cache/huggingface/download/meta/episodes/chunk-000/file-004.parquet.lock
DEBUG 2026-06-26 05:35:32 ock/_api.py:541 Attempting to release lock 130832694851584 on /root/.cache/huggingface/lerobot/coport-uni/FR5_task3_turn_the_sliver_air_valve_90_degress_counterclockwise/.cache/huggingface/download/meta/episodes/chunk-000/file-000.parquet.lock
DEBUG 2026-06-26 05:35:32 ock/_api.py:545 Lock 130832694851584 released on /root/.cache/huggingface/lerobot/coport-uni/FR5_task3_turn_the_sliver_air_valve_90_degress_counterclockwise/.cache/huggingface/download/meta/episodes/chunk-000/file-000.parquet.lock
DEBUG 2026-06-26 05:35:32 ock/_api.py:545 Lock 130832694941536 released on /root/.cache/huggingface/lerobot/coport-uni/FR5_task3_turn_the_sliver_air_valve_90_degress_counterclockwise/.cache/huggingface/download/meta/episodes/chunk-000/file-004.parquet.lock
DEBUG 2026-06-26 05:35:32 ock/_api.py:501 Attempting to acquire lock 130832694710192 on /root/.cache/huggingface/lerobot/coport-uni/FR5_task3_turn_the_sliver_air_valve_90_degress_counterclockwise/.cache/huggingface/download/meta/episodes/chunk-000/file-004.parquet.lock
DEBUG 2026-06-26 05:35:32 ock/_api.py:504 Lock 130832694710192 acquired on /root/.cache/huggingface/lerobot/coport-uni/FR5_task3_turn_the_sliver_air_valve_90_degress_counterclockwise/.cache/huggingface/download/meta/episodes/chunk-000/file-004.parquet.lock
DEBUG 2026-06-26 05:35:32 ock/_api.py:541 Attempting to release lock 130832694710192 on /root/.cache/huggingface/lerobot/coport-uni/FR5_task3_turn_the_sliver_air_valve_90_degress_counterclockwise/.cache/huggingface/download/meta/episodes/chunk-000/file-004.parquet.lock
DEBUG 2026-06-26 05:35:32 ock/_api.py:545 Lock 130832694710192 released on /root/.cache/huggingface/lerobot/coport-uni/FR5_task3_turn_the_sliver_air_valve_90_degress_counterclockwise/.cache/huggingface/download/meta/episodes/chunk-000/file-004.parquet.lock
DEBUG 2026-06-26 05:35:32 ock/_api.py:501 Attempting to acquire lock 130841672366560 on /root/.cache/huggingface/datasets/_root_.cache_huggingface_datasets_parquet_default-6aa6fdf93016ea2d_0.0.0_ec3958b52035e87929642b609b5a781870321434b151a14fbe8fd5a26ff494bb.lock
DEBUG 2026-06-26 05:35:32 ock/_api.py:504 Lock 130841672366560 acquired on /root/.cache/huggingface/datasets/_root_.cache_huggingface_datasets_parquet_default-6aa6fdf93016ea2d_0.0.0_ec3958b52035e87929642b609b5a781870321434b151a14fbe8fd5a26ff494bb.lock
DEBUG 2026-06-26 05:35:32 ock/_api.py:541 Attempting to release lock 130841672366560 on /root/.cache/huggingface/datasets/_root_.cache_huggingface_datasets_parquet_default-6aa6fdf93016ea2d_0.0.0_ec3958b52035e87929642b609b5a781870321434b151a14fbe8fd5a26ff494bb.lock
DEBUG 2026-06-26 05:35:32 ock/_api.py:545 Lock 130841672366560 released on /root/.cache/huggingface/datasets/_root_.cache_huggingface_datasets_parquet_default-6aa6fdf93016ea2d_0.0.0_ec3958b52035e87929642b609b5a781870321434b151a14fbe8fd5a26ff494bb.lock
DEBUG 2026-06-26 05:35:32 ock/_api.py:501 Attempting to acquire lock 130841666718800 on /root/.cache/huggingface/datasets/parquet/default-6aa6fdf93016ea2d/0.0.0/ec3958b52035e87929642b609b5a781870321434b151a14fbe8fd5a26ff494bb_builder.lock
DEBUG 2026-06-26 05:35:32 ock/_api.py:504 Lock 130841666718800 acquired on /root/.cache/huggingface/datasets/parquet/default-6aa6fdf93016ea2d/0.0.0/ec3958b52035e87929642b609b5a781870321434b151a14fbe8fd5a26ff494bb_builder.lock
DEBUG 2026-06-26 05:35:32 ns/local.py:383 open file: /root/.cache/huggingface/datasets/parquet/default-6aa6fdf93016ea2d/0.0.0/ec3958b52035e87929642b609b5a781870321434b151a14fbe8fd5a26ff494bb.incomplete/parquet-train-00000-00000-of-NNNNN.arrow
DEBUG 2026-06-26 05:35:32 ock/_api.py:501 Attempting to acquire lock 130841666266000 on /root/.cache/huggingface/datasets/parquet/default-6aa6fdf93016ea2d/0.0.0/ec3958b52035e87929642b609b5a781870321434b151a14fbe8fd5a26ff494bb.incomplete_info.lock
DEBUG 2026-06-26 05:35:32 ock/_api.py:504 Lock 130841666266000 acquired on /root/.cache/huggingface/datasets/parquet/default-6aa6fdf93016ea2d/0.0.0/ec3958b52035e87929642b609b5a781870321434b151a14fbe8fd5a26ff494bb.incomplete_info.lock
DEBUG 2026-06-26 05:35:32 ns/local.py:383 open file: /root/.cache/huggingface/datasets/parquet/default-6aa6fdf93016ea2d/0.0.0/ec3958b52035e87929642b609b5a781870321434b151a14fbe8fd5a26ff494bb.incomplete/dataset_info.json
DEBUG 2026-06-26 05:35:32 ock/_api.py:541 Attempting to release lock 130841666266000 on /root/.cache/huggingface/datasets/parquet/default-6aa6fdf93016ea2d/0.0.0/ec3958b52035e87929642b609b5a781870321434b151a14fbe8fd5a26ff494bb.incomplete_info.lock
DEBUG 2026-06-26 05:35:32 ock/_api.py:545 Lock 130841666266000 released on /root/.cache/huggingface/datasets/parquet/default-6aa6fdf93016ea2d/0.0.0/ec3958b52035e87929642b609b5a781870321434b151a14fbe8fd5a26ff494bb.incomplete_info.lock
DEBUG 2026-06-26 05:35:32 ock/_api.py:541 Attempting to release lock 130841666718800 on /root/.cache/huggingface/datasets/parquet/default-6aa6fdf93016ea2d/0.0.0/ec3958b52035e87929642b609b5a781870321434b151a14fbe8fd5a26ff494bb_builder.lock
DEBUG 2026-06-26 05:35:32 ock/_api.py:545 Lock 130841666718800 released on /root/.cache/huggingface/datasets/parquet/default-6aa6fdf93016ea2d/0.0.0/ec3958b52035e87929642b609b5a781870321434b151a14fbe8fd5a26ff494bb_builder.lock
INFO 2026-06-26 05:35:32 eo_utils.py:108 Using video codec: libsvtav1
DEBUG 2026-06-26 05:35:32 ock/_api.py:501 Attempting to acquire lock 130841553721520 on /root/.cache/huggingface/datasets/_root_.cache_huggingface_datasets_parquet_default-6aa6fdf93016ea2d_0.0.0_ec3958b52035e87929642b609b5a781870321434b151a14fbe8fd5a26ff494bb.lock
DEBUG 2026-06-26 05:35:32 ock/_api.py:504 Lock 130841553721520 acquired on /root/.cache/huggingface/datasets/_root_.cache_huggingface_datasets_parquet_default-6aa6fdf93016ea2d_0.0.0_ec3958b52035e87929642b609b5a781870321434b151a14fbe8fd5a26ff494bb.lock
DEBUG 2026-06-26 05:35:32 ns/local.py:383 open file: /root/.cache/huggingface/datasets/parquet/default-6aa6fdf93016ea2d/0.0.0/ec3958b52035e87929642b609b5a781870321434b151a14fbe8fd5a26ff494bb/dataset_info.json
DEBUG 2026-06-26 05:35:32 ock/_api.py:541 Attempting to release lock 130841553721520 on /root/.cache/huggingface/datasets/_root_.cache_huggingface_datasets_parquet_default-6aa6fdf93016ea2d_0.0.0_ec3958b52035e87929642b609b5a781870321434b151a14fbe8fd5a26ff494bb.lock
DEBUG 2026-06-26 05:35:32 ock/_api.py:545 Lock 130841553721520 released on /root/.cache/huggingface/datasets/_root_.cache_huggingface_datasets_parquet_default-6aa6fdf93016ea2d_0.0.0_ec3958b52035e87929642b609b5a781870321434b151a14fbe8fd5a26ff494bb.lock
DEBUG 2026-06-26 05:35:32 ock/_api.py:501 Attempting to acquire lock 130841554686640 on /root/.cache/huggingface/datasets/parquet/default-6aa6fdf93016ea2d/0.0.0/ec3958b52035e87929642b609b5a781870321434b151a14fbe8fd5a26ff494bb_builder.lock
DEBUG 2026-06-26 05:35:32 ock/_api.py:504 Lock 130841554686640 acquired on /root/.cache/huggingface/datasets/parquet/default-6aa6fdf93016ea2d/0.0.0/ec3958b52035e87929642b609b5a781870321434b151a14fbe8fd5a26ff494bb_builder.lock
DEBUG 2026-06-26 05:35:32 ns/local.py:383 open file: /root/.cache/huggingface/datasets/parquet/default-6aa6fdf93016ea2d/0.0.0/ec3958b52035e87929642b609b5a781870321434b151a14fbe8fd5a26ff494bb/dataset_info.json
DEBUG 2026-06-26 05:35:32 ock/_api.py:541 Attempting to release lock 130841554686640 on /root/.cache/huggingface/datasets/parquet/default-6aa6fdf93016ea2d/0.0.0/ec3958b52035e87929642b609b5a781870321434b151a14fbe8fd5a26ff494bb_builder.lock
DEBUG 2026-06-26 05:35:32 ock/_api.py:545 Lock 130841554686640 released on /root/.cache/huggingface/datasets/parquet/default-6aa6fdf93016ea2d/0.0.0/ec3958b52035e87929642b609b5a781870321434b151a14fbe8fd5a26ff494bb_builder.lock
DEBUG 2026-06-26 05:35:33 re/_trace.py:47 send_request_headers.started request=<Request [b'GET']>
DEBUG 2026-06-26 05:35:33 re/_trace.py:47 send_request_headers.complete
DEBUG 2026-06-26 05:35:33 re/_trace.py:47 send_request_body.started request=<Request [b'GET']>
DEBUG 2026-06-26 05:35:33 re/_trace.py:47 send_request_body.complete
DEBUG 2026-06-26 05:35:33 re/_trace.py:47 receive_response_headers.started request=<Request [b'GET']>
DEBUG 2026-06-26 05:35:33 re/_trace.py:47 receive_response_headers.complete return_value=(b'HTTP/1.1', 200, b'OK', [(b'Content-Type', b'application/json; charset=utf-8'), (b'Content-Length', b'337'), (b'Connection', b'keep-alive'), (b'Date', b'Fri, 26 Jun 2026 05:35:33 GMT'), (b'ETag', b'W/"151-WRKzhPQqfJIWbkGYAV8PSswFy8A"'), (b'X-Powered-By', b'huggingface-moon'), (b'X-Request-Id', b'Root=1-6a3e0fa5-7cfd195a710eabeb37647edc;5260face-8205-42c7-a12f-40cb2e260388'), (b'RateLimit', b'"api";r=989;t=189'), (b'RateLimit-Policy', b'"fixed window";"api";q=1000;w=300'), (b'cross-origin-opener-policy', b'same-origin'), (b'Referrer-Policy', b'strict-origin-when-cross-origin'), (b'Access-Control-Max-Age', b'86400'), (b'Access-Control-Allow-Origin', b'https://huggingface.co'), (b'Vary', b'Origin'), (b'Access-Control-Expose-Headers', b'X-Repo-Commit,X-Request-Id,X-Error-Code,X-Error-Message,X-Total-Count,ETag,Link,Accept-Ranges,Content-Range,X-Linked-Size,X-Linked-ETag,X-Xet-Hash'), (b'X-Cache', b'Miss from cloudfront'), (b'Via', b'1.1 37c31ae647e34e692a37bcfb149c2802.cloudfront.net (CloudFront)'), (b'X-Amz-Cf-Pop', b'ICN57-P5'), (b'X-Amz-Cf-Id', b'1F0IoSoR3ELZNFOiXAyfxcjEDVI7PsXCncQrIjlZh7-6OWjMjzTjVg==')])
INFO 2026-06-26 05:35:33 _client.py:1025 HTTP Request: GET https://huggingface.co/api/datasets/coport-uni/FR5_task3_turn_the_sliver_air_valve_90_degress_counterclockwise/refs "HTTP/1.1 200 OK"
DEBUG 2026-06-26 05:35:33 re/_trace.py:47 receive_response_body.started request=<Request [b'GET']>
DEBUG 2026-06-26 05:35:33 re/_trace.py:47 receive_response_body.complete
DEBUG 2026-06-26 05:35:33 re/_trace.py:47 response_closed.started
DEBUG 2026-06-26 05:35:33 re/_trace.py:47 response_closed.complete
DEBUG 2026-06-26 05:35:33 re/_trace.py:47 send_request_headers.started request=<Request [b'GET']>
DEBUG 2026-06-26 05:35:33 re/_trace.py:47 send_request_headers.complete
DEBUG 2026-06-26 05:35:33 re/_trace.py:47 send_request_body.started request=<Request [b'GET']>
DEBUG 2026-06-26 05:35:33 re/_trace.py:47 send_request_body.complete
DEBUG 2026-06-26 05:35:33 re/_trace.py:47 receive_response_headers.started request=<Request [b'GET']>
DEBUG 2026-06-26 05:35:33 re/_trace.py:47 receive_response_headers.complete return_value=(b'HTTP/1.1', 200, b'OK', [(b'Content-Type', b'application/json; charset=utf-8'), (b'Transfer-Encoding', b'chunked'), (b'Connection', b'keep-alive'), (b'Date', b'Fri, 26 Jun 2026 05:35:33 GMT'), (b'content-encoding', b'gzip'), (b'ETag', b'W/"d45-5B/85b1KReccRdsaHJlxqCngTwg"'), (b'X-Powered-By', b'huggingface-moon'), (b'X-Request-Id', b'Root=1-6a3e0fa5-1a476b5c0eb1b46a0803b76d;a3727521-41eb-436c-a2cc-c79e4ea140e2'), (b'RateLimit', b'"api";r=988;t=189'), (b'RateLimit-Policy', b'"fixed window";"api";q=1000;w=300'), (b'cross-origin-opener-policy', b'same-origin'), (b'Referrer-Policy', b'strict-origin-when-cross-origin'), (b'Access-Control-Max-Age', b'86400'), (b'Access-Control-Allow-Origin', b'https://huggingface.co'), (b'Vary', b'Origin'), (b'vary', b'Accept-Encoding'), (b'Access-Control-Expose-Headers', b'X-Repo-Commit,X-Request-Id,X-Error-Code,X-Error-Message,X-Total-Count,ETag,Link,Accept-Ranges,Content-Range,X-Linked-Size,X-Linked-ETag,X-Xet-Hash'), (b'X-Cache', b'Miss from cloudfront'), (b'Via', b'1.1 37c31ae647e34e692a37bcfb149c2802.cloudfront.net (CloudFront)'), (b'X-Amz-Cf-Pop', b'ICN57-P5'), (b'X-Amz-Cf-Id', b'5f-Ssf3D1qsT37veLqG-2QK-DXq_YSsCljWo3zW-k5NEoewB1L-2aw==')])
INFO 2026-06-26 05:35:33 _client.py:1025 HTTP Request: GET https://huggingface.co/api/datasets/coport-uni/FR5_task3_turn_the_sliver_air_valve_90_degress_counterclockwise/revision/v3.0 "HTTP/1.1 200 OK"
DEBUG 2026-06-26 05:35:33 re/_trace.py:47 receive_response_body.started request=<Request [b'GET']>
DEBUG 2026-06-26 05:35:33 re/_trace.py:47 receive_response_body.complete
DEBUG 2026-06-26 05:35:33 re/_trace.py:47 response_closed.started
DEBUG 2026-06-26 05:35:33 re/_trace.py:47 response_closed.complete
DEBUG 2026-06-26 05:35:33 ock/_api.py:501 Attempting to acquire lock 130831648610096 on /root/.cache/huggingface/lerobot/coport-uni/FR5_task3_turn_the_sliver_air_valve_90_degress_counterclockwise/.cache/huggingface/download/README.md.lock
DEBUG 2026-06-26 05:35:33 ock/_api.py:501 Attempting to acquire lock 130831648611488 on /root/.cache/huggingface/lerobot/coport-uni/FR5_task3_turn_the_sliver_air_valve_90_degress_counterclockwise/.cache/huggingface/download/.gitattributes.lock
DEBUG 2026-06-26 05:35:33 ock/_api.py:501 Attempting to acquire lock 130832695153088 on /root/.cache/huggingface/lerobot/coport-uni/FR5_task3_turn_the_sliver_air_valve_90_degress_counterclockwise/.cache/huggingface/download/data/chunk-000/file-001.parquet.lock
DEBUG 2026-06-26 05:35:33 ock/_api.py:501 Attempting to acquire lock 130841553439344 on /root/.cache/huggingface/lerobot/coport-uni/FR5_task3_turn_the_sliver_air_valve_90_degress_counterclockwise/.cache/huggingface/download/data/chunk-000/file-000.parquet.lock
DEBUG 2026-06-26 05:35:33 ock/_api.py:501 Attempting to acquire lock 130841553446160 on /root/.cache/huggingface/lerobot/coport-uni/FR5_task3_turn_the_sliver_air_valve_90_degress_counterclockwise/.cache/huggingface/download/data/chunk-000/file-004.parquet.lock
DEBUG 2026-06-26 05:35:33 ock/_api.py:504 Lock 130831648610096 acquired on /root/.cache/huggingface/lerobot/coport-uni/FR5_task3_turn_the_sliver_air_valve_90_degress_counterclockwise/.cache/huggingface/download/README.md.lock
DEBUG 2026-06-26 05:35:33 ock/_api.py:504 Lock 130831648611488 acquired on /root/.cache/huggingface/lerobot/coport-uni/FR5_task3_turn_the_sliver_air_valve_90_degress_counterclockwise/.cache/huggingface/download/.gitattributes.lock
DEBUG 2026-06-26 05:35:33 ock/_api.py:501 Attempting to acquire lock 130841553444048 on /root/.cache/huggingface/lerobot/coport-uni/FR5_task3_turn_the_sliver_air_valve_90_degress_counterclockwise/.cache/huggingface/download/data/chunk-000/file-002.parquet.lock
DEBUG 2026-06-26 05:35:33 ock/_api.py:504 Lock 130832695153088 acquired on /root/.cache/huggingface/lerobot/coport-uni/FR5_task3_turn_the_sliver_air_valve_90_degress_counterclockwise/.cache/huggingface/download/data/chunk-000/file-001.parquet.lock
DEBUG 2026-06-26 05:35:33 ock/_api.py:501 Attempting to acquire lock 130841553441168 on /root/.cache/huggingface/lerobot/coport-uni/FR5_task3_turn_the_sliver_air_valve_90_degress_counterclockwise/.cache/huggingface/download/data/chunk-000/file-003.parquet.lock
DEBUG 2026-06-26 05:35:33 ock/_api.py:504 Lock 130841553446160 acquired on /root/.cache/huggingface/lerobot/coport-uni/FR5_task3_turn_the_sliver_air_valve_90_degress_counterclockwise/.cache/huggingface/download/data/chunk-000/file-004.parquet.lock
DEBUG 2026-06-26 05:35:33 ock/_api.py:501 Attempting to acquire lock 130841553449616 on /root/.cache/huggingface/lerobot/coport-uni/FR5_task3_turn_the_sliver_air_valve_90_degress_counterclockwise/.cache/huggingface/download/meta/episodes/chunk-000/file-000.parquet.lock
DEBUG 2026-06-26 05:35:33 ock/_api.py:504 Lock 130841553439344 acquired on /root/.cache/huggingface/lerobot/coport-uni/FR5_task3_turn_the_sliver_air_valve_90_degress_counterclockwise/.cache/huggingface/download/data/chunk-000/file-000.parquet.lock
DEBUG 2026-06-26 05:35:33 ock/_api.py:541 Attempting to release lock 130831648610096 on /root/.cache/huggingface/lerobot/coport-uni/FR5_task3_turn_the_sliver_air_valve_90_degress_counterclockwise/.cache/huggingface/download/README.md.lock
DEBUG 2026-06-26 05:35:33 ock/_api.py:541 Attempting to release lock 130831648611488 on /root/.cache/huggingface/lerobot/coport-uni/FR5_task3_turn_the_sliver_air_valve_90_degress_counterclockwise/.cache/huggingface/download/.gitattributes.lock
DEBUG 2026-06-26 05:35:33 ock/_api.py:541 Attempting to release lock 130832695153088 on /root/.cache/huggingface/lerobot/coport-uni/FR5_task3_turn_the_sliver_air_valve_90_degress_counterclockwise/.cache/huggingface/download/data/chunk-000/file-001.parquet.lock
DEBUG 2026-06-26 05:35:33 ock/_api.py:504 Lock 130841553444048 acquired on /root/.cache/huggingface/lerobot/coport-uni/FR5_task3_turn_the_sliver_air_valve_90_degress_counterclockwise/.cache/huggingface/download/data/chunk-000/file-002.parquet.lock
DEBUG 2026-06-26 05:35:33 ock/_api.py:504 Lock 130841553441168 acquired on /root/.cache/huggingface/lerobot/coport-uni/FR5_task3_turn_the_sliver_air_valve_90_degress_counterclockwise/.cache/huggingface/download/data/chunk-000/file-003.parquet.lock
DEBUG 2026-06-26 05:35:33 ock/_api.py:541 Attempting to release lock 130841553446160 on /root/.cache/huggingface/lerobot/coport-uni/FR5_task3_turn_the_sliver_air_valve_90_degress_counterclockwise/.cache/huggingface/download/data/chunk-000/file-004.parquet.lock
DEBUG 2026-06-26 05:35:33 ock/_api.py:541 Attempting to release lock 130841553439344 on /root/.cache/huggingface/lerobot/coport-uni/FR5_task3_turn_the_sliver_air_valve_90_degress_counterclockwise/.cache/huggingface/download/data/chunk-000/file-000.parquet.lock
DEBUG 2026-06-26 05:35:33 ock/_api.py:504 Lock 130841553449616 acquired on /root/.cache/huggingface/lerobot/coport-uni/FR5_task3_turn_the_sliver_air_valve_90_degress_counterclockwise/.cache/huggingface/download/meta/episodes/chunk-000/file-000.parquet.lock
DEBUG 2026-06-26 05:35:33 ock/_api.py:545 Lock 130831648610096 released on /root/.cache/huggingface/lerobot/coport-uni/FR5_task3_turn_the_sliver_air_valve_90_degress_counterclockwise/.cache/huggingface/download/README.md.lock
DEBUG 2026-06-26 05:35:33 ock/_api.py:541 Attempting to release lock 130841553444048 on /root/.cache/huggingface/lerobot/coport-uni/FR5_task3_turn_the_sliver_air_valve_90_degress_counterclockwise/.cache/huggingface/download/data/chunk-000/file-002.parquet.lock
DEBUG 2026-06-26 05:35:33 ock/_api.py:541 Attempting to release lock 130841553441168 on /root/.cache/huggingface/lerobot/coport-uni/FR5_task3_turn_the_sliver_air_valve_90_degress_counterclockwise/.cache/huggingface/download/data/chunk-000/file-003.parquet.lock
DEBUG 2026-06-26 05:35:33 ock/_api.py:545 Lock 130831648611488 released on /root/.cache/huggingface/lerobot/coport-uni/FR5_task3_turn_the_sliver_air_valve_90_degress_counterclockwise/.cache/huggingface/download/.gitattributes.lock
DEBUG 2026-06-26 05:35:33 ock/_api.py:545 Lock 130841553446160 released on /root/.cache/huggingface/lerobot/coport-uni/FR5_task3_turn_the_sliver_air_valve_90_degress_counterclockwise/.cache/huggingface/download/data/chunk-000/file-004.parquet.lock
DEBUG 2026-06-26 05:35:33 ock/_api.py:545 Lock 130832695153088 released on /root/.cache/huggingface/lerobot/coport-uni/FR5_task3_turn_the_sliver_air_valve_90_degress_counterclockwise/.cache/huggingface/download/data/chunk-000/file-001.parquet.lock
DEBUG 2026-06-26 05:35:33 ock/_api.py:545 Lock 130841553439344 released on /root/.cache/huggingface/lerobot/coport-uni/FR5_task3_turn_the_sliver_air_valve_90_degress_counterclockwise/.cache/huggingface/download/data/chunk-000/file-000.parquet.lock
DEBUG 2026-06-26 05:35:33 ock/_api.py:541 Attempting to release lock 130841553449616 on /root/.cache/huggingface/lerobot/coport-uni/FR5_task3_turn_the_sliver_air_valve_90_degress_counterclockwise/.cache/huggingface/download/meta/episodes/chunk-000/file-000.parquet.lock
DEBUG 2026-06-26 05:35:33 re/_trace.py:47 send_request_headers.started request=<Request [b'HEAD']>
DEBUG 2026-06-26 05:35:33 ock/_api.py:545 Lock 130841553444048 released on /root/.cache/huggingface/lerobot/coport-uni/FR5_task3_turn_the_sliver_air_valve_90_degress_counterclockwise/.cache/huggingface/download/data/chunk-000/file-002.parquet.lock
DEBUG 2026-06-26 05:35:33 ock/_api.py:545 Lock 130841553441168 released on /root/.cache/huggingface/lerobot/coport-uni/FR5_task3_turn_the_sliver_air_valve_90_degress_counterclockwise/.cache/huggingface/download/data/chunk-000/file-003.parquet.lock
DEBUG 2026-06-26 05:35:33 re/_trace.py:47 send_request_headers.started request=<Request [b'HEAD']>
DEBUG 2026-06-26 05:35:33 re/_trace.py:47 send_request_headers.started request=<Request [b'HEAD']>
DEBUG 2026-06-26 05:35:33 re/_trace.py:47 send_request_headers.complete
DEBUG 2026-06-26 05:35:33 re/_trace.py:47 send_request_headers.started request=<Request [b'HEAD']>
DEBUG 2026-06-26 05:35:33 re/_trace.py:47 send_request_headers.started request=<Request [b'HEAD']>
DEBUG 2026-06-26 05:35:33 ock/_api.py:545 Lock 130841553449616 released on /root/.cache/huggingface/lerobot/coport-uni/FR5_task3_turn_the_sliver_air_valve_90_degress_counterclockwise/.cache/huggingface/download/meta/episodes/chunk-000/file-000.parquet.lock
DEBUG 2026-06-26 05:35:33 re/_trace.py:47 send_request_headers.started request=<Request [b'HEAD']>
DEBUG 2026-06-26 05:35:33 re/_trace.py:47 send_request_headers.complete
DEBUG 2026-06-26 05:35:33 re/_trace.py:47 send_request_headers.started request=<Request [b'HEAD']>
DEBUG 2026-06-26 05:35:33 re/_trace.py:47 send_request_headers.complete
DEBUG 2026-06-26 05:35:33 re/_trace.py:47 send_request_body.started request=<Request [b'HEAD']>
DEBUG 2026-06-26 05:35:33 re/_trace.py:47 send_request_headers.complete
DEBUG 2026-06-26 05:35:33 re/_trace.py:47 send_request_headers.complete
DEBUG 2026-06-26 05:35:33 re/_trace.py:47 send_request_headers.complete
DEBUG 2026-06-26 05:35:33 re/_trace.py:47 send_request_body.started request=<Request [b'HEAD']>
DEBUG 2026-06-26 05:35:33 re/_trace.py:47 send_request_body.started request=<Request [b'HEAD']>
DEBUG 2026-06-26 05:35:33 re/_trace.py:47 send_request_headers.complete
DEBUG 2026-06-26 05:35:33 re/_trace.py:47 send_request_body.complete
DEBUG 2026-06-26 05:35:33 re/_trace.py:47 send_request_body.started request=<Request [b'HEAD']>
DEBUG 2026-06-26 05:35:33 re/_trace.py:47 send_request_body.started request=<Request [b'HEAD']>
DEBUG 2026-06-26 05:35:33 ock/_api.py:501 Attempting to acquire lock 130841553445008 on /root/.cache/huggingface/lerobot/coport-uni/FR5_task3_turn_the_sliver_air_valve_90_degress_counterclockwise/.cache/huggingface/download/meta/episodes/chunk-000/file-001.parquet.lock
DEBUG 2026-06-26 05:35:33 re/_trace.py:47 send_request_body.started request=<Request [b'HEAD']>
DEBUG 2026-06-26 05:35:33 re/_trace.py:47 send_request_body.complete
DEBUG 2026-06-26 05:35:33 re/_trace.py:47 send_request_body.complete
DEBUG 2026-06-26 05:35:33 re/_trace.py:47 send_request_body.started request=<Request [b'HEAD']>
DEBUG 2026-06-26 05:35:33 re/_trace.py:47 receive_response_headers.started request=<Request [b'HEAD']>
DEBUG 2026-06-26 05:35:33 re/_trace.py:47 send_request_body.complete
DEBUG 2026-06-26 05:35:33 re/_trace.py:47 send_request_body.complete
DEBUG 2026-06-26 05:35:33 re/_trace.py:47 send_request_body.complete
DEBUG 2026-06-26 05:35:33 re/_trace.py:47 receive_response_headers.started request=<Request [b'HEAD']>
DEBUG 2026-06-26 05:35:33 ock/_api.py:504 Lock 130841553445008 acquired on /root/.cache/huggingface/lerobot/coport-uni/FR5_task3_turn_the_sliver_air_valve_90_degress_counterclockwise/.cache/huggingface/download/meta/episodes/chunk-000/file-001.parquet.lock
DEBUG 2026-06-26 05:35:33 re/_trace.py:47 receive_response_headers.started request=<Request [b'HEAD']>
DEBUG 2026-06-26 05:35:33 re/_trace.py:47 send_request_body.complete
DEBUG 2026-06-26 05:35:33 re/_trace.py:47 receive_response_headers.started request=<Request [b'HEAD']>
DEBUG 2026-06-26 05:35:33 re/_trace.py:47 receive_response_headers.started request=<Request [b'HEAD']>
DEBUG 2026-06-26 05:35:33 re/_trace.py:47 receive_response_headers.started request=<Request [b'HEAD']>
DEBUG 2026-06-26 05:35:33 re/_trace.py:47 receive_response_headers.started request=<Request [b'HEAD']>
DEBUG 2026-06-26 05:35:33 ock/_api.py:541 Attempting to release lock 130841553445008 on /root/.cache/huggingface/lerobot/coport-uni/FR5_task3_turn_the_sliver_air_valve_90_degress_counterclockwise/.cache/huggingface/download/meta/episodes/chunk-000/file-001.parquet.lock
DEBUG 2026-06-26 05:35:33 ock/_api.py:545 Lock 130841553445008 released on /root/.cache/huggingface/lerobot/coport-uni/FR5_task3_turn_the_sliver_air_valve_90_degress_counterclockwise/.cache/huggingface/download/meta/episodes/chunk-000/file-001.parquet.lock
DEBUG 2026-06-26 05:35:33 ock/_api.py:501 Attempting to acquire lock 130841553442752 on /root/.cache/huggingface/lerobot/coport-uni/FR5_task3_turn_the_sliver_air_valve_90_degress_counterclockwise/.cache/huggingface/download/meta/episodes/chunk-000/file-002.parquet.lock
DEBUG 2026-06-26 05:35:33 ock/_api.py:504 Lock 130841553442752 acquired on /root/.cache/huggingface/lerobot/coport-uni/FR5_task3_turn_the_sliver_air_valve_90_degress_counterclockwise/.cache/huggingface/download/meta/episodes/chunk-000/file-002.parquet.lock
DEBUG 2026-06-26 05:35:33 ock/_api.py:541 Attempting to release lock 130841553442752 on /root/.cache/huggingface/lerobot/coport-uni/FR5_task3_turn_the_sliver_air_valve_90_degress_counterclockwise/.cache/huggingface/download/meta/episodes/chunk-000/file-002.parquet.lock
DEBUG 2026-06-26 05:35:33 ock/_api.py:545 Lock 130841553442752 released on /root/.cache/huggingface/lerobot/coport-uni/FR5_task3_turn_the_sliver_air_valve_90_degress_counterclockwise/.cache/huggingface/download/meta/episodes/chunk-000/file-002.parquet.lock
DEBUG 2026-06-26 05:35:33 ock/_api.py:501 Attempting to acquire lock 130841553447216 on /root/.cache/huggingface/lerobot/coport-uni/FR5_task3_turn_the_sliver_air_valve_90_degress_counterclockwise/.cache/huggingface/download/meta/episodes/chunk-000/file-003.parquet.lock
DEBUG 2026-06-26 05:35:33 ock/_api.py:504 Lock 130841553447216 acquired on /root/.cache/huggingface/lerobot/coport-uni/FR5_task3_turn_the_sliver_air_valve_90_degress_counterclockwise/.cache/huggingface/download/meta/episodes/chunk-000/file-003.parquet.lock
DEBUG 2026-06-26 05:35:33 ock/_api.py:541 Attempting to release lock 130841553447216 on /root/.cache/huggingface/lerobot/coport-uni/FR5_task3_turn_the_sliver_air_valve_90_degress_counterclockwise/.cache/huggingface/download/meta/episodes/chunk-000/file-003.parquet.lock
DEBUG 2026-06-26 05:35:33 ock/_api.py:545 Lock 130841553447216 released on /root/.cache/huggingface/lerobot/coport-uni/FR5_task3_turn_the_sliver_air_valve_90_degress_counterclockwise/.cache/huggingface/download/meta/episodes/chunk-000/file-003.parquet.lock
DEBUG 2026-06-26 05:35:33 ock/_api.py:501 Attempting to acquire lock 130841553444096 on /root/.cache/huggingface/lerobot/coport-uni/FR5_task3_turn_the_sliver_air_valve_90_degress_counterclockwise/.cache/huggingface/download/meta/episodes/chunk-000/file-004.parquet.lock
DEBUG 2026-06-26 05:35:33 ock/_api.py:504 Lock 130841553444096 acquired on /root/.cache/huggingface/lerobot/coport-uni/FR5_task3_turn_the_sliver_air_valve_90_degress_counterclockwise/.cache/huggingface/download/meta/episodes/chunk-000/file-004.parquet.lock
DEBUG 2026-06-26 05:35:33 ock/_api.py:541 Attempting to release lock 130841553444096 on /root/.cache/huggingface/lerobot/coport-uni/FR5_task3_turn_the_sliver_air_valve_90_degress_counterclockwise/.cache/huggingface/download/meta/episodes/chunk-000/file-004.parquet.lock
DEBUG 2026-06-26 05:35:33 ock/_api.py:545 Lock 130841553444096 released on /root/.cache/huggingface/lerobot/coport-uni/FR5_task3_turn_the_sliver_air_valve_90_degress_counterclockwise/.cache/huggingface/download/meta/episodes/chunk-000/file-004.parquet.lock
DEBUG 2026-06-26 05:35:33 ock/_api.py:501 Attempting to acquire lock 130841553445008 on /root/.cache/huggingface/lerobot/coport-uni/FR5_task3_turn_the_sliver_air_valve_90_degress_counterclockwise/.cache/huggingface/download/meta/info.json.lock
DEBUG 2026-06-26 05:35:33 ock/_api.py:504 Lock 130841553445008 acquired on /root/.cache/huggingface/lerobot/coport-uni/FR5_task3_turn_the_sliver_air_valve_90_degress_counterclockwise/.cache/huggingface/download/meta/info.json.lock
DEBUG 2026-06-26 05:35:33 ock/_api.py:541 Attempting to release lock 130841553445008 on /root/.cache/huggingface/lerobot/coport-uni/FR5_task3_turn_the_sliver_air_valve_90_degress_counterclockwise/.cache/huggingface/download/meta/info.json.lock
DEBUG 2026-06-26 05:35:33 ock/_api.py:545 Lock 130841553445008 released on /root/.cache/huggingface/lerobot/coport-uni/FR5_task3_turn_the_sliver_air_valve_90_degress_counterclockwise/.cache/huggingface/download/meta/info.json.lock
DEBUG 2026-06-26 05:35:33 ock/_api.py:501 Attempting to acquire lock 130841553441408 on /root/.cache/huggingface/lerobot/coport-uni/FR5_task3_turn_the_sliver_air_valve_90_degress_counterclockwise/.cache/huggingface/download/meta/stats.json.lock
DEBUG 2026-06-26 05:35:33 ock/_api.py:504 Lock 130841553441408 acquired on /root/.cache/huggingface/lerobot/coport-uni/FR5_task3_turn_the_sliver_air_valve_90_degress_counterclockwise/.cache/huggingface/download/meta/stats.json.lock
DEBUG 2026-06-26 05:35:33 ock/_api.py:541 Attempting to release lock 130841553441408 on /root/.cache/huggingface/lerobot/coport-uni/FR5_task3_turn_the_sliver_air_valve_90_degress_counterclockwise/.cache/huggingface/download/meta/stats.json.lock
DEBUG 2026-06-26 05:35:33 ock/_api.py:545 Lock 130841553441408 released on /root/.cache/huggingface/lerobot/coport-uni/FR5_task3_turn_the_sliver_air_valve_90_degress_counterclockwise/.cache/huggingface/download/meta/stats.json.lock
DEBUG 2026-06-26 05:35:33 ock/_api.py:501 Attempting to acquire lock 130841553442032 on /root/.cache/huggingface/lerobot/coport-uni/FR5_task3_turn_the_sliver_air_valve_90_degress_counterclockwise/.cache/huggingface/download/meta/tasks.parquet.lock
DEBUG 2026-06-26 05:35:33 ock/_api.py:504 Lock 130841553442032 acquired on /root/.cache/huggingface/lerobot/coport-uni/FR5_task3_turn_the_sliver_air_valve_90_degress_counterclockwise/.cache/huggingface/download/meta/tasks.parquet.lock
DEBUG 2026-06-26 05:35:33 ock/_api.py:541 Attempting to release lock 130841553442032 on /root/.cache/huggingface/lerobot/coport-uni/FR5_task3_turn_the_sliver_air_valve_90_degress_counterclockwise/.cache/huggingface/download/meta/tasks.parquet.lock
DEBUG 2026-06-26 05:35:33 ock/_api.py:545 Lock 130841553442032 released on /root/.cache/huggingface/lerobot/coport-uni/FR5_task3_turn_the_sliver_air_valve_90_degress_counterclockwise/.cache/huggingface/download/meta/tasks.parquet.lock
DEBUG 2026-06-26 05:35:33 ock/_api.py:501 Attempting to acquire lock 130841553439152 on /root/.cache/huggingface/lerobot/coport-uni/FR5_task3_turn_the_sliver_air_valve_90_degress_counterclockwise/.cache/huggingface/download/videos/observation.images.hand/chunk-000/file-000.mp4.lock
DEBUG 2026-06-26 05:35:33 ock/_api.py:504 Lock 130841553439152 acquired on /root/.cache/huggingface/lerobot/coport-uni/FR5_task3_turn_the_sliver_air_valve_90_degress_counterclockwise/.cache/huggingface/download/videos/observation.images.hand/chunk-000/file-000.mp4.lock
DEBUG 2026-06-26 05:35:33 ock/_api.py:541 Attempting to release lock 130841553439152 on /root/.cache/huggingface/lerobot/coport-uni/FR5_task3_turn_the_sliver_air_valve_90_degress_counterclockwise/.cache/huggingface/download/videos/observation.images.hand/chunk-000/file-000.mp4.lock
DEBUG 2026-06-26 05:35:33 ock/_api.py:545 Lock 130841553439152 released on /root/.cache/huggingface/lerobot/coport-uni/FR5_task3_turn_the_sliver_air_valve_90_degress_counterclockwise/.cache/huggingface/download/videos/observation.images.hand/chunk-000/file-000.mp4.lock
DEBUG 2026-06-26 05:35:33 re/_trace.py:47 send_request_headers.started request=<Request [b'HEAD']>
DEBUG 2026-06-26 05:35:33 re/_trace.py:47 send_request_headers.complete
DEBUG 2026-06-26 05:35:33 re/_trace.py:47 send_request_body.started request=<Request [b'HEAD']>
DEBUG 2026-06-26 05:35:33 re/_trace.py:47 send_request_body.complete
DEBUG 2026-06-26 05:35:33 re/_trace.py:47 receive_response_headers.started request=<Request [b'HEAD']>
DEBUG 2026-06-26 05:35:33 re/_trace.py:47 receive_response_headers.complete return_value=(b'HTTP/1.1', 302, b'Found', [(b'Content-Type', b'text/plain; charset=utf-8'), (b'Content-Length', b'1026'), (b'Connection', b'keep-alive'), (b'Date', b'Fri, 26 Jun 2026 05:35:33 GMT'), (b'Location', b'https://cas-bridge.xethub.hf.co/xet-bridge-us/6a3bd3d805d60eef965b73d1/25c5030eec94ac3b698b27f1120a7d7f7a51268b2c1e6ca2fac770072792d4d8?Expires=1782455733&Policy=eyJTdGF0ZW1lbnQiOlt7IlJlc291cmNlIjoiaHR0cHM6Ly9jYXMtYnJpZGdlLnhldGh1Yi5oZi5jby94ZXQtYnJpZGdlLXVzLzZhM2JkM2Q4MDVkNjBlZWY5NjViNzNkMS8yNWM1MDMwZWVjOTRhYzNiNjk4YjI3ZjExMjBhN2Q3ZjdhNTEyNjhiMmMxZTZjYTJmYWM3NzAwNzI3OTJkNGQ4KiIsIkNvbmRpdGlvbiI6eyJEYXRlTGVzc1RoYW4iOnsiQVdTOkVwb2NoVGltZSI6MTc4MjQ1NTczM319fV19&Signature=MEUCIHj3JkXEjWBsNHYsivCiaAeGktdn4iq0NVn3JS0KwBbLAiEAjObQtFBd0XkAi3pGIZjF3jECr3eMevvpNWaJO6l0mbs_&Key-Pair-Id=K1LYXO563TGWFU&response-content-disposition=inline%3B+filename*%3DUTF-8%27%27file-000.parquet%3B+filename%3D%22file-000.parquet%22%3B&X-Xet-Cas-Uid=6968a8befacf9a9b049da27a&X-Amz-Algorithm=AWS4-HMAC-SHA256&X-Amz-Credential=cas%2F20260626%2Fus-east-1%2Fs3%2Faws4_request&X-Amz-Date=20260626T053533Z&X-Amz-Expires=3600&X-Amz-SignedHeaders=host&X-Amz-Signature=3e84a44e3ff067e8dac0757a41264cb4d014a6ee6a2356a0d424e9081fa35a2d'), (b'X-Powered-By', b'huggingface-moon'), (b'X-Request-Id', b'Root=1-6a3e0fa5-0a56029373ff684c7b79c782;37321822-732d-4449-83d2-b74d9e00f6c7'), (b'RateLimit', b'"resolvers";r=4984;t=189'), (b'RateLimit-Policy', b'"fixed window";"resolvers";q=5000;w=300'), (b'cross-origin-opener-policy', b'same-origin'), (b'Referrer-Policy', b'strict-origin-when-cross-origin'), (b'Access-Control-Max-Age', b'86400'), (b'Access-Control-Allow-Origin', b'https://huggingface.co'), (b'Vary', b'Origin, Accept'), (b'Access-Control-Expose-Headers', b'X-Repo-Commit,X-Request-Id,X-Error-Code,X-Error-Message,X-Total-Count,ETag,Link,Accept-Ranges,Content-Range,X-Linked-Size,X-Linked-ETag,X-Xet-Hash'), (b'X-Repo-Commit', b'3f9ac6f4546fc52d193d2b043b97b60d458ab6d7'), (b'Accept-Ranges', b'bytes'), (b'X-Hub-Cache', b'MISS'), (b'X-Linked-Size', b'454700'), (b'X-Linked-ETag', b'"38227dba7a5c945210dc3f814ca3afcd93e297df5f4f67abd5c1a9cd56770cb2"'), (b'X-Xet-Hash', b'25c5030eec94ac3b698b27f1120a7d7f7a51268b2c1e6ca2fac770072792d4d8'), (b'Link', b'<https://huggingface.co/api/datasets/coport-uni/FR5_task3_turn_the_sliver_air_valve_90_degress_counterclockwise/xet-read-token/3f9ac6f4546fc52d193d2b043b97b60d458ab6d7>; rel="xet-auth", <https://cas-server.xethub.hf.co/v1/reconstructions/25c5030eec94ac3b698b27f1120a7d7f7a51268b2c1e6ca2fac770072792d4d8>; rel="xet-reconstruction-info"'), (b'X-Cache', b'Miss from cloudfront'), (b'Via', b'1.1 1ffaab99be603658502bc9751758efb0.cloudfront.net (CloudFront)'), (b'X-Amz-Cf-Pop', b'ICN57-P5'), (b'X-Amz-Cf-Id', b'fdljeaVOBsgcNai072VlM-_-Q1sJVWAxsm8q4j1jD8Pr1mjT4geMxw==')])
INFO 2026-06-26 05:35:33 _client.py:1025 HTTP Request: HEAD https://huggingface.co/datasets/coport-uni/FR5_task3_turn_the_sliver_air_valve_90_degress_counterclockwise/resolve/3f9ac6f4546fc52d193d2b043b97b60d458ab6d7/data/chunk-000/file-000.parquet "HTTP/1.1 302 Found"
DEBUG 2026-06-26 05:35:33 re/_trace.py:47 receive_response_body.started request=<Request [b'HEAD']>
DEBUG 2026-06-26 05:35:33 re/_trace.py:47 receive_response_body.complete
DEBUG 2026-06-26 05:35:33 re/_trace.py:47 response_closed.started
DEBUG 2026-06-26 05:35:33 re/_trace.py:47 response_closed.complete
DEBUG 2026-06-26 05:35:33 re/_trace.py:47 receive_response_headers.complete return_value=(b'HTTP/1.1', 307, b'Temporary Redirect', [(b'Content-Type', b'text/plain; charset=utf-8'), (b'Content-Length', b'397'), (b'Connection', b'keep-alive'), (b'Date', b'Fri, 26 Jun 2026 05:35:33 GMT'), (b'Location', b'/api/resolve-cache/datasets/coport-uni/FR5_task3_turn_the_sliver_air_valve_90_degress_counterclockwise/3f9ac6f4546fc52d193d2b043b97b60d458ab6d7/README.md?%2Fdatasets%2Fcoport-uni%2FFR5_task3_turn_the_sliver_air_valve_90_degress_counterclockwise%2Fresolve%2F3f9ac6f4546fc52d193d2b043b97b60d458ab6d7%2FREADME.md=&etag=%228a5279476e320c10f84fd6be3b9a4224ff5f2b95%22'), (b'X-Powered-By', b'huggingface-moon'), (b'X-Request-Id', b'Root=1-6a3e0fa5-158e8ce47848959b23f8b82a;20c7d5dd-36ac-4138-8a11-853969380cff'), (b'RateLimit', b'"resolvers";r=4982;t=189'), (b'RateLimit-Policy', b'"fixed window";"resolvers";q=5000;w=300'), (b'cross-origin-opener-policy', b'same-origin'), (b'Referrer-Policy', b'strict-origin-when-cross-origin'), (b'Access-Control-Max-Age', b'86400'), (b'Access-Control-Allow-Origin', b'https://huggingface.co'), (b'Vary', b'Origin, Accept'), (b'Access-Control-Expose-Headers', b'X-Repo-Commit,X-Request-Id,X-Error-Code,X-Error-Message,X-Total-Count,ETag,Link,Accept-Ranges,Content-Range,X-Linked-Size,X-Linked-ETag,X-Xet-Hash'), (b'X-Repo-Commit', b'3f9ac6f4546fc52d193d2b043b97b60d458ab6d7'), (b'Accept-Ranges', b'bytes'), (b'X-Hub-Cache', b'MISS'), (b'Content-Disposition', b'inline; filename*=UTF-8\'\'README.md; filename="README.md";'), (b'Content-Security-Policy', b"default-src 'none'; sandbox"), (b'X-Linked-ETag', b'"8a5279476e320c10f84fd6be3b9a4224ff5f2b95"'), (b'X-Cache', b'Miss from cloudfront'), (b'Via', b'1.1 37c31ae647e34e692a37bcfb149c2802.cloudfront.net (CloudFront)'), (b'X-Amz-Cf-Pop', b'ICN57-P5'), (b'X-Amz-Cf-Id', b'PRYfdg4-nLeUVeiJc71MJ_w4bce-BuZwwsxxJ-2rsO8y-6uvYvocvQ==')])
INFO 2026-06-26 05:35:33 _client.py:1025 HTTP Request: HEAD https://huggingface.co/datasets/coport-uni/FR5_task3_turn_the_sliver_air_valve_90_degress_counterclockwise/resolve/3f9ac6f4546fc52d193d2b043b97b60d458ab6d7/README.md "HTTP/1.1 307 Temporary Redirect"
DEBUG 2026-06-26 05:35:33 re/_trace.py:47 receive_response_body.started request=<Request [b'HEAD']>
DEBUG 2026-06-26 05:35:33 re/_trace.py:47 receive_response_body.complete
DEBUG 2026-06-26 05:35:33 ock/_api.py:501 Attempting to acquire lock 130841553699568 on /root/.cache/huggingface/lerobot/coport-uni/FR5_task3_turn_the_sliver_air_valve_90_degress_counterclockwise/.cache/huggingface/download/data/chunk-000/file-000.parquet.lock
DEBUG 2026-06-26 05:35:33 re/_trace.py:47 response_closed.started
DEBUG 2026-06-26 05:35:33 re/_trace.py:47 receive_response_headers.complete return_value=(b'HTTP/1.1', 302, b'Found', [(b'Content-Type', b'text/plain; charset=utf-8'), (b'Content-Length', b'1028'), (b'Connection', b'keep-alive'), (b'Date', b'Fri, 26 Jun 2026 05:35:33 GMT'), (b'Location', b'https://cas-bridge.xethub.hf.co/xet-bridge-us/6a3bd3d805d60eef965b73d1/ef034c2ce94f3a45f185c934b6460cacc81d07206301f76de717500b687f6ea1?Expires=1782455733&Policy=eyJTdGF0ZW1lbnQiOlt7IlJlc291cmNlIjoiaHR0cHM6Ly9jYXMtYnJpZGdlLnhldGh1Yi5oZi5jby94ZXQtYnJpZGdlLXVzLzZhM2JkM2Q4MDVkNjBlZWY5NjViNzNkMS9lZjAzNGMyY2U5NGYzYTQ1ZjE4NWM5MzRiNjQ2MGNhY2M4MWQwNzIwNjMwMWY3NmRlNzE3NTAwYjY4N2Y2ZWExKiIsIkNvbmRpdGlvbiI6eyJEYXRlTGVzc1RoYW4iOnsiQVdTOkVwb2NoVGltZSI6MTc4MjQ1NTczM319fV19&Signature=MEUCIAb6OAeJk2JPRtOjF5w9fbX8Mu6O5UJLbwSAgJkQ5M5wAiEArfl2wUjGPeAeojSbkdjkqsZ3f2oi%7Eqz15qbptk090sM_&Key-Pair-Id=K1LYXO563TGWFU&X-Xet-Cas-Uid=6968a8befacf9a9b049da27a&response-content-disposition=inline%3B+filename*%3DUTF-8%27%27file-003.parquet%3B+filename%3D%22file-003.parquet%22%3B&X-Amz-Algorithm=AWS4-HMAC-SHA256&X-Amz-Credential=cas%2F20260626%2Fus-east-1%2Fs3%2Faws4_request&X-Amz-Date=20260626T053533Z&X-Amz-Expires=3600&X-Amz-SignedHeaders=host&X-Amz-Signature=dd5237fae8b7430ab201213bfb16b8a3e6c13dd39f59bd84149fa99535425eae'), (b'X-Powered-By', b'huggingface-moon'), (b'X-Request-Id', b'Root=1-6a3e0fa5-675ebcd26af626867410a84e;8ae08e28-adf0-4246-be80-66500241f39c'), (b'RateLimit', b'"resolvers";r=4983;t=189'), (b'RateLimit-Policy', b'"fixed window";"resolvers";q=5000;w=300'), (b'cross-origin-opener-policy', b'same-origin'), (b'Referrer-Policy', b'strict-origin-when-cross-origin'), (b'Access-Control-Max-Age', b'86400'), (b'Access-Control-Allow-Origin', b'https://huggingface.co'), (b'Vary', b'Origin, Accept'), (b'Access-Control-Expose-Headers', b'X-Repo-Commit,X-Request-Id,X-Error-Code,X-Error-Message,X-Total-Count,ETag,Link,Accept-Ranges,Content-Range,X-Linked-Size,X-Linked-ETag,X-Xet-Hash'), (b'X-Repo-Commit', b'3f9ac6f4546fc52d193d2b043b97b60d458ab6d7'), (b'Accept-Ranges', b'bytes'), (b'X-Hub-Cache', b'MISS'), (b'X-Linked-Size', b'409880'), (b'X-Linked-ETag', b'"2cda62697541592445e2f43fbde1c16330c07ad08867ad476e53e4b3038108e2"'), (b'X-Xet-Hash', b'ef034c2ce94f3a45f185c934b6460cacc81d07206301f76de717500b687f6ea1'), (b'Link', b'<https://huggingface.co/api/datasets/coport-uni/FR5_task3_turn_the_sliver_air_valve_90_degress_counterclockwise/xet-read-token/3f9ac6f4546fc52d193d2b043b97b60d458ab6d7>; rel="xet-auth", <https://cas-server.xethub.hf.co/v1/reconstructions/ef034c2ce94f3a45f185c934b6460cacc81d07206301f76de717500b687f6ea1>; rel="xet-reconstruction-info"'), (b'X-Cache', b'Miss from cloudfront'), (b'Via', b'1.1 c377d93e0938558668ec06e1f96f53e0.cloudfront.net (CloudFront)'), (b'X-Amz-Cf-Pop', b'ICN57-P5'), (b'X-Amz-Cf-Id', b'pYW03G_IluEYTNnzSHzsGeRc-isEFMHGR-ML7CK6S88AR7K2xL5OgA==')])
DEBUG 2026-06-26 05:35:33 re/_trace.py:47 response_closed.complete
DEBUG 2026-06-26 05:35:33 ock/_api.py:504 Lock 130841553699568 acquired on /root/.cache/huggingface/lerobot/coport-uni/FR5_task3_turn_the_sliver_air_valve_90_degress_counterclockwise/.cache/huggingface/download/data/chunk-000/file-000.parquet.lock
DEBUG 2026-06-26 05:35:33 re/_trace.py:47 send_request_headers.started request=<Request [b'HEAD']>
INFO 2026-06-26 05:35:33 _client.py:1025 HTTP Request: HEAD https://huggingface.co/datasets/coport-uni/FR5_task3_turn_the_sliver_air_valve_90_degress_counterclockwise/resolve/3f9ac6f4546fc52d193d2b043b97b60d458ab6d7/data/chunk-000/file-003.parquet "HTTP/1.1 302 Found"
DEBUG 2026-06-26 05:35:33 re/_trace.py:47 receive_response_body.started request=<Request [b'HEAD']>
DEBUG 2026-06-26 05:35:33 re/_trace.py:47 send_request_headers.complete
DEBUG 2026-06-26 05:35:33 re/_trace.py:47 receive_response_body.complete
DEBUG 2026-06-26 05:35:33 re/_trace.py:47 send_request_body.started request=<Request [b'HEAD']>
DEBUG 2026-06-26 05:35:33 re/_trace.py:47 response_closed.started
DEBUG 2026-06-26 05:35:33 re/_trace.py:47 send_request_body.complete
DEBUG 2026-06-26 05:35:33 re/_trace.py:47 response_closed.complete
DEBUG 2026-06-26 05:35:33 re/_trace.py:47 receive_response_headers.started request=<Request [b'HEAD']>
DEBUG 2026-06-26 05:35:33 ock/_api.py:501 Attempting to acquire lock 130841553876224 on /root/.cache/huggingface/lerobot/coport-uni/FR5_task3_turn_the_sliver_air_valve_90_degress_counterclockwise/.cache/huggingface/download/data/chunk-000/file-003.parquet.lock
DEBUG 2026-06-26 05:35:33 ock/_api.py:504 Lock 130841553876224 acquired on /root/.cache/huggingface/lerobot/coport-uni/FR5_task3_turn_the_sliver_air_valve_90_degress_counterclockwise/.cache/huggingface/download/data/chunk-000/file-003.parquet.lock
DEBUG 2026-06-26 05:35:33 re/_trace.py:47 receive_response_headers.complete return_value=(b'HTTP/1.1', 307, b'Temporary Redirect', [(b'Content-Type', b'text/plain; charset=utf-8'), (b'Content-Length', b'407'), (b'Connection', b'keep-alive'), (b'Date', b'Fri, 26 Jun 2026 05:35:33 GMT'), (b'Location', b'/api/resolve-cache/datasets/coport-uni/FR5_task3_turn_the_sliver_air_valve_90_degress_counterclockwise/3f9ac6f4546fc52d193d2b043b97b60d458ab6d7/.gitattributes?%2Fdatasets%2Fcoport-uni%2FFR5_task3_turn_the_sliver_air_valve_90_degress_counterclockwise%2Fresolve%2F3f9ac6f4546fc52d193d2b043b97b60d458ab6d7%2F.gitattributes=&etag=%22bed0738c7eeb449bca98b5d2f33c89a1ee56349a%22'), (b'X-Powered-By', b'huggingface-moon'), (b'X-Request-Id', b'Root=1-6a3e0fa5-7eecf3a02d7f5c664fa36a10;4806720c-bf26-43a1-a3f3-7246a6b7410d'), (b'RateLimit', b'"resolvers";r=4980;t=189'), (b'RateLimit-Policy', b'"fixed window";"resolvers";q=5000;w=300'), (b'cross-origin-opener-policy', b'same-origin'), (b'Referrer-Policy', b'strict-origin-when-cross-origin'), (b'Access-Control-Max-Age', b'86400'), (b'Access-Control-Allow-Origin', b'https://huggingface.co'), (b'Vary', b'Origin, Accept'), (b'Access-Control-Expose-Headers', b'X-Repo-Commit,X-Request-Id,X-Error-Code,X-Error-Message,X-Total-Count,ETag,Link,Accept-Ranges,Content-Range,X-Linked-Size,X-Linked-ETag,X-Xet-Hash'), (b'X-Repo-Commit', b'3f9ac6f4546fc52d193d2b043b97b60d458ab6d7'), (b'Accept-Ranges', b'bytes'), (b'X-Hub-Cache', b'MISS'), (b'Content-Disposition', b'inline; filename*=UTF-8\'\'.gitattributes; filename=".gitattributes";'), (b'Content-Security-Policy', b"default-src 'none'; sandbox"), (b'X-Linked-ETag', b'"bed0738c7eeb449bca98b5d2f33c89a1ee56349a"'), (b'X-Cache', b'Miss from cloudfront'), (b'Via', b'1.1 1ffaab99be603658502bc9751758efb0.cloudfront.net (CloudFront)'), (b'X-Amz-Cf-Pop', b'ICN57-P5'), (b'X-Amz-Cf-Id', b'oqhUemU42woGWO5vZqBfUcQXUc1XFQB-ANzFQr9cJeRcSip34aEM_A==')])
INFO 2026-06-26 05:35:33 _client.py:1025 HTTP Request: HEAD https://huggingface.co/datasets/coport-uni/FR5_task3_turn_the_sliver_air_valve_90_degress_counterclockwise/resolve/3f9ac6f4546fc52d193d2b043b97b60d458ab6d7/.gitattributes "HTTP/1.1 307 Temporary Redirect"
DEBUG 2026-06-26 05:35:33 re/_trace.py:47 receive_response_body.started request=<Request [b'HEAD']>
DEBUG 2026-06-26 05:35:33 re/_trace.py:47 receive_response_body.complete
DEBUG 2026-06-26 05:35:33 re/_trace.py:47 response_closed.started
DEBUG 2026-06-26 05:35:33 re/_trace.py:47 response_closed.complete
DEBUG 2026-06-26 05:35:33 re/_trace.py:47 send_request_headers.started request=<Request [b'HEAD']>
DEBUG 2026-06-26 05:35:33 re/_trace.py:47 send_request_headers.complete
DEBUG 2026-06-26 05:35:33 re/_trace.py:47 send_request_body.started request=<Request [b'HEAD']>
DEBUG 2026-06-26 05:35:33 re/_trace.py:47 send_request_body.complete
DEBUG 2026-06-26 05:35:33 re/_trace.py:47 receive_response_headers.started request=<Request [b'HEAD']>
DEBUG 2026-06-26 05:35:33 re/_trace.py:47 receive_response_headers.complete return_value=(b'HTTP/1.1', 302, b'Found', [(b'Content-Type', b'text/plain; charset=utf-8'), (b'Content-Length', b'1030'), (b'Connection', b'keep-alive'), (b'Date', b'Fri, 26 Jun 2026 05:35:33 GMT'), (b'Location', b'https://cas-bridge.xethub.hf.co/xet-bridge-us/6a3bd3d805d60eef965b73d1/386576509d15482eeda3e3999b245c80cf05d8b9b3b7392d181f05264f8aa57e?Expires=1782455733&Policy=eyJTdGF0ZW1lbnQiOlt7IlJlc291cmNlIjoiaHR0cHM6Ly9jYXMtYnJpZGdlLnhldGh1Yi5oZi5jby94ZXQtYnJpZGdlLXVzLzZhM2JkM2Q4MDVkNjBlZWY5NjViNzNkMS8zODY1NzY1MDlkMTU0ODJlZWRhM2UzOTk5YjI0NWM4MGNmMDVkOGI5YjNiNzM5MmQxODFmMDUyNjRmOGFhNTdlKiIsIkNvbmRpdGlvbiI6eyJEYXRlTGVzc1RoYW4iOnsiQVdTOkVwb2NoVGltZSI6MTc4MjQ1NTczM319fV19&Signature=MEQCIGnKkPUHAe6MtMTqjzXmSuN56k3VjJrH04qM381KrgXhAiBvKu66pEhGUnumXx9mdmGh85S8H7xm8%7EXRn%7E5P8CmVhQ__&Key-Pair-Id=K1LYXO563TGWFU&X-Xet-Cas-Uid=6968a8befacf9a9b049da27a&response-content-disposition=inline%3B+filename*%3DUTF-8%27%27file-001.parquet%3B+filename%3D%22file-001.parquet%22%3B&X-Amz-Algorithm=AWS4-HMAC-SHA256&X-Amz-Credential=cas%2F20260626%2Fus-east-1%2Fs3%2Faws4_request&X-Amz-Date=20260626T053533Z&X-Amz-Expires=3600&X-Amz-SignedHeaders=host&X-Amz-Signature=a66ea585709eb1c8362f63277e31104d4a7b9642c308c4ff8c5187cf6243ec82'), (b'X-Powered-By', b'huggingface-moon'), (b'X-Request-Id', b'Root=1-6a3e0fa5-52c9e0b90d9fac8a07fa8f87;d1fdda6b-ca0d-4153-a21e-7392717fc9c1'), (b'RateLimit', b'"resolvers";r=4981;t=189'), (b'RateLimit-Policy', b'"fixed window";"resolvers";q=5000;w=300'), (b'cross-origin-opener-policy', b'same-origin'), (b'Referrer-Policy', b'strict-origin-when-cross-origin'), (b'Access-Control-Max-Age', b'86400'), (b'Access-Control-Allow-Origin', b'https://huggingface.co'), (b'Vary', b'Origin, Accept'), (b'Access-Control-Expose-Headers', b'X-Repo-Commit,X-Request-Id,X-Error-Code,X-Error-Message,X-Total-Count,ETag,Link,Accept-Ranges,Content-Range,X-Linked-Size,X-Linked-ETag,X-Xet-Hash'), (b'X-Repo-Commit', b'3f9ac6f4546fc52d193d2b043b97b60d458ab6d7'), (b'Accept-Ranges', b'bytes'), (b'X-Hub-Cache', b'MISS'), (b'X-Linked-Size', b'408540'), (b'X-Linked-ETag', b'"f2562af5a84a7ca9355b236efbbff864f667842f3297368728f96d70da6bedab"'), (b'X-Xet-Hash', b'386576509d15482eeda3e3999b245c80cf05d8b9b3b7392d181f05264f8aa57e'), (b'Link', b'<https://huggingface.co/api/datasets/coport-uni/FR5_task3_turn_the_sliver_air_valve_90_degress_counterclockwise/xet-read-token/3f9ac6f4546fc52d193d2b043b97b60d458ab6d7>; rel="xet-auth", <https://cas-server.xethub.hf.co/v1/reconstructions/386576509d15482eeda3e3999b245c80cf05d8b9b3b7392d181f05264f8aa57e>; rel="xet-reconstruction-info"'), (b'X-Cache', b'Miss from cloudfront'), (b'Via', b'1.1 afd804e010ec1531be9d0e90bf49f60e.cloudfront.net (CloudFront)'), (b'X-Amz-Cf-Pop', b'ICN57-P5'), (b'X-Amz-Cf-Id', b'46KSlkAfikr7kx9YtLzSyiB2kbCUcDGwxy1SWf9v4XjtbHqS2fkFIg==')])
INFO 2026-06-26 05:35:33 _client.py:1025 HTTP Request: HEAD https://huggingface.co/datasets/coport-uni/FR5_task3_turn_the_sliver_air_valve_90_degress_counterclockwise/resolve/3f9ac6f4546fc52d193d2b043b97b60d458ab6d7/data/chunk-000/file-001.parquet "HTTP/1.1 302 Found"
DEBUG 2026-06-26 05:35:33 re/_trace.py:47 receive_response_body.started request=<Request [b'HEAD']>
DEBUG 2026-06-26 05:35:33 re/_trace.py:47 receive_response_body.complete
DEBUG 2026-06-26 05:35:33 re/_trace.py:47 response_closed.started
DEBUG 2026-06-26 05:35:33 re/_trace.py:47 response_closed.complete
DEBUG 2026-06-26 05:35:33 ock/_api.py:501 Attempting to acquire lock 130841553707488 on /root/.cache/huggingface/lerobot/coport-uni/FR5_task3_turn_the_sliver_air_valve_90_degress_counterclockwise/.cache/huggingface/download/data/chunk-000/file-001.parquet.lock
DEBUG 2026-06-26 05:35:33 ock/_api.py:504 Lock 130841553707488 acquired on /root/.cache/huggingface/lerobot/coport-uni/FR5_task3_turn_the_sliver_air_valve_90_degress_counterclockwise/.cache/huggingface/download/data/chunk-000/file-001.parquet.lock
DEBUG 2026-06-26 05:35:33 re/_trace.py:47 receive_response_headers.complete return_value=(b'HTTP/1.1', 302, b'Found', [(b'Content-Type', b'text/plain; charset=utf-8'), (b'Content-Length', b'1064'), (b'Connection', b'keep-alive'), (b'Date', b'Fri, 26 Jun 2026 05:35:33 GMT'), (b'Location', b'https://cas-bridge.xethub.hf.co/xet-bridge-us/6a3bd3d805d60eef965b73d1/d71a2f7a75a15f51476ca942d982c67c8b0875517c770694a1f9239c82c6749b?Expires=1782455733&Policy=eyJTdGF0ZW1lbnQiOlt7IlJlc291cmNlIjoiaHR0cHM6Ly9jYXMtYnJpZGdlLnhldGh1Yi5oZi5jby94ZXQtYnJpZGdlLXVzLzZhM2JkM2Q4MDVkNjBlZWY5NjViNzNkMS9kNzFhMmY3YTc1YTE1ZjUxNDc2Y2E5NDJkOTgyYzY3YzhiMDg3NTUxN2M3NzA2OTRhMWY5MjM5YzgyYzY3NDliKiIsIkNvbmRpdGlvbiI6eyJEYXRlTGVzc1RoYW4iOnsiQVdTOkVwb2NoVGltZSI6MTc4MjQ1NTczM319fV19&Signature=MEUCIDJ8WV%7Eg26hbRWZd%7Eeg93FgxnsTBBap3Xo%7EOOhRjh%7ErNAiEAiU%7EMv7O6iq7K915wpaCH6TS4gO8Us6tYh5Md3C%7EFGhc_&Key-Pair-Id=K1LYXO563TGWFU&response-content-type=video%2Fmp4&X-Xet-Cas-Uid=6968a8befacf9a9b049da27a&response-content-disposition=inline%3B+filename*%3DUTF-8%27%27file-000.mp4%3B+filename%3D%22file-000.mp4%22%3B&X-Amz-Algorithm=AWS4-HMAC-SHA256&X-Amz-Credential=cas%2F20260626%2Fus-east-1%2Fs3%2Faws4_request&X-Amz-Date=20260626T053533Z&X-Amz-Expires=3600&X-Amz-SignedHeaders=host&X-Amz-Signature=5346581c5f60890d3338880bb51034305567e0746d605596a4cdfcc558fe1828'), (b'X-Powered-By', b'huggingface-moon'), (b'X-Request-Id', b'Root=1-6a3e0fa5-4ea498e65fd6b92f3e7044cf;e9b41ee6-b0f6-49e3-8085-110ff3303665'), (b'RateLimit', b'"resolvers";r=4979;t=189'), (b'RateLimit-Policy', b'"fixed window";"resolvers";q=5000;w=300'), (b'cross-origin-opener-policy', b'same-origin'), (b'Referrer-Policy', b'strict-origin-when-cross-origin'), (b'Access-Control-Max-Age', b'86400'), (b'Access-Control-Allow-Origin', b'https://huggingface.co'), (b'Vary', b'Origin, Accept'), (b'Access-Control-Expose-Headers', b'X-Repo-Commit,X-Request-Id,X-Error-Code,X-Error-Message,X-Total-Count,ETag,Link,Accept-Ranges,Content-Range,X-Linked-Size,X-Linked-ETag,X-Xet-Hash'), (b'X-Repo-Commit', b'3f9ac6f4546fc52d193d2b043b97b60d458ab6d7'), (b'Accept-Ranges', b'bytes'), (b'X-Hub-Cache', b'MISS'), (b'X-Linked-Size', b'79130566'), (b'X-Linked-ETag', b'"8ed5eac6400539720ac1282eb50b10a70b5d55fcd13c697cdd8b7815a53c01ea"'), (b'X-Xet-Hash', b'd71a2f7a75a15f51476ca942d982c67c8b0875517c770694a1f9239c82c6749b'), (b'Link', b'<https://huggingface.co/api/datasets/coport-uni/FR5_task3_turn_the_sliver_air_valve_90_degress_counterclockwise/xet-read-token/3f9ac6f4546fc52d193d2b043b97b60d458ab6d7>; rel="xet-auth", <https://cas-server.xethub.hf.co/v1/reconstructions/d71a2f7a75a15f51476ca942d982c67c8b0875517c770694a1f9239c82c6749b>; rel="xet-reconstruction-info"'), (b'X-Cache', b'Miss from cloudfront'), (b'Via', b'1.1 585f4a417478f2c595c6349bb58bcd98.cloudfront.net (CloudFront)'), (b'X-Amz-Cf-Pop', b'ICN57-P5'), (b'X-Amz-Cf-Id', b'ABmbYEsDrxVfB3qgOf_QSybhQOXN9Cl6MCnITRI0lvfZ4t0KrGhkAg==')])
INFO 2026-06-26 05:35:33 _client.py:1025 HTTP Request: HEAD https://huggingface.co/datasets/coport-uni/FR5_task3_turn_the_sliver_air_valve_90_degress_counterclockwise/resolve/3f9ac6f4546fc52d193d2b043b97b60d458ab6d7/videos/observation.images.hand/chunk-000/file-000.mp4 "HTTP/1.1 302 Found"
DEBUG 2026-06-26 05:35:33 re/_trace.py:47 receive_response_body.started request=<Request [b'HEAD']>
DEBUG 2026-06-26 05:35:33 re/_trace.py:47 receive_response_body.complete
DEBUG 2026-06-26 05:35:33 re/_trace.py:47 response_closed.started
DEBUG 2026-06-26 05:35:33 re/_trace.py:47 response_closed.complete
DEBUG 2026-06-26 05:35:33 ock/_api.py:501 Attempting to acquire lock 130841553441408 on /root/.cache/huggingface/lerobot/coport-uni/FR5_task3_turn_the_sliver_air_valve_90_degress_counterclockwise/.cache/huggingface/download/videos/observation.images.hand/chunk-000/file-000.mp4.lock
DEBUG 2026-06-26 05:35:33 ock/_api.py:504 Lock 130841553441408 acquired on /root/.cache/huggingface/lerobot/coport-uni/FR5_task3_turn_the_sliver_air_valve_90_degress_counterclockwise/.cache/huggingface/download/videos/observation.images.hand/chunk-000/file-000.mp4.lock
DEBUG 2026-06-26 05:35:33 re/_trace.py:47 receive_response_headers.complete return_value=(b'HTTP/1.1', 302, b'Found', [(b'Content-Type', b'text/plain; charset=utf-8'), (b'Content-Length', b'1060'), (b'Connection', b'keep-alive'), (b'Date', b'Fri, 26 Jun 2026 05:35:33 GMT'), (b'Location', b'https://us.aws.cdn.hf.co/xet-bridge-us/6a3bd3d805d60eef965b73d1/3439790ff4060eecae08873e8beb6ecdd9990acb965637c1ed9a619152f9cdb1?response-content-disposition=inline%3B+filename*%3DUTF-8%27%27file-004.parquet%3B+filename%3D%22file-004.parquet%22%3B&user_id=6968a8befacf9a9b049da27a&X-Xet-Cas-Uid=6968a8befacf9a9b049da27a&Expires=1782455733&Policy=eyJTdGF0ZW1lbnQiOlt7IlJlc291cmNlIjoiaHR0cHM6Ly91cy5hd3MuY2RuLmhmLmNvL3hldC1icmlkZ2UtdXMvNmEzYmQzZDgwNWQ2MGVlZjk2NWI3M2QxLzM0Mzk3OTBmZjQwNjBlZWNhZTA4ODczZThiZWI2ZWNkZDk5OTBhY2I5NjU2MzdjMWVkOWE2MTkxNTJmOWNkYjFcXD9yZXNwb25zZS1jb250ZW50LWRpc3Bvc2l0aW9uPWlubGluZSUzQitmaWxlbmFtZSUyQSUzRFVURi04JTI3JTI3ZmlsZS0wMDQucGFycXVldCUzQitmaWxlbmFtZSUzRCUyMmZpbGUtMDA0LnBhcnF1ZXQlMjIlM0ImdXNlcl9pZD02OTY4YThiZWZhY2Y5YTliMDQ5ZGEyN2EmWC1YZXQtQ2FzLVVpZD02OTY4YThiZWZhY2Y5YTliMDQ5ZGEyN2EiLCJDb25kaXRpb24iOnsiRGF0ZUxlc3NUaGFuIjp7IkVwb2NoVGltZSI6MTc4MjQ1NTczM319fV19&Signature=MEYCIQC70ImeDSSWMftg2WKO6GZoesCRhDUBlfSHxVt1mOy1iwIhAO9hHU9e8k2nIlXntdkNKs2cTrHaaqP%7EHt0kDg9gPQaz&Key-Pair-Id=01KAYHXK2CBJSW0YZTMNXK9W1M'), (b'X-Powered-By', b'huggingface-moon'), (b'X-Request-Id', b'Root=1-6a3e0fa5-1b25c48c4b7275791d7ed76e;df9311f8-8f5f-4f79-b22b-ac78aad4d939'), (b'RateLimit', b'"resolvers";r=4978;t=189'), (b'RateLimit-Policy', b'"fixed window";"resolvers";q=5000;w=300'), (b'cross-origin-opener-policy', b'same-origin'), (b'Referrer-Policy', b'strict-origin-when-cross-origin'), (b'Access-Control-Max-Age', b'86400'), (b'Access-Control-Allow-Origin', b'https://huggingface.co'), (b'Vary', b'Origin, Accept'), (b'Access-Control-Expose-Headers', b'X-Repo-Commit,X-Request-Id,X-Error-Code,X-Error-Message,X-Total-Count,ETag,Link,Accept-Ranges,Content-Range,X-Linked-Size,X-Linked-ETag,X-Xet-Hash'), (b'X-Repo-Commit', b'3f9ac6f4546fc52d193d2b043b97b60d458ab6d7'), (b'Accept-Ranges', b'bytes'), (b'X-Hub-Cache', b'MISS'), (b'X-Linked-Size', b'405061'), (b'X-Linked-ETag', b'"dd11dbcf4618ffb79599d35aff36e28c2817868f5db834db4e933d598ff8a9f8"'), (b'X-Xet-Hash', b'3439790ff4060eecae08873e8beb6ecdd9990acb965637c1ed9a619152f9cdb1'), (b'Link', b'<https://huggingface.co/api/datasets/coport-uni/FR5_task3_turn_the_sliver_air_valve_90_degress_counterclockwise/xet-read-token/3f9ac6f4546fc52d193d2b043b97b60d458ab6d7>; rel="xet-auth", <https://cas-server.xethub.hf.co/v1/reconstructions/3439790ff4060eecae08873e8beb6ecdd9990acb965637c1ed9a619152f9cdb1>; rel="xet-reconstruction-info"'), (b'X-Cache', b'Miss from cloudfront'), (b'Via', b'1.1 00691a186801498f22935a668f623f14.cloudfront.net (CloudFront)'), (b'X-Amz-Cf-Pop', b'ICN57-P5'), (b'X-Amz-Cf-Id', b'sr8uoVkm8csDpPteev4aHFQ0c5BiGnr7yki1qCPdk_32gFeNFdNjOA==')])
INFO 2026-06-26 05:35:33 _client.py:1025 HTTP Request: HEAD https://huggingface.co/datasets/coport-uni/FR5_task3_turn_the_sliver_air_valve_90_degress_counterclockwise/resolve/3f9ac6f4546fc52d193d2b043b97b60d458ab6d7/data/chunk-000/file-004.parquet "HTTP/1.1 302 Found"
DEBUG 2026-06-26 05:35:33 re/_trace.py:47 receive_response_body.started request=<Request [b'HEAD']>
DEBUG 2026-06-26 05:35:33 re/_trace.py:47 receive_response_body.complete
DEBUG 2026-06-26 05:35:33 re/_trace.py:47 response_closed.started
DEBUG 2026-06-26 05:35:33 re/_trace.py:47 response_closed.complete
DEBUG 2026-06-26 05:35:33 ock/_api.py:501 Attempting to acquire lock 130831648614848 on /root/.cache/huggingface/lerobot/coport-uni/FR5_task3_turn_the_sliver_air_valve_90_degress_counterclockwise/.cache/huggingface/download/data/chunk-000/file-004.parquet.lock
DEBUG 2026-06-26 05:35:33 ock/_api.py:504 Lock 130831648614848 acquired on /root/.cache/huggingface/lerobot/coport-uni/FR5_task3_turn_the_sliver_air_valve_90_degress_counterclockwise/.cache/huggingface/download/data/chunk-000/file-004.parquet.lock
DEBUG 2026-06-26 05:35:33 re/_trace.py:47 receive_response_headers.complete return_value=(b'HTTP/1.1', 302, b'Found', [(b'Content-Type', b'text/plain; charset=utf-8'), (b'Content-Length', b'1028'), (b'Connection', b'keep-alive'), (b'Date', b'Fri, 26 Jun 2026 05:35:33 GMT'), (b'Location', b'https://cas-bridge.xethub.hf.co/xet-bridge-us/6a3bd3d805d60eef965b73d1/4df70cc1e6b1414731882932533140f1819dfe01f0b3b7f2fb19c0b28e12b917?Expires=1782455733&Policy=eyJTdGF0ZW1lbnQiOlt7IlJlc291cmNlIjoiaHR0cHM6Ly9jYXMtYnJpZGdlLnhldGh1Yi5oZi5jby94ZXQtYnJpZGdlLXVzLzZhM2JkM2Q4MDVkNjBlZWY5NjViNzNkMS80ZGY3MGNjMWU2YjE0MTQ3MzE4ODI5MzI1MzMxNDBmMTgxOWRmZTAxZjBiM2I3ZjJmYjE5YzBiMjhlMTJiOTE3KiIsIkNvbmRpdGlvbiI6eyJEYXRlTGVzc1RoYW4iOnsiQVdTOkVwb2NoVGltZSI6MTc4MjQ1NTczM319fV19&Signature=MEYCIQCSnR2FjpWGLNbejt7%7Eu3ssgzPlJ8qMKC2BPFme8-UzTQIhALjfkPiqamT6bM-UHyUsWPJwr0r5pP5PA3dUwpjzN0SL&Key-Pair-Id=K1LYXO563TGWFU&X-Xet-Cas-Uid=6968a8befacf9a9b049da27a&response-content-disposition=inline%3B+filename*%3DUTF-8%27%27file-002.parquet%3B+filename%3D%22file-002.parquet%22%3B&X-Amz-Algorithm=AWS4-HMAC-SHA256&X-Amz-Credential=cas%2F20260626%2Fus-east-1%2Fs3%2Faws4_request&X-Amz-Date=20260626T053533Z&X-Amz-Expires=3600&X-Amz-SignedHeaders=host&X-Amz-Signature=c07ccf61e569c00c1b1aa841c3e0da76624e1dde8c3544b80003275d8978c82a'), (b'X-Powered-By', b'huggingface-moon'), (b'X-Request-Id', b'Root=1-6a3e0fa5-07d947922168ebcf5326a69c;2fc21367-03ea-4c97-abc0-508e66ca0b0d'), (b'RateLimit', b'"resolvers";r=4977;t=189'), (b'RateLimit-Policy', b'"fixed window";"resolvers";q=5000;w=300'), (b'cross-origin-opener-policy', b'same-origin'), (b'Referrer-Policy', b'strict-origin-when-cross-origin'), (b'Access-Control-Max-Age', b'86400'), (b'Access-Control-Allow-Origin', b'https://huggingface.co'), (b'Vary', b'Origin, Accept'), (b'Access-Control-Expose-Headers', b'X-Repo-Commit,X-Request-Id,X-Error-Code,X-Error-Message,X-Total-Count,ETag,Link,Accept-Ranges,Content-Range,X-Linked-Size,X-Linked-ETag,X-Xet-Hash'), (b'X-Repo-Commit', b'3f9ac6f4546fc52d193d2b043b97b60d458ab6d7'), (b'Accept-Ranges', b'bytes'), (b'X-Hub-Cache', b'MISS'), (b'X-Linked-Size', b'426718'), (b'X-Linked-ETag', b'"9fa9194262b3ba5e860ac04756528d216be91ff27499dd3696724889104c881d"'), (b'X-Xet-Hash', b'4df70cc1e6b1414731882932533140f1819dfe01f0b3b7f2fb19c0b28e12b917'), (b'Link', b'<https://huggingface.co/api/datasets/coport-uni/FR5_task3_turn_the_sliver_air_valve_90_degress_counterclockwise/xet-read-token/3f9ac6f4546fc52d193d2b043b97b60d458ab6d7>; rel="xet-auth", <https://cas-server.xethub.hf.co/v1/reconstructions/4df70cc1e6b1414731882932533140f1819dfe01f0b3b7f2fb19c0b28e12b917>; rel="xet-reconstruction-info"'), (b'X-Cache', b'Miss from cloudfront'), (b'Via', b'1.1 585f4a417478f2c595c6349bb58bcd98.cloudfront.net (CloudFront)'), (b'X-Amz-Cf-Pop', b'ICN57-P5'), (b'X-Amz-Cf-Id', b'oSaWqZ7fYXP38oIBtEt3nOOfMjRMkCvjJsLwWMZPhOuPeZViLUQTdw==')])
INFO 2026-06-26 05:35:33 _client.py:1025 HTTP Request: HEAD https://huggingface.co/datasets/coport-uni/FR5_task3_turn_the_sliver_air_valve_90_degress_counterclockwise/resolve/3f9ac6f4546fc52d193d2b043b97b60d458ab6d7/data/chunk-000/file-002.parquet "HTTP/1.1 302 Found"
DEBUG 2026-06-26 05:35:33 re/_trace.py:47 receive_response_body.started request=<Request [b'HEAD']>
DEBUG 2026-06-26 05:35:33 re/_trace.py:47 receive_response_body.complete
DEBUG 2026-06-26 05:35:33 re/_trace.py:47 response_closed.started
DEBUG 2026-06-26 05:35:33 re/_trace.py:47 response_closed.complete
DEBUG 2026-06-26 05:35:33 ock/_api.py:501 Attempting to acquire lock 130832694938416 on /root/.cache/huggingface/lerobot/coport-uni/FR5_task3_turn_the_sliver_air_valve_90_degress_counterclockwise/.cache/huggingface/download/data/chunk-000/file-002.parquet.lock
DEBUG 2026-06-26 05:35:33 ock/_api.py:504 Lock 130832694938416 acquired on /root/.cache/huggingface/lerobot/coport-uni/FR5_task3_turn_the_sliver_air_valve_90_degress_counterclockwise/.cache/huggingface/download/data/chunk-000/file-002.parquet.lock
DEBUG 2026-06-26 05:35:33 re/_trace.py:47 receive_response_headers.complete return_value=(b'HTTP/1.1', 200, b'OK', [(b'Content-Type', b'text/plain; charset=utf-8'), (b'Content-Length', b'4810'), (b'Connection', b'keep-alive'), (b'Date', b'Fri, 26 Jun 2026 05:35:33 GMT'), (b'ETag', b'"8a5279476e320c10f84fd6be3b9a4224ff5f2b95"'), (b'X-Powered-By', b'huggingface-moon'), (b'X-Request-Id', b'Root=1-6a3e0fa5-37ae146c37ee9ef01f2aab32;3a3a05bc-d8c0-4e96-972f-bfb17a3aa6b1'), (b'RateLimit', b'"resolvers";r=4976;t=189'), (b'RateLimit-Policy', b'"fixed window";"resolvers";q=5000;w=300'), (b'cross-origin-opener-policy', b'same-origin'), (b'Referrer-Policy', b'strict-origin-when-cross-origin'), (b'Access-Control-Max-Age', b'86400'), (b'Access-Control-Allow-Origin', b'https://huggingface.co'), (b'Access-Control-Expose-Headers', b'X-Repo-Commit,X-Request-Id,X-Error-Code,X-Error-Message,X-Total-Count,ETag,Link,Accept-Ranges,Content-Range,X-Linked-Size,X-Linked-ETag,X-Xet-Hash'), (b'X-Repo-Commit', b'3f9ac6f4546fc52d193d2b043b97b60d458ab6d7'), (b'Accept-Ranges', b'bytes'), (b'X-Hub-Cache', b'MISS'), (b'Content-Disposition', b'inline; filename*=UTF-8\'\'README.md; filename="README.md";'), (b'Content-Security-Policy', b"default-src 'none'; sandbox"), (b'Vary', b'Origin'), (b'X-Cache', b'Miss from cloudfront'), (b'Via', b'1.1 37c31ae647e34e692a37bcfb149c2802.cloudfront.net (CloudFront)'), (b'X-Amz-Cf-Pop', b'ICN57-P5'), (b'X-Amz-Cf-Id', b'YCFTfV3Ok72Ohk7H4hQzzZxwEszkhGFgay-nExvZT8F0u5EsPZCCWg==')])
INFO 2026-06-26 05:35:33 _client.py:1025 HTTP Request: HEAD https://huggingface.co/api/resolve-cache/datasets/coport-uni/FR5_task3_turn_the_sliver_air_valve_90_degress_counterclockwise/3f9ac6f4546fc52d193d2b043b97b60d458ab6d7/README.md "HTTP/1.1 200 OK"
DEBUG 2026-06-26 05:35:33 re/_trace.py:47 receive_response_body.started request=<Request [b'HEAD']>
DEBUG 2026-06-26 05:35:33 re/_trace.py:47 receive_response_body.complete
DEBUG 2026-06-26 05:35:33 re/_trace.py:47 response_closed.started
DEBUG 2026-06-26 05:35:33 re/_trace.py:47 response_closed.complete
DEBUG 2026-06-26 05:35:33 ock/_api.py:501 Attempting to acquire lock 130832694565760 on /root/.cache/huggingface/lerobot/coport-uni/FR5_task3_turn_the_sliver_air_valve_90_degress_counterclockwise/.cache/huggingface/download/README.md.lock
DEBUG 2026-06-26 05:35:33 ock/_api.py:504 Lock 130832694565760 acquired on /root/.cache/huggingface/lerobot/coport-uni/FR5_task3_turn_the_sliver_air_valve_90_degress_counterclockwise/.cache/huggingface/download/README.md.lock
DEBUG 2026-06-26 05:35:33 re/_trace.py:47 send_request_headers.started request=<Request [b'GET']>
DEBUG 2026-06-26 05:35:33 re/_trace.py:47 send_request_headers.complete
DEBUG 2026-06-26 05:35:33 re/_trace.py:47 send_request_body.started request=<Request [b'GET']>
DEBUG 2026-06-26 05:35:33 re/_trace.py:47 send_request_body.complete
DEBUG 2026-06-26 05:35:33 re/_trace.py:47 receive_response_headers.started request=<Request [b'GET']>
DEBUG 2026-06-26 05:35:33 re/_trace.py:47 receive_response_headers.complete return_value=(b'HTTP/1.1', 200, b'OK', [(b'Content-Type', b'text/plain; charset=utf-8'), (b'Content-Length', b'2504'), (b'Connection', b'keep-alive'), (b'Date', b'Fri, 26 Jun 2026 05:35:33 GMT'), (b'ETag', b'"bed0738c7eeb449bca98b5d2f33c89a1ee56349a"'), (b'X-Powered-By', b'huggingface-moon'), (b'X-Request-Id', b'Root=1-6a3e0fa5-2b2086717c6988604e9e612c;e0f340dc-f073-4580-abf7-a12b76f27bf0'), (b'RateLimit', b'"resolvers";r=4975;t=189'), (b'RateLimit-Policy', b'"fixed window";"resolvers";q=5000;w=300'), (b'cross-origin-opener-policy', b'same-origin'), (b'Referrer-Policy', b'strict-origin-when-cross-origin'), (b'Access-Control-Max-Age', b'86400'), (b'Access-Control-Allow-Origin', b'https://huggingface.co'), (b'Access-Control-Expose-Headers', b'X-Repo-Commit,X-Request-Id,X-Error-Code,X-Error-Message,X-Total-Count,ETag,Link,Accept-Ranges,Content-Range,X-Linked-Size,X-Linked-ETag,X-Xet-Hash'), (b'X-Repo-Commit', b'3f9ac6f4546fc52d193d2b043b97b60d458ab6d7'), (b'Accept-Ranges', b'bytes'), (b'X-Hub-Cache', b'MISS'), (b'Content-Disposition', b'inline; filename*=UTF-8\'\'.gitattributes; filename=".gitattributes";'), (b'Content-Security-Policy', b"default-src 'none'; sandbox"), (b'Vary', b'Origin'), (b'X-Cache', b'Miss from cloudfront'), (b'Via', b'1.1 1ffaab99be603658502bc9751758efb0.cloudfront.net (CloudFront)'), (b'X-Amz-Cf-Pop', b'ICN57-P5'), (b'X-Amz-Cf-Id', b'dVX6ZsUGt1sOZ-F6eSYqQ5eVI8cWjfqLmo3BnKZmYuzoQb6fiz8ajg==')])
INFO 2026-06-26 05:35:33 _client.py:1025 HTTP Request: HEAD https://huggingface.co/api/resolve-cache/datasets/coport-uni/FR5_task3_turn_the_sliver_air_valve_90_degress_counterclockwise/3f9ac6f4546fc52d193d2b043b97b60d458ab6d7/.gitattributes "HTTP/1.1 200 OK"
DEBUG 2026-06-26 05:35:33 re/_trace.py:47 receive_response_body.started request=<Request [b'HEAD']>
DEBUG 2026-06-26 05:35:33 re/_trace.py:47 receive_response_body.complete
DEBUG 2026-06-26 05:35:33 re/_trace.py:47 response_closed.started
DEBUG 2026-06-26 05:35:33 re/_trace.py:47 response_closed.complete
DEBUG 2026-06-26 05:35:33 ock/_api.py:501 Attempting to acquire lock 130841553446448 on /root/.cache/huggingface/lerobot/coport-uni/FR5_task3_turn_the_sliver_air_valve_90_degress_counterclockwise/.cache/huggingface/download/.gitattributes.lock
DEBUG 2026-06-26 05:35:33 ock/_api.py:504 Lock 130841553446448 acquired on /root/.cache/huggingface/lerobot/coport-uni/FR5_task3_turn_the_sliver_air_valve_90_degress_counterclockwise/.cache/huggingface/download/.gitattributes.lock
DEBUG 2026-06-26 05:35:33 re/_trace.py:47 send_request_headers.started request=<Request [b'GET']>
DEBUG 2026-06-26 05:35:33 re/_trace.py:47 send_request_headers.complete
DEBUG 2026-06-26 05:35:33 re/_trace.py:47 send_request_body.started request=<Request [b'GET']>
DEBUG 2026-06-26 05:35:33 re/_trace.py:47 send_request_body.complete
DEBUG 2026-06-26 05:35:33 re/_trace.py:47 receive_response_headers.started request=<Request [b'GET']>
DEBUG 2026-06-26 05:35:34 re/_trace.py:47 receive_response_headers.complete return_value=(b'HTTP/1.1', 200, b'OK', [(b'Content-Type', b'text/plain; charset=utf-8'), (b'Transfer-Encoding', b'chunked'), (b'Connection', b'keep-alive'), (b'Date', b'Fri, 26 Jun 2026 05:35:34 GMT'), (b'Content-Encoding', b'gzip'), (b'ETag', b'W/"8a5279476e320c10f84fd6be3b9a4224ff5f2b95"'), (b'X-Powered-By', b'huggingface-moon'), (b'X-Request-Id', b'Root=1-6a3e0fa6-52bec4c4165a5c520ef97846;d05dad93-eec8-4032-a1a0-61363c674aad'), (b'RateLimit', b'"resolvers";r=4974;t=188'), (b'RateLimit-Policy', b'"fixed window";"resolvers";q=5000;w=300'), (b'cross-origin-opener-policy', b'same-origin'), (b'Referrer-Policy', b'strict-origin-when-cross-origin'), (b'Access-Control-Max-Age', b'86400'), (b'Access-Control-Allow-Origin', b'https://huggingface.co'), (b'Access-Control-Expose-Headers', b'X-Repo-Commit,X-Request-Id,X-Error-Code,X-Error-Message,X-Total-Count,ETag,Link,Accept-Ranges,Content-Range,X-Linked-Size,X-Linked-ETag,X-Xet-Hash'), (b'X-Repo-Commit', b'3f9ac6f4546fc52d193d2b043b97b60d458ab6d7'), (b'Content-Security-Policy', b"default-src 'none'; sandbox"), (b'Content-Disposition', b'inline; filename*=UTF-8\'\'README.md; filename="README.md";'), (b'Vary', b'Origin,Accept-Encoding'), (b'X-Cache', b'Miss from cloudfront'), (b'Via', b'1.1 37c31ae647e34e692a37bcfb149c2802.cloudfront.net (CloudFront)'), (b'X-Amz-Cf-Pop', b'ICN57-P5'), (b'X-Amz-Cf-Id', b'pLfqbsssepAWfe4fQWwHJ709UZRF_Q6yReQyBucWRqzSrHlX-XLrZw==')])
INFO 2026-06-26 05:35:34 _client.py:1025 HTTP Request: GET https://huggingface.co/api/resolve-cache/datasets/coport-uni/FR5_task3_turn_the_sliver_air_valve_90_degress_counterclockwise/3f9ac6f4546fc52d193d2b043b97b60d458ab6d7/README.md "HTTP/1.1 200 OK"
DEBUG 2026-06-26 05:35:34 re/_trace.py:47 receive_response_body.started request=<Request [b'GET']>
DEBUG 2026-06-26 05:35:34 re/_trace.py:47 receive_response_body.complete
DEBUG 2026-06-26 05:35:34 re/_trace.py:47 response_closed.started
DEBUG 2026-06-26 05:35:34 re/_trace.py:47 response_closed.complete
DEBUG 2026-06-26 05:35:34 ock/_api.py:541 Attempting to release lock 130832694565760 on /root/.cache/huggingface/lerobot/coport-uni/FR5_task3_turn_the_sliver_air_valve_90_degress_counterclockwise/.cache/huggingface/download/README.md.lock
DEBUG 2026-06-26 05:35:34 ock/_api.py:545 Lock 130832694565760 released on /root/.cache/huggingface/lerobot/coport-uni/FR5_task3_turn_the_sliver_air_valve_90_degress_counterclockwise/.cache/huggingface/download/README.md.lock
DEBUG 2026-06-26 05:35:34 ock/_api.py:501 Attempting to acquire lock 130841554213808 on /root/.cache/huggingface/lerobot/coport-uni/FR5_task3_turn_the_sliver_air_valve_90_degress_counterclockwise/.cache/huggingface/download/README.md.lock
DEBUG 2026-06-26 05:35:34 ock/_api.py:504 Lock 130841554213808 acquired on /root/.cache/huggingface/lerobot/coport-uni/FR5_task3_turn_the_sliver_air_valve_90_degress_counterclockwise/.cache/huggingface/download/README.md.lock
DEBUG 2026-06-26 05:35:34 ock/_api.py:541 Attempting to release lock 130841554213808 on /root/.cache/huggingface/lerobot/coport-uni/FR5_task3_turn_the_sliver_air_valve_90_degress_counterclockwise/.cache/huggingface/download/README.md.lock
DEBUG 2026-06-26 05:35:34 ock/_api.py:545 Lock 130841554213808 released on /root/.cache/huggingface/lerobot/coport-uni/FR5_task3_turn_the_sliver_air_valve_90_degress_counterclockwise/.cache/huggingface/download/README.md.lock
DEBUG 2026-06-26 05:35:34 ock/_api.py:501 Attempting to acquire lock 130841553866576 on /root/.cache/huggingface/lerobot/coport-uni/FR5_task3_turn_the_sliver_air_valve_90_degress_counterclockwise/.cache/huggingface/download/videos/observation.images.hand/chunk-000/file-001.mp4.lock
DEBUG 2026-06-26 05:35:34 ock/_api.py:504 Lock 130841553866576 acquired on /root/.cache/huggingface/lerobot/coport-uni/FR5_task3_turn_the_sliver_air_valve_90_degress_counterclockwise/.cache/huggingface/download/videos/observation.images.hand/chunk-000/file-001.mp4.lock
DEBUG 2026-06-26 05:35:34 ock/_api.py:541 Attempting to release lock 130841553866576 on /root/.cache/huggingface/lerobot/coport-uni/FR5_task3_turn_the_sliver_air_valve_90_degress_counterclockwise/.cache/huggingface/download/videos/observation.images.hand/chunk-000/file-001.mp4.lock
DEBUG 2026-06-26 05:35:34 ock/_api.py:545 Lock 130841553866576 released on /root/.cache/huggingface/lerobot/coport-uni/FR5_task3_turn_the_sliver_air_valve_90_degress_counterclockwise/.cache/huggingface/download/videos/observation.images.hand/chunk-000/file-001.mp4.lock
DEBUG 2026-06-26 05:35:34 re/_trace.py:47 send_request_headers.started request=<Request [b'HEAD']>
DEBUG 2026-06-26 05:35:34 re/_trace.py:47 send_request_headers.complete
DEBUG 2026-06-26 05:35:34 re/_trace.py:47 send_request_body.started request=<Request [b'HEAD']>
DEBUG 2026-06-26 05:35:34 re/_trace.py:47 send_request_body.complete
DEBUG 2026-06-26 05:35:34 re/_trace.py:47 receive_response_headers.started request=<Request [b'HEAD']>
DEBUG 2026-06-26 05:35:34 re/_trace.py:47 receive_response_headers.complete return_value=(b'HTTP/1.1', 200, b'OK', [(b'Content-Type', b'text/plain; charset=utf-8'), (b'Transfer-Encoding', b'chunked'), (b'Connection', b'keep-alive'), (b'Date', b'Fri, 26 Jun 2026 05:35:34 GMT'), (b'Content-Encoding', b'gzip'), (b'ETag', b'W/"bed0738c7eeb449bca98b5d2f33c89a1ee56349a"'), (b'X-Powered-By', b'huggingface-moon'), (b'X-Request-Id', b'Root=1-6a3e0fa6-40cba99d01e22f5f0420218c;9685d046-e283-403c-9378-b2895c806c97'), (b'RateLimit', b'"resolvers";r=4973;t=188'), (b'RateLimit-Policy', b'"fixed window";"resolvers";q=5000;w=300'), (b'cross-origin-opener-policy', b'same-origin'), (b'Referrer-Policy', b'strict-origin-when-cross-origin'), (b'Access-Control-Max-Age', b'86400'), (b'Access-Control-Allow-Origin', b'https://huggingface.co'), (b'Access-Control-Expose-Headers', b'X-Repo-Commit,X-Request-Id,X-Error-Code,X-Error-Message,X-Total-Count,ETag,Link,Accept-Ranges,Content-Range,X-Linked-Size,X-Linked-ETag,X-Xet-Hash'), (b'X-Repo-Commit', b'3f9ac6f4546fc52d193d2b043b97b60d458ab6d7'), (b'Content-Security-Policy', b"default-src 'none'; sandbox"), (b'Content-Disposition', b'inline; filename*=UTF-8\'\'.gitattributes; filename=".gitattributes";'), (b'Vary', b'Origin,Accept-Encoding'), (b'X-Cache', b'Miss from cloudfront'), (b'Via', b'1.1 1ffaab99be603658502bc9751758efb0.cloudfront.net (CloudFront)'), (b'X-Amz-Cf-Pop', b'ICN57-P5'), (b'X-Amz-Cf-Id', b'WUrjPlgHUANjozlk_v4BcvV6x_TSgskKmqwrGXFnVaZnOkInt0X0Gg==')])
INFO 2026-06-26 05:35:34 _client.py:1025 HTTP Request: GET https://huggingface.co/api/resolve-cache/datasets/coport-uni/FR5_task3_turn_the_sliver_air_valve_90_degress_counterclockwise/3f9ac6f4546fc52d193d2b043b97b60d458ab6d7/.gitattributes "HTTP/1.1 200 OK"
DEBUG 2026-06-26 05:35:34 re/_trace.py:47 receive_response_body.started request=<Request [b'GET']>
DEBUG 2026-06-26 05:35:34 re/_trace.py:47 receive_response_body.complete
DEBUG 2026-06-26 05:35:34 re/_trace.py:47 response_closed.started
DEBUG 2026-06-26 05:35:34 re/_trace.py:47 response_closed.complete
DEBUG 2026-06-26 05:35:34 ock/_api.py:541 Attempting to release lock 130841553446448 on /root/.cache/huggingface/lerobot/coport-uni/FR5_task3_turn_the_sliver_air_valve_90_degress_counterclockwise/.cache/huggingface/download/.gitattributes.lock
DEBUG 2026-06-26 05:35:34 ock/_api.py:545 Lock 130841553446448 released on /root/.cache/huggingface/lerobot/coport-uni/FR5_task3_turn_the_sliver_air_valve_90_degress_counterclockwise/.cache/huggingface/download/.gitattributes.lock
DEBUG 2026-06-26 05:35:34 ock/_api.py:501 Attempting to acquire lock 130832695158464 on /root/.cache/huggingface/lerobot/coport-uni/FR5_task3_turn_the_sliver_air_valve_90_degress_counterclockwise/.cache/huggingface/download/.gitattributes.lock
DEBUG 2026-06-26 05:35:34 ock/_api.py:504 Lock 130832695158464 acquired on /root/.cache/huggingface/lerobot/coport-uni/FR5_task3_turn_the_sliver_air_valve_90_degress_counterclockwise/.cache/huggingface/download/.gitattributes.lock
DEBUG 2026-06-26 05:35:34 ock/_api.py:541 Attempting to release lock 130832695158464 on /root/.cache/huggingface/lerobot/coport-uni/FR5_task3_turn_the_sliver_air_valve_90_degress_counterclockwise/.cache/huggingface/download/.gitattributes.lock
DEBUG 2026-06-26 05:35:34 ock/_api.py:545 Lock 130832695158464 released on /root/.cache/huggingface/lerobot/coport-uni/FR5_task3_turn_the_sliver_air_valve_90_degress_counterclockwise/.cache/huggingface/download/.gitattributes.lock
DEBUG 2026-06-26 05:35:34 ock/_api.py:501 Attempting to acquire lock 130841554216880 on /root/.cache/huggingface/lerobot/coport-uni/FR5_task3_turn_the_sliver_air_valve_90_degress_counterclockwise/.cache/huggingface/download/videos/observation.images.hand/chunk-000/file-002.mp4.lock
DEBUG 2026-06-26 05:35:34 ock/_api.py:504 Lock 130841554216880 acquired on /root/.cache/huggingface/lerobot/coport-uni/FR5_task3_turn_the_sliver_air_valve_90_degress_counterclockwise/.cache/huggingface/download/videos/observation.images.hand/chunk-000/file-002.mp4.lock
DEBUG 2026-06-26 05:35:34 ock/_api.py:541 Attempting to release lock 130841554216880 on /root/.cache/huggingface/lerobot/coport-uni/FR5_task3_turn_the_sliver_air_valve_90_degress_counterclockwise/.cache/huggingface/download/videos/observation.images.hand/chunk-000/file-002.mp4.lock
DEBUG 2026-06-26 05:35:34 ock/_api.py:545 Lock 130841554216880 released on /root/.cache/huggingface/lerobot/coport-uni/FR5_task3_turn_the_sliver_air_valve_90_degress_counterclockwise/.cache/huggingface/download/videos/observation.images.hand/chunk-000/file-002.mp4.lock
DEBUG 2026-06-26 05:35:34 re/_trace.py:47 send_request_headers.started request=<Request [b'HEAD']>
DEBUG 2026-06-26 05:35:34 re/_trace.py:47 send_request_headers.complete
DEBUG 2026-06-26 05:35:34 re/_trace.py:47 send_request_body.started request=<Request [b'HEAD']>
DEBUG 2026-06-26 05:35:34 re/_trace.py:47 send_request_body.complete
DEBUG 2026-06-26 05:35:34 re/_trace.py:47 receive_response_headers.started request=<Request [b'HEAD']>
DEBUG 2026-06-26 05:35:34 re/_trace.py:47 receive_response_headers.complete return_value=(b'HTTP/1.1', 302, b'Found', [(b'Content-Type', b'text/plain; charset=utf-8'), (b'Content-Length', b'1056'), (b'Connection', b'keep-alive'), (b'Date', b'Fri, 26 Jun 2026 05:35:34 GMT'), (b'Location', b'https://cas-bridge.xethub.hf.co/xet-bridge-us/6a3bd3d805d60eef965b73d1/4430538fcd3149b900d4ee8420c8796ec411da50e7ec22d338dfefd42249d845?Expires=1782455734&Policy=eyJTdGF0ZW1lbnQiOlt7IlJlc291cmNlIjoiaHR0cHM6Ly9jYXMtYnJpZGdlLnhldGh1Yi5oZi5jby94ZXQtYnJpZGdlLXVzLzZhM2JkM2Q4MDVkNjBlZWY5NjViNzNkMS80NDMwNTM4ZmNkMzE0OWI5MDBkNGVlODQyMGM4Nzk2ZWM0MTFkYTUwZTdlYzIyZDMzOGRmZWZkNDIyNDlkODQ1KiIsIkNvbmRpdGlvbiI6eyJEYXRlTGVzc1RoYW4iOnsiQVdTOkVwb2NoVGltZSI6MTc4MjQ1NTczNH19fV19&Signature=MEUCIQCsAEOhc4Lsp3z0shLdxCN20iQlL4%7ETDJQpijlTzSRs7gIgNpXckGSMOktb-j%7EQBMjyXVBcd1ntvhopzggq8YmaYiA_&Key-Pair-Id=K1LYXO563TGWFU&X-Xet-Cas-Uid=6968a8befacf9a9b049da27a&response-content-disposition=inline%3B+filename*%3DUTF-8%27%27file-001.mp4%3B+filename%3D%22file-001.mp4%22%3B&response-content-type=video%2Fmp4&X-Amz-Algorithm=AWS4-HMAC-SHA256&X-Amz-Credential=cas%2F20260626%2Fus-east-1%2Fs3%2Faws4_request&X-Amz-Date=20260626T053534Z&X-Amz-Expires=3600&X-Amz-SignedHeaders=host&X-Amz-Signature=9256870f5b791445ea509aba8ba623bbe3fddf1ab7b4b43e1e2375f886540d32'), (b'X-Powered-By', b'huggingface-moon'), (b'X-Request-Id', b'Root=1-6a3e0fa6-114912a62c42985119b6d6b7;43efcb9e-292b-4fdf-bb92-a79f01b03225'), (b'RateLimit', b'"resolvers";r=4972;t=188'), (b'RateLimit-Policy', b'"fixed window";"resolvers";q=5000;w=300'), (b'cross-origin-opener-policy', b'same-origin'), (b'Referrer-Policy', b'strict-origin-when-cross-origin'), (b'Access-Control-Max-Age', b'86400'), (b'Access-Control-Allow-Origin', b'https://huggingface.co'), (b'Vary', b'Origin, Accept'), (b'Access-Control-Expose-Headers', b'X-Repo-Commit,X-Request-Id,X-Error-Code,X-Error-Message,X-Total-Count,ETag,Link,Accept-Ranges,Content-Range,X-Linked-Size,X-Linked-ETag,X-Xet-Hash'), (b'X-Repo-Commit', b'3f9ac6f4546fc52d193d2b043b97b60d458ab6d7'), (b'Accept-Ranges', b'bytes'), (b'X-Hub-Cache', b'MISS'), (b'X-Linked-Size', b'67662613'), (b'X-Linked-ETag', b'"1758b7d1076b4575f9f99f4c34b6d5253f72d49b56a13674fb8c882a1dda8c04"'), (b'X-Xet-Hash', b'4430538fcd3149b900d4ee8420c8796ec411da50e7ec22d338dfefd42249d845'), (b'Link', b'<https://huggingface.co/api/datasets/coport-uni/FR5_task3_turn_the_sliver_air_valve_90_degress_counterclockwise/xet-read-token/3f9ac6f4546fc52d193d2b043b97b60d458ab6d7>; rel="xet-auth", <https://cas-server.xethub.hf.co/v1/reconstructions/4430538fcd3149b900d4ee8420c8796ec411da50e7ec22d338dfefd42249d845>; rel="xet-reconstruction-info"'), (b'X-Cache', b'Miss from cloudfront'), (b'Via', b'1.1 37c31ae647e34e692a37bcfb149c2802.cloudfront.net (CloudFront)'), (b'X-Amz-Cf-Pop', b'ICN57-P5'), (b'X-Amz-Cf-Id', b'UE-30IZROz-gCho9loWcviGxnfVT6RSVKNnzZ-vyisk5ITCJyg_GZw==')])
INFO 2026-06-26 05:35:34 _client.py:1025 HTTP Request: HEAD https://huggingface.co/datasets/coport-uni/FR5_task3_turn_the_sliver_air_valve_90_degress_counterclockwise/resolve/3f9ac6f4546fc52d193d2b043b97b60d458ab6d7/videos/observation.images.hand/chunk-000/file-001.mp4 "HTTP/1.1 302 Found"
DEBUG 2026-06-26 05:35:34 re/_trace.py:47 receive_response_body.started request=<Request [b'HEAD']>
DEBUG 2026-06-26 05:35:34 re/_trace.py:47 receive_response_body.complete
DEBUG 2026-06-26 05:35:34 re/_trace.py:47 response_closed.started
DEBUG 2026-06-26 05:35:34 re/_trace.py:47 response_closed.complete
DEBUG 2026-06-26 05:35:34 ock/_api.py:501 Attempting to acquire lock 130831648594192 on /root/.cache/huggingface/lerobot/coport-uni/FR5_task3_turn_the_sliver_air_valve_90_degress_counterclockwise/.cache/huggingface/download/videos/observation.images.hand/chunk-000/file-001.mp4.lock
DEBUG 2026-06-26 05:35:34 ock/_api.py:504 Lock 130831648594192 acquired on /root/.cache/huggingface/lerobot/coport-uni/FR5_task3_turn_the_sliver_air_valve_90_degress_counterclockwise/.cache/huggingface/download/videos/observation.images.hand/chunk-000/file-001.mp4.lock
DEBUG 2026-06-26 05:35:34 re/_trace.py:47 receive_response_headers.complete return_value=(b'HTTP/1.1', 302, b'Found', [(b'Content-Type', b'text/plain; charset=utf-8'), (b'Content-Length', b'1058'), (b'Connection', b'keep-alive'), (b'Date', b'Fri, 26 Jun 2026 05:35:34 GMT'), (b'Location', b'https://cas-bridge.xethub.hf.co/xet-bridge-us/6a3bd3d805d60eef965b73d1/b00d9892d283ffab5e7fe64ae9ce47d9e2695f2abc72845aef04497be7c80f24?Expires=1782455734&Policy=eyJTdGF0ZW1lbnQiOlt7IlJlc291cmNlIjoiaHR0cHM6Ly9jYXMtYnJpZGdlLnhldGh1Yi5oZi5jby94ZXQtYnJpZGdlLXVzLzZhM2JkM2Q4MDVkNjBlZWY5NjViNzNkMS9iMDBkOTg5MmQyODNmZmFiNWU3ZmU2NGFlOWNlNDdkOWUyNjk1ZjJhYmM3Mjg0NWFlZjA0NDk3YmU3YzgwZjI0KiIsIkNvbmRpdGlvbiI6eyJEYXRlTGVzc1RoYW4iOnsiQVdTOkVwb2NoVGltZSI6MTc4MjQ1NTczNH19fV19&Signature=MEYCIQDLY%7Eis1pY2lZCrz5IidBVFiYF8sBNvaj%7EIyRZPoBk0mQIhAP2cAUQg16LOipPBcxVLxLce5XuEfctkAfKz%7ER3Acazw&Key-Pair-Id=K1LYXO563TGWFU&response-content-type=video%2Fmp4&response-content-disposition=inline%3B+filename*%3DUTF-8%27%27file-002.mp4%3B+filename%3D%22file-002.mp4%22%3B&X-Xet-Cas-Uid=6968a8befacf9a9b049da27a&X-Amz-Algorithm=AWS4-HMAC-SHA256&X-Amz-Credential=cas%2F20260626%2Fus-east-1%2Fs3%2Faws4_request&X-Amz-Date=20260626T053534Z&X-Amz-Expires=3600&X-Amz-SignedHeaders=host&X-Amz-Signature=2f6621d4f16545d2c683a1f638a17658208b3206f1b997df3e7d5eaca6806c7a'), (b'X-Powered-By', b'huggingface-moon'), (b'X-Request-Id', b'Root=1-6a3e0fa6-7f7d81b71224b94c66ba55ec;fe597c44-b84c-4cab-8157-71a9e983b6fc'), (b'RateLimit', b'"resolvers";r=4971;t=188'), (b'RateLimit-Policy', b'"fixed window";"resolvers";q=5000;w=300'), (b'cross-origin-opener-policy', b'same-origin'), (b'Referrer-Policy', b'strict-origin-when-cross-origin'), (b'Access-Control-Max-Age', b'86400'), (b'Access-Control-Allow-Origin', b'https://huggingface.co'), (b'Vary', b'Origin, Accept'), (b'Access-Control-Expose-Headers', b'X-Repo-Commit,X-Request-Id,X-Error-Code,X-Error-Message,X-Total-Count,ETag,Link,Accept-Ranges,Content-Range,X-Linked-Size,X-Linked-ETag,X-Xet-Hash'), (b'X-Repo-Commit', b'3f9ac6f4546fc52d193d2b043b97b60d458ab6d7'), (b'Accept-Ranges', b'bytes'), (b'X-Hub-Cache', b'MISS'), (b'X-Linked-Size', b'75850701'), (b'X-Linked-ETag', b'"340ff52f75ad3818420ddd5288f6c83c45c5540ce7e4d710e1b4856e545d995b"'), (b'X-Xet-Hash', b'b00d9892d283ffab5e7fe64ae9ce47d9e2695f2abc72845aef04497be7c80f24'), (b'Link', b'<https://huggingface.co/api/datasets/coport-uni/FR5_task3_turn_the_sliver_air_valve_90_degress_counterclockwise/xet-read-token/3f9ac6f4546fc52d193d2b043b97b60d458ab6d7>; rel="xet-auth", <https://cas-server.xethub.hf.co/v1/reconstructions/b00d9892d283ffab5e7fe64ae9ce47d9e2695f2abc72845aef04497be7c80f24>; rel="xet-reconstruction-info"'), (b'X-Cache', b'Miss from cloudfront'), (b'Via', b'1.1 1ffaab99be603658502bc9751758efb0.cloudfront.net (CloudFront)'), (b'X-Amz-Cf-Pop', b'ICN57-P5'), (b'X-Amz-Cf-Id', b'NcjCsXFUM8h6hdK4T6wJdSJwm1xaJIuXK49Ntd6lcifTAbJHr5Xgrw==')])
INFO 2026-06-26 05:35:34 _client.py:1025 HTTP Request: HEAD https://huggingface.co/datasets/coport-uni/FR5_task3_turn_the_sliver_air_valve_90_degress_counterclockwise/resolve/3f9ac6f4546fc52d193d2b043b97b60d458ab6d7/videos/observation.images.hand/chunk-000/file-002.mp4 "HTTP/1.1 302 Found"
DEBUG 2026-06-26 05:35:34 re/_trace.py:47 receive_response_body.started request=<Request [b'HEAD']>
DEBUG 2026-06-26 05:35:34 re/_trace.py:47 receive_response_body.complete
DEBUG 2026-06-26 05:35:34 re/_trace.py:47 response_closed.started
DEBUG 2026-06-26 05:35:34 re/_trace.py:47 response_closed.complete
DEBUG 2026-06-26 05:35:34 ock/_api.py:501 Attempting to acquire lock 130841553446160 on /root/.cache/huggingface/lerobot/coport-uni/FR5_task3_turn_the_sliver_air_valve_90_degress_counterclockwise/.cache/huggingface/download/videos/observation.images.hand/chunk-000/file-002.mp4.lock
DEBUG 2026-06-26 05:35:34 ock/_api.py:504 Lock 130841553446160 acquired on /root/.cache/huggingface/lerobot/coport-uni/FR5_task3_turn_the_sliver_air_valve_90_degress_counterclockwise/.cache/huggingface/download/videos/observation.images.hand/chunk-000/file-002.mp4.lock
DEBUG 2026-06-26 05:35:35 ock/_api.py:541 Attempting to release lock 130832694938416 on /root/.cache/huggingface/lerobot/coport-uni/FR5_task3_turn_the_sliver_air_valve_90_degress_counterclockwise/.cache/huggingface/download/data/chunk-000/file-002.parquet.lock
DEBUG 2026-06-26 05:35:35 ock/_api.py:545 Lock 130832694938416 released on /root/.cache/huggingface/lerobot/coport-uni/FR5_task3_turn_the_sliver_air_valve_90_degress_counterclockwise/.cache/huggingface/download/data/chunk-000/file-002.parquet.lock
DEBUG 2026-06-26 05:35:35 ock/_api.py:541 Attempting to release lock 130841553707488 on /root/.cache/huggingface/lerobot/coport-uni/FR5_task3_turn_the_sliver_air_valve_90_degress_counterclockwise/.cache/huggingface/download/data/chunk-000/file-001.parquet.lock
DEBUG 2026-06-26 05:35:35 ock/_api.py:501 Attempting to acquire lock 130832694938416 on /root/.cache/huggingface/lerobot/coport-uni/FR5_task3_turn_the_sliver_air_valve_90_degress_counterclockwise/.cache/huggingface/download/data/chunk-000/file-002.parquet.lock
DEBUG 2026-06-26 05:35:35 ock/_api.py:504 Lock 130832694938416 acquired on /root/.cache/huggingface/lerobot/coport-uni/FR5_task3_turn_the_sliver_air_valve_90_degress_counterclockwise/.cache/huggingface/download/data/chunk-000/file-002.parquet.lock
DEBUG 2026-06-26 05:35:35 ock/_api.py:545 Lock 130841553707488 released on /root/.cache/huggingface/lerobot/coport-uni/FR5_task3_turn_the_sliver_air_valve_90_degress_counterclockwise/.cache/huggingface/download/data/chunk-000/file-001.parquet.lock
DEBUG 2026-06-26 05:35:35 ock/_api.py:541 Attempting to release lock 130832694938416 on /root/.cache/huggingface/lerobot/coport-uni/FR5_task3_turn_the_sliver_air_valve_90_degress_counterclockwise/.cache/huggingface/download/data/chunk-000/file-002.parquet.lock
DEBUG 2026-06-26 05:35:35 ock/_api.py:545 Lock 130832694938416 released on /root/.cache/huggingface/lerobot/coport-uni/FR5_task3_turn_the_sliver_air_valve_90_degress_counterclockwise/.cache/huggingface/download/data/chunk-000/file-002.parquet.lock
DEBUG 2026-06-26 05:35:35 ock/_api.py:501 Attempting to acquire lock 130841553744768 on /root/.cache/huggingface/lerobot/coport-uni/FR5_task3_turn_the_sliver_air_valve_90_degress_counterclockwise/.cache/huggingface/download/data/chunk-000/file-001.parquet.lock
DEBUG 2026-06-26 05:35:35 ock/_api.py:504 Lock 130841553744768 acquired on /root/.cache/huggingface/lerobot/coport-uni/FR5_task3_turn_the_sliver_air_valve_90_degress_counterclockwise/.cache/huggingface/download/data/chunk-000/file-001.parquet.lock
DEBUG 2026-06-26 05:35:35 ock/_api.py:541 Attempting to release lock 130841553744768 on /root/.cache/huggingface/lerobot/coport-uni/FR5_task3_turn_the_sliver_air_valve_90_degress_counterclockwise/.cache/huggingface/download/data/chunk-000/file-001.parquet.lock
DEBUG 2026-06-26 05:35:35 ock/_api.py:545 Lock 130841553744768 released on /root/.cache/huggingface/lerobot/coport-uni/FR5_task3_turn_the_sliver_air_valve_90_degress_counterclockwise/.cache/huggingface/download/data/chunk-000/file-001.parquet.lock
DEBUG 2026-06-26 05:35:35 ock/_api.py:501 Attempting to acquire lock 130831648608704 on /root/.cache/huggingface/lerobot/coport-uni/FR5_task3_turn_the_sliver_air_valve_90_degress_counterclockwise/.cache/huggingface/download/videos/observation.images.hand/chunk-000/file-003.mp4.lock
DEBUG 2026-06-26 05:35:35 ock/_api.py:504 Lock 130831648608704 acquired on /root/.cache/huggingface/lerobot/coport-uni/FR5_task3_turn_the_sliver_air_valve_90_degress_counterclockwise/.cache/huggingface/download/videos/observation.images.hand/chunk-000/file-003.mp4.lock
DEBUG 2026-06-26 05:35:35 ock/_api.py:541 Attempting to release lock 130831648608704 on /root/.cache/huggingface/lerobot/coport-uni/FR5_task3_turn_the_sliver_air_valve_90_degress_counterclockwise/.cache/huggingface/download/videos/observation.images.hand/chunk-000/file-003.mp4.lock
DEBUG 2026-06-26 05:35:35 ock/_api.py:545 Lock 130831648608704 released on /root/.cache/huggingface/lerobot/coport-uni/FR5_task3_turn_the_sliver_air_valve_90_degress_counterclockwise/.cache/huggingface/download/videos/observation.images.hand/chunk-000/file-003.mp4.lock
DEBUG 2026-06-26 05:35:35 ock/_api.py:501 Attempting to acquire lock 130831648606640 on /root/.cache/huggingface/lerobot/coport-uni/FR5_task3_turn_the_sliver_air_valve_90_degress_counterclockwise/.cache/huggingface/download/videos/observation.images.hand/chunk-000/file-004.mp4.lock
DEBUG 2026-06-26 05:35:35 re/_trace.py:47 send_request_headers.started request=<Request [b'HEAD']>
DEBUG 2026-06-26 05:35:35 ock/_api.py:504 Lock 130831648606640 acquired on /root/.cache/huggingface/lerobot/coport-uni/FR5_task3_turn_the_sliver_air_valve_90_degress_counterclockwise/.cache/huggingface/download/videos/observation.images.hand/chunk-000/file-004.mp4.lock
DEBUG 2026-06-26 05:35:35 ock/_api.py:541 Attempting to release lock 130831648606640 on /root/.cache/huggingface/lerobot/coport-uni/FR5_task3_turn_the_sliver_air_valve_90_degress_counterclockwise/.cache/huggingface/download/videos/observation.images.hand/chunk-000/file-004.mp4.lock
DEBUG 2026-06-26 05:35:35 re/_trace.py:47 send_request_headers.complete
DEBUG 2026-06-26 05:35:35 re/_trace.py:47 send_request_body.started request=<Request [b'HEAD']>
DEBUG 2026-06-26 05:35:35 re/_trace.py:47 send_request_body.complete
DEBUG 2026-06-26 05:35:35 re/_trace.py:47 receive_response_headers.started request=<Request [b'HEAD']>
DEBUG 2026-06-26 05:35:35 ock/_api.py:545 Lock 130831648606640 released on /root/.cache/huggingface/lerobot/coport-uni/FR5_task3_turn_the_sliver_air_valve_90_degress_counterclockwise/.cache/huggingface/download/videos/observation.images.hand/chunk-000/file-004.mp4.lock
DEBUG 2026-06-26 05:35:35 re/_trace.py:47 send_request_headers.started request=<Request [b'HEAD']>
DEBUG 2026-06-26 05:35:35 re/_trace.py:47 send_request_headers.complete
DEBUG 2026-06-26 05:35:35 re/_trace.py:47 send_request_body.started request=<Request [b'HEAD']>
DEBUG 2026-06-26 05:35:35 re/_trace.py:47 send_request_body.complete
DEBUG 2026-06-26 05:35:35 re/_trace.py:47 receive_response_headers.started request=<Request [b'HEAD']>
DEBUG 2026-06-26 05:35:35 ock/_api.py:541 Attempting to release lock 130841553699568 on /root/.cache/huggingface/lerobot/coport-uni/FR5_task3_turn_the_sliver_air_valve_90_degress_counterclockwise/.cache/huggingface/download/data/chunk-000/file-000.parquet.lock
DEBUG 2026-06-26 05:35:35 ock/_api.py:545 Lock 130841553699568 released on /root/.cache/huggingface/lerobot/coport-uni/FR5_task3_turn_the_sliver_air_valve_90_degress_counterclockwise/.cache/huggingface/download/data/chunk-000/file-000.parquet.lock
DEBUG 2026-06-26 05:35:35 ock/_api.py:501 Attempting to acquire lock 130841553714208 on /root/.cache/huggingface/lerobot/coport-uni/FR5_task3_turn_the_sliver_air_valve_90_degress_counterclockwise/.cache/huggingface/download/data/chunk-000/file-000.parquet.lock
DEBUG 2026-06-26 05:35:35 ock/_api.py:504 Lock 130841553714208 acquired on /root/.cache/huggingface/lerobot/coport-uni/FR5_task3_turn_the_sliver_air_valve_90_degress_counterclockwise/.cache/huggingface/download/data/chunk-000/file-000.parquet.lock
DEBUG 2026-06-26 05:35:35 ock/_api.py:541 Attempting to release lock 130841553714208 on /root/.cache/huggingface/lerobot/coport-uni/FR5_task3_turn_the_sliver_air_valve_90_degress_counterclockwise/.cache/huggingface/download/data/chunk-000/file-000.parquet.lock
DEBUG 2026-06-26 05:35:35 ock/_api.py:545 Lock 130841553714208 released on /root/.cache/huggingface/lerobot/coport-uni/FR5_task3_turn_the_sliver_air_valve_90_degress_counterclockwise/.cache/huggingface/download/data/chunk-000/file-000.parquet.lock
DEBUG 2026-06-26 05:35:35 ock/_api.py:501 Attempting to acquire lock 130831648607600 on /root/.cache/huggingface/lerobot/coport-uni/FR5_task3_turn_the_sliver_air_valve_90_degress_counterclockwise/.cache/huggingface/download/videos/observation.images.top_left/chunk-000/file-000.mp4.lock
DEBUG 2026-06-26 05:35:35 ock/_api.py:504 Lock 130831648607600 acquired on /root/.cache/huggingface/lerobot/coport-uni/FR5_task3_turn_the_sliver_air_valve_90_degress_counterclockwise/.cache/huggingface/download/videos/observation.images.top_left/chunk-000/file-000.mp4.lock
DEBUG 2026-06-26 05:35:35 ock/_api.py:541 Attempting to release lock 130831648607600 on /root/.cache/huggingface/lerobot/coport-uni/FR5_task3_turn_the_sliver_air_valve_90_degress_counterclockwise/.cache/huggingface/download/videos/observation.images.top_left/chunk-000/file-000.mp4.lock
DEBUG 2026-06-26 05:35:35 ock/_api.py:545 Lock 130831648607600 released on /root/.cache/huggingface/lerobot/coport-uni/FR5_task3_turn_the_sliver_air_valve_90_degress_counterclockwise/.cache/huggingface/download/videos/observation.images.top_left/chunk-000/file-000.mp4.lock
DEBUG 2026-06-26 05:35:35 re/_trace.py:47 send_request_headers.started request=<Request [b'HEAD']>
DEBUG 2026-06-26 05:35:35 re/_trace.py:47 send_request_headers.complete
DEBUG 2026-06-26 05:35:35 re/_trace.py:47 send_request_body.started request=<Request [b'HEAD']>
DEBUG 2026-06-26 05:35:35 re/_trace.py:47 send_request_body.complete
DEBUG 2026-06-26 05:35:35 re/_trace.py:47 receive_response_headers.started request=<Request [b'HEAD']>
DEBUG 2026-06-26 05:35:35 ock/_api.py:541 Attempting to release lock 130831648614848 on /root/.cache/huggingface/lerobot/coport-uni/FR5_task3_turn_the_sliver_air_valve_90_degress_counterclockwise/.cache/huggingface/download/data/chunk-000/file-004.parquet.lock
DEBUG 2026-06-26 05:35:35 ock/_api.py:545 Lock 130831648614848 released on /root/.cache/huggingface/lerobot/coport-uni/FR5_task3_turn_the_sliver_air_valve_90_degress_counterclockwise/.cache/huggingface/download/data/chunk-000/file-004.parquet.lock
DEBUG 2026-06-26 05:35:35 ock/_api.py:501 Attempting to acquire lock 130831648614848 on /root/.cache/huggingface/lerobot/coport-uni/FR5_task3_turn_the_sliver_air_valve_90_degress_counterclockwise/.cache/huggingface/download/data/chunk-000/file-004.parquet.lock
DEBUG 2026-06-26 05:35:35 ock/_api.py:504 Lock 130831648614848 acquired on /root/.cache/huggingface/lerobot/coport-uni/FR5_task3_turn_the_sliver_air_valve_90_degress_counterclockwise/.cache/huggingface/download/data/chunk-000/file-004.parquet.lock
DEBUG 2026-06-26 05:35:35 ock/_api.py:541 Attempting to release lock 130831648614848 on /root/.cache/huggingface/lerobot/coport-uni/FR5_task3_turn_the_sliver_air_valve_90_degress_counterclockwise/.cache/huggingface/download/data/chunk-000/file-004.parquet.lock
DEBUG 2026-06-26 05:35:35 ock/_api.py:545 Lock 130831648614848 released on /root/.cache/huggingface/lerobot/coport-uni/FR5_task3_turn_the_sliver_air_valve_90_degress_counterclockwise/.cache/huggingface/download/data/chunk-000/file-004.parquet.lock
DEBUG 2026-06-26 05:35:35 ock/_api.py:501 Attempting to acquire lock 130831648614704 on /root/.cache/huggingface/lerobot/coport-uni/FR5_task3_turn_the_sliver_air_valve_90_degress_counterclockwise/.cache/huggingface/download/videos/observation.images.top_left/chunk-000/file-001.mp4.lock
DEBUG 2026-06-26 05:35:35 ock/_api.py:504 Lock 130831648614704 acquired on /root/.cache/huggingface/lerobot/coport-uni/FR5_task3_turn_the_sliver_air_valve_90_degress_counterclockwise/.cache/huggingface/download/videos/observation.images.top_left/chunk-000/file-001.mp4.lock
DEBUG 2026-06-26 05:35:35 ock/_api.py:541 Attempting to release lock 130831648614704 on /root/.cache/huggingface/lerobot/coport-uni/FR5_task3_turn_the_sliver_air_valve_90_degress_counterclockwise/.cache/huggingface/download/videos/observation.images.top_left/chunk-000/file-001.mp4.lock
DEBUG 2026-06-26 05:35:35 ock/_api.py:545 Lock 130831648614704 released on /root/.cache/huggingface/lerobot/coport-uni/FR5_task3_turn_the_sliver_air_valve_90_degress_counterclockwise/.cache/huggingface/download/videos/observation.images.top_left/chunk-000/file-001.mp4.lock
DEBUG 2026-06-26 05:35:35 re/_trace.py:47 send_request_headers.started request=<Request [b'HEAD']>
DEBUG 2026-06-26 05:35:35 re/_trace.py:47 send_request_headers.complete
DEBUG 2026-06-26 05:35:35 re/_trace.py:47 send_request_body.started request=<Request [b'HEAD']>
DEBUG 2026-06-26 05:35:35 re/_trace.py:47 send_request_body.complete
DEBUG 2026-06-26 05:35:35 re/_trace.py:47 receive_response_headers.started request=<Request [b'HEAD']>
DEBUG 2026-06-26 05:35:35 re/_trace.py:47 receive_response_headers.complete return_value=(b'HTTP/1.1', 302, b'Found', [(b'Content-Type', b'text/plain; charset=utf-8'), (b'Content-Length', b'1056'), (b'Connection', b'keep-alive'), (b'Date', b'Fri, 26 Jun 2026 05:35:35 GMT'), (b'Location', b'https://cas-bridge.xethub.hf.co/xet-bridge-us/6a3bd3d805d60eef965b73d1/4a6c175e03c63aab2af38ff7eb185c97d76c5f3448713cfced34acebf97ffe2b?Expires=1782455735&Policy=eyJTdGF0ZW1lbnQiOlt7IlJlc291cmNlIjoiaHR0cHM6Ly9jYXMtYnJpZGdlLnhldGh1Yi5oZi5jby94ZXQtYnJpZGdlLXVzLzZhM2JkM2Q4MDVkNjBlZWY5NjViNzNkMS80YTZjMTc1ZTAzYzYzYWFiMmFmMzhmZjdlYjE4NWM5N2Q3NmM1ZjM0NDg3MTNjZmNlZDM0YWNlYmY5N2ZmZTJiKiIsIkNvbmRpdGlvbiI6eyJEYXRlTGVzc1RoYW4iOnsiQVdTOkVwb2NoVGltZSI6MTc4MjQ1NTczNX19fV19&Signature=MEQCICGwpevQp-xPSj1JdjIapOOrSjUwaPb7JqKI5sBCFH2cAiB9yJQRKE5eQupvy%7EatWs5HH6XNkHddHN92%7ETi5M3jf0g__&Key-Pair-Id=K1LYXO563TGWFU&response-content-disposition=inline%3B+filename*%3DUTF-8%27%27file-004.mp4%3B+filename%3D%22file-004.mp4%22%3B&X-Xet-Cas-Uid=6968a8befacf9a9b049da27a&response-content-type=video%2Fmp4&X-Amz-Algorithm=AWS4-HMAC-SHA256&X-Amz-Credential=cas%2F20260626%2Fus-east-1%2Fs3%2Faws4_request&X-Amz-Date=20260626T053535Z&X-Amz-Expires=3600&X-Amz-SignedHeaders=host&X-Amz-Signature=6fd37cfe0d5dc69c0380f37cd83f97e94c4c8f38fe8ece82c1683c49cac856e0'), (b'X-Powered-By', b'huggingface-moon'), (b'X-Request-Id', b'Root=1-6a3e0fa7-51f9514d2b5b77f96b0affb2;4a58cec1-0d84-48e3-864f-9df667124c03'), (b'RateLimit', b'"resolvers";r=4970;t=187'), (b'RateLimit-Policy', b'"fixed window";"resolvers";q=5000;w=300'), (b'cross-origin-opener-policy', b'same-origin'), (b'Referrer-Policy', b'strict-origin-when-cross-origin'), (b'Access-Control-Max-Age', b'86400'), (b'Access-Control-Allow-Origin', b'https://huggingface.co'), (b'Vary', b'Origin, Accept'), (b'Access-Control-Expose-Headers', b'X-Repo-Commit,X-Request-Id,X-Error-Code,X-Error-Message,X-Total-Count,ETag,Link,Accept-Ranges,Content-Range,X-Linked-Size,X-Linked-ETag,X-Xet-Hash'), (b'X-Repo-Commit', b'3f9ac6f4546fc52d193d2b043b97b60d458ab6d7'), (b'Accept-Ranges', b'bytes'), (b'X-Hub-Cache', b'MISS'), (b'X-Linked-Size', b'75359420'), (b'X-Linked-ETag', b'"9c014c4fe09a8d1d20aee794bf024bc842fe844002d655ea8afa287ce78abb1a"'), (b'X-Xet-Hash', b'4a6c175e03c63aab2af38ff7eb185c97d76c5f3448713cfced34acebf97ffe2b'), (b'Link', b'<https://huggingface.co/api/datasets/coport-uni/FR5_task3_turn_the_sliver_air_valve_90_degress_counterclockwise/xet-read-token/3f9ac6f4546fc52d193d2b043b97b60d458ab6d7>; rel="xet-auth", <https://cas-server.xethub.hf.co/v1/reconstructions/4a6c175e03c63aab2af38ff7eb185c97d76c5f3448713cfced34acebf97ffe2b>; rel="xet-reconstruction-info"'), (b'X-Cache', b'Miss from cloudfront'), (b'Via', b'1.1 1ffaab99be603658502bc9751758efb0.cloudfront.net (CloudFront)'), (b'X-Amz-Cf-Pop', b'ICN57-P5'), (b'X-Amz-Cf-Id', b'S4ZWNWIBVZ5Y4ujplxhpv73joymmIFhtJWZnKB97x-dXmNEOmZHumA==')])
INFO 2026-06-26 05:35:35 _client.py:1025 HTTP Request: HEAD https://huggingface.co/datasets/coport-uni/FR5_task3_turn_the_sliver_air_valve_90_degress_counterclockwise/resolve/3f9ac6f4546fc52d193d2b043b97b60d458ab6d7/videos/observation.images.hand/chunk-000/file-004.mp4 "HTTP/1.1 302 Found"
DEBUG 2026-06-26 05:35:35 re/_trace.py:47 receive_response_body.started request=<Request [b'HEAD']>
DEBUG 2026-06-26 05:35:35 re/_trace.py:47 receive_response_body.complete
DEBUG 2026-06-26 05:35:35 re/_trace.py:47 response_closed.started
DEBUG 2026-06-26 05:35:35 re/_trace.py:47 response_closed.complete
DEBUG 2026-06-26 05:35:35 ock/_api.py:501 Attempting to acquire lock 130831648639792 on /root/.cache/huggingface/lerobot/coport-uni/FR5_task3_turn_the_sliver_air_valve_90_degress_counterclockwise/.cache/huggingface/download/videos/observation.images.hand/chunk-000/file-004.mp4.lock
DEBUG 2026-06-26 05:35:35 ock/_api.py:504 Lock 130831648639792 acquired on /root/.cache/huggingface/lerobot/coport-uni/FR5_task3_turn_the_sliver_air_valve_90_degress_counterclockwise/.cache/huggingface/download/videos/observation.images.hand/chunk-000/file-004.mp4.lock
DEBUG 2026-06-26 05:35:35 re/_trace.py:47 receive_response_headers.complete return_value=(b'HTTP/1.1', 302, b'Found', [(b'Content-Type', b'text/plain; charset=utf-8'), (b'Content-Length', b'1052'), (b'Connection', b'keep-alive'), (b'Date', b'Fri, 26 Jun 2026 05:35:35 GMT'), (b'Location', b'https://cas-bridge.xethub.hf.co/xet-bridge-us/6a3bd3d805d60eef965b73d1/570ebc6079539fb7ffaf3ea43df63a64b0a58a72f4a1c1ac5badffac5e928da9?Expires=1782455735&Policy=eyJTdGF0ZW1lbnQiOlt7IlJlc291cmNlIjoiaHR0cHM6Ly9jYXMtYnJpZGdlLnhldGh1Yi5oZi5jby94ZXQtYnJpZGdlLXVzLzZhM2JkM2Q4MDVkNjBlZWY5NjViNzNkMS81NzBlYmM2MDc5NTM5ZmI3ZmZhZjNlYTQzZGY2M2E2NGIwYTU4YTcyZjRhMWMxYWM1YmFkZmZhYzVlOTI4ZGE5KiIsIkNvbmRpdGlvbiI6eyJEYXRlTGVzc1RoYW4iOnsiQVdTOkVwb2NoVGltZSI6MTc4MjQ1NTczNX19fV19&Signature=MEUCIFA3FUzfZ5UluCm3FwOb5sdDhm5DsH8SevMG7tu1HAOxAiEA1KvM6x3QogCtb9guO9ekz1DeC2N8IJuSzZSMLLwwsBg_&Key-Pair-Id=K1LYXO563TGWFU&response-content-type=video%2Fmp4&response-content-disposition=inline%3B+filename*%3DUTF-8%27%27file-003.mp4%3B+filename%3D%22file-003.mp4%22%3B&X-Xet-Cas-Uid=6968a8befacf9a9b049da27a&X-Amz-Algorithm=AWS4-HMAC-SHA256&X-Amz-Credential=cas%2F20260626%2Fus-east-1%2Fs3%2Faws4_request&X-Amz-Date=20260626T053535Z&X-Amz-Expires=3600&X-Amz-SignedHeaders=host&X-Amz-Signature=179ab4d723b828ea4eae841a1f21ba2dbbd52b7547ca169566c85deca0b43030'), (b'X-Powered-By', b'huggingface-moon'), (b'X-Request-Id', b'Root=1-6a3e0fa7-391ecfeb03a45bdf20444e04;59015a20-d557-466b-a6ca-9eeaf4790bd5'), (b'RateLimit', b'"resolvers";r=4969;t=187'), (b'RateLimit-Policy', b'"fixed window";"resolvers";q=5000;w=300'), (b'cross-origin-opener-policy', b'same-origin'), (b'Referrer-Policy', b'strict-origin-when-cross-origin'), (b'Access-Control-Max-Age', b'86400'), (b'Access-Control-Allow-Origin', b'https://huggingface.co'), (b'Vary', b'Origin, Accept'), (b'Access-Control-Expose-Headers', b'X-Repo-Commit,X-Request-Id,X-Error-Code,X-Error-Message,X-Total-Count,ETag,Link,Accept-Ranges,Content-Range,X-Linked-Size,X-Linked-ETag,X-Xet-Hash'), (b'X-Repo-Commit', b'3f9ac6f4546fc52d193d2b043b97b60d458ab6d7'), (b'Accept-Ranges', b'bytes'), (b'X-Hub-Cache', b'MISS'), (b'X-Linked-Size', b'79966043'), (b'X-Linked-ETag', b'"5f2ab2008a62a7c1bb1df4c80fb3b98a28988b047b7bb39a371b5bed482b17c0"'), (b'X-Xet-Hash', b'570ebc6079539fb7ffaf3ea43df63a64b0a58a72f4a1c1ac5badffac5e928da9'), (b'Link', b'<https://huggingface.co/api/datasets/coport-uni/FR5_task3_turn_the_sliver_air_valve_90_degress_counterclockwise/xet-read-token/3f9ac6f4546fc52d193d2b043b97b60d458ab6d7>; rel="xet-auth", <https://cas-server.xethub.hf.co/v1/reconstructions/570ebc6079539fb7ffaf3ea43df63a64b0a58a72f4a1c1ac5badffac5e928da9>; rel="xet-reconstruction-info"'), (b'X-Cache', b'Miss from cloudfront'), (b'Via', b'1.1 37c31ae647e34e692a37bcfb149c2802.cloudfront.net (CloudFront)'), (b'X-Amz-Cf-Pop', b'ICN57-P5'), (b'X-Amz-Cf-Id', b'XFVWXoxzAcSeGRE3ACs25AvUzTBeDCvAKRsCW-vi_ej-bQMOMCPQjA==')])
INFO 2026-06-26 05:35:35 _client.py:1025 HTTP Request: HEAD https://huggingface.co/datasets/coport-uni/FR5_task3_turn_the_sliver_air_valve_90_degress_counterclockwise/resolve/3f9ac6f4546fc52d193d2b043b97b60d458ab6d7/videos/observation.images.hand/chunk-000/file-003.mp4 "HTTP/1.1 302 Found"
DEBUG 2026-06-26 05:35:35 re/_trace.py:47 receive_response_body.started request=<Request [b'HEAD']>
DEBUG 2026-06-26 05:35:35 re/_trace.py:47 receive_response_body.complete
DEBUG 2026-06-26 05:35:35 re/_trace.py:47 response_closed.started
DEBUG 2026-06-26 05:35:35 re/_trace.py:47 response_closed.complete
DEBUG 2026-06-26 05:35:35 ock/_api.py:501 Attempting to acquire lock 130831648620176 on /root/.cache/huggingface/lerobot/coport-uni/FR5_task3_turn_the_sliver_air_valve_90_degress_counterclockwise/.cache/huggingface/download/videos/observation.images.hand/chunk-000/file-003.mp4.lock
DEBUG 2026-06-26 05:35:35 ock/_api.py:504 Lock 130831648620176 acquired on /root/.cache/huggingface/lerobot/coport-uni/FR5_task3_turn_the_sliver_air_valve_90_degress_counterclockwise/.cache/huggingface/download/videos/observation.images.hand/chunk-000/file-003.mp4.lock
DEBUG 2026-06-26 05:35:35 re/_trace.py:47 receive_response_headers.complete return_value=(b'HTTP/1.1', 302, b'Found', [(b'Content-Type', b'text/plain; charset=utf-8'), (b'Content-Length', b'1054'), (b'Connection', b'keep-alive'), (b'Date', b'Fri, 26 Jun 2026 05:35:35 GMT'), (b'Location', b'https://cas-bridge.xethub.hf.co/xet-bridge-us/6a3bd3d805d60eef965b73d1/0e607c7ddc125383aa3df4a533c042424b7ffcbd225640c50451b2e61f2e25fa?Expires=1782455735&Policy=eyJTdGF0ZW1lbnQiOlt7IlJlc291cmNlIjoiaHR0cHM6Ly9jYXMtYnJpZGdlLnhldGh1Yi5oZi5jby94ZXQtYnJpZGdlLXVzLzZhM2JkM2Q4MDVkNjBlZWY5NjViNzNkMS8wZTYwN2M3ZGRjMTI1MzgzYWEzZGY0YTUzM2MwNDI0MjRiN2ZmY2JkMjI1NjQwYzUwNDUxYjJlNjFmMmUyNWZhKiIsIkNvbmRpdGlvbiI6eyJEYXRlTGVzc1RoYW4iOnsiQVdTOkVwb2NoVGltZSI6MTc4MjQ1NTczNX19fV19&Signature=MEUCIQDRb-1MaM6Veh2GMbLYU1EtTaHspyRcLe8Q2Z4rMLPsOAIgY1ESgwTHQbzClSCFBIQQazUVm%7EGzQQeIe1fu7iJ7Ub4_&Key-Pair-Id=K1LYXO563TGWFU&X-Xet-Cas-Uid=6968a8befacf9a9b049da27a&response-content-type=video%2Fmp4&response-content-disposition=inline%3B+filename*%3DUTF-8%27%27file-000.mp4%3B+filename%3D%22file-000.mp4%22%3B&X-Amz-Algorithm=AWS4-HMAC-SHA256&X-Amz-Credential=cas%2F20260626%2Fus-east-1%2Fs3%2Faws4_request&X-Amz-Date=20260626T053535Z&X-Amz-Expires=3600&X-Amz-SignedHeaders=host&X-Amz-Signature=98c3d842a05bb7aa2110d026fd758dfd6a11626349c98fdec7cc6edf81ef5fbc'), (b'X-Powered-By', b'huggingface-moon'), (b'X-Request-Id', b'Root=1-6a3e0fa7-3c0164f12da7a68761b0f1ea;0bd18872-6b49-4fef-b3c3-c320fde140d4'), (b'RateLimit', b'"resolvers";r=4968;t=187'), (b'RateLimit-Policy', b'"fixed window";"resolvers";q=5000;w=300'), (b'cross-origin-opener-policy', b'same-origin'), (b'Referrer-Policy', b'strict-origin-when-cross-origin'), (b'Access-Control-Max-Age', b'86400'), (b'Access-Control-Allow-Origin', b'https://huggingface.co'), (b'Vary', b'Origin, Accept'), (b'Access-Control-Expose-Headers', b'X-Repo-Commit,X-Request-Id,X-Error-Code,X-Error-Message,X-Total-Count,ETag,Link,Accept-Ranges,Content-Range,X-Linked-Size,X-Linked-ETag,X-Xet-Hash'), (b'X-Repo-Commit', b'3f9ac6f4546fc52d193d2b043b97b60d458ab6d7'), (b'Accept-Ranges', b'bytes'), (b'X-Hub-Cache', b'MISS'), (b'X-Linked-Size', b'193209807'), (b'X-Linked-ETag', b'"e10831905938dfc1a4a516a01827d298c3afa98fe82f936db516924c78c696bc"'), (b'X-Xet-Hash', b'0e607c7ddc125383aa3df4a533c042424b7ffcbd225640c50451b2e61f2e25fa'), (b'Link', b'<https://huggingface.co/api/datasets/coport-uni/FR5_task3_turn_the_sliver_air_valve_90_degress_counterclockwise/xet-read-token/3f9ac6f4546fc52d193d2b043b97b60d458ab6d7>; rel="xet-auth", <https://cas-server.xethub.hf.co/v1/reconstructions/0e607c7ddc125383aa3df4a533c042424b7ffcbd225640c50451b2e61f2e25fa>; rel="xet-reconstruction-info"'), (b'X-Cache', b'Miss from cloudfront'), (b'Via', b'1.1 00691a186801498f22935a668f623f14.cloudfront.net (CloudFront)'), (b'X-Amz-Cf-Pop', b'ICN57-P5'), (b'X-Amz-Cf-Id', b'J4qlGWUMmZTua7w7p7uo92B0jCLO5FHznabjMlr3WS85gj1xPMaGyQ==')])
INFO 2026-06-26 05:35:35 _client.py:1025 HTTP Request: HEAD https://huggingface.co/datasets/coport-uni/FR5_task3_turn_the_sliver_air_valve_90_degress_counterclockwise/resolve/3f9ac6f4546fc52d193d2b043b97b60d458ab6d7/videos/observation.images.top_left/chunk-000/file-000.mp4 "HTTP/1.1 302 Found"
DEBUG 2026-06-26 05:35:35 re/_trace.py:47 receive_response_body.started request=<Request [b'HEAD']>
DEBUG 2026-06-26 05:35:35 re/_trace.py:47 receive_response_body.complete
DEBUG 2026-06-26 05:35:35 re/_trace.py:47 response_closed.started
DEBUG 2026-06-26 05:35:35 re/_trace.py:47 response_closed.complete
DEBUG 2026-06-26 05:35:35 ock/_api.py:501 Attempting to acquire lock 130831648606736 on /root/.cache/huggingface/lerobot/coport-uni/FR5_task3_turn_the_sliver_air_valve_90_degress_counterclockwise/.cache/huggingface/download/videos/observation.images.top_left/chunk-000/file-000.mp4.lock
DEBUG 2026-06-26 05:35:35 ock/_api.py:504 Lock 130831648606736 acquired on /root/.cache/huggingface/lerobot/coport-uni/FR5_task3_turn_the_sliver_air_valve_90_degress_counterclockwise/.cache/huggingface/download/videos/observation.images.top_left/chunk-000/file-000.mp4.lock
DEBUG 2026-06-26 05:35:35 re/_trace.py:47 receive_response_headers.complete return_value=(b'HTTP/1.1', 302, b'Found', [(b'Content-Type', b'text/plain; charset=utf-8'), (b'Content-Length', b'1052'), (b'Connection', b'keep-alive'), (b'Date', b'Fri, 26 Jun 2026 05:35:35 GMT'), (b'Location', b'https://cas-bridge.xethub.hf.co/xet-bridge-us/6a3bd3d805d60eef965b73d1/2129423d79aa2827a14a9673c94abf42c84c6582c56c8f220ea7113d8482b218?Expires=1782455735&Policy=eyJTdGF0ZW1lbnQiOlt7IlJlc291cmNlIjoiaHR0cHM6Ly9jYXMtYnJpZGdlLnhldGh1Yi5oZi5jby94ZXQtYnJpZGdlLXVzLzZhM2JkM2Q4MDVkNjBlZWY5NjViNzNkMS8yMTI5NDIzZDc5YWEyODI3YTE0YTk2NzNjOTRhYmY0MmM4NGM2NTgyYzU2YzhmMjIwZWE3MTEzZDg0ODJiMjE4KiIsIkNvbmRpdGlvbiI6eyJEYXRlTGVzc1RoYW4iOnsiQVdTOkVwb2NoVGltZSI6MTc4MjQ1NTczNX19fV19&Signature=MEQCIFhD0O9KBAyCfg3QhBZhhWE6QoGGZFl-yUwqY5Uk9PHvAiAQsOBZXiNQo0Ove9Z67jATgfxXtnQEUeVcrA-SVORwcw__&Key-Pair-Id=K1LYXO563TGWFU&X-Xet-Cas-Uid=6968a8befacf9a9b049da27a&response-content-type=video%2Fmp4&response-content-disposition=inline%3B+filename*%3DUTF-8%27%27file-001.mp4%3B+filename%3D%22file-001.mp4%22%3B&X-Amz-Algorithm=AWS4-HMAC-SHA256&X-Amz-Credential=cas%2F20260626%2Fus-east-1%2Fs3%2Faws4_request&X-Amz-Date=20260626T053535Z&X-Amz-Expires=3600&X-Amz-SignedHeaders=host&X-Amz-Signature=903c52f4d963237f76e502e57dbcc12b61dada162222ff4eeb7f77c97713e8b9'), (b'X-Powered-By', b'huggingface-moon'), (b'X-Request-Id', b'Root=1-6a3e0fa7-4efa1ebf2e1b49e85154a272;2d4b942f-ecea-43b8-872a-e15b2069a01c'), (b'RateLimit', b'"resolvers";r=4967;t=187'), (b'RateLimit-Policy', b'"fixed window";"resolvers";q=5000;w=300'), (b'cross-origin-opener-policy', b'same-origin'), (b'Referrer-Policy', b'strict-origin-when-cross-origin'), (b'Access-Control-Max-Age', b'86400'), (b'Access-Control-Allow-Origin', b'https://huggingface.co'), (b'Vary', b'Origin, Accept'), (b'Access-Control-Expose-Headers', b'X-Repo-Commit,X-Request-Id,X-Error-Code,X-Error-Message,X-Total-Count,ETag,Link,Accept-Ranges,Content-Range,X-Linked-Size,X-Linked-ETag,X-Xet-Hash'), (b'X-Repo-Commit', b'3f9ac6f4546fc52d193d2b043b97b60d458ab6d7'), (b'Accept-Ranges', b'bytes'), (b'X-Hub-Cache', b'MISS'), (b'X-Linked-Size', b'17620147'), (b'X-Linked-ETag', b'"bacbd65fb266c75ae4bcc269356a6bd3e43f0e14e91ce6c8ee092eb8cbc71367"'), (b'X-Xet-Hash', b'2129423d79aa2827a14a9673c94abf42c84c6582c56c8f220ea7113d8482b218'), (b'Link', b'<https://huggingface.co/api/datasets/coport-uni/FR5_task3_turn_the_sliver_air_valve_90_degress_counterclockwise/xet-read-token/3f9ac6f4546fc52d193d2b043b97b60d458ab6d7>; rel="xet-auth", <https://cas-server.xethub.hf.co/v1/reconstructions/2129423d79aa2827a14a9673c94abf42c84c6582c56c8f220ea7113d8482b218>; rel="xet-reconstruction-info"'), (b'X-Cache', b'Miss from cloudfront'), (b'Via', b'1.1 afd804e010ec1531be9d0e90bf49f60e.cloudfront.net (CloudFront)'), (b'X-Amz-Cf-Pop', b'ICN57-P5'), (b'X-Amz-Cf-Id', b'0EftjND0_dJBOBE20XXNt8cEqufOyKyxAdqKFkD3zi2hb1I14pcvmQ==')])
INFO 2026-06-26 05:35:35 _client.py:1025 HTTP Request: HEAD https://huggingface.co/datasets/coport-uni/FR5_task3_turn_the_sliver_air_valve_90_degress_counterclockwise/resolve/3f9ac6f4546fc52d193d2b043b97b60d458ab6d7/videos/observation.images.top_left/chunk-000/file-001.mp4 "HTTP/1.1 302 Found"
DEBUG 2026-06-26 05:35:35 re/_trace.py:47 receive_response_body.started request=<Request [b'HEAD']>
DEBUG 2026-06-26 05:35:35 re/_trace.py:47 receive_response_body.complete
DEBUG 2026-06-26 05:35:35 re/_trace.py:47 response_closed.started
DEBUG 2026-06-26 05:35:35 re/_trace.py:47 response_closed.complete
DEBUG 2026-06-26 05:35:35 ock/_api.py:501 Attempting to acquire lock 130831648610720 on /root/.cache/huggingface/lerobot/coport-uni/FR5_task3_turn_the_sliver_air_valve_90_degress_counterclockwise/.cache/huggingface/download/videos/observation.images.top_left/chunk-000/file-001.mp4.lock
DEBUG 2026-06-26 05:35:35 ock/_api.py:504 Lock 130831648610720 acquired on /root/.cache/huggingface/lerobot/coport-uni/FR5_task3_turn_the_sliver_air_valve_90_degress_counterclockwise/.cache/huggingface/download/videos/observation.images.top_left/chunk-000/file-001.mp4.lock
DEBUG 2026-06-26 05:35:35 ock/_api.py:541 Attempting to release lock 130841553876224 on /root/.cache/huggingface/lerobot/coport-uni/FR5_task3_turn_the_sliver_air_valve_90_degress_counterclockwise/.cache/huggingface/download/data/chunk-000/file-003.parquet.lock
DEBUG 2026-06-26 05:35:35 ock/_api.py:545 Lock 130841553876224 released on /root/.cache/huggingface/lerobot/coport-uni/FR5_task3_turn_the_sliver_air_valve_90_degress_counterclockwise/.cache/huggingface/download/data/chunk-000/file-003.parquet.lock
DEBUG 2026-06-26 05:35:35 ock/_api.py:501 Attempting to acquire lock 130841553875408 on /root/.cache/huggingface/lerobot/coport-uni/FR5_task3_turn_the_sliver_air_valve_90_degress_counterclockwise/.cache/huggingface/download/data/chunk-000/file-003.parquet.lock
DEBUG 2026-06-26 05:35:35 ock/_api.py:504 Lock 130841553875408 acquired on /root/.cache/huggingface/lerobot/coport-uni/FR5_task3_turn_the_sliver_air_valve_90_degress_counterclockwise/.cache/huggingface/download/data/chunk-000/file-003.parquet.lock
DEBUG 2026-06-26 05:35:35 ock/_api.py:541 Attempting to release lock 130841553875408 on /root/.cache/huggingface/lerobot/coport-uni/FR5_task3_turn_the_sliver_air_valve_90_degress_counterclockwise/.cache/huggingface/download/data/chunk-000/file-003.parquet.lock
DEBUG 2026-06-26 05:35:35 ock/_api.py:545 Lock 130841553875408 released on /root/.cache/huggingface/lerobot/coport-uni/FR5_task3_turn_the_sliver_air_valve_90_degress_counterclockwise/.cache/huggingface/download/data/chunk-000/file-003.parquet.lock
DEBUG 2026-06-26 05:35:35 ock/_api.py:501 Attempting to acquire lock 130831648608848 on /root/.cache/huggingface/lerobot/coport-uni/FR5_task3_turn_the_sliver_air_valve_90_degress_counterclockwise/.cache/huggingface/download/videos/observation.images.top_left/chunk-000/file-002.mp4.lock
DEBUG 2026-06-26 05:35:35 ock/_api.py:504 Lock 130831648608848 acquired on /root/.cache/huggingface/lerobot/coport-uni/FR5_task3_turn_the_sliver_air_valve_90_degress_counterclockwise/.cache/huggingface/download/videos/observation.images.top_left/chunk-000/file-002.mp4.lock
DEBUG 2026-06-26 05:35:35 ock/_api.py:541 Attempting to release lock 130831648608848 on /root/.cache/huggingface/lerobot/coport-uni/FR5_task3_turn_the_sliver_air_valve_90_degress_counterclockwise/.cache/huggingface/download/videos/observation.images.top_left/chunk-000/file-002.mp4.lock
DEBUG 2026-06-26 05:35:35 ock/_api.py:545 Lock 130831648608848 released on /root/.cache/huggingface/lerobot/coport-uni/FR5_task3_turn_the_sliver_air_valve_90_degress_counterclockwise/.cache/huggingface/download/videos/observation.images.top_left/chunk-000/file-002.mp4.lock
DEBUG 2026-06-26 05:35:35 re/_trace.py:47 send_request_headers.started request=<Request [b'HEAD']>
DEBUG 2026-06-26 05:35:35 re/_trace.py:47 send_request_headers.complete
DEBUG 2026-06-26 05:35:35 re/_trace.py:47 send_request_body.started request=<Request [b'HEAD']>
DEBUG 2026-06-26 05:35:35 re/_trace.py:47 send_request_body.complete
DEBUG 2026-06-26 05:35:35 re/_trace.py:47 receive_response_headers.started request=<Request [b'HEAD']>
DEBUG 2026-06-26 05:35:35 re/_trace.py:47 receive_response_headers.complete return_value=(b'HTTP/1.1', 302, b'Found', [(b'Content-Type', b'text/plain; charset=utf-8'), (b'Content-Length', b'1056'), (b'Connection', b'keep-alive'), (b'Date', b'Fri, 26 Jun 2026 05:35:35 GMT'), (b'Location', b'https://cas-bridge.xethub.hf.co/xet-bridge-us/6a3bd3d805d60eef965b73d1/536336805329e8efb1e3aa1fff8faebd26dd6c44716315c025ef744949726ae5?Expires=1782455735&Policy=eyJTdGF0ZW1lbnQiOlt7IlJlc291cmNlIjoiaHR0cHM6Ly9jYXMtYnJpZGdlLnhldGh1Yi5oZi5jby94ZXQtYnJpZGdlLXVzLzZhM2JkM2Q4MDVkNjBlZWY5NjViNzNkMS81MzYzMzY4MDUzMjllOGVmYjFlM2FhMWZmZjhmYWViZDI2ZGQ2YzQ0NzE2MzE1YzAyNWVmNzQ0OTQ5NzI2YWU1KiIsIkNvbmRpdGlvbiI6eyJEYXRlTGVzc1RoYW4iOnsiQVdTOkVwb2NoVGltZSI6MTc4MjQ1NTczNX19fV19&Signature=MEYCIQDhmylqrFLJYSbquJ2dOOF7SHOMr-6taDfBavKI95Ei-QIhAMySYSgYaIWOi72LxCjJkoTh2hDVC9jyIk92L%7EwBLYT%7E&Key-Pair-Id=K1LYXO563TGWFU&X-Xet-Cas-Uid=6968a8befacf9a9b049da27a&response-content-disposition=inline%3B+filename*%3DUTF-8%27%27file-002.mp4%3B+filename%3D%22file-002.mp4%22%3B&response-content-type=video%2Fmp4&X-Amz-Algorithm=AWS4-HMAC-SHA256&X-Amz-Credential=cas%2F20260626%2Fus-east-1%2Fs3%2Faws4_request&X-Amz-Date=20260626T053535Z&X-Amz-Expires=3600&X-Amz-SignedHeaders=host&X-Amz-Signature=1fb4898b04362321a67dda51f0dd3fc7164912c45c5c28d0b61c1119f88c2ff1'), (b'X-Powered-By', b'huggingface-moon'), (b'X-Request-Id', b'Root=1-6a3e0fa7-72b1d5315d0edb1216f8944c;7eff8b28-fa0e-48ce-a79e-73266fcdc239'), (b'RateLimit', b'"resolvers";r=4966;t=187'), (b'RateLimit-Policy', b'"fixed window";"resolvers";q=5000;w=300'), (b'cross-origin-opener-policy', b'same-origin'), (b'Referrer-Policy', b'strict-origin-when-cross-origin'), (b'Access-Control-Max-Age', b'86400'), (b'Access-Control-Allow-Origin', b'https://huggingface.co'), (b'Vary', b'Origin, Accept'), (b'Access-Control-Expose-Headers', b'X-Repo-Commit,X-Request-Id,X-Error-Code,X-Error-Message,X-Total-Count,ETag,Link,Accept-Ranges,Content-Range,X-Linked-Size,X-Linked-ETag,X-Xet-Hash'), (b'X-Repo-Commit', b'3f9ac6f4546fc52d193d2b043b97b60d458ab6d7'), (b'Accept-Ranges', b'bytes'), (b'X-Hub-Cache', b'MISS'), (b'X-Linked-Size', b'182000830'), (b'X-Linked-ETag', b'"c8b8551228d976ff0e625957066b0339d779a7ee3eafd580480d142f81ea3f02"'), (b'X-Xet-Hash', b'536336805329e8efb1e3aa1fff8faebd26dd6c44716315c025ef744949726ae5'), (b'Link', b'<https://huggingface.co/api/datasets/coport-uni/FR5_task3_turn_the_sliver_air_valve_90_degress_counterclockwise/xet-read-token/3f9ac6f4546fc52d193d2b043b97b60d458ab6d7>; rel="xet-auth", <https://cas-server.xethub.hf.co/v1/reconstructions/536336805329e8efb1e3aa1fff8faebd26dd6c44716315c025ef744949726ae5>; rel="xet-reconstruction-info"'), (b'X-Cache', b'Miss from cloudfront'), (b'Via', b'1.1 37c31ae647e34e692a37bcfb149c2802.cloudfront.net (CloudFront)'), (b'X-Amz-Cf-Pop', b'ICN57-P5'), (b'X-Amz-Cf-Id', b'6itFooUYNRepIWhVi5D__YgYJQ0YMPEXSn5DajRUsxbpNHSNd_CNoA==')])
INFO 2026-06-26 05:35:35 _client.py:1025 HTTP Request: HEAD https://huggingface.co/datasets/coport-uni/FR5_task3_turn_the_sliver_air_valve_90_degress_counterclockwise/resolve/3f9ac6f4546fc52d193d2b043b97b60d458ab6d7/videos/observation.images.top_left/chunk-000/file-002.mp4 "HTTP/1.1 302 Found"
DEBUG 2026-06-26 05:35:35 re/_trace.py:47 receive_response_body.started request=<Request [b'HEAD']>
DEBUG 2026-06-26 05:35:35 re/_trace.py:47 receive_response_body.complete
DEBUG 2026-06-26 05:35:35 re/_trace.py:47 response_closed.started
DEBUG 2026-06-26 05:35:35 re/_trace.py:47 response_closed.complete
DEBUG 2026-06-26 05:35:35 ock/_api.py:501 Attempting to acquire lock 130831648612832 on /root/.cache/huggingface/lerobot/coport-uni/FR5_task3_turn_the_sliver_air_valve_90_degress_counterclockwise/.cache/huggingface/download/videos/observation.images.top_left/chunk-000/file-002.mp4.lock
DEBUG 2026-06-26 05:35:35 ock/_api.py:504 Lock 130831648612832 acquired on /root/.cache/huggingface/lerobot/coport-uni/FR5_task3_turn_the_sliver_air_valve_90_degress_counterclockwise/.cache/huggingface/download/videos/observation.images.top_left/chunk-000/file-002.mp4.lock
DEBUG 2026-06-26 05:35:40 ock/_api.py:541 Attempting to release lock 130841553441408 on /root/.cache/huggingface/lerobot/coport-uni/FR5_task3_turn_the_sliver_air_valve_90_degress_counterclockwise/.cache/huggingface/download/videos/observation.images.hand/chunk-000/file-000.mp4.lock
DEBUG 2026-06-26 05:35:40 ock/_api.py:545 Lock 130841553441408 released on /root/.cache/huggingface/lerobot/coport-uni/FR5_task3_turn_the_sliver_air_valve_90_degress_counterclockwise/.cache/huggingface/download/videos/observation.images.hand/chunk-000/file-000.mp4.lock
DEBUG 2026-06-26 05:35:40 ock/_api.py:501 Attempting to acquire lock 130841553708592 on /root/.cache/huggingface/lerobot/coport-uni/FR5_task3_turn_the_sliver_air_valve_90_degress_counterclockwise/.cache/huggingface/download/videos/observation.images.hand/chunk-000/file-000.mp4.lock
DEBUG 2026-06-26 05:35:40 ock/_api.py:504 Lock 130841553708592 acquired on /root/.cache/huggingface/lerobot/coport-uni/FR5_task3_turn_the_sliver_air_valve_90_degress_counterclockwise/.cache/huggingface/download/videos/observation.images.hand/chunk-000/file-000.mp4.lock
DEBUG 2026-06-26 05:35:40 ock/_api.py:541 Attempting to release lock 130841553708592 on /root/.cache/huggingface/lerobot/coport-uni/FR5_task3_turn_the_sliver_air_valve_90_degress_counterclockwise/.cache/huggingface/download/videos/observation.images.hand/chunk-000/file-000.mp4.lock
DEBUG 2026-06-26 05:35:40 ock/_api.py:545 Lock 130841553708592 released on /root/.cache/huggingface/lerobot/coport-uni/FR5_task3_turn_the_sliver_air_valve_90_degress_counterclockwise/.cache/huggingface/download/videos/observation.images.hand/chunk-000/file-000.mp4.lock
DEBUG 2026-06-26 05:35:40 ock/_api.py:501 Attempting to acquire lock 130841554220816 on /root/.cache/huggingface/lerobot/coport-uni/FR5_task3_turn_the_sliver_air_valve_90_degress_counterclockwise/.cache/huggingface/download/videos/observation.images.top_left/chunk-000/file-003.mp4.lock
DEBUG 2026-06-26 05:35:40 ock/_api.py:504 Lock 130841554220816 acquired on /root/.cache/huggingface/lerobot/coport-uni/FR5_task3_turn_the_sliver_air_valve_90_degress_counterclockwise/.cache/huggingface/download/videos/observation.images.top_left/chunk-000/file-003.mp4.lock
DEBUG 2026-06-26 05:35:40 ock/_api.py:541 Attempting to release lock 130841554220816 on /root/.cache/huggingface/lerobot/coport-uni/FR5_task3_turn_the_sliver_air_valve_90_degress_counterclockwise/.cache/huggingface/download/videos/observation.images.top_left/chunk-000/file-003.mp4.lock
DEBUG 2026-06-26 05:35:40 ock/_api.py:545 Lock 130841554220816 released on /root/.cache/huggingface/lerobot/coport-uni/FR5_task3_turn_the_sliver_air_valve_90_degress_counterclockwise/.cache/huggingface/download/videos/observation.images.top_left/chunk-000/file-003.mp4.lock
DEBUG 2026-06-26 05:35:40 re/_trace.py:47 close.started
DEBUG 2026-06-26 05:35:40 re/_trace.py:47 close.complete
DEBUG 2026-06-26 05:35:40 re/_trace.py:47 close.started
DEBUG 2026-06-26 05:35:40 re/_trace.py:47 close.complete
DEBUG 2026-06-26 05:35:40 re/_trace.py:47 close.started
DEBUG 2026-06-26 05:35:40 re/_trace.py:47 close.complete
DEBUG 2026-06-26 05:35:40 re/_trace.py:47 close.started
DEBUG 2026-06-26 05:35:40 re/_trace.py:47 close.complete
DEBUG 2026-06-26 05:35:40 re/_trace.py:47 send_request_headers.started request=<Request [b'HEAD']>
DEBUG 2026-06-26 05:35:40 re/_trace.py:47 send_request_headers.complete
DEBUG 2026-06-26 05:35:40 re/_trace.py:47 send_request_body.started request=<Request [b'HEAD']>
DEBUG 2026-06-26 05:35:40 re/_trace.py:47 send_request_body.complete
DEBUG 2026-06-26 05:35:40 re/_trace.py:47 receive_response_headers.started request=<Request [b'HEAD']>
DEBUG 2026-06-26 05:35:40 re/_trace.py:47 receive_response_headers.complete return_value=(b'HTTP/1.1', 302, b'Found', [(b'Content-Type', b'text/plain; charset=utf-8'), (b'Content-Length', b'1056'), (b'Connection', b'keep-alive'), (b'Date', b'Fri, 26 Jun 2026 05:35:40 GMT'), (b'Location', b'https://cas-bridge.xethub.hf.co/xet-bridge-us/6a3bd3d805d60eef965b73d1/1ae367b28e4ccbeb61ff088466cf58a1e3acccd44c10656e4edfc32456aa3fb0?Expires=1782455740&Policy=eyJTdGF0ZW1lbnQiOlt7IlJlc291cmNlIjoiaHR0cHM6Ly9jYXMtYnJpZGdlLnhldGh1Yi5oZi5jby94ZXQtYnJpZGdlLXVzLzZhM2JkM2Q4MDVkNjBlZWY5NjViNzNkMS8xYWUzNjdiMjhlNGNjYmViNjFmZjA4ODQ2NmNmNThhMWUzYWNjY2Q0NGMxMDY1NmU0ZWRmYzMyNDU2YWEzZmIwKiIsIkNvbmRpdGlvbiI6eyJEYXRlTGVzc1RoYW4iOnsiQVdTOkVwb2NoVGltZSI6MTc4MjQ1NTc0MH19fV19&Signature=MEQCIArXnDp8leJgTb87fj3B98XfRorbx0Lm4Slt6f5-1%7E3VAiA86ahy3hGBtIt3wzKprWC04ab7MxjvcVOvP9JHq%7ENW3Q__&Key-Pair-Id=K1LYXO563TGWFU&response-content-disposition=inline%3B+filename*%3DUTF-8%27%27file-003.mp4%3B+filename%3D%22file-003.mp4%22%3B&response-content-type=video%2Fmp4&X-Xet-Cas-Uid=6968a8befacf9a9b049da27a&X-Amz-Algorithm=AWS4-HMAC-SHA256&X-Amz-Credential=cas%2F20260626%2Fus-east-1%2Fs3%2Faws4_request&X-Amz-Date=20260626T053540Z&X-Amz-Expires=3600&X-Amz-SignedHeaders=host&X-Amz-Signature=5d91e9309982deb2acd2d7a0d999389d8d95163c71972c773dc03660984fc7ea'), (b'X-Powered-By', b'huggingface-moon'), (b'X-Request-Id', b'Root=1-6a3e0fac-5928a9cb49f93fa737f86b92;f1a3fa53-c8e7-401f-9691-60d8c6ab4adf'), (b'RateLimit', b'"resolvers";r=4965;t=182'), (b'RateLimit-Policy', b'"fixed window";"resolvers";q=5000;w=300'), (b'cross-origin-opener-policy', b'same-origin'), (b'Referrer-Policy', b'strict-origin-when-cross-origin'), (b'Access-Control-Max-Age', b'86400'), (b'Access-Control-Allow-Origin', b'https://huggingface.co'), (b'Vary', b'Origin, Accept'), (b'Access-Control-Expose-Headers', b'X-Repo-Commit,X-Request-Id,X-Error-Code,X-Error-Message,X-Total-Count,ETag,Link,Accept-Ranges,Content-Range,X-Linked-Size,X-Linked-ETag,X-Xet-Hash'), (b'X-Repo-Commit', b'3f9ac6f4546fc52d193d2b043b97b60d458ab6d7'), (b'Accept-Ranges', b'bytes'), (b'X-Hub-Cache', b'MISS'), (b'X-Linked-Size', b'202254877'), (b'X-Linked-ETag', b'"1767ba7be3fb69d1306f5edd1addc4630c7c78ed38dd2913268f1dfb49718239"'), (b'X-Xet-Hash', b'1ae367b28e4ccbeb61ff088466cf58a1e3acccd44c10656e4edfc32456aa3fb0'), (b'Link', b'<https://huggingface.co/api/datasets/coport-uni/FR5_task3_turn_the_sliver_air_valve_90_degress_counterclockwise/xet-read-token/3f9ac6f4546fc52d193d2b043b97b60d458ab6d7>; rel="xet-auth", <https://cas-server.xethub.hf.co/v1/reconstructions/1ae367b28e4ccbeb61ff088466cf58a1e3acccd44c10656e4edfc32456aa3fb0>; rel="xet-reconstruction-info"'), (b'X-Cache', b'Miss from cloudfront'), (b'Via', b'1.1 37c31ae647e34e692a37bcfb149c2802.cloudfront.net (CloudFront)'), (b'X-Amz-Cf-Pop', b'ICN57-P5'), (b'X-Amz-Cf-Id', b'SqnNuQeZYhiWsTBblLp6uSN7JUN1S1fnQzZfxG8sIz2y0VLOXLWuyg==')])
INFO 2026-06-26 05:35:40 _client.py:1025 HTTP Request: HEAD https://huggingface.co/datasets/coport-uni/FR5_task3_turn_the_sliver_air_valve_90_degress_counterclockwise/resolve/3f9ac6f4546fc52d193d2b043b97b60d458ab6d7/videos/observation.images.top_left/chunk-000/file-003.mp4 "HTTP/1.1 302 Found"
DEBUG 2026-06-26 05:35:40 re/_trace.py:47 receive_response_body.started request=<Request [b'HEAD']>
DEBUG 2026-06-26 05:35:40 re/_trace.py:47 receive_response_body.complete
DEBUG 2026-06-26 05:35:40 re/_trace.py:47 response_closed.started
DEBUG 2026-06-26 05:35:40 re/_trace.py:47 response_closed.complete
DEBUG 2026-06-26 05:35:40 re/_trace.py:47 close.started
DEBUG 2026-06-26 05:35:40 re/_trace.py:47 close.complete
DEBUG 2026-06-26 05:35:40 re/_trace.py:47 close.started
DEBUG 2026-06-26 05:35:40 re/_trace.py:47 close.complete
DEBUG 2026-06-26 05:35:40 re/_trace.py:47 close.started
DEBUG 2026-06-26 05:35:40 re/_trace.py:47 close.complete
DEBUG 2026-06-26 05:35:40 ock/_api.py:501 Attempting to acquire lock 130831648651264 on /root/.cache/huggingface/lerobot/coport-uni/FR5_task3_turn_the_sliver_air_valve_90_degress_counterclockwise/.cache/huggingface/download/videos/observation.images.top_left/chunk-000/file-003.mp4.lock
DEBUG 2026-06-26 05:35:40 ock/_api.py:504 Lock 130831648651264 acquired on /root/.cache/huggingface/lerobot/coport-uni/FR5_task3_turn_the_sliver_air_valve_90_degress_counterclockwise/.cache/huggingface/download/videos/observation.images.top_left/chunk-000/file-003.mp4.lock
DEBUG 2026-06-26 05:35:41 ock/_api.py:541 Attempting to release lock 130841553446160 on /root/.cache/huggingface/lerobot/coport-uni/FR5_task3_turn_the_sliver_air_valve_90_degress_counterclockwise/.cache/huggingface/download/videos/observation.images.hand/chunk-000/file-002.mp4.lock
DEBUG 2026-06-26 05:35:41 ock/_api.py:545 Lock 130841553446160 released on /root/.cache/huggingface/lerobot/coport-uni/FR5_task3_turn_the_sliver_air_valve_90_degress_counterclockwise/.cache/huggingface/download/videos/observation.images.hand/chunk-000/file-002.mp4.lock
DEBUG 2026-06-26 05:35:41 ock/_api.py:501 Attempting to acquire lock 130841553874640 on /root/.cache/huggingface/lerobot/coport-uni/FR5_task3_turn_the_sliver_air_valve_90_degress_counterclockwise/.cache/huggingface/download/videos/observation.images.hand/chunk-000/file-002.mp4.lock
DEBUG 2026-06-26 05:35:41 ock/_api.py:504 Lock 130841553874640 acquired on /root/.cache/huggingface/lerobot/coport-uni/FR5_task3_turn_the_sliver_air_valve_90_degress_counterclockwise/.cache/huggingface/download/videos/observation.images.hand/chunk-000/file-002.mp4.lock
DEBUG 2026-06-26 05:35:41 ock/_api.py:541 Attempting to release lock 130841553874640 on /root/.cache/huggingface/lerobot/coport-uni/FR5_task3_turn_the_sliver_air_valve_90_degress_counterclockwise/.cache/huggingface/download/videos/observation.images.hand/chunk-000/file-002.mp4.lock
DEBUG 2026-06-26 05:35:41 ock/_api.py:545 Lock 130841553874640 released on /root/.cache/huggingface/lerobot/coport-uni/FR5_task3_turn_the_sliver_air_valve_90_degress_counterclockwise/.cache/huggingface/download/videos/observation.images.hand/chunk-000/file-002.mp4.lock
DEBUG 2026-06-26 05:35:41 ock/_api.py:501 Attempting to acquire lock 130832695159904 on /root/.cache/huggingface/lerobot/coport-uni/FR5_task3_turn_the_sliver_air_valve_90_degress_counterclockwise/.cache/huggingface/download/videos/observation.images.top_left/chunk-000/file-004.mp4.lock
DEBUG 2026-06-26 05:35:41 ock/_api.py:504 Lock 130832695159904 acquired on /root/.cache/huggingface/lerobot/coport-uni/FR5_task3_turn_the_sliver_air_valve_90_degress_counterclockwise/.cache/huggingface/download/videos/observation.images.top_left/chunk-000/file-004.mp4.lock
DEBUG 2026-06-26 05:35:41 ock/_api.py:541 Attempting to release lock 130832695159904 on /root/.cache/huggingface/lerobot/coport-uni/FR5_task3_turn_the_sliver_air_valve_90_degress_counterclockwise/.cache/huggingface/download/videos/observation.images.top_left/chunk-000/file-004.mp4.lock
DEBUG 2026-06-26 05:35:41 ock/_api.py:545 Lock 130832695159904 released on /root/.cache/huggingface/lerobot/coport-uni/FR5_task3_turn_the_sliver_air_valve_90_degress_counterclockwise/.cache/huggingface/download/videos/observation.images.top_left/chunk-000/file-004.mp4.lock
DEBUG 2026-06-26 05:35:41 re/_trace.py:47 send_request_headers.started request=<Request [b'HEAD']>
DEBUG 2026-06-26 05:35:41 re/_trace.py:47 send_request_headers.complete
DEBUG 2026-06-26 05:35:41 re/_trace.py:47 send_request_body.started request=<Request [b'HEAD']>
DEBUG 2026-06-26 05:35:41 re/_trace.py:47 send_request_body.complete
DEBUG 2026-06-26 05:35:41 re/_trace.py:47 receive_response_headers.started request=<Request [b'HEAD']>
DEBUG 2026-06-26 05:35:41 ock/_api.py:541 Attempting to release lock 130831648594192 on /root/.cache/huggingface/lerobot/coport-uni/FR5_task3_turn_the_sliver_air_valve_90_degress_counterclockwise/.cache/huggingface/download/videos/observation.images.hand/chunk-000/file-001.mp4.lock
DEBUG 2026-06-26 05:35:41 ock/_api.py:545 Lock 130831648594192 released on /root/.cache/huggingface/lerobot/coport-uni/FR5_task3_turn_the_sliver_air_valve_90_degress_counterclockwise/.cache/huggingface/download/videos/observation.images.hand/chunk-000/file-001.mp4.lock
DEBUG 2026-06-26 05:35:41 ock/_api.py:501 Attempting to acquire lock 130831648594192 on /root/.cache/huggingface/lerobot/coport-uni/FR5_task3_turn_the_sliver_air_valve_90_degress_counterclockwise/.cache/huggingface/download/videos/observation.images.hand/chunk-000/file-001.mp4.lock
DEBUG 2026-06-26 05:35:41 ock/_api.py:504 Lock 130831648594192 acquired on /root/.cache/huggingface/lerobot/coport-uni/FR5_task3_turn_the_sliver_air_valve_90_degress_counterclockwise/.cache/huggingface/download/videos/observation.images.hand/chunk-000/file-001.mp4.lock
DEBUG 2026-06-26 05:35:41 ock/_api.py:541 Attempting to release lock 130831648594192 on /root/.cache/huggingface/lerobot/coport-uni/FR5_task3_turn_the_sliver_air_valve_90_degress_counterclockwise/.cache/huggingface/download/videos/observation.images.hand/chunk-000/file-001.mp4.lock
DEBUG 2026-06-26 05:35:41 ock/_api.py:545 Lock 130831648594192 released on /root/.cache/huggingface/lerobot/coport-uni/FR5_task3_turn_the_sliver_air_valve_90_degress_counterclockwise/.cache/huggingface/download/videos/observation.images.hand/chunk-000/file-001.mp4.lock
DEBUG 2026-06-26 05:35:41 ock/_api.py:501 Attempting to acquire lock 130841553744096 on /root/.cache/huggingface/lerobot/coport-uni/FR5_task3_turn_the_sliver_air_valve_90_degress_counterclockwise/.cache/huggingface/download/videos/observation.images.top_left/chunk-000/file-005.mp4.lock
DEBUG 2026-06-26 05:35:41 ock/_api.py:504 Lock 130841553744096 acquired on /root/.cache/huggingface/lerobot/coport-uni/FR5_task3_turn_the_sliver_air_valve_90_degress_counterclockwise/.cache/huggingface/download/videos/observation.images.top_left/chunk-000/file-005.mp4.lock
DEBUG 2026-06-26 05:35:41 ock/_api.py:541 Attempting to release lock 130841553744096 on /root/.cache/huggingface/lerobot/coport-uni/FR5_task3_turn_the_sliver_air_valve_90_degress_counterclockwise/.cache/huggingface/download/videos/observation.images.top_left/chunk-000/file-005.mp4.lock
DEBUG 2026-06-26 05:35:41 ock/_api.py:545 Lock 130841553744096 released on /root/.cache/huggingface/lerobot/coport-uni/FR5_task3_turn_the_sliver_air_valve_90_degress_counterclockwise/.cache/huggingface/download/videos/observation.images.top_left/chunk-000/file-005.mp4.lock
DEBUG 2026-06-26 05:35:41 re/_trace.py:47 connect_tcp.started host='huggingface.co' port=443 local_address=None timeout=10 socket_options=None
DEBUG 2026-06-26 05:35:41 re/_trace.py:47 connect_tcp.complete return_value=<httpcore._backends.sync.SyncStream object at 0x76fd9df36540>
DEBUG 2026-06-26 05:35:41 re/_trace.py:47 start_tls.started ssl_context=<ssl.SSLContext object at 0x76fddc488650> server_hostname='huggingface.co' timeout=10
DEBUG 2026-06-26 05:35:41 re/_trace.py:47 start_tls.complete return_value=<httpcore._backends.sync.SyncStream object at 0x76ffec551370>
DEBUG 2026-06-26 05:35:41 re/_trace.py:47 send_request_headers.started request=<Request [b'HEAD']>
DEBUG 2026-06-26 05:35:41 re/_trace.py:47 send_request_headers.complete
DEBUG 2026-06-26 05:35:41 re/_trace.py:47 send_request_body.started request=<Request [b'HEAD']>
DEBUG 2026-06-26 05:35:41 re/_trace.py:47 send_request_body.complete
DEBUG 2026-06-26 05:35:41 re/_trace.py:47 receive_response_headers.started request=<Request [b'HEAD']>
DEBUG 2026-06-26 05:35:41 re/_trace.py:47 receive_response_headers.complete return_value=(b'HTTP/1.1', 302, b'Found', [(b'Content-Type', b'text/plain; charset=utf-8'), (b'Content-Length', b'1052'), (b'Connection', b'keep-alive'), (b'Date', b'Fri, 26 Jun 2026 05:35:41 GMT'), (b'Location', b'https://cas-bridge.xethub.hf.co/xet-bridge-us/6a3bd3d805d60eef965b73d1/2b812c4f226e4e375271f8dbc4517f304e500b2d7a7c1eb78d4e8398ce123711?Expires=1782455741&Policy=eyJTdGF0ZW1lbnQiOlt7IlJlc291cmNlIjoiaHR0cHM6Ly9jYXMtYnJpZGdlLnhldGh1Yi5oZi5jby94ZXQtYnJpZGdlLXVzLzZhM2JkM2Q4MDVkNjBlZWY5NjViNzNkMS8yYjgxMmM0ZjIyNmU0ZTM3NTI3MWY4ZGJjNDUxN2YzMDRlNTAwYjJkN2E3YzFlYjc4ZDRlODM5OGNlMTIzNzExKiIsIkNvbmRpdGlvbiI6eyJEYXRlTGVzc1RoYW4iOnsiQVdTOkVwb2NoVGltZSI6MTc4MjQ1NTc0MX19fV19&Signature=MEYCIQCddPRmcSd5wqWSo5kEjHhKXCdUGIqHJZnpQgopl0xKWgIhALQyPfMqIE782blm26upIB4i4xhUyqImrLMeFMSaGLHR&Key-Pair-Id=K1LYXO563TGWFU&X-Xet-Cas-Uid=6968a8befacf9a9b049da27a&response-content-type=video%2Fmp4&response-content-disposition=inline%3B+filename*%3DUTF-8%27%27file-004.mp4%3B+filename%3D%22file-004.mp4%22%3B&X-Amz-Algorithm=AWS4-HMAC-SHA256&X-Amz-Credential=cas%2F20260626%2Fus-east-1%2Fs3%2Faws4_request&X-Amz-Date=20260626T053541Z&X-Amz-Expires=3600&X-Amz-SignedHeaders=host&X-Amz-Signature=db09fd78a5555cd3830ad321142bad50400d380659bf8a38b8b56ce4762e5ea9'), (b'X-Powered-By', b'huggingface-moon'), (b'X-Request-Id', b'Root=1-6a3e0fad-47c4680157179f457fd77ca4;e8e10150-11a6-46eb-b230-748035a60edc'), (b'RateLimit', b'"resolvers";r=4964;t=181'), (b'RateLimit-Policy', b'"fixed window";"resolvers";q=5000;w=300'), (b'cross-origin-opener-policy', b'same-origin'), (b'Referrer-Policy', b'strict-origin-when-cross-origin'), (b'Access-Control-Max-Age', b'86400'), (b'Access-Control-Allow-Origin', b'https://huggingface.co'), (b'Vary', b'Origin, Accept'), (b'Access-Control-Expose-Headers', b'X-Repo-Commit,X-Request-Id,X-Error-Code,X-Error-Message,X-Total-Count,ETag,Link,Accept-Ranges,Content-Range,X-Linked-Size,X-Linked-ETag,X-Xet-Hash'), (b'X-Repo-Commit', b'3f9ac6f4546fc52d193d2b043b97b60d458ab6d7'), (b'Accept-Ranges', b'bytes'), (b'X-Hub-Cache', b'MISS'), (b'X-Linked-Size', b'195656569'), (b'X-Linked-ETag', b'"364df3cabb302734188da2620e0536db0359293ade394f17687e69a53f976f00"'), (b'X-Xet-Hash', b'2b812c4f226e4e375271f8dbc4517f304e500b2d7a7c1eb78d4e8398ce123711'), (b'Link', b'<https://huggingface.co/api/datasets/coport-uni/FR5_task3_turn_the_sliver_air_valve_90_degress_counterclockwise/xet-read-token/3f9ac6f4546fc52d193d2b043b97b60d458ab6d7>; rel="xet-auth", <https://cas-server.xethub.hf.co/v1/reconstructions/2b812c4f226e4e375271f8dbc4517f304e500b2d7a7c1eb78d4e8398ce123711>; rel="xet-reconstruction-info"'), (b'X-Cache', b'Miss from cloudfront'), (b'Via', b'1.1 37c31ae647e34e692a37bcfb149c2802.cloudfront.net (CloudFront)'), (b'X-Amz-Cf-Pop', b'ICN57-P5'), (b'X-Amz-Cf-Id', b'ffZXt_BXgfKOA2dKMESnnpCGMhWeUV5Lw7KWZKTlJ3TMbYRfPlolZw==')])
INFO 2026-06-26 05:35:41 _client.py:1025 HTTP Request: HEAD https://huggingface.co/datasets/coport-uni/FR5_task3_turn_the_sliver_air_valve_90_degress_counterclockwise/resolve/3f9ac6f4546fc52d193d2b043b97b60d458ab6d7/videos/observation.images.top_left/chunk-000/file-004.mp4 "HTTP/1.1 302 Found"
DEBUG 2026-06-26 05:35:41 re/_trace.py:47 receive_response_body.started request=<Request [b'HEAD']>
DEBUG 2026-06-26 05:35:41 re/_trace.py:47 receive_response_body.complete
DEBUG 2026-06-26 05:35:41 re/_trace.py:47 response_closed.started
DEBUG 2026-06-26 05:35:41 re/_trace.py:47 response_closed.complete
DEBUG 2026-06-26 05:35:41 ock/_api.py:501 Attempting to acquire lock 130832695159904 on /root/.cache/huggingface/lerobot/coport-uni/FR5_task3_turn_the_sliver_air_valve_90_degress_counterclockwise/.cache/huggingface/download/videos/observation.images.top_left/chunk-000/file-004.mp4.lock
DEBUG 2026-06-26 05:35:41 ock/_api.py:504 Lock 130832695159904 acquired on /root/.cache/huggingface/lerobot/coport-uni/FR5_task3_turn_the_sliver_air_valve_90_degress_counterclockwise/.cache/huggingface/download/videos/observation.images.top_left/chunk-000/file-004.mp4.lock
DEBUG 2026-06-26 05:35:41 re/_trace.py:47 receive_response_headers.complete return_value=(b'HTTP/1.1', 302, b'Found', [(b'Content-Type', b'text/plain; charset=utf-8'), (b'Content-Length', b'1058'), (b'Connection', b'keep-alive'), (b'Date', b'Fri, 26 Jun 2026 05:35:41 GMT'), (b'Location', b'https://cas-bridge.xethub.hf.co/xet-bridge-us/6a3bd3d805d60eef965b73d1/3b41cab1be4ff3de3b079b5fc32fd381fa92e4c56ff6746b97aab61a972e553f?Expires=1782455741&Policy=eyJTdGF0ZW1lbnQiOlt7IlJlc291cmNlIjoiaHR0cHM6Ly9jYXMtYnJpZGdlLnhldGh1Yi5oZi5jby94ZXQtYnJpZGdlLXVzLzZhM2JkM2Q4MDVkNjBlZWY5NjViNzNkMS8zYjQxY2FiMWJlNGZmM2RlM2IwNzliNWZjMzJmZDM4MWZhOTJlNGM1NmZmNjc0NmI5N2FhYjYxYTk3MmU1NTNmKiIsIkNvbmRpdGlvbiI6eyJEYXRlTGVzc1RoYW4iOnsiQVdTOkVwb2NoVGltZSI6MTc4MjQ1NTc0MX19fV19&Signature=MEYCIQCS8SgsuEs%7EXAWjPhezeWky439o8eZ9jDPkhF2yxUFm6wIhAMz%7E7iKL-NnzXg8flBvgwiuBG6M4vC%7ErcfmzSmsZpjLV&Key-Pair-Id=K1LYXO563TGWFU&response-content-disposition=inline%3B+filename*%3DUTF-8%27%27file-005.mp4%3B+filename%3D%22file-005.mp4%22%3B&X-Xet-Cas-Uid=6968a8befacf9a9b049da27a&response-content-type=video%2Fmp4&X-Amz-Algorithm=AWS4-HMAC-SHA256&X-Amz-Credential=cas%2F20260626%2Fus-east-1%2Fs3%2Faws4_request&X-Amz-Date=20260626T053541Z&X-Amz-Expires=3600&X-Amz-SignedHeaders=host&X-Amz-Signature=8da73b286275f3436ecbe53d81c1644157d8fc4ae8c5a0c7ab2ae3b03f54f388'), (b'X-Powered-By', b'huggingface-moon'), (b'X-Request-Id', b'Root=1-6a3e0fad-449bfa5276d6135514936bb0;3b900a93-8c9d-4338-a5a7-32601225a507'), (b'RateLimit', b'"resolvers";r=4963;t=181'), (b'RateLimit-Policy', b'"fixed window";"resolvers";q=5000;w=300'), (b'cross-origin-opener-policy', b'same-origin'), (b'Referrer-Policy', b'strict-origin-when-cross-origin'), (b'Access-Control-Max-Age', b'86400'), (b'Access-Control-Allow-Origin', b'https://huggingface.co'), (b'Vary', b'Origin, Accept'), (b'Access-Control-Expose-Headers', b'X-Repo-Commit,X-Request-Id,X-Error-Code,X-Error-Message,X-Total-Count,ETag,Link,Accept-Ranges,Content-Range,X-Linked-Size,X-Linked-ETag,X-Xet-Hash'), (b'X-Repo-Commit', b'3f9ac6f4546fc52d193d2b043b97b60d458ab6d7'), (b'Accept-Ranges', b'bytes'), (b'X-Hub-Cache', b'MISS'), (b'X-Linked-Size', b'192267475'), (b'X-Linked-ETag', b'"683da325b0c0b37e7819172aaf1429bc1ee5682865d7d74bdf113667ab91b0bf"'), (b'X-Xet-Hash', b'3b41cab1be4ff3de3b079b5fc32fd381fa92e4c56ff6746b97aab61a972e553f'), (b'Link', b'<https://huggingface.co/api/datasets/coport-uni/FR5_task3_turn_the_sliver_air_valve_90_degress_counterclockwise/xet-read-token/3f9ac6f4546fc52d193d2b043b97b60d458ab6d7>; rel="xet-auth", <https://cas-server.xethub.hf.co/v1/reconstructions/3b41cab1be4ff3de3b079b5fc32fd381fa92e4c56ff6746b97aab61a972e553f>; rel="xet-reconstruction-info"'), (b'X-Cache', b'Miss from cloudfront'), (b'Via', b'1.1 70e4ff437f2c6bb785a394fae7848aac.cloudfront.net (CloudFront)'), (b'X-Amz-Cf-Pop', b'ICN57-P5'), (b'X-Amz-Cf-Id', b'zmi3XpvLIVEoLtryx8dMEqwvS5KuP4rfACd7TujKSxBCmilxtGVWOQ==')])
INFO 2026-06-26 05:35:41 _client.py:1025 HTTP Request: HEAD https://huggingface.co/datasets/coport-uni/FR5_task3_turn_the_sliver_air_valve_90_degress_counterclockwise/resolve/3f9ac6f4546fc52d193d2b043b97b60d458ab6d7/videos/observation.images.top_left/chunk-000/file-005.mp4 "HTTP/1.1 302 Found"
DEBUG 2026-06-26 05:35:41 re/_trace.py:47 receive_response_body.started request=<Request [b'HEAD']>
DEBUG 2026-06-26 05:35:41 re/_trace.py:47 receive_response_body.complete
DEBUG 2026-06-26 05:35:41 re/_trace.py:47 response_closed.started
DEBUG 2026-06-26 05:35:41 re/_trace.py:47 response_closed.complete
DEBUG 2026-06-26 05:35:41 ock/_api.py:501 Attempting to acquire lock 130831648781616 on /root/.cache/huggingface/lerobot/coport-uni/FR5_task3_turn_the_sliver_air_valve_90_degress_counterclockwise/.cache/huggingface/download/videos/observation.images.top_left/chunk-000/file-005.mp4.lock
DEBUG 2026-06-26 05:35:41 ock/_api.py:504 Lock 130831648781616 acquired on /root/.cache/huggingface/lerobot/coport-uni/FR5_task3_turn_the_sliver_air_valve_90_degress_counterclockwise/.cache/huggingface/download/videos/observation.images.top_left/chunk-000/file-005.mp4.lock
DEBUG 2026-06-26 05:35:48 ock/_api.py:541 Attempting to release lock 130831648610720 on /root/.cache/huggingface/lerobot/coport-uni/FR5_task3_turn_the_sliver_air_valve_90_degress_counterclockwise/.cache/huggingface/download/videos/observation.images.top_left/chunk-000/file-001.mp4.lock
DEBUG 2026-06-26 05:35:48 ock/_api.py:545 Lock 130831648610720 released on /root/.cache/huggingface/lerobot/coport-uni/FR5_task3_turn_the_sliver_air_valve_90_degress_counterclockwise/.cache/huggingface/download/videos/observation.images.top_left/chunk-000/file-001.mp4.lock
DEBUG 2026-06-26 05:35:48 ock/_api.py:501 Attempting to acquire lock 130831648610720 on /root/.cache/huggingface/lerobot/coport-uni/FR5_task3_turn_the_sliver_air_valve_90_degress_counterclockwise/.cache/huggingface/download/videos/observation.images.top_left/chunk-000/file-001.mp4.lock
DEBUG 2026-06-26 05:35:48 ock/_api.py:504 Lock 130831648610720 acquired on /root/.cache/huggingface/lerobot/coport-uni/FR5_task3_turn_the_sliver_air_valve_90_degress_counterclockwise/.cache/huggingface/download/videos/observation.images.top_left/chunk-000/file-001.mp4.lock
DEBUG 2026-06-26 05:35:48 ock/_api.py:541 Attempting to release lock 130831648610720 on /root/.cache/huggingface/lerobot/coport-uni/FR5_task3_turn_the_sliver_air_valve_90_degress_counterclockwise/.cache/huggingface/download/videos/observation.images.top_left/chunk-000/file-001.mp4.lock
DEBUG 2026-06-26 05:35:48 ock/_api.py:545 Lock 130831648610720 released on /root/.cache/huggingface/lerobot/coport-uni/FR5_task3_turn_the_sliver_air_valve_90_degress_counterclockwise/.cache/huggingface/download/videos/observation.images.top_left/chunk-000/file-001.mp4.lock
DEBUG 2026-06-26 05:35:48 ock/_api.py:501 Attempting to acquire lock 130841554211888 on /root/.cache/huggingface/lerobot/coport-uni/FR5_task3_turn_the_sliver_air_valve_90_degress_counterclockwise/.cache/huggingface/download/videos/observation.images.top_right/chunk-000/file-000.mp4.lock
DEBUG 2026-06-26 05:35:48 ock/_api.py:504 Lock 130841554211888 acquired on /root/.cache/huggingface/lerobot/coport-uni/FR5_task3_turn_the_sliver_air_valve_90_degress_counterclockwise/.cache/huggingface/download/videos/observation.images.top_right/chunk-000/file-000.mp4.lock
DEBUG 2026-06-26 05:35:48 ock/_api.py:541 Attempting to release lock 130841554211888 on /root/.cache/huggingface/lerobot/coport-uni/FR5_task3_turn_the_sliver_air_valve_90_degress_counterclockwise/.cache/huggingface/download/videos/observation.images.top_right/chunk-000/file-000.mp4.lock
DEBUG 2026-06-26 05:35:48 ock/_api.py:545 Lock 130841554211888 released on /root/.cache/huggingface/lerobot/coport-uni/FR5_task3_turn_the_sliver_air_valve_90_degress_counterclockwise/.cache/huggingface/download/videos/observation.images.top_right/chunk-000/file-000.mp4.lock
DEBUG 2026-06-26 05:35:48 re/_trace.py:47 close.started
DEBUG 2026-06-26 05:35:48 re/_trace.py:47 close.complete
DEBUG 2026-06-26 05:35:48 re/_trace.py:47 close.started
DEBUG 2026-06-26 05:35:48 re/_trace.py:47 close.complete
DEBUG 2026-06-26 05:35:48 re/_trace.py:47 connect_tcp.started host='huggingface.co' port=443 local_address=None timeout=10 socket_options=None
DEBUG 2026-06-26 05:35:48 re/_trace.py:47 connect_tcp.complete return_value=<httpcore._backends.sync.SyncStream object at 0x76fd9df3c890>
DEBUG 2026-06-26 05:35:48 re/_trace.py:47 start_tls.started ssl_context=<ssl.SSLContext object at 0x76fddc488650> server_hostname='huggingface.co' timeout=10
DEBUG 2026-06-26 05:35:48 re/_trace.py:47 start_tls.complete return_value=<httpcore._backends.sync.SyncStream object at 0x76fd9df37ec0>
DEBUG 2026-06-26 05:35:48 re/_trace.py:47 send_request_headers.started request=<Request [b'HEAD']>
DEBUG 2026-06-26 05:35:48 re/_trace.py:47 send_request_headers.complete
DEBUG 2026-06-26 05:35:48 re/_trace.py:47 send_request_body.started request=<Request [b'HEAD']>
DEBUG 2026-06-26 05:35:48 re/_trace.py:47 send_request_body.complete
DEBUG 2026-06-26 05:35:48 re/_trace.py:47 receive_response_headers.started request=<Request [b'HEAD']>
DEBUG 2026-06-26 05:35:48 re/_trace.py:47 receive_response_headers.complete return_value=(b'HTTP/1.1', 302, b'Found', [(b'Content-Type', b'text/plain; charset=utf-8'), (b'Content-Length', b'1054'), (b'Connection', b'keep-alive'), (b'Date', b'Fri, 26 Jun 2026 05:35:48 GMT'), (b'Location', b'https://cas-bridge.xethub.hf.co/xet-bridge-us/6a3bd3d805d60eef965b73d1/e6276d75443d51db85f00f368ca3113de29af7ff20defa4d0ba1f11b32010261?Expires=1782455748&Policy=eyJTdGF0ZW1lbnQiOlt7IlJlc291cmNlIjoiaHR0cHM6Ly9jYXMtYnJpZGdlLnhldGh1Yi5oZi5jby94ZXQtYnJpZGdlLXVzLzZhM2JkM2Q4MDVkNjBlZWY5NjViNzNkMS9lNjI3NmQ3NTQ0M2Q1MWRiODVmMDBmMzY4Y2EzMTEzZGUyOWFmN2ZmMjBkZWZhNGQwYmExZjExYjMyMDEwMjYxKiIsIkNvbmRpdGlvbiI6eyJEYXRlTGVzc1RoYW4iOnsiQVdTOkVwb2NoVGltZSI6MTc4MjQ1NTc0OH19fV19&Signature=MEUCIQCQUk55-TvYqrna%7EST63v6O22buFFGa3ReVtnwPHSA7xQIgfVsKc5RfDjTIcthJfhCSfZQlBonh6s4RBUAXowPNVXY_&Key-Pair-Id=K1LYXO563TGWFU&X-Xet-Cas-Uid=6968a8befacf9a9b049da27a&response-content-type=video%2Fmp4&response-content-disposition=inline%3B+filename*%3DUTF-8%27%27file-000.mp4%3B+filename%3D%22file-000.mp4%22%3B&X-Amz-Algorithm=AWS4-HMAC-SHA256&X-Amz-Credential=cas%2F20260626%2Fus-east-1%2Fs3%2Faws4_request&X-Amz-Date=20260626T053548Z&X-Amz-Expires=3600&X-Amz-SignedHeaders=host&X-Amz-Signature=e8df83fc8f5f685249431036c3fe9140af2da49e3d482a499e4311502851f604'), (b'X-Powered-By', b'huggingface-moon'), (b'X-Request-Id', b'Root=1-6a3e0fb4-734c712255ee9252781ab938;aac5dc0b-1f89-4d6c-a16d-d80c07d24782'), (b'RateLimit', b'"resolvers";r=4962;t=174'), (b'RateLimit-Policy', b'"fixed window";"resolvers";q=5000;w=300'), (b'cross-origin-opener-policy', b'same-origin'), (b'Referrer-Policy', b'strict-origin-when-cross-origin'), (b'Access-Control-Max-Age', b'86400'), (b'Access-Control-Allow-Origin', b'https://huggingface.co'), (b'Vary', b'Origin, Accept'), (b'Access-Control-Expose-Headers', b'X-Repo-Commit,X-Request-Id,X-Error-Code,X-Error-Message,X-Total-Count,ETag,Link,Accept-Ranges,Content-Range,X-Linked-Size,X-Linked-ETag,X-Xet-Hash'), (b'X-Repo-Commit', b'3f9ac6f4546fc52d193d2b043b97b60d458ab6d7'), (b'Accept-Ranges', b'bytes'), (b'X-Hub-Cache', b'MISS'), (b'X-Linked-Size', b'194904596'), (b'X-Linked-ETag', b'"d0567420722b5916b0b3a343225823275d0d33798bb15614f39351f0e7b57ac3"'), (b'X-Xet-Hash', b'e6276d75443d51db85f00f368ca3113de29af7ff20defa4d0ba1f11b32010261'), (b'Link', b'<https://huggingface.co/api/datasets/coport-uni/FR5_task3_turn_the_sliver_air_valve_90_degress_counterclockwise/xet-read-token/3f9ac6f4546fc52d193d2b043b97b60d458ab6d7>; rel="xet-auth", <https://cas-server.xethub.hf.co/v1/reconstructions/e6276d75443d51db85f00f368ca3113de29af7ff20defa4d0ba1f11b32010261>; rel="xet-reconstruction-info"'), (b'X-Cache', b'Miss from cloudfront'), (b'Via', b'1.1 1ffaab99be603658502bc9751758efb0.cloudfront.net (CloudFront)'), (b'X-Amz-Cf-Pop', b'ICN57-P5'), (b'X-Amz-Cf-Id', b'ZxZO-Q7ivqr6RJhavGNRWDy_zIXd26jIP1n_A0qnn1wTIoHFVxvkSQ==')])
INFO 2026-06-26 05:35:48 _client.py:1025 HTTP Request: HEAD https://huggingface.co/datasets/coport-uni/FR5_task3_turn_the_sliver_air_valve_90_degress_counterclockwise/resolve/3f9ac6f4546fc52d193d2b043b97b60d458ab6d7/videos/observation.images.top_right/chunk-000/file-000.mp4 "HTTP/1.1 302 Found"
DEBUG 2026-06-26 05:35:48 re/_trace.py:47 receive_response_body.started request=<Request [b'HEAD']>
DEBUG 2026-06-26 05:35:48 re/_trace.py:47 receive_response_body.complete
DEBUG 2026-06-26 05:35:48 re/_trace.py:47 response_closed.started
DEBUG 2026-06-26 05:35:48 re/_trace.py:47 response_closed.complete
DEBUG 2026-06-26 05:35:48 ock/_api.py:501 Attempting to acquire lock 130831648783392 on /root/.cache/huggingface/lerobot/coport-uni/FR5_task3_turn_the_sliver_air_valve_90_degress_counterclockwise/.cache/huggingface/download/videos/observation.images.top_right/chunk-000/file-000.mp4.lock
DEBUG 2026-06-26 05:35:48 ock/_api.py:504 Lock 130831648783392 acquired on /root/.cache/huggingface/lerobot/coport-uni/FR5_task3_turn_the_sliver_air_valve_90_degress_counterclockwise/.cache/huggingface/download/videos/observation.images.top_right/chunk-000/file-000.mp4.lock
DEBUG 2026-06-26 05:35:49 ock/_api.py:541 Attempting to release lock 130831648651264 on /root/.cache/huggingface/lerobot/coport-uni/FR5_task3_turn_the_sliver_air_valve_90_degress_counterclockwise/.cache/huggingface/download/videos/observation.images.top_left/chunk-000/file-003.mp4.lock
DEBUG 2026-06-26 05:35:49 ock/_api.py:545 Lock 130831648651264 released on /root/.cache/huggingface/lerobot/coport-uni/FR5_task3_turn_the_sliver_air_valve_90_degress_counterclockwise/.cache/huggingface/download/videos/observation.images.top_left/chunk-000/file-003.mp4.lock
DEBUG 2026-06-26 05:35:49 ock/_api.py:501 Attempting to acquire lock 130831648780896 on /root/.cache/huggingface/lerobot/coport-uni/FR5_task3_turn_the_sliver_air_valve_90_degress_counterclockwise/.cache/huggingface/download/videos/observation.images.top_left/chunk-000/file-003.mp4.lock
DEBUG 2026-06-26 05:35:49 ock/_api.py:504 Lock 130831648780896 acquired on /root/.cache/huggingface/lerobot/coport-uni/FR5_task3_turn_the_sliver_air_valve_90_degress_counterclockwise/.cache/huggingface/download/videos/observation.images.top_left/chunk-000/file-003.mp4.lock
DEBUG 2026-06-26 05:35:49 ock/_api.py:541 Attempting to release lock 130831648780896 on /root/.cache/huggingface/lerobot/coport-uni/FR5_task3_turn_the_sliver_air_valve_90_degress_counterclockwise/.cache/huggingface/download/videos/observation.images.top_left/chunk-000/file-003.mp4.lock
DEBUG 2026-06-26 05:35:49 ock/_api.py:545 Lock 130831648780896 released on /root/.cache/huggingface/lerobot/coport-uni/FR5_task3_turn_the_sliver_air_valve_90_degress_counterclockwise/.cache/huggingface/download/videos/observation.images.top_left/chunk-000/file-003.mp4.lock
DEBUG 2026-06-26 05:35:49 ock/_api.py:501 Attempting to acquire lock 130831648775664 on /root/.cache/huggingface/lerobot/coport-uni/FR5_task3_turn_the_sliver_air_valve_90_degress_counterclockwise/.cache/huggingface/download/videos/observation.images.top_right/chunk-000/file-001.mp4.lock
DEBUG 2026-06-26 05:35:49 ock/_api.py:504 Lock 130831648775664 acquired on /root/.cache/huggingface/lerobot/coport-uni/FR5_task3_turn_the_sliver_air_valve_90_degress_counterclockwise/.cache/huggingface/download/videos/observation.images.top_right/chunk-000/file-001.mp4.lock
DEBUG 2026-06-26 05:35:49 ock/_api.py:541 Attempting to release lock 130831648775664 on /root/.cache/huggingface/lerobot/coport-uni/FR5_task3_turn_the_sliver_air_valve_90_degress_counterclockwise/.cache/huggingface/download/videos/observation.images.top_right/chunk-000/file-001.mp4.lock
DEBUG 2026-06-26 05:35:49 ock/_api.py:545 Lock 130831648775664 released on /root/.cache/huggingface/lerobot/coport-uni/FR5_task3_turn_the_sliver_air_valve_90_degress_counterclockwise/.cache/huggingface/download/videos/observation.images.top_right/chunk-000/file-001.mp4.lock
DEBUG 2026-06-26 05:35:49 re/_trace.py:47 send_request_headers.started request=<Request [b'HEAD']>
DEBUG 2026-06-26 05:35:49 re/_trace.py:47 send_request_headers.complete
DEBUG 2026-06-26 05:35:49 re/_trace.py:47 send_request_body.started request=<Request [b'HEAD']>
DEBUG 2026-06-26 05:35:49 re/_trace.py:47 send_request_body.complete
DEBUG 2026-06-26 05:35:49 re/_trace.py:47 receive_response_headers.started request=<Request [b'HEAD']>
DEBUG 2026-06-26 05:35:49 re/_trace.py:47 receive_response_headers.complete return_value=(b'HTTP/1.1', 302, b'Found', [(b'Content-Type', b'text/plain; charset=utf-8'), (b'Content-Length', b'1052'), (b'Connection', b'keep-alive'), (b'Date', b'Fri, 26 Jun 2026 05:35:49 GMT'), (b'Location', b'https://cas-bridge.xethub.hf.co/xet-bridge-us/6a3bd3d805d60eef965b73d1/b40c47d9b7a0b604f79b65ebfecb0402aa9ad03c6b8d8dea36e05ae0fecd68e3?Expires=1782455749&Policy=eyJTdGF0ZW1lbnQiOlt7IlJlc291cmNlIjoiaHR0cHM6Ly9jYXMtYnJpZGdlLnhldGh1Yi5oZi5jby94ZXQtYnJpZGdlLXVzLzZhM2JkM2Q4MDVkNjBlZWY5NjViNzNkMS9iNDBjNDdkOWI3YTBiNjA0Zjc5YjY1ZWJmZWNiMDQwMmFhOWFkMDNjNmI4ZDhkZWEzNmUwNWFlMGZlY2Q2OGUzKiIsIkNvbmRpdGlvbiI6eyJEYXRlTGVzc1RoYW4iOnsiQVdTOkVwb2NoVGltZSI6MTc4MjQ1NTc0OX19fV19&Signature=MEUCIQC0pu4g7WV5XwO7tAxuaVwqRBons5a0F-hj6Z865YYnIwIgQl9ITQKJjfQbzyQehlnlAXzZt64uHQqRiU1W2xepvAA_&Key-Pair-Id=K1LYXO563TGWFU&X-Xet-Cas-Uid=6968a8befacf9a9b049da27a&response-content-disposition=inline%3B+filename*%3DUTF-8%27%27file-001.mp4%3B+filename%3D%22file-001.mp4%22%3B&response-content-type=video%2Fmp4&X-Amz-Algorithm=AWS4-HMAC-SHA256&X-Amz-Credential=cas%2F20260626%2Fus-east-1%2Fs3%2Faws4_request&X-Amz-Date=20260626T053549Z&X-Amz-Expires=3600&X-Amz-SignedHeaders=host&X-Amz-Signature=7ae2310c6cb1fdcb10bf6b8e47ed5499a95709dea2e6c59bbc8fb9def9e71144'), (b'X-Powered-By', b'huggingface-moon'), (b'X-Request-Id', b'Root=1-6a3e0fb5-10b7a7a80b32f0ba7fddf320;79df0c00-af4e-449b-970f-538ab8b66ab1'), (b'RateLimit', b'"resolvers";r=4961;t=173'), (b'RateLimit-Policy', b'"fixed window";"resolvers";q=5000;w=300'), (b'cross-origin-opener-policy', b'same-origin'), (b'Referrer-Policy', b'strict-origin-when-cross-origin'), (b'Access-Control-Max-Age', b'86400'), (b'Access-Control-Allow-Origin', b'https://huggingface.co'), (b'Vary', b'Origin, Accept'), (b'Access-Control-Expose-Headers', b'X-Repo-Commit,X-Request-Id,X-Error-Code,X-Error-Message,X-Total-Count,ETag,Link,Accept-Ranges,Content-Range,X-Linked-Size,X-Linked-ETag,X-Xet-Hash'), (b'X-Repo-Commit', b'3f9ac6f4546fc52d193d2b043b97b60d458ab6d7'), (b'Accept-Ranges', b'bytes'), (b'X-Hub-Cache', b'MISS'), (b'X-Linked-Size', b'165502791'), (b'X-Linked-ETag', b'"6184b011d044724c2b1d26f974ea625f521198b027cf8ba39771be2c31f4176b"'), (b'X-Xet-Hash', b'b40c47d9b7a0b604f79b65ebfecb0402aa9ad03c6b8d8dea36e05ae0fecd68e3'), (b'Link', b'<https://huggingface.co/api/datasets/coport-uni/FR5_task3_turn_the_sliver_air_valve_90_degress_counterclockwise/xet-read-token/3f9ac6f4546fc52d193d2b043b97b60d458ab6d7>; rel="xet-auth", <https://cas-server.xethub.hf.co/v1/reconstructions/b40c47d9b7a0b604f79b65ebfecb0402aa9ad03c6b8d8dea36e05ae0fecd68e3>; rel="xet-reconstruction-info"'), (b'X-Cache', b'Miss from cloudfront'), (b'Via', b'1.1 1ffaab99be603658502bc9751758efb0.cloudfront.net (CloudFront)'), (b'X-Amz-Cf-Pop', b'ICN57-P5'), (b'X-Amz-Cf-Id', b'hgP1zleNgKygEyq4s43T6y-emKCc3Abs8VQ3qXGTDtRat7YrlMinfw==')])
INFO 2026-06-26 05:35:49 _client.py:1025 HTTP Request: HEAD https://huggingface.co/datasets/coport-uni/FR5_task3_turn_the_sliver_air_valve_90_degress_counterclockwise/resolve/3f9ac6f4546fc52d193d2b043b97b60d458ab6d7/videos/observation.images.top_right/chunk-000/file-001.mp4 "HTTP/1.1 302 Found"
DEBUG 2026-06-26 05:35:49 re/_trace.py:47 receive_response_body.started request=<Request [b'HEAD']>
DEBUG 2026-06-26 05:35:49 re/_trace.py:47 receive_response_body.complete
DEBUG 2026-06-26 05:35:49 re/_trace.py:47 response_closed.started
DEBUG 2026-06-26 05:35:49 re/_trace.py:47 response_closed.complete
DEBUG 2026-06-26 05:35:49 ock/_api.py:501 Attempting to acquire lock 130831648774368 on /root/.cache/huggingface/lerobot/coport-uni/FR5_task3_turn_the_sliver_air_valve_90_degress_counterclockwise/.cache/huggingface/download/videos/observation.images.top_right/chunk-000/file-001.mp4.lock
DEBUG 2026-06-26 05:35:49 ock/_api.py:504 Lock 130831648774368 acquired on /root/.cache/huggingface/lerobot/coport-uni/FR5_task3_turn_the_sliver_air_valve_90_degress_counterclockwise/.cache/huggingface/download/videos/observation.images.top_right/chunk-000/file-001.mp4.lock
DEBUG 2026-06-26 05:35:50 ock/_api.py:541 Attempting to release lock 130831648620176 on /root/.cache/huggingface/lerobot/coport-uni/FR5_task3_turn_the_sliver_air_valve_90_degress_counterclockwise/.cache/huggingface/download/videos/observation.images.hand/chunk-000/file-003.mp4.lock
DEBUG 2026-06-26 05:35:50 ock/_api.py:545 Lock 130831648620176 released on /root/.cache/huggingface/lerobot/coport-uni/FR5_task3_turn_the_sliver_air_valve_90_degress_counterclockwise/.cache/huggingface/download/videos/observation.images.hand/chunk-000/file-003.mp4.lock
DEBUG 2026-06-26 05:35:50 ock/_api.py:501 Attempting to acquire lock 130831648777584 on /root/.cache/huggingface/lerobot/coport-uni/FR5_task3_turn_the_sliver_air_valve_90_degress_counterclockwise/.cache/huggingface/download/videos/observation.images.hand/chunk-000/file-003.mp4.lock
DEBUG 2026-06-26 05:35:50 ock/_api.py:504 Lock 130831648777584 acquired on /root/.cache/huggingface/lerobot/coport-uni/FR5_task3_turn_the_sliver_air_valve_90_degress_counterclockwise/.cache/huggingface/download/videos/observation.images.hand/chunk-000/file-003.mp4.lock
DEBUG 2026-06-26 05:35:50 ock/_api.py:541 Attempting to release lock 130831648777584 on /root/.cache/huggingface/lerobot/coport-uni/FR5_task3_turn_the_sliver_air_valve_90_degress_counterclockwise/.cache/huggingface/download/videos/observation.images.hand/chunk-000/file-003.mp4.lock
DEBUG 2026-06-26 05:35:50 ock/_api.py:545 Lock 130831648777584 released on /root/.cache/huggingface/lerobot/coport-uni/FR5_task3_turn_the_sliver_air_valve_90_degress_counterclockwise/.cache/huggingface/download/videos/observation.images.hand/chunk-000/file-003.mp4.lock
DEBUG 2026-06-26 05:35:50 ock/_api.py:501 Attempting to acquire lock 130831648777392 on /root/.cache/huggingface/lerobot/coport-uni/FR5_task3_turn_the_sliver_air_valve_90_degress_counterclockwise/.cache/huggingface/download/videos/observation.images.top_right/chunk-000/file-002.mp4.lock
DEBUG 2026-06-26 05:35:50 ock/_api.py:504 Lock 130831648777392 acquired on /root/.cache/huggingface/lerobot/coport-uni/FR5_task3_turn_the_sliver_air_valve_90_degress_counterclockwise/.cache/huggingface/download/videos/observation.images.top_right/chunk-000/file-002.mp4.lock
DEBUG 2026-06-26 05:35:50 ock/_api.py:541 Attempting to release lock 130831648777392 on /root/.cache/huggingface/lerobot/coport-uni/FR5_task3_turn_the_sliver_air_valve_90_degress_counterclockwise/.cache/huggingface/download/videos/observation.images.top_right/chunk-000/file-002.mp4.lock
DEBUG 2026-06-26 05:35:50 ock/_api.py:545 Lock 130831648777392 released on /root/.cache/huggingface/lerobot/coport-uni/FR5_task3_turn_the_sliver_air_valve_90_degress_counterclockwise/.cache/huggingface/download/videos/observation.images.top_right/chunk-000/file-002.mp4.lock
DEBUG 2026-06-26 05:35:50 re/_trace.py:47 send_request_headers.started request=<Request [b'HEAD']>
DEBUG 2026-06-26 05:35:50 re/_trace.py:47 send_request_headers.complete
DEBUG 2026-06-26 05:35:50 re/_trace.py:47 send_request_body.started request=<Request [b'HEAD']>
DEBUG 2026-06-26 05:35:50 re/_trace.py:47 send_request_body.complete
DEBUG 2026-06-26 05:35:50 re/_trace.py:47 receive_response_headers.started request=<Request [b'HEAD']>
DEBUG 2026-06-26 05:35:50 re/_trace.py:47 receive_response_headers.complete return_value=(b'HTTP/1.1', 302, b'Found', [(b'Content-Type', b'text/plain; charset=utf-8'), (b'Content-Length', b'1054'), (b'Connection', b'keep-alive'), (b'Date', b'Fri, 26 Jun 2026 05:35:50 GMT'), (b'Location', b'https://cas-bridge.xethub.hf.co/xet-bridge-us/6a3bd3d805d60eef965b73d1/75bf12a7e5dba0c854c8be74940168b2d05014c6984c4dbcca38580d8f0dc3e8?Expires=1782455750&Policy=eyJTdGF0ZW1lbnQiOlt7IlJlc291cmNlIjoiaHR0cHM6Ly9jYXMtYnJpZGdlLnhldGh1Yi5oZi5jby94ZXQtYnJpZGdlLXVzLzZhM2JkM2Q4MDVkNjBlZWY5NjViNzNkMS83NWJmMTJhN2U1ZGJhMGM4NTRjOGJlNzQ5NDAxNjhiMmQwNTAxNGM2OTg0YzRkYmNjYTM4NTgwZDhmMGRjM2U4KiIsIkNvbmRpdGlvbiI6eyJEYXRlTGVzc1RoYW4iOnsiQVdTOkVwb2NoVGltZSI6MTc4MjQ1NTc1MH19fV19&Signature=MEQCIBlGh88V0adPi9P6LIXC280bTJl-SQyklkGaMtGGrhqkAiAiAyti1iwBvZCiNOXacwWec3V%7EEXGhCmhyNbuAWmxHXA__&Key-Pair-Id=K1LYXO563TGWFU&response-content-type=video%2Fmp4&X-Xet-Cas-Uid=6968a8befacf9a9b049da27a&response-content-disposition=inline%3B+filename*%3DUTF-8%27%27file-002.mp4%3B+filename%3D%22file-002.mp4%22%3B&X-Amz-Algorithm=AWS4-HMAC-SHA256&X-Amz-Credential=cas%2F20260626%2Fus-east-1%2Fs3%2Faws4_request&X-Amz-Date=20260626T053550Z&X-Amz-Expires=3600&X-Amz-SignedHeaders=host&X-Amz-Signature=031a4a095e6a4b32624996d4f40a17a6429c9a0f28838dfc8fbac35b663148e2'), (b'X-Powered-By', b'huggingface-moon'), (b'X-Request-Id', b'Root=1-6a3e0fb6-23488bf2283ea0b20ee13c16;8012ac97-9862-4b7c-b433-4b2396a1b177'), (b'RateLimit', b'"resolvers";r=4960;t=172'), (b'RateLimit-Policy', b'"fixed window";"resolvers";q=5000;w=300'), (b'cross-origin-opener-policy', b'same-origin'), (b'Referrer-Policy', b'strict-origin-when-cross-origin'), (b'Access-Control-Max-Age', b'86400'), (b'Access-Control-Allow-Origin', b'https://huggingface.co'), (b'Vary', b'Origin, Accept'), (b'Access-Control-Expose-Headers', b'X-Repo-Commit,X-Request-Id,X-Error-Code,X-Error-Message,X-Total-Count,ETag,Link,Accept-Ranges,Content-Range,X-Linked-Size,X-Linked-ETag,X-Xet-Hash'), (b'X-Repo-Commit', b'3f9ac6f4546fc52d193d2b043b97b60d458ab6d7'), (b'Accept-Ranges', b'bytes'), (b'X-Hub-Cache', b'MISS'), (b'X-Linked-Size', b'185422808'), (b'X-Linked-ETag', b'"8fc22f8cadc300362a641bf9a9f99bc9a37dfac6a338fabc6a68b9cd5c0d2510"'), (b'X-Xet-Hash', b'75bf12a7e5dba0c854c8be74940168b2d05014c6984c4dbcca38580d8f0dc3e8'), (b'Link', b'<https://huggingface.co/api/datasets/coport-uni/FR5_task3_turn_the_sliver_air_valve_90_degress_counterclockwise/xet-read-token/3f9ac6f4546fc52d193d2b043b97b60d458ab6d7>; rel="xet-auth", <https://cas-server.xethub.hf.co/v1/reconstructions/75bf12a7e5dba0c854c8be74940168b2d05014c6984c4dbcca38580d8f0dc3e8>; rel="xet-reconstruction-info"'), (b'X-Cache', b'Miss from cloudfront'), (b'Via', b'1.1 1ffaab99be603658502bc9751758efb0.cloudfront.net (CloudFront)'), (b'X-Amz-Cf-Pop', b'ICN57-P5'), (b'X-Amz-Cf-Id', b'PRNd7c3TfdV5EPtj7ZsbxCQ4c3dO4EQQsfhD4fdyktgVO5Z3MRntZQ==')])
INFO 2026-06-26 05:35:50 _client.py:1025 HTTP Request: HEAD https://huggingface.co/datasets/coport-uni/FR5_task3_turn_the_sliver_air_valve_90_degress_counterclockwise/resolve/3f9ac6f4546fc52d193d2b043b97b60d458ab6d7/videos/observation.images.top_right/chunk-000/file-002.mp4 "HTTP/1.1 302 Found"
DEBUG 2026-06-26 05:35:50 re/_trace.py:47 receive_response_body.started request=<Request [b'HEAD']>
DEBUG 2026-06-26 05:35:50 re/_trace.py:47 receive_response_body.complete
DEBUG 2026-06-26 05:35:50 re/_trace.py:47 response_closed.started
DEBUG 2026-06-26 05:35:50 re/_trace.py:47 response_closed.complete
DEBUG 2026-06-26 05:35:50 ock/_api.py:501 Attempting to acquire lock 130831648771248 on /root/.cache/huggingface/lerobot/coport-uni/FR5_task3_turn_the_sliver_air_valve_90_degress_counterclockwise/.cache/huggingface/download/videos/observation.images.top_right/chunk-000/file-002.mp4.lock
DEBUG 2026-06-26 05:35:50 ock/_api.py:504 Lock 130831648771248 acquired on /root/.cache/huggingface/lerobot/coport-uni/FR5_task3_turn_the_sliver_air_valve_90_degress_counterclockwise/.cache/huggingface/download/videos/observation.images.top_right/chunk-000/file-002.mp4.lock
DEBUG 2026-06-26 05:35:51 ock/_api.py:541 Attempting to release lock 130831648639792 on /root/.cache/huggingface/lerobot/coport-uni/FR5_task3_turn_the_sliver_air_valve_90_degress_counterclockwise/.cache/huggingface/download/videos/observation.images.hand/chunk-000/file-004.mp4.lock
DEBUG 2026-06-26 05:35:51 ock/_api.py:545 Lock 130831648639792 released on /root/.cache/huggingface/lerobot/coport-uni/FR5_task3_turn_the_sliver_air_valve_90_degress_counterclockwise/.cache/huggingface/download/videos/observation.images.hand/chunk-000/file-004.mp4.lock
DEBUG 2026-06-26 05:35:51 ock/_api.py:501 Attempting to acquire lock 130831648769376 on /root/.cache/huggingface/lerobot/coport-uni/FR5_task3_turn_the_sliver_air_valve_90_degress_counterclockwise/.cache/huggingface/download/videos/observation.images.hand/chunk-000/file-004.mp4.lock
DEBUG 2026-06-26 05:35:51 ock/_api.py:504 Lock 130831648769376 acquired on /root/.cache/huggingface/lerobot/coport-uni/FR5_task3_turn_the_sliver_air_valve_90_degress_counterclockwise/.cache/huggingface/download/videos/observation.images.hand/chunk-000/file-004.mp4.lock
DEBUG 2026-06-26 05:35:51 ock/_api.py:541 Attempting to release lock 130831648769376 on /root/.cache/huggingface/lerobot/coport-uni/FR5_task3_turn_the_sliver_air_valve_90_degress_counterclockwise/.cache/huggingface/download/videos/observation.images.hand/chunk-000/file-004.mp4.lock
DEBUG 2026-06-26 05:35:51 ock/_api.py:545 Lock 130831648769376 released on /root/.cache/huggingface/lerobot/coport-uni/FR5_task3_turn_the_sliver_air_valve_90_degress_counterclockwise/.cache/huggingface/download/videos/observation.images.hand/chunk-000/file-004.mp4.lock
DEBUG 2026-06-26 05:35:51 ock/_api.py:501 Attempting to acquire lock 130831648771200 on /root/.cache/huggingface/lerobot/coport-uni/FR5_task3_turn_the_sliver_air_valve_90_degress_counterclockwise/.cache/huggingface/download/videos/observation.images.top_right/chunk-000/file-003.mp4.lock
DEBUG 2026-06-26 05:35:51 ock/_api.py:504 Lock 130831648771200 acquired on /root/.cache/huggingface/lerobot/coport-uni/FR5_task3_turn_the_sliver_air_valve_90_degress_counterclockwise/.cache/huggingface/download/videos/observation.images.top_right/chunk-000/file-003.mp4.lock
DEBUG 2026-06-26 05:35:51 ock/_api.py:541 Attempting to release lock 130831648771200 on /root/.cache/huggingface/lerobot/coport-uni/FR5_task3_turn_the_sliver_air_valve_90_degress_counterclockwise/.cache/huggingface/download/videos/observation.images.top_right/chunk-000/file-003.mp4.lock
DEBUG 2026-06-26 05:35:51 ock/_api.py:545 Lock 130831648771200 released on /root/.cache/huggingface/lerobot/coport-uni/FR5_task3_turn_the_sliver_air_valve_90_degress_counterclockwise/.cache/huggingface/download/videos/observation.images.top_right/chunk-000/file-003.mp4.lock
DEBUG 2026-06-26 05:35:51 re/_trace.py:47 send_request_headers.started request=<Request [b'HEAD']>
DEBUG 2026-06-26 05:35:51 re/_trace.py:47 send_request_headers.complete
DEBUG 2026-06-26 05:35:51 re/_trace.py:47 send_request_body.started request=<Request [b'HEAD']>
DEBUG 2026-06-26 05:35:51 re/_trace.py:47 send_request_body.complete
DEBUG 2026-06-26 05:35:51 re/_trace.py:47 receive_response_headers.started request=<Request [b'HEAD']>
DEBUG 2026-06-26 05:35:51 re/_trace.py:47 receive_response_headers.complete return_value=(b'HTTP/1.1', 302, b'Found', [(b'Content-Type', b'text/plain; charset=utf-8'), (b'Content-Length', b'1052'), (b'Connection', b'keep-alive'), (b'Date', b'Fri, 26 Jun 2026 05:35:51 GMT'), (b'Location', b'https://cas-bridge.xethub.hf.co/xet-bridge-us/6a3bd3d805d60eef965b73d1/f0c6e9f8dcd5fdba0f9d1d1ca6b86c29f8e360b88f037c55aa712a7e31bf2373?Expires=1782455751&Policy=eyJTdGF0ZW1lbnQiOlt7IlJlc291cmNlIjoiaHR0cHM6Ly9jYXMtYnJpZGdlLnhldGh1Yi5oZi5jby94ZXQtYnJpZGdlLXVzLzZhM2JkM2Q4MDVkNjBlZWY5NjViNzNkMS9mMGM2ZTlmOGRjZDVmZGJhMGY5ZDFkMWNhNmI4NmMyOWY4ZTM2MGI4OGYwMzdjNTVhYTcxMmE3ZTMxYmYyMzczKiIsIkNvbmRpdGlvbiI6eyJEYXRlTGVzc1RoYW4iOnsiQVdTOkVwb2NoVGltZSI6MTc4MjQ1NTc1MX19fV19&Signature=MEUCIFK6YCMr0W0dfPNl6FNrz14Wkhs-XLRQ-La1RU5yqzFHAiEA6fGgMdtJDkUqfZzhorz70j0ujPz1WLp0r2v1TfhOeSw_&Key-Pair-Id=K1LYXO563TGWFU&response-content-disposition=inline%3B+filename*%3DUTF-8%27%27file-003.mp4%3B+filename%3D%22file-003.mp4%22%3B&X-Xet-Cas-Uid=6968a8befacf9a9b049da27a&response-content-type=video%2Fmp4&X-Amz-Algorithm=AWS4-HMAC-SHA256&X-Amz-Credential=cas%2F20260626%2Fus-east-1%2Fs3%2Faws4_request&X-Amz-Date=20260626T053551Z&X-Amz-Expires=3600&X-Amz-SignedHeaders=host&X-Amz-Signature=f1e6bf19f65b3ab33642a16aa97267fa8bd61ab00d341f18dc14754762450657'), (b'X-Powered-By', b'huggingface-moon'), (b'X-Request-Id', b'Root=1-6a3e0fb7-505dbbf01cfe954d17acfa7c;9a1392ec-ea02-4797-b193-6bc3fa79d1bb'), (b'RateLimit', b'"resolvers";r=4959;t=171'), (b'RateLimit-Policy', b'"fixed window";"resolvers";q=5000;w=300'), (b'cross-origin-opener-policy', b'same-origin'), (b'Referrer-Policy', b'strict-origin-when-cross-origin'), (b'Access-Control-Max-Age', b'86400'), (b'Access-Control-Allow-Origin', b'https://huggingface.co'), (b'Vary', b'Origin, Accept'), (b'Access-Control-Expose-Headers', b'X-Repo-Commit,X-Request-Id,X-Error-Code,X-Error-Message,X-Total-Count,ETag,Link,Accept-Ranges,Content-Range,X-Linked-Size,X-Linked-ETag,X-Xet-Hash'), (b'X-Repo-Commit', b'3f9ac6f4546fc52d193d2b043b97b60d458ab6d7'), (b'Accept-Ranges', b'bytes'), (b'X-Hub-Cache', b'MISS'), (b'X-Linked-Size', b'181231367'), (b'X-Linked-ETag', b'"a8c80a69f5d25180be9dabbf57fb94ce0d66abb904903de4b0b57550c749f2dd"'), (b'X-Xet-Hash', b'f0c6e9f8dcd5fdba0f9d1d1ca6b86c29f8e360b88f037c55aa712a7e31bf2373'), (b'Link', b'<https://huggingface.co/api/datasets/coport-uni/FR5_task3_turn_the_sliver_air_valve_90_degress_counterclockwise/xet-read-token/3f9ac6f4546fc52d193d2b043b97b60d458ab6d7>; rel="xet-auth", <https://cas-server.xethub.hf.co/v1/reconstructions/f0c6e9f8dcd5fdba0f9d1d1ca6b86c29f8e360b88f037c55aa712a7e31bf2373>; rel="xet-reconstruction-info"'), (b'X-Cache', b'Miss from cloudfront'), (b'Via', b'1.1 1ffaab99be603658502bc9751758efb0.cloudfront.net (CloudFront)'), (b'X-Amz-Cf-Pop', b'ICN57-P5'), (b'X-Amz-Cf-Id', b'czvZ1LQwOthKW7TSvn1V9RKNOUajpgyPRt75LMRmpaLZDC5NnsLdSQ==')])
INFO 2026-06-26 05:35:51 _client.py:1025 HTTP Request: HEAD https://huggingface.co/datasets/coport-uni/FR5_task3_turn_the_sliver_air_valve_90_degress_counterclockwise/resolve/3f9ac6f4546fc52d193d2b043b97b60d458ab6d7/videos/observation.images.top_right/chunk-000/file-003.mp4 "HTTP/1.1 302 Found"
DEBUG 2026-06-26 05:35:51 re/_trace.py:47 receive_response_body.started request=<Request [b'HEAD']>
DEBUG 2026-06-26 05:35:51 re/_trace.py:47 receive_response_body.complete
DEBUG 2026-06-26 05:35:51 re/_trace.py:47 response_closed.started
DEBUG 2026-06-26 05:35:51 re/_trace.py:47 response_closed.complete
DEBUG 2026-06-26 05:35:51 ock/_api.py:501 Attempting to acquire lock 130831648649104 on /root/.cache/huggingface/lerobot/coport-uni/FR5_task3_turn_the_sliver_air_valve_90_degress_counterclockwise/.cache/huggingface/download/videos/observation.images.top_right/chunk-000/file-003.mp4.lock
DEBUG 2026-06-26 05:35:51 ock/_api.py:504 Lock 130831648649104 acquired on /root/.cache/huggingface/lerobot/coport-uni/FR5_task3_turn_the_sliver_air_valve_90_degress_counterclockwise/.cache/huggingface/download/videos/observation.images.top_right/chunk-000/file-003.mp4.lock
DEBUG 2026-06-26 05:35:52 ock/_api.py:541 Attempting to release lock 130831648606736 on /root/.cache/huggingface/lerobot/coport-uni/FR5_task3_turn_the_sliver_air_valve_90_degress_counterclockwise/.cache/huggingface/download/videos/observation.images.top_left/chunk-000/file-000.mp4.lock
DEBUG 2026-06-26 05:35:52 ock/_api.py:545 Lock 130831648606736 released on /root/.cache/huggingface/lerobot/coport-uni/FR5_task3_turn_the_sliver_air_valve_90_degress_counterclockwise/.cache/huggingface/download/videos/observation.images.top_left/chunk-000/file-000.mp4.lock
DEBUG 2026-06-26 05:35:52 ock/_api.py:501 Attempting to acquire lock 130831648647904 on /root/.cache/huggingface/lerobot/coport-uni/FR5_task3_turn_the_sliver_air_valve_90_degress_counterclockwise/.cache/huggingface/download/videos/observation.images.top_left/chunk-000/file-000.mp4.lock
DEBUG 2026-06-26 05:35:52 ock/_api.py:504 Lock 130831648647904 acquired on /root/.cache/huggingface/lerobot/coport-uni/FR5_task3_turn_the_sliver_air_valve_90_degress_counterclockwise/.cache/huggingface/download/videos/observation.images.top_left/chunk-000/file-000.mp4.lock
DEBUG 2026-06-26 05:35:52 ock/_api.py:541 Attempting to release lock 130831648647904 on /root/.cache/huggingface/lerobot/coport-uni/FR5_task3_turn_the_sliver_air_valve_90_degress_counterclockwise/.cache/huggingface/download/videos/observation.images.top_left/chunk-000/file-000.mp4.lock
DEBUG 2026-06-26 05:35:52 ock/_api.py:545 Lock 130831648647904 released on /root/.cache/huggingface/lerobot/coport-uni/FR5_task3_turn_the_sliver_air_valve_90_degress_counterclockwise/.cache/huggingface/download/videos/observation.images.top_left/chunk-000/file-000.mp4.lock
DEBUG 2026-06-26 05:35:52 ock/_api.py:501 Attempting to acquire lock 130831648648432 on /root/.cache/huggingface/lerobot/coport-uni/FR5_task3_turn_the_sliver_air_valve_90_degress_counterclockwise/.cache/huggingface/download/videos/observation.images.top_right/chunk-000/file-004.mp4.lock
DEBUG 2026-06-26 05:35:52 ock/_api.py:504 Lock 130831648648432 acquired on /root/.cache/huggingface/lerobot/coport-uni/FR5_task3_turn_the_sliver_air_valve_90_degress_counterclockwise/.cache/huggingface/download/videos/observation.images.top_right/chunk-000/file-004.mp4.lock
DEBUG 2026-06-26 05:35:52 ock/_api.py:541 Attempting to release lock 130831648648432 on /root/.cache/huggingface/lerobot/coport-uni/FR5_task3_turn_the_sliver_air_valve_90_degress_counterclockwise/.cache/huggingface/download/videos/observation.images.top_right/chunk-000/file-004.mp4.lock
DEBUG 2026-06-26 05:35:52 ock/_api.py:545 Lock 130831648648432 released on /root/.cache/huggingface/lerobot/coport-uni/FR5_task3_turn_the_sliver_air_valve_90_degress_counterclockwise/.cache/huggingface/download/videos/observation.images.top_right/chunk-000/file-004.mp4.lock
DEBUG 2026-06-26 05:35:52 re/_trace.py:47 send_request_headers.started request=<Request [b'HEAD']>
DEBUG 2026-06-26 05:35:52 re/_trace.py:47 send_request_headers.complete
DEBUG 2026-06-26 05:35:52 re/_trace.py:47 send_request_body.started request=<Request [b'HEAD']>
DEBUG 2026-06-26 05:35:52 re/_trace.py:47 send_request_body.complete
DEBUG 2026-06-26 05:35:52 re/_trace.py:47 receive_response_headers.started request=<Request [b'HEAD']>
DEBUG 2026-06-26 05:35:52 re/_trace.py:47 receive_response_headers.complete return_value=(b'HTTP/1.1', 302, b'Found', [(b'Content-Type', b'text/plain; charset=utf-8'), (b'Content-Length', b'1056'), (b'Connection', b'keep-alive'), (b'Date', b'Fri, 26 Jun 2026 05:35:52 GMT'), (b'Location', b'https://cas-bridge.xethub.hf.co/xet-bridge-us/6a3bd3d805d60eef965b73d1/ad359ffe81a379a4ab8e379209678daac2a0fd656a61fe275aee83378ab6692f?Expires=1782455752&Policy=eyJTdGF0ZW1lbnQiOlt7IlJlc291cmNlIjoiaHR0cHM6Ly9jYXMtYnJpZGdlLnhldGh1Yi5oZi5jby94ZXQtYnJpZGdlLXVzLzZhM2JkM2Q4MDVkNjBlZWY5NjViNzNkMS9hZDM1OWZmZTgxYTM3OWE0YWI4ZTM3OTIwOTY3OGRhYWMyYTBmZDY1NmE2MWZlMjc1YWVlODMzNzhhYjY2OTJmKiIsIkNvbmRpdGlvbiI6eyJEYXRlTGVzc1RoYW4iOnsiQVdTOkVwb2NoVGltZSI6MTc4MjQ1NTc1Mn19fV19&Signature=MEUCIAh%7EtnfpoH0xxZTJI2SO-wyMK6Sp4qSjfNlkCB5oQPqDAiEAkj0gEG%7ExjmjlayhhBgctl3zcindIsuLoQxqMJUENaMQ_&Key-Pair-Id=K1LYXO563TGWFU&X-Xet-Cas-Uid=6968a8befacf9a9b049da27a&response-content-type=video%2Fmp4&response-content-disposition=inline%3B+filename*%3DUTF-8%27%27file-004.mp4%3B+filename%3D%22file-004.mp4%22%3B&X-Amz-Algorithm=AWS4-HMAC-SHA256&X-Amz-Credential=cas%2F20260626%2Fus-east-1%2Fs3%2Faws4_request&X-Amz-Date=20260626T053552Z&X-Amz-Expires=3600&X-Amz-SignedHeaders=host&X-Amz-Signature=5a26b75d6acb0f5ad5c3d389827931f7aac146ee6e2b47543493f353d761aa0e'), (b'X-Powered-By', b'huggingface-moon'), (b'X-Request-Id', b'Root=1-6a3e0fb8-5e0cd84151b1764135f3d737;3f1beb68-c293-4ced-af17-5b9f11435bca'), (b'RateLimit', b'"resolvers";r=4958;t=170'), (b'RateLimit-Policy', b'"fixed window";"resolvers";q=5000;w=300'), (b'cross-origin-opener-policy', b'same-origin'), (b'Referrer-Policy', b'strict-origin-when-cross-origin'), (b'Access-Control-Max-Age', b'86400'), (b'Access-Control-Allow-Origin', b'https://huggingface.co'), (b'Vary', b'Origin, Accept'), (b'Access-Control-Expose-Headers', b'X-Repo-Commit,X-Request-Id,X-Error-Code,X-Error-Message,X-Total-Count,ETag,Link,Accept-Ranges,Content-Range,X-Linked-Size,X-Linked-ETag,X-Xet-Hash'), (b'X-Repo-Commit', b'3f9ac6f4546fc52d193d2b043b97b60d458ab6d7'), (b'Accept-Ranges', b'bytes'), (b'X-Hub-Cache', b'MISS'), (b'X-Linked-Size', b'177268685'), (b'X-Linked-ETag', b'"ce0f45dce762614097dcef891e0db4040cb38f639e83971d9f22f067133ae0be"'), (b'X-Xet-Hash', b'ad359ffe81a379a4ab8e379209678daac2a0fd656a61fe275aee83378ab6692f'), (b'Link', b'<https://huggingface.co/api/datasets/coport-uni/FR5_task3_turn_the_sliver_air_valve_90_degress_counterclockwise/xet-read-token/3f9ac6f4546fc52d193d2b043b97b60d458ab6d7>; rel="xet-auth", <https://cas-server.xethub.hf.co/v1/reconstructions/ad359ffe81a379a4ab8e379209678daac2a0fd656a61fe275aee83378ab6692f>; rel="xet-reconstruction-info"'), (b'X-Cache', b'Miss from cloudfront'), (b'Via', b'1.1 1ffaab99be603658502bc9751758efb0.cloudfront.net (CloudFront)'), (b'X-Amz-Cf-Pop', b'ICN57-P5'), (b'X-Amz-Cf-Id', b'23CInRdQVaO4WQ6JeHnpwdDDyRkQVFe3uuo-SSqikovh6ZnyMUn2lA==')])
INFO 2026-06-26 05:35:52 _client.py:1025 HTTP Request: HEAD https://huggingface.co/datasets/coport-uni/FR5_task3_turn_the_sliver_air_valve_90_degress_counterclockwise/resolve/3f9ac6f4546fc52d193d2b043b97b60d458ab6d7/videos/observation.images.top_right/chunk-000/file-004.mp4 "HTTP/1.1 302 Found"
DEBUG 2026-06-26 05:35:52 re/_trace.py:47 receive_response_body.started request=<Request [b'HEAD']>
DEBUG 2026-06-26 05:35:52 re/_trace.py:47 receive_response_body.complete
DEBUG 2026-06-26 05:35:52 re/_trace.py:47 response_closed.started
DEBUG 2026-06-26 05:35:52 re/_trace.py:47 response_closed.complete
DEBUG 2026-06-26 05:35:52 ock/_api.py:501 Attempting to acquire lock 130831648641232 on /root/.cache/huggingface/lerobot/coport-uni/FR5_task3_turn_the_sliver_air_valve_90_degress_counterclockwise/.cache/huggingface/download/videos/observation.images.top_right/chunk-000/file-004.mp4.lock
DEBUG 2026-06-26 05:35:52 ock/_api.py:504 Lock 130831648641232 acquired on /root/.cache/huggingface/lerobot/coport-uni/FR5_task3_turn_the_sliver_air_valve_90_degress_counterclockwise/.cache/huggingface/download/videos/observation.images.top_right/chunk-000/file-004.mp4.lock
DEBUG 2026-06-26 05:36:05 ock/_api.py:541 Attempting to release lock 130831648649104 on /root/.cache/huggingface/lerobot/coport-uni/FR5_task3_turn_the_sliver_air_valve_90_degress_counterclockwise/.cache/huggingface/download/videos/observation.images.top_right/chunk-000/file-003.mp4.lock
DEBUG 2026-06-26 05:36:05 ock/_api.py:545 Lock 130831648649104 released on /root/.cache/huggingface/lerobot/coport-uni/FR5_task3_turn_the_sliver_air_valve_90_degress_counterclockwise/.cache/huggingface/download/videos/observation.images.top_right/chunk-000/file-003.mp4.lock
DEBUG 2026-06-26 05:36:05 ock/_api.py:501 Attempting to acquire lock 130831648652656 on /root/.cache/huggingface/lerobot/coport-uni/FR5_task3_turn_the_sliver_air_valve_90_degress_counterclockwise/.cache/huggingface/download/videos/observation.images.top_right/chunk-000/file-003.mp4.lock
DEBUG 2026-06-26 05:36:05 ock/_api.py:504 Lock 130831648652656 acquired on /root/.cache/huggingface/lerobot/coport-uni/FR5_task3_turn_the_sliver_air_valve_90_degress_counterclockwise/.cache/huggingface/download/videos/observation.images.top_right/chunk-000/file-003.mp4.lock
DEBUG 2026-06-26 05:36:05 ock/_api.py:541 Attempting to release lock 130831648652656 on /root/.cache/huggingface/lerobot/coport-uni/FR5_task3_turn_the_sliver_air_valve_90_degress_counterclockwise/.cache/huggingface/download/videos/observation.images.top_right/chunk-000/file-003.mp4.lock
DEBUG 2026-06-26 05:36:05 ock/_api.py:545 Lock 130831648652656 released on /root/.cache/huggingface/lerobot/coport-uni/FR5_task3_turn_the_sliver_air_valve_90_degress_counterclockwise/.cache/huggingface/download/videos/observation.images.top_right/chunk-000/file-003.mp4.lock
DEBUG 2026-06-26 05:36:05 ock/_api.py:541 Attempting to release lock 130832695159904 on /root/.cache/huggingface/lerobot/coport-uni/FR5_task3_turn_the_sliver_air_valve_90_degress_counterclockwise/.cache/huggingface/download/videos/observation.images.top_left/chunk-000/file-004.mp4.lock
DEBUG 2026-06-26 05:36:05 ock/_api.py:545 Lock 130832695159904 released on /root/.cache/huggingface/lerobot/coport-uni/FR5_task3_turn_the_sliver_air_valve_90_degress_counterclockwise/.cache/huggingface/download/videos/observation.images.top_left/chunk-000/file-004.mp4.lock
DEBUG 2026-06-26 05:36:05 ock/_api.py:501 Attempting to acquire lock 130831648773648 on /root/.cache/huggingface/lerobot/coport-uni/FR5_task3_turn_the_sliver_air_valve_90_degress_counterclockwise/.cache/huggingface/download/videos/observation.images.top_left/chunk-000/file-004.mp4.lock
DEBUG 2026-06-26 05:36:05 ock/_api.py:504 Lock 130831648773648 acquired on /root/.cache/huggingface/lerobot/coport-uni/FR5_task3_turn_the_sliver_air_valve_90_degress_counterclockwise/.cache/huggingface/download/videos/observation.images.top_left/chunk-000/file-004.mp4.lock
DEBUG 2026-06-26 05:36:05 ock/_api.py:541 Attempting to release lock 130831648773648 on /root/.cache/huggingface/lerobot/coport-uni/FR5_task3_turn_the_sliver_air_valve_90_degress_counterclockwise/.cache/huggingface/download/videos/observation.images.top_left/chunk-000/file-004.mp4.lock
DEBUG 2026-06-26 05:36:05 ock/_api.py:545 Lock 130831648773648 released on /root/.cache/huggingface/lerobot/coport-uni/FR5_task3_turn_the_sliver_air_valve_90_degress_counterclockwise/.cache/huggingface/download/videos/observation.images.top_left/chunk-000/file-004.mp4.lock
DEBUG 2026-06-26 05:36:06 ock/_api.py:541 Attempting to release lock 130831648641232 on /root/.cache/huggingface/lerobot/coport-uni/FR5_task3_turn_the_sliver_air_valve_90_degress_counterclockwise/.cache/huggingface/download/videos/observation.images.top_right/chunk-000/file-004.mp4.lock
DEBUG 2026-06-26 05:36:06 ock/_api.py:545 Lock 130831648641232 released on /root/.cache/huggingface/lerobot/coport-uni/FR5_task3_turn_the_sliver_air_valve_90_degress_counterclockwise/.cache/huggingface/download/videos/observation.images.top_right/chunk-000/file-004.mp4.lock
DEBUG 2026-06-26 05:36:06 ock/_api.py:501 Attempting to acquire lock 130831648649056 on /root/.cache/huggingface/lerobot/coport-uni/FR5_task3_turn_the_sliver_air_valve_90_degress_counterclockwise/.cache/huggingface/download/videos/observation.images.top_right/chunk-000/file-004.mp4.lock
DEBUG 2026-06-26 05:36:06 ock/_api.py:504 Lock 130831648649056 acquired on /root/.cache/huggingface/lerobot/coport-uni/FR5_task3_turn_the_sliver_air_valve_90_degress_counterclockwise/.cache/huggingface/download/videos/observation.images.top_right/chunk-000/file-004.mp4.lock
DEBUG 2026-06-26 05:36:06 ock/_api.py:541 Attempting to release lock 130831648649056 on /root/.cache/huggingface/lerobot/coport-uni/FR5_task3_turn_the_sliver_air_valve_90_degress_counterclockwise/.cache/huggingface/download/videos/observation.images.top_right/chunk-000/file-004.mp4.lock
DEBUG 2026-06-26 05:36:06 ock/_api.py:545 Lock 130831648649056 released on /root/.cache/huggingface/lerobot/coport-uni/FR5_task3_turn_the_sliver_air_valve_90_degress_counterclockwise/.cache/huggingface/download/videos/observation.images.top_right/chunk-000/file-004.mp4.lock
DEBUG 2026-06-26 05:36:07 ock/_api.py:541 Attempting to release lock 130831648781616 on /root/.cache/huggingface/lerobot/coport-uni/FR5_task3_turn_the_sliver_air_valve_90_degress_counterclockwise/.cache/huggingface/download/videos/observation.images.top_left/chunk-000/file-005.mp4.lock
DEBUG 2026-06-26 05:36:07 ock/_api.py:545 Lock 130831648781616 released on /root/.cache/huggingface/lerobot/coport-uni/FR5_task3_turn_the_sliver_air_valve_90_degress_counterclockwise/.cache/huggingface/download/videos/observation.images.top_left/chunk-000/file-005.mp4.lock
DEBUG 2026-06-26 05:36:07 ock/_api.py:501 Attempting to acquire lock 130831648770960 on /root/.cache/huggingface/lerobot/coport-uni/FR5_task3_turn_the_sliver_air_valve_90_degress_counterclockwise/.cache/huggingface/download/videos/observation.images.top_left/chunk-000/file-005.mp4.lock
DEBUG 2026-06-26 05:36:07 ock/_api.py:504 Lock 130831648770960 acquired on /root/.cache/huggingface/lerobot/coport-uni/FR5_task3_turn_the_sliver_air_valve_90_degress_counterclockwise/.cache/huggingface/download/videos/observation.images.top_left/chunk-000/file-005.mp4.lock
DEBUG 2026-06-26 05:36:07 ock/_api.py:541 Attempting to release lock 130831648770960 on /root/.cache/huggingface/lerobot/coport-uni/FR5_task3_turn_the_sliver_air_valve_90_degress_counterclockwise/.cache/huggingface/download/videos/observation.images.top_left/chunk-000/file-005.mp4.lock
DEBUG 2026-06-26 05:36:07 ock/_api.py:545 Lock 130831648770960 released on /root/.cache/huggingface/lerobot/coport-uni/FR5_task3_turn_the_sliver_air_valve_90_degress_counterclockwise/.cache/huggingface/download/videos/observation.images.top_left/chunk-000/file-005.mp4.lock
DEBUG 2026-06-26 05:36:07 ock/_api.py:541 Attempting to release lock 130831648783392 on /root/.cache/huggingface/lerobot/coport-uni/FR5_task3_turn_the_sliver_air_valve_90_degress_counterclockwise/.cache/huggingface/download/videos/observation.images.top_right/chunk-000/file-000.mp4.lock
DEBUG 2026-06-26 05:36:07 ock/_api.py:545 Lock 130831648783392 released on /root/.cache/huggingface/lerobot/coport-uni/FR5_task3_turn_the_sliver_air_valve_90_degress_counterclockwise/.cache/huggingface/download/videos/observation.images.top_right/chunk-000/file-000.mp4.lock
DEBUG 2026-06-26 05:36:07 ock/_api.py:501 Attempting to acquire lock 130831648776816 on /root/.cache/huggingface/lerobot/coport-uni/FR5_task3_turn_the_sliver_air_valve_90_degress_counterclockwise/.cache/huggingface/download/videos/observation.images.top_right/chunk-000/file-000.mp4.lock
DEBUG 2026-06-26 05:36:07 ock/_api.py:504 Lock 130831648776816 acquired on /root/.cache/huggingface/lerobot/coport-uni/FR5_task3_turn_the_sliver_air_valve_90_degress_counterclockwise/.cache/huggingface/download/videos/observation.images.top_right/chunk-000/file-000.mp4.lock
DEBUG 2026-06-26 05:36:07 ock/_api.py:541 Attempting to release lock 130831648776816 on /root/.cache/huggingface/lerobot/coport-uni/FR5_task3_turn_the_sliver_air_valve_90_degress_counterclockwise/.cache/huggingface/download/videos/observation.images.top_right/chunk-000/file-000.mp4.lock
DEBUG 2026-06-26 05:36:07 ock/_api.py:545 Lock 130831648776816 released on /root/.cache/huggingface/lerobot/coport-uni/FR5_task3_turn_the_sliver_air_valve_90_degress_counterclockwise/.cache/huggingface/download/videos/observation.images.top_right/chunk-000/file-000.mp4.lock
DEBUG 2026-06-26 05:36:08 ock/_api.py:541 Attempting to release lock 130831648612832 on /root/.cache/huggingface/lerobot/coport-uni/FR5_task3_turn_the_sliver_air_valve_90_degress_counterclockwise/.cache/huggingface/download/videos/observation.images.top_left/chunk-000/file-002.mp4.lock
DEBUG 2026-06-26 05:36:08 ock/_api.py:545 Lock 130831648612832 released on /root/.cache/huggingface/lerobot/coport-uni/FR5_task3_turn_the_sliver_air_valve_90_degress_counterclockwise/.cache/huggingface/download/videos/observation.images.top_left/chunk-000/file-002.mp4.lock
DEBUG 2026-06-26 05:36:08 ock/_api.py:501 Attempting to acquire lock 130831648783440 on /root/.cache/huggingface/lerobot/coport-uni/FR5_task3_turn_the_sliver_air_valve_90_degress_counterclockwise/.cache/huggingface/download/videos/observation.images.top_left/chunk-000/file-002.mp4.lock
DEBUG 2026-06-26 05:36:08 ock/_api.py:504 Lock 130831648783440 acquired on /root/.cache/huggingface/lerobot/coport-uni/FR5_task3_turn_the_sliver_air_valve_90_degress_counterclockwise/.cache/huggingface/download/videos/observation.images.top_left/chunk-000/file-002.mp4.lock
DEBUG 2026-06-26 05:36:08 ock/_api.py:541 Attempting to release lock 130831648783440 on /root/.cache/huggingface/lerobot/coport-uni/FR5_task3_turn_the_sliver_air_valve_90_degress_counterclockwise/.cache/huggingface/download/videos/observation.images.top_left/chunk-000/file-002.mp4.lock
DEBUG 2026-06-26 05:36:08 ock/_api.py:545 Lock 130831648783440 released on /root/.cache/huggingface/lerobot/coport-uni/FR5_task3_turn_the_sliver_air_valve_90_degress_counterclockwise/.cache/huggingface/download/videos/observation.images.top_left/chunk-000/file-002.mp4.lock
DEBUG 2026-06-26 05:36:08 ock/_api.py:541 Attempting to release lock 130831648774368 on /root/.cache/huggingface/lerobot/coport-uni/FR5_task3_turn_the_sliver_air_valve_90_degress_counterclockwise/.cache/huggingface/download/videos/observation.images.top_right/chunk-000/file-001.mp4.lock
DEBUG 2026-06-26 05:36:08 ock/_api.py:545 Lock 130831648774368 released on /root/.cache/huggingface/lerobot/coport-uni/FR5_task3_turn_the_sliver_air_valve_90_degress_counterclockwise/.cache/huggingface/download/videos/observation.images.top_right/chunk-000/file-001.mp4.lock
DEBUG 2026-06-26 05:36:08 ock/_api.py:501 Attempting to acquire lock 130831648780464 on /root/.cache/huggingface/lerobot/coport-uni/FR5_task3_turn_the_sliver_air_valve_90_degress_counterclockwise/.cache/huggingface/download/videos/observation.images.top_right/chunk-000/file-001.mp4.lock
DEBUG 2026-06-26 05:36:08 ock/_api.py:504 Lock 130831648780464 acquired on /root/.cache/huggingface/lerobot/coport-uni/FR5_task3_turn_the_sliver_air_valve_90_degress_counterclockwise/.cache/huggingface/download/videos/observation.images.top_right/chunk-000/file-001.mp4.lock
DEBUG 2026-06-26 05:36:08 ock/_api.py:541 Attempting to release lock 130831648780464 on /root/.cache/huggingface/lerobot/coport-uni/FR5_task3_turn_the_sliver_air_valve_90_degress_counterclockwise/.cache/huggingface/download/videos/observation.images.top_right/chunk-000/file-001.mp4.lock
DEBUG 2026-06-26 05:36:08 ock/_api.py:545 Lock 130831648780464 released on /root/.cache/huggingface/lerobot/coport-uni/FR5_task3_turn_the_sliver_air_valve_90_degress_counterclockwise/.cache/huggingface/download/videos/observation.images.top_right/chunk-000/file-001.mp4.lock
DEBUG 2026-06-26 05:36:09 ock/_api.py:541 Attempting to release lock 130831648771248 on /root/.cache/huggingface/lerobot/coport-uni/FR5_task3_turn_the_sliver_air_valve_90_degress_counterclockwise/.cache/huggingface/download/videos/observation.images.top_right/chunk-000/file-002.mp4.lock
DEBUG 2026-06-26 05:36:09 ock/_api.py:545 Lock 130831648771248 released on /root/.cache/huggingface/lerobot/coport-uni/FR5_task3_turn_the_sliver_air_valve_90_degress_counterclockwise/.cache/huggingface/download/videos/observation.images.top_right/chunk-000/file-002.mp4.lock
DEBUG 2026-06-26 05:36:09 ock/_api.py:501 Attempting to acquire lock 130831648780464 on /root/.cache/huggingface/lerobot/coport-uni/FR5_task3_turn_the_sliver_air_valve_90_degress_counterclockwise/.cache/huggingface/download/videos/observation.images.top_right/chunk-000/file-002.mp4.lock
DEBUG 2026-06-26 05:36:09 ock/_api.py:504 Lock 130831648780464 acquired on /root/.cache/huggingface/lerobot/coport-uni/FR5_task3_turn_the_sliver_air_valve_90_degress_counterclockwise/.cache/huggingface/download/videos/observation.images.top_right/chunk-000/file-002.mp4.lock
DEBUG 2026-06-26 05:36:09 ock/_api.py:541 Attempting to release lock 130831648780464 on /root/.cache/huggingface/lerobot/coport-uni/FR5_task3_turn_the_sliver_air_valve_90_degress_counterclockwise/.cache/huggingface/download/videos/observation.images.top_right/chunk-000/file-002.mp4.lock
DEBUG 2026-06-26 05:36:09 ock/_api.py:545 Lock 130831648780464 released on /root/.cache/huggingface/lerobot/coport-uni/FR5_task3_turn_the_sliver_air_valve_90_degress_counterclockwise/.cache/huggingface/download/videos/observation.images.top_right/chunk-000/file-002.mp4.lock
DEBUG 2026-06-26 05:36:09 ock/_api.py:501 Attempting to acquire lock 130831648641376 on /root/.cache/huggingface/datasets/_root_.cache_huggingface_datasets_parquet_default-854c19d363dd321c_0.0.0_ec3958b52035e87929642b609b5a781870321434b151a14fbe8fd5a26ff494bb.lock
DEBUG 2026-06-26 05:36:09 ock/_api.py:504 Lock 130831648641376 acquired on /root/.cache/huggingface/datasets/_root_.cache_huggingface_datasets_parquet_default-854c19d363dd321c_0.0.0_ec3958b52035e87929642b609b5a781870321434b151a14fbe8fd5a26ff494bb.lock
DEBUG 2026-06-26 05:36:09 ock/_api.py:541 Attempting to release lock 130831648641376 on /root/.cache/huggingface/datasets/_root_.cache_huggingface_datasets_parquet_default-854c19d363dd321c_0.0.0_ec3958b52035e87929642b609b5a781870321434b151a14fbe8fd5a26ff494bb.lock
DEBUG 2026-06-26 05:36:09 ock/_api.py:545 Lock 130831648641376 released on /root/.cache/huggingface/datasets/_root_.cache_huggingface_datasets_parquet_default-854c19d363dd321c_0.0.0_ec3958b52035e87929642b609b5a781870321434b151a14fbe8fd5a26ff494bb.lock
DEBUG 2026-06-26 05:36:09 ock/_api.py:501 Attempting to acquire lock 130831648639264 on /root/.cache/huggingface/datasets/parquet/default-854c19d363dd321c/0.0.0/ec3958b52035e87929642b609b5a781870321434b151a14fbe8fd5a26ff494bb_builder.lock
DEBUG 2026-06-26 05:36:09 ock/_api.py:504 Lock 130831648639264 acquired on /root/.cache/huggingface/datasets/parquet/default-854c19d363dd321c/0.0.0/ec3958b52035e87929642b609b5a781870321434b151a14fbe8fd5a26ff494bb_builder.lock
DEBUG 2026-06-26 05:36:09 ns/local.py:383 open file: /root/.cache/huggingface/datasets/parquet/default-854c19d363dd321c/0.0.0/ec3958b52035e87929642b609b5a781870321434b151a14fbe8fd5a26ff494bb.incomplete/parquet-train-00000-00000-of-NNNNN.arrow
DEBUG 2026-06-26 05:36:09 ock/_api.py:501 Attempting to acquire lock 130841553742416 on /root/.cache/huggingface/datasets/parquet/default-854c19d363dd321c/0.0.0/ec3958b52035e87929642b609b5a781870321434b151a14fbe8fd5a26ff494bb.incomplete_info.lock
DEBUG 2026-06-26 05:36:09 ock/_api.py:504 Lock 130841553742416 acquired on /root/.cache/huggingface/datasets/parquet/default-854c19d363dd321c/0.0.0/ec3958b52035e87929642b609b5a781870321434b151a14fbe8fd5a26ff494bb.incomplete_info.lock
DEBUG 2026-06-26 05:36:09 ns/local.py:383 open file: /root/.cache/huggingface/datasets/parquet/default-854c19d363dd321c/0.0.0/ec3958b52035e87929642b609b5a781870321434b151a14fbe8fd5a26ff494bb.incomplete/dataset_info.json
DEBUG 2026-06-26 05:36:09 ock/_api.py:541 Attempting to release lock 130841553742416 on /root/.cache/huggingface/datasets/parquet/default-854c19d363dd321c/0.0.0/ec3958b52035e87929642b609b5a781870321434b151a14fbe8fd5a26ff494bb.incomplete_info.lock
DEBUG 2026-06-26 05:36:09 ock/_api.py:545 Lock 130841553742416 released on /root/.cache/huggingface/datasets/parquet/default-854c19d363dd321c/0.0.0/ec3958b52035e87929642b609b5a781870321434b151a14fbe8fd5a26ff494bb.incomplete_info.lock
DEBUG 2026-06-26 05:36:09 ock/_api.py:541 Attempting to release lock 130831648639264 on /root/.cache/huggingface/datasets/parquet/default-854c19d363dd321c/0.0.0/ec3958b52035e87929642b609b5a781870321434b151a14fbe8fd5a26ff494bb_builder.lock
DEBUG 2026-06-26 05:36:09 ock/_api.py:545 Lock 130831648639264 released on /root/.cache/huggingface/datasets/parquet/default-854c19d363dd321c/0.0.0/ec3958b52035e87929642b609b5a781870321434b151a14fbe8fd5a26ff494bb_builder.lock
INFO 2026-06-26 05:36:09 ot_train.py:259 Creating policy
INFO 2026-06-26 05:36:10 ot_train.py:314 Creating optimizer and scheduler
INFO 2026-06-26 05:36:10 ot_train.py:349 [1m[33mOutput dir:[0m outputs/train/FR5_task3_turn_the_sliver_air_valve_90_degress_counterclockwise_act_h200
INFO 2026-06-26 05:36:10 ot_train.py:356 cfg.steps=100000 (100K)
INFO 2026-06-26 05:36:10 ot_train.py:357 dataset.num_frames=32706 (33K)
INFO 2026-06-26 05:36:10 ot_train.py:358 dataset.num_episodes=50
INFO 2026-06-26 05:36:10 ot_train.py:361 Effective batch size: 248 x 2 = 496
INFO 2026-06-26 05:36:10 ot_train.py:362 num_learnable_params=51599239 (52M)
INFO 2026-06-26 05:36:10 ot_train.py:363 num_total_params=51599239 (52M)
INFO 2026-06-26 05:36:10 ot_train.py:427 Start offline training on a fixed dataset, with effective batch size: 496
DEBUG 2026-06-26 05:36:10 re/_trace.py:47 close.started
DEBUG 2026-06-26 05:36:10 re/_trace.py:47 close.complete
DEBUG 2026-06-26 05:36:10 re/_trace.py:47 close.started
DEBUG 2026-06-26 05:36:10 re/_trace.py:47 close.complete
DEBUG 2026-06-26 05:36:10 re/_trace.py:47 close.started
DEBUG 2026-06-26 05:36:10 re/_trace.py:47 close.complete
DEBUG 2026-06-26 05:36:10 re/_trace.py:47 close.started
DEBUG 2026-06-26 05:36:10 re/_trace.py:47 close.complete
