INFO 2026-06-13 11:00:33 ot_train.py:217 {'batch_size': 176,
 'checkpoint_path': None,
 'cudnn_deterministic': False,
 'dataset': {'episodes': None,
             'image_transforms': {'enable': False,
                                  'max_num_transforms': 3,
                                  'random_order': False,
                                  'tfs': {'affine': {'kwargs': {'degrees': [-5.0,
                                                                            5.0],
                                                                'translate': [0.05,
                                                                              0.05]},
                                                     'type': 'RandomAffine',
                                                     'weight': 1.0},
                                          'brightness': {'kwargs': {'brightness': [0.8,
                                                                                   1.2]},
                                                         'type': 'ColorJitter',
                                                         'weight': 1.0},
                                          'contrast': {'kwargs': {'contrast': [0.8,
                                                                               1.2]},
                                                       'type': 'ColorJitter',
                                                       'weight': 1.0},
                                          'hue': {'kwargs': {'hue': [-0.05,
                                                                     0.05]},
                                                  'type': 'ColorJitter',
                                                  'weight': 1.0},
                                          'saturation': {'kwargs': {'saturation': [0.5,
                                                                                   1.5]},
                                                         'type': 'ColorJitter',
                                                         'weight': 1.0},
                                          'sharpness': {'kwargs': {'sharpness': [0.5,
                                                                                 1.5]},
                                                        'type': 'SharpnessJitter',
                                                        'weight': 1.0}}},
             'repo_id': 'coport-uni/FR5_task1_move_the_brown_colored_glass_bottle_to_the_designated_location_50',
             'revision': None,
             'root': None,
             'streaming': False,
             'use_imagenet_stats': True,
             'video_backend': 'pyav'},
 'env': None,
 'eval': {'batch_size': 50, 'n_episodes': 50, 'use_async_envs': False},
 'eval_freq': 20000,
 'job_name': 'FR5_task1_move_the_brown_colored_glass_bottle_to_the_designated_location_50_pi0_b200',
 'log_freq': 200,
 'num_workers': 10,
 'optimizer': {'betas': [0.9, 0.95],
               'eps': 1e-08,
               'grad_clip_norm': 1.0,
               'lr': 0.00012,
               'type': 'adamw',
               'weight_decay': 0.01},
 'output_dir': 'outputs/train/FR5_task1_move_the_brown_colored_glass_bottle_to_the_designated_location_50',
 'peft': None,
 'policy': {'action_expert_variant': 'gemma_300m',
            'chunk_size': 50,
            'compile_mode': 'default',
            'compile_model': True,
            'device': 'cuda',
            'dtype': 'bfloat16',
            'empty_cameras': 0,
            'freeze_vision_encoder': False,
            'gradient_checkpointing': True,
            'image_resolution': [224, 224],
            'input_features': {},
            'license': None,
            'max_action_dim': 32,
            'max_period': 4.0,
            'max_state_dim': 32,
            'min_period': 0.004,
            'n_action_steps': 50,
            'n_obs_steps': 1,
            'normalization_mapping': {'ACTION': <NormalizationMode.MEAN_STD: 'MEAN_STD'>,
                                      'STATE': <NormalizationMode.MEAN_STD: 'MEAN_STD'>,
                                      'VISUAL': <NormalizationMode.IDENTITY: 'IDENTITY'>},
            'num_inference_steps': 10,
            'optimizer_betas': [0.9, 0.95],
            'optimizer_eps': 1e-08,
            'optimizer_grad_clip_norm': 1.0,
            'optimizer_lr': 0.00012,
            'optimizer_weight_decay': 0.01,
            'output_features': {},
            'paligemma_variant': 'gemma_2b',
            'pretrained_path': 'models/pi0_base_v051compat',
            'private': None,
            'push_to_hub': True,
            'repo_id': 'coport-uni/FR5_task1_move_the_brown_colored_glass_bottle_to_the_designated_location_50_pi0_b200_model',
            'rtc_config': None,
            'scheduler_decay_lr': 2.5e-06,
            'scheduler_decay_steps': 30000,
            'scheduler_warmup_steps': 1000,
            'tags': None,
            'time_sampling_beta_alpha': 1.5,
            'time_sampling_beta_beta': 1.0,
            'time_sampling_offset': 0.001,
            'time_sampling_scale': 0.999,
            'tokenizer_max_length': 48,
            'train_expert_only': False,
            'type': 'pi0',
            'use_amp': False,
            'use_peft': False},
 'rabc_epsilon': 1e-06,
 'rabc_head_mode': 'sparse',
 'rabc_kappa': 0.01,
 'rabc_progress_path': None,
 'rename_map': {},
 'resume': False,
 'save_checkpoint': True,
 'save_freq': 3000,
 'scheduler': {'decay_lr': 2.5e-06,
               'num_decay_steps': 30000,
               'num_warmup_steps': 1000,
               'peak_lr': 0.00012,
               'type': 'cosine_decay_with_warmup'},
 'seed': 55,
 'steps': 30000,
 'tolerance_s': 0.1,
 'use_policy_training_preset': True,
 'use_rabc': False,
 'wandb': {'add_tags': True,
           'disable_artifact': False,
           'enable': True,
           'entity': None,
           'mode': None,
           'notes': None,
           'project': 'lerobot',
           'run_id': None}}
DEBUG 2026-06-13 11:00:34 or_events.py:64 Using selector: EpollSelector
DEBUG 2026-06-13 11:00:34 git/cmd.py:1286 Popen(['git', 'version'], cwd=/NHNHOME/workspace/sungwoo/FR5ControllerVLA, stdin=None, shell=False, universal_newlines=False)
DEBUG 2026-06-13 11:00:34 git/cmd.py:1286 Popen(['git', 'version'], cwd=/NHNHOME/workspace/sungwoo/FR5ControllerVLA, stdin=None, shell=False, universal_newlines=False)
DEBUG 2026-06-13 11:00:34 git/util.py:494 sys.platform='linux', git_executable='git'
DEBUG 2026-06-13 11:00:34 git/cmd.py:1286 Popen(['git', 'rev-parse', '--show-toplevel'], cwd=/NHNHOME/workspace/sungwoo/FR5ControllerVLA, stdin=None, shell=False, universal_newlines=False)
DEBUG 2026-06-13 11:00:34 git/util.py:494 sys.platform='linux', git_executable='git'
DEBUG 2026-06-13 11:00:34 git/cmd.py:1286 Popen(['git', 'cat-file', '--batch-check'], cwd=/NHNHOME/workspace/sungwoo/FR5ControllerVLA, stdin=<valid stream>, shell=False, universal_newlines=False)
INFO 2026-06-13 11:00:35 db_utils.py:117 [1m[34mLogs will be synced with wandb.[0m
INFO 2026-06-13 11:00:35 db_utils.py:118 Track this run --> [1m[33mhttps://wandb.ai/ohsungwoo-unist/lerobot/runs/1xn7smce[0m
INFO 2026-06-13 11:00:35 ot_train.py:241 Creating dataset
DEBUG 2026-06-13 11:00:35 ock/_api.py:536 Attempting to acquire lock 123327605796272 on /home/ykcho/.cache/huggingface/datasets/_home_ykcho_.cache_huggingface_datasets_parquet_default-4d8b19bcfaed132a_0.0.0_ec3958b52035e87929642b609b5a781870321434b151a14fbe8fd5a26ff494bb.lock
DEBUG 2026-06-13 11:00:35 ock/_api.py:539 Lock 123327605796272 acquired on /home/ykcho/.cache/huggingface/datasets/_home_ykcho_.cache_huggingface_datasets_parquet_default-4d8b19bcfaed132a_0.0.0_ec3958b52035e87929642b609b5a781870321434b151a14fbe8fd5a26ff494bb.lock
DEBUG 2026-06-13 11:00:35 ns/local.py:383 open file: /home/ykcho/.cache/huggingface/datasets/parquet/default-4d8b19bcfaed132a/0.0.0/ec3958b52035e87929642b609b5a781870321434b151a14fbe8fd5a26ff494bb/dataset_info.json
DEBUG 2026-06-13 11:00:35 ock/_api.py:568 Attempting to release lock 123327605796272 on /home/ykcho/.cache/huggingface/datasets/_home_ykcho_.cache_huggingface_datasets_parquet_default-4d8b19bcfaed132a_0.0.0_ec3958b52035e87929642b609b5a781870321434b151a14fbe8fd5a26ff494bb.lock
DEBUG 2026-06-13 11:00:35 ock/_api.py:572 Lock 123327605796272 released on /home/ykcho/.cache/huggingface/datasets/_home_ykcho_.cache_huggingface_datasets_parquet_default-4d8b19bcfaed132a_0.0.0_ec3958b52035e87929642b609b5a781870321434b151a14fbe8fd5a26ff494bb.lock
DEBUG 2026-06-13 11:00:35 ock/_api.py:536 Attempting to acquire lock 123327440874352 on /home/ykcho/.cache/huggingface/datasets/parquet/default-4d8b19bcfaed132a/0.0.0/ec3958b52035e87929642b609b5a781870321434b151a14fbe8fd5a26ff494bb_builder.lock
DEBUG 2026-06-13 11:00:35 ock/_api.py:539 Lock 123327440874352 acquired on /home/ykcho/.cache/huggingface/datasets/parquet/default-4d8b19bcfaed132a/0.0.0/ec3958b52035e87929642b609b5a781870321434b151a14fbe8fd5a26ff494bb_builder.lock
DEBUG 2026-06-13 11:00:35 ns/local.py:383 open file: /home/ykcho/.cache/huggingface/datasets/parquet/default-4d8b19bcfaed132a/0.0.0/ec3958b52035e87929642b609b5a781870321434b151a14fbe8fd5a26ff494bb/dataset_info.json
DEBUG 2026-06-13 11:00:35 ock/_api.py:568 Attempting to release lock 123327440874352 on /home/ykcho/.cache/huggingface/datasets/parquet/default-4d8b19bcfaed132a/0.0.0/ec3958b52035e87929642b609b5a781870321434b151a14fbe8fd5a26ff494bb_builder.lock
DEBUG 2026-06-13 11:00:35 ock/_api.py:572 Lock 123327440874352 released on /home/ykcho/.cache/huggingface/datasets/parquet/default-4d8b19bcfaed132a/0.0.0/ec3958b52035e87929642b609b5a781870321434b151a14fbe8fd5a26ff494bb_builder.lock
INFO 2026-06-13 11:00:35 eo_utils.py:108 Using video codec: libsvtav1
DEBUG 2026-06-13 11:00:35 ock/_api.py:536 Attempting to acquire lock 123327439429296 on /home/ykcho/.cache/huggingface/datasets/_home_ykcho_.cache_huggingface_datasets_parquet_default-4d8b19bcfaed132a_0.0.0_ec3958b52035e87929642b609b5a781870321434b151a14fbe8fd5a26ff494bb.lock
DEBUG 2026-06-13 11:00:35 ock/_api.py:539 Lock 123327439429296 acquired on /home/ykcho/.cache/huggingface/datasets/_home_ykcho_.cache_huggingface_datasets_parquet_default-4d8b19bcfaed132a_0.0.0_ec3958b52035e87929642b609b5a781870321434b151a14fbe8fd5a26ff494bb.lock
DEBUG 2026-06-13 11:00:35 ns/local.py:383 open file: /home/ykcho/.cache/huggingface/datasets/parquet/default-4d8b19bcfaed132a/0.0.0/ec3958b52035e87929642b609b5a781870321434b151a14fbe8fd5a26ff494bb/dataset_info.json
DEBUG 2026-06-13 11:00:35 ock/_api.py:568 Attempting to release lock 123327439429296 on /home/ykcho/.cache/huggingface/datasets/_home_ykcho_.cache_huggingface_datasets_parquet_default-4d8b19bcfaed132a_0.0.0_ec3958b52035e87929642b609b5a781870321434b151a14fbe8fd5a26ff494bb.lock
DEBUG 2026-06-13 11:00:35 ock/_api.py:572 Lock 123327439429296 released on /home/ykcho/.cache/huggingface/datasets/_home_ykcho_.cache_huggingface_datasets_parquet_default-4d8b19bcfaed132a_0.0.0_ec3958b52035e87929642b609b5a781870321434b151a14fbe8fd5a26ff494bb.lock
DEBUG 2026-06-13 11:00:35 ock/_api.py:536 Attempting to acquire lock 123327440934560 on /home/ykcho/.cache/huggingface/datasets/parquet/default-4d8b19bcfaed132a/0.0.0/ec3958b52035e87929642b609b5a781870321434b151a14fbe8fd5a26ff494bb_builder.lock
DEBUG 2026-06-13 11:00:35 ock/_api.py:539 Lock 123327440934560 acquired on /home/ykcho/.cache/huggingface/datasets/parquet/default-4d8b19bcfaed132a/0.0.0/ec3958b52035e87929642b609b5a781870321434b151a14fbe8fd5a26ff494bb_builder.lock
DEBUG 2026-06-13 11:00:35 ns/local.py:383 open file: /home/ykcho/.cache/huggingface/datasets/parquet/default-4d8b19bcfaed132a/0.0.0/ec3958b52035e87929642b609b5a781870321434b151a14fbe8fd5a26ff494bb/dataset_info.json
DEBUG 2026-06-13 11:00:35 ock/_api.py:568 Attempting to release lock 123327440934560 on /home/ykcho/.cache/huggingface/datasets/parquet/default-4d8b19bcfaed132a/0.0.0/ec3958b52035e87929642b609b5a781870321434b151a14fbe8fd5a26ff494bb_builder.lock
DEBUG 2026-06-13 11:00:35 ock/_api.py:572 Lock 123327440934560 released on /home/ykcho/.cache/huggingface/datasets/parquet/default-4d8b19bcfaed132a/0.0.0/ec3958b52035e87929642b609b5a781870321434b151a14fbe8fd5a26ff494bb_builder.lock
DEBUG 2026-06-13 11:00:35 ock/_api.py:536 Attempting to acquire lock 123327439813856 on /home/ykcho/.cache/huggingface/datasets/_home_ykcho_.cache_huggingface_datasets_parquet_default-9357e43f8e01ee4b_0.0.0_ec3958b52035e87929642b609b5a781870321434b151a14fbe8fd5a26ff494bb.lock
DEBUG 2026-06-13 11:00:35 ock/_api.py:539 Lock 123327439813856 acquired on /home/ykcho/.cache/huggingface/datasets/_home_ykcho_.cache_huggingface_datasets_parquet_default-9357e43f8e01ee4b_0.0.0_ec3958b52035e87929642b609b5a781870321434b151a14fbe8fd5a26ff494bb.lock
DEBUG 2026-06-13 11:00:35 ns/local.py:383 open file: /home/ykcho/.cache/huggingface/datasets/parquet/default-9357e43f8e01ee4b/0.0.0/ec3958b52035e87929642b609b5a781870321434b151a14fbe8fd5a26ff494bb/dataset_info.json
DEBUG 2026-06-13 11:00:35 ock/_api.py:568 Attempting to release lock 123327439813856 on /home/ykcho/.cache/huggingface/datasets/_home_ykcho_.cache_huggingface_datasets_parquet_default-9357e43f8e01ee4b_0.0.0_ec3958b52035e87929642b609b5a781870321434b151a14fbe8fd5a26ff494bb.lock
DEBUG 2026-06-13 11:00:35 ock/_api.py:572 Lock 123327439813856 released on /home/ykcho/.cache/huggingface/datasets/_home_ykcho_.cache_huggingface_datasets_parquet_default-9357e43f8e01ee4b_0.0.0_ec3958b52035e87929642b609b5a781870321434b151a14fbe8fd5a26ff494bb.lock
DEBUG 2026-06-13 11:00:35 ock/_api.py:536 Attempting to acquire lock 123327439704464 on /home/ykcho/.cache/huggingface/datasets/parquet/default-9357e43f8e01ee4b/0.0.0/ec3958b52035e87929642b609b5a781870321434b151a14fbe8fd5a26ff494bb_builder.lock
DEBUG 2026-06-13 11:00:35 ock/_api.py:539 Lock 123327439704464 acquired on /home/ykcho/.cache/huggingface/datasets/parquet/default-9357e43f8e01ee4b/0.0.0/ec3958b52035e87929642b609b5a781870321434b151a14fbe8fd5a26ff494bb_builder.lock
DEBUG 2026-06-13 11:00:35 ns/local.py:383 open file: /home/ykcho/.cache/huggingface/datasets/parquet/default-9357e43f8e01ee4b/0.0.0/ec3958b52035e87929642b609b5a781870321434b151a14fbe8fd5a26ff494bb/dataset_info.json
DEBUG 2026-06-13 11:00:35 ock/_api.py:568 Attempting to release lock 123327439704464 on /home/ykcho/.cache/huggingface/datasets/parquet/default-9357e43f8e01ee4b/0.0.0/ec3958b52035e87929642b609b5a781870321434b151a14fbe8fd5a26ff494bb_builder.lock
DEBUG 2026-06-13 11:00:35 ock/_api.py:572 Lock 123327439704464 released on /home/ykcho/.cache/huggingface/datasets/parquet/default-9357e43f8e01ee4b/0.0.0/ec3958b52035e87929642b609b5a781870321434b151a14fbe8fd5a26ff494bb_builder.lock
INFO 2026-06-13 11:00:37 ot_train.py:259 Creating policy
INFO 2026-06-13 11:01:42 ling_pi0.py:602 Enabled gradient checkpointing for PI0Pytorch model
WARNING 2026-06-13 11:01:44 ing_pi0.py:1156 Vision embedding key might need handling: paligemma_with_expert.paligemma.model.vision_tower.embeddings.patch_embedding.bias
WARNING 2026-06-13 11:01:44 ing_pi0.py:1156 Vision embedding key might need handling: paligemma_with_expert.paligemma.model.vision_tower.embeddings.patch_embedding.weight
INFO 2026-06-13 11:01:44 ing_pi0.py:1169 Remapped 437 vision-tower keys to the installed transformers naming (vision_tower.vision_model.* <-> vision_tower.*).
DEBUG 2026-06-13 11:01:55 re/_trace.py:47 connect_tcp.started host='huggingface.co' port=443 local_address=None timeout=10 socket_options=None
DEBUG 2026-06-13 11:01:55 re/_trace.py:47 connect_tcp.complete return_value=<httpcore._backends.sync.SyncStream object at 0x7027f070a2a0>
DEBUG 2026-06-13 11:01:55 re/_trace.py:47 start_tls.started ssl_context=<ssl.SSLContext object at 0x70273ff3f6d0> server_hostname='huggingface.co' timeout=10
DEBUG 2026-06-13 11:01:55 re/_trace.py:47 start_tls.complete return_value=<httpcore._backends.sync.SyncStream object at 0x7027f06e0500>
DEBUG 2026-06-13 11:01:55 re/_trace.py:47 send_request_headers.started request=<Request [b'HEAD']>
DEBUG 2026-06-13 11:01:55 re/_trace.py:47 send_request_headers.complete
DEBUG 2026-06-13 11:01:55 re/_trace.py:47 send_request_body.started request=<Request [b'HEAD']>
DEBUG 2026-06-13 11:01:55 re/_trace.py:47 send_request_body.complete
DEBUG 2026-06-13 11:01:55 re/_trace.py:47 receive_response_headers.started request=<Request [b'HEAD']>
DEBUG 2026-06-13 11:01:55 re/_trace.py:47 receive_response_headers.complete return_value=(b'HTTP/1.1', 200, b'OK', [(b'Content-Type', b'text/plain; charset=utf-8'), (b'Content-Length', b'1027'), (b'Connection', b'keep-alive'), (b'Date', b'Sat, 13 Jun 2026 02:01:55 GMT'), (b'ETag', b'"b89393ba09b432265173f688b8a41a2c3c9e3e4c"'), (b'X-Powered-By', b'huggingface-moon'), (b'X-Request-Id', b'Root=1-6a2cba13-76b51be222c9fba671803555;00cd4ec8-de9c-4f6d-a576-0749125a8235'), (b'RateLimit', b'"resolvers";r=4990;t=107'), (b'RateLimit-Policy', b'"fixed window";"resolvers";q=5000;w=300'), (b'cross-origin-opener-policy', b'same-origin'), (b'Referrer-Policy', b'strict-origin-when-cross-origin'), (b'Access-Control-Max-Age', b'86400'), (b'Access-Control-Allow-Origin', b'https://huggingface.co'), (b'Vary', b'Origin'), (b'Access-Control-Expose-Headers', b'X-Repo-Commit,X-Request-Id,X-Error-Code,X-Error-Message,X-Total-Count,ETag,Link,Accept-Ranges,Content-Range,X-Linked-Size,X-Linked-ETag,X-Xet-Hash'), (b'X-Repo-Commit', b'35e4f46485b4d07967e7e9935bc3786aad50687c'), (b'Accept-Ranges', b'bytes'), (b'X-Hub-Cache', b'MISS'), (b'Content-Disposition', b'inline; filename*=UTF-8\'\'config.json; filename="config.json";'), (b'Content-Security-Policy', b"default-src 'none'; sandbox"), (b'X-Cache', b'Miss from cloudfront'), (b'Via', b'1.1 63a5602c0026310ff3bc102e4bcef29a.cloudfront.net (CloudFront)'), (b'X-Amz-Cf-Pop', b'ICN57-P5'), (b'X-Amz-Cf-Id', b'dBpZLe_ZgV4Sy6pegL3F6g9LKhB7Hbu6RIxVsXlc6fQOxTjrhdW0tQ==')])
INFO 2026-06-13 11:01:55 _client.py:1025 HTTP Request: HEAD https://huggingface.co/google/paligemma-3b-pt-224/resolve/main/config.json "HTTP/1.1 200 OK"
DEBUG 2026-06-13 11:01:55 re/_trace.py:47 receive_response_body.started request=<Request [b'HEAD']>
DEBUG 2026-06-13 11:01:55 re/_trace.py:47 receive_response_body.complete
DEBUG 2026-06-13 11:01:55 re/_trace.py:47 response_closed.started
DEBUG 2026-06-13 11:01:55 re/_trace.py:47 response_closed.complete
DEBUG 2026-06-13 11:01:55 re/_trace.py:47 send_request_headers.started request=<Request [b'HEAD']>
DEBUG 2026-06-13 11:01:55 re/_trace.py:47 send_request_headers.complete
DEBUG 2026-06-13 11:01:55 re/_trace.py:47 send_request_body.started request=<Request [b'HEAD']>
DEBUG 2026-06-13 11:01:55 re/_trace.py:47 send_request_body.complete
DEBUG 2026-06-13 11:01:55 re/_trace.py:47 receive_response_headers.started request=<Request [b'HEAD']>
DEBUG 2026-06-13 11:01:56 re/_trace.py:47 receive_response_headers.complete return_value=(b'HTTP/1.1', 200, b'OK', [(b'Content-Type', b'text/plain; charset=utf-8'), (b'Content-Length', b'39968'), (b'Connection', b'keep-alive'), (b'Date', b'Sat, 13 Jun 2026 02:01:56 GMT'), (b'ETag', b'"960dcec0bccc6e594d865eceb63c8078e164cfb2"'), (b'X-Powered-By', b'huggingface-moon'), (b'X-Request-Id', b'Root=1-6a2cba14-6fb957c6311f765a67a3b164;3eee2549-44b5-4071-918b-a2b6873d4067'), (b'RateLimit', b'"resolvers";r=4985;t=106'), (b'RateLimit-Policy', b'"fixed window";"resolvers";q=5000;w=300'), (b'cross-origin-opener-policy', b'same-origin'), (b'Referrer-Policy', b'strict-origin-when-cross-origin'), (b'Access-Control-Max-Age', b'86400'), (b'Access-Control-Allow-Origin', b'https://huggingface.co'), (b'Vary', b'Origin'), (b'Access-Control-Expose-Headers', b'X-Repo-Commit,X-Request-Id,X-Error-Code,X-Error-Message,X-Total-Count,ETag,Link,Accept-Ranges,Content-Range,X-Linked-Size,X-Linked-ETag,X-Xet-Hash'), (b'X-Repo-Commit', b'35e4f46485b4d07967e7e9935bc3786aad50687c'), (b'Accept-Ranges', b'bytes'), (b'X-Hub-Cache', b'MISS'), (b'Content-Disposition', b'inline; filename*=UTF-8\'\'tokenizer_config.json; filename="tokenizer_config.json";'), (b'Content-Security-Policy', b"default-src 'none'; sandbox"), (b'X-Cache', b'Miss from cloudfront'), (b'Via', b'1.1 63a5602c0026310ff3bc102e4bcef29a.cloudfront.net (CloudFront)'), (b'X-Amz-Cf-Pop', b'ICN57-P5'), (b'X-Amz-Cf-Id', b'o-25nThoI1cPMfdB63jjZ3dik7p5RBhlaca0K7CBNAA6yDfSMbM9wQ==')])
INFO 2026-06-13 11:01:56 _client.py:1025 HTTP Request: HEAD https://huggingface.co/google/paligemma-3b-pt-224/resolve/main/tokenizer_config.json "HTTP/1.1 200 OK"
DEBUG 2026-06-13 11:01:56 re/_trace.py:47 receive_response_body.started request=<Request [b'HEAD']>
DEBUG 2026-06-13 11:01:56 re/_trace.py:47 receive_response_body.complete
DEBUG 2026-06-13 11:01:56 re/_trace.py:47 response_closed.started
DEBUG 2026-06-13 11:01:56 re/_trace.py:47 response_closed.complete
DEBUG 2026-06-13 11:01:56 re/_trace.py:47 send_request_headers.started request=<Request [b'GET']>
DEBUG 2026-06-13 11:01:56 re/_trace.py:47 send_request_headers.complete
DEBUG 2026-06-13 11:01:56 re/_trace.py:47 send_request_body.started request=<Request [b'GET']>
DEBUG 2026-06-13 11:01:56 re/_trace.py:47 send_request_body.complete
DEBUG 2026-06-13 11:01:56 re/_trace.py:47 receive_response_headers.started request=<Request [b'GET']>
DEBUG 2026-06-13 11:01:56 re/_trace.py:47 receive_response_headers.complete return_value=(b'HTTP/1.1', 404, b'Not Found', [(b'Content-Type', b'application/json; charset=utf-8'), (b'Content-Length', b'64'), (b'Connection', b'keep-alive'), (b'Date', b'Sat, 13 Jun 2026 02:01:56 GMT'), (b'ETag', b'W/"40-09f9IAqP13xarAhQxFS2W8rvRkM"'), (b'X-Powered-By', b'huggingface-moon'), (b'X-Request-Id', b'Root=1-6a2cba14-48e7a28e75f187295f5f5a32;33a17c00-2102-4ed7-b518-d0a8c21a1e99'), (b'RateLimit', b'"api";r=984;t=106'), (b'RateLimit-Policy', b'"fixed window";"api";q=1000;w=300'), (b'cross-origin-opener-policy', b'same-origin'), (b'Referrer-Policy', b'strict-origin-when-cross-origin'), (b'Access-Control-Max-Age', b'86400'), (b'Access-Control-Allow-Origin', b'https://huggingface.co'), (b'Vary', b'Origin'), (b'Access-Control-Expose-Headers', b'X-Repo-Commit,X-Request-Id,X-Error-Code,X-Error-Message,X-Total-Count,ETag,Link,Accept-Ranges,Content-Range,X-Linked-Size,X-Linked-ETag,X-Xet-Hash'), (b'X-Error-Code', b'EntryNotFound'), (b'X-Error-Message', b'additional_chat_templates does not exist on "main"'), (b'X-Cache', b'Error from cloudfront'), (b'Via', b'1.1 63a5602c0026310ff3bc102e4bcef29a.cloudfront.net (CloudFront)'), (b'X-Amz-Cf-Pop', b'ICN57-P5'), (b'X-Amz-Cf-Id', b'8lBka8GrIDHuckwI3UjdJki2bmzD9Qz7G25MNPh1IjkIAJ_Dq8E6uA==')])
INFO 2026-06-13 11:01:56 _client.py:1025 HTTP Request: GET https://huggingface.co/api/models/google/paligemma-3b-pt-224/tree/main/additional_chat_templates?recursive=false&expand=false "HTTP/1.1 404 Not Found"
DEBUG 2026-06-13 11:01:56 re/_trace.py:47 receive_response_body.started request=<Request [b'GET']>
DEBUG 2026-06-13 11:01:56 re/_trace.py:47 receive_response_body.complete
DEBUG 2026-06-13 11:01:56 re/_trace.py:47 response_closed.started
DEBUG 2026-06-13 11:01:56 re/_trace.py:47 response_closed.complete
DEBUG 2026-06-13 11:01:56 re/_trace.py:47 send_request_headers.started request=<Request [b'GET']>
DEBUG 2026-06-13 11:01:56 re/_trace.py:47 send_request_headers.complete
DEBUG 2026-06-13 11:01:56 re/_trace.py:47 send_request_body.started request=<Request [b'GET']>
DEBUG 2026-06-13 11:01:56 re/_trace.py:47 send_request_body.complete
DEBUG 2026-06-13 11:01:56 re/_trace.py:47 receive_response_headers.started request=<Request [b'GET']>
DEBUG 2026-06-13 11:01:56 re/_trace.py:47 receive_response_headers.complete return_value=(b'HTTP/1.1', 200, b'OK', [(b'Content-Type', b'application/json; charset=utf-8'), (b'Transfer-Encoding', b'chunked'), (b'Connection', b'keep-alive'), (b'Date', b'Sat, 13 Jun 2026 02:01:56 GMT'), (b'content-encoding', b'gzip'), (b'ETag', b'W/"9c5-q9seafptu6jJvow4apCGJpG2b2M"'), (b'X-Powered-By', b'huggingface-moon'), (b'X-Request-Id', b'Root=1-6a2cba14-17a37fce40db80120f519223;820efc66-a602-43a5-b9b8-3277e551156f'), (b'RateLimit', b'"api";r=980;t=106'), (b'RateLimit-Policy', b'"fixed window";"api";q=1000;w=300'), (b'cross-origin-opener-policy', b'same-origin'), (b'Referrer-Policy', b'strict-origin-when-cross-origin'), (b'Access-Control-Max-Age', b'86400'), (b'Access-Control-Allow-Origin', b'https://huggingface.co'), (b'Vary', b'Origin'), (b'vary', b'Accept-Encoding'), (b'Access-Control-Expose-Headers', b'X-Repo-Commit,X-Request-Id,X-Error-Code,X-Error-Message,X-Total-Count,ETag,Link,Accept-Ranges,Content-Range,X-Linked-Size,X-Linked-ETag,X-Xet-Hash'), (b'X-Cache', b'Miss from cloudfront'), (b'Via', b'1.1 63a5602c0026310ff3bc102e4bcef29a.cloudfront.net (CloudFront)'), (b'X-Amz-Cf-Pop', b'ICN57-P5'), (b'X-Amz-Cf-Id', b'HfkCVyTcdF1uTxwSjFeAkTDhbSeDl2oBELZw_D5xMi1yKBVP9rJ3Sg==')])
INFO 2026-06-13 11:01:56 _client.py:1025 HTTP Request: GET https://huggingface.co/api/models/google/paligemma-3b-pt-224/tree/main?recursive=true&expand=false "HTTP/1.1 200 OK"
DEBUG 2026-06-13 11:01:56 re/_trace.py:47 receive_response_body.started request=<Request [b'GET']>
DEBUG 2026-06-13 11:01:56 re/_trace.py:47 receive_response_body.complete
DEBUG 2026-06-13 11:01:56 re/_trace.py:47 response_closed.started
DEBUG 2026-06-13 11:01:56 re/_trace.py:47 response_closed.complete
DEBUG 2026-06-13 11:01:57 re/_trace.py:47 send_request_headers.started request=<Request [b'GET']>
DEBUG 2026-06-13 11:01:57 re/_trace.py:47 send_request_headers.complete
DEBUG 2026-06-13 11:01:57 re/_trace.py:47 send_request_body.started request=<Request [b'GET']>
DEBUG 2026-06-13 11:01:57 re/_trace.py:47 send_request_body.complete
DEBUG 2026-06-13 11:01:57 re/_trace.py:47 receive_response_headers.started request=<Request [b'GET']>
DEBUG 2026-06-13 11:01:57 re/_trace.py:47 receive_response_headers.complete return_value=(b'HTTP/1.1', 200, b'OK', [(b'Content-Type', b'application/json; charset=utf-8'), (b'Transfer-Encoding', b'chunked'), (b'Connection', b'keep-alive'), (b'Date', b'Sat, 13 Jun 2026 02:01:57 GMT'), (b'content-encoding', b'gzip'), (b'ETag', b'W/"ca0-jOsbv9/xR2b9PfLJ8nFVkmtzfPQ"'), (b'X-Powered-By', b'huggingface-moon'), (b'X-Request-Id', b'Root=1-6a2cba15-34ea838b7aab7d4a6714a0f2;9abc9e37-2034-4c9f-a031-4b60326e9f4f'), (b'RateLimit', b'"api";r=976;t=105'), (b'RateLimit-Policy', b'"fixed window";"api";q=1000;w=300'), (b'cross-origin-opener-policy', b'same-origin'), (b'Referrer-Policy', b'strict-origin-when-cross-origin'), (b'Access-Control-Max-Age', b'86400'), (b'Access-Control-Allow-Origin', b'https://huggingface.co'), (b'Vary', b'Origin'), (b'vary', b'Accept-Encoding'), (b'Access-Control-Expose-Headers', b'X-Repo-Commit,X-Request-Id,X-Error-Code,X-Error-Message,X-Total-Count,ETag,Link,Accept-Ranges,Content-Range,X-Linked-Size,X-Linked-ETag,X-Xet-Hash'), (b'X-Cache', b'Miss from cloudfront'), (b'Via', b'1.1 63a5602c0026310ff3bc102e4bcef29a.cloudfront.net (CloudFront)'), (b'X-Amz-Cf-Pop', b'ICN57-P5'), (b'X-Amz-Cf-Id', b'Y7sY2yGq0gpYDkx5cREIlYAIFiVxocpcKT257XAe1AuY9691i13GIA==')])
INFO 2026-06-13 11:01:57 _client.py:1025 HTTP Request: GET https://huggingface.co/api/models/google/paligemma-3b-pt-224 "HTTP/1.1 200 OK"
DEBUG 2026-06-13 11:01:57 re/_trace.py:47 receive_response_body.started request=<Request [b'GET']>
DEBUG 2026-06-13 11:01:57 re/_trace.py:47 receive_response_body.complete
DEBUG 2026-06-13 11:01:57 re/_trace.py:47 response_closed.started
DEBUG 2026-06-13 11:01:57 re/_trace.py:47 response_closed.complete
INFO 2026-06-13 11:01:57 ot_train.py:314 Creating optimizer and scheduler
INFO 2026-06-13 11:01:57 ot_train.py:349 [1m[33mOutput dir:[0m outputs/train/FR5_task1_move_the_brown_colored_glass_bottle_to_the_designated_location_50
INFO 2026-06-13 11:01:57 ot_train.py:356 cfg.steps=30000 (30K)
INFO 2026-06-13 11:01:57 ot_train.py:357 dataset.num_frames=36473 (36K)
INFO 2026-06-13 11:01:57 ot_train.py:358 dataset.num_episodes=50
INFO 2026-06-13 11:01:57 ot_train.py:361 Effective batch size: 176 x 4 = 704
INFO 2026-06-13 11:01:57 ot_train.py:362 num_learnable_params=4028019472 (4B)
INFO 2026-06-13 11:01:57 ot_train.py:363 num_total_params=4028019472 (4B)
INFO 2026-06-13 11:01:57 ot_train.py:427 Start offline training on a fixed dataset, with effective batch size: 704
DEBUG 2026-06-13 11:01:57 re/_trace.py:47 close.started
DEBUG 2026-06-13 11:01:57 re/_trace.py:47 close.complete
DEBUG 2026-06-13 11:01:57 re/_trace.py:47 close.started
DEBUG 2026-06-13 11:01:57 re/_trace.py:47 close.complete
DEBUG 2026-06-13 11:01:57 re/_trace.py:47 close.started
DEBUG 2026-06-13 11:01:57 re/_trace.py:47 close.complete
DEBUG 2026-06-13 11:01:57 re/_trace.py:47 close.started
DEBUG 2026-06-13 11:01:57 re/_trace.py:47 close.complete
DEBUG 2026-06-13 11:01:57 re/_trace.py:47 close.started
DEBUG 2026-06-13 11:01:57 re/_trace.py:47 close.complete
DEBUG 2026-06-13 11:01:57 re/_trace.py:47 close.started
DEBUG 2026-06-13 11:01:57 re/_trace.py:47 close.complete
DEBUG 2026-06-13 11:01:57 re/_trace.py:47 close.started
DEBUG 2026-06-13 11:01:57 re/_trace.py:47 close.complete
DEBUG 2026-06-13 11:01:58 re/_trace.py:47 close.started
DEBUG 2026-06-13 11:01:58 re/_trace.py:47 close.complete
DEBUG 2026-06-13 11:01:58 re/_trace.py:47 close.started
DEBUG 2026-06-13 11:01:58 re/_trace.py:47 close.complete
DEBUG 2026-06-13 11:01:58 re/_trace.py:47 close.started
DEBUG 2026-06-13 11:01:58 re/_trace.py:47 close.complete
DEBUG 2026-06-13 11:02:41 ock/_api.py:536 Attempting to acquire lock 123308041823312 on /NHNHOME/workspace/sungwoo/FR5ControllerVLA/.cache/torchinductor/locks/cf3c2y3itjriwbc3lx4pjamef6f2iyh5u7427we2pywnktc4srcq.lock
DEBUG 2026-06-13 11:02:41 ock/_api.py:539 Lock 123308041823312 acquired on /NHNHOME/workspace/sungwoo/FR5ControllerVLA/.cache/torchinductor/locks/cf3c2y3itjriwbc3lx4pjamef6f2iyh5u7427we2pywnktc4srcq.lock
DEBUG 2026-06-13 11:02:45 ock/_api.py:568 Attempting to release lock 123308041823312 on /NHNHOME/workspace/sungwoo/FR5ControllerVLA/.cache/torchinductor/locks/cf3c2y3itjriwbc3lx4pjamef6f2iyh5u7427we2pywnktc4srcq.lock
DEBUG 2026-06-13 11:02:45 ock/_api.py:572 Lock 123308041823312 released on /NHNHOME/workspace/sungwoo/FR5ControllerVLA/.cache/torchinductor/locks/cf3c2y3itjriwbc3lx4pjamef6f2iyh5u7427we2pywnktc4srcq.lock
DEBUG 2026-06-13 11:02:45 ock/_api.py:536 Attempting to acquire lock 123308042111792 on /NHNHOME/workspace/sungwoo/FR5ControllerVLA/.cache/torchinductor/locks/cnqn66uwixyzuccim6bspnqfoahsve6ufksbo2mmmwnwvfye3zwq.lock
DEBUG 2026-06-13 11:02:45 ock/_api.py:539 Lock 123308042111792 acquired on /NHNHOME/workspace/sungwoo/FR5ControllerVLA/.cache/torchinductor/locks/cnqn66uwixyzuccim6bspnqfoahsve6ufksbo2mmmwnwvfye3zwq.lock
DEBUG 2026-06-13 11:02:48 ock/_api.py:568 Attempting to release lock 123308042111792 on /NHNHOME/workspace/sungwoo/FR5ControllerVLA/.cache/torchinductor/locks/cnqn66uwixyzuccim6bspnqfoahsve6ufksbo2mmmwnwvfye3zwq.lock
DEBUG 2026-06-13 11:02:48 ock/_api.py:572 Lock 123308042111792 released on /NHNHOME/workspace/sungwoo/FR5ControllerVLA/.cache/torchinductor/locks/cnqn66uwixyzuccim6bspnqfoahsve6ufksbo2mmmwnwvfye3zwq.lock
DEBUG 2026-06-13 11:02:48 ock/_api.py:536 Attempting to acquire lock 123308042111792 on /NHNHOME/workspace/sungwoo/FR5ControllerVLA/.cache/torchinductor/locks/cbuiawkcao226cm43gj2woepy52yi5beodvnkwntqpsqt3tpwl3z.lock
DEBUG 2026-06-13 11:02:48 ock/_api.py:539 Lock 123308042111792 acquired on /NHNHOME/workspace/sungwoo/FR5ControllerVLA/.cache/torchinductor/locks/cbuiawkcao226cm43gj2woepy52yi5beodvnkwntqpsqt3tpwl3z.lock
DEBUG 2026-06-13 11:02:51 ock/_api.py:568 Attempting to release lock 123308042111792 on /NHNHOME/workspace/sungwoo/FR5ControllerVLA/.cache/torchinductor/locks/cbuiawkcao226cm43gj2woepy52yi5beodvnkwntqpsqt3tpwl3z.lock
DEBUG 2026-06-13 11:02:51 ock/_api.py:572 Lock 123308042111792 released on /NHNHOME/workspace/sungwoo/FR5ControllerVLA/.cache/torchinductor/locks/cbuiawkcao226cm43gj2woepy52yi5beodvnkwntqpsqt3tpwl3z.lock
DEBUG 2026-06-13 11:02:51 ock/_api.py:536 Attempting to acquire lock 123294701097936 on /NHNHOME/workspace/sungwoo/FR5ControllerVLA/.cache/torchinductor/locks/cqzkpn554ktul6b6rfmhff45r6u4h5a3tp5juqeoaexdrr3uirbq.lock
DEBUG 2026-06-13 11:02:51 ock/_api.py:539 Lock 123294701097936 acquired on /NHNHOME/workspace/sungwoo/FR5ControllerVLA/.cache/torchinductor/locks/cqzkpn554ktul6b6rfmhff45r6u4h5a3tp5juqeoaexdrr3uirbq.lock
DEBUG 2026-06-13 11:02:53 ock/_api.py:568 Attempting to release lock 123294701097936 on /NHNHOME/workspace/sungwoo/FR5ControllerVLA/.cache/torchinductor/locks/cqzkpn554ktul6b6rfmhff45r6u4h5a3tp5juqeoaexdrr3uirbq.lock
DEBUG 2026-06-13 11:02:53 ock/_api.py:572 Lock 123294701097936 released on /NHNHOME/workspace/sungwoo/FR5ControllerVLA/.cache/torchinductor/locks/cqzkpn554ktul6b6rfmhff45r6u4h5a3tp5juqeoaexdrr3uirbq.lock
DEBUG 2026-06-13 11:02:53 ock/_api.py:536 Attempting to acquire lock 123294693241968 on /NHNHOME/workspace/sungwoo/FR5ControllerVLA/.cache/torchinductor/locks/ccu2sfwnvwsiq6x3pig35rx2vmwcqmy52w575bsrlcrs5ighvgol.lock
DEBUG 2026-06-13 11:02:53 ock/_api.py:539 Lock 123294693241968 acquired on /NHNHOME/workspace/sungwoo/FR5ControllerVLA/.cache/torchinductor/locks/ccu2sfwnvwsiq6x3pig35rx2vmwcqmy52w575bsrlcrs5ighvgol.lock
DEBUG 2026-06-13 11:02:54 ock/_api.py:568 Attempting to release lock 123294693241968 on /NHNHOME/workspace/sungwoo/FR5ControllerVLA/.cache/torchinductor/locks/ccu2sfwnvwsiq6x3pig35rx2vmwcqmy52w575bsrlcrs5ighvgol.lock
DEBUG 2026-06-13 11:02:54 ock/_api.py:572 Lock 123294693241968 released on /NHNHOME/workspace/sungwoo/FR5ControllerVLA/.cache/torchinductor/locks/ccu2sfwnvwsiq6x3pig35rx2vmwcqmy52w575bsrlcrs5ighvgol.lock
DEBUG 2026-06-13 11:02:54 ock/_api.py:536 Attempting to acquire lock 123294693241968 on /NHNHOME/workspace/sungwoo/FR5ControllerVLA/.cache/torchinductor/locks/cuxiebnh26foehyjwlpflpstp5bd5gkxcgz2kearg3pvp6bopaox.lock
DEBUG 2026-06-13 11:02:54 ock/_api.py:539 Lock 123294693241968 acquired on /NHNHOME/workspace/sungwoo/FR5ControllerVLA/.cache/torchinductor/locks/cuxiebnh26foehyjwlpflpstp5bd5gkxcgz2kearg3pvp6bopaox.lock
DEBUG 2026-06-13 11:02:56 ock/_api.py:568 Attempting to release lock 123294693241968 on /NHNHOME/workspace/sungwoo/FR5ControllerVLA/.cache/torchinductor/locks/cuxiebnh26foehyjwlpflpstp5bd5gkxcgz2kearg3pvp6bopaox.lock
DEBUG 2026-06-13 11:02:56 ock/_api.py:572 Lock 123294693241968 released on /NHNHOME/workspace/sungwoo/FR5ControllerVLA/.cache/torchinductor/locks/cuxiebnh26foehyjwlpflpstp5bd5gkxcgz2kearg3pvp6bopaox.lock
DEBUG 2026-06-13 11:02:56 ock/_api.py:536 Attempting to acquire lock 123294700366608 on /tmp/torchinductor_ykcho/precompiled_headers/locks/cw7kyuoiou2qgbqfxfuplgwuromvcvbfvfwwtg7k4apogbttsqlx.lock
DEBUG 2026-06-13 11:02:56 ock/_api.py:539 Lock 123294700366608 acquired on /tmp/torchinductor_ykcho/precompiled_headers/locks/cw7kyuoiou2qgbqfxfuplgwuromvcvbfvfwwtg7k4apogbttsqlx.lock
DEBUG 2026-06-13 11:02:56 ock/_api.py:568 Attempting to release lock 123294700366608 on /tmp/torchinductor_ykcho/precompiled_headers/locks/cw7kyuoiou2qgbqfxfuplgwuromvcvbfvfwwtg7k4apogbttsqlx.lock
DEBUG 2026-06-13 11:02:56 ock/_api.py:572 Lock 123294700366608 released on /tmp/torchinductor_ykcho/precompiled_headers/locks/cw7kyuoiou2qgbqfxfuplgwuromvcvbfvfwwtg7k4apogbttsqlx.lock
DEBUG 2026-06-13 11:02:56 ock/_api.py:536 Attempting to acquire lock 123294693241968 on /NHNHOME/workspace/sungwoo/FR5ControllerVLA/.cache/torchinductor/locks/cd2wwilydnxk5wiyw47fhyjc34chkk7jbdacdk4eqcvxqcspzlsw.lock
DEBUG 2026-06-13 11:02:56 ock/_api.py:539 Lock 123294693241968 acquired on /NHNHOME/workspace/sungwoo/FR5ControllerVLA/.cache/torchinductor/locks/cd2wwilydnxk5wiyw47fhyjc34chkk7jbdacdk4eqcvxqcspzlsw.lock
DEBUG 2026-06-13 11:02:56 ock/_api.py:568 Attempting to release lock 123294693241968 on /NHNHOME/workspace/sungwoo/FR5ControllerVLA/.cache/torchinductor/locks/cd2wwilydnxk5wiyw47fhyjc34chkk7jbdacdk4eqcvxqcspzlsw.lock
DEBUG 2026-06-13 11:02:56 ock/_api.py:572 Lock 123294693241968 released on /NHNHOME/workspace/sungwoo/FR5ControllerVLA/.cache/torchinductor/locks/cd2wwilydnxk5wiyw47fhyjc34chkk7jbdacdk4eqcvxqcspzlsw.lock
DEBUG 2026-06-13 11:02:56 ock/_api.py:536 Attempting to acquire lock 123308041822736 on /NHNHOME/workspace/sungwoo/FR5ControllerVLA/.cache/torchinductor/locks/c7g4hyiheweontoyqro5za2c33ke3binfyc7itjlkfwcukucw7s6.lock
DEBUG 2026-06-13 11:02:56 ock/_api.py:539 Lock 123308041822736 acquired on /NHNHOME/workspace/sungwoo/FR5ControllerVLA/.cache/torchinductor/locks/c7g4hyiheweontoyqro5za2c33ke3binfyc7itjlkfwcukucw7s6.lock
DEBUG 2026-06-13 11:02:56 ock/_api.py:568 Attempting to release lock 123308041822736 on /NHNHOME/workspace/sungwoo/FR5ControllerVLA/.cache/torchinductor/locks/c7g4hyiheweontoyqro5za2c33ke3binfyc7itjlkfwcukucw7s6.lock
DEBUG 2026-06-13 11:02:56 ock/_api.py:572 Lock 123308041822736 released on /NHNHOME/workspace/sungwoo/FR5ControllerVLA/.cache/torchinductor/locks/c7g4hyiheweontoyqro5za2c33ke3binfyc7itjlkfwcukucw7s6.lock
DEBUG 2026-06-13 11:02:56 ock/_api.py:536 Attempting to acquire lock 123308041822112 on /NHNHOME/workspace/sungwoo/FR5ControllerVLA/.cache/torchinductor/locks/cd2wwilydnxk5wiyw47fhyjc34chkk7jbdacdk4eqcvxqcspzlsw.lock
DEBUG 2026-06-13 11:02:56 ock/_api.py:539 Lock 123308041822112 acquired on /NHNHOME/workspace/sungwoo/FR5ControllerVLA/.cache/torchinductor/locks/cd2wwilydnxk5wiyw47fhyjc34chkk7jbdacdk4eqcvxqcspzlsw.lock
DEBUG 2026-06-13 11:02:56 ock/_api.py:568 Attempting to release lock 123308041822112 on /NHNHOME/workspace/sungwoo/FR5ControllerVLA/.cache/torchinductor/locks/cd2wwilydnxk5wiyw47fhyjc34chkk7jbdacdk4eqcvxqcspzlsw.lock
DEBUG 2026-06-13 11:02:56 ock/_api.py:572 Lock 123308041822112 released on /NHNHOME/workspace/sungwoo/FR5ControllerVLA/.cache/torchinductor/locks/cd2wwilydnxk5wiyw47fhyjc34chkk7jbdacdk4eqcvxqcspzlsw.lock
DEBUG 2026-06-13 11:02:56 ock/_api.py:536 Attempting to acquire lock 123327605360112 on /NHNHOME/workspace/sungwoo/FR5ControllerVLA/.cache/torchinductor/locks/c7g4hyiheweontoyqro5za2c33ke3binfyc7itjlkfwcukucw7s6.lock
DEBUG 2026-06-13 11:02:56 ock/_api.py:539 Lock 123327605360112 acquired on /NHNHOME/workspace/sungwoo/FR5ControllerVLA/.cache/torchinductor/locks/c7g4hyiheweontoyqro5za2c33ke3binfyc7itjlkfwcukucw7s6.lock
DEBUG 2026-06-13 11:02:56 ock/_api.py:568 Attempting to release lock 123327605360112 on /NHNHOME/workspace/sungwoo/FR5ControllerVLA/.cache/torchinductor/locks/c7g4hyiheweontoyqro5za2c33ke3binfyc7itjlkfwcukucw7s6.lock
DEBUG 2026-06-13 11:02:56 ock/_api.py:572 Lock 123327605360112 released on /NHNHOME/workspace/sungwoo/FR5ControllerVLA/.cache/torchinductor/locks/c7g4hyiheweontoyqro5za2c33ke3binfyc7itjlkfwcukucw7s6.lock
DEBUG 2026-06-13 11:06:23 re/_trace.py:47 close.started
DEBUG 2026-06-13 11:06:23 re/_trace.py:47 close.complete
DEBUG 2026-06-13 11:06:23 re/_trace.py:47 close.started
DEBUG 2026-06-13 11:06:23 re/_trace.py:47 close.complete
DEBUG 2026-06-13 11:06:23 re/_trace.py:47 close.started
DEBUG 2026-06-13 11:06:23 re/_trace.py:47 close.complete
DEBUG 2026-06-13 11:06:23 re/_trace.py:47 close.started
DEBUG 2026-06-13 11:06:23 re/_trace.py:47 close.complete
DEBUG 2026-06-13 11:06:23 re/_trace.py:47 close.started
DEBUG 2026-06-13 11:06:23 re/_trace.py:47 close.complete
DEBUG 2026-06-13 11:06:23 re/_trace.py:47 close.started
DEBUG 2026-06-13 11:06:23 re/_trace.py:47 close.complete
DEBUG 2026-06-13 11:06:24 re/_trace.py:47 close.started
DEBUG 2026-06-13 11:06:24 re/_trace.py:47 close.complete
DEBUG 2026-06-13 11:06:24 re/_trace.py:47 close.started
DEBUG 2026-06-13 11:06:24 re/_trace.py:47 close.complete
DEBUG 2026-06-13 11:06:24 re/_trace.py:47 close.started
DEBUG 2026-06-13 11:06:24 re/_trace.py:47 close.complete
DEBUG 2026-06-13 11:06:24 re/_trace.py:47 close.started
DEBUG 2026-06-13 11:06:24 re/_trace.py:47 close.complete
DEBUG 2026-06-13 11:10:04 re/_trace.py:47 close.started
DEBUG 2026-06-13 11:10:04 re/_trace.py:47 close.complete
DEBUG 2026-06-13 11:10:04 re/_trace.py:47 close.started
DEBUG 2026-06-13 11:10:04 re/_trace.py:47 close.complete
DEBUG 2026-06-13 11:10:04 re/_trace.py:47 close.started
DEBUG 2026-06-13 11:10:04 re/_trace.py:47 close.complete
DEBUG 2026-06-13 11:10:04 re/_trace.py:47 close.started
DEBUG 2026-06-13 11:10:04 re/_trace.py:47 close.complete
DEBUG 2026-06-13 11:10:04 re/_trace.py:47 close.started
DEBUG 2026-06-13 11:10:04 re/_trace.py:47 close.complete
DEBUG 2026-06-13 11:10:04 re/_trace.py:47 close.started
DEBUG 2026-06-13 11:10:04 re/_trace.py:47 close.complete
DEBUG 2026-06-13 11:10:04 re/_trace.py:47 close.started
DEBUG 2026-06-13 11:10:04 re/_trace.py:47 close.complete
DEBUG 2026-06-13 11:10:04 re/_trace.py:47 close.started
DEBUG 2026-06-13 11:10:04 re/_trace.py:47 close.complete
DEBUG 2026-06-13 11:10:04 re/_trace.py:47 close.started
DEBUG 2026-06-13 11:10:04 re/_trace.py:47 close.complete
DEBUG 2026-06-13 11:10:05 re/_trace.py:47 close.started
DEBUG 2026-06-13 11:10:05 re/_trace.py:47 close.complete
DEBUG 2026-06-13 11:13:42 re/_trace.py:47 close.started
DEBUG 2026-06-13 11:13:42 re/_trace.py:47 close.complete
DEBUG 2026-06-13 11:13:43 re/_trace.py:47 close.started
DEBUG 2026-06-13 11:13:43 re/_trace.py:47 close.complete
DEBUG 2026-06-13 11:13:43 re/_trace.py:47 close.started
DEBUG 2026-06-13 11:13:43 re/_trace.py:47 close.complete
DEBUG 2026-06-13 11:13:43 re/_trace.py:47 close.started
DEBUG 2026-06-13 11:13:43 re/_trace.py:47 close.complete
DEBUG 2026-06-13 11:13:43 re/_trace.py:47 close.started
DEBUG 2026-06-13 11:13:43 re/_trace.py:47 close.complete
DEBUG 2026-06-13 11:13:43 re/_trace.py:47 close.started
DEBUG 2026-06-13 11:13:43 re/_trace.py:47 close.complete
DEBUG 2026-06-13 11:13:43 re/_trace.py:47 close.started
DEBUG 2026-06-13 11:13:43 re/_trace.py:47 close.complete
DEBUG 2026-06-13 11:13:43 re/_trace.py:47 close.started
DEBUG 2026-06-13 11:13:43 re/_trace.py:47 close.complete
DEBUG 2026-06-13 11:13:43 re/_trace.py:47 close.started
DEBUG 2026-06-13 11:13:43 re/_trace.py:47 close.complete
DEBUG 2026-06-13 11:13:43 re/_trace.py:47 close.started
DEBUG 2026-06-13 11:13:43 re/_trace.py:47 close.complete
INFO 2026-06-13 11:16:55 ot_train.py:459 step:200 smpl:141K ep:193 epch:3.86 loss:0.867 grdn:7.706 lr:1.2e-05 updt_s:3.737 data_s:0.746
WARNING 2026-06-13 11:16:55 db_utils.py:181 WandB logging of key "loss_per_dim" was ignored as its type "<class 'list'>" is not handled by this wrapper.
DEBUG 2026-06-13 11:17:23 re/_trace.py:47 close.started
DEBUG 2026-06-13 11:17:23 re/_trace.py:47 close.complete
DEBUG 2026-06-13 11:17:23 re/_trace.py:47 close.started
DEBUG 2026-06-13 11:17:23 re/_trace.py:47 close.complete
DEBUG 2026-06-13 11:17:23 re/_trace.py:47 close.started
DEBUG 2026-06-13 11:17:23 re/_trace.py:47 close.complete
DEBUG 2026-06-13 11:17:23 re/_trace.py:47 close.started
DEBUG 2026-06-13 11:17:23 re/_trace.py:47 close.complete
DEBUG 2026-06-13 11:17:23 re/_trace.py:47 close.started
DEBUG 2026-06-13 11:17:23 re/_trace.py:47 close.complete
DEBUG 2026-06-13 11:17:23 re/_trace.py:47 close.started
DEBUG 2026-06-13 11:17:23 re/_trace.py:47 close.complete
DEBUG 2026-06-13 11:17:24 re/_trace.py:47 close.started
DEBUG 2026-06-13 11:17:24 re/_trace.py:47 close.complete
DEBUG 2026-06-13 11:17:24 re/_trace.py:47 close.started
DEBUG 2026-06-13 11:17:24 re/_trace.py:47 close.complete
DEBUG 2026-06-13 11:17:24 re/_trace.py:47 close.started
DEBUG 2026-06-13 11:17:24 re/_trace.py:47 close.complete
DEBUG 2026-06-13 11:17:24 re/_trace.py:47 close.started
DEBUG 2026-06-13 11:17:24 re/_trace.py:47 close.complete
DEBUG 2026-06-13 11:21:05 re/_trace.py:47 close.started
DEBUG 2026-06-13 11:21:05 re/_trace.py:47 close.complete
DEBUG 2026-06-13 11:21:05 re/_trace.py:47 close.started
DEBUG 2026-06-13 11:21:05 re/_trace.py:47 close.complete
DEBUG 2026-06-13 11:21:05 re/_trace.py:47 close.started
DEBUG 2026-06-13 11:21:05 re/_trace.py:47 close.complete
DEBUG 2026-06-13 11:21:05 re/_trace.py:47 close.started
DEBUG 2026-06-13 11:21:05 re/_trace.py:47 close.complete
DEBUG 2026-06-13 11:21:05 re/_trace.py:47 close.started
DEBUG 2026-06-13 11:21:05 re/_trace.py:47 close.complete
DEBUG 2026-06-13 11:21:05 re/_trace.py:47 close.started
DEBUG 2026-06-13 11:21:05 re/_trace.py:47 close.complete
DEBUG 2026-06-13 11:21:06 re/_trace.py:47 close.started
DEBUG 2026-06-13 11:21:06 re/_trace.py:47 close.complete
DEBUG 2026-06-13 11:21:06 re/_trace.py:47 close.started
DEBUG 2026-06-13 11:21:06 re/_trace.py:47 close.complete
DEBUG 2026-06-13 11:21:06 re/_trace.py:47 close.started
DEBUG 2026-06-13 11:21:06 re/_trace.py:47 close.complete
DEBUG 2026-06-13 11:21:06 re/_trace.py:47 close.started
DEBUG 2026-06-13 11:21:06 re/_trace.py:47 close.complete
DEBUG 2026-06-13 11:24:46 re/_trace.py:47 close.started
DEBUG 2026-06-13 11:24:46 re/_trace.py:47 close.complete
DEBUG 2026-06-13 11:24:46 re/_trace.py:47 close.started
DEBUG 2026-06-13 11:24:46 re/_trace.py:47 close.complete
DEBUG 2026-06-13 11:24:46 re/_trace.py:47 close.started
DEBUG 2026-06-13 11:24:46 re/_trace.py:47 close.complete
DEBUG 2026-06-13 11:24:46 re/_trace.py:47 close.started
DEBUG 2026-06-13 11:24:46 re/_trace.py:47 close.complete
DEBUG 2026-06-13 11:24:46 re/_trace.py:47 close.started
DEBUG 2026-06-13 11:24:46 re/_trace.py:47 close.complete
DEBUG 2026-06-13 11:24:47 re/_trace.py:47 close.started
DEBUG 2026-06-13 11:24:47 re/_trace.py:47 close.complete
DEBUG 2026-06-13 11:24:47 re/_trace.py:47 close.started
DEBUG 2026-06-13 11:24:47 re/_trace.py:47 close.complete
DEBUG 2026-06-13 11:24:47 re/_trace.py:47 close.started
DEBUG 2026-06-13 11:24:47 re/_trace.py:47 close.complete
DEBUG 2026-06-13 11:24:47 re/_trace.py:47 close.started
DEBUG 2026-06-13 11:24:47 re/_trace.py:47 close.complete
DEBUG 2026-06-13 11:24:47 re/_trace.py:47 close.started
DEBUG 2026-06-13 11:24:47 re/_trace.py:47 close.complete
DEBUG 2026-06-13 11:28:29 re/_trace.py:47 close.started
DEBUG 2026-06-13 11:28:29 re/_trace.py:47 close.complete
DEBUG 2026-06-13 11:28:29 re/_trace.py:47 close.started
DEBUG 2026-06-13 11:28:29 re/_trace.py:47 close.complete
DEBUG 2026-06-13 11:28:29 re/_trace.py:47 close.started
DEBUG 2026-06-13 11:28:29 re/_trace.py:47 close.complete
DEBUG 2026-06-13 11:28:29 re/_trace.py:47 close.started
DEBUG 2026-06-13 11:28:29 re/_trace.py:47 close.complete
DEBUG 2026-06-13 11:28:29 re/_trace.py:47 close.started
DEBUG 2026-06-13 11:28:29 re/_trace.py:47 close.complete
DEBUG 2026-06-13 11:28:29 re/_trace.py:47 close.started
DEBUG 2026-06-13 11:28:29 re/_trace.py:47 close.complete
DEBUG 2026-06-13 11:28:30 re/_trace.py:47 close.started
DEBUG 2026-06-13 11:28:30 re/_trace.py:47 close.complete
DEBUG 2026-06-13 11:28:30 re/_trace.py:47 close.started
DEBUG 2026-06-13 11:28:30 re/_trace.py:47 close.complete
DEBUG 2026-06-13 11:28:30 re/_trace.py:47 close.started
DEBUG 2026-06-13 11:28:30 re/_trace.py:47 close.complete
DEBUG 2026-06-13 11:28:30 re/_trace.py:47 close.started
DEBUG 2026-06-13 11:28:30 re/_trace.py:47 close.complete
INFO 2026-06-13 11:31:14 ot_train.py:459 step:400 smpl:282K ep:386 epch:7.72 loss:0.069 grdn:1.577 lr:3.6e-05 updt_s:3.556 data_s:0.736
WARNING 2026-06-13 11:31:14 db_utils.py:181 WandB logging of key "loss_per_dim" was ignored as its type "<class 'list'>" is not handled by this wrapper.
DEBUG 2026-06-13 11:32:10 re/_trace.py:47 close.started
DEBUG 2026-06-13 11:32:10 re/_trace.py:47 close.complete
DEBUG 2026-06-13 11:32:10 re/_trace.py:47 close.started
DEBUG 2026-06-13 11:32:10 re/_trace.py:47 close.complete
DEBUG 2026-06-13 11:32:10 re/_trace.py:47 close.started
DEBUG 2026-06-13 11:32:10 re/_trace.py:47 close.complete
DEBUG 2026-06-13 11:32:10 re/_trace.py:47 close.started
DEBUG 2026-06-13 11:32:10 re/_trace.py:47 close.complete
DEBUG 2026-06-13 11:32:10 re/_trace.py:47 close.started
DEBUG 2026-06-13 11:32:10 re/_trace.py:47 close.complete
DEBUG 2026-06-13 11:32:10 re/_trace.py:47 close.started
DEBUG 2026-06-13 11:32:10 re/_trace.py:47 close.complete
DEBUG 2026-06-13 11:32:10 re/_trace.py:47 close.started
DEBUG 2026-06-13 11:32:10 re/_trace.py:47 close.complete
DEBUG 2026-06-13 11:32:10 re/_trace.py:47 close.started
DEBUG 2026-06-13 11:32:10 re/_trace.py:47 close.complete
DEBUG 2026-06-13 11:32:10 re/_trace.py:47 close.started
DEBUG 2026-06-13 11:32:10 re/_trace.py:47 close.complete
DEBUG 2026-06-13 11:32:11 re/_trace.py:47 close.started
DEBUG 2026-06-13 11:32:11 re/_trace.py:47 close.complete
DEBUG 2026-06-13 11:35:52 re/_trace.py:47 close.started
DEBUG 2026-06-13 11:35:52 re/_trace.py:47 close.complete
DEBUG 2026-06-13 11:35:53 re/_trace.py:47 close.started
DEBUG 2026-06-13 11:35:53 re/_trace.py:47 close.complete
DEBUG 2026-06-13 11:35:53 re/_trace.py:47 close.started
DEBUG 2026-06-13 11:35:53 re/_trace.py:47 close.complete
DEBUG 2026-06-13 11:35:53 re/_trace.py:47 close.started
DEBUG 2026-06-13 11:35:53 re/_trace.py:47 close.complete
DEBUG 2026-06-13 11:35:53 re/_trace.py:47 close.started
DEBUG 2026-06-13 11:35:53 re/_trace.py:47 close.complete
DEBUG 2026-06-13 11:35:53 re/_trace.py:47 close.started
DEBUG 2026-06-13 11:35:53 re/_trace.py:47 close.complete
DEBUG 2026-06-13 11:35:53 re/_trace.py:47 close.started
DEBUG 2026-06-13 11:35:53 re/_trace.py:47 close.complete
DEBUG 2026-06-13 11:35:53 re/_trace.py:47 close.started
DEBUG 2026-06-13 11:35:53 re/_trace.py:47 close.complete
DEBUG 2026-06-13 11:35:53 re/_trace.py:47 close.started
DEBUG 2026-06-13 11:35:53 re/_trace.py:47 close.complete
DEBUG 2026-06-13 11:35:53 re/_trace.py:47 close.started
DEBUG 2026-06-13 11:35:53 re/_trace.py:47 close.complete
DEBUG 2026-06-13 11:39:36 re/_trace.py:47 close.started
DEBUG 2026-06-13 11:39:36 re/_trace.py:47 close.complete
DEBUG 2026-06-13 11:39:36 re/_trace.py:47 close.started
DEBUG 2026-06-13 11:39:36 re/_trace.py:47 close.complete
DEBUG 2026-06-13 11:39:36 re/_trace.py:47 close.started
DEBUG 2026-06-13 11:39:36 re/_trace.py:47 close.complete
DEBUG 2026-06-13 11:39:36 re/_trace.py:47 close.started
DEBUG 2026-06-13 11:39:36 re/_trace.py:47 close.complete
DEBUG 2026-06-13 11:39:37 re/_trace.py:47 close.started
DEBUG 2026-06-13 11:39:37 re/_trace.py:47 close.complete
DEBUG 2026-06-13 11:39:37 re/_trace.py:47 close.started
DEBUG 2026-06-13 11:39:37 re/_trace.py:47 close.complete
DEBUG 2026-06-13 11:39:37 re/_trace.py:47 close.started
DEBUG 2026-06-13 11:39:37 re/_trace.py:47 close.complete
DEBUG 2026-06-13 11:39:37 re/_trace.py:47 close.started
DEBUG 2026-06-13 11:39:37 re/_trace.py:47 close.complete
DEBUG 2026-06-13 11:39:37 re/_trace.py:47 close.started
DEBUG 2026-06-13 11:39:37 re/_trace.py:47 close.complete
DEBUG 2026-06-13 11:39:37 re/_trace.py:47 close.started
DEBUG 2026-06-13 11:39:37 re/_trace.py:47 close.complete
DEBUG 2026-06-13 11:43:19 re/_trace.py:47 close.started
DEBUG 2026-06-13 11:43:19 re/_trace.py:47 close.complete
DEBUG 2026-06-13 11:43:19 re/_trace.py:47 close.started
DEBUG 2026-06-13 11:43:19 re/_trace.py:47 close.complete
DEBUG 2026-06-13 11:43:19 re/_trace.py:47 close.started
DEBUG 2026-06-13 11:43:19 re/_trace.py:47 close.complete
DEBUG 2026-06-13 11:43:19 re/_trace.py:47 close.started
DEBUG 2026-06-13 11:43:19 re/_trace.py:47 close.complete
DEBUG 2026-06-13 11:43:19 re/_trace.py:47 close.started
DEBUG 2026-06-13 11:43:19 re/_trace.py:47 close.complete
DEBUG 2026-06-13 11:43:19 re/_trace.py:47 close.started
DEBUG 2026-06-13 11:43:19 re/_trace.py:47 close.complete
DEBUG 2026-06-13 11:43:19 re/_trace.py:47 close.started
DEBUG 2026-06-13 11:43:19 re/_trace.py:47 close.complete
DEBUG 2026-06-13 11:43:19 re/_trace.py:47 close.started
DEBUG 2026-06-13 11:43:19 re/_trace.py:47 close.complete
DEBUG 2026-06-13 11:43:20 re/_trace.py:47 close.started
DEBUG 2026-06-13 11:43:20 re/_trace.py:47 close.complete
DEBUG 2026-06-13 11:43:20 re/_trace.py:47 close.started
DEBUG 2026-06-13 11:43:20 re/_trace.py:47 close.complete
INFO 2026-06-13 11:45:36 ot_train.py:459 step:600 smpl:422K ep:579 epch:11.58 loss:0.052 grdn:1.160 lr:6.0e-05 updt_s:3.570 data_s:0.732
WARNING 2026-06-13 11:45:36 db_utils.py:181 WandB logging of key "loss_per_dim" was ignored as its type "<class 'list'>" is not handled by this wrapper.
DEBUG 2026-06-13 11:46:59 re/_trace.py:47 close.started
DEBUG 2026-06-13 11:46:59 re/_trace.py:47 close.complete
DEBUG 2026-06-13 11:46:59 re/_trace.py:47 close.started
DEBUG 2026-06-13 11:46:59 re/_trace.py:47 close.complete
DEBUG 2026-06-13 11:46:59 re/_trace.py:47 close.started
DEBUG 2026-06-13 11:46:59 re/_trace.py:47 close.complete
DEBUG 2026-06-13 11:46:59 re/_trace.py:47 close.started
DEBUG 2026-06-13 11:46:59 re/_trace.py:47 close.complete
DEBUG 2026-06-13 11:46:59 re/_trace.py:47 close.started
DEBUG 2026-06-13 11:46:59 re/_trace.py:47 close.complete
DEBUG 2026-06-13 11:46:59 re/_trace.py:47 close.started
DEBUG 2026-06-13 11:46:59 re/_trace.py:47 close.complete
DEBUG 2026-06-13 11:46:59 re/_trace.py:47 close.started
DEBUG 2026-06-13 11:46:59 re/_trace.py:47 close.complete
DEBUG 2026-06-13 11:46:59 re/_trace.py:47 close.started
DEBUG 2026-06-13 11:46:59 re/_trace.py:47 close.complete
DEBUG 2026-06-13 11:46:59 re/_trace.py:47 close.started
DEBUG 2026-06-13 11:46:59 re/_trace.py:47 close.complete
DEBUG 2026-06-13 11:46:59 re/_trace.py:47 close.started
DEBUG 2026-06-13 11:46:59 re/_trace.py:47 close.complete
DEBUG 2026-06-13 11:50:41 re/_trace.py:47 close.started
DEBUG 2026-06-13 11:50:41 re/_trace.py:47 close.complete
DEBUG 2026-06-13 11:50:41 re/_trace.py:47 close.started
DEBUG 2026-06-13 11:50:41 re/_trace.py:47 close.complete
DEBUG 2026-06-13 11:50:41 re/_trace.py:47 close.started
DEBUG 2026-06-13 11:50:41 re/_trace.py:47 close.complete
DEBUG 2026-06-13 11:50:41 re/_trace.py:47 close.started
DEBUG 2026-06-13 11:50:41 re/_trace.py:47 close.complete
DEBUG 2026-06-13 11:50:41 re/_trace.py:47 close.started
DEBUG 2026-06-13 11:50:41 re/_trace.py:47 close.complete
DEBUG 2026-06-13 11:50:41 re/_trace.py:47 close.started
DEBUG 2026-06-13 11:50:41 re/_trace.py:47 close.complete
DEBUG 2026-06-13 11:50:41 re/_trace.py:47 close.started
DEBUG 2026-06-13 11:50:41 re/_trace.py:47 close.complete
DEBUG 2026-06-13 11:50:41 re/_trace.py:47 close.started
DEBUG 2026-06-13 11:50:41 re/_trace.py:47 close.complete
DEBUG 2026-06-13 11:50:41 re/_trace.py:47 close.started
DEBUG 2026-06-13 11:50:41 re/_trace.py:47 close.complete
DEBUG 2026-06-13 11:50:41 re/_trace.py:47 close.started
DEBUG 2026-06-13 11:50:41 re/_trace.py:47 close.complete
DEBUG 2026-06-13 11:54:25 re/_trace.py:47 close.started
DEBUG 2026-06-13 11:54:25 re/_trace.py:47 close.complete
DEBUG 2026-06-13 11:54:25 re/_trace.py:47 close.started
DEBUG 2026-06-13 11:54:25 re/_trace.py:47 close.complete
DEBUG 2026-06-13 11:54:25 re/_trace.py:47 close.started
DEBUG 2026-06-13 11:54:25 re/_trace.py:47 close.complete
DEBUG 2026-06-13 11:54:25 re/_trace.py:47 close.started
DEBUG 2026-06-13 11:54:25 re/_trace.py:47 close.complete
DEBUG 2026-06-13 11:54:25 re/_trace.py:47 close.started
DEBUG 2026-06-13 11:54:25 re/_trace.py:47 close.complete
DEBUG 2026-06-13 11:54:25 re/_trace.py:47 close.started
DEBUG 2026-06-13 11:54:25 re/_trace.py:47 close.complete
DEBUG 2026-06-13 11:54:25 re/_trace.py:47 close.started
DEBUG 2026-06-13 11:54:25 re/_trace.py:47 close.complete
DEBUG 2026-06-13 11:54:25 re/_trace.py:47 close.started
DEBUG 2026-06-13 11:54:25 re/_trace.py:47 close.complete
DEBUG 2026-06-13 11:54:25 re/_trace.py:47 close.started
DEBUG 2026-06-13 11:54:25 re/_trace.py:47 close.complete
DEBUG 2026-06-13 11:54:25 re/_trace.py:47 close.started
DEBUG 2026-06-13 11:54:25 re/_trace.py:47 close.complete
DEBUG 2026-06-13 11:58:06 re/_trace.py:47 close.started
DEBUG 2026-06-13 11:58:06 re/_trace.py:47 close.complete
DEBUG 2026-06-13 11:58:06 re/_trace.py:47 close.started
DEBUG 2026-06-13 11:58:06 re/_trace.py:47 close.complete
DEBUG 2026-06-13 11:58:06 re/_trace.py:47 close.started
DEBUG 2026-06-13 11:58:06 re/_trace.py:47 close.complete
DEBUG 2026-06-13 11:58:06 re/_trace.py:47 close.started
DEBUG 2026-06-13 11:58:06 re/_trace.py:47 close.complete
DEBUG 2026-06-13 11:58:06 re/_trace.py:47 close.started
DEBUG 2026-06-13 11:58:06 re/_trace.py:47 close.complete
DEBUG 2026-06-13 11:58:06 re/_trace.py:47 close.started
DEBUG 2026-06-13 11:58:06 re/_trace.py:47 close.complete
DEBUG 2026-06-13 11:58:07 re/_trace.py:47 close.started
DEBUG 2026-06-13 11:58:07 re/_trace.py:47 close.complete
DEBUG 2026-06-13 11:58:07 re/_trace.py:47 close.started
DEBUG 2026-06-13 11:58:07 re/_trace.py:47 close.complete
DEBUG 2026-06-13 11:58:07 re/_trace.py:47 close.started
DEBUG 2026-06-13 11:58:07 re/_trace.py:47 close.complete
DEBUG 2026-06-13 11:58:07 re/_trace.py:47 close.started
DEBUG 2026-06-13 11:58:07 re/_trace.py:47 close.complete
INFO 2026-06-13 11:59:54 ot_train.py:459 step:800 smpl:563K ep:772 epch:15.44 loss:0.042 grdn:1.070 lr:8.4e-05 updt_s:3.657 data_s:0.630
WARNING 2026-06-13 11:59:54 db_utils.py:181 WandB logging of key "loss_per_dim" was ignored as its type "<class 'list'>" is not handled by this wrapper.
DEBUG 2026-06-13 12:01:45 re/_trace.py:47 close.started
DEBUG 2026-06-13 12:01:45 re/_trace.py:47 close.complete
DEBUG 2026-06-13 12:01:45 re/_trace.py:47 close.started
DEBUG 2026-06-13 12:01:45 re/_trace.py:47 close.complete
DEBUG 2026-06-13 12:01:45 re/_trace.py:47 close.started
DEBUG 2026-06-13 12:01:45 re/_trace.py:47 close.complete
DEBUG 2026-06-13 12:01:45 re/_trace.py:47 close.started
DEBUG 2026-06-13 12:01:45 re/_trace.py:47 close.complete
DEBUG 2026-06-13 12:01:45 re/_trace.py:47 close.started
DEBUG 2026-06-13 12:01:45 re/_trace.py:47 close.complete
DEBUG 2026-06-13 12:01:45 re/_trace.py:47 close.started
DEBUG 2026-06-13 12:01:45 re/_trace.py:47 close.complete
DEBUG 2026-06-13 12:01:45 re/_trace.py:47 close.started
DEBUG 2026-06-13 12:01:45 re/_trace.py:47 close.complete
DEBUG 2026-06-13 12:01:45 re/_trace.py:47 close.started
DEBUG 2026-06-13 12:01:45 re/_trace.py:47 close.complete
DEBUG 2026-06-13 12:01:45 re/_trace.py:47 close.started
DEBUG 2026-06-13 12:01:45 re/_trace.py:47 close.complete
DEBUG 2026-06-13 12:01:45 re/_trace.py:47 close.started
DEBUG 2026-06-13 12:01:45 re/_trace.py:47 close.complete
DEBUG 2026-06-13 12:05:27 re/_trace.py:47 close.started
DEBUG 2026-06-13 12:05:27 re/_trace.py:47 close.complete
DEBUG 2026-06-13 12:05:27 re/_trace.py:47 close.started
DEBUG 2026-06-13 12:05:27 re/_trace.py:47 close.complete
DEBUG 2026-06-13 12:05:27 re/_trace.py:47 close.started
DEBUG 2026-06-13 12:05:27 re/_trace.py:47 close.complete
DEBUG 2026-06-13 12:05:27 re/_trace.py:47 close.started
DEBUG 2026-06-13 12:05:27 re/_trace.py:47 close.complete
DEBUG 2026-06-13 12:05:27 re/_trace.py:47 close.started
DEBUG 2026-06-13 12:05:27 re/_trace.py:47 close.complete
DEBUG 2026-06-13 12:05:27 re/_trace.py:47 close.started
DEBUG 2026-06-13 12:05:27 re/_trace.py:47 close.complete
DEBUG 2026-06-13 12:05:27 re/_trace.py:47 close.started
DEBUG 2026-06-13 12:05:27 re/_trace.py:47 close.complete
DEBUG 2026-06-13 12:05:27 re/_trace.py:47 close.started
DEBUG 2026-06-13 12:05:27 re/_trace.py:47 close.complete
DEBUG 2026-06-13 12:05:27 re/_trace.py:47 close.started
DEBUG 2026-06-13 12:05:27 re/_trace.py:47 close.complete
DEBUG 2026-06-13 12:05:27 re/_trace.py:47 close.started
DEBUG 2026-06-13 12:05:27 re/_trace.py:47 close.complete
DEBUG 2026-06-13 12:09:09 re/_trace.py:47 close.started
DEBUG 2026-06-13 12:09:09 re/_trace.py:47 close.complete
DEBUG 2026-06-13 12:09:09 re/_trace.py:47 close.started
DEBUG 2026-06-13 12:09:09 re/_trace.py:47 close.complete
DEBUG 2026-06-13 12:09:09 re/_trace.py:47 close.started
DEBUG 2026-06-13 12:09:09 re/_trace.py:47 close.complete
DEBUG 2026-06-13 12:09:09 re/_trace.py:47 close.started
DEBUG 2026-06-13 12:09:09 re/_trace.py:47 close.complete
DEBUG 2026-06-13 12:09:09 re/_trace.py:47 close.started
DEBUG 2026-06-13 12:09:09 re/_trace.py:47 close.complete
DEBUG 2026-06-13 12:09:09 re/_trace.py:47 close.started
DEBUG 2026-06-13 12:09:09 re/_trace.py:47 close.complete
DEBUG 2026-06-13 12:09:09 re/_trace.py:47 close.started
DEBUG 2026-06-13 12:09:09 re/_trace.py:47 close.complete
DEBUG 2026-06-13 12:09:09 re/_trace.py:47 close.started
DEBUG 2026-06-13 12:09:09 re/_trace.py:47 close.complete
DEBUG 2026-06-13 12:09:09 re/_trace.py:47 close.started
DEBUG 2026-06-13 12:09:09 re/_trace.py:47 close.complete
DEBUG 2026-06-13 12:09:09 re/_trace.py:47 close.started
DEBUG 2026-06-13 12:09:09 re/_trace.py:47 close.complete
DEBUG 2026-06-13 12:12:48 re/_trace.py:47 close.started
DEBUG 2026-06-13 12:12:48 re/_trace.py:47 close.complete
DEBUG 2026-06-13 12:12:48 re/_trace.py:47 close.started
DEBUG 2026-06-13 12:12:48 re/_trace.py:47 close.complete
DEBUG 2026-06-13 12:12:48 re/_trace.py:47 close.started
DEBUG 2026-06-13 12:12:48 re/_trace.py:47 close.complete
DEBUG 2026-06-13 12:12:48 re/_trace.py:47 close.started
DEBUG 2026-06-13 12:12:48 re/_trace.py:47 close.complete
DEBUG 2026-06-13 12:12:48 re/_trace.py:47 close.started
DEBUG 2026-06-13 12:12:48 re/_trace.py:47 close.complete
DEBUG 2026-06-13 12:12:48 re/_trace.py:47 close.started
DEBUG 2026-06-13 12:12:48 re/_trace.py:47 close.complete
DEBUG 2026-06-13 12:12:48 re/_trace.py:47 close.started
DEBUG 2026-06-13 12:12:48 re/_trace.py:47 close.complete
DEBUG 2026-06-13 12:12:48 re/_trace.py:47 close.started
DEBUG 2026-06-13 12:12:48 re/_trace.py:47 close.complete
DEBUG 2026-06-13 12:12:49 re/_trace.py:47 close.started
DEBUG 2026-06-13 12:12:49 re/_trace.py:47 close.complete
DEBUG 2026-06-13 12:12:49 re/_trace.py:47 close.started
DEBUG 2026-06-13 12:12:49 re/_trace.py:47 close.complete
INFO 2026-06-13 12:14:08 ot_train.py:459 step:1K smpl:704K ep:965 epch:19.30 loss:0.037 grdn:0.998 lr:1.1e-04 updt_s:3.637 data_s:0.628
WARNING 2026-06-13 12:14:08 db_utils.py:181 WandB logging of key "loss_per_dim" was ignored as its type "<class 'list'>" is not handled by this wrapper.
DEBUG 2026-06-13 12:16:30 re/_trace.py:47 close.started
DEBUG 2026-06-13 12:16:30 re/_trace.py:47 close.complete
DEBUG 2026-06-13 12:16:30 re/_trace.py:47 close.started
DEBUG 2026-06-13 12:16:30 re/_trace.py:47 close.complete
DEBUG 2026-06-13 12:16:30 re/_trace.py:47 close.started
DEBUG 2026-06-13 12:16:30 re/_trace.py:47 close.complete
DEBUG 2026-06-13 12:16:30 re/_trace.py:47 close.started
DEBUG 2026-06-13 12:16:30 re/_trace.py:47 close.complete
DEBUG 2026-06-13 12:16:30 re/_trace.py:47 close.started
DEBUG 2026-06-13 12:16:30 re/_trace.py:47 close.complete
DEBUG 2026-06-13 12:16:30 re/_trace.py:47 close.started
DEBUG 2026-06-13 12:16:30 re/_trace.py:47 close.complete
DEBUG 2026-06-13 12:16:30 re/_trace.py:47 close.started
DEBUG 2026-06-13 12:16:30 re/_trace.py:47 close.complete
DEBUG 2026-06-13 12:16:30 re/_trace.py:47 close.started
DEBUG 2026-06-13 12:16:30 re/_trace.py:47 close.complete
DEBUG 2026-06-13 12:16:30 re/_trace.py:47 close.started
DEBUG 2026-06-13 12:16:30 re/_trace.py:47 close.complete
DEBUG 2026-06-13 12:16:30 re/_trace.py:47 close.started
DEBUG 2026-06-13 12:16:30 re/_trace.py:47 close.complete
DEBUG 2026-06-13 12:20:10 re/_trace.py:47 close.started
DEBUG 2026-06-13 12:20:10 re/_trace.py:47 close.complete
DEBUG 2026-06-13 12:20:10 re/_trace.py:47 close.started
DEBUG 2026-06-13 12:20:10 re/_trace.py:47 close.complete
DEBUG 2026-06-13 12:20:10 re/_trace.py:47 close.started
DEBUG 2026-06-13 12:20:10 re/_trace.py:47 close.complete
DEBUG 2026-06-13 12:20:10 re/_trace.py:47 close.started
DEBUG 2026-06-13 12:20:10 re/_trace.py:47 close.complete
DEBUG 2026-06-13 12:20:10 re/_trace.py:47 close.started
DEBUG 2026-06-13 12:20:10 re/_trace.py:47 close.complete
DEBUG 2026-06-13 12:20:10 re/_trace.py:47 close.started
DEBUG 2026-06-13 12:20:10 re/_trace.py:47 close.complete
DEBUG 2026-06-13 12:20:10 re/_trace.py:47 close.started
DEBUG 2026-06-13 12:20:10 re/_trace.py:47 close.complete
DEBUG 2026-06-13 12:20:10 re/_trace.py:47 close.started
DEBUG 2026-06-13 12:20:10 re/_trace.py:47 close.complete
DEBUG 2026-06-13 12:20:11 re/_trace.py:47 close.started
DEBUG 2026-06-13 12:20:11 re/_trace.py:47 close.complete
DEBUG 2026-06-13 12:20:11 re/_trace.py:47 close.started
DEBUG 2026-06-13 12:20:11 re/_trace.py:47 close.complete
DEBUG 2026-06-13 12:23:50 re/_trace.py:47 close.started
DEBUG 2026-06-13 12:23:50 re/_trace.py:47 close.complete
DEBUG 2026-06-13 12:23:50 re/_trace.py:47 close.started
DEBUG 2026-06-13 12:23:50 re/_trace.py:47 close.complete
DEBUG 2026-06-13 12:23:50 re/_trace.py:47 close.started
DEBUG 2026-06-13 12:23:50 re/_trace.py:47 close.complete
DEBUG 2026-06-13 12:23:50 re/_trace.py:47 close.started
DEBUG 2026-06-13 12:23:50 re/_trace.py:47 close.complete
DEBUG 2026-06-13 12:23:50 re/_trace.py:47 close.started
DEBUG 2026-06-13 12:23:50 re/_trace.py:47 close.complete
DEBUG 2026-06-13 12:23:50 re/_trace.py:47 close.started
DEBUG 2026-06-13 12:23:50 re/_trace.py:47 close.complete
DEBUG 2026-06-13 12:23:51 re/_trace.py:47 close.started
DEBUG 2026-06-13 12:23:51 re/_trace.py:47 close.complete
DEBUG 2026-06-13 12:23:51 re/_trace.py:47 close.started
DEBUG 2026-06-13 12:23:51 re/_trace.py:47 close.complete
DEBUG 2026-06-13 12:23:51 re/_trace.py:47 close.started
DEBUG 2026-06-13 12:23:51 re/_trace.py:47 close.complete
DEBUG 2026-06-13 12:23:51 re/_trace.py:47 close.started
DEBUG 2026-06-13 12:23:51 re/_trace.py:47 close.complete
DEBUG 2026-06-13 12:27:30 re/_trace.py:47 close.started
DEBUG 2026-06-13 12:27:30 re/_trace.py:47 close.complete
DEBUG 2026-06-13 12:27:30 re/_trace.py:47 close.started
DEBUG 2026-06-13 12:27:30 re/_trace.py:47 close.complete
DEBUG 2026-06-13 12:27:30 re/_trace.py:47 close.started
DEBUG 2026-06-13 12:27:30 re/_trace.py:47 close.complete
DEBUG 2026-06-13 12:27:31 re/_trace.py:47 close.started
DEBUG 2026-06-13 12:27:31 re/_trace.py:47 close.complete
DEBUG 2026-06-13 12:27:31 re/_trace.py:47 close.started
DEBUG 2026-06-13 12:27:31 re/_trace.py:47 close.complete
DEBUG 2026-06-13 12:27:31 re/_trace.py:47 close.started
DEBUG 2026-06-13 12:27:31 re/_trace.py:47 close.complete
DEBUG 2026-06-13 12:27:31 re/_trace.py:47 close.started
DEBUG 2026-06-13 12:27:31 re/_trace.py:47 close.complete
DEBUG 2026-06-13 12:27:31 re/_trace.py:47 close.started
DEBUG 2026-06-13 12:27:31 re/_trace.py:47 close.complete
DEBUG 2026-06-13 12:27:31 re/_trace.py:47 close.started
DEBUG 2026-06-13 12:27:31 re/_trace.py:47 close.complete
DEBUG 2026-06-13 12:27:31 re/_trace.py:47 close.started
DEBUG 2026-06-13 12:27:31 re/_trace.py:47 close.complete
INFO 2026-06-13 12:28:17 ot_train.py:459 step:1K smpl:845K ep:1K epch:23.16 loss:0.031 grdn:0.732 lr:1.2e-04 updt_s:3.578 data_s:0.664
WARNING 2026-06-13 12:28:17 db_utils.py:181 WandB logging of key "loss_per_dim" was ignored as its type "<class 'list'>" is not handled by this wrapper.
DEBUG 2026-06-13 12:31:11 re/_trace.py:47 close.started
DEBUG 2026-06-13 12:31:11 re/_trace.py:47 close.complete
DEBUG 2026-06-13 12:31:11 re/_trace.py:47 close.started
DEBUG 2026-06-13 12:31:11 re/_trace.py:47 close.complete
DEBUG 2026-06-13 12:31:11 re/_trace.py:47 close.started
DEBUG 2026-06-13 12:31:11 re/_trace.py:47 close.complete
DEBUG 2026-06-13 12:31:11 re/_trace.py:47 close.started
DEBUG 2026-06-13 12:31:11 re/_trace.py:47 close.complete
DEBUG 2026-06-13 12:31:11 re/_trace.py:47 close.started
DEBUG 2026-06-13 12:31:11 re/_trace.py:47 close.complete
DEBUG 2026-06-13 12:31:11 re/_trace.py:47 close.started
DEBUG 2026-06-13 12:31:11 re/_trace.py:47 close.complete
DEBUG 2026-06-13 12:31:11 re/_trace.py:47 close.started
DEBUG 2026-06-13 12:31:11 re/_trace.py:47 close.complete
DEBUG 2026-06-13 12:31:11 re/_trace.py:47 close.started
DEBUG 2026-06-13 12:31:11 re/_trace.py:47 close.complete
DEBUG 2026-06-13 12:31:11 re/_trace.py:47 close.started
DEBUG 2026-06-13 12:31:11 re/_trace.py:47 close.complete
DEBUG 2026-06-13 12:31:11 re/_trace.py:47 close.started
DEBUG 2026-06-13 12:31:11 re/_trace.py:47 close.complete
DEBUG 2026-06-13 12:34:52 re/_trace.py:47 close.started
DEBUG 2026-06-13 12:34:52 re/_trace.py:47 close.complete
DEBUG 2026-06-13 12:34:52 re/_trace.py:47 close.started
DEBUG 2026-06-13 12:34:52 re/_trace.py:47 close.complete
DEBUG 2026-06-13 12:34:52 re/_trace.py:47 close.started
DEBUG 2026-06-13 12:34:52 re/_trace.py:47 close.complete
DEBUG 2026-06-13 12:34:52 re/_trace.py:47 close.started
DEBUG 2026-06-13 12:34:52 re/_trace.py:47 close.complete
DEBUG 2026-06-13 12:34:52 re/_trace.py:47 close.started
DEBUG 2026-06-13 12:34:52 re/_trace.py:47 close.complete
DEBUG 2026-06-13 12:34:52 re/_trace.py:47 close.started
DEBUG 2026-06-13 12:34:52 re/_trace.py:47 close.complete
DEBUG 2026-06-13 12:34:52 re/_trace.py:47 close.started
DEBUG 2026-06-13 12:34:52 re/_trace.py:47 close.complete
DEBUG 2026-06-13 12:34:52 re/_trace.py:47 close.started
DEBUG 2026-06-13 12:34:52 re/_trace.py:47 close.complete
DEBUG 2026-06-13 12:34:52 re/_trace.py:47 close.started
DEBUG 2026-06-13 12:34:52 re/_trace.py:47 close.complete
DEBUG 2026-06-13 12:34:52 re/_trace.py:47 close.started
DEBUG 2026-06-13 12:34:52 re/_trace.py:47 close.complete
DEBUG 2026-06-13 12:38:36 re/_trace.py:47 close.started
DEBUG 2026-06-13 12:38:36 re/_trace.py:47 close.complete
DEBUG 2026-06-13 12:38:36 re/_trace.py:47 close.started
DEBUG 2026-06-13 12:38:36 re/_trace.py:47 close.complete
DEBUG 2026-06-13 12:38:36 re/_trace.py:47 close.started
DEBUG 2026-06-13 12:38:36 re/_trace.py:47 close.complete
DEBUG 2026-06-13 12:38:36 re/_trace.py:47 close.started
DEBUG 2026-06-13 12:38:36 re/_trace.py:47 close.complete
DEBUG 2026-06-13 12:38:36 re/_trace.py:47 close.started
DEBUG 2026-06-13 12:38:36 re/_trace.py:47 close.complete
DEBUG 2026-06-13 12:38:36 re/_trace.py:47 close.started
DEBUG 2026-06-13 12:38:36 re/_trace.py:47 close.complete
DEBUG 2026-06-13 12:38:36 re/_trace.py:47 close.started
DEBUG 2026-06-13 12:38:36 re/_trace.py:47 close.complete
DEBUG 2026-06-13 12:38:36 re/_trace.py:47 close.started
DEBUG 2026-06-13 12:38:36 re/_trace.py:47 close.complete
DEBUG 2026-06-13 12:38:36 re/_trace.py:47 close.started
DEBUG 2026-06-13 12:38:36 re/_trace.py:47 close.complete
DEBUG 2026-06-13 12:38:36 re/_trace.py:47 close.started
DEBUG 2026-06-13 12:38:36 re/_trace.py:47 close.complete
INFO 2026-06-13 12:42:02 ot_train.py:459 step:1K smpl:986K ep:1K epch:27.02 loss:0.027 grdn:0.654 lr:1.2e-04 updt_s:3.618 data_s:0.500
WARNING 2026-06-13 12:42:02 db_utils.py:181 WandB logging of key "loss_per_dim" was ignored as its type "<class 'list'>" is not handled by this wrapper.
DEBUG 2026-06-13 12:42:16 re/_trace.py:47 close.started
DEBUG 2026-06-13 12:42:16 re/_trace.py:47 close.complete
DEBUG 2026-06-13 12:42:16 re/_trace.py:47 close.started
DEBUG 2026-06-13 12:42:16 re/_trace.py:47 close.complete
DEBUG 2026-06-13 12:42:16 re/_trace.py:47 close.started
DEBUG 2026-06-13 12:42:16 re/_trace.py:47 close.complete
DEBUG 2026-06-13 12:42:16 re/_trace.py:47 close.started
DEBUG 2026-06-13 12:42:16 re/_trace.py:47 close.complete
DEBUG 2026-06-13 12:42:17 re/_trace.py:47 close.started
DEBUG 2026-06-13 12:42:17 re/_trace.py:47 close.complete
DEBUG 2026-06-13 12:42:17 re/_trace.py:47 close.started
DEBUG 2026-06-13 12:42:17 re/_trace.py:47 close.complete
DEBUG 2026-06-13 12:42:17 re/_trace.py:47 close.started
DEBUG 2026-06-13 12:42:17 re/_trace.py:47 close.complete
DEBUG 2026-06-13 12:42:17 re/_trace.py:47 close.started
DEBUG 2026-06-13 12:42:17 re/_trace.py:47 close.complete
DEBUG 2026-06-13 12:42:17 re/_trace.py:47 close.started
DEBUG 2026-06-13 12:42:17 re/_trace.py:47 close.complete
DEBUG 2026-06-13 12:42:17 re/_trace.py:47 close.started
DEBUG 2026-06-13 12:42:17 re/_trace.py:47 close.complete
DEBUG 2026-06-13 12:45:56 re/_trace.py:47 close.started
DEBUG 2026-06-13 12:45:56 re/_trace.py:47 close.complete
DEBUG 2026-06-13 12:45:56 re/_trace.py:47 close.started
DEBUG 2026-06-13 12:45:56 re/_trace.py:47 close.complete
DEBUG 2026-06-13 12:45:57 re/_trace.py:47 close.started
DEBUG 2026-06-13 12:45:57 re/_trace.py:47 close.complete
DEBUG 2026-06-13 12:45:57 re/_trace.py:47 close.started
DEBUG 2026-06-13 12:45:57 re/_trace.py:47 close.complete
DEBUG 2026-06-13 12:45:57 re/_trace.py:47 close.started
DEBUG 2026-06-13 12:45:57 re/_trace.py:47 close.complete
DEBUG 2026-06-13 12:45:57 re/_trace.py:47 close.started
DEBUG 2026-06-13 12:45:57 re/_trace.py:47 close.complete
DEBUG 2026-06-13 12:45:57 re/_trace.py:47 close.started
DEBUG 2026-06-13 12:45:57 re/_trace.py:47 close.complete
DEBUG 2026-06-13 12:45:57 re/_trace.py:47 close.started
DEBUG 2026-06-13 12:45:57 re/_trace.py:47 close.complete
DEBUG 2026-06-13 12:45:57 re/_trace.py:47 close.started
DEBUG 2026-06-13 12:45:57 re/_trace.py:47 close.complete
DEBUG 2026-06-13 12:45:57 re/_trace.py:47 close.started
DEBUG 2026-06-13 12:45:57 re/_trace.py:47 close.complete
DEBUG 2026-06-13 12:49:36 re/_trace.py:47 close.started
DEBUG 2026-06-13 12:49:36 re/_trace.py:47 close.complete
DEBUG 2026-06-13 12:49:36 re/_trace.py:47 close.started
DEBUG 2026-06-13 12:49:36 re/_trace.py:47 close.complete
DEBUG 2026-06-13 12:49:36 re/_trace.py:47 close.started
DEBUG 2026-06-13 12:49:36 re/_trace.py:47 close.complete
DEBUG 2026-06-13 12:49:36 re/_trace.py:47 close.started
DEBUG 2026-06-13 12:49:36 re/_trace.py:47 close.complete
DEBUG 2026-06-13 12:49:36 re/_trace.py:47 close.started
DEBUG 2026-06-13 12:49:36 re/_trace.py:47 close.complete
DEBUG 2026-06-13 12:49:36 re/_trace.py:47 close.started
DEBUG 2026-06-13 12:49:36 re/_trace.py:47 close.complete
DEBUG 2026-06-13 12:49:36 re/_trace.py:47 close.started
DEBUG 2026-06-13 12:49:36 re/_trace.py:47 close.complete
DEBUG 2026-06-13 12:49:36 re/_trace.py:47 close.started
DEBUG 2026-06-13 12:49:36 re/_trace.py:47 close.complete
DEBUG 2026-06-13 12:49:36 re/_trace.py:47 close.started
DEBUG 2026-06-13 12:49:36 re/_trace.py:47 close.complete
DEBUG 2026-06-13 12:49:36 re/_trace.py:47 close.started
DEBUG 2026-06-13 12:49:36 re/_trace.py:47 close.complete
DEBUG 2026-06-13 12:53:16 re/_trace.py:47 close.started
DEBUG 2026-06-13 12:53:16 re/_trace.py:47 close.complete
DEBUG 2026-06-13 12:53:16 re/_trace.py:47 close.started
DEBUG 2026-06-13 12:53:16 re/_trace.py:47 close.complete
DEBUG 2026-06-13 12:53:16 re/_trace.py:47 close.started
DEBUG 2026-06-13 12:53:16 re/_trace.py:47 close.complete
DEBUG 2026-06-13 12:53:16 re/_trace.py:47 close.started
DEBUG 2026-06-13 12:53:16 re/_trace.py:47 close.complete
DEBUG 2026-06-13 12:53:16 re/_trace.py:47 close.started
DEBUG 2026-06-13 12:53:16 re/_trace.py:47 close.complete
DEBUG 2026-06-13 12:53:16 re/_trace.py:47 close.started
DEBUG 2026-06-13 12:53:16 re/_trace.py:47 close.complete
DEBUG 2026-06-13 12:53:17 re/_trace.py:47 close.started
DEBUG 2026-06-13 12:53:17 re/_trace.py:47 close.complete
DEBUG 2026-06-13 12:53:17 re/_trace.py:47 close.started
DEBUG 2026-06-13 12:53:17 re/_trace.py:47 close.complete
DEBUG 2026-06-13 12:53:17 re/_trace.py:47 close.started
DEBUG 2026-06-13 12:53:17 re/_trace.py:47 close.complete
DEBUG 2026-06-13 12:53:17 re/_trace.py:47 close.started
DEBUG 2026-06-13 12:53:17 re/_trace.py:47 close.complete
INFO 2026-06-13 12:56:17 ot_train.py:459 step:2K smpl:1M ep:2K epch:30.88 loss:0.024 grdn:0.587 lr:1.2e-04 updt_s:3.614 data_s:0.655
WARNING 2026-06-13 12:56:17 db_utils.py:181 WandB logging of key "loss_per_dim" was ignored as its type "<class 'list'>" is not handled by this wrapper.
DEBUG 2026-06-13 12:56:59 re/_trace.py:47 close.started
DEBUG 2026-06-13 12:56:59 re/_trace.py:47 close.complete
DEBUG 2026-06-13 12:56:59 re/_trace.py:47 close.started
DEBUG 2026-06-13 12:56:59 re/_trace.py:47 close.complete
DEBUG 2026-06-13 12:56:59 re/_trace.py:47 close.started
DEBUG 2026-06-13 12:56:59 re/_trace.py:47 close.complete
DEBUG 2026-06-13 12:56:59 re/_trace.py:47 close.started
DEBUG 2026-06-13 12:56:59 re/_trace.py:47 close.complete
DEBUG 2026-06-13 12:56:59 re/_trace.py:47 close.started
DEBUG 2026-06-13 12:56:59 re/_trace.py:47 close.complete
DEBUG 2026-06-13 12:56:59 re/_trace.py:47 close.started
DEBUG 2026-06-13 12:56:59 re/_trace.py:47 close.complete
DEBUG 2026-06-13 12:56:59 re/_trace.py:47 close.started
DEBUG 2026-06-13 12:56:59 re/_trace.py:47 close.complete
DEBUG 2026-06-13 12:56:59 re/_trace.py:47 close.started
DEBUG 2026-06-13 12:56:59 re/_trace.py:47 close.complete
DEBUG 2026-06-13 12:56:59 re/_trace.py:47 close.started
DEBUG 2026-06-13 12:56:59 re/_trace.py:47 close.complete
DEBUG 2026-06-13 12:56:59 re/_trace.py:47 close.started
DEBUG 2026-06-13 12:56:59 re/_trace.py:47 close.complete
DEBUG 2026-06-13 13:00:38 re/_trace.py:47 close.started
DEBUG 2026-06-13 13:00:38 re/_trace.py:47 close.complete
DEBUG 2026-06-13 13:00:38 re/_trace.py:47 close.started
DEBUG 2026-06-13 13:00:38 re/_trace.py:47 close.complete
DEBUG 2026-06-13 13:00:38 re/_trace.py:47 close.started
DEBUG 2026-06-13 13:00:38 re/_trace.py:47 close.complete
DEBUG 2026-06-13 13:00:38 re/_trace.py:47 close.started
DEBUG 2026-06-13 13:00:38 re/_trace.py:47 close.complete
DEBUG 2026-06-13 13:00:38 re/_trace.py:47 close.started
DEBUG 2026-06-13 13:00:38 re/_trace.py:47 close.complete
DEBUG 2026-06-13 13:00:38 re/_trace.py:47 close.started
DEBUG 2026-06-13 13:00:38 re/_trace.py:47 close.complete
DEBUG 2026-06-13 13:00:38 re/_trace.py:47 close.started
DEBUG 2026-06-13 13:00:38 re/_trace.py:47 close.complete
DEBUG 2026-06-13 13:00:38 re/_trace.py:47 close.started
DEBUG 2026-06-13 13:00:38 re/_trace.py:47 close.complete
DEBUG 2026-06-13 13:00:38 re/_trace.py:47 close.started
DEBUG 2026-06-13 13:00:38 re/_trace.py:47 close.complete
DEBUG 2026-06-13 13:00:39 re/_trace.py:47 close.started
DEBUG 2026-06-13 13:00:39 re/_trace.py:47 close.complete
DEBUG 2026-06-13 13:04:21 re/_trace.py:47 close.started
DEBUG 2026-06-13 13:04:21 re/_trace.py:47 close.complete
DEBUG 2026-06-13 13:04:21 re/_trace.py:47 close.started
DEBUG 2026-06-13 13:04:21 re/_trace.py:47 close.complete
DEBUG 2026-06-13 13:04:21 re/_trace.py:47 close.started
DEBUG 2026-06-13 13:04:21 re/_trace.py:47 close.complete
DEBUG 2026-06-13 13:04:21 re/_trace.py:47 close.started
DEBUG 2026-06-13 13:04:21 re/_trace.py:47 close.complete
DEBUG 2026-06-13 13:04:21 re/_trace.py:47 close.started
DEBUG 2026-06-13 13:04:21 re/_trace.py:47 close.complete
DEBUG 2026-06-13 13:04:21 re/_trace.py:47 close.started
DEBUG 2026-06-13 13:04:21 re/_trace.py:47 close.complete
DEBUG 2026-06-13 13:04:21 re/_trace.py:47 close.started
DEBUG 2026-06-13 13:04:21 re/_trace.py:47 close.complete
DEBUG 2026-06-13 13:04:21 re/_trace.py:47 close.started
DEBUG 2026-06-13 13:04:21 re/_trace.py:47 close.complete
DEBUG 2026-06-13 13:04:21 re/_trace.py:47 close.started
DEBUG 2026-06-13 13:04:21 re/_trace.py:47 close.complete
DEBUG 2026-06-13 13:04:21 re/_trace.py:47 close.started
DEBUG 2026-06-13 13:04:21 re/_trace.py:47 close.complete
DEBUG 2026-06-13 13:08:03 re/_trace.py:47 close.started
DEBUG 2026-06-13 13:08:03 re/_trace.py:47 close.complete
DEBUG 2026-06-13 13:08:03 re/_trace.py:47 close.started
DEBUG 2026-06-13 13:08:03 re/_trace.py:47 close.complete
DEBUG 2026-06-13 13:08:03 re/_trace.py:47 close.started
DEBUG 2026-06-13 13:08:03 re/_trace.py:47 close.complete
DEBUG 2026-06-13 13:08:03 re/_trace.py:47 close.started
DEBUG 2026-06-13 13:08:03 re/_trace.py:47 close.complete
DEBUG 2026-06-13 13:08:03 re/_trace.py:47 close.started
DEBUG 2026-06-13 13:08:03 re/_trace.py:47 close.complete
DEBUG 2026-06-13 13:08:03 re/_trace.py:47 close.started
DEBUG 2026-06-13 13:08:03 re/_trace.py:47 close.complete
DEBUG 2026-06-13 13:08:03 re/_trace.py:47 close.started
DEBUG 2026-06-13 13:08:03 re/_trace.py:47 close.complete
DEBUG 2026-06-13 13:08:03 re/_trace.py:47 close.started
DEBUG 2026-06-13 13:08:03 re/_trace.py:47 close.complete
DEBUG 2026-06-13 13:08:03 re/_trace.py:47 close.started
DEBUG 2026-06-13 13:08:03 re/_trace.py:47 close.complete
DEBUG 2026-06-13 13:08:03 re/_trace.py:47 close.started
DEBUG 2026-06-13 13:08:03 re/_trace.py:47 close.complete
INFO 2026-06-13 13:10:33 ot_train.py:459 step:2K smpl:1M ep:2K epch:34.74 loss:0.022 grdn:0.591 lr:1.2e-04 updt_s:3.611 data_s:0.665
WARNING 2026-06-13 13:10:33 db_utils.py:181 WandB logging of key "loss_per_dim" was ignored as its type "<class 'list'>" is not handled by this wrapper.
DEBUG 2026-06-13 13:11:43 re/_trace.py:47 close.started
DEBUG 2026-06-13 13:11:43 re/_trace.py:47 close.complete
DEBUG 2026-06-13 13:11:43 re/_trace.py:47 close.started
DEBUG 2026-06-13 13:11:43 re/_trace.py:47 close.complete
DEBUG 2026-06-13 13:11:43 re/_trace.py:47 close.started
DEBUG 2026-06-13 13:11:43 re/_trace.py:47 close.complete
DEBUG 2026-06-13 13:11:43 re/_trace.py:47 close.started
DEBUG 2026-06-13 13:11:43 re/_trace.py:47 close.complete
DEBUG 2026-06-13 13:11:43 re/_trace.py:47 close.started
DEBUG 2026-06-13 13:11:43 re/_trace.py:47 close.complete
DEBUG 2026-06-13 13:11:43 re/_trace.py:47 close.started
DEBUG 2026-06-13 13:11:43 re/_trace.py:47 close.complete
DEBUG 2026-06-13 13:11:43 re/_trace.py:47 close.started
DEBUG 2026-06-13 13:11:43 re/_trace.py:47 close.complete
DEBUG 2026-06-13 13:11:43 re/_trace.py:47 close.started
DEBUG 2026-06-13 13:11:43 re/_trace.py:47 close.complete
DEBUG 2026-06-13 13:11:43 re/_trace.py:47 close.started
DEBUG 2026-06-13 13:11:43 re/_trace.py:47 close.complete
DEBUG 2026-06-13 13:11:43 re/_trace.py:47 close.started
DEBUG 2026-06-13 13:11:43 re/_trace.py:47 close.complete
DEBUG 2026-06-13 13:15:23 re/_trace.py:47 close.started
DEBUG 2026-06-13 13:15:23 re/_trace.py:47 close.complete
DEBUG 2026-06-13 13:15:23 re/_trace.py:47 close.started
DEBUG 2026-06-13 13:15:23 re/_trace.py:47 close.complete
DEBUG 2026-06-13 13:15:23 re/_trace.py:47 close.started
DEBUG 2026-06-13 13:15:23 re/_trace.py:47 close.complete
DEBUG 2026-06-13 13:15:23 re/_trace.py:47 close.started
DEBUG 2026-06-13 13:15:23 re/_trace.py:47 close.complete
DEBUG 2026-06-13 13:15:23 re/_trace.py:47 close.started
DEBUG 2026-06-13 13:15:23 re/_trace.py:47 close.complete
DEBUG 2026-06-13 13:15:23 re/_trace.py:47 close.started
DEBUG 2026-06-13 13:15:23 re/_trace.py:47 close.complete
DEBUG 2026-06-13 13:15:23 re/_trace.py:47 close.started
DEBUG 2026-06-13 13:15:23 re/_trace.py:47 close.complete
DEBUG 2026-06-13 13:15:23 re/_trace.py:47 close.started
DEBUG 2026-06-13 13:15:23 re/_trace.py:47 close.complete
DEBUG 2026-06-13 13:15:23 re/_trace.py:47 close.started
DEBUG 2026-06-13 13:15:23 re/_trace.py:47 close.complete
DEBUG 2026-06-13 13:15:23 re/_trace.py:47 close.started
DEBUG 2026-06-13 13:15:23 re/_trace.py:47 close.complete
DEBUG 2026-06-13 13:19:05 re/_trace.py:47 close.started
DEBUG 2026-06-13 13:19:05 re/_trace.py:47 close.complete
DEBUG 2026-06-13 13:19:05 re/_trace.py:47 close.started
DEBUG 2026-06-13 13:19:05 re/_trace.py:47 close.complete
DEBUG 2026-06-13 13:19:05 re/_trace.py:47 close.started
DEBUG 2026-06-13 13:19:05 re/_trace.py:47 close.complete
DEBUG 2026-06-13 13:19:05 re/_trace.py:47 close.started
DEBUG 2026-06-13 13:19:05 re/_trace.py:47 close.complete
DEBUG 2026-06-13 13:19:05 re/_trace.py:47 close.started
DEBUG 2026-06-13 13:19:05 re/_trace.py:47 close.complete
DEBUG 2026-06-13 13:19:05 re/_trace.py:47 close.started
DEBUG 2026-06-13 13:19:05 re/_trace.py:47 close.complete
DEBUG 2026-06-13 13:19:05 re/_trace.py:47 close.started
DEBUG 2026-06-13 13:19:05 re/_trace.py:47 close.complete
DEBUG 2026-06-13 13:19:05 re/_trace.py:47 close.started
DEBUG 2026-06-13 13:19:05 re/_trace.py:47 close.complete
DEBUG 2026-06-13 13:19:05 re/_trace.py:47 close.started
DEBUG 2026-06-13 13:19:05 re/_trace.py:47 close.complete
DEBUG 2026-06-13 13:19:05 re/_trace.py:47 close.started
DEBUG 2026-06-13 13:19:05 re/_trace.py:47 close.complete
DEBUG 2026-06-13 13:22:45 re/_trace.py:47 close.started
DEBUG 2026-06-13 13:22:45 re/_trace.py:47 close.complete
DEBUG 2026-06-13 13:22:45 re/_trace.py:47 close.started
DEBUG 2026-06-13 13:22:45 re/_trace.py:47 close.complete
DEBUG 2026-06-13 13:22:45 re/_trace.py:47 close.started
DEBUG 2026-06-13 13:22:45 re/_trace.py:47 close.complete
DEBUG 2026-06-13 13:22:45 re/_trace.py:47 close.started
DEBUG 2026-06-13 13:22:45 re/_trace.py:47 close.complete
DEBUG 2026-06-13 13:22:45 re/_trace.py:47 close.started
DEBUG 2026-06-13 13:22:45 re/_trace.py:47 close.complete
DEBUG 2026-06-13 13:22:45 re/_trace.py:47 close.started
DEBUG 2026-06-13 13:22:45 re/_trace.py:47 close.complete
DEBUG 2026-06-13 13:22:46 re/_trace.py:47 close.started
DEBUG 2026-06-13 13:22:46 re/_trace.py:47 close.complete
DEBUG 2026-06-13 13:22:46 re/_trace.py:47 close.started
DEBUG 2026-06-13 13:22:46 re/_trace.py:47 close.complete
DEBUG 2026-06-13 13:22:46 re/_trace.py:47 close.started
DEBUG 2026-06-13 13:22:46 re/_trace.py:47 close.complete
DEBUG 2026-06-13 13:22:46 re/_trace.py:47 close.started
DEBUG 2026-06-13 13:22:46 re/_trace.py:47 close.complete
INFO 2026-06-13 13:24:47 ot_train.py:459 step:2K smpl:1M ep:2K epch:38.60 loss:0.020 grdn:0.541 lr:1.2e-04 updt_s:3.609 data_s:0.657
WARNING 2026-06-13 13:24:47 db_utils.py:181 WandB logging of key "loss_per_dim" was ignored as its type "<class 'list'>" is not handled by this wrapper.
DEBUG 2026-06-13 13:26:25 re/_trace.py:47 close.started
DEBUG 2026-06-13 13:26:25 re/_trace.py:47 close.complete
DEBUG 2026-06-13 13:26:25 re/_trace.py:47 close.started
DEBUG 2026-06-13 13:26:25 re/_trace.py:47 close.complete
DEBUG 2026-06-13 13:26:25 re/_trace.py:47 close.started
DEBUG 2026-06-13 13:26:25 re/_trace.py:47 close.complete
DEBUG 2026-06-13 13:26:25 re/_trace.py:47 close.started
DEBUG 2026-06-13 13:26:25 re/_trace.py:47 close.complete
DEBUG 2026-06-13 13:26:25 re/_trace.py:47 close.started
DEBUG 2026-06-13 13:26:25 re/_trace.py:47 close.complete
DEBUG 2026-06-13 13:26:25 re/_trace.py:47 close.started
DEBUG 2026-06-13 13:26:25 re/_trace.py:47 close.complete
DEBUG 2026-06-13 13:26:25 re/_trace.py:47 close.started
DEBUG 2026-06-13 13:26:25 re/_trace.py:47 close.complete
DEBUG 2026-06-13 13:26:25 re/_trace.py:47 close.started
DEBUG 2026-06-13 13:26:25 re/_trace.py:47 close.complete
DEBUG 2026-06-13 13:26:25 re/_trace.py:47 close.started
DEBUG 2026-06-13 13:26:25 re/_trace.py:47 close.complete
DEBUG 2026-06-13 13:26:25 re/_trace.py:47 close.started
DEBUG 2026-06-13 13:26:25 re/_trace.py:47 close.complete
DEBUG 2026-06-13 13:30:06 re/_trace.py:47 close.started
DEBUG 2026-06-13 13:30:06 re/_trace.py:47 close.complete
DEBUG 2026-06-13 13:30:06 re/_trace.py:47 close.started
DEBUG 2026-06-13 13:30:06 re/_trace.py:47 close.complete
DEBUG 2026-06-13 13:30:06 re/_trace.py:47 close.started
DEBUG 2026-06-13 13:30:06 re/_trace.py:47 close.complete
DEBUG 2026-06-13 13:30:06 re/_trace.py:47 close.started
DEBUG 2026-06-13 13:30:06 re/_trace.py:47 close.complete
DEBUG 2026-06-13 13:30:06 re/_trace.py:47 close.started
DEBUG 2026-06-13 13:30:06 re/_trace.py:47 close.complete
DEBUG 2026-06-13 13:30:06 re/_trace.py:47 close.started
DEBUG 2026-06-13 13:30:06 re/_trace.py:47 close.complete
DEBUG 2026-06-13 13:30:06 re/_trace.py:47 close.started
DEBUG 2026-06-13 13:30:06 re/_trace.py:47 close.complete
DEBUG 2026-06-13 13:30:06 re/_trace.py:47 close.started
DEBUG 2026-06-13 13:30:06 re/_trace.py:47 close.complete
DEBUG 2026-06-13 13:30:06 re/_trace.py:47 close.started
DEBUG 2026-06-13 13:30:06 re/_trace.py:47 close.complete
DEBUG 2026-06-13 13:30:06 re/_trace.py:47 close.started
DEBUG 2026-06-13 13:30:06 re/_trace.py:47 close.complete
DEBUG 2026-06-13 13:33:46 re/_trace.py:47 close.started
DEBUG 2026-06-13 13:33:46 re/_trace.py:47 close.complete
DEBUG 2026-06-13 13:33:46 re/_trace.py:47 close.started
DEBUG 2026-06-13 13:33:46 re/_trace.py:47 close.complete
DEBUG 2026-06-13 13:33:46 re/_trace.py:47 close.started
DEBUG 2026-06-13 13:33:46 re/_trace.py:47 close.complete
DEBUG 2026-06-13 13:33:46 re/_trace.py:47 close.started
DEBUG 2026-06-13 13:33:46 re/_trace.py:47 close.complete
DEBUG 2026-06-13 13:33:46 re/_trace.py:47 close.started
DEBUG 2026-06-13 13:33:46 re/_trace.py:47 close.complete
DEBUG 2026-06-13 13:33:46 re/_trace.py:47 close.started
DEBUG 2026-06-13 13:33:46 re/_trace.py:47 close.complete
DEBUG 2026-06-13 13:33:46 re/_trace.py:47 close.started
DEBUG 2026-06-13 13:33:46 re/_trace.py:47 close.complete
DEBUG 2026-06-13 13:33:46 re/_trace.py:47 close.started
DEBUG 2026-06-13 13:33:46 re/_trace.py:47 close.complete
DEBUG 2026-06-13 13:33:46 re/_trace.py:47 close.started
DEBUG 2026-06-13 13:33:46 re/_trace.py:47 close.complete
DEBUG 2026-06-13 13:33:46 re/_trace.py:47 close.started
DEBUG 2026-06-13 13:33:46 re/_trace.py:47 close.complete
DEBUG 2026-06-13 13:37:28 re/_trace.py:47 close.started
DEBUG 2026-06-13 13:37:28 re/_trace.py:47 close.complete
DEBUG 2026-06-13 13:37:28 re/_trace.py:47 close.started
DEBUG 2026-06-13 13:37:28 re/_trace.py:47 close.complete
DEBUG 2026-06-13 13:37:28 re/_trace.py:47 close.started
DEBUG 2026-06-13 13:37:28 re/_trace.py:47 close.complete
DEBUG 2026-06-13 13:37:28 re/_trace.py:47 close.started
DEBUG 2026-06-13 13:37:28 re/_trace.py:47 close.complete
DEBUG 2026-06-13 13:37:28 re/_trace.py:47 close.started
DEBUG 2026-06-13 13:37:28 re/_trace.py:47 close.complete
DEBUG 2026-06-13 13:37:28 re/_trace.py:47 close.started
DEBUG 2026-06-13 13:37:28 re/_trace.py:47 close.complete
DEBUG 2026-06-13 13:37:28 re/_trace.py:47 close.started
DEBUG 2026-06-13 13:37:28 re/_trace.py:47 close.complete
DEBUG 2026-06-13 13:37:28 re/_trace.py:47 close.started
DEBUG 2026-06-13 13:37:28 re/_trace.py:47 close.complete
DEBUG 2026-06-13 13:37:28 re/_trace.py:47 close.started
DEBUG 2026-06-13 13:37:28 re/_trace.py:47 close.complete
DEBUG 2026-06-13 13:37:28 re/_trace.py:47 close.started
DEBUG 2026-06-13 13:37:28 re/_trace.py:47 close.complete
INFO 2026-06-13 13:39:02 ot_train.py:459 step:2K smpl:2M ep:2K epch:42.46 loss:0.019 grdn:0.499 lr:1.2e-04 updt_s:3.593 data_s:0.675
WARNING 2026-06-13 13:39:02 db_utils.py:181 WandB logging of key "loss_per_dim" was ignored as its type "<class 'list'>" is not handled by this wrapper.
DEBUG 2026-06-13 13:41:09 re/_trace.py:47 close.started
DEBUG 2026-06-13 13:41:09 re/_trace.py:47 close.complete
DEBUG 2026-06-13 13:41:09 re/_trace.py:47 close.started
DEBUG 2026-06-13 13:41:09 re/_trace.py:47 close.complete
DEBUG 2026-06-13 13:41:09 re/_trace.py:47 close.started
DEBUG 2026-06-13 13:41:09 re/_trace.py:47 close.complete
DEBUG 2026-06-13 13:41:09 re/_trace.py:47 close.started
DEBUG 2026-06-13 13:41:09 re/_trace.py:47 close.complete
DEBUG 2026-06-13 13:41:09 re/_trace.py:47 close.started
DEBUG 2026-06-13 13:41:09 re/_trace.py:47 close.complete
DEBUG 2026-06-13 13:41:09 re/_trace.py:47 close.started
DEBUG 2026-06-13 13:41:09 re/_trace.py:47 close.complete
DEBUG 2026-06-13 13:41:09 re/_trace.py:47 close.started
DEBUG 2026-06-13 13:41:09 re/_trace.py:47 close.complete
DEBUG 2026-06-13 13:41:09 re/_trace.py:47 close.started
DEBUG 2026-06-13 13:41:09 re/_trace.py:47 close.complete
DEBUG 2026-06-13 13:41:09 re/_trace.py:47 close.started
DEBUG 2026-06-13 13:41:09 re/_trace.py:47 close.complete
DEBUG 2026-06-13 13:41:09 re/_trace.py:47 close.started
DEBUG 2026-06-13 13:41:09 re/_trace.py:47 close.complete
DEBUG 2026-06-13 13:44:51 re/_trace.py:47 close.started
DEBUG 2026-06-13 13:44:51 re/_trace.py:47 close.complete
DEBUG 2026-06-13 13:44:51 re/_trace.py:47 close.started
DEBUG 2026-06-13 13:44:51 re/_trace.py:47 close.complete
DEBUG 2026-06-13 13:44:51 re/_trace.py:47 close.started
DEBUG 2026-06-13 13:44:51 re/_trace.py:47 close.complete
DEBUG 2026-06-13 13:44:51 re/_trace.py:47 close.started
DEBUG 2026-06-13 13:44:51 re/_trace.py:47 close.complete
DEBUG 2026-06-13 13:44:51 re/_trace.py:47 close.started
DEBUG 2026-06-13 13:44:51 re/_trace.py:47 close.complete
DEBUG 2026-06-13 13:44:51 re/_trace.py:47 close.started
DEBUG 2026-06-13 13:44:51 re/_trace.py:47 close.complete
DEBUG 2026-06-13 13:44:51 re/_trace.py:47 close.started
DEBUG 2026-06-13 13:44:51 re/_trace.py:47 close.complete
DEBUG 2026-06-13 13:44:51 re/_trace.py:47 close.started
DEBUG 2026-06-13 13:44:51 re/_trace.py:47 close.complete
DEBUG 2026-06-13 13:44:51 re/_trace.py:47 close.started
DEBUG 2026-06-13 13:44:51 re/_trace.py:47 close.complete
DEBUG 2026-06-13 13:44:51 re/_trace.py:47 close.started
DEBUG 2026-06-13 13:44:51 re/_trace.py:47 close.complete
DEBUG 2026-06-13 13:48:33 re/_trace.py:47 close.started
DEBUG 2026-06-13 13:48:33 re/_trace.py:47 close.complete
DEBUG 2026-06-13 13:48:33 re/_trace.py:47 close.started
DEBUG 2026-06-13 13:48:33 re/_trace.py:47 close.complete
DEBUG 2026-06-13 13:48:33 re/_trace.py:47 close.started
DEBUG 2026-06-13 13:48:33 re/_trace.py:47 close.complete
DEBUG 2026-06-13 13:48:33 re/_trace.py:47 close.started
DEBUG 2026-06-13 13:48:33 re/_trace.py:47 close.complete
DEBUG 2026-06-13 13:48:33 re/_trace.py:47 close.started
DEBUG 2026-06-13 13:48:33 re/_trace.py:47 close.complete
DEBUG 2026-06-13 13:48:33 re/_trace.py:47 close.started
DEBUG 2026-06-13 13:48:33 re/_trace.py:47 close.complete
DEBUG 2026-06-13 13:48:33 re/_trace.py:47 close.started
DEBUG 2026-06-13 13:48:33 re/_trace.py:47 close.complete
DEBUG 2026-06-13 13:48:33 re/_trace.py:47 close.started
DEBUG 2026-06-13 13:48:33 re/_trace.py:47 close.complete
DEBUG 2026-06-13 13:48:33 re/_trace.py:47 close.started
DEBUG 2026-06-13 13:48:33 re/_trace.py:47 close.complete
DEBUG 2026-06-13 13:48:33 re/_trace.py:47 close.started
DEBUG 2026-06-13 13:48:33 re/_trace.py:47 close.complete
DEBUG 2026-06-13 13:52:12 re/_trace.py:47 close.started
DEBUG 2026-06-13 13:52:12 re/_trace.py:47 close.complete
DEBUG 2026-06-13 13:52:12 re/_trace.py:47 close.started
DEBUG 2026-06-13 13:52:13 re/_trace.py:47 close.complete
DEBUG 2026-06-13 13:52:13 re/_trace.py:47 close.started
DEBUG 2026-06-13 13:52:13 re/_trace.py:47 close.complete
DEBUG 2026-06-13 13:52:13 re/_trace.py:47 close.started
DEBUG 2026-06-13 13:52:13 re/_trace.py:47 close.complete
DEBUG 2026-06-13 13:52:13 re/_trace.py:47 close.started
DEBUG 2026-06-13 13:52:13 re/_trace.py:47 close.complete
DEBUG 2026-06-13 13:52:13 re/_trace.py:47 close.started
DEBUG 2026-06-13 13:52:13 re/_trace.py:47 close.complete
DEBUG 2026-06-13 13:52:13 re/_trace.py:47 close.started
DEBUG 2026-06-13 13:52:13 re/_trace.py:47 close.complete
DEBUG 2026-06-13 13:52:13 re/_trace.py:47 close.started
DEBUG 2026-06-13 13:52:13 re/_trace.py:47 close.complete
DEBUG 2026-06-13 13:52:13 re/_trace.py:47 close.started
DEBUG 2026-06-13 13:52:13 re/_trace.py:47 close.complete
DEBUG 2026-06-13 13:52:13 re/_trace.py:47 close.started
DEBUG 2026-06-13 13:52:13 re/_trace.py:47 close.complete
INFO 2026-06-13 13:53:15 ot_train.py:459 step:2K smpl:2M ep:2K epch:46.32 loss:0.018 grdn:0.504 lr:1.2e-04 updt_s:3.575 data_s:0.686
WARNING 2026-06-13 13:53:15 db_utils.py:181 WandB logging of key "loss_per_dim" was ignored as its type "<class 'list'>" is not handled by this wrapper.
DEBUG 2026-06-13 13:55:52 re/_trace.py:47 close.started
DEBUG 2026-06-13 13:55:52 re/_trace.py:47 close.complete
DEBUG 2026-06-13 13:55:52 re/_trace.py:47 close.started
DEBUG 2026-06-13 13:55:52 re/_trace.py:47 close.complete
DEBUG 2026-06-13 13:55:52 re/_trace.py:47 close.started
DEBUG 2026-06-13 13:55:52 re/_trace.py:47 close.complete
DEBUG 2026-06-13 13:55:52 re/_trace.py:47 close.started
DEBUG 2026-06-13 13:55:52 re/_trace.py:47 close.complete
DEBUG 2026-06-13 13:55:52 re/_trace.py:47 close.started
DEBUG 2026-06-13 13:55:52 re/_trace.py:47 close.complete
DEBUG 2026-06-13 13:55:53 re/_trace.py:47 close.started
DEBUG 2026-06-13 13:55:53 re/_trace.py:47 close.complete
DEBUG 2026-06-13 13:55:53 re/_trace.py:47 close.started
DEBUG 2026-06-13 13:55:53 re/_trace.py:47 close.complete
DEBUG 2026-06-13 13:55:53 re/_trace.py:47 close.started
DEBUG 2026-06-13 13:55:53 re/_trace.py:47 close.complete
DEBUG 2026-06-13 13:55:53 re/_trace.py:47 close.started
DEBUG 2026-06-13 13:55:53 re/_trace.py:47 close.complete
DEBUG 2026-06-13 13:55:53 re/_trace.py:47 close.started
DEBUG 2026-06-13 13:55:53 re/_trace.py:47 close.complete
DEBUG 2026-06-13 13:59:34 re/_trace.py:47 close.started
DEBUG 2026-06-13 13:59:34 re/_trace.py:47 close.complete
DEBUG 2026-06-13 13:59:34 re/_trace.py:47 close.started
DEBUG 2026-06-13 13:59:34 re/_trace.py:47 close.complete
DEBUG 2026-06-13 13:59:34 re/_trace.py:47 close.started
DEBUG 2026-06-13 13:59:34 re/_trace.py:47 close.complete
DEBUG 2026-06-13 13:59:34 re/_trace.py:47 close.started
DEBUG 2026-06-13 13:59:34 re/_trace.py:47 close.complete
DEBUG 2026-06-13 13:59:34 re/_trace.py:47 close.started
DEBUG 2026-06-13 13:59:34 re/_trace.py:47 close.complete
DEBUG 2026-06-13 13:59:34 re/_trace.py:47 close.started
DEBUG 2026-06-13 13:59:34 re/_trace.py:47 close.complete
DEBUG 2026-06-13 13:59:34 re/_trace.py:47 close.started
DEBUG 2026-06-13 13:59:34 re/_trace.py:47 close.complete
DEBUG 2026-06-13 13:59:34 re/_trace.py:47 close.started
DEBUG 2026-06-13 13:59:34 re/_trace.py:47 close.complete
DEBUG 2026-06-13 13:59:34 re/_trace.py:47 close.started
DEBUG 2026-06-13 13:59:34 re/_trace.py:47 close.complete
DEBUG 2026-06-13 13:59:34 re/_trace.py:47 close.started
DEBUG 2026-06-13 13:59:34 re/_trace.py:47 close.complete
DEBUG 2026-06-13 14:03:13 re/_trace.py:47 close.started
DEBUG 2026-06-13 14:03:13 re/_trace.py:47 close.complete
DEBUG 2026-06-13 14:03:13 re/_trace.py:47 close.started
DEBUG 2026-06-13 14:03:13 re/_trace.py:47 close.complete
DEBUG 2026-06-13 14:03:13 re/_trace.py:47 close.started
DEBUG 2026-06-13 14:03:13 re/_trace.py:47 close.complete
DEBUG 2026-06-13 14:03:13 re/_trace.py:47 close.started
DEBUG 2026-06-13 14:03:13 re/_trace.py:47 close.complete
DEBUG 2026-06-13 14:03:13 re/_trace.py:47 close.started
DEBUG 2026-06-13 14:03:13 re/_trace.py:47 close.complete
DEBUG 2026-06-13 14:03:13 re/_trace.py:47 close.started
DEBUG 2026-06-13 14:03:13 re/_trace.py:47 close.complete
DEBUG 2026-06-13 14:03:13 re/_trace.py:47 close.started
DEBUG 2026-06-13 14:03:13 re/_trace.py:47 close.complete
DEBUG 2026-06-13 14:03:13 re/_trace.py:47 close.started
DEBUG 2026-06-13 14:03:13 re/_trace.py:47 close.complete
DEBUG 2026-06-13 14:03:13 re/_trace.py:47 close.started
DEBUG 2026-06-13 14:03:13 re/_trace.py:47 close.complete
DEBUG 2026-06-13 14:03:13 re/_trace.py:47 close.started
DEBUG 2026-06-13 14:03:13 re/_trace.py:47 close.complete
INFO 2026-06-13 14:06:53 ot_train.py:459 step:3K smpl:2M ep:3K epch:50.19 loss:0.017 grdn:0.504 lr:1.2e-04 updt_s:3.569 data_s:0.513
WARNING 2026-06-13 14:06:53 db_utils.py:181 WandB logging of key "loss_per_dim" was ignored as its type "<class 'list'>" is not handled by this wrapper.
DEBUG 2026-06-13 14:06:53 re/_trace.py:47 close.started
DEBUG 2026-06-13 14:06:53 re/_trace.py:47 close.complete
DEBUG 2026-06-13 14:06:53 re/_trace.py:47 close.started
DEBUG 2026-06-13 14:06:53 re/_trace.py:47 close.complete
DEBUG 2026-06-13 14:06:53 re/_trace.py:47 close.started
DEBUG 2026-06-13 14:06:53 re/_trace.py:47 close.complete
DEBUG 2026-06-13 14:06:53 re/_trace.py:47 close.started
DEBUG 2026-06-13 14:06:53 re/_trace.py:47 close.complete
DEBUG 2026-06-13 14:06:53 re/_trace.py:47 close.started
DEBUG 2026-06-13 14:06:53 re/_trace.py:47 close.complete
DEBUG 2026-06-13 14:06:53 re/_trace.py:47 close.started
DEBUG 2026-06-13 14:06:53 re/_trace.py:47 close.complete
DEBUG 2026-06-13 14:06:53 re/_trace.py:47 close.started
DEBUG 2026-06-13 14:06:53 re/_trace.py:47 close.complete
DEBUG 2026-06-13 14:06:53 re/_trace.py:47 close.started
DEBUG 2026-06-13 14:06:53 re/_trace.py:47 close.complete
DEBUG 2026-06-13 14:06:53 re/_trace.py:47 close.started
DEBUG 2026-06-13 14:06:53 re/_trace.py:47 close.complete
DEBUG 2026-06-13 14:06:53 re/_trace.py:47 close.started
DEBUG 2026-06-13 14:06:53 re/_trace.py:47 close.complete
DEBUG 2026-06-13 14:10:33 re/_trace.py:47 close.started
DEBUG 2026-06-13 14:10:33 re/_trace.py:47 close.complete
DEBUG 2026-06-13 14:10:33 re/_trace.py:47 close.started
DEBUG 2026-06-13 14:10:33 re/_trace.py:47 close.complete
DEBUG 2026-06-13 14:10:33 re/_trace.py:47 close.started
DEBUG 2026-06-13 14:10:33 re/_trace.py:47 close.complete
DEBUG 2026-06-13 14:10:33 re/_trace.py:47 close.started
DEBUG 2026-06-13 14:10:33 re/_trace.py:47 close.complete
DEBUG 2026-06-13 14:10:33 re/_trace.py:47 close.started
DEBUG 2026-06-13 14:10:33 re/_trace.py:47 close.complete
DEBUG 2026-06-13 14:10:33 re/_trace.py:47 close.started
DEBUG 2026-06-13 14:10:33 re/_trace.py:47 close.complete
DEBUG 2026-06-13 14:10:33 re/_trace.py:47 close.started
DEBUG 2026-06-13 14:10:33 re/_trace.py:47 close.complete
DEBUG 2026-06-13 14:10:33 re/_trace.py:47 close.started
DEBUG 2026-06-13 14:10:33 re/_trace.py:47 close.complete
DEBUG 2026-06-13 14:10:33 re/_trace.py:47 close.started
DEBUG 2026-06-13 14:10:33 re/_trace.py:47 close.complete
DEBUG 2026-06-13 14:10:33 re/_trace.py:47 close.started
DEBUG 2026-06-13 14:10:33 re/_trace.py:47 close.complete
DEBUG 2026-06-13 14:14:14 re/_trace.py:47 close.started
DEBUG 2026-06-13 14:14:14 re/_trace.py:47 close.complete
DEBUG 2026-06-13 14:14:14 re/_trace.py:47 close.started
DEBUG 2026-06-13 14:14:14 re/_trace.py:47 close.complete
DEBUG 2026-06-13 14:14:14 re/_trace.py:47 close.started
DEBUG 2026-06-13 14:14:14 re/_trace.py:47 close.complete
DEBUG 2026-06-13 14:14:14 re/_trace.py:47 close.started
DEBUG 2026-06-13 14:14:14 re/_trace.py:47 close.complete
DEBUG 2026-06-13 14:14:14 re/_trace.py:47 close.started
DEBUG 2026-06-13 14:14:14 re/_trace.py:47 close.complete
DEBUG 2026-06-13 14:14:14 re/_trace.py:47 close.started
DEBUG 2026-06-13 14:14:14 re/_trace.py:47 close.complete
DEBUG 2026-06-13 14:14:14 re/_trace.py:47 close.started
DEBUG 2026-06-13 14:14:14 re/_trace.py:47 close.complete
DEBUG 2026-06-13 14:14:14 re/_trace.py:47 close.started
DEBUG 2026-06-13 14:14:14 re/_trace.py:47 close.complete
DEBUG 2026-06-13 14:14:14 re/_trace.py:47 close.started
DEBUG 2026-06-13 14:14:14 re/_trace.py:47 close.complete
DEBUG 2026-06-13 14:14:14 re/_trace.py:47 close.started
DEBUG 2026-06-13 14:14:14 re/_trace.py:47 close.complete
DEBUG 2026-06-13 14:17:52 re/_trace.py:47 close.started
DEBUG 2026-06-13 14:17:52 re/_trace.py:47 close.complete
DEBUG 2026-06-13 14:17:52 re/_trace.py:47 close.started
DEBUG 2026-06-13 14:17:52 re/_trace.py:47 close.complete
DEBUG 2026-06-13 14:17:52 re/_trace.py:47 close.started
DEBUG 2026-06-13 14:17:52 re/_trace.py:47 close.complete
DEBUG 2026-06-13 14:17:52 re/_trace.py:47 close.started
DEBUG 2026-06-13 14:17:52 re/_trace.py:47 close.complete
DEBUG 2026-06-13 14:17:52 re/_trace.py:47 close.started
DEBUG 2026-06-13 14:17:52 re/_trace.py:47 close.complete
DEBUG 2026-06-13 14:17:52 re/_trace.py:47 close.started
DEBUG 2026-06-13 14:17:52 re/_trace.py:47 close.complete
DEBUG 2026-06-13 14:17:52 re/_trace.py:47 close.started
DEBUG 2026-06-13 14:17:52 re/_trace.py:47 close.complete
DEBUG 2026-06-13 14:17:52 re/_trace.py:47 close.started
DEBUG 2026-06-13 14:17:52 re/_trace.py:47 close.complete
DEBUG 2026-06-13 14:17:52 re/_trace.py:47 close.started
DEBUG 2026-06-13 14:17:52 re/_trace.py:47 close.complete
DEBUG 2026-06-13 14:17:53 re/_trace.py:47 close.started
DEBUG 2026-06-13 14:17:53 re/_trace.py:47 close.complete
INFO 2026-06-13 14:21:07 ot_train.py:459 step:3K smpl:2M ep:3K epch:54.05 loss:0.016 grdn:0.475 lr:1.2e-04 updt_s:3.644 data_s:0.619
WARNING 2026-06-13 14:21:07 db_utils.py:181 WandB logging of key "loss_per_dim" was ignored as its type "<class 'list'>" is not handled by this wrapper.
DEBUG 2026-06-13 14:21:35 re/_trace.py:47 close.started
DEBUG 2026-06-13 14:21:35 re/_trace.py:47 close.complete
DEBUG 2026-06-13 14:21:35 re/_trace.py:47 close.started
DEBUG 2026-06-13 14:21:35 re/_trace.py:47 close.complete
DEBUG 2026-06-13 14:21:35 re/_trace.py:47 close.started
DEBUG 2026-06-13 14:21:35 re/_trace.py:47 close.complete
DEBUG 2026-06-13 14:21:35 re/_trace.py:47 close.started
DEBUG 2026-06-13 14:21:35 re/_trace.py:47 close.complete
DEBUG 2026-06-13 14:21:35 re/_trace.py:47 close.started
DEBUG 2026-06-13 14:21:35 re/_trace.py:47 close.complete
DEBUG 2026-06-13 14:21:35 re/_trace.py:47 close.started
DEBUG 2026-06-13 14:21:35 re/_trace.py:47 close.complete
DEBUG 2026-06-13 14:21:35 re/_trace.py:47 close.started
DEBUG 2026-06-13 14:21:35 re/_trace.py:47 close.complete
DEBUG 2026-06-13 14:21:35 re/_trace.py:47 close.started
DEBUG 2026-06-13 14:21:35 re/_trace.py:47 close.complete
DEBUG 2026-06-13 14:21:35 re/_trace.py:47 close.started
DEBUG 2026-06-13 14:21:35 re/_trace.py:47 close.complete
DEBUG 2026-06-13 14:21:35 re/_trace.py:47 close.started
DEBUG 2026-06-13 14:21:35 re/_trace.py:47 close.complete
DEBUG 2026-06-13 14:25:17 re/_trace.py:47 close.started
DEBUG 2026-06-13 14:25:17 re/_trace.py:47 close.complete
DEBUG 2026-06-13 14:25:17 re/_trace.py:47 close.started
DEBUG 2026-06-13 14:25:17 re/_trace.py:47 close.complete
DEBUG 2026-06-13 14:25:18 re/_trace.py:47 close.started
DEBUG 2026-06-13 14:25:18 re/_trace.py:47 close.complete
DEBUG 2026-06-13 14:25:18 re/_trace.py:47 close.started
DEBUG 2026-06-13 14:25:18 re/_trace.py:47 close.complete
DEBUG 2026-06-13 14:25:18 re/_trace.py:47 close.started
DEBUG 2026-06-13 14:25:18 re/_trace.py:47 close.complete
DEBUG 2026-06-13 14:25:18 re/_trace.py:47 close.started
DEBUG 2026-06-13 14:25:18 re/_trace.py:47 close.complete
DEBUG 2026-06-13 14:25:18 re/_trace.py:47 close.started
DEBUG 2026-06-13 14:25:18 re/_trace.py:47 close.complete
DEBUG 2026-06-13 14:25:18 re/_trace.py:47 close.started
DEBUG 2026-06-13 14:25:18 re/_trace.py:47 close.complete
DEBUG 2026-06-13 14:25:18 re/_trace.py:47 close.started
DEBUG 2026-06-13 14:25:18 re/_trace.py:47 close.complete
DEBUG 2026-06-13 14:25:18 re/_trace.py:47 close.started
DEBUG 2026-06-13 14:25:18 re/_trace.py:47 close.complete
DEBUG 2026-06-13 14:29:00 re/_trace.py:47 close.started
DEBUG 2026-06-13 14:29:00 re/_trace.py:47 close.complete
DEBUG 2026-06-13 14:29:00 re/_trace.py:47 close.started
DEBUG 2026-06-13 14:29:00 re/_trace.py:47 close.complete
DEBUG 2026-06-13 14:29:00 re/_trace.py:47 close.started
DEBUG 2026-06-13 14:29:00 re/_trace.py:47 close.complete
DEBUG 2026-06-13 14:29:00 re/_trace.py:47 close.started
DEBUG 2026-06-13 14:29:00 re/_trace.py:47 close.complete
DEBUG 2026-06-13 14:29:00 re/_trace.py:47 close.started
DEBUG 2026-06-13 14:29:00 re/_trace.py:47 close.complete
DEBUG 2026-06-13 14:29:00 re/_trace.py:47 close.started
DEBUG 2026-06-13 14:29:00 re/_trace.py:47 close.complete
DEBUG 2026-06-13 14:29:00 re/_trace.py:47 close.started
DEBUG 2026-06-13 14:29:00 re/_trace.py:47 close.complete
DEBUG 2026-06-13 14:29:00 re/_trace.py:47 close.started
DEBUG 2026-06-13 14:29:00 re/_trace.py:47 close.complete
DEBUG 2026-06-13 14:29:00 re/_trace.py:47 close.started
DEBUG 2026-06-13 14:29:00 re/_trace.py:47 close.complete
DEBUG 2026-06-13 14:29:00 re/_trace.py:47 close.started
DEBUG 2026-06-13 14:29:00 re/_trace.py:47 close.complete
DEBUG 2026-06-13 14:32:40 re/_trace.py:47 close.started
DEBUG 2026-06-13 14:32:40 re/_trace.py:47 close.complete
DEBUG 2026-06-13 14:32:40 re/_trace.py:47 close.started
DEBUG 2026-06-13 14:32:40 re/_trace.py:47 close.complete
DEBUG 2026-06-13 14:32:40 re/_trace.py:47 close.started
DEBUG 2026-06-13 14:32:40 re/_trace.py:47 close.complete
DEBUG 2026-06-13 14:32:40 re/_trace.py:47 close.started
DEBUG 2026-06-13 14:32:40 re/_trace.py:47 close.complete
DEBUG 2026-06-13 14:32:40 re/_trace.py:47 close.started
DEBUG 2026-06-13 14:32:40 re/_trace.py:47 close.complete
DEBUG 2026-06-13 14:32:40 re/_trace.py:47 close.started
DEBUG 2026-06-13 14:32:40 re/_trace.py:47 close.complete
DEBUG 2026-06-13 14:32:41 re/_trace.py:47 close.started
DEBUG 2026-06-13 14:32:41 re/_trace.py:47 close.complete
DEBUG 2026-06-13 14:32:41 re/_trace.py:47 close.started
DEBUG 2026-06-13 14:32:41 re/_trace.py:47 close.complete
DEBUG 2026-06-13 14:32:41 re/_trace.py:47 close.started
DEBUG 2026-06-13 14:32:41 re/_trace.py:47 close.complete
DEBUG 2026-06-13 14:32:41 re/_trace.py:47 close.started
DEBUG 2026-06-13 14:32:41 re/_trace.py:47 close.complete
INFO 2026-06-13 14:35:25 ot_train.py:459 step:3K smpl:2M ep:3K epch:57.91 loss:0.016 grdn:0.486 lr:1.2e-04 updt_s:3.611 data_s:0.676
WARNING 2026-06-13 14:35:25 db_utils.py:181 WandB logging of key "loss_per_dim" was ignored as its type "<class 'list'>" is not handled by this wrapper.
INFO 2026-06-13 14:35:25 ot_train.py:479 Checkpoint policy after step 3000
DEBUG 2026-06-13 14:35:57 ionpool.py:1062 Starting new HTTPS connection (1): api.wandb.ai:443
DEBUG 2026-06-13 14:35:57 tionpool.py:544 https://api.wandb.ai:443 "POST /graphql HTTP/1.1" 200 None
DEBUG 2026-06-13 14:35:57 ionpool.py:1062 Starting new HTTPS connection (1): api.wandb.ai:443
DEBUG 2026-06-13 14:35:58 tionpool.py:544 https://api.wandb.ai:443 "POST /graphql HTTP/1.1" 200 None
DEBUG 2026-06-13 14:35:58 tionpool.py:544 https://api.wandb.ai:443 "POST /graphql HTTP/1.1" 200 None
DEBUG 2026-06-13 14:36:53 re/_trace.py:47 close.started
DEBUG 2026-06-13 14:36:53 re/_trace.py:47 close.complete
DEBUG 2026-06-13 14:36:54 re/_trace.py:47 close.started
DEBUG 2026-06-13 14:36:54 re/_trace.py:47 close.complete
DEBUG 2026-06-13 14:36:54 re/_trace.py:47 close.started
DEBUG 2026-06-13 14:36:54 re/_trace.py:47 close.complete
DEBUG 2026-06-13 14:36:54 re/_trace.py:47 close.started
DEBUG 2026-06-13 14:36:54 re/_trace.py:47 close.complete
DEBUG 2026-06-13 14:36:54 re/_trace.py:47 close.started
DEBUG 2026-06-13 14:36:54 re/_trace.py:47 close.complete
DEBUG 2026-06-13 14:36:54 re/_trace.py:47 close.started
DEBUG 2026-06-13 14:36:54 re/_trace.py:47 close.complete
DEBUG 2026-06-13 14:36:54 re/_trace.py:47 close.started
DEBUG 2026-06-13 14:36:54 re/_trace.py:47 close.complete
DEBUG 2026-06-13 14:36:54 re/_trace.py:47 close.started
DEBUG 2026-06-13 14:36:54 re/_trace.py:47 close.complete
DEBUG 2026-06-13 14:36:54 re/_trace.py:47 close.started
DEBUG 2026-06-13 14:36:54 re/_trace.py:47 close.complete
DEBUG 2026-06-13 14:36:54 re/_trace.py:47 close.started
DEBUG 2026-06-13 14:36:54 re/_trace.py:47 close.complete
DEBUG 2026-06-13 14:40:34 re/_trace.py:47 close.started
DEBUG 2026-06-13 14:40:34 re/_trace.py:47 close.complete
DEBUG 2026-06-13 14:40:34 re/_trace.py:47 close.started
DEBUG 2026-06-13 14:40:34 re/_trace.py:47 close.complete
DEBUG 2026-06-13 14:40:34 re/_trace.py:47 close.started
DEBUG 2026-06-13 14:40:34 re/_trace.py:47 close.complete
DEBUG 2026-06-13 14:40:34 re/_trace.py:47 close.started
DEBUG 2026-06-13 14:40:34 re/_trace.py:47 close.complete
DEBUG 2026-06-13 14:40:34 re/_trace.py:47 close.started
DEBUG 2026-06-13 14:40:34 re/_trace.py:47 close.complete
DEBUG 2026-06-13 14:40:34 re/_trace.py:47 close.started
DEBUG 2026-06-13 14:40:34 re/_trace.py:47 close.complete
DEBUG 2026-06-13 14:40:34 re/_trace.py:47 close.started
DEBUG 2026-06-13 14:40:34 re/_trace.py:47 close.complete
DEBUG 2026-06-13 14:40:34 re/_trace.py:47 close.started
DEBUG 2026-06-13 14:40:34 re/_trace.py:47 close.complete
DEBUG 2026-06-13 14:40:34 re/_trace.py:47 close.started
DEBUG 2026-06-13 14:40:34 re/_trace.py:47 close.complete
DEBUG 2026-06-13 14:40:34 re/_trace.py:47 close.started
DEBUG 2026-06-13 14:40:34 re/_trace.py:47 close.complete
DEBUG 2026-06-13 14:44:14 re/_trace.py:47 close.started
DEBUG 2026-06-13 14:44:14 re/_trace.py:47 close.complete
DEBUG 2026-06-13 14:44:15 re/_trace.py:47 close.started
DEBUG 2026-06-13 14:44:15 re/_trace.py:47 close.complete
DEBUG 2026-06-13 14:44:15 re/_trace.py:47 close.started
DEBUG 2026-06-13 14:44:15 re/_trace.py:47 close.complete
DEBUG 2026-06-13 14:44:15 re/_trace.py:47 close.started
DEBUG 2026-06-13 14:44:15 re/_trace.py:47 close.complete
DEBUG 2026-06-13 14:44:15 re/_trace.py:47 close.started
DEBUG 2026-06-13 14:44:15 re/_trace.py:47 close.complete
DEBUG 2026-06-13 14:44:15 re/_trace.py:47 close.started
DEBUG 2026-06-13 14:44:15 re/_trace.py:47 close.complete
DEBUG 2026-06-13 14:44:15 re/_trace.py:47 close.started
DEBUG 2026-06-13 14:44:15 re/_trace.py:47 close.complete
DEBUG 2026-06-13 14:44:15 re/_trace.py:47 close.started
DEBUG 2026-06-13 14:44:15 re/_trace.py:47 close.complete
DEBUG 2026-06-13 14:44:15 re/_trace.py:47 close.started
DEBUG 2026-06-13 14:44:15 re/_trace.py:47 close.complete
DEBUG 2026-06-13 14:44:15 re/_trace.py:47 close.started
DEBUG 2026-06-13 14:44:15 re/_trace.py:47 close.complete
DEBUG 2026-06-13 14:47:56 re/_trace.py:47 close.started
DEBUG 2026-06-13 14:47:56 re/_trace.py:47 close.complete
DEBUG 2026-06-13 14:47:56 re/_trace.py:47 close.started
DEBUG 2026-06-13 14:47:56 re/_trace.py:47 close.complete
DEBUG 2026-06-13 14:47:56 re/_trace.py:47 close.started
DEBUG 2026-06-13 14:47:56 re/_trace.py:47 close.complete
DEBUG 2026-06-13 14:47:56 re/_trace.py:47 close.started
DEBUG 2026-06-13 14:47:56 re/_trace.py:47 close.complete
DEBUG 2026-06-13 14:47:56 re/_trace.py:47 close.started
DEBUG 2026-06-13 14:47:56 re/_trace.py:47 close.complete
DEBUG 2026-06-13 14:47:56 re/_trace.py:47 close.started
DEBUG 2026-06-13 14:47:56 re/_trace.py:47 close.complete
DEBUG 2026-06-13 14:47:56 re/_trace.py:47 close.started
DEBUG 2026-06-13 14:47:56 re/_trace.py:47 close.complete
DEBUG 2026-06-13 14:47:56 re/_trace.py:47 close.started
DEBUG 2026-06-13 14:47:56 re/_trace.py:47 close.complete
DEBUG 2026-06-13 14:47:56 re/_trace.py:47 close.started
DEBUG 2026-06-13 14:47:56 re/_trace.py:47 close.complete
DEBUG 2026-06-13 14:47:57 re/_trace.py:47 close.started
DEBUG 2026-06-13 14:47:57 re/_trace.py:47 close.complete
INFO 2026-06-13 14:50:13 ot_train.py:459 step:3K smpl:2M ep:3K epch:61.77 loss:0.016 grdn:0.458 lr:1.2e-04 updt_s:3.581 data_s:0.692
WARNING 2026-06-13 14:50:13 db_utils.py:181 WandB logging of key "loss_per_dim" was ignored as its type "<class 'list'>" is not handled by this wrapper.
DEBUG 2026-06-13 14:51:36 re/_trace.py:47 close.started
DEBUG 2026-06-13 14:51:36 re/_trace.py:47 close.complete
DEBUG 2026-06-13 14:51:36 re/_trace.py:47 close.started
DEBUG 2026-06-13 14:51:36 re/_trace.py:47 close.complete
DEBUG 2026-06-13 14:51:36 re/_trace.py:47 close.started
DEBUG 2026-06-13 14:51:36 re/_trace.py:47 close.complete
DEBUG 2026-06-13 14:51:36 re/_trace.py:47 close.started
DEBUG 2026-06-13 14:51:36 re/_trace.py:47 close.complete
DEBUG 2026-06-13 14:51:36 re/_trace.py:47 close.started
DEBUG 2026-06-13 14:51:36 re/_trace.py:47 close.complete
DEBUG 2026-06-13 14:51:37 re/_trace.py:47 close.started
DEBUG 2026-06-13 14:51:37 re/_trace.py:47 close.complete
DEBUG 2026-06-13 14:51:37 re/_trace.py:47 close.started
DEBUG 2026-06-13 14:51:37 re/_trace.py:47 close.complete
DEBUG 2026-06-13 14:51:37 re/_trace.py:47 close.started
DEBUG 2026-06-13 14:51:37 re/_trace.py:47 close.complete
DEBUG 2026-06-13 14:51:37 re/_trace.py:47 close.started
DEBUG 2026-06-13 14:51:37 re/_trace.py:47 close.complete
DEBUG 2026-06-13 14:51:37 re/_trace.py:47 close.started
DEBUG 2026-06-13 14:51:37 re/_trace.py:47 close.complete
DEBUG 2026-06-13 14:55:18 re/_trace.py:47 close.started
DEBUG 2026-06-13 14:55:18 re/_trace.py:47 close.complete
DEBUG 2026-06-13 14:55:18 re/_trace.py:47 close.started
DEBUG 2026-06-13 14:55:18 re/_trace.py:47 close.complete
DEBUG 2026-06-13 14:55:18 re/_trace.py:47 close.started
DEBUG 2026-06-13 14:55:18 re/_trace.py:47 close.complete
DEBUG 2026-06-13 14:55:18 re/_trace.py:47 close.started
DEBUG 2026-06-13 14:55:18 re/_trace.py:47 close.complete
DEBUG 2026-06-13 14:55:18 re/_trace.py:47 close.started
DEBUG 2026-06-13 14:55:18 re/_trace.py:47 close.complete
DEBUG 2026-06-13 14:55:18 re/_trace.py:47 close.started
DEBUG 2026-06-13 14:55:18 re/_trace.py:47 close.complete
DEBUG 2026-06-13 14:55:18 re/_trace.py:47 close.started
DEBUG 2026-06-13 14:55:18 re/_trace.py:47 close.complete
DEBUG 2026-06-13 14:55:18 re/_trace.py:47 close.started
DEBUG 2026-06-13 14:55:18 re/_trace.py:47 close.complete
DEBUG 2026-06-13 14:55:19 re/_trace.py:47 close.started
DEBUG 2026-06-13 14:55:19 re/_trace.py:47 close.complete
DEBUG 2026-06-13 14:55:19 re/_trace.py:47 close.started
DEBUG 2026-06-13 14:55:19 re/_trace.py:47 close.complete
DEBUG 2026-06-13 14:59:00 re/_trace.py:47 close.started
DEBUG 2026-06-13 14:59:00 re/_trace.py:47 close.complete
DEBUG 2026-06-13 14:59:00 re/_trace.py:47 close.started
DEBUG 2026-06-13 14:59:00 re/_trace.py:47 close.complete
DEBUG 2026-06-13 14:59:00 re/_trace.py:47 close.started
DEBUG 2026-06-13 14:59:00 re/_trace.py:47 close.complete
DEBUG 2026-06-13 14:59:00 re/_trace.py:47 close.started
DEBUG 2026-06-13 14:59:00 re/_trace.py:47 close.complete
DEBUG 2026-06-13 14:59:00 re/_trace.py:47 close.started
DEBUG 2026-06-13 14:59:00 re/_trace.py:47 close.complete
DEBUG 2026-06-13 14:59:00 re/_trace.py:47 close.started
DEBUG 2026-06-13 14:59:00 re/_trace.py:47 close.complete
DEBUG 2026-06-13 14:59:00 re/_trace.py:47 close.started
DEBUG 2026-06-13 14:59:00 re/_trace.py:47 close.complete
DEBUG 2026-06-13 14:59:00 re/_trace.py:47 close.started
DEBUG 2026-06-13 14:59:00 re/_trace.py:47 close.complete
DEBUG 2026-06-13 14:59:00 re/_trace.py:47 close.started
DEBUG 2026-06-13 14:59:00 re/_trace.py:47 close.complete
DEBUG 2026-06-13 14:59:01 re/_trace.py:47 close.started
DEBUG 2026-06-13 14:59:01 re/_trace.py:47 close.complete
DEBUG 2026-06-13 15:02:40 re/_trace.py:47 close.started
DEBUG 2026-06-13 15:02:40 re/_trace.py:47 close.complete
DEBUG 2026-06-13 15:02:41 re/_trace.py:47 close.started
DEBUG 2026-06-13 15:02:41 re/_trace.py:47 close.complete
DEBUG 2026-06-13 15:02:41 re/_trace.py:47 close.started
DEBUG 2026-06-13 15:02:41 re/_trace.py:47 close.complete
DEBUG 2026-06-13 15:02:41 re/_trace.py:47 close.started
DEBUG 2026-06-13 15:02:41 re/_trace.py:47 close.complete
DEBUG 2026-06-13 15:02:41 re/_trace.py:47 close.started
DEBUG 2026-06-13 15:02:41 re/_trace.py:47 close.complete
DEBUG 2026-06-13 15:02:41 re/_trace.py:47 close.started
DEBUG 2026-06-13 15:02:41 re/_trace.py:47 close.complete
DEBUG 2026-06-13 15:02:41 re/_trace.py:47 close.started
DEBUG 2026-06-13 15:02:41 re/_trace.py:47 close.complete
DEBUG 2026-06-13 15:02:41 re/_trace.py:47 close.started
DEBUG 2026-06-13 15:02:41 re/_trace.py:47 close.complete
DEBUG 2026-06-13 15:02:41 re/_trace.py:47 close.started
DEBUG 2026-06-13 15:02:41 re/_trace.py:47 close.complete
DEBUG 2026-06-13 15:02:41 re/_trace.py:47 close.started
DEBUG 2026-06-13 15:02:41 re/_trace.py:47 close.complete
INFO 2026-06-13 15:04:29 ot_train.py:459 step:3K smpl:2M ep:3K epch:65.63 loss:0.015 grdn:0.472 lr:1.2e-04 updt_s:3.553 data_s:0.721
WARNING 2026-06-13 15:04:29 db_utils.py:181 WandB logging of key "loss_per_dim" was ignored as its type "<class 'list'>" is not handled by this wrapper.
DEBUG 2026-06-13 15:06:20 re/_trace.py:47 close.started
DEBUG 2026-06-13 15:06:20 re/_trace.py:47 close.complete
DEBUG 2026-06-13 15:06:20 re/_trace.py:47 close.started
DEBUG 2026-06-13 15:06:20 re/_trace.py:47 close.complete
DEBUG 2026-06-13 15:06:21 re/_trace.py:47 close.started
DEBUG 2026-06-13 15:06:21 re/_trace.py:47 close.complete
DEBUG 2026-06-13 15:06:21 re/_trace.py:47 close.started
DEBUG 2026-06-13 15:06:21 re/_trace.py:47 close.complete
DEBUG 2026-06-13 15:06:21 re/_trace.py:47 close.started
DEBUG 2026-06-13 15:06:21 re/_trace.py:47 close.complete
DEBUG 2026-06-13 15:06:21 re/_trace.py:47 close.started
DEBUG 2026-06-13 15:06:21 re/_trace.py:47 close.complete
DEBUG 2026-06-13 15:06:21 re/_trace.py:47 close.started
DEBUG 2026-06-13 15:06:21 re/_trace.py:47 close.complete
DEBUG 2026-06-13 15:06:21 re/_trace.py:47 close.started
DEBUG 2026-06-13 15:06:21 re/_trace.py:47 close.complete
DEBUG 2026-06-13 15:06:21 re/_trace.py:47 close.started
DEBUG 2026-06-13 15:06:21 re/_trace.py:47 close.complete
DEBUG 2026-06-13 15:06:21 re/_trace.py:47 close.started
DEBUG 2026-06-13 15:06:21 re/_trace.py:47 close.complete
DEBUG 2026-06-13 15:10:00 re/_trace.py:47 close.started
DEBUG 2026-06-13 15:10:00 re/_trace.py:47 close.complete
DEBUG 2026-06-13 15:10:00 re/_trace.py:47 close.started
DEBUG 2026-06-13 15:10:00 re/_trace.py:47 close.complete
DEBUG 2026-06-13 15:10:00 re/_trace.py:47 close.started
DEBUG 2026-06-13 15:10:00 re/_trace.py:47 close.complete
DEBUG 2026-06-13 15:10:00 re/_trace.py:47 close.started
DEBUG 2026-06-13 15:10:00 re/_trace.py:47 close.complete
DEBUG 2026-06-13 15:10:00 re/_trace.py:47 close.started
DEBUG 2026-06-13 15:10:00 re/_trace.py:47 close.complete
DEBUG 2026-06-13 15:10:00 re/_trace.py:47 close.started
DEBUG 2026-06-13 15:10:00 re/_trace.py:47 close.complete
DEBUG 2026-06-13 15:10:00 re/_trace.py:47 close.started
DEBUG 2026-06-13 15:10:00 re/_trace.py:47 close.complete
DEBUG 2026-06-13 15:10:01 re/_trace.py:47 close.started
DEBUG 2026-06-13 15:10:01 re/_trace.py:47 close.complete
DEBUG 2026-06-13 15:10:01 re/_trace.py:47 close.started
DEBUG 2026-06-13 15:10:01 re/_trace.py:47 close.complete
DEBUG 2026-06-13 15:10:01 re/_trace.py:47 close.started
DEBUG 2026-06-13 15:10:01 re/_trace.py:47 close.complete
DEBUG 2026-06-13 15:13:41 re/_trace.py:47 close.started
DEBUG 2026-06-13 15:13:41 re/_trace.py:47 close.complete
DEBUG 2026-06-13 15:13:41 re/_trace.py:47 close.started
DEBUG 2026-06-13 15:13:41 re/_trace.py:47 close.complete
DEBUG 2026-06-13 15:13:41 re/_trace.py:47 close.started
DEBUG 2026-06-13 15:13:41 re/_trace.py:47 close.complete
DEBUG 2026-06-13 15:13:41 re/_trace.py:47 close.started
DEBUG 2026-06-13 15:13:41 re/_trace.py:47 close.complete
DEBUG 2026-06-13 15:13:41 re/_trace.py:47 close.started
DEBUG 2026-06-13 15:13:41 re/_trace.py:47 close.complete
DEBUG 2026-06-13 15:13:41 re/_trace.py:47 close.started
DEBUG 2026-06-13 15:13:41 re/_trace.py:47 close.complete
DEBUG 2026-06-13 15:13:41 re/_trace.py:47 close.started
DEBUG 2026-06-13 15:13:41 re/_trace.py:47 close.complete
DEBUG 2026-06-13 15:13:41 re/_trace.py:47 close.started
DEBUG 2026-06-13 15:13:41 re/_trace.py:47 close.complete
DEBUG 2026-06-13 15:13:41 re/_trace.py:47 close.started
DEBUG 2026-06-13 15:13:41 re/_trace.py:47 close.complete
DEBUG 2026-06-13 15:13:42 re/_trace.py:47 close.started
DEBUG 2026-06-13 15:13:42 re/_trace.py:47 close.complete
DEBUG 2026-06-13 15:17:23 re/_trace.py:47 close.started
DEBUG 2026-06-13 15:17:23 re/_trace.py:47 close.complete
DEBUG 2026-06-13 15:17:23 re/_trace.py:47 close.started
DEBUG 2026-06-13 15:17:23 re/_trace.py:47 close.complete
DEBUG 2026-06-13 15:17:23 re/_trace.py:47 close.started
DEBUG 2026-06-13 15:17:23 re/_trace.py:47 close.complete
DEBUG 2026-06-13 15:17:23 re/_trace.py:47 close.started
DEBUG 2026-06-13 15:17:23 re/_trace.py:47 close.complete
DEBUG 2026-06-13 15:17:23 re/_trace.py:47 close.started
DEBUG 2026-06-13 15:17:23 re/_trace.py:47 close.complete
DEBUG 2026-06-13 15:17:24 re/_trace.py:47 close.started
DEBUG 2026-06-13 15:17:24 re/_trace.py:47 close.complete
DEBUG 2026-06-13 15:17:24 re/_trace.py:47 close.started
DEBUG 2026-06-13 15:17:24 re/_trace.py:47 close.complete
DEBUG 2026-06-13 15:17:24 re/_trace.py:47 close.started
DEBUG 2026-06-13 15:17:24 re/_trace.py:47 close.complete
DEBUG 2026-06-13 15:17:24 re/_trace.py:47 close.started
DEBUG 2026-06-13 15:17:24 re/_trace.py:47 close.complete
DEBUG 2026-06-13 15:17:24 re/_trace.py:47 close.started
DEBUG 2026-06-13 15:17:24 re/_trace.py:47 close.complete
INFO 2026-06-13 15:18:40 ot_train.py:459 step:4K smpl:3M ep:3K epch:69.49 loss:0.015 grdn:0.421 lr:1.2e-04 updt_s:3.516 data_s:0.736
WARNING 2026-06-13 15:18:40 db_utils.py:181 WandB logging of key "loss_per_dim" was ignored as its type "<class 'list'>" is not handled by this wrapper.
DEBUG 2026-06-13 15:21:04 re/_trace.py:47 close.started
DEBUG 2026-06-13 15:21:04 re/_trace.py:47 close.complete
DEBUG 2026-06-13 15:21:04 re/_trace.py:47 close.started
DEBUG 2026-06-13 15:21:04 re/_trace.py:47 close.complete
DEBUG 2026-06-13 15:21:04 re/_trace.py:47 close.started
DEBUG 2026-06-13 15:21:04 re/_trace.py:47 close.complete
DEBUG 2026-06-13 15:21:04 re/_trace.py:47 close.started
DEBUG 2026-06-13 15:21:04 re/_trace.py:47 close.complete
DEBUG 2026-06-13 15:21:04 re/_trace.py:47 close.started
DEBUG 2026-06-13 15:21:04 re/_trace.py:47 close.complete
DEBUG 2026-06-13 15:21:04 re/_trace.py:47 close.started
DEBUG 2026-06-13 15:21:04 re/_trace.py:47 close.complete
DEBUG 2026-06-13 15:21:05 re/_trace.py:47 close.started
DEBUG 2026-06-13 15:21:05 re/_trace.py:47 close.complete
DEBUG 2026-06-13 15:21:05 re/_trace.py:47 close.started
DEBUG 2026-06-13 15:21:05 re/_trace.py:47 close.complete
DEBUG 2026-06-13 15:21:05 re/_trace.py:47 close.started
DEBUG 2026-06-13 15:21:05 re/_trace.py:47 close.complete
DEBUG 2026-06-13 15:21:05 re/_trace.py:47 close.started
DEBUG 2026-06-13 15:21:05 re/_trace.py:47 close.complete
DEBUG 2026-06-13 15:24:42 re/_trace.py:47 close.started
DEBUG 2026-06-13 15:24:42 re/_trace.py:47 close.complete
DEBUG 2026-06-13 15:24:42 re/_trace.py:47 close.started
DEBUG 2026-06-13 15:24:42 re/_trace.py:47 close.complete
DEBUG 2026-06-13 15:24:42 re/_trace.py:47 close.started
DEBUG 2026-06-13 15:24:42 re/_trace.py:47 close.complete
DEBUG 2026-06-13 15:24:42 re/_trace.py:47 close.started
DEBUG 2026-06-13 15:24:42 re/_trace.py:47 close.complete
DEBUG 2026-06-13 15:24:42 re/_trace.py:47 close.started
DEBUG 2026-06-13 15:24:42 re/_trace.py:47 close.complete
DEBUG 2026-06-13 15:24:42 re/_trace.py:47 close.started
DEBUG 2026-06-13 15:24:42 re/_trace.py:47 close.complete
DEBUG 2026-06-13 15:24:42 re/_trace.py:47 close.started
DEBUG 2026-06-13 15:24:42 re/_trace.py:47 close.complete
DEBUG 2026-06-13 15:24:42 re/_trace.py:47 close.started
DEBUG 2026-06-13 15:24:42 re/_trace.py:47 close.complete
DEBUG 2026-06-13 15:24:42 re/_trace.py:47 close.started
DEBUG 2026-06-13 15:24:42 re/_trace.py:47 close.complete
DEBUG 2026-06-13 15:24:42 re/_trace.py:47 close.started
DEBUG 2026-06-13 15:24:42 re/_trace.py:47 close.complete
DEBUG 2026-06-13 15:28:24 re/_trace.py:47 close.started
DEBUG 2026-06-13 15:28:24 re/_trace.py:47 close.complete
DEBUG 2026-06-13 15:28:24 re/_trace.py:47 close.started
DEBUG 2026-06-13 15:28:24 re/_trace.py:47 close.complete
DEBUG 2026-06-13 15:28:24 re/_trace.py:47 close.started
DEBUG 2026-06-13 15:28:24 re/_trace.py:47 close.complete
DEBUG 2026-06-13 15:28:24 re/_trace.py:47 close.started
DEBUG 2026-06-13 15:28:24 re/_trace.py:47 close.complete
DEBUG 2026-06-13 15:28:24 re/_trace.py:47 close.started
DEBUG 2026-06-13 15:28:24 re/_trace.py:47 close.complete
DEBUG 2026-06-13 15:28:24 re/_trace.py:47 close.started
DEBUG 2026-06-13 15:28:24 re/_trace.py:47 close.complete
DEBUG 2026-06-13 15:28:24 re/_trace.py:47 close.started
DEBUG 2026-06-13 15:28:24 re/_trace.py:47 close.complete
DEBUG 2026-06-13 15:28:24 re/_trace.py:47 close.started
DEBUG 2026-06-13 15:28:24 re/_trace.py:47 close.complete
DEBUG 2026-06-13 15:28:24 re/_trace.py:47 close.started
DEBUG 2026-06-13 15:28:24 re/_trace.py:47 close.complete
DEBUG 2026-06-13 15:28:24 re/_trace.py:47 close.started
DEBUG 2026-06-13 15:28:24 re/_trace.py:47 close.complete
DEBUG 2026-06-13 15:32:06 re/_trace.py:47 close.started
DEBUG 2026-06-13 15:32:06 re/_trace.py:47 close.complete
DEBUG 2026-06-13 15:32:06 re/_trace.py:47 close.started
DEBUG 2026-06-13 15:32:06 re/_trace.py:47 close.complete
DEBUG 2026-06-13 15:32:06 re/_trace.py:47 close.started
DEBUG 2026-06-13 15:32:06 re/_trace.py:47 close.complete
DEBUG 2026-06-13 15:32:07 re/_trace.py:47 close.started
DEBUG 2026-06-13 15:32:07 re/_trace.py:47 close.complete
DEBUG 2026-06-13 15:32:07 re/_trace.py:47 close.started
DEBUG 2026-06-13 15:32:07 re/_trace.py:47 close.complete
DEBUG 2026-06-13 15:32:07 re/_trace.py:47 close.started
DEBUG 2026-06-13 15:32:07 re/_trace.py:47 close.complete
DEBUG 2026-06-13 15:32:07 re/_trace.py:47 close.started
DEBUG 2026-06-13 15:32:07 re/_trace.py:47 close.complete
DEBUG 2026-06-13 15:32:07 re/_trace.py:47 close.started
DEBUG 2026-06-13 15:32:07 re/_trace.py:47 close.complete
DEBUG 2026-06-13 15:32:07 re/_trace.py:47 close.started
DEBUG 2026-06-13 15:32:07 re/_trace.py:47 close.complete
DEBUG 2026-06-13 15:32:07 re/_trace.py:47 close.started
DEBUG 2026-06-13 15:32:07 re/_trace.py:47 close.complete
INFO 2026-06-13 15:32:54 ot_train.py:459 step:4K smpl:3M ep:4K epch:73.35 loss:0.014 grdn:0.461 lr:1.2e-04 updt_s:3.586 data_s:0.678
WARNING 2026-06-13 15:32:54 db_utils.py:181 WandB logging of key "loss_per_dim" was ignored as its type "<class 'list'>" is not handled by this wrapper.
DEBUG 2026-06-13 15:35:46 re/_trace.py:47 close.started
DEBUG 2026-06-13 15:35:46 re/_trace.py:47 close.complete
DEBUG 2026-06-13 15:35:46 re/_trace.py:47 close.started
DEBUG 2026-06-13 15:35:46 re/_trace.py:47 close.complete
DEBUG 2026-06-13 15:35:46 re/_trace.py:47 close.started
DEBUG 2026-06-13 15:35:46 re/_trace.py:47 close.complete
DEBUG 2026-06-13 15:35:46 re/_trace.py:47 close.started
DEBUG 2026-06-13 15:35:46 re/_trace.py:47 close.complete
DEBUG 2026-06-13 15:35:46 re/_trace.py:47 close.started
DEBUG 2026-06-13 15:35:46 re/_trace.py:47 close.complete
DEBUG 2026-06-13 15:35:46 re/_trace.py:47 close.started
DEBUG 2026-06-13 15:35:46 re/_trace.py:47 close.complete
DEBUG 2026-06-13 15:35:46 re/_trace.py:47 close.started
DEBUG 2026-06-13 15:35:46 re/_trace.py:47 close.complete
DEBUG 2026-06-13 15:35:46 re/_trace.py:47 close.started
DEBUG 2026-06-13 15:35:46 re/_trace.py:47 close.complete
DEBUG 2026-06-13 15:35:47 re/_trace.py:47 close.started
DEBUG 2026-06-13 15:35:47 re/_trace.py:47 close.complete
DEBUG 2026-06-13 15:35:47 re/_trace.py:47 close.started
DEBUG 2026-06-13 15:35:47 re/_trace.py:47 close.complete
DEBUG 2026-06-13 15:39:26 re/_trace.py:47 close.started
DEBUG 2026-06-13 15:39:26 re/_trace.py:47 close.complete
DEBUG 2026-06-13 15:39:26 re/_trace.py:47 close.started
DEBUG 2026-06-13 15:39:26 re/_trace.py:47 close.complete
DEBUG 2026-06-13 15:39:27 re/_trace.py:47 close.started
DEBUG 2026-06-13 15:39:27 re/_trace.py:47 close.complete
DEBUG 2026-06-13 15:39:27 re/_trace.py:47 close.started
DEBUG 2026-06-13 15:39:27 re/_trace.py:47 close.complete
DEBUG 2026-06-13 15:39:27 re/_trace.py:47 close.started
DEBUG 2026-06-13 15:39:27 re/_trace.py:47 close.complete
DEBUG 2026-06-13 15:39:27 re/_trace.py:47 close.started
DEBUG 2026-06-13 15:39:27 re/_trace.py:47 close.complete
DEBUG 2026-06-13 15:39:27 re/_trace.py:47 close.started
DEBUG 2026-06-13 15:39:27 re/_trace.py:47 close.complete
DEBUG 2026-06-13 15:39:27 re/_trace.py:47 close.started
DEBUG 2026-06-13 15:39:27 re/_trace.py:47 close.complete
DEBUG 2026-06-13 15:39:27 re/_trace.py:47 close.started
DEBUG 2026-06-13 15:39:27 re/_trace.py:47 close.complete
DEBUG 2026-06-13 15:39:27 re/_trace.py:47 close.started
DEBUG 2026-06-13 15:39:27 re/_trace.py:47 close.complete
DEBUG 2026-06-13 15:43:08 re/_trace.py:47 close.started
DEBUG 2026-06-13 15:43:08 re/_trace.py:47 close.complete
DEBUG 2026-06-13 15:43:08 re/_trace.py:47 close.started
DEBUG 2026-06-13 15:43:08 re/_trace.py:47 close.complete
DEBUG 2026-06-13 15:43:08 re/_trace.py:47 close.started
DEBUG 2026-06-13 15:43:08 re/_trace.py:47 close.complete
DEBUG 2026-06-13 15:43:08 re/_trace.py:47 close.started
DEBUG 2026-06-13 15:43:08 re/_trace.py:47 close.complete
DEBUG 2026-06-13 15:43:08 re/_trace.py:47 close.started
DEBUG 2026-06-13 15:43:08 re/_trace.py:47 close.complete
DEBUG 2026-06-13 15:43:08 re/_trace.py:47 close.started
DEBUG 2026-06-13 15:43:08 re/_trace.py:47 close.complete
DEBUG 2026-06-13 15:43:08 re/_trace.py:47 close.started
DEBUG 2026-06-13 15:43:08 re/_trace.py:47 close.complete
DEBUG 2026-06-13 15:43:08 re/_trace.py:47 close.started
DEBUG 2026-06-13 15:43:08 re/_trace.py:47 close.complete
DEBUG 2026-06-13 15:43:08 re/_trace.py:47 close.started
DEBUG 2026-06-13 15:43:08 re/_trace.py:47 close.complete
DEBUG 2026-06-13 15:43:08 re/_trace.py:47 close.started
DEBUG 2026-06-13 15:43:08 re/_trace.py:47 close.complete
INFO 2026-06-13 15:46:35 ot_train.py:459 step:4K smpl:3M ep:4K epch:77.21 loss:0.014 grdn:0.452 lr:1.2e-04 updt_s:3.616 data_s:0.481
WARNING 2026-06-13 15:46:35 db_utils.py:181 WandB logging of key "loss_per_dim" was ignored as its type "<class 'list'>" is not handled by this wrapper.
DEBUG 2026-06-13 15:46:49 re/_trace.py:47 close.started
DEBUG 2026-06-13 15:46:49 re/_trace.py:47 close.complete
DEBUG 2026-06-13 15:46:49 re/_trace.py:47 close.started
DEBUG 2026-06-13 15:46:49 re/_trace.py:47 close.complete
DEBUG 2026-06-13 15:46:49 re/_trace.py:47 close.started
DEBUG 2026-06-13 15:46:49 re/_trace.py:47 close.complete
DEBUG 2026-06-13 15:46:49 re/_trace.py:47 close.started
DEBUG 2026-06-13 15:46:49 re/_trace.py:47 close.complete
DEBUG 2026-06-13 15:46:49 re/_trace.py:47 close.started
DEBUG 2026-06-13 15:46:49 re/_trace.py:47 close.complete
DEBUG 2026-06-13 15:46:49 re/_trace.py:47 close.started
DEBUG 2026-06-13 15:46:49 re/_trace.py:47 close.complete
DEBUG 2026-06-13 15:46:49 re/_trace.py:47 close.started
DEBUG 2026-06-13 15:46:49 re/_trace.py:47 close.complete
DEBUG 2026-06-13 15:46:49 re/_trace.py:47 close.started
DEBUG 2026-06-13 15:46:49 re/_trace.py:47 close.complete
DEBUG 2026-06-13 15:46:49 re/_trace.py:47 close.started
DEBUG 2026-06-13 15:46:49 re/_trace.py:47 close.complete
DEBUG 2026-06-13 15:46:49 re/_trace.py:47 close.started
DEBUG 2026-06-13 15:46:49 re/_trace.py:47 close.complete
DEBUG 2026-06-13 15:50:28 re/_trace.py:47 close.started
DEBUG 2026-06-13 15:50:28 re/_trace.py:47 close.complete
DEBUG 2026-06-13 15:50:28 re/_trace.py:47 close.started
DEBUG 2026-06-13 15:50:28 re/_trace.py:47 close.complete
DEBUG 2026-06-13 15:50:28 re/_trace.py:47 close.started
DEBUG 2026-06-13 15:50:28 re/_trace.py:47 close.complete
DEBUG 2026-06-13 15:50:28 re/_trace.py:47 close.started
DEBUG 2026-06-13 15:50:28 re/_trace.py:47 close.complete
DEBUG 2026-06-13 15:50:28 re/_trace.py:47 close.started
DEBUG 2026-06-13 15:50:28 re/_trace.py:47 close.complete
DEBUG 2026-06-13 15:50:28 re/_trace.py:47 close.started
DEBUG 2026-06-13 15:50:28 re/_trace.py:47 close.complete
DEBUG 2026-06-13 15:50:28 re/_trace.py:47 close.started
DEBUG 2026-06-13 15:50:28 re/_trace.py:47 close.complete
DEBUG 2026-06-13 15:50:28 re/_trace.py:47 close.started
DEBUG 2026-06-13 15:50:28 re/_trace.py:47 close.complete
DEBUG 2026-06-13 15:50:28 re/_trace.py:47 close.started
DEBUG 2026-06-13 15:50:28 re/_trace.py:47 close.complete
DEBUG 2026-06-13 15:50:28 re/_trace.py:47 close.started
DEBUG 2026-06-13 15:50:28 re/_trace.py:47 close.complete
DEBUG 2026-06-13 15:54:10 re/_trace.py:47 close.started
DEBUG 2026-06-13 15:54:10 re/_trace.py:47 close.complete
DEBUG 2026-06-13 15:54:10 re/_trace.py:47 close.started
DEBUG 2026-06-13 15:54:10 re/_trace.py:47 close.complete
DEBUG 2026-06-13 15:54:10 re/_trace.py:47 close.started
DEBUG 2026-06-13 15:54:10 re/_trace.py:47 close.complete
DEBUG 2026-06-13 15:54:10 re/_trace.py:47 close.started
DEBUG 2026-06-13 15:54:10 re/_trace.py:47 close.complete
DEBUG 2026-06-13 15:54:10 re/_trace.py:47 close.started
DEBUG 2026-06-13 15:54:10 re/_trace.py:47 close.complete
DEBUG 2026-06-13 15:54:10 re/_trace.py:47 close.started
DEBUG 2026-06-13 15:54:10 re/_trace.py:47 close.complete
DEBUG 2026-06-13 15:54:10 re/_trace.py:47 close.started
DEBUG 2026-06-13 15:54:10 re/_trace.py:47 close.complete
DEBUG 2026-06-13 15:54:10 re/_trace.py:47 close.started
DEBUG 2026-06-13 15:54:10 re/_trace.py:47 close.complete
DEBUG 2026-06-13 15:54:10 re/_trace.py:47 close.started
DEBUG 2026-06-13 15:54:10 re/_trace.py:47 close.complete
DEBUG 2026-06-13 15:54:10 re/_trace.py:47 close.started
DEBUG 2026-06-13 15:54:10 re/_trace.py:47 close.complete
DEBUG 2026-06-13 15:57:51 re/_trace.py:47 close.started
DEBUG 2026-06-13 15:57:51 re/_trace.py:47 close.complete
DEBUG 2026-06-13 15:57:51 re/_trace.py:47 close.started
DEBUG 2026-06-13 15:57:51 re/_trace.py:47 close.complete
DEBUG 2026-06-13 15:57:51 re/_trace.py:47 close.started
DEBUG 2026-06-13 15:57:51 re/_trace.py:47 close.complete
DEBUG 2026-06-13 15:57:51 re/_trace.py:47 close.started
DEBUG 2026-06-13 15:57:51 re/_trace.py:47 close.complete
DEBUG 2026-06-13 15:57:51 re/_trace.py:47 close.started
DEBUG 2026-06-13 15:57:51 re/_trace.py:47 close.complete
DEBUG 2026-06-13 15:57:51 re/_trace.py:47 close.started
DEBUG 2026-06-13 15:57:51 re/_trace.py:47 close.complete
DEBUG 2026-06-13 15:57:51 re/_trace.py:47 close.started
DEBUG 2026-06-13 15:57:51 re/_trace.py:47 close.complete
DEBUG 2026-06-13 15:57:51 re/_trace.py:47 close.started
DEBUG 2026-06-13 15:57:51 re/_trace.py:47 close.complete
DEBUG 2026-06-13 15:57:52 re/_trace.py:47 close.started
DEBUG 2026-06-13 15:57:52 re/_trace.py:47 close.complete
DEBUG 2026-06-13 15:57:52 re/_trace.py:47 close.started
DEBUG 2026-06-13 15:57:52 re/_trace.py:47 close.complete
INFO 2026-06-13 16:00:50 ot_train.py:459 step:4K smpl:3M ep:4K epch:81.07 loss:0.013 grdn:0.443 lr:1.1e-04 updt_s:3.655 data_s:0.618
WARNING 2026-06-13 16:00:50 db_utils.py:181 WandB logging of key "loss_per_dim" was ignored as its type "<class 'list'>" is not handled by this wrapper.
DEBUG 2026-06-13 16:01:33 re/_trace.py:47 close.started
DEBUG 2026-06-13 16:01:33 re/_trace.py:47 close.complete
DEBUG 2026-06-13 16:01:33 re/_trace.py:47 close.started
DEBUG 2026-06-13 16:01:33 re/_trace.py:47 close.complete
DEBUG 2026-06-13 16:01:33 re/_trace.py:47 close.started
DEBUG 2026-06-13 16:01:33 re/_trace.py:47 close.complete
DEBUG 2026-06-13 16:01:33 re/_trace.py:47 close.started
DEBUG 2026-06-13 16:01:33 re/_trace.py:47 close.complete
DEBUG 2026-06-13 16:01:33 re/_trace.py:47 close.started
DEBUG 2026-06-13 16:01:33 re/_trace.py:47 close.complete
DEBUG 2026-06-13 16:01:33 re/_trace.py:47 close.started
DEBUG 2026-06-13 16:01:33 re/_trace.py:47 close.complete
DEBUG 2026-06-13 16:01:33 re/_trace.py:47 close.started
DEBUG 2026-06-13 16:01:33 re/_trace.py:47 close.complete
DEBUG 2026-06-13 16:01:33 re/_trace.py:47 close.started
DEBUG 2026-06-13 16:01:33 re/_trace.py:47 close.complete
DEBUG 2026-06-13 16:01:33 re/_trace.py:47 close.started
DEBUG 2026-06-13 16:01:33 re/_trace.py:47 close.complete
DEBUG 2026-06-13 16:01:33 re/_trace.py:47 close.started
DEBUG 2026-06-13 16:01:33 re/_trace.py:47 close.complete
DEBUG 2026-06-13 16:05:12 re/_trace.py:47 close.started
DEBUG 2026-06-13 16:05:12 re/_trace.py:47 close.complete
DEBUG 2026-06-13 16:05:12 re/_trace.py:47 close.started
DEBUG 2026-06-13 16:05:12 re/_trace.py:47 close.complete
DEBUG 2026-06-13 16:05:12 re/_trace.py:47 close.started
DEBUG 2026-06-13 16:05:12 re/_trace.py:47 close.complete
DEBUG 2026-06-13 16:05:12 re/_trace.py:47 close.started
DEBUG 2026-06-13 16:05:12 re/_trace.py:47 close.complete
DEBUG 2026-06-13 16:05:12 re/_trace.py:47 close.started
DEBUG 2026-06-13 16:05:12 re/_trace.py:47 close.complete
DEBUG 2026-06-13 16:05:13 re/_trace.py:47 close.started
DEBUG 2026-06-13 16:05:13 re/_trace.py:47 close.complete
DEBUG 2026-06-13 16:05:13 re/_trace.py:47 close.started
DEBUG 2026-06-13 16:05:13 re/_trace.py:47 close.complete
DEBUG 2026-06-13 16:05:13 re/_trace.py:47 close.started
DEBUG 2026-06-13 16:05:13 re/_trace.py:47 close.complete
DEBUG 2026-06-13 16:05:13 re/_trace.py:47 close.started
DEBUG 2026-06-13 16:05:13 re/_trace.py:47 close.complete
DEBUG 2026-06-13 16:05:13 re/_trace.py:47 close.started
DEBUG 2026-06-13 16:05:13 re/_trace.py:47 close.complete
DEBUG 2026-06-13 16:08:55 re/_trace.py:47 close.started
DEBUG 2026-06-13 16:08:55 re/_trace.py:47 close.complete
DEBUG 2026-06-13 16:08:55 re/_trace.py:47 close.started
DEBUG 2026-06-13 16:08:55 re/_trace.py:47 close.complete
DEBUG 2026-06-13 16:08:55 re/_trace.py:47 close.started
DEBUG 2026-06-13 16:08:55 re/_trace.py:47 close.complete
DEBUG 2026-06-13 16:08:55 re/_trace.py:47 close.started
DEBUG 2026-06-13 16:08:55 re/_trace.py:47 close.complete
DEBUG 2026-06-13 16:08:55 re/_trace.py:47 close.started
DEBUG 2026-06-13 16:08:55 re/_trace.py:47 close.complete
DEBUG 2026-06-13 16:08:55 re/_trace.py:47 close.started
DEBUG 2026-06-13 16:08:55 re/_trace.py:47 close.complete
DEBUG 2026-06-13 16:08:55 re/_trace.py:47 close.started
DEBUG 2026-06-13 16:08:55 re/_trace.py:47 close.complete
DEBUG 2026-06-13 16:08:55 re/_trace.py:47 close.started
DEBUG 2026-06-13 16:08:55 re/_trace.py:47 close.complete
DEBUG 2026-06-13 16:08:55 re/_trace.py:47 close.started
DEBUG 2026-06-13 16:08:55 re/_trace.py:47 close.complete
DEBUG 2026-06-13 16:08:55 re/_trace.py:47 close.started
DEBUG 2026-06-13 16:08:55 re/_trace.py:47 close.complete
DEBUG 2026-06-13 16:12:36 re/_trace.py:47 close.started
DEBUG 2026-06-13 16:12:36 re/_trace.py:47 close.complete
DEBUG 2026-06-13 16:12:36 re/_trace.py:47 close.started
DEBUG 2026-06-13 16:12:36 re/_trace.py:47 close.complete
DEBUG 2026-06-13 16:12:36 re/_trace.py:47 close.started
DEBUG 2026-06-13 16:12:36 re/_trace.py:47 close.complete
DEBUG 2026-06-13 16:12:36 re/_trace.py:47 close.started
DEBUG 2026-06-13 16:12:36 re/_trace.py:47 close.complete
DEBUG 2026-06-13 16:12:37 re/_trace.py:47 close.started
DEBUG 2026-06-13 16:12:37 re/_trace.py:47 close.complete
DEBUG 2026-06-13 16:12:37 re/_trace.py:47 close.started
DEBUG 2026-06-13 16:12:37 re/_trace.py:47 close.complete
DEBUG 2026-06-13 16:12:37 re/_trace.py:47 close.started
DEBUG 2026-06-13 16:12:37 re/_trace.py:47 close.complete
DEBUG 2026-06-13 16:12:37 re/_trace.py:47 close.started
DEBUG 2026-06-13 16:12:37 re/_trace.py:47 close.complete
DEBUG 2026-06-13 16:12:37 re/_trace.py:47 close.started
DEBUG 2026-06-13 16:12:37 re/_trace.py:47 close.complete
DEBUG 2026-06-13 16:12:37 re/_trace.py:47 close.started
DEBUG 2026-06-13 16:12:37 re/_trace.py:47 close.complete
INFO 2026-06-13 16:15:09 ot_train.py:459 step:4K smpl:3M ep:4K epch:84.93 loss:0.013 grdn:0.431 lr:1.1e-04 updt_s:3.630 data_s:0.658
WARNING 2026-06-13 16:15:09 db_utils.py:181 WandB logging of key "loss_per_dim" was ignored as its type "<class 'list'>" is not handled by this wrapper.
DEBUG 2026-06-13 16:16:18 re/_trace.py:47 close.started
DEBUG 2026-06-13 16:16:18 re/_trace.py:47 close.complete
DEBUG 2026-06-13 16:16:18 re/_trace.py:47 close.started
DEBUG 2026-06-13 16:16:18 re/_trace.py:47 close.complete
DEBUG 2026-06-13 16:16:18 re/_trace.py:47 close.started
DEBUG 2026-06-13 16:16:18 re/_trace.py:47 close.complete
DEBUG 2026-06-13 16:16:18 re/_trace.py:47 close.started
DEBUG 2026-06-13 16:16:18 re/_trace.py:47 close.complete
DEBUG 2026-06-13 16:16:18 re/_trace.py:47 close.started
DEBUG 2026-06-13 16:16:18 re/_trace.py:47 close.complete
DEBUG 2026-06-13 16:16:18 re/_trace.py:47 close.started
DEBUG 2026-06-13 16:16:18 re/_trace.py:47 close.complete
DEBUG 2026-06-13 16:16:18 re/_trace.py:47 close.started
DEBUG 2026-06-13 16:16:18 re/_trace.py:47 close.complete
DEBUG 2026-06-13 16:16:18 re/_trace.py:47 close.started
DEBUG 2026-06-13 16:16:18 re/_trace.py:47 close.complete
DEBUG 2026-06-13 16:16:18 re/_trace.py:47 close.started
DEBUG 2026-06-13 16:16:18 re/_trace.py:47 close.complete
DEBUG 2026-06-13 16:16:18 re/_trace.py:47 close.started
DEBUG 2026-06-13 16:16:18 re/_trace.py:47 close.complete
DEBUG 2026-06-13 16:19:59 re/_trace.py:47 close.started
DEBUG 2026-06-13 16:19:59 re/_trace.py:47 close.complete
DEBUG 2026-06-13 16:20:00 re/_trace.py:47 close.started
DEBUG 2026-06-13 16:20:00 re/_trace.py:47 close.complete
DEBUG 2026-06-13 16:20:00 re/_trace.py:47 close.started
DEBUG 2026-06-13 16:20:00 re/_trace.py:47 close.complete
DEBUG 2026-06-13 16:20:00 re/_trace.py:47 close.started
DEBUG 2026-06-13 16:20:00 re/_trace.py:47 close.complete
DEBUG 2026-06-13 16:20:00 re/_trace.py:47 close.started
DEBUG 2026-06-13 16:20:00 re/_trace.py:47 close.complete
DEBUG 2026-06-13 16:20:00 re/_trace.py:47 close.started
DEBUG 2026-06-13 16:20:00 re/_trace.py:47 close.complete
DEBUG 2026-06-13 16:20:00 re/_trace.py:47 close.started
DEBUG 2026-06-13 16:20:00 re/_trace.py:47 close.complete
DEBUG 2026-06-13 16:20:00 re/_trace.py:47 close.started
DEBUG 2026-06-13 16:20:00 re/_trace.py:47 close.complete
DEBUG 2026-06-13 16:20:00 re/_trace.py:47 close.started
DEBUG 2026-06-13 16:20:00 re/_trace.py:47 close.complete
DEBUG 2026-06-13 16:20:00 re/_trace.py:47 close.started
DEBUG 2026-06-13 16:20:00 re/_trace.py:47 close.complete
DEBUG 2026-06-13 16:23:40 re/_trace.py:47 close.started
DEBUG 2026-06-13 16:23:40 re/_trace.py:47 close.complete
DEBUG 2026-06-13 16:23:40 re/_trace.py:47 close.started
DEBUG 2026-06-13 16:23:40 re/_trace.py:47 close.complete
DEBUG 2026-06-13 16:23:40 re/_trace.py:47 close.started
DEBUG 2026-06-13 16:23:40 re/_trace.py:47 close.complete
DEBUG 2026-06-13 16:23:40 re/_trace.py:47 close.started
DEBUG 2026-06-13 16:23:40 re/_trace.py:47 close.complete
DEBUG 2026-06-13 16:23:40 re/_trace.py:47 close.started
DEBUG 2026-06-13 16:23:40 re/_trace.py:47 close.complete
DEBUG 2026-06-13 16:23:40 re/_trace.py:47 close.started
DEBUG 2026-06-13 16:23:40 re/_trace.py:47 close.complete
DEBUG 2026-06-13 16:23:40 re/_trace.py:47 close.started
DEBUG 2026-06-13 16:23:40 re/_trace.py:47 close.complete
DEBUG 2026-06-13 16:23:40 re/_trace.py:47 close.started
DEBUG 2026-06-13 16:23:40 re/_trace.py:47 close.complete
DEBUG 2026-06-13 16:23:40 re/_trace.py:47 close.started
DEBUG 2026-06-13 16:23:40 re/_trace.py:47 close.complete
DEBUG 2026-06-13 16:23:40 re/_trace.py:47 close.started
DEBUG 2026-06-13 16:23:40 re/_trace.py:47 close.complete
DEBUG 2026-06-13 16:27:22 re/_trace.py:47 close.started
DEBUG 2026-06-13 16:27:22 re/_trace.py:47 close.complete
DEBUG 2026-06-13 16:27:22 re/_trace.py:47 close.started
DEBUG 2026-06-13 16:27:22 re/_trace.py:47 close.complete
DEBUG 2026-06-13 16:27:22 re/_trace.py:47 close.started
DEBUG 2026-06-13 16:27:22 re/_trace.py:47 close.complete
DEBUG 2026-06-13 16:27:22 re/_trace.py:47 close.started
DEBUG 2026-06-13 16:27:22 re/_trace.py:47 close.complete
DEBUG 2026-06-13 16:27:22 re/_trace.py:47 close.started
DEBUG 2026-06-13 16:27:22 re/_trace.py:47 close.complete
DEBUG 2026-06-13 16:27:22 re/_trace.py:47 close.started
DEBUG 2026-06-13 16:27:22 re/_trace.py:47 close.complete
DEBUG 2026-06-13 16:27:22 re/_trace.py:47 close.started
DEBUG 2026-06-13 16:27:22 re/_trace.py:47 close.complete
DEBUG 2026-06-13 16:27:22 re/_trace.py:47 close.started
DEBUG 2026-06-13 16:27:22 re/_trace.py:47 close.complete
DEBUG 2026-06-13 16:27:22 re/_trace.py:47 close.started
DEBUG 2026-06-13 16:27:22 re/_trace.py:47 close.complete
DEBUG 2026-06-13 16:27:22 re/_trace.py:47 close.started
DEBUG 2026-06-13 16:27:22 re/_trace.py:47 close.complete
INFO 2026-06-13 16:29:25 ot_train.py:459 step:5K smpl:3M ep:4K epch:88.79 loss:0.012 grdn:0.409 lr:1.1e-04 updt_s:3.607 data_s:0.669
WARNING 2026-06-13 16:29:25 db_utils.py:181 WandB logging of key "loss_per_dim" was ignored as its type "<class 'list'>" is not handled by this wrapper.
DEBUG 2026-06-13 16:31:01 re/_trace.py:47 close.started
DEBUG 2026-06-13 16:31:01 re/_trace.py:47 close.complete
DEBUG 2026-06-13 16:31:01 re/_trace.py:47 close.started
DEBUG 2026-06-13 16:31:01 re/_trace.py:47 close.complete
DEBUG 2026-06-13 16:31:01 re/_trace.py:47 close.started
DEBUG 2026-06-13 16:31:01 re/_trace.py:47 close.complete
DEBUG 2026-06-13 16:31:01 re/_trace.py:47 close.started
DEBUG 2026-06-13 16:31:01 re/_trace.py:47 close.complete
DEBUG 2026-06-13 16:31:01 re/_trace.py:47 close.started
DEBUG 2026-06-13 16:31:01 re/_trace.py:47 close.complete
DEBUG 2026-06-13 16:31:01 re/_trace.py:47 close.started
DEBUG 2026-06-13 16:31:01 re/_trace.py:47 close.complete
DEBUG 2026-06-13 16:31:01 re/_trace.py:47 close.started
DEBUG 2026-06-13 16:31:01 re/_trace.py:47 close.complete
DEBUG 2026-06-13 16:31:01 re/_trace.py:47 close.started
DEBUG 2026-06-13 16:31:01 re/_trace.py:47 close.complete
DEBUG 2026-06-13 16:31:01 re/_trace.py:47 close.started
DEBUG 2026-06-13 16:31:01 re/_trace.py:47 close.complete
DEBUG 2026-06-13 16:31:01 re/_trace.py:47 close.started
DEBUG 2026-06-13 16:31:01 re/_trace.py:47 close.complete
DEBUG 2026-06-13 16:34:42 re/_trace.py:47 close.started
DEBUG 2026-06-13 16:34:42 re/_trace.py:47 close.complete
DEBUG 2026-06-13 16:34:42 re/_trace.py:47 close.started
DEBUG 2026-06-13 16:34:42 re/_trace.py:47 close.complete
DEBUG 2026-06-13 16:34:42 re/_trace.py:47 close.started
DEBUG 2026-06-13 16:34:42 re/_trace.py:47 close.complete
DEBUG 2026-06-13 16:34:42 re/_trace.py:47 close.started
DEBUG 2026-06-13 16:34:42 re/_trace.py:47 close.complete
DEBUG 2026-06-13 16:34:42 re/_trace.py:47 close.started
DEBUG 2026-06-13 16:34:42 re/_trace.py:47 close.complete
DEBUG 2026-06-13 16:34:42 re/_trace.py:47 close.started
DEBUG 2026-06-13 16:34:42 re/_trace.py:47 close.complete
DEBUG 2026-06-13 16:34:42 re/_trace.py:47 close.started
DEBUG 2026-06-13 16:34:42 re/_trace.py:47 close.complete
DEBUG 2026-06-13 16:34:42 re/_trace.py:47 close.started
DEBUG 2026-06-13 16:34:42 re/_trace.py:47 close.complete
DEBUG 2026-06-13 16:34:42 re/_trace.py:47 close.started
DEBUG 2026-06-13 16:34:42 re/_trace.py:47 close.complete
DEBUG 2026-06-13 16:34:42 re/_trace.py:47 close.started
DEBUG 2026-06-13 16:34:42 re/_trace.py:47 close.complete
DEBUG 2026-06-13 16:38:22 re/_trace.py:47 close.started
DEBUG 2026-06-13 16:38:22 re/_trace.py:47 close.complete
DEBUG 2026-06-13 16:38:22 re/_trace.py:47 close.started
DEBUG 2026-06-13 16:38:22 re/_trace.py:47 close.complete
DEBUG 2026-06-13 16:38:22 re/_trace.py:47 close.started
DEBUG 2026-06-13 16:38:22 re/_trace.py:47 close.complete
DEBUG 2026-06-13 16:38:22 re/_trace.py:47 close.started
DEBUG 2026-06-13 16:38:22 re/_trace.py:47 close.complete
DEBUG 2026-06-13 16:38:22 re/_trace.py:47 close.started
DEBUG 2026-06-13 16:38:22 re/_trace.py:47 close.complete
DEBUG 2026-06-13 16:38:22 re/_trace.py:47 close.started
DEBUG 2026-06-13 16:38:22 re/_trace.py:47 close.complete
DEBUG 2026-06-13 16:38:22 re/_trace.py:47 close.started
DEBUG 2026-06-13 16:38:22 re/_trace.py:47 close.complete
DEBUG 2026-06-13 16:38:22 re/_trace.py:47 close.started
DEBUG 2026-06-13 16:38:22 re/_trace.py:47 close.complete
DEBUG 2026-06-13 16:38:22 re/_trace.py:47 close.started
DEBUG 2026-06-13 16:38:22 re/_trace.py:47 close.complete
DEBUG 2026-06-13 16:38:22 re/_trace.py:47 close.started
DEBUG 2026-06-13 16:38:22 re/_trace.py:47 close.complete
DEBUG 2026-06-13 16:42:04 re/_trace.py:47 close.started
DEBUG 2026-06-13 16:42:04 re/_trace.py:47 close.complete
DEBUG 2026-06-13 16:42:04 re/_trace.py:47 close.started
DEBUG 2026-06-13 16:42:04 re/_trace.py:47 close.complete
DEBUG 2026-06-13 16:42:04 re/_trace.py:47 close.started
DEBUG 2026-06-13 16:42:04 re/_trace.py:47 close.complete
DEBUG 2026-06-13 16:42:04 re/_trace.py:47 close.started
DEBUG 2026-06-13 16:42:04 re/_trace.py:47 close.complete
DEBUG 2026-06-13 16:42:04 re/_trace.py:47 close.started
DEBUG 2026-06-13 16:42:04 re/_trace.py:47 close.complete
DEBUG 2026-06-13 16:42:04 re/_trace.py:47 close.started
DEBUG 2026-06-13 16:42:04 re/_trace.py:47 close.complete
DEBUG 2026-06-13 16:42:04 re/_trace.py:47 close.started
DEBUG 2026-06-13 16:42:04 re/_trace.py:47 close.complete
DEBUG 2026-06-13 16:42:04 re/_trace.py:47 close.started
DEBUG 2026-06-13 16:42:04 re/_trace.py:47 close.complete
DEBUG 2026-06-13 16:42:04 re/_trace.py:47 close.started
DEBUG 2026-06-13 16:42:04 re/_trace.py:47 close.complete
DEBUG 2026-06-13 16:42:04 re/_trace.py:47 close.started
DEBUG 2026-06-13 16:42:04 re/_trace.py:47 close.complete
INFO 2026-06-13 16:43:38 ot_train.py:459 step:5K smpl:3M ep:5K epch:92.65 loss:0.012 grdn:0.404 lr:1.1e-04 updt_s:3.617 data_s:0.645
WARNING 2026-06-13 16:43:38 db_utils.py:181 WandB logging of key "loss_per_dim" was ignored as its type "<class 'list'>" is not handled by this wrapper.
DEBUG 2026-06-13 16:45:45 re/_trace.py:47 close.started
DEBUG 2026-06-13 16:45:45 re/_trace.py:47 close.complete
DEBUG 2026-06-13 16:45:45 re/_trace.py:47 close.started
DEBUG 2026-06-13 16:45:45 re/_trace.py:47 close.complete
DEBUG 2026-06-13 16:45:45 re/_trace.py:47 close.started
DEBUG 2026-06-13 16:45:45 re/_trace.py:47 close.complete
DEBUG 2026-06-13 16:45:46 re/_trace.py:47 close.started
DEBUG 2026-06-13 16:45:46 re/_trace.py:47 close.complete
DEBUG 2026-06-13 16:45:46 re/_trace.py:47 close.started
DEBUG 2026-06-13 16:45:46 re/_trace.py:47 close.complete
DEBUG 2026-06-13 16:45:46 re/_trace.py:47 close.started
DEBUG 2026-06-13 16:45:46 re/_trace.py:47 close.complete
DEBUG 2026-06-13 16:45:46 re/_trace.py:47 close.started
DEBUG 2026-06-13 16:45:46 re/_trace.py:47 close.complete
DEBUG 2026-06-13 16:45:46 re/_trace.py:47 close.started
DEBUG 2026-06-13 16:45:46 re/_trace.py:47 close.complete
DEBUG 2026-06-13 16:45:46 re/_trace.py:47 close.started
DEBUG 2026-06-13 16:45:46 re/_trace.py:47 close.complete
DEBUG 2026-06-13 16:45:46 re/_trace.py:47 close.started
DEBUG 2026-06-13 16:45:46 re/_trace.py:47 close.complete
DEBUG 2026-06-13 16:49:25 re/_trace.py:47 close.started
DEBUG 2026-06-13 16:49:25 re/_trace.py:47 close.complete
DEBUG 2026-06-13 16:49:25 re/_trace.py:47 close.started
DEBUG 2026-06-13 16:49:25 re/_trace.py:47 close.complete
DEBUG 2026-06-13 16:49:25 re/_trace.py:47 close.started
DEBUG 2026-06-13 16:49:25 re/_trace.py:47 close.complete
DEBUG 2026-06-13 16:49:25 re/_trace.py:47 close.started
DEBUG 2026-06-13 16:49:25 re/_trace.py:47 close.complete
DEBUG 2026-06-13 16:49:25 re/_trace.py:47 close.started
DEBUG 2026-06-13 16:49:25 re/_trace.py:47 close.complete
DEBUG 2026-06-13 16:49:25 re/_trace.py:47 close.started
DEBUG 2026-06-13 16:49:25 re/_trace.py:47 close.complete
DEBUG 2026-06-13 16:49:25 re/_trace.py:47 close.started
DEBUG 2026-06-13 16:49:25 re/_trace.py:47 close.complete
DEBUG 2026-06-13 16:49:25 re/_trace.py:47 close.started
DEBUG 2026-06-13 16:49:25 re/_trace.py:47 close.complete
DEBUG 2026-06-13 16:49:25 re/_trace.py:47 close.started
DEBUG 2026-06-13 16:49:25 re/_trace.py:47 close.complete
DEBUG 2026-06-13 16:49:25 re/_trace.py:47 close.started
DEBUG 2026-06-13 16:49:25 re/_trace.py:47 close.complete
DEBUG 2026-06-13 16:53:08 re/_trace.py:47 close.started
DEBUG 2026-06-13 16:53:08 re/_trace.py:47 close.complete
DEBUG 2026-06-13 16:53:08 re/_trace.py:47 close.started
DEBUG 2026-06-13 16:53:08 re/_trace.py:47 close.complete
DEBUG 2026-06-13 16:53:08 re/_trace.py:47 close.started
DEBUG 2026-06-13 16:53:08 re/_trace.py:47 close.complete
DEBUG 2026-06-13 16:53:08 re/_trace.py:47 close.started
DEBUG 2026-06-13 16:53:08 re/_trace.py:47 close.complete
DEBUG 2026-06-13 16:53:08 re/_trace.py:47 close.started
DEBUG 2026-06-13 16:53:08 re/_trace.py:47 close.complete
DEBUG 2026-06-13 16:53:08 re/_trace.py:47 close.started
DEBUG 2026-06-13 16:53:08 re/_trace.py:47 close.complete
DEBUG 2026-06-13 16:53:08 re/_trace.py:47 close.started
DEBUG 2026-06-13 16:53:08 re/_trace.py:47 close.complete
DEBUG 2026-06-13 16:53:08 re/_trace.py:47 close.started
DEBUG 2026-06-13 16:53:08 re/_trace.py:47 close.complete
DEBUG 2026-06-13 16:53:08 re/_trace.py:47 close.started
DEBUG 2026-06-13 16:53:08 re/_trace.py:47 close.complete
DEBUG 2026-06-13 16:53:08 re/_trace.py:47 close.started
DEBUG 2026-06-13 16:53:08 re/_trace.py:47 close.complete
DEBUG 2026-06-13 16:56:51 re/_trace.py:47 close.started
DEBUG 2026-06-13 16:56:51 re/_trace.py:47 close.complete
DEBUG 2026-06-13 16:56:51 re/_trace.py:47 close.started
DEBUG 2026-06-13 16:56:51 re/_trace.py:47 close.complete
DEBUG 2026-06-13 16:56:51 re/_trace.py:47 close.started
DEBUG 2026-06-13 16:56:51 re/_trace.py:47 close.complete
DEBUG 2026-06-13 16:56:51 re/_trace.py:47 close.started
DEBUG 2026-06-13 16:56:51 re/_trace.py:47 close.complete
DEBUG 2026-06-13 16:56:51 re/_trace.py:47 close.started
DEBUG 2026-06-13 16:56:51 re/_trace.py:47 close.complete
DEBUG 2026-06-13 16:56:51 re/_trace.py:47 close.started
DEBUG 2026-06-13 16:56:51 re/_trace.py:47 close.complete
DEBUG 2026-06-13 16:56:51 re/_trace.py:47 close.started
DEBUG 2026-06-13 16:56:51 re/_trace.py:47 close.complete
DEBUG 2026-06-13 16:56:51 re/_trace.py:47 close.started
DEBUG 2026-06-13 16:56:51 re/_trace.py:47 close.complete
DEBUG 2026-06-13 16:56:52 re/_trace.py:47 close.started
DEBUG 2026-06-13 16:56:52 re/_trace.py:47 close.complete
DEBUG 2026-06-13 16:56:52 re/_trace.py:47 close.started
DEBUG 2026-06-13 16:56:52 re/_trace.py:47 close.complete
INFO 2026-06-13 16:57:54 ot_train.py:459 step:5K smpl:4M ep:5K epch:96.51 loss:0.011 grdn:0.415 lr:1.1e-04 updt_s:3.633 data_s:0.643
WARNING 2026-06-13 16:57:54 db_utils.py:181 WandB logging of key "loss_per_dim" was ignored as its type "<class 'list'>" is not handled by this wrapper.
DEBUG 2026-06-13 17:00:31 re/_trace.py:47 close.started
DEBUG 2026-06-13 17:00:31 re/_trace.py:47 close.complete
DEBUG 2026-06-13 17:00:31 re/_trace.py:47 close.started
DEBUG 2026-06-13 17:00:31 re/_trace.py:47 close.complete
DEBUG 2026-06-13 17:00:31 re/_trace.py:47 close.started
DEBUG 2026-06-13 17:00:31 re/_trace.py:47 close.complete
DEBUG 2026-06-13 17:00:31 re/_trace.py:47 close.started
DEBUG 2026-06-13 17:00:31 re/_trace.py:47 close.complete
DEBUG 2026-06-13 17:00:31 re/_trace.py:47 close.started
DEBUG 2026-06-13 17:00:31 re/_trace.py:47 close.complete
DEBUG 2026-06-13 17:00:31 re/_trace.py:47 close.started
DEBUG 2026-06-13 17:00:31 re/_trace.py:47 close.complete
DEBUG 2026-06-13 17:00:31 re/_trace.py:47 close.started
DEBUG 2026-06-13 17:00:31 re/_trace.py:47 close.complete
DEBUG 2026-06-13 17:00:31 re/_trace.py:47 close.started
DEBUG 2026-06-13 17:00:31 re/_trace.py:47 close.complete
DEBUG 2026-06-13 17:00:31 re/_trace.py:47 close.started
DEBUG 2026-06-13 17:00:31 re/_trace.py:47 close.complete
DEBUG 2026-06-13 17:00:31 re/_trace.py:47 close.started
DEBUG 2026-06-13 17:00:31 re/_trace.py:47 close.complete
DEBUG 2026-06-13 17:04:12 re/_trace.py:47 close.started
DEBUG 2026-06-13 17:04:12 re/_trace.py:47 close.complete
DEBUG 2026-06-13 17:04:12 re/_trace.py:47 close.started
DEBUG 2026-06-13 17:04:12 re/_trace.py:47 close.complete
DEBUG 2026-06-13 17:04:12 re/_trace.py:47 close.started
DEBUG 2026-06-13 17:04:12 re/_trace.py:47 close.complete
DEBUG 2026-06-13 17:04:12 re/_trace.py:47 close.started
DEBUG 2026-06-13 17:04:12 re/_trace.py:47 close.complete
DEBUG 2026-06-13 17:04:12 re/_trace.py:47 close.started
DEBUG 2026-06-13 17:04:12 re/_trace.py:47 close.complete
DEBUG 2026-06-13 17:04:12 re/_trace.py:47 close.started
DEBUG 2026-06-13 17:04:12 re/_trace.py:47 close.complete
DEBUG 2026-06-13 17:04:12 re/_trace.py:47 close.started
DEBUG 2026-06-13 17:04:12 re/_trace.py:47 close.complete
DEBUG 2026-06-13 17:04:12 re/_trace.py:47 close.started
DEBUG 2026-06-13 17:04:12 re/_trace.py:47 close.complete
DEBUG 2026-06-13 17:04:12 re/_trace.py:47 close.started
DEBUG 2026-06-13 17:04:12 re/_trace.py:47 close.complete
DEBUG 2026-06-13 17:04:12 re/_trace.py:47 close.started
DEBUG 2026-06-13 17:04:12 re/_trace.py:47 close.complete
DEBUG 2026-06-13 17:07:53 re/_trace.py:47 close.started
DEBUG 2026-06-13 17:07:53 re/_trace.py:47 close.complete
DEBUG 2026-06-13 17:07:53 re/_trace.py:47 close.started
DEBUG 2026-06-13 17:07:53 re/_trace.py:47 close.complete
DEBUG 2026-06-13 17:07:53 re/_trace.py:47 close.started
DEBUG 2026-06-13 17:07:53 re/_trace.py:47 close.complete
DEBUG 2026-06-13 17:07:53 re/_trace.py:47 close.started
DEBUG 2026-06-13 17:07:53 re/_trace.py:47 close.complete
DEBUG 2026-06-13 17:07:53 re/_trace.py:47 close.started
DEBUG 2026-06-13 17:07:53 re/_trace.py:47 close.complete
DEBUG 2026-06-13 17:07:53 re/_trace.py:47 close.started
DEBUG 2026-06-13 17:07:53 re/_trace.py:47 close.complete
DEBUG 2026-06-13 17:07:53 re/_trace.py:47 close.started
DEBUG 2026-06-13 17:07:53 re/_trace.py:47 close.complete
DEBUG 2026-06-13 17:07:53 re/_trace.py:47 close.started
DEBUG 2026-06-13 17:07:53 re/_trace.py:47 close.complete
DEBUG 2026-06-13 17:07:53 re/_trace.py:47 close.started
DEBUG 2026-06-13 17:07:53 re/_trace.py:47 close.complete
DEBUG 2026-06-13 17:07:53 re/_trace.py:47 close.started
DEBUG 2026-06-13 17:07:53 re/_trace.py:47 close.complete
INFO 2026-06-13 17:11:33 ot_train.py:459 step:5K smpl:4M ep:5K epch:100.37 loss:0.011 grdn:0.415 lr:1.1e-04 updt_s:3.601 data_s:0.489
WARNING 2026-06-13 17:11:33 db_utils.py:181 WandB logging of key "loss_per_dim" was ignored as its type "<class 'list'>" is not handled by this wrapper.
DEBUG 2026-06-13 17:11:33 re/_trace.py:47 close.started
DEBUG 2026-06-13 17:11:33 re/_trace.py:47 close.complete
DEBUG 2026-06-13 17:11:33 re/_trace.py:47 close.started
DEBUG 2026-06-13 17:11:33 re/_trace.py:47 close.complete
DEBUG 2026-06-13 17:11:33 re/_trace.py:47 close.started
DEBUG 2026-06-13 17:11:33 re/_trace.py:47 close.complete
DEBUG 2026-06-13 17:11:33 re/_trace.py:47 close.started
DEBUG 2026-06-13 17:11:33 re/_trace.py:47 close.complete
DEBUG 2026-06-13 17:11:33 re/_trace.py:47 close.started
DEBUG 2026-06-13 17:11:33 re/_trace.py:47 close.complete
DEBUG 2026-06-13 17:11:33 re/_trace.py:47 close.started
DEBUG 2026-06-13 17:11:33 re/_trace.py:47 close.complete
DEBUG 2026-06-13 17:11:33 re/_trace.py:47 close.started
DEBUG 2026-06-13 17:11:33 re/_trace.py:47 close.complete
DEBUG 2026-06-13 17:11:33 re/_trace.py:47 close.started
DEBUG 2026-06-13 17:11:33 re/_trace.py:47 close.complete
DEBUG 2026-06-13 17:11:33 re/_trace.py:47 close.started
DEBUG 2026-06-13 17:11:33 re/_trace.py:47 close.complete
DEBUG 2026-06-13 17:11:34 re/_trace.py:47 close.started
DEBUG 2026-06-13 17:11:34 re/_trace.py:47 close.complete
DEBUG 2026-06-13 17:15:14 re/_trace.py:47 close.started
DEBUG 2026-06-13 17:15:14 re/_trace.py:47 close.complete
DEBUG 2026-06-13 17:15:14 re/_trace.py:47 close.started
DEBUG 2026-06-13 17:15:14 re/_trace.py:47 close.complete
DEBUG 2026-06-13 17:15:14 re/_trace.py:47 close.started
DEBUG 2026-06-13 17:15:14 re/_trace.py:47 close.complete
DEBUG 2026-06-13 17:15:14 re/_trace.py:47 close.started
DEBUG 2026-06-13 17:15:14 re/_trace.py:47 close.complete
DEBUG 2026-06-13 17:15:14 re/_trace.py:47 close.started
DEBUG 2026-06-13 17:15:14 re/_trace.py:47 close.complete
DEBUG 2026-06-13 17:15:14 re/_trace.py:47 close.started
DEBUG 2026-06-13 17:15:14 re/_trace.py:47 close.complete
DEBUG 2026-06-13 17:15:14 re/_trace.py:47 close.started
DEBUG 2026-06-13 17:15:14 re/_trace.py:47 close.complete
DEBUG 2026-06-13 17:15:14 re/_trace.py:47 close.started
DEBUG 2026-06-13 17:15:14 re/_trace.py:47 close.complete
DEBUG 2026-06-13 17:15:15 re/_trace.py:47 close.started
DEBUG 2026-06-13 17:15:15 re/_trace.py:47 close.complete
DEBUG 2026-06-13 17:15:15 re/_trace.py:47 close.started
DEBUG 2026-06-13 17:15:15 re/_trace.py:47 close.complete
DEBUG 2026-06-13 17:18:55 re/_trace.py:47 close.started
DEBUG 2026-06-13 17:18:55 re/_trace.py:47 close.complete
DEBUG 2026-06-13 17:18:55 re/_trace.py:47 close.started
DEBUG 2026-06-13 17:18:55 re/_trace.py:47 close.complete
DEBUG 2026-06-13 17:18:55 re/_trace.py:47 close.started
DEBUG 2026-06-13 17:18:55 re/_trace.py:47 close.complete
DEBUG 2026-06-13 17:18:55 re/_trace.py:47 close.started
DEBUG 2026-06-13 17:18:55 re/_trace.py:47 close.complete
DEBUG 2026-06-13 17:18:55 re/_trace.py:47 close.started
DEBUG 2026-06-13 17:18:55 re/_trace.py:47 close.complete
DEBUG 2026-06-13 17:18:55 re/_trace.py:47 close.started
DEBUG 2026-06-13 17:18:55 re/_trace.py:47 close.complete
DEBUG 2026-06-13 17:18:56 re/_trace.py:47 close.started
DEBUG 2026-06-13 17:18:56 re/_trace.py:47 close.complete
DEBUG 2026-06-13 17:18:56 re/_trace.py:47 close.started
DEBUG 2026-06-13 17:18:56 re/_trace.py:47 close.complete
DEBUG 2026-06-13 17:18:56 re/_trace.py:47 close.started
DEBUG 2026-06-13 17:18:56 re/_trace.py:47 close.complete
DEBUG 2026-06-13 17:18:56 re/_trace.py:47 close.started
DEBUG 2026-06-13 17:18:56 re/_trace.py:47 close.complete
DEBUG 2026-06-13 17:22:36 re/_trace.py:47 close.started
DEBUG 2026-06-13 17:22:36 re/_trace.py:47 close.complete
DEBUG 2026-06-13 17:22:36 re/_trace.py:47 close.started
DEBUG 2026-06-13 17:22:36 re/_trace.py:47 close.complete
DEBUG 2026-06-13 17:22:36 re/_trace.py:47 close.started
DEBUG 2026-06-13 17:22:36 re/_trace.py:47 close.complete
DEBUG 2026-06-13 17:22:36 re/_trace.py:47 close.started
DEBUG 2026-06-13 17:22:36 re/_trace.py:47 close.complete
DEBUG 2026-06-13 17:22:37 re/_trace.py:47 close.started
DEBUG 2026-06-13 17:22:37 re/_trace.py:47 close.complete
DEBUG 2026-06-13 17:22:37 re/_trace.py:47 close.started
DEBUG 2026-06-13 17:22:37 re/_trace.py:47 close.complete
DEBUG 2026-06-13 17:22:37 re/_trace.py:47 close.started
DEBUG 2026-06-13 17:22:37 re/_trace.py:47 close.complete
DEBUG 2026-06-13 17:22:37 re/_trace.py:47 close.started
DEBUG 2026-06-13 17:22:37 re/_trace.py:47 close.complete
DEBUG 2026-06-13 17:22:37 re/_trace.py:47 close.started
DEBUG 2026-06-13 17:22:37 re/_trace.py:47 close.complete
DEBUG 2026-06-13 17:22:37 re/_trace.py:47 close.started
DEBUG 2026-06-13 17:22:37 re/_trace.py:47 close.complete
INFO 2026-06-13 17:25:51 ot_train.py:459 step:5K smpl:4M ep:5K epch:104.23 loss:0.011 grdn:0.404 lr:1.1e-04 updt_s:3.677 data_s:0.610
WARNING 2026-06-13 17:25:51 db_utils.py:181 WandB logging of key "loss_per_dim" was ignored as its type "<class 'list'>" is not handled by this wrapper.
DEBUG 2026-06-13 17:26:20 re/_trace.py:47 close.started
DEBUG 2026-06-13 17:26:20 re/_trace.py:47 close.complete
DEBUG 2026-06-13 17:26:20 re/_trace.py:47 close.started
DEBUG 2026-06-13 17:26:20 re/_trace.py:47 close.complete
DEBUG 2026-06-13 17:26:20 re/_trace.py:47 close.started
DEBUG 2026-06-13 17:26:20 re/_trace.py:47 close.complete
DEBUG 2026-06-13 17:26:20 re/_trace.py:47 close.started
DEBUG 2026-06-13 17:26:20 re/_trace.py:47 close.complete
DEBUG 2026-06-13 17:26:20 re/_trace.py:47 close.started
DEBUG 2026-06-13 17:26:20 re/_trace.py:47 close.complete
DEBUG 2026-06-13 17:26:20 re/_trace.py:47 close.started
DEBUG 2026-06-13 17:26:20 re/_trace.py:47 close.complete
DEBUG 2026-06-13 17:26:20 re/_trace.py:47 close.started
DEBUG 2026-06-13 17:26:20 re/_trace.py:47 close.complete
DEBUG 2026-06-13 17:26:20 re/_trace.py:47 close.started
DEBUG 2026-06-13 17:26:20 re/_trace.py:47 close.complete
DEBUG 2026-06-13 17:26:20 re/_trace.py:47 close.started
DEBUG 2026-06-13 17:26:20 re/_trace.py:47 close.complete
DEBUG 2026-06-13 17:26:20 re/_trace.py:47 close.started
DEBUG 2026-06-13 17:26:20 re/_trace.py:47 close.complete
DEBUG 2026-06-13 17:29:59 re/_trace.py:47 close.started
DEBUG 2026-06-13 17:29:59 re/_trace.py:47 close.complete
DEBUG 2026-06-13 17:29:59 re/_trace.py:47 close.started
DEBUG 2026-06-13 17:29:59 re/_trace.py:47 close.complete
DEBUG 2026-06-13 17:29:59 re/_trace.py:47 close.started
DEBUG 2026-06-13 17:29:59 re/_trace.py:47 close.complete
DEBUG 2026-06-13 17:29:59 re/_trace.py:47 close.started
DEBUG 2026-06-13 17:29:59 re/_trace.py:47 close.complete
DEBUG 2026-06-13 17:30:00 re/_trace.py:47 close.started
DEBUG 2026-06-13 17:30:00 re/_trace.py:47 close.complete
DEBUG 2026-06-13 17:30:00 re/_trace.py:47 close.started
DEBUG 2026-06-13 17:30:00 re/_trace.py:47 close.complete
DEBUG 2026-06-13 17:30:00 re/_trace.py:47 close.started
DEBUG 2026-06-13 17:30:00 re/_trace.py:47 close.complete
DEBUG 2026-06-13 17:30:00 re/_trace.py:47 close.started
DEBUG 2026-06-13 17:30:00 re/_trace.py:47 close.complete
DEBUG 2026-06-13 17:30:00 re/_trace.py:47 close.started
DEBUG 2026-06-13 17:30:00 re/_trace.py:47 close.complete
DEBUG 2026-06-13 17:30:00 re/_trace.py:47 close.started
DEBUG 2026-06-13 17:30:00 re/_trace.py:47 close.complete
DEBUG 2026-06-13 17:33:39 re/_trace.py:47 close.started
DEBUG 2026-06-13 17:33:39 re/_trace.py:47 close.complete
DEBUG 2026-06-13 17:33:39 re/_trace.py:47 close.started
DEBUG 2026-06-13 17:33:39 re/_trace.py:47 close.complete
DEBUG 2026-06-13 17:33:39 re/_trace.py:47 close.started
DEBUG 2026-06-13 17:33:39 re/_trace.py:47 close.complete
DEBUG 2026-06-13 17:33:39 re/_trace.py:47 close.started
DEBUG 2026-06-13 17:33:39 re/_trace.py:47 close.complete
DEBUG 2026-06-13 17:33:39 re/_trace.py:47 close.started
DEBUG 2026-06-13 17:33:39 re/_trace.py:47 close.complete
DEBUG 2026-06-13 17:33:39 re/_trace.py:47 close.started
DEBUG 2026-06-13 17:33:39 re/_trace.py:47 close.complete
DEBUG 2026-06-13 17:33:39 re/_trace.py:47 close.started
DEBUG 2026-06-13 17:33:39 re/_trace.py:47 close.complete
DEBUG 2026-06-13 17:33:39 re/_trace.py:47 close.started
DEBUG 2026-06-13 17:33:39 re/_trace.py:47 close.complete
DEBUG 2026-06-13 17:33:39 re/_trace.py:47 close.started
DEBUG 2026-06-13 17:33:39 re/_trace.py:47 close.complete
DEBUG 2026-06-13 17:33:39 re/_trace.py:47 close.started
DEBUG 2026-06-13 17:33:39 re/_trace.py:47 close.complete
DEBUG 2026-06-13 17:37:20 re/_trace.py:47 close.started
DEBUG 2026-06-13 17:37:20 re/_trace.py:47 close.complete
DEBUG 2026-06-13 17:37:20 re/_trace.py:47 close.started
DEBUG 2026-06-13 17:37:20 re/_trace.py:47 close.complete
DEBUG 2026-06-13 17:37:21 re/_trace.py:47 close.started
DEBUG 2026-06-13 17:37:21 re/_trace.py:47 close.complete
DEBUG 2026-06-13 17:37:21 re/_trace.py:47 close.started
DEBUG 2026-06-13 17:37:21 re/_trace.py:47 close.complete
DEBUG 2026-06-13 17:37:21 re/_trace.py:47 close.started
DEBUG 2026-06-13 17:37:21 re/_trace.py:47 close.complete
DEBUG 2026-06-13 17:37:21 re/_trace.py:47 close.started
DEBUG 2026-06-13 17:37:21 re/_trace.py:47 close.complete
DEBUG 2026-06-13 17:37:21 re/_trace.py:47 close.started
DEBUG 2026-06-13 17:37:21 re/_trace.py:47 close.complete
DEBUG 2026-06-13 17:37:21 re/_trace.py:47 close.started
DEBUG 2026-06-13 17:37:21 re/_trace.py:47 close.complete
DEBUG 2026-06-13 17:37:21 re/_trace.py:47 close.started
DEBUG 2026-06-13 17:37:21 re/_trace.py:47 close.complete
DEBUG 2026-06-13 17:37:21 re/_trace.py:47 close.started
DEBUG 2026-06-13 17:37:21 re/_trace.py:47 close.complete
INFO 2026-06-13 17:40:06 ot_train.py:459 step:6K smpl:4M ep:5K epch:108.09 loss:0.010 grdn:0.376 lr:1.1e-04 updt_s:3.602 data_s:0.664
WARNING 2026-06-13 17:40:06 db_utils.py:181 WandB logging of key "loss_per_dim" was ignored as its type "<class 'list'>" is not handled by this wrapper.
DEBUG 2026-06-13 17:41:01 re/_trace.py:47 close.started
DEBUG 2026-06-13 17:41:01 re/_trace.py:47 close.complete
DEBUG 2026-06-13 17:41:01 re/_trace.py:47 close.started
DEBUG 2026-06-13 17:41:01 re/_trace.py:47 close.complete
DEBUG 2026-06-13 17:41:01 re/_trace.py:47 close.started
DEBUG 2026-06-13 17:41:01 re/_trace.py:47 close.complete
DEBUG 2026-06-13 17:41:01 re/_trace.py:47 close.started
DEBUG 2026-06-13 17:41:01 re/_trace.py:47 close.complete
DEBUG 2026-06-13 17:41:01 re/_trace.py:47 close.started
DEBUG 2026-06-13 17:41:01 re/_trace.py:47 close.complete
DEBUG 2026-06-13 17:41:01 re/_trace.py:47 close.started
DEBUG 2026-06-13 17:41:01 re/_trace.py:47 close.complete
DEBUG 2026-06-13 17:41:01 re/_trace.py:47 close.started
DEBUG 2026-06-13 17:41:01 re/_trace.py:47 close.complete
DEBUG 2026-06-13 17:41:01 re/_trace.py:47 close.started
DEBUG 2026-06-13 17:41:01 re/_trace.py:47 close.complete
DEBUG 2026-06-13 17:41:01 re/_trace.py:47 close.started
DEBUG 2026-06-13 17:41:01 re/_trace.py:47 close.complete
DEBUG 2026-06-13 17:41:02 re/_trace.py:47 close.started
DEBUG 2026-06-13 17:41:02 re/_trace.py:47 close.complete
DEBUG 2026-06-13 17:44:44 re/_trace.py:47 close.started
DEBUG 2026-06-13 17:44:44 re/_trace.py:47 close.complete
DEBUG 2026-06-13 17:44:44 re/_trace.py:47 close.started
DEBUG 2026-06-13 17:44:44 re/_trace.py:47 close.complete
DEBUG 2026-06-13 17:44:44 re/_trace.py:47 close.started
DEBUG 2026-06-13 17:44:44 re/_trace.py:47 close.complete
DEBUG 2026-06-13 17:44:44 re/_trace.py:47 close.started
DEBUG 2026-06-13 17:44:44 re/_trace.py:47 close.complete
DEBUG 2026-06-13 17:44:44 re/_trace.py:47 close.started
DEBUG 2026-06-13 17:44:44 re/_trace.py:47 close.complete
DEBUG 2026-06-13 17:44:44 re/_trace.py:47 close.started
DEBUG 2026-06-13 17:44:44 re/_trace.py:47 close.complete
DEBUG 2026-06-13 17:44:44 re/_trace.py:47 close.started
DEBUG 2026-06-13 17:44:44 re/_trace.py:47 close.complete
DEBUG 2026-06-13 17:44:44 re/_trace.py:47 close.started
DEBUG 2026-06-13 17:44:44 re/_trace.py:47 close.complete
DEBUG 2026-06-13 17:44:44 re/_trace.py:47 close.started
DEBUG 2026-06-13 17:44:44 re/_trace.py:47 close.complete
DEBUG 2026-06-13 17:44:44 re/_trace.py:47 close.started
DEBUG 2026-06-13 17:44:44 re/_trace.py:47 close.complete
DEBUG 2026-06-13 17:48:24 re/_trace.py:47 close.started
DEBUG 2026-06-13 17:48:24 re/_trace.py:47 close.complete
DEBUG 2026-06-13 17:48:24 re/_trace.py:47 close.started
DEBUG 2026-06-13 17:48:24 re/_trace.py:47 close.complete
DEBUG 2026-06-13 17:48:24 re/_trace.py:47 close.started
DEBUG 2026-06-13 17:48:24 re/_trace.py:47 close.complete
DEBUG 2026-06-13 17:48:24 re/_trace.py:47 close.started
DEBUG 2026-06-13 17:48:24 re/_trace.py:47 close.complete
DEBUG 2026-06-13 17:48:24 re/_trace.py:47 close.started
DEBUG 2026-06-13 17:48:24 re/_trace.py:47 close.complete
DEBUG 2026-06-13 17:48:24 re/_trace.py:47 close.started
DEBUG 2026-06-13 17:48:24 re/_trace.py:47 close.complete
DEBUG 2026-06-13 17:48:24 re/_trace.py:47 close.started
DEBUG 2026-06-13 17:48:24 re/_trace.py:47 close.complete
DEBUG 2026-06-13 17:48:24 re/_trace.py:47 close.started
DEBUG 2026-06-13 17:48:24 re/_trace.py:47 close.complete
DEBUG 2026-06-13 17:48:24 re/_trace.py:47 close.started
DEBUG 2026-06-13 17:48:24 re/_trace.py:47 close.complete
DEBUG 2026-06-13 17:48:24 re/_trace.py:47 close.started
DEBUG 2026-06-13 17:48:24 re/_trace.py:47 close.complete
DEBUG 2026-06-13 17:52:06 re/_trace.py:47 close.started
DEBUG 2026-06-13 17:52:06 re/_trace.py:47 close.complete
DEBUG 2026-06-13 17:52:06 re/_trace.py:47 close.started
DEBUG 2026-06-13 17:52:06 re/_trace.py:47 close.complete
DEBUG 2026-06-13 17:52:06 re/_trace.py:47 close.started
DEBUG 2026-06-13 17:52:06 re/_trace.py:47 close.complete
DEBUG 2026-06-13 17:52:06 re/_trace.py:47 close.started
DEBUG 2026-06-13 17:52:06 re/_trace.py:47 close.complete
DEBUG 2026-06-13 17:52:06 re/_trace.py:47 close.started
DEBUG 2026-06-13 17:52:06 re/_trace.py:47 close.complete
DEBUG 2026-06-13 17:52:06 re/_trace.py:47 close.started
DEBUG 2026-06-13 17:52:06 re/_trace.py:47 close.complete
DEBUG 2026-06-13 17:52:06 re/_trace.py:47 close.started
DEBUG 2026-06-13 17:52:06 re/_trace.py:47 close.complete
DEBUG 2026-06-13 17:52:06 re/_trace.py:47 close.started
DEBUG 2026-06-13 17:52:06 re/_trace.py:47 close.complete
DEBUG 2026-06-13 17:52:07 re/_trace.py:47 close.started
DEBUG 2026-06-13 17:52:07 re/_trace.py:47 close.complete
DEBUG 2026-06-13 17:52:07 re/_trace.py:47 close.started
DEBUG 2026-06-13 17:52:07 re/_trace.py:47 close.complete
INFO 2026-06-13 17:54:24 ot_train.py:459 step:6K smpl:4M ep:6K epch:111.95 loss:0.010 grdn:0.391 lr:1.1e-04 updt_s:3.653 data_s:0.633
WARNING 2026-06-13 17:54:24 db_utils.py:181 WandB logging of key "loss_per_dim" was ignored as its type "<class 'list'>" is not handled by this wrapper.
DEBUG 2026-06-13 17:55:47 re/_trace.py:47 close.started
DEBUG 2026-06-13 17:55:47 re/_trace.py:47 close.complete
DEBUG 2026-06-13 17:55:47 re/_trace.py:47 close.started
DEBUG 2026-06-13 17:55:47 re/_trace.py:47 close.complete
DEBUG 2026-06-13 17:55:47 re/_trace.py:47 close.started
DEBUG 2026-06-13 17:55:47 re/_trace.py:47 close.complete
DEBUG 2026-06-13 17:55:47 re/_trace.py:47 close.started
DEBUG 2026-06-13 17:55:47 re/_trace.py:47 close.complete
DEBUG 2026-06-13 17:55:47 re/_trace.py:47 close.started
DEBUG 2026-06-13 17:55:47 re/_trace.py:47 close.complete
DEBUG 2026-06-13 17:55:47 re/_trace.py:47 close.started
DEBUG 2026-06-13 17:55:47 re/_trace.py:47 close.complete
DEBUG 2026-06-13 17:55:47 re/_trace.py:47 close.started
DEBUG 2026-06-13 17:55:47 re/_trace.py:47 close.complete
DEBUG 2026-06-13 17:55:47 re/_trace.py:47 close.started
DEBUG 2026-06-13 17:55:47 re/_trace.py:47 close.complete
DEBUG 2026-06-13 17:55:47 re/_trace.py:47 close.started
DEBUG 2026-06-13 17:55:47 re/_trace.py:47 close.complete
DEBUG 2026-06-13 17:55:47 re/_trace.py:47 close.started
DEBUG 2026-06-13 17:55:47 re/_trace.py:47 close.complete
DEBUG 2026-06-13 17:59:28 re/_trace.py:47 close.started
DEBUG 2026-06-13 17:59:28 re/_trace.py:47 close.complete
DEBUG 2026-06-13 17:59:28 re/_trace.py:47 close.started
DEBUG 2026-06-13 17:59:28 re/_trace.py:47 close.complete
DEBUG 2026-06-13 17:59:28 re/_trace.py:47 close.started
DEBUG 2026-06-13 17:59:28 re/_trace.py:47 close.complete
DEBUG 2026-06-13 17:59:28 re/_trace.py:47 close.started
DEBUG 2026-06-13 17:59:28 re/_trace.py:47 close.complete
DEBUG 2026-06-13 17:59:28 re/_trace.py:47 close.started
DEBUG 2026-06-13 17:59:28 re/_trace.py:47 close.complete
DEBUG 2026-06-13 17:59:28 re/_trace.py:47 close.started
DEBUG 2026-06-13 17:59:28 re/_trace.py:47 close.complete
DEBUG 2026-06-13 17:59:28 re/_trace.py:47 close.started
DEBUG 2026-06-13 17:59:28 re/_trace.py:47 close.complete
DEBUG 2026-06-13 17:59:28 re/_trace.py:47 close.started
DEBUG 2026-06-13 17:59:28 re/_trace.py:47 close.complete
DEBUG 2026-06-13 17:59:28 re/_trace.py:47 close.started
DEBUG 2026-06-13 17:59:28 re/_trace.py:47 close.complete
DEBUG 2026-06-13 17:59:28 re/_trace.py:47 close.started
DEBUG 2026-06-13 17:59:28 re/_trace.py:47 close.complete
DEBUG 2026-06-13 18:03:09 re/_trace.py:47 close.started
DEBUG 2026-06-13 18:03:09 re/_trace.py:47 close.complete
DEBUG 2026-06-13 18:03:09 re/_trace.py:47 close.started
DEBUG 2026-06-13 18:03:09 re/_trace.py:47 close.complete
DEBUG 2026-06-13 18:03:09 re/_trace.py:47 close.started
DEBUG 2026-06-13 18:03:09 re/_trace.py:47 close.complete
DEBUG 2026-06-13 18:03:09 re/_trace.py:47 close.started
DEBUG 2026-06-13 18:03:09 re/_trace.py:47 close.complete
DEBUG 2026-06-13 18:03:09 re/_trace.py:47 close.started
DEBUG 2026-06-13 18:03:09 re/_trace.py:47 close.complete
DEBUG 2026-06-13 18:03:09 re/_trace.py:47 close.started
DEBUG 2026-06-13 18:03:09 re/_trace.py:47 close.complete
DEBUG 2026-06-13 18:03:09 re/_trace.py:47 close.started
DEBUG 2026-06-13 18:03:09 re/_trace.py:47 close.complete
DEBUG 2026-06-13 18:03:09 re/_trace.py:47 close.started
DEBUG 2026-06-13 18:03:09 re/_trace.py:47 close.complete
DEBUG 2026-06-13 18:03:09 re/_trace.py:47 close.started
DEBUG 2026-06-13 18:03:09 re/_trace.py:47 close.complete
DEBUG 2026-06-13 18:03:09 re/_trace.py:47 close.started
DEBUG 2026-06-13 18:03:09 re/_trace.py:47 close.complete
DEBUG 2026-06-13 18:06:51 re/_trace.py:47 close.started
DEBUG 2026-06-13 18:06:51 re/_trace.py:47 close.complete
DEBUG 2026-06-13 18:06:51 re/_trace.py:47 close.started
DEBUG 2026-06-13 18:06:51 re/_trace.py:47 close.complete
DEBUG 2026-06-13 18:06:51 re/_trace.py:47 close.started
DEBUG 2026-06-13 18:06:51 re/_trace.py:47 close.complete
DEBUG 2026-06-13 18:06:51 re/_trace.py:47 close.started
DEBUG 2026-06-13 18:06:51 re/_trace.py:47 close.complete
DEBUG 2026-06-13 18:06:51 re/_trace.py:47 close.started
DEBUG 2026-06-13 18:06:51 re/_trace.py:47 close.complete
DEBUG 2026-06-13 18:06:51 re/_trace.py:47 close.started
DEBUG 2026-06-13 18:06:51 re/_trace.py:47 close.complete
DEBUG 2026-06-13 18:06:52 re/_trace.py:47 close.started
DEBUG 2026-06-13 18:06:52 re/_trace.py:47 close.complete
DEBUG 2026-06-13 18:06:52 re/_trace.py:47 close.started
DEBUG 2026-06-13 18:06:52 re/_trace.py:47 close.complete
DEBUG 2026-06-13 18:06:52 re/_trace.py:47 close.started
DEBUG 2026-06-13 18:06:52 re/_trace.py:47 close.complete
DEBUG 2026-06-13 18:06:52 re/_trace.py:47 close.started
DEBUG 2026-06-13 18:06:52 re/_trace.py:47 close.complete
INFO 2026-06-13 18:08:41 ot_train.py:459 step:6K smpl:4M ep:6K epch:115.81 loss:0.009 grdn:0.382 lr:1.1e-04 updt_s:3.622 data_s:0.662
WARNING 2026-06-13 18:08:41 db_utils.py:181 WandB logging of key "loss_per_dim" was ignored as its type "<class 'list'>" is not handled by this wrapper.
INFO 2026-06-13 18:08:41 ot_train.py:479 Checkpoint policy after step 6000
DEBUG 2026-06-13 18:09:12 tionpool.py:289 Resetting dropped connection: api.wandb.ai
DEBUG 2026-06-13 18:09:13 tionpool.py:544 https://api.wandb.ai:443 "POST /graphql HTTP/1.1" 200 None
DEBUG 2026-06-13 18:11:03 re/_trace.py:47 close.started
DEBUG 2026-06-13 18:11:03 re/_trace.py:47 close.complete
DEBUG 2026-06-13 18:11:03 re/_trace.py:47 close.started
DEBUG 2026-06-13 18:11:03 re/_trace.py:47 close.complete
DEBUG 2026-06-13 18:11:03 re/_trace.py:47 close.started
DEBUG 2026-06-13 18:11:03 re/_trace.py:47 close.complete
DEBUG 2026-06-13 18:11:03 re/_trace.py:47 close.started
DEBUG 2026-06-13 18:11:03 re/_trace.py:47 close.complete
DEBUG 2026-06-13 18:11:03 re/_trace.py:47 close.started
DEBUG 2026-06-13 18:11:03 re/_trace.py:47 close.complete
DEBUG 2026-06-13 18:11:03 re/_trace.py:47 close.started
DEBUG 2026-06-13 18:11:03 re/_trace.py:47 close.complete
DEBUG 2026-06-13 18:11:03 re/_trace.py:47 close.started
DEBUG 2026-06-13 18:11:03 re/_trace.py:47 close.complete
DEBUG 2026-06-13 18:11:03 re/_trace.py:47 close.started
DEBUG 2026-06-13 18:11:03 re/_trace.py:47 close.complete
DEBUG 2026-06-13 18:11:03 re/_trace.py:47 close.started
DEBUG 2026-06-13 18:11:03 re/_trace.py:47 close.complete
DEBUG 2026-06-13 18:11:03 re/_trace.py:47 close.started
DEBUG 2026-06-13 18:11:03 re/_trace.py:47 close.complete
DEBUG 2026-06-13 18:14:43 re/_trace.py:47 close.started
DEBUG 2026-06-13 18:14:43 re/_trace.py:47 close.complete
DEBUG 2026-06-13 18:14:43 re/_trace.py:47 close.started
DEBUG 2026-06-13 18:14:43 re/_trace.py:47 close.complete
DEBUG 2026-06-13 18:14:44 re/_trace.py:47 close.started
DEBUG 2026-06-13 18:14:44 re/_trace.py:47 close.complete
DEBUG 2026-06-13 18:14:44 re/_trace.py:47 close.started
DEBUG 2026-06-13 18:14:44 re/_trace.py:47 close.complete
DEBUG 2026-06-13 18:14:44 re/_trace.py:47 close.started
DEBUG 2026-06-13 18:14:44 re/_trace.py:47 close.complete
DEBUG 2026-06-13 18:14:44 re/_trace.py:47 close.started
DEBUG 2026-06-13 18:14:44 re/_trace.py:47 close.complete
DEBUG 2026-06-13 18:14:44 re/_trace.py:47 close.started
DEBUG 2026-06-13 18:14:44 re/_trace.py:47 close.complete
DEBUG 2026-06-13 18:14:44 re/_trace.py:47 close.started
DEBUG 2026-06-13 18:14:44 re/_trace.py:47 close.complete
DEBUG 2026-06-13 18:14:44 re/_trace.py:47 close.started
DEBUG 2026-06-13 18:14:44 re/_trace.py:47 close.complete
DEBUG 2026-06-13 18:14:44 re/_trace.py:47 close.started
DEBUG 2026-06-13 18:14:44 re/_trace.py:47 close.complete
DEBUG 2026-06-13 18:18:25 re/_trace.py:47 close.started
DEBUG 2026-06-13 18:18:25 re/_trace.py:47 close.complete
DEBUG 2026-06-13 18:18:25 re/_trace.py:47 close.started
DEBUG 2026-06-13 18:18:25 re/_trace.py:47 close.complete
DEBUG 2026-06-13 18:18:25 re/_trace.py:47 close.started
DEBUG 2026-06-13 18:18:25 re/_trace.py:47 close.complete
DEBUG 2026-06-13 18:18:25 re/_trace.py:47 close.started
DEBUG 2026-06-13 18:18:25 re/_trace.py:47 close.complete
DEBUG 2026-06-13 18:18:25 re/_trace.py:47 close.started
DEBUG 2026-06-13 18:18:25 re/_trace.py:47 close.complete
DEBUG 2026-06-13 18:18:25 re/_trace.py:47 close.started
DEBUG 2026-06-13 18:18:25 re/_trace.py:47 close.complete
DEBUG 2026-06-13 18:18:25 re/_trace.py:47 close.started
DEBUG 2026-06-13 18:18:25 re/_trace.py:47 close.complete
DEBUG 2026-06-13 18:18:25 re/_trace.py:47 close.started
DEBUG 2026-06-13 18:18:25 re/_trace.py:47 close.complete
DEBUG 2026-06-13 18:18:25 re/_trace.py:47 close.started
DEBUG 2026-06-13 18:18:25 re/_trace.py:47 close.complete
DEBUG 2026-06-13 18:18:25 re/_trace.py:47 close.started
DEBUG 2026-06-13 18:18:25 re/_trace.py:47 close.complete
DEBUG 2026-06-13 18:22:05 re/_trace.py:47 close.started
DEBUG 2026-06-13 18:22:05 re/_trace.py:47 close.complete
DEBUG 2026-06-13 18:22:05 re/_trace.py:47 close.started
DEBUG 2026-06-13 18:22:05 re/_trace.py:47 close.complete
DEBUG 2026-06-13 18:22:05 re/_trace.py:47 close.started
DEBUG 2026-06-13 18:22:05 re/_trace.py:47 close.complete
DEBUG 2026-06-13 18:22:05 re/_trace.py:47 close.started
DEBUG 2026-06-13 18:22:05 re/_trace.py:47 close.complete
DEBUG 2026-06-13 18:22:05 re/_trace.py:47 close.started
DEBUG 2026-06-13 18:22:05 re/_trace.py:47 close.complete
DEBUG 2026-06-13 18:22:05 re/_trace.py:47 close.started
DEBUG 2026-06-13 18:22:05 re/_trace.py:47 close.complete
DEBUG 2026-06-13 18:22:05 re/_trace.py:47 close.started
DEBUG 2026-06-13 18:22:05 re/_trace.py:47 close.complete
DEBUG 2026-06-13 18:22:05 re/_trace.py:47 close.started
DEBUG 2026-06-13 18:22:05 re/_trace.py:47 close.complete
DEBUG 2026-06-13 18:22:05 re/_trace.py:47 close.started
DEBUG 2026-06-13 18:22:05 re/_trace.py:47 close.complete
DEBUG 2026-06-13 18:22:05 re/_trace.py:47 close.started
DEBUG 2026-06-13 18:22:05 re/_trace.py:47 close.complete
INFO 2026-06-13 18:23:24 ot_train.py:459 step:6K smpl:4M ep:6K epch:119.67 loss:0.009 grdn:0.380 lr:1.1e-04 updt_s:3.597 data_s:0.653
WARNING 2026-06-13 18:23:24 db_utils.py:181 WandB logging of key "loss_per_dim" was ignored as its type "<class 'list'>" is not handled by this wrapper.
DEBUG 2026-06-13 18:25:47 re/_trace.py:47 close.started
DEBUG 2026-06-13 18:25:47 re/_trace.py:47 close.complete
DEBUG 2026-06-13 18:25:47 re/_trace.py:47 close.started
DEBUG 2026-06-13 18:25:47 re/_trace.py:47 close.complete
DEBUG 2026-06-13 18:25:47 re/_trace.py:47 close.started
DEBUG 2026-06-13 18:25:47 re/_trace.py:47 close.complete
DEBUG 2026-06-13 18:25:47 re/_trace.py:47 close.started
DEBUG 2026-06-13 18:25:47 re/_trace.py:47 close.complete
DEBUG 2026-06-13 18:25:47 re/_trace.py:47 close.started
DEBUG 2026-06-13 18:25:47 re/_trace.py:47 close.complete
DEBUG 2026-06-13 18:25:47 re/_trace.py:47 close.started
DEBUG 2026-06-13 18:25:47 re/_trace.py:47 close.complete
DEBUG 2026-06-13 18:25:47 re/_trace.py:47 close.started
DEBUG 2026-06-13 18:25:47 re/_trace.py:47 close.complete
DEBUG 2026-06-13 18:25:47 re/_trace.py:47 close.started
DEBUG 2026-06-13 18:25:47 re/_trace.py:47 close.complete
DEBUG 2026-06-13 18:25:47 re/_trace.py:47 close.started
DEBUG 2026-06-13 18:25:47 re/_trace.py:47 close.complete
DEBUG 2026-06-13 18:25:47 re/_trace.py:47 close.started
DEBUG 2026-06-13 18:25:47 re/_trace.py:47 close.complete
DEBUG 2026-06-13 18:29:28 re/_trace.py:47 close.started
DEBUG 2026-06-13 18:29:28 re/_trace.py:47 close.complete
DEBUG 2026-06-13 18:29:28 re/_trace.py:47 close.started
DEBUG 2026-06-13 18:29:28 re/_trace.py:47 close.complete
DEBUG 2026-06-13 18:29:28 re/_trace.py:47 close.started
DEBUG 2026-06-13 18:29:28 re/_trace.py:47 close.complete
DEBUG 2026-06-13 18:29:28 re/_trace.py:47 close.started
DEBUG 2026-06-13 18:29:28 re/_trace.py:47 close.complete
DEBUG 2026-06-13 18:29:28 re/_trace.py:47 close.started
DEBUG 2026-06-13 18:29:28 re/_trace.py:47 close.complete
DEBUG 2026-06-13 18:29:28 re/_trace.py:47 close.started
DEBUG 2026-06-13 18:29:28 re/_trace.py:47 close.complete
DEBUG 2026-06-13 18:29:28 re/_trace.py:47 close.started
DEBUG 2026-06-13 18:29:28 re/_trace.py:47 close.complete
DEBUG 2026-06-13 18:29:28 re/_trace.py:47 close.started
DEBUG 2026-06-13 18:29:28 re/_trace.py:47 close.complete
DEBUG 2026-06-13 18:29:28 re/_trace.py:47 close.started
DEBUG 2026-06-13 18:29:28 re/_trace.py:47 close.complete
DEBUG 2026-06-13 18:29:28 re/_trace.py:47 close.started
DEBUG 2026-06-13 18:29:28 re/_trace.py:47 close.complete
DEBUG 2026-06-13 18:33:11 re/_trace.py:47 close.started
DEBUG 2026-06-13 18:33:11 re/_trace.py:47 close.complete
DEBUG 2026-06-13 18:33:11 re/_trace.py:47 close.started
DEBUG 2026-06-13 18:33:11 re/_trace.py:47 close.complete
DEBUG 2026-06-13 18:33:11 re/_trace.py:47 close.started
DEBUG 2026-06-13 18:33:11 re/_trace.py:47 close.complete
DEBUG 2026-06-13 18:33:11 re/_trace.py:47 close.started
DEBUG 2026-06-13 18:33:11 re/_trace.py:47 close.complete
DEBUG 2026-06-13 18:33:11 re/_trace.py:47 close.started
DEBUG 2026-06-13 18:33:11 re/_trace.py:47 close.complete
DEBUG 2026-06-13 18:33:11 re/_trace.py:47 close.started
DEBUG 2026-06-13 18:33:11 re/_trace.py:47 close.complete
DEBUG 2026-06-13 18:33:11 re/_trace.py:47 close.started
DEBUG 2026-06-13 18:33:11 re/_trace.py:47 close.complete
DEBUG 2026-06-13 18:33:11 re/_trace.py:47 close.started
DEBUG 2026-06-13 18:33:11 re/_trace.py:47 close.complete
DEBUG 2026-06-13 18:33:11 re/_trace.py:47 close.started
DEBUG 2026-06-13 18:33:11 re/_trace.py:47 close.complete
DEBUG 2026-06-13 18:33:11 re/_trace.py:47 close.started
DEBUG 2026-06-13 18:33:11 re/_trace.py:47 close.complete
DEBUG 2026-06-13 18:36:52 re/_trace.py:47 close.started
DEBUG 2026-06-13 18:36:52 re/_trace.py:47 close.complete
DEBUG 2026-06-13 18:36:52 re/_trace.py:47 close.started
DEBUG 2026-06-13 18:36:52 re/_trace.py:47 close.complete
DEBUG 2026-06-13 18:36:52 re/_trace.py:47 close.started
DEBUG 2026-06-13 18:36:52 re/_trace.py:47 close.complete
DEBUG 2026-06-13 18:36:52 re/_trace.py:47 close.started
DEBUG 2026-06-13 18:36:52 re/_trace.py:47 close.complete
DEBUG 2026-06-13 18:36:52 re/_trace.py:47 close.started
DEBUG 2026-06-13 18:36:52 re/_trace.py:47 close.complete
DEBUG 2026-06-13 18:36:52 re/_trace.py:47 close.started
DEBUG 2026-06-13 18:36:52 re/_trace.py:47 close.complete
DEBUG 2026-06-13 18:36:52 re/_trace.py:47 close.started
DEBUG 2026-06-13 18:36:52 re/_trace.py:47 close.complete
DEBUG 2026-06-13 18:36:52 re/_trace.py:47 close.started
DEBUG 2026-06-13 18:36:52 re/_trace.py:47 close.complete
DEBUG 2026-06-13 18:36:52 re/_trace.py:47 close.started
DEBUG 2026-06-13 18:36:52 re/_trace.py:47 close.complete
DEBUG 2026-06-13 18:36:53 re/_trace.py:47 close.started
DEBUG 2026-06-13 18:36:53 re/_trace.py:47 close.complete
INFO 2026-06-13 18:37:41 ot_train.py:459 step:6K smpl:5M ep:6K epch:123.53 loss:0.008 grdn:0.368 lr:1.1e-04 updt_s:3.606 data_s:0.675
WARNING 2026-06-13 18:37:41 db_utils.py:181 WandB logging of key "loss_per_dim" was ignored as its type "<class 'list'>" is not handled by this wrapper.
DEBUG 2026-06-13 18:40:34 re/_trace.py:47 close.started
DEBUG 2026-06-13 18:40:34 re/_trace.py:47 close.complete
DEBUG 2026-06-13 18:40:34 re/_trace.py:47 close.started
DEBUG 2026-06-13 18:40:34 re/_trace.py:47 close.complete
DEBUG 2026-06-13 18:40:34 re/_trace.py:47 close.started
DEBUG 2026-06-13 18:40:34 re/_trace.py:47 close.complete
DEBUG 2026-06-13 18:40:34 re/_trace.py:47 close.started
DEBUG 2026-06-13 18:40:34 re/_trace.py:47 close.complete
DEBUG 2026-06-13 18:40:34 re/_trace.py:47 close.started
DEBUG 2026-06-13 18:40:34 re/_trace.py:47 close.complete
DEBUG 2026-06-13 18:40:34 re/_trace.py:47 close.started
DEBUG 2026-06-13 18:40:34 re/_trace.py:47 close.complete
DEBUG 2026-06-13 18:40:34 re/_trace.py:47 close.started
DEBUG 2026-06-13 18:40:34 re/_trace.py:47 close.complete
DEBUG 2026-06-13 18:40:34 re/_trace.py:47 close.started
DEBUG 2026-06-13 18:40:34 re/_trace.py:47 close.complete
DEBUG 2026-06-13 18:40:34 re/_trace.py:47 close.started
DEBUG 2026-06-13 18:40:34 re/_trace.py:47 close.complete
DEBUG 2026-06-13 18:40:34 re/_trace.py:47 close.started
DEBUG 2026-06-13 18:40:34 re/_trace.py:47 close.complete
DEBUG 2026-06-13 18:44:13 re/_trace.py:47 close.started
DEBUG 2026-06-13 18:44:13 re/_trace.py:47 close.complete
DEBUG 2026-06-13 18:44:13 re/_trace.py:47 close.started
DEBUG 2026-06-13 18:44:13 re/_trace.py:47 close.complete
DEBUG 2026-06-13 18:44:13 re/_trace.py:47 close.started
DEBUG 2026-06-13 18:44:13 re/_trace.py:47 close.complete
DEBUG 2026-06-13 18:44:13 re/_trace.py:47 close.started
DEBUG 2026-06-13 18:44:13 re/_trace.py:47 close.complete
DEBUG 2026-06-13 18:44:13 re/_trace.py:47 close.started
DEBUG 2026-06-13 18:44:13 re/_trace.py:47 close.complete
DEBUG 2026-06-13 18:44:13 re/_trace.py:47 close.started
DEBUG 2026-06-13 18:44:13 re/_trace.py:47 close.complete
DEBUG 2026-06-13 18:44:13 re/_trace.py:47 close.started
DEBUG 2026-06-13 18:44:13 re/_trace.py:47 close.complete
DEBUG 2026-06-13 18:44:13 re/_trace.py:47 close.started
DEBUG 2026-06-13 18:44:13 re/_trace.py:47 close.complete
DEBUG 2026-06-13 18:44:13 re/_trace.py:47 close.started
DEBUG 2026-06-13 18:44:13 re/_trace.py:47 close.complete
DEBUG 2026-06-13 18:44:13 re/_trace.py:47 close.started
DEBUG 2026-06-13 18:44:13 re/_trace.py:47 close.complete
DEBUG 2026-06-13 18:47:53 re/_trace.py:47 close.started
DEBUG 2026-06-13 18:47:53 re/_trace.py:47 close.complete
DEBUG 2026-06-13 18:47:54 re/_trace.py:47 close.started
DEBUG 2026-06-13 18:47:54 re/_trace.py:47 close.complete
DEBUG 2026-06-13 18:47:54 re/_trace.py:47 close.started
DEBUG 2026-06-13 18:47:54 re/_trace.py:47 close.complete
DEBUG 2026-06-13 18:47:54 re/_trace.py:47 close.started
DEBUG 2026-06-13 18:47:54 re/_trace.py:47 close.complete
DEBUG 2026-06-13 18:47:54 re/_trace.py:47 close.started
DEBUG 2026-06-13 18:47:54 re/_trace.py:47 close.complete
DEBUG 2026-06-13 18:47:54 re/_trace.py:47 close.started
DEBUG 2026-06-13 18:47:54 re/_trace.py:47 close.complete
DEBUG 2026-06-13 18:47:54 re/_trace.py:47 close.started
DEBUG 2026-06-13 18:47:54 re/_trace.py:47 close.complete
DEBUG 2026-06-13 18:47:54 re/_trace.py:47 close.started
DEBUG 2026-06-13 18:47:54 re/_trace.py:47 close.complete
DEBUG 2026-06-13 18:47:54 re/_trace.py:47 close.started
DEBUG 2026-06-13 18:47:54 re/_trace.py:47 close.complete
DEBUG 2026-06-13 18:47:54 re/_trace.py:47 close.started
DEBUG 2026-06-13 18:47:54 re/_trace.py:47 close.complete
INFO 2026-06-13 18:51:19 ot_train.py:459 step:7K smpl:5M ep:6K epch:127.39 loss:0.008 grdn:0.372 lr:1.1e-04 updt_s:3.566 data_s:0.522
WARNING 2026-06-13 18:51:19 db_utils.py:181 WandB logging of key "loss_per_dim" was ignored as its type "<class 'list'>" is not handled by this wrapper.
DEBUG 2026-06-13 18:51:34 re/_trace.py:47 close.started
DEBUG 2026-06-13 18:51:34 re/_trace.py:47 close.complete
DEBUG 2026-06-13 18:51:34 re/_trace.py:47 close.started
DEBUG 2026-06-13 18:51:34 re/_trace.py:47 close.complete
DEBUG 2026-06-13 18:51:34 re/_trace.py:47 close.started
DEBUG 2026-06-13 18:51:34 re/_trace.py:47 close.complete
DEBUG 2026-06-13 18:51:34 re/_trace.py:47 close.started
DEBUG 2026-06-13 18:51:34 re/_trace.py:47 close.complete
DEBUG 2026-06-13 18:51:34 re/_trace.py:47 close.started
DEBUG 2026-06-13 18:51:34 re/_trace.py:47 close.complete
DEBUG 2026-06-13 18:51:34 re/_trace.py:47 close.started
DEBUG 2026-06-13 18:51:34 re/_trace.py:47 close.complete
DEBUG 2026-06-13 18:51:34 re/_trace.py:47 close.started
DEBUG 2026-06-13 18:51:34 re/_trace.py:47 close.complete
DEBUG 2026-06-13 18:51:34 re/_trace.py:47 close.started
DEBUG 2026-06-13 18:51:34 re/_trace.py:47 close.complete
DEBUG 2026-06-13 18:51:34 re/_trace.py:47 close.started
DEBUG 2026-06-13 18:51:34 re/_trace.py:47 close.complete
DEBUG 2026-06-13 18:51:34 re/_trace.py:47 close.started
DEBUG 2026-06-13 18:51:34 re/_trace.py:47 close.complete
DEBUG 2026-06-13 18:55:14 re/_trace.py:47 close.started
DEBUG 2026-06-13 18:55:14 re/_trace.py:47 close.complete
DEBUG 2026-06-13 18:55:15 re/_trace.py:47 close.started
DEBUG 2026-06-13 18:55:15 re/_trace.py:47 close.complete
DEBUG 2026-06-13 18:55:15 re/_trace.py:47 close.started
DEBUG 2026-06-13 18:55:15 re/_trace.py:47 close.complete
DEBUG 2026-06-13 18:55:15 re/_trace.py:47 close.started
DEBUG 2026-06-13 18:55:15 re/_trace.py:47 close.complete
DEBUG 2026-06-13 18:55:15 re/_trace.py:47 close.started
DEBUG 2026-06-13 18:55:15 re/_trace.py:47 close.complete
DEBUG 2026-06-13 18:55:15 re/_trace.py:47 close.started
DEBUG 2026-06-13 18:55:15 re/_trace.py:47 close.complete
DEBUG 2026-06-13 18:55:15 re/_trace.py:47 close.started
DEBUG 2026-06-13 18:55:15 re/_trace.py:47 close.complete
DEBUG 2026-06-13 18:55:15 re/_trace.py:47 close.started
DEBUG 2026-06-13 18:55:15 re/_trace.py:47 close.complete
DEBUG 2026-06-13 18:55:15 re/_trace.py:47 close.started
DEBUG 2026-06-13 18:55:15 re/_trace.py:47 close.complete
DEBUG 2026-06-13 18:55:15 re/_trace.py:47 close.started
DEBUG 2026-06-13 18:55:15 re/_trace.py:47 close.complete
DEBUG 2026-06-13 18:58:54 re/_trace.py:47 close.started
DEBUG 2026-06-13 18:58:54 re/_trace.py:47 close.complete
DEBUG 2026-06-13 18:58:54 re/_trace.py:47 close.started
DEBUG 2026-06-13 18:58:54 re/_trace.py:47 close.complete
DEBUG 2026-06-13 18:58:54 re/_trace.py:47 close.started
DEBUG 2026-06-13 18:58:54 re/_trace.py:47 close.complete
DEBUG 2026-06-13 18:58:54 re/_trace.py:47 close.started
DEBUG 2026-06-13 18:58:54 re/_trace.py:47 close.complete
DEBUG 2026-06-13 18:58:54 re/_trace.py:47 close.started
DEBUG 2026-06-13 18:58:54 re/_trace.py:47 close.complete
DEBUG 2026-06-13 18:58:54 re/_trace.py:47 close.started
DEBUG 2026-06-13 18:58:54 re/_trace.py:47 close.complete
DEBUG 2026-06-13 18:58:54 re/_trace.py:47 close.started
DEBUG 2026-06-13 18:58:54 re/_trace.py:47 close.complete
DEBUG 2026-06-13 18:58:54 re/_trace.py:47 close.started
DEBUG 2026-06-13 18:58:54 re/_trace.py:47 close.complete
DEBUG 2026-06-13 18:58:54 re/_trace.py:47 close.started
DEBUG 2026-06-13 18:58:54 re/_trace.py:47 close.complete
DEBUG 2026-06-13 18:58:54 re/_trace.py:47 close.started
DEBUG 2026-06-13 18:58:54 re/_trace.py:47 close.complete
DEBUG 2026-06-13 19:02:38 re/_trace.py:47 close.started
DEBUG 2026-06-13 19:02:38 re/_trace.py:47 close.complete
DEBUG 2026-06-13 19:02:38 re/_trace.py:47 close.started
DEBUG 2026-06-13 19:02:38 re/_trace.py:47 close.complete
DEBUG 2026-06-13 19:02:38 re/_trace.py:47 close.started
DEBUG 2026-06-13 19:02:38 re/_trace.py:47 close.complete
DEBUG 2026-06-13 19:02:38 re/_trace.py:47 close.started
DEBUG 2026-06-13 19:02:38 re/_trace.py:47 close.complete
DEBUG 2026-06-13 19:02:38 re/_trace.py:47 close.started
DEBUG 2026-06-13 19:02:38 re/_trace.py:47 close.complete
DEBUG 2026-06-13 19:02:38 re/_trace.py:47 close.started
DEBUG 2026-06-13 19:02:38 re/_trace.py:47 close.complete
DEBUG 2026-06-13 19:02:38 re/_trace.py:47 close.started
DEBUG 2026-06-13 19:02:38 re/_trace.py:47 close.complete
DEBUG 2026-06-13 19:02:38 re/_trace.py:47 close.started
DEBUG 2026-06-13 19:02:38 re/_trace.py:47 close.complete
DEBUG 2026-06-13 19:02:38 re/_trace.py:47 close.started
DEBUG 2026-06-13 19:02:38 re/_trace.py:47 close.complete
DEBUG 2026-06-13 19:02:38 re/_trace.py:47 close.started
DEBUG 2026-06-13 19:02:38 re/_trace.py:47 close.complete
INFO 2026-06-13 19:05:36 ot_train.py:459 step:7K smpl:5M ep:7K epch:131.25 loss:0.007 grdn:0.371 lr:1.1e-04 updt_s:3.614 data_s:0.666
WARNING 2026-06-13 19:05:36 db_utils.py:181 WandB logging of key "loss_per_dim" was ignored as its type "<class 'list'>" is not handled by this wrapper.
DEBUG 2026-06-13 19:06:18 re/_trace.py:47 close.started
DEBUG 2026-06-13 19:06:18 re/_trace.py:47 close.complete
DEBUG 2026-06-13 19:06:18 re/_trace.py:47 close.started
DEBUG 2026-06-13 19:06:18 re/_trace.py:47 close.complete
DEBUG 2026-06-13 19:06:18 re/_trace.py:47 close.started
DEBUG 2026-06-13 19:06:18 re/_trace.py:47 close.complete
DEBUG 2026-06-13 19:06:18 re/_trace.py:47 close.started
DEBUG 2026-06-13 19:06:18 re/_trace.py:47 close.complete
DEBUG 2026-06-13 19:06:18 re/_trace.py:47 close.started
DEBUG 2026-06-13 19:06:18 re/_trace.py:47 close.complete
DEBUG 2026-06-13 19:06:19 re/_trace.py:47 close.started
DEBUG 2026-06-13 19:06:19 re/_trace.py:47 close.complete
DEBUG 2026-06-13 19:06:19 re/_trace.py:47 close.started
DEBUG 2026-06-13 19:06:19 re/_trace.py:47 close.complete
DEBUG 2026-06-13 19:06:19 re/_trace.py:47 close.started
DEBUG 2026-06-13 19:06:19 re/_trace.py:47 close.complete
DEBUG 2026-06-13 19:06:19 re/_trace.py:47 close.started
DEBUG 2026-06-13 19:06:19 re/_trace.py:47 close.complete
DEBUG 2026-06-13 19:06:19 re/_trace.py:47 close.started
DEBUG 2026-06-13 19:06:19 re/_trace.py:47 close.complete
DEBUG 2026-06-13 19:10:00 re/_trace.py:47 close.started
DEBUG 2026-06-13 19:10:00 re/_trace.py:47 close.complete
DEBUG 2026-06-13 19:10:00 re/_trace.py:47 close.started
DEBUG 2026-06-13 19:10:00 re/_trace.py:47 close.complete
DEBUG 2026-06-13 19:10:00 re/_trace.py:47 close.started
DEBUG 2026-06-13 19:10:00 re/_trace.py:47 close.complete
DEBUG 2026-06-13 19:10:00 re/_trace.py:47 close.started
DEBUG 2026-06-13 19:10:00 re/_trace.py:47 close.complete
DEBUG 2026-06-13 19:10:00 re/_trace.py:47 close.started
DEBUG 2026-06-13 19:10:00 re/_trace.py:47 close.complete
DEBUG 2026-06-13 19:10:00 re/_trace.py:47 close.started
DEBUG 2026-06-13 19:10:00 re/_trace.py:47 close.complete
DEBUG 2026-06-13 19:10:00 re/_trace.py:47 close.started
DEBUG 2026-06-13 19:10:00 re/_trace.py:47 close.complete
DEBUG 2026-06-13 19:10:00 re/_trace.py:47 close.started
DEBUG 2026-06-13 19:10:00 re/_trace.py:47 close.complete
DEBUG 2026-06-13 19:10:00 re/_trace.py:47 close.started
DEBUG 2026-06-13 19:10:00 re/_trace.py:47 close.complete
DEBUG 2026-06-13 19:10:00 re/_trace.py:47 close.started
DEBUG 2026-06-13 19:10:00 re/_trace.py:47 close.complete
DEBUG 2026-06-13 19:13:40 re/_trace.py:47 close.started
DEBUG 2026-06-13 19:13:40 re/_trace.py:47 close.complete
DEBUG 2026-06-13 19:13:40 re/_trace.py:47 close.started
DEBUG 2026-06-13 19:13:40 re/_trace.py:47 close.complete
DEBUG 2026-06-13 19:13:40 re/_trace.py:47 close.started
DEBUG 2026-06-13 19:13:40 re/_trace.py:47 close.complete
DEBUG 2026-06-13 19:13:40 re/_trace.py:47 close.started
DEBUG 2026-06-13 19:13:40 re/_trace.py:47 close.complete
DEBUG 2026-06-13 19:13:40 re/_trace.py:47 close.started
DEBUG 2026-06-13 19:13:40 re/_trace.py:47 close.complete
DEBUG 2026-06-13 19:13:40 re/_trace.py:47 close.started
DEBUG 2026-06-13 19:13:40 re/_trace.py:47 close.complete
DEBUG 2026-06-13 19:13:40 re/_trace.py:47 close.started
DEBUG 2026-06-13 19:13:40 re/_trace.py:47 close.complete
DEBUG 2026-06-13 19:13:40 re/_trace.py:47 close.started
DEBUG 2026-06-13 19:13:40 re/_trace.py:47 close.complete
DEBUG 2026-06-13 19:13:40 re/_trace.py:47 close.started
DEBUG 2026-06-13 19:13:40 re/_trace.py:47 close.complete
DEBUG 2026-06-13 19:13:40 re/_trace.py:47 close.started
DEBUG 2026-06-13 19:13:40 re/_trace.py:47 close.complete
DEBUG 2026-06-13 19:17:21 re/_trace.py:47 close.started
DEBUG 2026-06-13 19:17:21 re/_trace.py:47 close.complete
DEBUG 2026-06-13 19:17:21 re/_trace.py:47 close.started
DEBUG 2026-06-13 19:17:21 re/_trace.py:47 close.complete
DEBUG 2026-06-13 19:17:21 re/_trace.py:47 close.started
DEBUG 2026-06-13 19:17:21 re/_trace.py:47 close.complete
DEBUG 2026-06-13 19:17:21 re/_trace.py:47 close.started
DEBUG 2026-06-13 19:17:21 re/_trace.py:47 close.complete
DEBUG 2026-06-13 19:17:21 re/_trace.py:47 close.started
DEBUG 2026-06-13 19:17:21 re/_trace.py:47 close.complete
DEBUG 2026-06-13 19:17:21 re/_trace.py:47 close.started
DEBUG 2026-06-13 19:17:21 re/_trace.py:47 close.complete
DEBUG 2026-06-13 19:17:21 re/_trace.py:47 close.started
DEBUG 2026-06-13 19:17:21 re/_trace.py:47 close.complete
DEBUG 2026-06-13 19:17:21 re/_trace.py:47 close.started
DEBUG 2026-06-13 19:17:21 re/_trace.py:47 close.complete
DEBUG 2026-06-13 19:17:21 re/_trace.py:47 close.started
DEBUG 2026-06-13 19:17:21 re/_trace.py:47 close.complete
DEBUG 2026-06-13 19:17:22 re/_trace.py:47 close.started
DEBUG 2026-06-13 19:17:22 re/_trace.py:47 close.complete
INFO 2026-06-13 19:19:54 ot_train.py:459 step:7K smpl:5M ep:7K epch:135.11 loss:0.007 grdn:0.349 lr:1.1e-04 updt_s:3.604 data_s:0.681
WARNING 2026-06-13 19:19:54 db_utils.py:181 WandB logging of key "loss_per_dim" was ignored as its type "<class 'list'>" is not handled by this wrapper.
DEBUG 2026-06-13 19:21:03 re/_trace.py:47 close.started
DEBUG 2026-06-13 19:21:03 re/_trace.py:47 close.complete
DEBUG 2026-06-13 19:21:03 re/_trace.py:47 close.started
DEBUG 2026-06-13 19:21:03 re/_trace.py:47 close.complete
DEBUG 2026-06-13 19:21:03 re/_trace.py:47 close.started
DEBUG 2026-06-13 19:21:03 re/_trace.py:47 close.complete
DEBUG 2026-06-13 19:21:03 re/_trace.py:47 close.started
DEBUG 2026-06-13 19:21:03 re/_trace.py:47 close.complete
DEBUG 2026-06-13 19:21:03 re/_trace.py:47 close.started
DEBUG 2026-06-13 19:21:03 re/_trace.py:47 close.complete
DEBUG 2026-06-13 19:21:03 re/_trace.py:47 close.started
DEBUG 2026-06-13 19:21:03 re/_trace.py:47 close.complete
DEBUG 2026-06-13 19:21:04 re/_trace.py:47 close.started
DEBUG 2026-06-13 19:21:04 re/_trace.py:47 close.complete
DEBUG 2026-06-13 19:21:04 re/_trace.py:47 close.started
DEBUG 2026-06-13 19:21:04 re/_trace.py:47 close.complete
DEBUG 2026-06-13 19:21:04 re/_trace.py:47 close.started
DEBUG 2026-06-13 19:21:04 re/_trace.py:47 close.complete
DEBUG 2026-06-13 19:21:04 re/_trace.py:47 close.started
DEBUG 2026-06-13 19:21:04 re/_trace.py:47 close.complete
DEBUG 2026-06-13 19:24:44 re/_trace.py:47 close.started
DEBUG 2026-06-13 19:24:44 re/_trace.py:47 close.complete
DEBUG 2026-06-13 19:24:44 re/_trace.py:47 close.started
DEBUG 2026-06-13 19:24:44 re/_trace.py:47 close.complete
DEBUG 2026-06-13 19:24:44 re/_trace.py:47 close.started
DEBUG 2026-06-13 19:24:44 re/_trace.py:47 close.complete
DEBUG 2026-06-13 19:24:44 re/_trace.py:47 close.started
DEBUG 2026-06-13 19:24:44 re/_trace.py:47 close.complete
DEBUG 2026-06-13 19:24:44 re/_trace.py:47 close.started
DEBUG 2026-06-13 19:24:44 re/_trace.py:47 close.complete
DEBUG 2026-06-13 19:24:44 re/_trace.py:47 close.started
DEBUG 2026-06-13 19:24:44 re/_trace.py:47 close.complete
DEBUG 2026-06-13 19:24:44 re/_trace.py:47 close.started
DEBUG 2026-06-13 19:24:44 re/_trace.py:47 close.complete
DEBUG 2026-06-13 19:24:44 re/_trace.py:47 close.started
DEBUG 2026-06-13 19:24:44 re/_trace.py:47 close.complete
DEBUG 2026-06-13 19:24:44 re/_trace.py:47 close.started
DEBUG 2026-06-13 19:24:44 re/_trace.py:47 close.complete
DEBUG 2026-06-13 19:24:44 re/_trace.py:47 close.started
DEBUG 2026-06-13 19:24:44 re/_trace.py:47 close.complete
DEBUG 2026-06-13 19:28:26 re/_trace.py:47 close.started
DEBUG 2026-06-13 19:28:26 re/_trace.py:47 close.complete
DEBUG 2026-06-13 19:28:26 re/_trace.py:47 close.started
DEBUG 2026-06-13 19:28:26 re/_trace.py:47 close.complete
DEBUG 2026-06-13 19:28:26 re/_trace.py:47 close.started
DEBUG 2026-06-13 19:28:26 re/_trace.py:47 close.complete
DEBUG 2026-06-13 19:28:26 re/_trace.py:47 close.started
DEBUG 2026-06-13 19:28:26 re/_trace.py:47 close.complete
DEBUG 2026-06-13 19:28:26 re/_trace.py:47 close.started
DEBUG 2026-06-13 19:28:26 re/_trace.py:47 close.complete
DEBUG 2026-06-13 19:28:26 re/_trace.py:47 close.started
DEBUG 2026-06-13 19:28:26 re/_trace.py:47 close.complete
DEBUG 2026-06-13 19:28:26 re/_trace.py:47 close.started
DEBUG 2026-06-13 19:28:26 re/_trace.py:47 close.complete
DEBUG 2026-06-13 19:28:26 re/_trace.py:47 close.started
DEBUG 2026-06-13 19:28:26 re/_trace.py:47 close.complete
DEBUG 2026-06-13 19:28:26 re/_trace.py:47 close.started
DEBUG 2026-06-13 19:28:26 re/_trace.py:47 close.complete
DEBUG 2026-06-13 19:28:26 re/_trace.py:47 close.started
DEBUG 2026-06-13 19:28:26 re/_trace.py:47 close.complete
DEBUG 2026-06-13 19:32:09 re/_trace.py:47 close.started
DEBUG 2026-06-13 19:32:09 re/_trace.py:47 close.complete
DEBUG 2026-06-13 19:32:09 re/_trace.py:47 close.started
DEBUG 2026-06-13 19:32:09 re/_trace.py:47 close.complete
DEBUG 2026-06-13 19:32:09 re/_trace.py:47 close.started
DEBUG 2026-06-13 19:32:09 re/_trace.py:47 close.complete
DEBUG 2026-06-13 19:32:09 re/_trace.py:47 close.started
DEBUG 2026-06-13 19:32:09 re/_trace.py:47 close.complete
DEBUG 2026-06-13 19:32:09 re/_trace.py:47 close.started
DEBUG 2026-06-13 19:32:09 re/_trace.py:47 close.complete
DEBUG 2026-06-13 19:32:09 re/_trace.py:47 close.started
DEBUG 2026-06-13 19:32:09 re/_trace.py:47 close.complete
DEBUG 2026-06-13 19:32:09 re/_trace.py:47 close.started
DEBUG 2026-06-13 19:32:09 re/_trace.py:47 close.complete
DEBUG 2026-06-13 19:32:09 re/_trace.py:47 close.started
DEBUG 2026-06-13 19:32:09 re/_trace.py:47 close.complete
DEBUG 2026-06-13 19:32:09 re/_trace.py:47 close.started
DEBUG 2026-06-13 19:32:09 re/_trace.py:47 close.complete
DEBUG 2026-06-13 19:32:09 re/_trace.py:47 close.started
DEBUG 2026-06-13 19:32:09 re/_trace.py:47 close.complete
INFO 2026-06-13 19:34:13 ot_train.py:459 step:7K smpl:5M ep:7K epch:138.97 loss:0.006 grdn:0.346 lr:1.0e-04 updt_s:3.637 data_s:0.652
WARNING 2026-06-13 19:34:13 db_utils.py:181 WandB logging of key "loss_per_dim" was ignored as its type "<class 'list'>" is not handled by this wrapper.
DEBUG 2026-06-13 19:35:50 re/_trace.py:47 close.started
DEBUG 2026-06-13 19:35:50 re/_trace.py:47 close.complete
DEBUG 2026-06-13 19:35:50 re/_trace.py:47 close.started
DEBUG 2026-06-13 19:35:50 re/_trace.py:47 close.complete
DEBUG 2026-06-13 19:35:50 re/_trace.py:47 close.started
DEBUG 2026-06-13 19:35:50 re/_trace.py:47 close.complete
DEBUG 2026-06-13 19:35:50 re/_trace.py:47 close.started
DEBUG 2026-06-13 19:35:50 re/_trace.py:47 close.complete
DEBUG 2026-06-13 19:35:50 re/_trace.py:47 close.started
DEBUG 2026-06-13 19:35:50 re/_trace.py:47 close.complete
DEBUG 2026-06-13 19:35:50 re/_trace.py:47 close.started
DEBUG 2026-06-13 19:35:50 re/_trace.py:47 close.complete
DEBUG 2026-06-13 19:35:50 re/_trace.py:47 close.started
DEBUG 2026-06-13 19:35:50 re/_trace.py:47 close.complete
DEBUG 2026-06-13 19:35:51 re/_trace.py:47 close.started
DEBUG 2026-06-13 19:35:51 re/_trace.py:47 close.complete
DEBUG 2026-06-13 19:35:51 re/_trace.py:47 close.started
DEBUG 2026-06-13 19:35:51 re/_trace.py:47 close.complete
DEBUG 2026-06-13 19:35:51 re/_trace.py:47 close.started
DEBUG 2026-06-13 19:35:51 re/_trace.py:47 close.complete
DEBUG 2026-06-13 19:39:31 re/_trace.py:47 close.started
DEBUG 2026-06-13 19:39:31 re/_trace.py:47 close.complete
DEBUG 2026-06-13 19:39:31 re/_trace.py:47 close.started
DEBUG 2026-06-13 19:39:31 re/_trace.py:47 close.complete
DEBUG 2026-06-13 19:39:31 re/_trace.py:47 close.started
DEBUG 2026-06-13 19:39:31 re/_trace.py:47 close.complete
DEBUG 2026-06-13 19:39:31 re/_trace.py:47 close.started
DEBUG 2026-06-13 19:39:31 re/_trace.py:47 close.complete
DEBUG 2026-06-13 19:39:31 re/_trace.py:47 close.started
DEBUG 2026-06-13 19:39:31 re/_trace.py:47 close.complete
DEBUG 2026-06-13 19:39:31 re/_trace.py:47 close.started
DEBUG 2026-06-13 19:39:31 re/_trace.py:47 close.complete
DEBUG 2026-06-13 19:39:31 re/_trace.py:47 close.started
DEBUG 2026-06-13 19:39:31 re/_trace.py:47 close.complete
DEBUG 2026-06-13 19:39:31 re/_trace.py:47 close.started
DEBUG 2026-06-13 19:39:31 re/_trace.py:47 close.complete
DEBUG 2026-06-13 19:39:31 re/_trace.py:47 close.started
DEBUG 2026-06-13 19:39:31 re/_trace.py:47 close.complete
DEBUG 2026-06-13 19:39:31 re/_trace.py:47 close.started
DEBUG 2026-06-13 19:39:31 re/_trace.py:47 close.complete
DEBUG 2026-06-13 19:43:12 re/_trace.py:47 close.started
DEBUG 2026-06-13 19:43:12 re/_trace.py:47 close.complete
DEBUG 2026-06-13 19:43:12 re/_trace.py:47 close.started
DEBUG 2026-06-13 19:43:12 re/_trace.py:47 close.complete
DEBUG 2026-06-13 19:43:12 re/_trace.py:47 close.started
DEBUG 2026-06-13 19:43:12 re/_trace.py:47 close.complete
DEBUG 2026-06-13 19:43:12 re/_trace.py:47 close.started
DEBUG 2026-06-13 19:43:12 re/_trace.py:47 close.complete
DEBUG 2026-06-13 19:43:12 re/_trace.py:47 close.started
DEBUG 2026-06-13 19:43:12 re/_trace.py:47 close.complete
DEBUG 2026-06-13 19:43:12 re/_trace.py:47 close.started
DEBUG 2026-06-13 19:43:12 re/_trace.py:47 close.complete
DEBUG 2026-06-13 19:43:12 re/_trace.py:47 close.started
DEBUG 2026-06-13 19:43:12 re/_trace.py:47 close.complete
DEBUG 2026-06-13 19:43:12 re/_trace.py:47 close.started
DEBUG 2026-06-13 19:43:12 re/_trace.py:47 close.complete
DEBUG 2026-06-13 19:43:12 re/_trace.py:47 close.started
DEBUG 2026-06-13 19:43:12 re/_trace.py:47 close.complete
DEBUG 2026-06-13 19:43:12 re/_trace.py:47 close.started
DEBUG 2026-06-13 19:43:12 re/_trace.py:47 close.complete
DEBUG 2026-06-13 19:46:55 re/_trace.py:47 close.started
DEBUG 2026-06-13 19:46:55 re/_trace.py:47 close.complete
DEBUG 2026-06-13 19:46:55 re/_trace.py:47 close.started
DEBUG 2026-06-13 19:46:55 re/_trace.py:47 close.complete
DEBUG 2026-06-13 19:46:55 re/_trace.py:47 close.started
DEBUG 2026-06-13 19:46:55 re/_trace.py:47 close.complete
DEBUG 2026-06-13 19:46:55 re/_trace.py:47 close.started
DEBUG 2026-06-13 19:46:55 re/_trace.py:47 close.complete
DEBUG 2026-06-13 19:46:55 re/_trace.py:47 close.started
DEBUG 2026-06-13 19:46:55 re/_trace.py:47 close.complete
DEBUG 2026-06-13 19:46:55 re/_trace.py:47 close.started
DEBUG 2026-06-13 19:46:55 re/_trace.py:47 close.complete
DEBUG 2026-06-13 19:46:55 re/_trace.py:47 close.started
DEBUG 2026-06-13 19:46:55 re/_trace.py:47 close.complete
DEBUG 2026-06-13 19:46:55 re/_trace.py:47 close.started
DEBUG 2026-06-13 19:46:55 re/_trace.py:47 close.complete
DEBUG 2026-06-13 19:46:55 re/_trace.py:47 close.started
DEBUG 2026-06-13 19:46:55 re/_trace.py:47 close.complete
DEBUG 2026-06-13 19:46:55 re/_trace.py:47 close.started
DEBUG 2026-06-13 19:46:55 re/_trace.py:47 close.complete
INFO 2026-06-13 19:48:31 ot_train.py:459 step:7K smpl:5M ep:7K epch:142.83 loss:0.006 grdn:0.359 lr:1.0e-04 updt_s:3.601 data_s:0.686
WARNING 2026-06-13 19:48:31 db_utils.py:181 WandB logging of key "loss_per_dim" was ignored as its type "<class 'list'>" is not handled by this wrapper.
DEBUG 2026-06-13 19:50:38 re/_trace.py:47 close.started
DEBUG 2026-06-13 19:50:38 re/_trace.py:47 close.complete
DEBUG 2026-06-13 19:50:38 re/_trace.py:47 close.started
DEBUG 2026-06-13 19:50:38 re/_trace.py:47 close.complete
DEBUG 2026-06-13 19:50:38 re/_trace.py:47 close.started
DEBUG 2026-06-13 19:50:38 re/_trace.py:47 close.complete
DEBUG 2026-06-13 19:50:38 re/_trace.py:47 close.started
DEBUG 2026-06-13 19:50:38 re/_trace.py:47 close.complete
DEBUG 2026-06-13 19:50:38 re/_trace.py:47 close.started
DEBUG 2026-06-13 19:50:38 re/_trace.py:47 close.complete
DEBUG 2026-06-13 19:50:38 re/_trace.py:47 close.started
DEBUG 2026-06-13 19:50:38 re/_trace.py:47 close.complete
DEBUG 2026-06-13 19:50:38 re/_trace.py:47 close.started
DEBUG 2026-06-13 19:50:38 re/_trace.py:47 close.complete
DEBUG 2026-06-13 19:50:38 re/_trace.py:47 close.started
DEBUG 2026-06-13 19:50:38 re/_trace.py:47 close.complete
DEBUG 2026-06-13 19:50:38 re/_trace.py:47 close.started
DEBUG 2026-06-13 19:50:38 re/_trace.py:47 close.complete
DEBUG 2026-06-13 19:50:38 re/_trace.py:47 close.started
DEBUG 2026-06-13 19:50:38 re/_trace.py:47 close.complete
DEBUG 2026-06-13 19:54:19 re/_trace.py:47 close.started
DEBUG 2026-06-13 19:54:19 re/_trace.py:47 close.complete
DEBUG 2026-06-13 19:54:19 re/_trace.py:47 close.started
DEBUG 2026-06-13 19:54:19 re/_trace.py:47 close.complete
DEBUG 2026-06-13 19:54:19 re/_trace.py:47 close.started
DEBUG 2026-06-13 19:54:19 re/_trace.py:47 close.complete
DEBUG 2026-06-13 19:54:19 re/_trace.py:47 close.started
DEBUG 2026-06-13 19:54:19 re/_trace.py:47 close.complete
DEBUG 2026-06-13 19:54:19 re/_trace.py:47 close.started
DEBUG 2026-06-13 19:54:19 re/_trace.py:47 close.complete
DEBUG 2026-06-13 19:54:19 re/_trace.py:47 close.started
DEBUG 2026-06-13 19:54:19 re/_trace.py:47 close.complete
DEBUG 2026-06-13 19:54:19 re/_trace.py:47 close.started
DEBUG 2026-06-13 19:54:19 re/_trace.py:47 close.complete
DEBUG 2026-06-13 19:54:19 re/_trace.py:47 close.started
DEBUG 2026-06-13 19:54:19 re/_trace.py:47 close.complete
DEBUG 2026-06-13 19:54:19 re/_trace.py:47 close.started
DEBUG 2026-06-13 19:54:19 re/_trace.py:47 close.complete
DEBUG 2026-06-13 19:54:19 re/_trace.py:47 close.started
DEBUG 2026-06-13 19:54:19 re/_trace.py:47 close.complete
DEBUG 2026-06-13 19:58:00 re/_trace.py:47 close.started
DEBUG 2026-06-13 19:58:00 re/_trace.py:47 close.complete
DEBUG 2026-06-13 19:58:00 re/_trace.py:47 close.started
DEBUG 2026-06-13 19:58:00 re/_trace.py:47 close.complete
DEBUG 2026-06-13 19:58:00 re/_trace.py:47 close.started
DEBUG 2026-06-13 19:58:00 re/_trace.py:47 close.complete
DEBUG 2026-06-13 19:58:01 re/_trace.py:47 close.started
DEBUG 2026-06-13 19:58:01 re/_trace.py:47 close.complete
DEBUG 2026-06-13 19:58:01 re/_trace.py:47 close.started
DEBUG 2026-06-13 19:58:01 re/_trace.py:47 close.complete
DEBUG 2026-06-13 19:58:01 re/_trace.py:47 close.started
DEBUG 2026-06-13 19:58:01 re/_trace.py:47 close.complete
DEBUG 2026-06-13 19:58:01 re/_trace.py:47 close.started
DEBUG 2026-06-13 19:58:01 re/_trace.py:47 close.complete
DEBUG 2026-06-13 19:58:01 re/_trace.py:47 close.started
DEBUG 2026-06-13 19:58:01 re/_trace.py:47 close.complete
DEBUG 2026-06-13 19:58:01 re/_trace.py:47 close.started
DEBUG 2026-06-13 19:58:01 re/_trace.py:47 close.complete
DEBUG 2026-06-13 19:58:01 re/_trace.py:47 close.started
DEBUG 2026-06-13 19:58:01 re/_trace.py:47 close.complete
DEBUG 2026-06-13 20:01:40 re/_trace.py:47 close.started
DEBUG 2026-06-13 20:01:40 re/_trace.py:47 close.complete
DEBUG 2026-06-13 20:01:41 re/_trace.py:47 close.started
DEBUG 2026-06-13 20:01:41 re/_trace.py:47 close.complete
DEBUG 2026-06-13 20:01:41 re/_trace.py:47 close.started
DEBUG 2026-06-13 20:01:41 re/_trace.py:47 close.complete
DEBUG 2026-06-13 20:01:41 re/_trace.py:47 close.started
DEBUG 2026-06-13 20:01:41 re/_trace.py:47 close.complete
DEBUG 2026-06-13 20:01:41 re/_trace.py:47 close.started
DEBUG 2026-06-13 20:01:41 re/_trace.py:47 close.complete
DEBUG 2026-06-13 20:01:41 re/_trace.py:47 close.started
DEBUG 2026-06-13 20:01:41 re/_trace.py:47 close.complete
DEBUG 2026-06-13 20:01:41 re/_trace.py:47 close.started
DEBUG 2026-06-13 20:01:41 re/_trace.py:47 close.complete
DEBUG 2026-06-13 20:01:41 re/_trace.py:47 close.started
DEBUG 2026-06-13 20:01:41 re/_trace.py:47 close.complete
DEBUG 2026-06-13 20:01:41 re/_trace.py:47 close.started
DEBUG 2026-06-13 20:01:41 re/_trace.py:47 close.complete
DEBUG 2026-06-13 20:01:41 re/_trace.py:47 close.started
DEBUG 2026-06-13 20:01:41 re/_trace.py:47 close.complete
INFO 2026-06-13 20:02:46 ot_train.py:459 step:8K smpl:5M ep:7K epch:146.69 loss:0.006 grdn:0.339 lr:1.0e-04 updt_s:3.611 data_s:0.659
WARNING 2026-06-13 20:02:46 db_utils.py:181 WandB logging of key "loss_per_dim" was ignored as its type "<class 'list'>" is not handled by this wrapper.
DEBUG 2026-06-13 20:05:22 re/_trace.py:47 close.started
DEBUG 2026-06-13 20:05:22 re/_trace.py:47 close.complete
DEBUG 2026-06-13 20:05:22 re/_trace.py:47 close.started
DEBUG 2026-06-13 20:05:22 re/_trace.py:47 close.complete
DEBUG 2026-06-13 20:05:22 re/_trace.py:47 close.started
DEBUG 2026-06-13 20:05:22 re/_trace.py:47 close.complete
DEBUG 2026-06-13 20:05:23 re/_trace.py:47 close.started
DEBUG 2026-06-13 20:05:23 re/_trace.py:47 close.complete
DEBUG 2026-06-13 20:05:23 re/_trace.py:47 close.started
DEBUG 2026-06-13 20:05:23 re/_trace.py:47 close.complete
DEBUG 2026-06-13 20:05:23 re/_trace.py:47 close.started
DEBUG 2026-06-13 20:05:23 re/_trace.py:47 close.complete
DEBUG 2026-06-13 20:05:23 re/_trace.py:47 close.started
DEBUG 2026-06-13 20:05:23 re/_trace.py:47 close.complete
DEBUG 2026-06-13 20:05:23 re/_trace.py:47 close.started
DEBUG 2026-06-13 20:05:23 re/_trace.py:47 close.complete
DEBUG 2026-06-13 20:05:23 re/_trace.py:47 close.started
DEBUG 2026-06-13 20:05:23 re/_trace.py:47 close.complete
DEBUG 2026-06-13 20:05:23 re/_trace.py:47 close.started
DEBUG 2026-06-13 20:05:23 re/_trace.py:47 close.complete
DEBUG 2026-06-13 20:09:06 re/_trace.py:47 close.started
DEBUG 2026-06-13 20:09:06 re/_trace.py:47 close.complete
DEBUG 2026-06-13 20:09:06 re/_trace.py:47 close.started
DEBUG 2026-06-13 20:09:06 re/_trace.py:47 close.complete
DEBUG 2026-06-13 20:09:06 re/_trace.py:47 close.started
DEBUG 2026-06-13 20:09:06 re/_trace.py:47 close.complete
DEBUG 2026-06-13 20:09:06 re/_trace.py:47 close.started
DEBUG 2026-06-13 20:09:06 re/_trace.py:47 close.complete
DEBUG 2026-06-13 20:09:06 re/_trace.py:47 close.started
DEBUG 2026-06-13 20:09:06 re/_trace.py:47 close.complete
DEBUG 2026-06-13 20:09:06 re/_trace.py:47 close.started
DEBUG 2026-06-13 20:09:06 re/_trace.py:47 close.complete
DEBUG 2026-06-13 20:09:06 re/_trace.py:47 close.started
DEBUG 2026-06-13 20:09:06 re/_trace.py:47 close.complete
DEBUG 2026-06-13 20:09:06 re/_trace.py:47 close.started
DEBUG 2026-06-13 20:09:06 re/_trace.py:47 close.complete
DEBUG 2026-06-13 20:09:06 re/_trace.py:47 close.started
DEBUG 2026-06-13 20:09:06 re/_trace.py:47 close.complete
DEBUG 2026-06-13 20:09:06 re/_trace.py:47 close.started
DEBUG 2026-06-13 20:09:06 re/_trace.py:47 close.complete
DEBUG 2026-06-13 20:12:47 re/_trace.py:47 close.started
DEBUG 2026-06-13 20:12:47 re/_trace.py:47 close.complete
DEBUG 2026-06-13 20:12:47 re/_trace.py:47 close.started
DEBUG 2026-06-13 20:12:47 re/_trace.py:47 close.complete
DEBUG 2026-06-13 20:12:47 re/_trace.py:47 close.started
DEBUG 2026-06-13 20:12:47 re/_trace.py:47 close.complete
DEBUG 2026-06-13 20:12:47 re/_trace.py:47 close.started
DEBUG 2026-06-13 20:12:47 re/_trace.py:47 close.complete
DEBUG 2026-06-13 20:12:47 re/_trace.py:47 close.started
DEBUG 2026-06-13 20:12:47 re/_trace.py:47 close.complete
DEBUG 2026-06-13 20:12:47 re/_trace.py:47 close.started
DEBUG 2026-06-13 20:12:47 re/_trace.py:47 close.complete
DEBUG 2026-06-13 20:12:47 re/_trace.py:47 close.started
DEBUG 2026-06-13 20:12:47 re/_trace.py:47 close.complete
DEBUG 2026-06-13 20:12:47 re/_trace.py:47 close.started
DEBUG 2026-06-13 20:12:47 re/_trace.py:47 close.complete
DEBUG 2026-06-13 20:12:47 re/_trace.py:47 close.started
DEBUG 2026-06-13 20:12:47 re/_trace.py:47 close.complete
DEBUG 2026-06-13 20:12:47 re/_trace.py:47 close.started
DEBUG 2026-06-13 20:12:47 re/_trace.py:47 close.complete
INFO 2026-06-13 20:16:26 ot_train.py:459 step:8K smpl:5M ep:8K epch:150.56 loss:0.006 grdn:0.327 lr:1.0e-04 updt_s:3.563 data_s:0.533
WARNING 2026-06-13 20:16:26 db_utils.py:181 WandB logging of key "loss_per_dim" was ignored as its type "<class 'list'>" is not handled by this wrapper.
DEBUG 2026-06-13 20:16:26 re/_trace.py:47 close.started
DEBUG 2026-06-13 20:16:26 re/_trace.py:47 close.complete
DEBUG 2026-06-13 20:16:26 re/_trace.py:47 close.started
DEBUG 2026-06-13 20:16:26 re/_trace.py:47 close.complete
DEBUG 2026-06-13 20:16:26 re/_trace.py:47 close.started
DEBUG 2026-06-13 20:16:26 re/_trace.py:47 close.complete
DEBUG 2026-06-13 20:16:26 re/_trace.py:47 close.started
DEBUG 2026-06-13 20:16:26 re/_trace.py:47 close.complete
DEBUG 2026-06-13 20:16:26 re/_trace.py:47 close.started
DEBUG 2026-06-13 20:16:26 re/_trace.py:47 close.complete
DEBUG 2026-06-13 20:16:26 re/_trace.py:47 close.started
DEBUG 2026-06-13 20:16:26 re/_trace.py:47 close.complete
DEBUG 2026-06-13 20:16:26 re/_trace.py:47 close.started
DEBUG 2026-06-13 20:16:26 re/_trace.py:47 close.complete
DEBUG 2026-06-13 20:16:26 re/_trace.py:47 close.started
DEBUG 2026-06-13 20:16:26 re/_trace.py:47 close.complete
DEBUG 2026-06-13 20:16:26 re/_trace.py:47 close.started
DEBUG 2026-06-13 20:16:26 re/_trace.py:47 close.complete
DEBUG 2026-06-13 20:16:26 re/_trace.py:47 close.started
DEBUG 2026-06-13 20:16:26 re/_trace.py:47 close.complete
DEBUG 2026-06-13 20:20:09 re/_trace.py:47 close.started
DEBUG 2026-06-13 20:20:09 re/_trace.py:47 close.complete
DEBUG 2026-06-13 20:20:09 re/_trace.py:47 close.started
DEBUG 2026-06-13 20:20:09 re/_trace.py:47 close.complete
DEBUG 2026-06-13 20:20:09 re/_trace.py:47 close.started
DEBUG 2026-06-13 20:20:09 re/_trace.py:47 close.complete
DEBUG 2026-06-13 20:20:09 re/_trace.py:47 close.started
DEBUG 2026-06-13 20:20:09 re/_trace.py:47 close.complete
DEBUG 2026-06-13 20:20:09 re/_trace.py:47 close.started
DEBUG 2026-06-13 20:20:09 re/_trace.py:47 close.complete
DEBUG 2026-06-13 20:20:09 re/_trace.py:47 close.started
DEBUG 2026-06-13 20:20:09 re/_trace.py:47 close.complete
DEBUG 2026-06-13 20:20:09 re/_trace.py:47 close.started
DEBUG 2026-06-13 20:20:09 re/_trace.py:47 close.complete
DEBUG 2026-06-13 20:20:09 re/_trace.py:47 close.started
DEBUG 2026-06-13 20:20:09 re/_trace.py:47 close.complete
DEBUG 2026-06-13 20:20:09 re/_trace.py:47 close.started
DEBUG 2026-06-13 20:20:09 re/_trace.py:47 close.complete
DEBUG 2026-06-13 20:20:09 re/_trace.py:47 close.started
DEBUG 2026-06-13 20:20:09 re/_trace.py:47 close.complete
DEBUG 2026-06-13 20:23:49 re/_trace.py:47 close.started
DEBUG 2026-06-13 20:23:49 re/_trace.py:47 close.complete
DEBUG 2026-06-13 20:23:49 re/_trace.py:47 close.started
DEBUG 2026-06-13 20:23:49 re/_trace.py:47 close.complete
DEBUG 2026-06-13 20:23:49 re/_trace.py:47 close.started
DEBUG 2026-06-13 20:23:49 re/_trace.py:47 close.complete
DEBUG 2026-06-13 20:23:49 re/_trace.py:47 close.started
DEBUG 2026-06-13 20:23:49 re/_trace.py:47 close.complete
DEBUG 2026-06-13 20:23:49 re/_trace.py:47 close.started
DEBUG 2026-06-13 20:23:49 re/_trace.py:47 close.complete
DEBUG 2026-06-13 20:23:49 re/_trace.py:47 close.started
DEBUG 2026-06-13 20:23:49 re/_trace.py:47 close.complete
DEBUG 2026-06-13 20:23:49 re/_trace.py:47 close.started
DEBUG 2026-06-13 20:23:49 re/_trace.py:47 close.complete
DEBUG 2026-06-13 20:23:49 re/_trace.py:47 close.started
DEBUG 2026-06-13 20:23:49 re/_trace.py:47 close.complete
DEBUG 2026-06-13 20:23:49 re/_trace.py:47 close.started
DEBUG 2026-06-13 20:23:49 re/_trace.py:47 close.complete
DEBUG 2026-06-13 20:23:49 re/_trace.py:47 close.started
DEBUG 2026-06-13 20:23:49 re/_trace.py:47 close.complete
DEBUG 2026-06-13 20:27:30 re/_trace.py:47 close.started
DEBUG 2026-06-13 20:27:30 re/_trace.py:47 close.complete
DEBUG 2026-06-13 20:27:30 re/_trace.py:47 close.started
DEBUG 2026-06-13 20:27:30 re/_trace.py:47 close.complete
DEBUG 2026-06-13 20:27:30 re/_trace.py:47 close.started
DEBUG 2026-06-13 20:27:30 re/_trace.py:47 close.complete
DEBUG 2026-06-13 20:27:30 re/_trace.py:47 close.started
DEBUG 2026-06-13 20:27:30 re/_trace.py:47 close.complete
DEBUG 2026-06-13 20:27:30 re/_trace.py:47 close.started
DEBUG 2026-06-13 20:27:30 re/_trace.py:47 close.complete
DEBUG 2026-06-13 20:27:30 re/_trace.py:47 close.started
DEBUG 2026-06-13 20:27:30 re/_trace.py:47 close.complete
DEBUG 2026-06-13 20:27:31 re/_trace.py:47 close.started
DEBUG 2026-06-13 20:27:31 re/_trace.py:47 close.complete
DEBUG 2026-06-13 20:27:31 re/_trace.py:47 close.started
DEBUG 2026-06-13 20:27:31 re/_trace.py:47 close.complete
DEBUG 2026-06-13 20:27:31 re/_trace.py:47 close.started
DEBUG 2026-06-13 20:27:31 re/_trace.py:47 close.complete
DEBUG 2026-06-13 20:27:31 re/_trace.py:47 close.started
DEBUG 2026-06-13 20:27:31 re/_trace.py:47 close.complete
INFO 2026-06-13 20:30:43 ot_train.py:459 step:8K smpl:6M ep:8K epch:154.42 loss:0.006 grdn:0.347 lr:1.0e-04 updt_s:3.642 data_s:0.639
WARNING 2026-06-13 20:30:43 db_utils.py:181 WandB logging of key "loss_per_dim" was ignored as its type "<class 'list'>" is not handled by this wrapper.
DEBUG 2026-06-13 20:31:11 re/_trace.py:47 close.started
DEBUG 2026-06-13 20:31:11 re/_trace.py:47 close.complete
DEBUG 2026-06-13 20:31:11 re/_trace.py:47 close.started
DEBUG 2026-06-13 20:31:11 re/_trace.py:47 close.complete
DEBUG 2026-06-13 20:31:11 re/_trace.py:47 close.started
DEBUG 2026-06-13 20:31:11 re/_trace.py:47 close.complete
DEBUG 2026-06-13 20:31:11 re/_trace.py:47 close.started
DEBUG 2026-06-13 20:31:11 re/_trace.py:47 close.complete
DEBUG 2026-06-13 20:31:12 re/_trace.py:47 close.started
DEBUG 2026-06-13 20:31:12 re/_trace.py:47 close.complete
DEBUG 2026-06-13 20:31:12 re/_trace.py:47 close.started
DEBUG 2026-06-13 20:31:12 re/_trace.py:47 close.complete
DEBUG 2026-06-13 20:31:12 re/_trace.py:47 close.started
DEBUG 2026-06-13 20:31:12 re/_trace.py:47 close.complete
DEBUG 2026-06-13 20:31:12 re/_trace.py:47 close.started
DEBUG 2026-06-13 20:31:12 re/_trace.py:47 close.complete
DEBUG 2026-06-13 20:31:12 re/_trace.py:47 close.started
DEBUG 2026-06-13 20:31:12 re/_trace.py:47 close.complete
DEBUG 2026-06-13 20:31:12 re/_trace.py:47 close.started
DEBUG 2026-06-13 20:31:12 re/_trace.py:47 close.complete
DEBUG 2026-06-13 20:34:51 re/_trace.py:47 close.started
DEBUG 2026-06-13 20:34:51 re/_trace.py:47 close.complete
DEBUG 2026-06-13 20:34:51 re/_trace.py:47 close.started
DEBUG 2026-06-13 20:34:51 re/_trace.py:47 close.complete
DEBUG 2026-06-13 20:34:51 re/_trace.py:47 close.started
DEBUG 2026-06-13 20:34:51 re/_trace.py:47 close.complete
DEBUG 2026-06-13 20:34:51 re/_trace.py:47 close.started
DEBUG 2026-06-13 20:34:51 re/_trace.py:47 close.complete
DEBUG 2026-06-13 20:34:51 re/_trace.py:47 close.started
DEBUG 2026-06-13 20:34:51 re/_trace.py:47 close.complete
DEBUG 2026-06-13 20:34:51 re/_trace.py:47 close.started
DEBUG 2026-06-13 20:34:51 re/_trace.py:47 close.complete
DEBUG 2026-06-13 20:34:51 re/_trace.py:47 close.started
DEBUG 2026-06-13 20:34:51 re/_trace.py:47 close.complete
DEBUG 2026-06-13 20:34:52 re/_trace.py:47 close.started
DEBUG 2026-06-13 20:34:52 re/_trace.py:47 close.complete
DEBUG 2026-06-13 20:34:52 re/_trace.py:47 close.started
DEBUG 2026-06-13 20:34:52 re/_trace.py:47 close.complete
DEBUG 2026-06-13 20:34:52 re/_trace.py:47 close.started
DEBUG 2026-06-13 20:34:52 re/_trace.py:47 close.complete
DEBUG 2026-06-13 20:38:33 re/_trace.py:47 close.started
DEBUG 2026-06-13 20:38:33 re/_trace.py:47 close.complete
DEBUG 2026-06-13 20:38:33 re/_trace.py:47 close.started
DEBUG 2026-06-13 20:38:33 re/_trace.py:47 close.complete
DEBUG 2026-06-13 20:38:33 re/_trace.py:47 close.started
DEBUG 2026-06-13 20:38:33 re/_trace.py:47 close.complete
DEBUG 2026-06-13 20:38:33 re/_trace.py:47 close.started
DEBUG 2026-06-13 20:38:33 re/_trace.py:47 close.complete
DEBUG 2026-06-13 20:38:33 re/_trace.py:47 close.started
DEBUG 2026-06-13 20:38:33 re/_trace.py:47 close.complete
DEBUG 2026-06-13 20:38:33 re/_trace.py:47 close.started
DEBUG 2026-06-13 20:38:33 re/_trace.py:47 close.complete
DEBUG 2026-06-13 20:38:33 re/_trace.py:47 close.started
DEBUG 2026-06-13 20:38:33 re/_trace.py:47 close.complete
DEBUG 2026-06-13 20:38:33 re/_trace.py:47 close.started
DEBUG 2026-06-13 20:38:33 re/_trace.py:47 close.complete
DEBUG 2026-06-13 20:38:33 re/_trace.py:47 close.started
DEBUG 2026-06-13 20:38:33 re/_trace.py:47 close.complete
DEBUG 2026-06-13 20:38:33 re/_trace.py:47 close.started
DEBUG 2026-06-13 20:38:33 re/_trace.py:47 close.complete
DEBUG 2026-06-13 20:42:13 re/_trace.py:47 close.started
DEBUG 2026-06-13 20:42:13 re/_trace.py:47 close.complete
DEBUG 2026-06-13 20:42:14 re/_trace.py:47 close.started
DEBUG 2026-06-13 20:42:14 re/_trace.py:47 close.complete
DEBUG 2026-06-13 20:42:14 re/_trace.py:47 close.started
DEBUG 2026-06-13 20:42:14 re/_trace.py:47 close.complete
DEBUG 2026-06-13 20:42:14 re/_trace.py:47 close.started
DEBUG 2026-06-13 20:42:14 re/_trace.py:47 close.complete
DEBUG 2026-06-13 20:42:14 re/_trace.py:47 close.started
DEBUG 2026-06-13 20:42:14 re/_trace.py:47 close.complete
DEBUG 2026-06-13 20:42:14 re/_trace.py:47 close.started
DEBUG 2026-06-13 20:42:14 re/_trace.py:47 close.complete
DEBUG 2026-06-13 20:42:14 re/_trace.py:47 close.started
DEBUG 2026-06-13 20:42:14 re/_trace.py:47 close.complete
DEBUG 2026-06-13 20:42:14 re/_trace.py:47 close.started
DEBUG 2026-06-13 20:42:14 re/_trace.py:47 close.complete
DEBUG 2026-06-13 20:42:14 re/_trace.py:47 close.started
DEBUG 2026-06-13 20:42:14 re/_trace.py:47 close.complete
DEBUG 2026-06-13 20:42:14 re/_trace.py:47 close.started
DEBUG 2026-06-13 20:42:14 re/_trace.py:47 close.complete
INFO 2026-06-13 20:45:00 ot_train.py:459 step:8K smpl:6M ep:8K epch:158.28 loss:0.006 grdn:0.347 lr:1.0e-04 updt_s:3.627 data_s:0.654
WARNING 2026-06-13 20:45:00 db_utils.py:181 WandB logging of key "loss_per_dim" was ignored as its type "<class 'list'>" is not handled by this wrapper.
DEBUG 2026-06-13 20:45:56 re/_trace.py:47 close.started
DEBUG 2026-06-13 20:45:56 re/_trace.py:47 close.complete
DEBUG 2026-06-13 20:45:56 re/_trace.py:47 close.started
DEBUG 2026-06-13 20:45:56 re/_trace.py:47 close.complete
DEBUG 2026-06-13 20:45:56 re/_trace.py:47 close.started
DEBUG 2026-06-13 20:45:56 re/_trace.py:47 close.complete
DEBUG 2026-06-13 20:45:56 re/_trace.py:47 close.started
DEBUG 2026-06-13 20:45:56 re/_trace.py:47 close.complete
DEBUG 2026-06-13 20:45:56 re/_trace.py:47 close.started
DEBUG 2026-06-13 20:45:56 re/_trace.py:47 close.complete
DEBUG 2026-06-13 20:45:56 re/_trace.py:47 close.started
DEBUG 2026-06-13 20:45:56 re/_trace.py:47 close.complete
DEBUG 2026-06-13 20:45:56 re/_trace.py:47 close.started
DEBUG 2026-06-13 20:45:56 re/_trace.py:47 close.complete
DEBUG 2026-06-13 20:45:56 re/_trace.py:47 close.started
DEBUG 2026-06-13 20:45:56 re/_trace.py:47 close.complete
DEBUG 2026-06-13 20:45:56 re/_trace.py:47 close.started
DEBUG 2026-06-13 20:45:56 re/_trace.py:47 close.complete
DEBUG 2026-06-13 20:45:57 re/_trace.py:47 close.started
DEBUG 2026-06-13 20:45:57 re/_trace.py:47 close.complete
DEBUG 2026-06-13 20:49:36 re/_trace.py:47 close.started
DEBUG 2026-06-13 20:49:36 re/_trace.py:47 close.complete
DEBUG 2026-06-13 20:49:36 re/_trace.py:47 close.started
DEBUG 2026-06-13 20:49:36 re/_trace.py:47 close.complete
DEBUG 2026-06-13 20:49:36 re/_trace.py:47 close.started
DEBUG 2026-06-13 20:49:36 re/_trace.py:47 close.complete
DEBUG 2026-06-13 20:49:36 re/_trace.py:47 close.started
DEBUG 2026-06-13 20:49:36 re/_trace.py:47 close.complete
DEBUG 2026-06-13 20:49:36 re/_trace.py:47 close.started
DEBUG 2026-06-13 20:49:36 re/_trace.py:47 close.complete
DEBUG 2026-06-13 20:49:36 re/_trace.py:47 close.started
DEBUG 2026-06-13 20:49:36 re/_trace.py:47 close.complete
DEBUG 2026-06-13 20:49:36 re/_trace.py:47 close.started
DEBUG 2026-06-13 20:49:36 re/_trace.py:47 close.complete
DEBUG 2026-06-13 20:49:36 re/_trace.py:47 close.started
DEBUG 2026-06-13 20:49:36 re/_trace.py:47 close.complete
DEBUG 2026-06-13 20:49:36 re/_trace.py:47 close.started
DEBUG 2026-06-13 20:49:36 re/_trace.py:47 close.complete
DEBUG 2026-06-13 20:49:36 re/_trace.py:47 close.started
DEBUG 2026-06-13 20:49:36 re/_trace.py:47 close.complete
DEBUG 2026-06-13 20:53:16 re/_trace.py:47 close.started
DEBUG 2026-06-13 20:53:16 re/_trace.py:47 close.complete
DEBUG 2026-06-13 20:53:16 re/_trace.py:47 close.started
DEBUG 2026-06-13 20:53:16 re/_trace.py:47 close.complete
DEBUG 2026-06-13 20:53:16 re/_trace.py:47 close.started
DEBUG 2026-06-13 20:53:16 re/_trace.py:47 close.complete
DEBUG 2026-06-13 20:53:16 re/_trace.py:47 close.started
DEBUG 2026-06-13 20:53:16 re/_trace.py:47 close.complete
DEBUG 2026-06-13 20:53:16 re/_trace.py:47 close.started
DEBUG 2026-06-13 20:53:16 re/_trace.py:47 close.complete
DEBUG 2026-06-13 20:53:16 re/_trace.py:47 close.started
DEBUG 2026-06-13 20:53:16 re/_trace.py:47 close.complete
DEBUG 2026-06-13 20:53:16 re/_trace.py:47 close.started
DEBUG 2026-06-13 20:53:16 re/_trace.py:47 close.complete
DEBUG 2026-06-13 20:53:16 re/_trace.py:47 close.started
DEBUG 2026-06-13 20:53:16 re/_trace.py:47 close.complete
DEBUG 2026-06-13 20:53:16 re/_trace.py:47 close.started
DEBUG 2026-06-13 20:53:16 re/_trace.py:47 close.complete
DEBUG 2026-06-13 20:53:16 re/_trace.py:47 close.started
DEBUG 2026-06-13 20:53:16 re/_trace.py:47 close.complete
DEBUG 2026-06-13 20:56:55 re/_trace.py:47 close.started
DEBUG 2026-06-13 20:56:55 re/_trace.py:47 close.complete
DEBUG 2026-06-13 20:56:55 re/_trace.py:47 close.started
DEBUG 2026-06-13 20:56:55 re/_trace.py:47 close.complete
DEBUG 2026-06-13 20:56:55 re/_trace.py:47 close.started
DEBUG 2026-06-13 20:56:55 re/_trace.py:47 close.complete
DEBUG 2026-06-13 20:56:55 re/_trace.py:47 close.started
DEBUG 2026-06-13 20:56:55 re/_trace.py:47 close.complete
DEBUG 2026-06-13 20:56:55 re/_trace.py:47 close.started
DEBUG 2026-06-13 20:56:55 re/_trace.py:47 close.complete
DEBUG 2026-06-13 20:56:55 re/_trace.py:47 close.started
DEBUG 2026-06-13 20:56:55 re/_trace.py:47 close.complete
DEBUG 2026-06-13 20:56:55 re/_trace.py:47 close.started
DEBUG 2026-06-13 20:56:55 re/_trace.py:47 close.complete
DEBUG 2026-06-13 20:56:55 re/_trace.py:47 close.started
DEBUG 2026-06-13 20:56:55 re/_trace.py:47 close.complete
DEBUG 2026-06-13 20:56:55 re/_trace.py:47 close.started
DEBUG 2026-06-13 20:56:55 re/_trace.py:47 close.complete
DEBUG 2026-06-13 20:56:55 re/_trace.py:47 close.started
DEBUG 2026-06-13 20:56:55 re/_trace.py:47 close.complete
INFO 2026-06-13 20:59:14 ot_train.py:459 step:8K smpl:6M ep:8K epch:162.14 loss:0.005 grdn:0.328 lr:9.9e-05 updt_s:3.589 data_s:0.674
WARNING 2026-06-13 20:59:14 db_utils.py:181 WandB logging of key "loss_per_dim" was ignored as its type "<class 'list'>" is not handled by this wrapper.
DEBUG 2026-06-13 21:00:37 re/_trace.py:47 close.started
DEBUG 2026-06-13 21:00:37 re/_trace.py:47 close.complete
DEBUG 2026-06-13 21:00:37 re/_trace.py:47 close.started
DEBUG 2026-06-13 21:00:37 re/_trace.py:47 close.complete
DEBUG 2026-06-13 21:00:37 re/_trace.py:47 close.started
DEBUG 2026-06-13 21:00:37 re/_trace.py:47 close.complete
DEBUG 2026-06-13 21:00:37 re/_trace.py:47 close.started
DEBUG 2026-06-13 21:00:37 re/_trace.py:47 close.complete
DEBUG 2026-06-13 21:00:37 re/_trace.py:47 close.started
DEBUG 2026-06-13 21:00:37 re/_trace.py:47 close.complete
DEBUG 2026-06-13 21:00:37 re/_trace.py:47 close.started
DEBUG 2026-06-13 21:00:37 re/_trace.py:47 close.complete
DEBUG 2026-06-13 21:00:37 re/_trace.py:47 close.started
DEBUG 2026-06-13 21:00:37 re/_trace.py:47 close.complete
DEBUG 2026-06-13 21:00:37 re/_trace.py:47 close.started
DEBUG 2026-06-13 21:00:37 re/_trace.py:47 close.complete
DEBUG 2026-06-13 21:00:37 re/_trace.py:47 close.started
DEBUG 2026-06-13 21:00:37 re/_trace.py:47 close.complete
DEBUG 2026-06-13 21:00:37 re/_trace.py:47 close.started
DEBUG 2026-06-13 21:00:37 re/_trace.py:47 close.complete
DEBUG 2026-06-13 21:04:16 re/_trace.py:47 close.started
DEBUG 2026-06-13 21:04:16 re/_trace.py:47 close.complete
DEBUG 2026-06-13 21:04:16 re/_trace.py:47 close.started
DEBUG 2026-06-13 21:04:16 re/_trace.py:47 close.complete
DEBUG 2026-06-13 21:04:16 re/_trace.py:47 close.started
DEBUG 2026-06-13 21:04:16 re/_trace.py:47 close.complete
DEBUG 2026-06-13 21:04:16 re/_trace.py:47 close.started
DEBUG 2026-06-13 21:04:16 re/_trace.py:47 close.complete
DEBUG 2026-06-13 21:04:16 re/_trace.py:47 close.started
DEBUG 2026-06-13 21:04:16 re/_trace.py:47 close.complete
DEBUG 2026-06-13 21:04:16 re/_trace.py:47 close.started
DEBUG 2026-06-13 21:04:16 re/_trace.py:47 close.complete
DEBUG 2026-06-13 21:04:16 re/_trace.py:47 close.started
DEBUG 2026-06-13 21:04:16 re/_trace.py:47 close.complete
DEBUG 2026-06-13 21:04:16 re/_trace.py:47 close.started
DEBUG 2026-06-13 21:04:16 re/_trace.py:47 close.complete
DEBUG 2026-06-13 21:04:16 re/_trace.py:47 close.started
DEBUG 2026-06-13 21:04:16 re/_trace.py:47 close.complete
DEBUG 2026-06-13 21:04:17 re/_trace.py:47 close.started
DEBUG 2026-06-13 21:04:17 re/_trace.py:47 close.complete
DEBUG 2026-06-13 21:07:56 re/_trace.py:47 close.started
DEBUG 2026-06-13 21:07:56 re/_trace.py:47 close.complete
DEBUG 2026-06-13 21:07:56 re/_trace.py:47 close.started
DEBUG 2026-06-13 21:07:56 re/_trace.py:47 close.complete
DEBUG 2026-06-13 21:07:56 re/_trace.py:47 close.started
DEBUG 2026-06-13 21:07:56 re/_trace.py:47 close.complete
DEBUG 2026-06-13 21:07:56 re/_trace.py:47 close.started
DEBUG 2026-06-13 21:07:56 re/_trace.py:47 close.complete
DEBUG 2026-06-13 21:07:57 re/_trace.py:47 close.started
DEBUG 2026-06-13 21:07:57 re/_trace.py:47 close.complete
DEBUG 2026-06-13 21:07:57 re/_trace.py:47 close.started
DEBUG 2026-06-13 21:07:57 re/_trace.py:47 close.complete
DEBUG 2026-06-13 21:07:57 re/_trace.py:47 close.started
DEBUG 2026-06-13 21:07:57 re/_trace.py:47 close.complete
DEBUG 2026-06-13 21:07:57 re/_trace.py:47 close.started
DEBUG 2026-06-13 21:07:57 re/_trace.py:47 close.complete
DEBUG 2026-06-13 21:07:57 re/_trace.py:47 close.started
DEBUG 2026-06-13 21:07:57 re/_trace.py:47 close.complete
DEBUG 2026-06-13 21:07:57 re/_trace.py:47 close.started
DEBUG 2026-06-13 21:07:57 re/_trace.py:47 close.complete
DEBUG 2026-06-13 21:11:36 re/_trace.py:47 close.started
DEBUG 2026-06-13 21:11:36 re/_trace.py:47 close.complete
DEBUG 2026-06-13 21:11:36 re/_trace.py:47 close.started
DEBUG 2026-06-13 21:11:36 re/_trace.py:47 close.complete
DEBUG 2026-06-13 21:11:36 re/_trace.py:47 close.started
DEBUG 2026-06-13 21:11:36 re/_trace.py:47 close.complete
DEBUG 2026-06-13 21:11:36 re/_trace.py:47 close.started
DEBUG 2026-06-13 21:11:36 re/_trace.py:47 close.complete
DEBUG 2026-06-13 21:11:36 re/_trace.py:47 close.started
DEBUG 2026-06-13 21:11:36 re/_trace.py:47 close.complete
DEBUG 2026-06-13 21:11:36 re/_trace.py:47 close.started
DEBUG 2026-06-13 21:11:36 re/_trace.py:47 close.complete
DEBUG 2026-06-13 21:11:36 re/_trace.py:47 close.started
DEBUG 2026-06-13 21:11:36 re/_trace.py:47 close.complete
DEBUG 2026-06-13 21:11:36 re/_trace.py:47 close.started
DEBUG 2026-06-13 21:11:36 re/_trace.py:47 close.complete
DEBUG 2026-06-13 21:11:36 re/_trace.py:47 close.started
DEBUG 2026-06-13 21:11:36 re/_trace.py:47 close.complete
DEBUG 2026-06-13 21:11:36 re/_trace.py:47 close.started
DEBUG 2026-06-13 21:11:36 re/_trace.py:47 close.complete
INFO 2026-06-13 21:13:23 ot_train.py:459 step:9K smpl:6M ep:8K epch:166.00 loss:0.005 grdn:0.319 lr:9.8e-05 updt_s:3.558 data_s:0.686
WARNING 2026-06-13 21:13:23 db_utils.py:181 WandB logging of key "loss_per_dim" was ignored as its type "<class 'list'>" is not handled by this wrapper.
DEBUG 2026-06-13 21:15:15 re/_trace.py:47 close.started
DEBUG 2026-06-13 21:15:15 re/_trace.py:47 close.complete
DEBUG 2026-06-13 21:15:15 re/_trace.py:47 close.started
DEBUG 2026-06-13 21:15:15 re/_trace.py:47 close.complete
DEBUG 2026-06-13 21:15:15 re/_trace.py:47 close.started
DEBUG 2026-06-13 21:15:15 re/_trace.py:47 close.complete
DEBUG 2026-06-13 21:15:15 re/_trace.py:47 close.started
DEBUG 2026-06-13 21:15:15 re/_trace.py:47 close.complete
DEBUG 2026-06-13 21:15:15 re/_trace.py:47 close.started
DEBUG 2026-06-13 21:15:15 re/_trace.py:47 close.complete
DEBUG 2026-06-13 21:15:15 re/_trace.py:47 close.started
DEBUG 2026-06-13 21:15:15 re/_trace.py:47 close.complete
DEBUG 2026-06-13 21:15:15 re/_trace.py:47 close.started
DEBUG 2026-06-13 21:15:15 re/_trace.py:47 close.complete
DEBUG 2026-06-13 21:15:15 re/_trace.py:47 close.started
DEBUG 2026-06-13 21:15:15 re/_trace.py:47 close.complete
DEBUG 2026-06-13 21:15:16 re/_trace.py:47 close.started
DEBUG 2026-06-13 21:15:16 re/_trace.py:47 close.complete
DEBUG 2026-06-13 21:15:16 re/_trace.py:47 close.started
DEBUG 2026-06-13 21:15:16 re/_trace.py:47 close.complete
DEBUG 2026-06-13 21:18:56 re/_trace.py:47 close.started
DEBUG 2026-06-13 21:18:56 re/_trace.py:47 close.complete
DEBUG 2026-06-13 21:18:56 re/_trace.py:47 close.started
DEBUG 2026-06-13 21:18:56 re/_trace.py:47 close.complete
DEBUG 2026-06-13 21:18:56 re/_trace.py:47 close.started
DEBUG 2026-06-13 21:18:56 re/_trace.py:47 close.complete
DEBUG 2026-06-13 21:18:56 re/_trace.py:47 close.started
DEBUG 2026-06-13 21:18:56 re/_trace.py:47 close.complete
DEBUG 2026-06-13 21:18:56 re/_trace.py:47 close.started
DEBUG 2026-06-13 21:18:56 re/_trace.py:47 close.complete
DEBUG 2026-06-13 21:18:56 re/_trace.py:47 close.started
DEBUG 2026-06-13 21:18:56 re/_trace.py:47 close.complete
DEBUG 2026-06-13 21:18:56 re/_trace.py:47 close.started
DEBUG 2026-06-13 21:18:56 re/_trace.py:47 close.complete
DEBUG 2026-06-13 21:18:56 re/_trace.py:47 close.started
DEBUG 2026-06-13 21:18:56 re/_trace.py:47 close.complete
DEBUG 2026-06-13 21:18:56 re/_trace.py:47 close.started
DEBUG 2026-06-13 21:18:56 re/_trace.py:47 close.complete
DEBUG 2026-06-13 21:18:56 re/_trace.py:47 close.started
DEBUG 2026-06-13 21:18:56 re/_trace.py:47 close.complete
DEBUG 2026-06-13 21:22:36 re/_trace.py:47 close.started
DEBUG 2026-06-13 21:22:36 re/_trace.py:47 close.complete
DEBUG 2026-06-13 21:22:36 re/_trace.py:47 close.started
DEBUG 2026-06-13 21:22:36 re/_trace.py:47 close.complete
DEBUG 2026-06-13 21:22:36 re/_trace.py:47 close.started
DEBUG 2026-06-13 21:22:36 re/_trace.py:47 close.complete
DEBUG 2026-06-13 21:22:36 re/_trace.py:47 close.started
DEBUG 2026-06-13 21:22:36 re/_trace.py:47 close.complete
DEBUG 2026-06-13 21:22:36 re/_trace.py:47 close.started
DEBUG 2026-06-13 21:22:36 re/_trace.py:47 close.complete
DEBUG 2026-06-13 21:22:36 re/_trace.py:47 close.started
DEBUG 2026-06-13 21:22:36 re/_trace.py:47 close.complete
DEBUG 2026-06-13 21:22:36 re/_trace.py:47 close.started
DEBUG 2026-06-13 21:22:36 re/_trace.py:47 close.complete
DEBUG 2026-06-13 21:22:36 re/_trace.py:47 close.started
DEBUG 2026-06-13 21:22:36 re/_trace.py:47 close.complete
DEBUG 2026-06-13 21:22:36 re/_trace.py:47 close.started
DEBUG 2026-06-13 21:22:36 re/_trace.py:47 close.complete
DEBUG 2026-06-13 21:22:36 re/_trace.py:47 close.started
DEBUG 2026-06-13 21:22:36 re/_trace.py:47 close.complete
DEBUG 2026-06-13 21:26:18 re/_trace.py:47 close.started
DEBUG 2026-06-13 21:26:18 re/_trace.py:47 close.complete
DEBUG 2026-06-13 21:26:18 re/_trace.py:47 close.started
DEBUG 2026-06-13 21:26:18 re/_trace.py:47 close.complete
DEBUG 2026-06-13 21:26:18 re/_trace.py:47 close.started
DEBUG 2026-06-13 21:26:18 re/_trace.py:47 close.complete
DEBUG 2026-06-13 21:26:18 re/_trace.py:47 close.started
DEBUG 2026-06-13 21:26:18 re/_trace.py:47 close.complete
DEBUG 2026-06-13 21:26:18 re/_trace.py:47 close.started
DEBUG 2026-06-13 21:26:18 re/_trace.py:47 close.complete
DEBUG 2026-06-13 21:26:18 re/_trace.py:47 close.started
DEBUG 2026-06-13 21:26:18 re/_trace.py:47 close.complete
DEBUG 2026-06-13 21:26:18 re/_trace.py:47 close.started
DEBUG 2026-06-13 21:26:18 re/_trace.py:47 close.complete
DEBUG 2026-06-13 21:26:18 re/_trace.py:47 close.started
DEBUG 2026-06-13 21:26:18 re/_trace.py:47 close.complete
DEBUG 2026-06-13 21:26:18 re/_trace.py:47 close.started
DEBUG 2026-06-13 21:26:18 re/_trace.py:47 close.complete
DEBUG 2026-06-13 21:26:18 re/_trace.py:47 close.started
DEBUG 2026-06-13 21:26:18 re/_trace.py:47 close.complete
INFO 2026-06-13 21:27:38 ot_train.py:459 step:9K smpl:6M ep:8K epch:169.86 loss:0.005 grdn:0.333 lr:9.7e-05 updt_s:3.589 data_s:0.679
WARNING 2026-06-13 21:27:38 db_utils.py:181 WandB logging of key "loss_per_dim" was ignored as its type "<class 'list'>" is not handled by this wrapper.
DEBUG 2026-06-13 21:29:59 re/_trace.py:47 close.started
DEBUG 2026-06-13 21:29:59 re/_trace.py:47 close.complete
DEBUG 2026-06-13 21:29:59 re/_trace.py:47 close.started
DEBUG 2026-06-13 21:29:59 re/_trace.py:47 close.complete
DEBUG 2026-06-13 21:29:59 re/_trace.py:47 close.started
DEBUG 2026-06-13 21:29:59 re/_trace.py:47 close.complete
DEBUG 2026-06-13 21:29:59 re/_trace.py:47 close.started
DEBUG 2026-06-13 21:29:59 re/_trace.py:47 close.complete
DEBUG 2026-06-13 21:29:59 re/_trace.py:47 close.started
DEBUG 2026-06-13 21:29:59 re/_trace.py:47 close.complete
DEBUG 2026-06-13 21:29:59 re/_trace.py:47 close.started
DEBUG 2026-06-13 21:29:59 re/_trace.py:47 close.complete
DEBUG 2026-06-13 21:30:00 re/_trace.py:47 close.started
DEBUG 2026-06-13 21:30:00 re/_trace.py:47 close.complete
DEBUG 2026-06-13 21:30:00 re/_trace.py:47 close.started
DEBUG 2026-06-13 21:30:00 re/_trace.py:47 close.complete
DEBUG 2026-06-13 21:30:00 re/_trace.py:47 close.started
DEBUG 2026-06-13 21:30:00 re/_trace.py:47 close.complete
DEBUG 2026-06-13 21:30:00 re/_trace.py:47 close.started
DEBUG 2026-06-13 21:30:00 re/_trace.py:47 close.complete
DEBUG 2026-06-13 21:33:39 re/_trace.py:47 close.started
DEBUG 2026-06-13 21:33:39 re/_trace.py:47 close.complete
DEBUG 2026-06-13 21:33:39 re/_trace.py:47 close.started
DEBUG 2026-06-13 21:33:39 re/_trace.py:47 close.complete
DEBUG 2026-06-13 21:33:39 re/_trace.py:47 close.started
DEBUG 2026-06-13 21:33:39 re/_trace.py:47 close.complete
DEBUG 2026-06-13 21:33:39 re/_trace.py:47 close.started
DEBUG 2026-06-13 21:33:39 re/_trace.py:47 close.complete
DEBUG 2026-06-13 21:33:39 re/_trace.py:47 close.started
DEBUG 2026-06-13 21:33:39 re/_trace.py:47 close.complete
DEBUG 2026-06-13 21:33:39 re/_trace.py:47 close.started
DEBUG 2026-06-13 21:33:39 re/_trace.py:47 close.complete
DEBUG 2026-06-13 21:33:39 re/_trace.py:47 close.started
DEBUG 2026-06-13 21:33:39 re/_trace.py:47 close.complete
DEBUG 2026-06-13 21:33:39 re/_trace.py:47 close.started
DEBUG 2026-06-13 21:33:39 re/_trace.py:47 close.complete
DEBUG 2026-06-13 21:33:39 re/_trace.py:47 close.started
DEBUG 2026-06-13 21:33:39 re/_trace.py:47 close.complete
DEBUG 2026-06-13 21:33:39 re/_trace.py:47 close.started
DEBUG 2026-06-13 21:33:39 re/_trace.py:47 close.complete
DEBUG 2026-06-13 21:37:17 re/_trace.py:47 close.started
DEBUG 2026-06-13 21:37:17 re/_trace.py:47 close.complete
DEBUG 2026-06-13 21:37:17 re/_trace.py:47 close.started
DEBUG 2026-06-13 21:37:17 re/_trace.py:47 close.complete
DEBUG 2026-06-13 21:37:17 re/_trace.py:47 close.started
DEBUG 2026-06-13 21:37:17 re/_trace.py:47 close.complete
DEBUG 2026-06-13 21:37:17 re/_trace.py:47 close.started
DEBUG 2026-06-13 21:37:17 re/_trace.py:47 close.complete
DEBUG 2026-06-13 21:37:17 re/_trace.py:47 close.started
DEBUG 2026-06-13 21:37:17 re/_trace.py:47 close.complete
DEBUG 2026-06-13 21:37:17 re/_trace.py:47 close.started
DEBUG 2026-06-13 21:37:17 re/_trace.py:47 close.complete
DEBUG 2026-06-13 21:37:17 re/_trace.py:47 close.started
DEBUG 2026-06-13 21:37:17 re/_trace.py:47 close.complete
DEBUG 2026-06-13 21:37:17 re/_trace.py:47 close.started
DEBUG 2026-06-13 21:37:17 re/_trace.py:47 close.complete
DEBUG 2026-06-13 21:37:18 re/_trace.py:47 close.started
DEBUG 2026-06-13 21:37:18 re/_trace.py:47 close.complete
DEBUG 2026-06-13 21:37:18 re/_trace.py:47 close.started
DEBUG 2026-06-13 21:37:18 re/_trace.py:47 close.complete
DEBUG 2026-06-13 21:40:56 re/_trace.py:47 close.started
DEBUG 2026-06-13 21:40:56 re/_trace.py:47 close.complete
DEBUG 2026-06-13 21:40:56 re/_trace.py:47 close.started
DEBUG 2026-06-13 21:40:56 re/_trace.py:47 close.complete
DEBUG 2026-06-13 21:40:56 re/_trace.py:47 close.started
DEBUG 2026-06-13 21:40:56 re/_trace.py:47 close.complete
DEBUG 2026-06-13 21:40:56 re/_trace.py:47 close.started
DEBUG 2026-06-13 21:40:56 re/_trace.py:47 close.complete
DEBUG 2026-06-13 21:40:57 re/_trace.py:47 close.started
DEBUG 2026-06-13 21:40:57 re/_trace.py:47 close.complete
DEBUG 2026-06-13 21:40:57 re/_trace.py:47 close.started
DEBUG 2026-06-13 21:40:57 re/_trace.py:47 close.complete
DEBUG 2026-06-13 21:40:57 re/_trace.py:47 close.started
DEBUG 2026-06-13 21:40:57 re/_trace.py:47 close.complete
DEBUG 2026-06-13 21:40:57 re/_trace.py:47 close.started
DEBUG 2026-06-13 21:40:57 re/_trace.py:47 close.complete
DEBUG 2026-06-13 21:40:57 re/_trace.py:47 close.started
DEBUG 2026-06-13 21:40:57 re/_trace.py:47 close.complete
DEBUG 2026-06-13 21:40:57 re/_trace.py:47 close.started
DEBUG 2026-06-13 21:40:57 re/_trace.py:47 close.complete
INFO 2026-06-13 21:41:46 ot_train.py:459 step:9K smpl:6M ep:9K epch:173.72 loss:0.005 grdn:0.311 lr:9.6e-05 updt_s:3.573 data_s:0.662
WARNING 2026-06-13 21:41:46 db_utils.py:181 WandB logging of key "loss_per_dim" was ignored as its type "<class 'list'>" is not handled by this wrapper.
INFO 2026-06-13 21:41:46 ot_train.py:479 Checkpoint policy after step 9000
DEBUG 2026-06-13 21:42:25 tionpool.py:289 Resetting dropped connection: api.wandb.ai
DEBUG 2026-06-13 21:42:26 tionpool.py:544 https://api.wandb.ai:443 "POST /graphql HTTP/1.1" 200 None
DEBUG 2026-06-13 21:45:12 re/_trace.py:47 close.started
DEBUG 2026-06-13 21:45:12 re/_trace.py:47 close.complete
DEBUG 2026-06-13 21:45:12 re/_trace.py:47 close.started
DEBUG 2026-06-13 21:45:12 re/_trace.py:47 close.complete
DEBUG 2026-06-13 21:45:12 re/_trace.py:47 close.started
DEBUG 2026-06-13 21:45:12 re/_trace.py:47 close.complete
DEBUG 2026-06-13 21:45:12 re/_trace.py:47 close.started
DEBUG 2026-06-13 21:45:12 re/_trace.py:47 close.complete
DEBUG 2026-06-13 21:45:12 re/_trace.py:47 close.started
DEBUG 2026-06-13 21:45:12 re/_trace.py:47 close.complete
DEBUG 2026-06-13 21:45:12 re/_trace.py:47 close.started
DEBUG 2026-06-13 21:45:12 re/_trace.py:47 close.complete
DEBUG 2026-06-13 21:45:12 re/_trace.py:47 close.started
DEBUG 2026-06-13 21:45:12 re/_trace.py:47 close.complete
DEBUG 2026-06-13 21:45:12 re/_trace.py:47 close.started
DEBUG 2026-06-13 21:45:12 re/_trace.py:47 close.complete
DEBUG 2026-06-13 21:45:12 re/_trace.py:47 close.started
DEBUG 2026-06-13 21:45:12 re/_trace.py:47 close.complete
DEBUG 2026-06-13 21:45:12 re/_trace.py:47 close.started
DEBUG 2026-06-13 21:45:12 re/_trace.py:47 close.complete
DEBUG 2026-06-13 21:48:51 re/_trace.py:47 close.started
DEBUG 2026-06-13 21:48:51 re/_trace.py:47 close.complete
DEBUG 2026-06-13 21:48:51 re/_trace.py:47 close.started
DEBUG 2026-06-13 21:48:51 re/_trace.py:47 close.complete
DEBUG 2026-06-13 21:48:51 re/_trace.py:47 close.started
DEBUG 2026-06-13 21:48:51 re/_trace.py:47 close.complete
DEBUG 2026-06-13 21:48:51 re/_trace.py:47 close.started
DEBUG 2026-06-13 21:48:51 re/_trace.py:47 close.complete
DEBUG 2026-06-13 21:48:51 re/_trace.py:47 close.started
DEBUG 2026-06-13 21:48:51 re/_trace.py:47 close.complete
DEBUG 2026-06-13 21:48:51 re/_trace.py:47 close.started
DEBUG 2026-06-13 21:48:51 re/_trace.py:47 close.complete
DEBUG 2026-06-13 21:48:51 re/_trace.py:47 close.started
DEBUG 2026-06-13 21:48:51 re/_trace.py:47 close.complete
DEBUG 2026-06-13 21:48:52 re/_trace.py:47 close.started
DEBUG 2026-06-13 21:48:52 re/_trace.py:47 close.complete
DEBUG 2026-06-13 21:48:52 re/_trace.py:47 close.started
DEBUG 2026-06-13 21:48:52 re/_trace.py:47 close.complete
DEBUG 2026-06-13 21:48:52 re/_trace.py:47 close.started
DEBUG 2026-06-13 21:48:52 re/_trace.py:47 close.complete
DEBUG 2026-06-13 21:52:32 re/_trace.py:47 close.started
DEBUG 2026-06-13 21:52:32 re/_trace.py:47 close.complete
DEBUG 2026-06-13 21:52:32 re/_trace.py:47 close.started
DEBUG 2026-06-13 21:52:32 re/_trace.py:47 close.complete
DEBUG 2026-06-13 21:52:32 re/_trace.py:47 close.started
DEBUG 2026-06-13 21:52:32 re/_trace.py:47 close.complete
DEBUG 2026-06-13 21:52:32 re/_trace.py:47 close.started
DEBUG 2026-06-13 21:52:32 re/_trace.py:47 close.complete
DEBUG 2026-06-13 21:52:32 re/_trace.py:47 close.started
DEBUG 2026-06-13 21:52:32 re/_trace.py:47 close.complete
DEBUG 2026-06-13 21:52:32 re/_trace.py:47 close.started
DEBUG 2026-06-13 21:52:32 re/_trace.py:47 close.complete
DEBUG 2026-06-13 21:52:32 re/_trace.py:47 close.started
DEBUG 2026-06-13 21:52:32 re/_trace.py:47 close.complete
DEBUG 2026-06-13 21:52:32 re/_trace.py:47 close.started
DEBUG 2026-06-13 21:52:32 re/_trace.py:47 close.complete
DEBUG 2026-06-13 21:52:32 re/_trace.py:47 close.started
DEBUG 2026-06-13 21:52:32 re/_trace.py:47 close.complete
DEBUG 2026-06-13 21:52:32 re/_trace.py:47 close.started
DEBUG 2026-06-13 21:52:32 re/_trace.py:47 close.complete
INFO 2026-06-13 21:55:57 ot_train.py:459 step:9K smpl:6M ep:9K epch:177.58 loss:0.005 grdn:0.322 lr:9.5e-05 updt_s:3.536 data_s:0.514
WARNING 2026-06-13 21:55:57 db_utils.py:181 WandB logging of key "loss_per_dim" was ignored as its type "<class 'list'>" is not handled by this wrapper.
DEBUG 2026-06-13 21:56:11 re/_trace.py:47 close.started
DEBUG 2026-06-13 21:56:11 re/_trace.py:47 close.complete
DEBUG 2026-06-13 21:56:11 re/_trace.py:47 close.started
DEBUG 2026-06-13 21:56:11 re/_trace.py:47 close.complete
DEBUG 2026-06-13 21:56:11 re/_trace.py:47 close.started
DEBUG 2026-06-13 21:56:11 re/_trace.py:47 close.complete
DEBUG 2026-06-13 21:56:11 re/_trace.py:47 close.started
DEBUG 2026-06-13 21:56:11 re/_trace.py:47 close.complete
DEBUG 2026-06-13 21:56:11 re/_trace.py:47 close.started
DEBUG 2026-06-13 21:56:11 re/_trace.py:47 close.complete
DEBUG 2026-06-13 21:56:12 re/_trace.py:47 close.started
DEBUG 2026-06-13 21:56:12 re/_trace.py:47 close.complete
DEBUG 2026-06-13 21:56:12 re/_trace.py:47 close.started
DEBUG 2026-06-13 21:56:12 re/_trace.py:47 close.complete
DEBUG 2026-06-13 21:56:12 re/_trace.py:47 close.started
DEBUG 2026-06-13 21:56:12 re/_trace.py:47 close.complete
DEBUG 2026-06-13 21:56:12 re/_trace.py:47 close.started
DEBUG 2026-06-13 21:56:12 re/_trace.py:47 close.complete
DEBUG 2026-06-13 21:56:12 re/_trace.py:47 close.started
DEBUG 2026-06-13 21:56:12 re/_trace.py:47 close.complete
DEBUG 2026-06-13 21:59:53 re/_trace.py:47 close.started
DEBUG 2026-06-13 21:59:53 re/_trace.py:47 close.complete
DEBUG 2026-06-13 21:59:53 re/_trace.py:47 close.started
DEBUG 2026-06-13 21:59:53 re/_trace.py:47 close.complete
DEBUG 2026-06-13 21:59:53 re/_trace.py:47 close.started
DEBUG 2026-06-13 21:59:53 re/_trace.py:47 close.complete
DEBUG 2026-06-13 21:59:53 re/_trace.py:47 close.started
DEBUG 2026-06-13 21:59:53 re/_trace.py:47 close.complete
DEBUG 2026-06-13 21:59:53 re/_trace.py:47 close.started
DEBUG 2026-06-13 21:59:53 re/_trace.py:47 close.complete
DEBUG 2026-06-13 21:59:53 re/_trace.py:47 close.started
DEBUG 2026-06-13 21:59:53 re/_trace.py:47 close.complete
DEBUG 2026-06-13 21:59:53 re/_trace.py:47 close.started
DEBUG 2026-06-13 21:59:53 re/_trace.py:47 close.complete
DEBUG 2026-06-13 21:59:53 re/_trace.py:47 close.started
DEBUG 2026-06-13 21:59:53 re/_trace.py:47 close.complete
DEBUG 2026-06-13 21:59:54 re/_trace.py:47 close.started
DEBUG 2026-06-13 21:59:54 re/_trace.py:47 close.complete
DEBUG 2026-06-13 21:59:54 re/_trace.py:47 close.started
DEBUG 2026-06-13 21:59:54 re/_trace.py:47 close.complete
DEBUG 2026-06-13 22:03:34 re/_trace.py:47 close.started
DEBUG 2026-06-13 22:03:34 re/_trace.py:47 close.complete
DEBUG 2026-06-13 22:03:34 re/_trace.py:47 close.started
DEBUG 2026-06-13 22:03:34 re/_trace.py:47 close.complete
DEBUG 2026-06-13 22:03:34 re/_trace.py:47 close.started
DEBUG 2026-06-13 22:03:34 re/_trace.py:47 close.complete
DEBUG 2026-06-13 22:03:34 re/_trace.py:47 close.started
DEBUG 2026-06-13 22:03:34 re/_trace.py:47 close.complete
DEBUG 2026-06-13 22:03:34 re/_trace.py:47 close.started
DEBUG 2026-06-13 22:03:34 re/_trace.py:47 close.complete
DEBUG 2026-06-13 22:03:34 re/_trace.py:47 close.started
DEBUG 2026-06-13 22:03:34 re/_trace.py:47 close.complete
DEBUG 2026-06-13 22:03:34 re/_trace.py:47 close.started
DEBUG 2026-06-13 22:03:34 re/_trace.py:47 close.complete
DEBUG 2026-06-13 22:03:35 re/_trace.py:47 close.started
DEBUG 2026-06-13 22:03:35 re/_trace.py:47 close.complete
DEBUG 2026-06-13 22:03:35 re/_trace.py:47 close.started
DEBUG 2026-06-13 22:03:35 re/_trace.py:47 close.complete
DEBUG 2026-06-13 22:03:35 re/_trace.py:47 close.started
DEBUG 2026-06-13 22:03:35 re/_trace.py:47 close.complete
DEBUG 2026-06-13 22:07:12 re/_trace.py:47 close.started
DEBUG 2026-06-13 22:07:12 re/_trace.py:47 close.complete
DEBUG 2026-06-13 22:07:12 re/_trace.py:47 close.started
DEBUG 2026-06-13 22:07:12 re/_trace.py:47 close.complete
DEBUG 2026-06-13 22:07:12 re/_trace.py:47 close.started
DEBUG 2026-06-13 22:07:12 re/_trace.py:47 close.complete
DEBUG 2026-06-13 22:07:12 re/_trace.py:47 close.started
DEBUG 2026-06-13 22:07:12 re/_trace.py:47 close.complete
DEBUG 2026-06-13 22:07:13 re/_trace.py:47 close.started
DEBUG 2026-06-13 22:07:13 re/_trace.py:47 close.complete
DEBUG 2026-06-13 22:07:13 re/_trace.py:47 close.started
DEBUG 2026-06-13 22:07:13 re/_trace.py:47 close.complete
DEBUG 2026-06-13 22:07:13 re/_trace.py:47 close.started
DEBUG 2026-06-13 22:07:13 re/_trace.py:47 close.complete
DEBUG 2026-06-13 22:07:13 re/_trace.py:47 close.started
DEBUG 2026-06-13 22:07:13 re/_trace.py:47 close.complete
DEBUG 2026-06-13 22:07:13 re/_trace.py:47 close.started
DEBUG 2026-06-13 22:07:13 re/_trace.py:47 close.complete
DEBUG 2026-06-13 22:07:13 re/_trace.py:47 close.started
DEBUG 2026-06-13 22:07:13 re/_trace.py:47 close.complete
INFO 2026-06-13 22:10:11 ot_train.py:459 step:9K smpl:7M ep:9K epch:181.44 loss:0.005 grdn:0.307 lr:9.4e-05 updt_s:3.570 data_s:0.700
WARNING 2026-06-13 22:10:11 db_utils.py:181 WandB logging of key "loss_per_dim" was ignored as its type "<class 'list'>" is not handled by this wrapper.
DEBUG 2026-06-13 22:10:53 re/_trace.py:47 close.started
DEBUG 2026-06-13 22:10:53 re/_trace.py:47 close.complete
DEBUG 2026-06-13 22:10:53 re/_trace.py:47 close.started
DEBUG 2026-06-13 22:10:53 re/_trace.py:47 close.complete
DEBUG 2026-06-13 22:10:53 re/_trace.py:47 close.started
DEBUG 2026-06-13 22:10:53 re/_trace.py:47 close.complete
DEBUG 2026-06-13 22:10:53 re/_trace.py:47 close.started
DEBUG 2026-06-13 22:10:53 re/_trace.py:47 close.complete
DEBUG 2026-06-13 22:10:53 re/_trace.py:47 close.started
DEBUG 2026-06-13 22:10:53 re/_trace.py:47 close.complete
DEBUG 2026-06-13 22:10:53 re/_trace.py:47 close.started
DEBUG 2026-06-13 22:10:53 re/_trace.py:47 close.complete
DEBUG 2026-06-13 22:10:53 re/_trace.py:47 close.started
DEBUG 2026-06-13 22:10:53 re/_trace.py:47 close.complete
DEBUG 2026-06-13 22:10:53 re/_trace.py:47 close.started
DEBUG 2026-06-13 22:10:53 re/_trace.py:47 close.complete
DEBUG 2026-06-13 22:10:53 re/_trace.py:47 close.started
DEBUG 2026-06-13 22:10:53 re/_trace.py:47 close.complete
DEBUG 2026-06-13 22:10:53 re/_trace.py:47 close.started
DEBUG 2026-06-13 22:10:53 re/_trace.py:47 close.complete
DEBUG 2026-06-13 22:14:34 re/_trace.py:47 close.started
DEBUG 2026-06-13 22:14:34 re/_trace.py:47 close.complete
DEBUG 2026-06-13 22:14:34 re/_trace.py:47 close.started
DEBUG 2026-06-13 22:14:34 re/_trace.py:47 close.complete
DEBUG 2026-06-13 22:14:34 re/_trace.py:47 close.started
DEBUG 2026-06-13 22:14:34 re/_trace.py:47 close.complete
DEBUG 2026-06-13 22:14:34 re/_trace.py:47 close.started
DEBUG 2026-06-13 22:14:34 re/_trace.py:47 close.complete
DEBUG 2026-06-13 22:14:34 re/_trace.py:47 close.started
DEBUG 2026-06-13 22:14:34 re/_trace.py:47 close.complete
DEBUG 2026-06-13 22:14:34 re/_trace.py:47 close.started
DEBUG 2026-06-13 22:14:34 re/_trace.py:47 close.complete
DEBUG 2026-06-13 22:14:34 re/_trace.py:47 close.started
DEBUG 2026-06-13 22:14:34 re/_trace.py:47 close.complete
DEBUG 2026-06-13 22:14:34 re/_trace.py:47 close.started
DEBUG 2026-06-13 22:14:34 re/_trace.py:47 close.complete
DEBUG 2026-06-13 22:14:34 re/_trace.py:47 close.started
DEBUG 2026-06-13 22:14:34 re/_trace.py:47 close.complete
DEBUG 2026-06-13 22:14:34 re/_trace.py:47 close.started
DEBUG 2026-06-13 22:14:34 re/_trace.py:47 close.complete
DEBUG 2026-06-13 22:18:13 re/_trace.py:47 close.started
DEBUG 2026-06-13 22:18:13 re/_trace.py:47 close.complete
DEBUG 2026-06-13 22:18:13 re/_trace.py:47 close.started
DEBUG 2026-06-13 22:18:13 re/_trace.py:47 close.complete
DEBUG 2026-06-13 22:18:14 re/_trace.py:47 close.started
DEBUG 2026-06-13 22:18:14 re/_trace.py:47 close.complete
DEBUG 2026-06-13 22:18:14 re/_trace.py:47 close.started
DEBUG 2026-06-13 22:18:14 re/_trace.py:47 close.complete
DEBUG 2026-06-13 22:18:14 re/_trace.py:47 close.started
DEBUG 2026-06-13 22:18:14 re/_trace.py:47 close.complete
DEBUG 2026-06-13 22:18:14 re/_trace.py:47 close.started
DEBUG 2026-06-13 22:18:14 re/_trace.py:47 close.complete
DEBUG 2026-06-13 22:18:14 re/_trace.py:47 close.started
DEBUG 2026-06-13 22:18:14 re/_trace.py:47 close.complete
DEBUG 2026-06-13 22:18:14 re/_trace.py:47 close.started
DEBUG 2026-06-13 22:18:14 re/_trace.py:47 close.complete
DEBUG 2026-06-13 22:18:14 re/_trace.py:47 close.started
DEBUG 2026-06-13 22:18:14 re/_trace.py:47 close.complete
DEBUG 2026-06-13 22:18:14 re/_trace.py:47 close.started
DEBUG 2026-06-13 22:18:14 re/_trace.py:47 close.complete
DEBUG 2026-06-13 22:21:53 re/_trace.py:47 close.started
DEBUG 2026-06-13 22:21:53 re/_trace.py:47 close.complete
DEBUG 2026-06-13 22:21:53 re/_trace.py:47 close.started
DEBUG 2026-06-13 22:21:53 re/_trace.py:47 close.complete
DEBUG 2026-06-13 22:21:53 re/_trace.py:47 close.started
DEBUG 2026-06-13 22:21:53 re/_trace.py:47 close.complete
DEBUG 2026-06-13 22:21:53 re/_trace.py:47 close.started
DEBUG 2026-06-13 22:21:53 re/_trace.py:47 close.complete
DEBUG 2026-06-13 22:21:53 re/_trace.py:47 close.started
DEBUG 2026-06-13 22:21:53 re/_trace.py:47 close.complete
DEBUG 2026-06-13 22:21:53 re/_trace.py:47 close.started
DEBUG 2026-06-13 22:21:53 re/_trace.py:47 close.complete
DEBUG 2026-06-13 22:21:53 re/_trace.py:47 close.started
DEBUG 2026-06-13 22:21:53 re/_trace.py:47 close.complete
DEBUG 2026-06-13 22:21:53 re/_trace.py:47 close.started
DEBUG 2026-06-13 22:21:53 re/_trace.py:47 close.complete
DEBUG 2026-06-13 22:21:53 re/_trace.py:47 close.started
DEBUG 2026-06-13 22:21:53 re/_trace.py:47 close.complete
DEBUG 2026-06-13 22:21:53 re/_trace.py:47 close.started
DEBUG 2026-06-13 22:21:53 re/_trace.py:47 close.complete
INFO 2026-06-13 22:24:23 ot_train.py:459 step:10K smpl:7M ep:9K epch:185.30 loss:0.005 grdn:0.321 lr:9.3e-05 updt_s:3.546 data_s:0.708
WARNING 2026-06-13 22:24:23 db_utils.py:181 WandB logging of key "loss_per_dim" was ignored as its type "<class 'list'>" is not handled by this wrapper.
DEBUG 2026-06-13 22:25:32 re/_trace.py:47 close.started
DEBUG 2026-06-13 22:25:32 re/_trace.py:47 close.complete
DEBUG 2026-06-13 22:25:32 re/_trace.py:47 close.started
DEBUG 2026-06-13 22:25:32 re/_trace.py:47 close.complete
DEBUG 2026-06-13 22:25:32 re/_trace.py:47 close.started
DEBUG 2026-06-13 22:25:32 re/_trace.py:47 close.complete
DEBUG 2026-06-13 22:25:32 re/_trace.py:47 close.started
DEBUG 2026-06-13 22:25:32 re/_trace.py:47 close.complete
DEBUG 2026-06-13 22:25:32 re/_trace.py:47 close.started
DEBUG 2026-06-13 22:25:32 re/_trace.py:47 close.complete
DEBUG 2026-06-13 22:25:32 re/_trace.py:47 close.started
DEBUG 2026-06-13 22:25:32 re/_trace.py:47 close.complete
DEBUG 2026-06-13 22:25:32 re/_trace.py:47 close.started
DEBUG 2026-06-13 22:25:32 re/_trace.py:47 close.complete
DEBUG 2026-06-13 22:25:32 re/_trace.py:47 close.started
DEBUG 2026-06-13 22:25:32 re/_trace.py:47 close.complete
DEBUG 2026-06-13 22:25:32 re/_trace.py:47 close.started
DEBUG 2026-06-13 22:25:32 re/_trace.py:47 close.complete
DEBUG 2026-06-13 22:25:32 re/_trace.py:47 close.started
DEBUG 2026-06-13 22:25:32 re/_trace.py:47 close.complete
DEBUG 2026-06-13 22:29:13 re/_trace.py:47 close.started
DEBUG 2026-06-13 22:29:13 re/_trace.py:47 close.complete
DEBUG 2026-06-13 22:29:13 re/_trace.py:47 close.started
DEBUG 2026-06-13 22:29:13 re/_trace.py:47 close.complete
DEBUG 2026-06-13 22:29:13 re/_trace.py:47 close.started
DEBUG 2026-06-13 22:29:13 re/_trace.py:47 close.complete
DEBUG 2026-06-13 22:29:13 re/_trace.py:47 close.started
DEBUG 2026-06-13 22:29:13 re/_trace.py:47 close.complete
DEBUG 2026-06-13 22:29:13 re/_trace.py:47 close.started
DEBUG 2026-06-13 22:29:13 re/_trace.py:47 close.complete
DEBUG 2026-06-13 22:29:13 re/_trace.py:47 close.started
DEBUG 2026-06-13 22:29:13 re/_trace.py:47 close.complete
DEBUG 2026-06-13 22:29:13 re/_trace.py:47 close.started
DEBUG 2026-06-13 22:29:13 re/_trace.py:47 close.complete
DEBUG 2026-06-13 22:29:13 re/_trace.py:47 close.started
DEBUG 2026-06-13 22:29:13 re/_trace.py:47 close.complete
DEBUG 2026-06-13 22:29:13 re/_trace.py:47 close.started
DEBUG 2026-06-13 22:29:13 re/_trace.py:47 close.complete
DEBUG 2026-06-13 22:29:13 re/_trace.py:47 close.started
DEBUG 2026-06-13 22:29:13 re/_trace.py:47 close.complete
DEBUG 2026-06-13 22:32:54 re/_trace.py:47 close.started
DEBUG 2026-06-13 22:32:54 re/_trace.py:47 close.complete
DEBUG 2026-06-13 22:32:54 re/_trace.py:47 close.started
DEBUG 2026-06-13 22:32:54 re/_trace.py:47 close.complete
DEBUG 2026-06-13 22:32:55 re/_trace.py:47 close.started
DEBUG 2026-06-13 22:32:55 re/_trace.py:47 close.complete
DEBUG 2026-06-13 22:32:55 re/_trace.py:47 close.started
DEBUG 2026-06-13 22:32:55 re/_trace.py:47 close.complete
DEBUG 2026-06-13 22:32:55 re/_trace.py:47 close.started
DEBUG 2026-06-13 22:32:55 re/_trace.py:47 close.complete
DEBUG 2026-06-13 22:32:55 re/_trace.py:47 close.started
DEBUG 2026-06-13 22:32:55 re/_trace.py:47 close.complete
DEBUG 2026-06-13 22:32:55 re/_trace.py:47 close.started
DEBUG 2026-06-13 22:32:55 re/_trace.py:47 close.complete
DEBUG 2026-06-13 22:32:55 re/_trace.py:47 close.started
DEBUG 2026-06-13 22:32:55 re/_trace.py:47 close.complete
DEBUG 2026-06-13 22:32:55 re/_trace.py:47 close.started
DEBUG 2026-06-13 22:32:55 re/_trace.py:47 close.complete
DEBUG 2026-06-13 22:32:55 re/_trace.py:47 close.started
DEBUG 2026-06-13 22:32:55 re/_trace.py:47 close.complete
DEBUG 2026-06-13 22:36:32 re/_trace.py:47 close.started
DEBUG 2026-06-13 22:36:32 re/_trace.py:47 close.complete
DEBUG 2026-06-13 22:36:32 re/_trace.py:47 close.started
DEBUG 2026-06-13 22:36:32 re/_trace.py:47 close.complete
DEBUG 2026-06-13 22:36:32 re/_trace.py:47 close.started
DEBUG 2026-06-13 22:36:32 re/_trace.py:47 close.complete
DEBUG 2026-06-13 22:36:32 re/_trace.py:47 close.started
DEBUG 2026-06-13 22:36:32 re/_trace.py:47 close.complete
DEBUG 2026-06-13 22:36:33 re/_trace.py:47 close.started
DEBUG 2026-06-13 22:36:33 re/_trace.py:47 close.complete
DEBUG 2026-06-13 22:36:33 re/_trace.py:47 close.started
DEBUG 2026-06-13 22:36:33 re/_trace.py:47 close.complete
DEBUG 2026-06-13 22:36:33 re/_trace.py:47 close.started
DEBUG 2026-06-13 22:36:33 re/_trace.py:47 close.complete
DEBUG 2026-06-13 22:36:33 re/_trace.py:47 close.started
DEBUG 2026-06-13 22:36:33 re/_trace.py:47 close.complete
DEBUG 2026-06-13 22:36:33 re/_trace.py:47 close.started
DEBUG 2026-06-13 22:36:33 re/_trace.py:47 close.complete
DEBUG 2026-06-13 22:36:33 re/_trace.py:47 close.started
DEBUG 2026-06-13 22:36:33 re/_trace.py:47 close.complete
INFO 2026-06-13 22:38:35 ot_train.py:459 step:10K smpl:7M ep:9K epch:189.16 loss:0.005 grdn:0.302 lr:9.2e-05 updt_s:3.574 data_s:0.685
WARNING 2026-06-13 22:38:35 db_utils.py:181 WandB logging of key "loss_per_dim" was ignored as its type "<class 'list'>" is not handled by this wrapper.
DEBUG 2026-06-13 22:40:13 re/_trace.py:47 close.started
DEBUG 2026-06-13 22:40:13 re/_trace.py:47 close.complete
DEBUG 2026-06-13 22:40:13 re/_trace.py:47 close.started
DEBUG 2026-06-13 22:40:13 re/_trace.py:47 close.complete
DEBUG 2026-06-13 22:40:13 re/_trace.py:47 close.started
DEBUG 2026-06-13 22:40:13 re/_trace.py:47 close.complete
DEBUG 2026-06-13 22:40:13 re/_trace.py:47 close.started
DEBUG 2026-06-13 22:40:13 re/_trace.py:47 close.complete
DEBUG 2026-06-13 22:40:13 re/_trace.py:47 close.started
DEBUG 2026-06-13 22:40:13 re/_trace.py:47 close.complete
DEBUG 2026-06-13 22:40:13 re/_trace.py:47 close.started
DEBUG 2026-06-13 22:40:13 re/_trace.py:47 close.complete
DEBUG 2026-06-13 22:40:13 re/_trace.py:47 close.started
DEBUG 2026-06-13 22:40:13 re/_trace.py:47 close.complete
DEBUG 2026-06-13 22:40:13 re/_trace.py:47 close.started
DEBUG 2026-06-13 22:40:13 re/_trace.py:47 close.complete
DEBUG 2026-06-13 22:40:13 re/_trace.py:47 close.started
DEBUG 2026-06-13 22:40:13 re/_trace.py:47 close.complete
DEBUG 2026-06-13 22:40:13 re/_trace.py:47 close.started
DEBUG 2026-06-13 22:40:13 re/_trace.py:47 close.complete
DEBUG 2026-06-13 22:43:53 re/_trace.py:47 close.started
DEBUG 2026-06-13 22:43:53 re/_trace.py:47 close.complete
DEBUG 2026-06-13 22:43:53 re/_trace.py:47 close.started
DEBUG 2026-06-13 22:43:53 re/_trace.py:47 close.complete
DEBUG 2026-06-13 22:43:53 re/_trace.py:47 close.started
DEBUG 2026-06-13 22:43:53 re/_trace.py:47 close.complete
DEBUG 2026-06-13 22:43:53 re/_trace.py:47 close.started
DEBUG 2026-06-13 22:43:53 re/_trace.py:47 close.complete
DEBUG 2026-06-13 22:43:53 re/_trace.py:47 close.started
DEBUG 2026-06-13 22:43:53 re/_trace.py:47 close.complete
DEBUG 2026-06-13 22:43:53 re/_trace.py:47 close.started
DEBUG 2026-06-13 22:43:53 re/_trace.py:47 close.complete
DEBUG 2026-06-13 22:43:53 re/_trace.py:47 close.started
DEBUG 2026-06-13 22:43:53 re/_trace.py:47 close.complete
DEBUG 2026-06-13 22:43:53 re/_trace.py:47 close.started
DEBUG 2026-06-13 22:43:53 re/_trace.py:47 close.complete
DEBUG 2026-06-13 22:43:53 re/_trace.py:47 close.started
DEBUG 2026-06-13 22:43:53 re/_trace.py:47 close.complete
DEBUG 2026-06-13 22:43:54 re/_trace.py:47 close.started
DEBUG 2026-06-13 22:43:54 re/_trace.py:47 close.complete
DEBUG 2026-06-13 22:47:33 re/_trace.py:47 close.started
DEBUG 2026-06-13 22:47:33 re/_trace.py:47 close.complete
DEBUG 2026-06-13 22:47:33 re/_trace.py:47 close.started
DEBUG 2026-06-13 22:47:33 re/_trace.py:47 close.complete
DEBUG 2026-06-13 22:47:33 re/_trace.py:47 close.started
DEBUG 2026-06-13 22:47:33 re/_trace.py:47 close.complete
DEBUG 2026-06-13 22:47:33 re/_trace.py:47 close.started
DEBUG 2026-06-13 22:47:33 re/_trace.py:47 close.complete
DEBUG 2026-06-13 22:47:33 re/_trace.py:47 close.started
DEBUG 2026-06-13 22:47:33 re/_trace.py:47 close.complete
DEBUG 2026-06-13 22:47:33 re/_trace.py:47 close.started
DEBUG 2026-06-13 22:47:33 re/_trace.py:47 close.complete
DEBUG 2026-06-13 22:47:33 re/_trace.py:47 close.started
DEBUG 2026-06-13 22:47:33 re/_trace.py:47 close.complete
DEBUG 2026-06-13 22:47:33 re/_trace.py:47 close.started
DEBUG 2026-06-13 22:47:33 re/_trace.py:47 close.complete
DEBUG 2026-06-13 22:47:33 re/_trace.py:47 close.started
DEBUG 2026-06-13 22:47:33 re/_trace.py:47 close.complete
DEBUG 2026-06-13 22:47:33 re/_trace.py:47 close.started
DEBUG 2026-06-13 22:47:33 re/_trace.py:47 close.complete
DEBUG 2026-06-13 22:51:11 re/_trace.py:47 close.started
DEBUG 2026-06-13 22:51:11 re/_trace.py:47 close.complete
DEBUG 2026-06-13 22:51:11 re/_trace.py:47 close.started
DEBUG 2026-06-13 22:51:11 re/_trace.py:47 close.complete
DEBUG 2026-06-13 22:51:11 re/_trace.py:47 close.started
DEBUG 2026-06-13 22:51:11 re/_trace.py:47 close.complete
DEBUG 2026-06-13 22:51:11 re/_trace.py:47 close.started
DEBUG 2026-06-13 22:51:11 re/_trace.py:47 close.complete
DEBUG 2026-06-13 22:51:12 re/_trace.py:47 close.started
DEBUG 2026-06-13 22:51:12 re/_trace.py:47 close.complete
DEBUG 2026-06-13 22:51:12 re/_trace.py:47 close.started
DEBUG 2026-06-13 22:51:12 re/_trace.py:47 close.complete
DEBUG 2026-06-13 22:51:12 re/_trace.py:47 close.started
DEBUG 2026-06-13 22:51:12 re/_trace.py:47 close.complete
DEBUG 2026-06-13 22:51:12 re/_trace.py:47 close.started
DEBUG 2026-06-13 22:51:12 re/_trace.py:47 close.complete
DEBUG 2026-06-13 22:51:12 re/_trace.py:47 close.started
DEBUG 2026-06-13 22:51:12 re/_trace.py:47 close.complete
DEBUG 2026-06-13 22:51:12 re/_trace.py:47 close.started
DEBUG 2026-06-13 22:51:12 re/_trace.py:47 close.complete
INFO 2026-06-13 22:52:43 ot_train.py:459 step:10K smpl:7M ep:10K epch:193.02 loss:0.005 grdn:0.292 lr:9.1e-05 updt_s:3.539 data_s:0.696
WARNING 2026-06-13 22:52:43 db_utils.py:181 WandB logging of key "loss_per_dim" was ignored as its type "<class 'list'>" is not handled by this wrapper.
DEBUG 2026-06-13 22:54:51 re/_trace.py:47 close.started
DEBUG 2026-06-13 22:54:51 re/_trace.py:47 close.complete
DEBUG 2026-06-13 22:54:51 re/_trace.py:47 close.started
DEBUG 2026-06-13 22:54:51 re/_trace.py:47 close.complete
DEBUG 2026-06-13 22:54:51 re/_trace.py:47 close.started
DEBUG 2026-06-13 22:54:51 re/_trace.py:47 close.complete
DEBUG 2026-06-13 22:54:51 re/_trace.py:47 close.started
DEBUG 2026-06-13 22:54:51 re/_trace.py:47 close.complete
DEBUG 2026-06-13 22:54:51 re/_trace.py:47 close.started
DEBUG 2026-06-13 22:54:51 re/_trace.py:47 close.complete
DEBUG 2026-06-13 22:54:51 re/_trace.py:47 close.started
DEBUG 2026-06-13 22:54:51 re/_trace.py:47 close.complete
DEBUG 2026-06-13 22:54:51 re/_trace.py:47 close.started
DEBUG 2026-06-13 22:54:51 re/_trace.py:47 close.complete
DEBUG 2026-06-13 22:54:51 re/_trace.py:47 close.started
DEBUG 2026-06-13 22:54:51 re/_trace.py:47 close.complete
DEBUG 2026-06-13 22:54:52 re/_trace.py:47 close.started
DEBUG 2026-06-13 22:54:52 re/_trace.py:47 close.complete
DEBUG 2026-06-13 22:54:52 re/_trace.py:47 close.started
DEBUG 2026-06-13 22:54:52 re/_trace.py:47 close.complete
DEBUG 2026-06-13 22:58:32 re/_trace.py:47 close.started
DEBUG 2026-06-13 22:58:32 re/_trace.py:47 close.complete
DEBUG 2026-06-13 22:58:32 re/_trace.py:47 close.started
DEBUG 2026-06-13 22:58:32 re/_trace.py:47 close.complete
DEBUG 2026-06-13 22:58:32 re/_trace.py:47 close.started
DEBUG 2026-06-13 22:58:32 re/_trace.py:47 close.complete
DEBUG 2026-06-13 22:58:32 re/_trace.py:47 close.started
DEBUG 2026-06-13 22:58:32 re/_trace.py:47 close.complete
DEBUG 2026-06-13 22:58:32 re/_trace.py:47 close.started
DEBUG 2026-06-13 22:58:32 re/_trace.py:47 close.complete
DEBUG 2026-06-13 22:58:32 re/_trace.py:47 close.started
DEBUG 2026-06-13 22:58:32 re/_trace.py:47 close.complete
DEBUG 2026-06-13 22:58:32 re/_trace.py:47 close.started
DEBUG 2026-06-13 22:58:32 re/_trace.py:47 close.complete
DEBUG 2026-06-13 22:58:32 re/_trace.py:47 close.started
DEBUG 2026-06-13 22:58:32 re/_trace.py:47 close.complete
DEBUG 2026-06-13 22:58:32 re/_trace.py:47 close.started
DEBUG 2026-06-13 22:58:32 re/_trace.py:47 close.complete
DEBUG 2026-06-13 22:58:32 re/_trace.py:47 close.started
DEBUG 2026-06-13 22:58:32 re/_trace.py:47 close.complete
DEBUG 2026-06-13 23:02:12 re/_trace.py:47 close.started
DEBUG 2026-06-13 23:02:12 re/_trace.py:47 close.complete
DEBUG 2026-06-13 23:02:12 re/_trace.py:47 close.started
DEBUG 2026-06-13 23:02:12 re/_trace.py:47 close.complete
DEBUG 2026-06-13 23:02:12 re/_trace.py:47 close.started
DEBUG 2026-06-13 23:02:12 re/_trace.py:47 close.complete
DEBUG 2026-06-13 23:02:12 re/_trace.py:47 close.started
DEBUG 2026-06-13 23:02:12 re/_trace.py:47 close.complete
DEBUG 2026-06-13 23:02:12 re/_trace.py:47 close.started
DEBUG 2026-06-13 23:02:12 re/_trace.py:47 close.complete
DEBUG 2026-06-13 23:02:12 re/_trace.py:47 close.started
DEBUG 2026-06-13 23:02:12 re/_trace.py:47 close.complete
DEBUG 2026-06-13 23:02:12 re/_trace.py:47 close.started
DEBUG 2026-06-13 23:02:12 re/_trace.py:47 close.complete
DEBUG 2026-06-13 23:02:12 re/_trace.py:47 close.started
DEBUG 2026-06-13 23:02:12 re/_trace.py:47 close.complete
DEBUG 2026-06-13 23:02:12 re/_trace.py:47 close.started
DEBUG 2026-06-13 23:02:12 re/_trace.py:47 close.complete
DEBUG 2026-06-13 23:02:12 re/_trace.py:47 close.started
DEBUG 2026-06-13 23:02:12 re/_trace.py:47 close.complete
DEBUG 2026-06-13 23:05:51 re/_trace.py:47 close.started
DEBUG 2026-06-13 23:05:51 re/_trace.py:47 close.complete
DEBUG 2026-06-13 23:05:51 re/_trace.py:47 close.started
DEBUG 2026-06-13 23:05:51 re/_trace.py:47 close.complete
DEBUG 2026-06-13 23:05:51 re/_trace.py:47 close.started
DEBUG 2026-06-13 23:05:51 re/_trace.py:47 close.complete
DEBUG 2026-06-13 23:05:51 re/_trace.py:47 close.started
DEBUG 2026-06-13 23:05:51 re/_trace.py:47 close.complete
DEBUG 2026-06-13 23:05:51 re/_trace.py:47 close.started
DEBUG 2026-06-13 23:05:51 re/_trace.py:47 close.complete
DEBUG 2026-06-13 23:05:51 re/_trace.py:47 close.started
DEBUG 2026-06-13 23:05:51 re/_trace.py:47 close.complete
DEBUG 2026-06-13 23:05:51 re/_trace.py:47 close.started
DEBUG 2026-06-13 23:05:51 re/_trace.py:47 close.complete
DEBUG 2026-06-13 23:05:51 re/_trace.py:47 close.started
DEBUG 2026-06-13 23:05:51 re/_trace.py:47 close.complete
DEBUG 2026-06-13 23:05:51 re/_trace.py:47 close.started
DEBUG 2026-06-13 23:05:51 re/_trace.py:47 close.complete
DEBUG 2026-06-13 23:05:51 re/_trace.py:47 close.started
DEBUG 2026-06-13 23:05:51 re/_trace.py:47 close.complete
INFO 2026-06-13 23:06:55 ot_train.py:459 step:10K smpl:7M ep:10K epch:196.88 loss:0.005 grdn:0.290 lr:9.0e-05 updt_s:3.587 data_s:0.670
WARNING 2026-06-13 23:06:55 db_utils.py:181 WandB logging of key "loss_per_dim" was ignored as its type "<class 'list'>" is not handled by this wrapper.
DEBUG 2026-06-13 23:09:32 re/_trace.py:47 close.started
DEBUG 2026-06-13 23:09:32 re/_trace.py:47 close.complete
DEBUG 2026-06-13 23:09:32 re/_trace.py:47 close.started
DEBUG 2026-06-13 23:09:32 re/_trace.py:47 close.complete
DEBUG 2026-06-13 23:09:32 re/_trace.py:47 close.started
DEBUG 2026-06-13 23:09:32 re/_trace.py:47 close.complete
DEBUG 2026-06-13 23:09:32 re/_trace.py:47 close.started
DEBUG 2026-06-13 23:09:32 re/_trace.py:47 close.complete
DEBUG 2026-06-13 23:09:32 re/_trace.py:47 close.started
DEBUG 2026-06-13 23:09:32 re/_trace.py:47 close.complete
DEBUG 2026-06-13 23:09:32 re/_trace.py:47 close.started
DEBUG 2026-06-13 23:09:32 re/_trace.py:47 close.complete
DEBUG 2026-06-13 23:09:32 re/_trace.py:47 close.started
DEBUG 2026-06-13 23:09:32 re/_trace.py:47 close.complete
DEBUG 2026-06-13 23:09:32 re/_trace.py:47 close.started
DEBUG 2026-06-13 23:09:32 re/_trace.py:47 close.complete
DEBUG 2026-06-13 23:09:33 re/_trace.py:47 close.started
DEBUG 2026-06-13 23:09:33 re/_trace.py:47 close.complete
DEBUG 2026-06-13 23:09:33 re/_trace.py:47 close.started
DEBUG 2026-06-13 23:09:33 re/_trace.py:47 close.complete
DEBUG 2026-06-13 23:13:10 re/_trace.py:47 close.started
DEBUG 2026-06-13 23:13:10 re/_trace.py:47 close.complete
DEBUG 2026-06-13 23:13:10 re/_trace.py:47 close.started
DEBUG 2026-06-13 23:13:10 re/_trace.py:47 close.complete
DEBUG 2026-06-13 23:13:10 re/_trace.py:47 close.started
DEBUG 2026-06-13 23:13:10 re/_trace.py:47 close.complete
DEBUG 2026-06-13 23:13:10 re/_trace.py:47 close.started
DEBUG 2026-06-13 23:13:10 re/_trace.py:47 close.complete
DEBUG 2026-06-13 23:13:10 re/_trace.py:47 close.started
DEBUG 2026-06-13 23:13:10 re/_trace.py:47 close.complete
DEBUG 2026-06-13 23:13:10 re/_trace.py:47 close.started
DEBUG 2026-06-13 23:13:10 re/_trace.py:47 close.complete
DEBUG 2026-06-13 23:13:10 re/_trace.py:47 close.started
DEBUG 2026-06-13 23:13:10 re/_trace.py:47 close.complete
DEBUG 2026-06-13 23:13:10 re/_trace.py:47 close.started
DEBUG 2026-06-13 23:13:10 re/_trace.py:47 close.complete
DEBUG 2026-06-13 23:13:10 re/_trace.py:47 close.started
DEBUG 2026-06-13 23:13:10 re/_trace.py:47 close.complete
DEBUG 2026-06-13 23:13:10 re/_trace.py:47 close.started
DEBUG 2026-06-13 23:13:10 re/_trace.py:47 close.complete
DEBUG 2026-06-13 23:16:48 re/_trace.py:47 close.started
DEBUG 2026-06-13 23:16:48 re/_trace.py:47 close.complete
DEBUG 2026-06-13 23:16:48 re/_trace.py:47 close.started
DEBUG 2026-06-13 23:16:48 re/_trace.py:47 close.complete
DEBUG 2026-06-13 23:16:48 re/_trace.py:47 close.started
DEBUG 2026-06-13 23:16:48 re/_trace.py:47 close.complete
DEBUG 2026-06-13 23:16:48 re/_trace.py:47 close.started
DEBUG 2026-06-13 23:16:48 re/_trace.py:47 close.complete
DEBUG 2026-06-13 23:16:48 re/_trace.py:47 close.started
DEBUG 2026-06-13 23:16:48 re/_trace.py:47 close.complete
DEBUG 2026-06-13 23:16:48 re/_trace.py:47 close.started
DEBUG 2026-06-13 23:16:48 re/_trace.py:47 close.complete
DEBUG 2026-06-13 23:16:48 re/_trace.py:47 close.started
DEBUG 2026-06-13 23:16:48 re/_trace.py:47 close.complete
DEBUG 2026-06-13 23:16:48 re/_trace.py:47 close.started
DEBUG 2026-06-13 23:16:48 re/_trace.py:47 close.complete
DEBUG 2026-06-13 23:16:48 re/_trace.py:47 close.started
DEBUG 2026-06-13 23:16:48 re/_trace.py:47 close.complete
DEBUG 2026-06-13 23:16:49 re/_trace.py:47 close.started
DEBUG 2026-06-13 23:16:49 re/_trace.py:47 close.complete
INFO 2026-06-13 23:20:28 ot_train.py:459 step:10K smpl:7M ep:10K epch:200.74 loss:0.004 grdn:0.291 lr:8.9e-05 updt_s:3.552 data_s:0.505
WARNING 2026-06-13 23:20:28 db_utils.py:181 WandB logging of key "loss_per_dim" was ignored as its type "<class 'list'>" is not handled by this wrapper.
DEBUG 2026-06-13 23:20:28 re/_trace.py:47 close.started
DEBUG 2026-06-13 23:20:28 re/_trace.py:47 close.complete
DEBUG 2026-06-13 23:20:28 re/_trace.py:47 close.started
DEBUG 2026-06-13 23:20:28 re/_trace.py:47 close.complete
DEBUG 2026-06-13 23:20:28 re/_trace.py:47 close.started
DEBUG 2026-06-13 23:20:28 re/_trace.py:47 close.complete
DEBUG 2026-06-13 23:20:28 re/_trace.py:47 close.started
DEBUG 2026-06-13 23:20:28 re/_trace.py:47 close.complete
DEBUG 2026-06-13 23:20:28 re/_trace.py:47 close.started
DEBUG 2026-06-13 23:20:28 re/_trace.py:47 close.complete
DEBUG 2026-06-13 23:20:28 re/_trace.py:47 close.started
DEBUG 2026-06-13 23:20:28 re/_trace.py:47 close.complete
DEBUG 2026-06-13 23:20:28 re/_trace.py:47 close.started
DEBUG 2026-06-13 23:20:28 re/_trace.py:47 close.complete
DEBUG 2026-06-13 23:20:28 re/_trace.py:47 close.started
DEBUG 2026-06-13 23:20:28 re/_trace.py:47 close.complete
DEBUG 2026-06-13 23:20:28 re/_trace.py:47 close.started
DEBUG 2026-06-13 23:20:28 re/_trace.py:47 close.complete
DEBUG 2026-06-13 23:20:28 re/_trace.py:47 close.started
DEBUG 2026-06-13 23:20:28 re/_trace.py:47 close.complete
DEBUG 2026-06-13 23:24:09 re/_trace.py:47 close.started
DEBUG 2026-06-13 23:24:09 re/_trace.py:47 close.complete
DEBUG 2026-06-13 23:24:09 re/_trace.py:47 close.started
DEBUG 2026-06-13 23:24:09 re/_trace.py:47 close.complete
DEBUG 2026-06-13 23:24:09 re/_trace.py:47 close.started
DEBUG 2026-06-13 23:24:09 re/_trace.py:47 close.complete
DEBUG 2026-06-13 23:24:09 re/_trace.py:47 close.started
DEBUG 2026-06-13 23:24:09 re/_trace.py:47 close.complete
DEBUG 2026-06-13 23:24:10 re/_trace.py:47 close.started
DEBUG 2026-06-13 23:24:10 re/_trace.py:47 close.complete
DEBUG 2026-06-13 23:24:10 re/_trace.py:47 close.started
DEBUG 2026-06-13 23:24:10 re/_trace.py:47 close.complete
DEBUG 2026-06-13 23:24:10 re/_trace.py:47 close.started
DEBUG 2026-06-13 23:24:10 re/_trace.py:47 close.complete
DEBUG 2026-06-13 23:24:10 re/_trace.py:47 close.started
DEBUG 2026-06-13 23:24:10 re/_trace.py:47 close.complete
DEBUG 2026-06-13 23:24:10 re/_trace.py:47 close.started
DEBUG 2026-06-13 23:24:10 re/_trace.py:47 close.complete
DEBUG 2026-06-13 23:24:10 re/_trace.py:47 close.started
DEBUG 2026-06-13 23:24:10 re/_trace.py:47 close.complete
DEBUG 2026-06-13 23:27:50 re/_trace.py:47 close.started
DEBUG 2026-06-13 23:27:50 re/_trace.py:47 close.complete
DEBUG 2026-06-13 23:27:50 re/_trace.py:47 close.started
DEBUG 2026-06-13 23:27:50 re/_trace.py:47 close.complete
DEBUG 2026-06-13 23:27:51 re/_trace.py:47 close.started
DEBUG 2026-06-13 23:27:51 re/_trace.py:47 close.complete
DEBUG 2026-06-13 23:27:51 re/_trace.py:47 close.started
DEBUG 2026-06-13 23:27:51 re/_trace.py:47 close.complete
DEBUG 2026-06-13 23:27:51 re/_trace.py:47 close.started
DEBUG 2026-06-13 23:27:51 re/_trace.py:47 close.complete
DEBUG 2026-06-13 23:27:51 re/_trace.py:47 close.started
DEBUG 2026-06-13 23:27:51 re/_trace.py:47 close.complete
DEBUG 2026-06-13 23:27:51 re/_trace.py:47 close.started
DEBUG 2026-06-13 23:27:51 re/_trace.py:47 close.complete
DEBUG 2026-06-13 23:27:51 re/_trace.py:47 close.started
DEBUG 2026-06-13 23:27:51 re/_trace.py:47 close.complete
DEBUG 2026-06-13 23:27:51 re/_trace.py:47 close.started
DEBUG 2026-06-13 23:27:51 re/_trace.py:47 close.complete
DEBUG 2026-06-13 23:27:51 re/_trace.py:47 close.started
DEBUG 2026-06-13 23:27:51 re/_trace.py:47 close.complete
DEBUG 2026-06-13 23:31:31 re/_trace.py:47 close.started
DEBUG 2026-06-13 23:31:31 re/_trace.py:47 close.complete
DEBUG 2026-06-13 23:31:31 re/_trace.py:47 close.started
DEBUG 2026-06-13 23:31:31 re/_trace.py:47 close.complete
DEBUG 2026-06-13 23:31:31 re/_trace.py:47 close.started
DEBUG 2026-06-13 23:31:31 re/_trace.py:47 close.complete
DEBUG 2026-06-13 23:31:31 re/_trace.py:47 close.started
DEBUG 2026-06-13 23:31:31 re/_trace.py:47 close.complete
DEBUG 2026-06-13 23:31:31 re/_trace.py:47 close.started
DEBUG 2026-06-13 23:31:31 re/_trace.py:47 close.complete
DEBUG 2026-06-13 23:31:31 re/_trace.py:47 close.started
DEBUG 2026-06-13 23:31:31 re/_trace.py:47 close.complete
DEBUG 2026-06-13 23:31:32 re/_trace.py:47 close.started
DEBUG 2026-06-13 23:31:32 re/_trace.py:47 close.complete
DEBUG 2026-06-13 23:31:32 re/_trace.py:47 close.started
DEBUG 2026-06-13 23:31:32 re/_trace.py:47 close.complete
DEBUG 2026-06-13 23:31:32 re/_trace.py:47 close.started
DEBUG 2026-06-13 23:31:32 re/_trace.py:47 close.complete
DEBUG 2026-06-13 23:31:32 re/_trace.py:47 close.started
DEBUG 2026-06-13 23:31:32 re/_trace.py:47 close.complete
INFO 2026-06-13 23:34:44 ot_train.py:459 step:11K smpl:7M ep:10K epch:204.60 loss:0.004 grdn:0.288 lr:8.8e-05 updt_s:3.588 data_s:0.688
WARNING 2026-06-13 23:34:44 db_utils.py:181 WandB logging of key "loss_per_dim" was ignored as its type "<class 'list'>" is not handled by this wrapper.
DEBUG 2026-06-13 23:35:12 re/_trace.py:47 close.started
DEBUG 2026-06-13 23:35:12 re/_trace.py:47 close.complete
DEBUG 2026-06-13 23:35:12 re/_trace.py:47 close.started
DEBUG 2026-06-13 23:35:12 re/_trace.py:47 close.complete
DEBUG 2026-06-13 23:35:12 re/_trace.py:47 close.started
DEBUG 2026-06-13 23:35:12 re/_trace.py:47 close.complete
DEBUG 2026-06-13 23:35:12 re/_trace.py:47 close.started
DEBUG 2026-06-13 23:35:12 re/_trace.py:47 close.complete
DEBUG 2026-06-13 23:35:12 re/_trace.py:47 close.started
DEBUG 2026-06-13 23:35:12 re/_trace.py:47 close.complete
DEBUG 2026-06-13 23:35:12 re/_trace.py:47 close.started
DEBUG 2026-06-13 23:35:12 re/_trace.py:47 close.complete
DEBUG 2026-06-13 23:35:12 re/_trace.py:47 close.started
DEBUG 2026-06-13 23:35:12 re/_trace.py:47 close.complete
DEBUG 2026-06-13 23:35:12 re/_trace.py:47 close.started
DEBUG 2026-06-13 23:35:12 re/_trace.py:47 close.complete
DEBUG 2026-06-13 23:35:12 re/_trace.py:47 close.started
DEBUG 2026-06-13 23:35:12 re/_trace.py:47 close.complete
DEBUG 2026-06-13 23:35:12 re/_trace.py:47 close.started
DEBUG 2026-06-13 23:35:12 re/_trace.py:47 close.complete
DEBUG 2026-06-13 23:38:52 re/_trace.py:47 close.started
DEBUG 2026-06-13 23:38:52 re/_trace.py:47 close.complete
DEBUG 2026-06-13 23:38:52 re/_trace.py:47 close.started
DEBUG 2026-06-13 23:38:52 re/_trace.py:47 close.complete
DEBUG 2026-06-13 23:38:52 re/_trace.py:47 close.started
DEBUG 2026-06-13 23:38:52 re/_trace.py:47 close.complete
DEBUG 2026-06-13 23:38:52 re/_trace.py:47 close.started
DEBUG 2026-06-13 23:38:52 re/_trace.py:47 close.complete
DEBUG 2026-06-13 23:38:52 re/_trace.py:47 close.started
DEBUG 2026-06-13 23:38:52 re/_trace.py:47 close.complete
DEBUG 2026-06-13 23:38:52 re/_trace.py:47 close.started
DEBUG 2026-06-13 23:38:52 re/_trace.py:47 close.complete
DEBUG 2026-06-13 23:38:52 re/_trace.py:47 close.started
DEBUG 2026-06-13 23:38:52 re/_trace.py:47 close.complete
DEBUG 2026-06-13 23:38:52 re/_trace.py:47 close.started
DEBUG 2026-06-13 23:38:52 re/_trace.py:47 close.complete
DEBUG 2026-06-13 23:38:52 re/_trace.py:47 close.started
DEBUG 2026-06-13 23:38:52 re/_trace.py:47 close.complete
DEBUG 2026-06-13 23:38:52 re/_trace.py:47 close.started
DEBUG 2026-06-13 23:38:52 re/_trace.py:47 close.complete
DEBUG 2026-06-13 23:42:31 re/_trace.py:47 close.started
DEBUG 2026-06-13 23:42:31 re/_trace.py:47 close.complete
DEBUG 2026-06-13 23:42:31 re/_trace.py:47 close.started
DEBUG 2026-06-13 23:42:31 re/_trace.py:47 close.complete
DEBUG 2026-06-13 23:42:31 re/_trace.py:47 close.started
DEBUG 2026-06-13 23:42:31 re/_trace.py:47 close.complete
DEBUG 2026-06-13 23:42:31 re/_trace.py:47 close.started
DEBUG 2026-06-13 23:42:31 re/_trace.py:47 close.complete
DEBUG 2026-06-13 23:42:31 re/_trace.py:47 close.started
DEBUG 2026-06-13 23:42:31 re/_trace.py:47 close.complete
DEBUG 2026-06-13 23:42:31 re/_trace.py:47 close.started
DEBUG 2026-06-13 23:42:31 re/_trace.py:47 close.complete
DEBUG 2026-06-13 23:42:31 re/_trace.py:47 close.started
DEBUG 2026-06-13 23:42:31 re/_trace.py:47 close.complete
DEBUG 2026-06-13 23:42:31 re/_trace.py:47 close.started
DEBUG 2026-06-13 23:42:31 re/_trace.py:47 close.complete
DEBUG 2026-06-13 23:42:31 re/_trace.py:47 close.started
DEBUG 2026-06-13 23:42:31 re/_trace.py:47 close.complete
DEBUG 2026-06-13 23:42:31 re/_trace.py:47 close.started
DEBUG 2026-06-13 23:42:31 re/_trace.py:47 close.complete
DEBUG 2026-06-13 23:46:10 re/_trace.py:47 close.started
DEBUG 2026-06-13 23:46:10 re/_trace.py:47 close.complete
DEBUG 2026-06-13 23:46:10 re/_trace.py:47 close.started
DEBUG 2026-06-13 23:46:10 re/_trace.py:47 close.complete
DEBUG 2026-06-13 23:46:11 re/_trace.py:47 close.started
DEBUG 2026-06-13 23:46:11 re/_trace.py:47 close.complete
DEBUG 2026-06-13 23:46:11 re/_trace.py:47 close.started
DEBUG 2026-06-13 23:46:11 re/_trace.py:47 close.complete
DEBUG 2026-06-13 23:46:11 re/_trace.py:47 close.started
DEBUG 2026-06-13 23:46:11 re/_trace.py:47 close.complete
DEBUG 2026-06-13 23:46:11 re/_trace.py:47 close.started
DEBUG 2026-06-13 23:46:11 re/_trace.py:47 close.complete
DEBUG 2026-06-13 23:46:11 re/_trace.py:47 close.started
DEBUG 2026-06-13 23:46:11 re/_trace.py:47 close.complete
DEBUG 2026-06-13 23:46:11 re/_trace.py:47 close.started
DEBUG 2026-06-13 23:46:11 re/_trace.py:47 close.complete
DEBUG 2026-06-13 23:46:11 re/_trace.py:47 close.started
DEBUG 2026-06-13 23:46:11 re/_trace.py:47 close.complete
DEBUG 2026-06-13 23:46:11 re/_trace.py:47 close.started
DEBUG 2026-06-13 23:46:11 re/_trace.py:47 close.complete
INFO 2026-06-13 23:48:54 ot_train.py:459 step:11K smpl:8M ep:10K epch:208.46 loss:0.004 grdn:0.270 lr:8.7e-05 updt_s:3.569 data_s:0.679
WARNING 2026-06-13 23:48:54 db_utils.py:181 WandB logging of key "loss_per_dim" was ignored as its type "<class 'list'>" is not handled by this wrapper.
DEBUG 2026-06-13 23:49:49 re/_trace.py:47 close.started
DEBUG 2026-06-13 23:49:49 re/_trace.py:47 close.complete
DEBUG 2026-06-13 23:49:49 re/_trace.py:47 close.started
DEBUG 2026-06-13 23:49:49 re/_trace.py:47 close.complete
DEBUG 2026-06-13 23:49:49 re/_trace.py:47 close.started
DEBUG 2026-06-13 23:49:49 re/_trace.py:47 close.complete
DEBUG 2026-06-13 23:49:49 re/_trace.py:47 close.started
DEBUG 2026-06-13 23:49:49 re/_trace.py:47 close.complete
DEBUG 2026-06-13 23:49:49 re/_trace.py:47 close.started
DEBUG 2026-06-13 23:49:49 re/_trace.py:47 close.complete
DEBUG 2026-06-13 23:49:49 re/_trace.py:47 close.started
DEBUG 2026-06-13 23:49:49 re/_trace.py:47 close.complete
DEBUG 2026-06-13 23:49:49 re/_trace.py:47 close.started
DEBUG 2026-06-13 23:49:49 re/_trace.py:47 close.complete
DEBUG 2026-06-13 23:49:49 re/_trace.py:47 close.started
DEBUG 2026-06-13 23:49:49 re/_trace.py:47 close.complete
DEBUG 2026-06-13 23:49:49 re/_trace.py:47 close.started
DEBUG 2026-06-13 23:49:49 re/_trace.py:47 close.complete
DEBUG 2026-06-13 23:49:50 re/_trace.py:47 close.started
DEBUG 2026-06-13 23:49:50 re/_trace.py:47 close.complete
DEBUG 2026-06-13 23:53:27 re/_trace.py:47 close.started
DEBUG 2026-06-13 23:53:27 re/_trace.py:47 close.complete
DEBUG 2026-06-13 23:53:27 re/_trace.py:47 close.started
DEBUG 2026-06-13 23:53:27 re/_trace.py:47 close.complete
DEBUG 2026-06-13 23:53:27 re/_trace.py:47 close.started
DEBUG 2026-06-13 23:53:27 re/_trace.py:47 close.complete
DEBUG 2026-06-13 23:53:27 re/_trace.py:47 close.started
DEBUG 2026-06-13 23:53:27 re/_trace.py:47 close.complete
DEBUG 2026-06-13 23:53:27 re/_trace.py:47 close.started
DEBUG 2026-06-13 23:53:27 re/_trace.py:47 close.complete
DEBUG 2026-06-13 23:53:27 re/_trace.py:47 close.started
DEBUG 2026-06-13 23:53:27 re/_trace.py:47 close.complete
DEBUG 2026-06-13 23:53:27 re/_trace.py:47 close.started
DEBUG 2026-06-13 23:53:27 re/_trace.py:47 close.complete
DEBUG 2026-06-13 23:53:27 re/_trace.py:47 close.started
DEBUG 2026-06-13 23:53:27 re/_trace.py:47 close.complete
DEBUG 2026-06-13 23:53:27 re/_trace.py:47 close.started
DEBUG 2026-06-13 23:53:27 re/_trace.py:47 close.complete
DEBUG 2026-06-13 23:53:27 re/_trace.py:47 close.started
DEBUG 2026-06-13 23:53:27 re/_trace.py:47 close.complete
DEBUG 2026-06-13 23:57:06 re/_trace.py:47 close.started
DEBUG 2026-06-13 23:57:06 re/_trace.py:47 close.complete
DEBUG 2026-06-13 23:57:06 re/_trace.py:47 close.started
DEBUG 2026-06-13 23:57:06 re/_trace.py:47 close.complete
DEBUG 2026-06-13 23:57:06 re/_trace.py:47 close.started
DEBUG 2026-06-13 23:57:06 re/_trace.py:47 close.complete
DEBUG 2026-06-13 23:57:06 re/_trace.py:47 close.started
DEBUG 2026-06-13 23:57:06 re/_trace.py:47 close.complete
DEBUG 2026-06-13 23:57:07 re/_trace.py:47 close.started
DEBUG 2026-06-13 23:57:07 re/_trace.py:47 close.complete
DEBUG 2026-06-13 23:57:07 re/_trace.py:47 close.started
DEBUG 2026-06-13 23:57:07 re/_trace.py:47 close.complete
DEBUG 2026-06-13 23:57:07 re/_trace.py:47 close.started
DEBUG 2026-06-13 23:57:07 re/_trace.py:47 close.complete
DEBUG 2026-06-13 23:57:07 re/_trace.py:47 close.started
DEBUG 2026-06-13 23:57:07 re/_trace.py:47 close.complete
DEBUG 2026-06-13 23:57:07 re/_trace.py:47 close.started
DEBUG 2026-06-13 23:57:07 re/_trace.py:47 close.complete
DEBUG 2026-06-13 23:57:07 re/_trace.py:47 close.started
DEBUG 2026-06-13 23:57:07 re/_trace.py:47 close.complete
DEBUG 2026-06-14 00:00:45 re/_trace.py:47 close.started
DEBUG 2026-06-14 00:00:45 re/_trace.py:47 close.complete
DEBUG 2026-06-14 00:00:45 re/_trace.py:47 close.started
DEBUG 2026-06-14 00:00:45 re/_trace.py:47 close.complete
DEBUG 2026-06-14 00:00:45 re/_trace.py:47 close.started
DEBUG 2026-06-14 00:00:45 re/_trace.py:47 close.complete
DEBUG 2026-06-14 00:00:45 re/_trace.py:47 close.started
DEBUG 2026-06-14 00:00:45 re/_trace.py:47 close.complete
DEBUG 2026-06-14 00:00:46 re/_trace.py:47 close.started
DEBUG 2026-06-14 00:00:46 re/_trace.py:47 close.complete
DEBUG 2026-06-14 00:00:46 re/_trace.py:47 close.started
DEBUG 2026-06-14 00:00:46 re/_trace.py:47 close.complete
DEBUG 2026-06-14 00:00:46 re/_trace.py:47 close.started
DEBUG 2026-06-14 00:00:46 re/_trace.py:47 close.complete
DEBUG 2026-06-14 00:00:46 re/_trace.py:47 close.started
DEBUG 2026-06-14 00:00:46 re/_trace.py:47 close.complete
DEBUG 2026-06-14 00:00:46 re/_trace.py:47 close.started
DEBUG 2026-06-14 00:00:46 re/_trace.py:47 close.complete
DEBUG 2026-06-14 00:00:46 re/_trace.py:47 close.started
DEBUG 2026-06-14 00:00:46 re/_trace.py:47 close.complete
INFO 2026-06-14 00:03:03 ot_train.py:459 step:11K smpl:8M ep:11K epch:212.32 loss:0.004 grdn:0.287 lr:8.6e-05 updt_s:3.581 data_s:0.660
WARNING 2026-06-14 00:03:03 db_utils.py:181 WandB logging of key "loss_per_dim" was ignored as its type "<class 'list'>" is not handled by this wrapper.
DEBUG 2026-06-14 00:04:26 re/_trace.py:47 close.started
DEBUG 2026-06-14 00:04:26 re/_trace.py:47 close.complete
DEBUG 2026-06-14 00:04:26 re/_trace.py:47 close.started
DEBUG 2026-06-14 00:04:26 re/_trace.py:47 close.complete
DEBUG 2026-06-14 00:04:26 re/_trace.py:47 close.started
DEBUG 2026-06-14 00:04:26 re/_trace.py:47 close.complete
DEBUG 2026-06-14 00:04:26 re/_trace.py:47 close.started
DEBUG 2026-06-14 00:04:26 re/_trace.py:47 close.complete
DEBUG 2026-06-14 00:04:26 re/_trace.py:47 close.started
DEBUG 2026-06-14 00:04:26 re/_trace.py:47 close.complete
DEBUG 2026-06-14 00:04:26 re/_trace.py:47 close.started
DEBUG 2026-06-14 00:04:26 re/_trace.py:47 close.complete
DEBUG 2026-06-14 00:04:26 re/_trace.py:47 close.started
DEBUG 2026-06-14 00:04:26 re/_trace.py:47 close.complete
DEBUG 2026-06-14 00:04:26 re/_trace.py:47 close.started
DEBUG 2026-06-14 00:04:26 re/_trace.py:47 close.complete
DEBUG 2026-06-14 00:04:26 re/_trace.py:47 close.started
DEBUG 2026-06-14 00:04:26 re/_trace.py:47 close.complete
DEBUG 2026-06-14 00:04:26 re/_trace.py:47 close.started
DEBUG 2026-06-14 00:04:26 re/_trace.py:47 close.complete
DEBUG 2026-06-14 00:08:08 re/_trace.py:47 close.started
DEBUG 2026-06-14 00:08:08 re/_trace.py:47 close.complete
DEBUG 2026-06-14 00:08:08 re/_trace.py:47 close.started
DEBUG 2026-06-14 00:08:08 re/_trace.py:47 close.complete
DEBUG 2026-06-14 00:08:08 re/_trace.py:47 close.started
DEBUG 2026-06-14 00:08:08 re/_trace.py:47 close.complete
DEBUG 2026-06-14 00:08:08 re/_trace.py:47 close.started
DEBUG 2026-06-14 00:08:08 re/_trace.py:47 close.complete
DEBUG 2026-06-14 00:08:08 re/_trace.py:47 close.started
DEBUG 2026-06-14 00:08:08 re/_trace.py:47 close.complete
DEBUG 2026-06-14 00:08:08 re/_trace.py:47 close.started
DEBUG 2026-06-14 00:08:08 re/_trace.py:47 close.complete
DEBUG 2026-06-14 00:08:08 re/_trace.py:47 close.started
DEBUG 2026-06-14 00:08:08 re/_trace.py:47 close.complete
DEBUG 2026-06-14 00:08:08 re/_trace.py:47 close.started
DEBUG 2026-06-14 00:08:08 re/_trace.py:47 close.complete
DEBUG 2026-06-14 00:08:08 re/_trace.py:47 close.started
DEBUG 2026-06-14 00:08:08 re/_trace.py:47 close.complete
DEBUG 2026-06-14 00:08:08 re/_trace.py:47 close.started
DEBUG 2026-06-14 00:08:08 re/_trace.py:47 close.complete
DEBUG 2026-06-14 00:11:48 re/_trace.py:47 close.started
DEBUG 2026-06-14 00:11:48 re/_trace.py:47 close.complete
DEBUG 2026-06-14 00:11:48 re/_trace.py:47 close.started
DEBUG 2026-06-14 00:11:48 re/_trace.py:47 close.complete
DEBUG 2026-06-14 00:11:48 re/_trace.py:47 close.started
DEBUG 2026-06-14 00:11:48 re/_trace.py:47 close.complete
DEBUG 2026-06-14 00:11:49 re/_trace.py:47 close.started
DEBUG 2026-06-14 00:11:49 re/_trace.py:47 close.complete
DEBUG 2026-06-14 00:11:49 re/_trace.py:47 close.started
DEBUG 2026-06-14 00:11:49 re/_trace.py:47 close.complete
DEBUG 2026-06-14 00:11:49 re/_trace.py:47 close.started
DEBUG 2026-06-14 00:11:49 re/_trace.py:47 close.complete
DEBUG 2026-06-14 00:11:49 re/_trace.py:47 close.started
DEBUG 2026-06-14 00:11:49 re/_trace.py:47 close.complete
DEBUG 2026-06-14 00:11:49 re/_trace.py:47 close.started
DEBUG 2026-06-14 00:11:49 re/_trace.py:47 close.complete
DEBUG 2026-06-14 00:11:49 re/_trace.py:47 close.started
DEBUG 2026-06-14 00:11:49 re/_trace.py:47 close.complete
DEBUG 2026-06-14 00:11:49 re/_trace.py:47 close.started
DEBUG 2026-06-14 00:11:49 re/_trace.py:47 close.complete
DEBUG 2026-06-14 00:15:27 re/_trace.py:47 close.started
DEBUG 2026-06-14 00:15:27 re/_trace.py:47 close.complete
DEBUG 2026-06-14 00:15:27 re/_trace.py:47 close.started
DEBUG 2026-06-14 00:15:27 re/_trace.py:47 close.complete
DEBUG 2026-06-14 00:15:27 re/_trace.py:47 close.started
DEBUG 2026-06-14 00:15:27 re/_trace.py:47 close.complete
DEBUG 2026-06-14 00:15:27 re/_trace.py:47 close.started
DEBUG 2026-06-14 00:15:27 re/_trace.py:47 close.complete
DEBUG 2026-06-14 00:15:27 re/_trace.py:47 close.started
DEBUG 2026-06-14 00:15:27 re/_trace.py:47 close.complete
DEBUG 2026-06-14 00:15:27 re/_trace.py:47 close.started
DEBUG 2026-06-14 00:15:27 re/_trace.py:47 close.complete
DEBUG 2026-06-14 00:15:27 re/_trace.py:47 close.started
DEBUG 2026-06-14 00:15:27 re/_trace.py:47 close.complete
DEBUG 2026-06-14 00:15:28 re/_trace.py:47 close.started
DEBUG 2026-06-14 00:15:28 re/_trace.py:47 close.complete
DEBUG 2026-06-14 00:15:28 re/_trace.py:47 close.started
DEBUG 2026-06-14 00:15:28 re/_trace.py:47 close.complete
DEBUG 2026-06-14 00:15:28 re/_trace.py:47 close.started
DEBUG 2026-06-14 00:15:28 re/_trace.py:47 close.complete
INFO 2026-06-14 00:17:17 ot_train.py:459 step:11K smpl:8M ep:11K epch:216.18 loss:0.004 grdn:0.289 lr:8.5e-05 updt_s:3.592 data_s:0.677
WARNING 2026-06-14 00:17:17 db_utils.py:181 WandB logging of key "loss_per_dim" was ignored as its type "<class 'list'>" is not handled by this wrapper.
DEBUG 2026-06-14 00:19:09 re/_trace.py:47 close.started
DEBUG 2026-06-14 00:19:09 re/_trace.py:47 close.complete
DEBUG 2026-06-14 00:19:09 re/_trace.py:47 close.started
DEBUG 2026-06-14 00:19:09 re/_trace.py:47 close.complete
DEBUG 2026-06-14 00:19:09 re/_trace.py:47 close.started
DEBUG 2026-06-14 00:19:09 re/_trace.py:47 close.complete
DEBUG 2026-06-14 00:19:09 re/_trace.py:47 close.started
DEBUG 2026-06-14 00:19:09 re/_trace.py:47 close.complete
DEBUG 2026-06-14 00:19:09 re/_trace.py:47 close.started
DEBUG 2026-06-14 00:19:09 re/_trace.py:47 close.complete
DEBUG 2026-06-14 00:19:09 re/_trace.py:47 close.started
DEBUG 2026-06-14 00:19:09 re/_trace.py:47 close.complete
DEBUG 2026-06-14 00:19:09 re/_trace.py:47 close.started
DEBUG 2026-06-14 00:19:09 re/_trace.py:47 close.complete
DEBUG 2026-06-14 00:19:09 re/_trace.py:47 close.started
DEBUG 2026-06-14 00:19:09 re/_trace.py:47 close.complete
DEBUG 2026-06-14 00:19:09 re/_trace.py:47 close.started
DEBUG 2026-06-14 00:19:09 re/_trace.py:47 close.complete
DEBUG 2026-06-14 00:19:09 re/_trace.py:47 close.started
DEBUG 2026-06-14 00:19:09 re/_trace.py:47 close.complete
DEBUG 2026-06-14 00:22:47 re/_trace.py:47 close.started
DEBUG 2026-06-14 00:22:47 re/_trace.py:47 close.complete
DEBUG 2026-06-14 00:22:47 re/_trace.py:47 close.started
DEBUG 2026-06-14 00:22:47 re/_trace.py:47 close.complete
DEBUG 2026-06-14 00:22:48 re/_trace.py:47 close.started
DEBUG 2026-06-14 00:22:48 re/_trace.py:47 close.complete
DEBUG 2026-06-14 00:22:48 re/_trace.py:47 close.started
DEBUG 2026-06-14 00:22:48 re/_trace.py:47 close.complete
DEBUG 2026-06-14 00:22:48 re/_trace.py:47 close.started
DEBUG 2026-06-14 00:22:48 re/_trace.py:47 close.complete
DEBUG 2026-06-14 00:22:48 re/_trace.py:47 close.started
DEBUG 2026-06-14 00:22:48 re/_trace.py:47 close.complete
DEBUG 2026-06-14 00:22:48 re/_trace.py:47 close.started
DEBUG 2026-06-14 00:22:48 re/_trace.py:47 close.complete
DEBUG 2026-06-14 00:22:48 re/_trace.py:47 close.started
DEBUG 2026-06-14 00:22:48 re/_trace.py:47 close.complete
DEBUG 2026-06-14 00:22:48 re/_trace.py:47 close.started
DEBUG 2026-06-14 00:22:48 re/_trace.py:47 close.complete
DEBUG 2026-06-14 00:22:48 re/_trace.py:47 close.started
DEBUG 2026-06-14 00:22:48 re/_trace.py:47 close.complete
DEBUG 2026-06-14 00:26:27 re/_trace.py:47 close.started
DEBUG 2026-06-14 00:26:27 re/_trace.py:47 close.complete
DEBUG 2026-06-14 00:26:27 re/_trace.py:47 close.started
DEBUG 2026-06-14 00:26:27 re/_trace.py:47 close.complete
DEBUG 2026-06-14 00:26:27 re/_trace.py:47 close.started
DEBUG 2026-06-14 00:26:27 re/_trace.py:47 close.complete
DEBUG 2026-06-14 00:26:27 re/_trace.py:47 close.started
DEBUG 2026-06-14 00:26:27 re/_trace.py:47 close.complete
DEBUG 2026-06-14 00:26:27 re/_trace.py:47 close.started
DEBUG 2026-06-14 00:26:27 re/_trace.py:47 close.complete
DEBUG 2026-06-14 00:26:27 re/_trace.py:47 close.started
DEBUG 2026-06-14 00:26:27 re/_trace.py:47 close.complete
DEBUG 2026-06-14 00:26:27 re/_trace.py:47 close.started
DEBUG 2026-06-14 00:26:27 re/_trace.py:47 close.complete
DEBUG 2026-06-14 00:26:27 re/_trace.py:47 close.started
DEBUG 2026-06-14 00:26:27 re/_trace.py:47 close.complete
DEBUG 2026-06-14 00:26:27 re/_trace.py:47 close.started
DEBUG 2026-06-14 00:26:27 re/_trace.py:47 close.complete
DEBUG 2026-06-14 00:26:28 re/_trace.py:47 close.started
DEBUG 2026-06-14 00:26:28 re/_trace.py:47 close.complete
DEBUG 2026-06-14 00:30:06 re/_trace.py:47 close.started
DEBUG 2026-06-14 00:30:06 re/_trace.py:47 close.complete
DEBUG 2026-06-14 00:30:06 re/_trace.py:47 close.started
DEBUG 2026-06-14 00:30:06 re/_trace.py:47 close.complete
DEBUG 2026-06-14 00:30:06 re/_trace.py:47 close.started
DEBUG 2026-06-14 00:30:06 re/_trace.py:47 close.complete
DEBUG 2026-06-14 00:30:07 re/_trace.py:47 close.started
DEBUG 2026-06-14 00:30:07 re/_trace.py:47 close.complete
DEBUG 2026-06-14 00:30:07 re/_trace.py:47 close.started
DEBUG 2026-06-14 00:30:07 re/_trace.py:47 close.complete
DEBUG 2026-06-14 00:30:07 re/_trace.py:47 close.started
DEBUG 2026-06-14 00:30:07 re/_trace.py:47 close.complete
DEBUG 2026-06-14 00:30:07 re/_trace.py:47 close.started
DEBUG 2026-06-14 00:30:07 re/_trace.py:47 close.complete
DEBUG 2026-06-14 00:30:07 re/_trace.py:47 close.started
DEBUG 2026-06-14 00:30:07 re/_trace.py:47 close.complete
DEBUG 2026-06-14 00:30:07 re/_trace.py:47 close.started
DEBUG 2026-06-14 00:30:07 re/_trace.py:47 close.complete
DEBUG 2026-06-14 00:30:07 re/_trace.py:47 close.started
DEBUG 2026-06-14 00:30:07 re/_trace.py:47 close.complete
INFO 2026-06-14 00:31:23 ot_train.py:459 step:11K smpl:8M ep:11K epch:220.04 loss:0.004 grdn:0.297 lr:8.3e-05 updt_s:3.575 data_s:0.651
WARNING 2026-06-14 00:31:23 db_utils.py:181 WandB logging of key "loss_per_dim" was ignored as its type "<class 'list'>" is not handled by this wrapper.
DEBUG 2026-06-14 00:33:44 re/_trace.py:47 close.started
DEBUG 2026-06-14 00:33:44 re/_trace.py:47 close.complete
DEBUG 2026-06-14 00:33:44 re/_trace.py:47 close.started
DEBUG 2026-06-14 00:33:44 re/_trace.py:47 close.complete
DEBUG 2026-06-14 00:33:44 re/_trace.py:47 close.started
DEBUG 2026-06-14 00:33:44 re/_trace.py:47 close.complete
DEBUG 2026-06-14 00:33:44 re/_trace.py:47 close.started
DEBUG 2026-06-14 00:33:44 re/_trace.py:47 close.complete
DEBUG 2026-06-14 00:33:44 re/_trace.py:47 close.started
DEBUG 2026-06-14 00:33:44 re/_trace.py:47 close.complete
DEBUG 2026-06-14 00:33:44 re/_trace.py:47 close.started
DEBUG 2026-06-14 00:33:44 re/_trace.py:47 close.complete
DEBUG 2026-06-14 00:33:45 re/_trace.py:47 close.started
DEBUG 2026-06-14 00:33:45 re/_trace.py:47 close.complete
DEBUG 2026-06-14 00:33:45 re/_trace.py:47 close.started
DEBUG 2026-06-14 00:33:45 re/_trace.py:47 close.complete
DEBUG 2026-06-14 00:33:45 re/_trace.py:47 close.started
DEBUG 2026-06-14 00:33:45 re/_trace.py:47 close.complete
DEBUG 2026-06-14 00:33:45 re/_trace.py:47 close.started
DEBUG 2026-06-14 00:33:45 re/_trace.py:47 close.complete
DEBUG 2026-06-14 00:37:27 re/_trace.py:47 close.started
DEBUG 2026-06-14 00:37:27 re/_trace.py:47 close.complete
DEBUG 2026-06-14 00:37:27 re/_trace.py:47 close.started
DEBUG 2026-06-14 00:37:27 re/_trace.py:47 close.complete
DEBUG 2026-06-14 00:37:27 re/_trace.py:47 close.started
DEBUG 2026-06-14 00:37:27 re/_trace.py:47 close.complete
DEBUG 2026-06-14 00:37:27 re/_trace.py:47 close.started
DEBUG 2026-06-14 00:37:27 re/_trace.py:47 close.complete
DEBUG 2026-06-14 00:37:27 re/_trace.py:47 close.started
DEBUG 2026-06-14 00:37:27 re/_trace.py:47 close.complete
DEBUG 2026-06-14 00:37:27 re/_trace.py:47 close.started
DEBUG 2026-06-14 00:37:27 re/_trace.py:47 close.complete
DEBUG 2026-06-14 00:37:27 re/_trace.py:47 close.started
DEBUG 2026-06-14 00:37:27 re/_trace.py:47 close.complete
DEBUG 2026-06-14 00:37:27 re/_trace.py:47 close.started
DEBUG 2026-06-14 00:37:27 re/_trace.py:47 close.complete
DEBUG 2026-06-14 00:37:27 re/_trace.py:47 close.started
DEBUG 2026-06-14 00:37:27 re/_trace.py:47 close.complete
DEBUG 2026-06-14 00:37:27 re/_trace.py:47 close.started
DEBUG 2026-06-14 00:37:27 re/_trace.py:47 close.complete
DEBUG 2026-06-14 00:41:05 re/_trace.py:47 close.started
DEBUG 2026-06-14 00:41:05 re/_trace.py:47 close.complete
DEBUG 2026-06-14 00:41:05 re/_trace.py:47 close.started
DEBUG 2026-06-14 00:41:05 re/_trace.py:47 close.complete
DEBUG 2026-06-14 00:41:05 re/_trace.py:47 close.started
DEBUG 2026-06-14 00:41:05 re/_trace.py:47 close.complete
DEBUG 2026-06-14 00:41:05 re/_trace.py:47 close.started
DEBUG 2026-06-14 00:41:05 re/_trace.py:47 close.complete
DEBUG 2026-06-14 00:41:05 re/_trace.py:47 close.started
DEBUG 2026-06-14 00:41:05 re/_trace.py:47 close.complete
DEBUG 2026-06-14 00:41:05 re/_trace.py:47 close.started
DEBUG 2026-06-14 00:41:05 re/_trace.py:47 close.complete
DEBUG 2026-06-14 00:41:05 re/_trace.py:47 close.started
DEBUG 2026-06-14 00:41:05 re/_trace.py:47 close.complete
DEBUG 2026-06-14 00:41:05 re/_trace.py:47 close.started
DEBUG 2026-06-14 00:41:05 re/_trace.py:47 close.complete
DEBUG 2026-06-14 00:41:05 re/_trace.py:47 close.started
DEBUG 2026-06-14 00:41:05 re/_trace.py:47 close.complete
DEBUG 2026-06-14 00:41:05 re/_trace.py:47 close.started
DEBUG 2026-06-14 00:41:05 re/_trace.py:47 close.complete
DEBUG 2026-06-14 00:44:44 re/_trace.py:47 close.started
DEBUG 2026-06-14 00:44:44 re/_trace.py:47 close.complete
DEBUG 2026-06-14 00:44:44 re/_trace.py:47 close.started
DEBUG 2026-06-14 00:44:44 re/_trace.py:47 close.complete
DEBUG 2026-06-14 00:44:44 re/_trace.py:47 close.started
DEBUG 2026-06-14 00:44:44 re/_trace.py:47 close.complete
DEBUG 2026-06-14 00:44:44 re/_trace.py:47 close.started
DEBUG 2026-06-14 00:44:44 re/_trace.py:47 close.complete
DEBUG 2026-06-14 00:44:44 re/_trace.py:47 close.started
DEBUG 2026-06-14 00:44:44 re/_trace.py:47 close.complete
DEBUG 2026-06-14 00:44:44 re/_trace.py:47 close.started
DEBUG 2026-06-14 00:44:44 re/_trace.py:47 close.complete
DEBUG 2026-06-14 00:44:45 re/_trace.py:47 close.started
DEBUG 2026-06-14 00:44:45 re/_trace.py:47 close.complete
DEBUG 2026-06-14 00:44:45 re/_trace.py:47 close.started
DEBUG 2026-06-14 00:44:45 re/_trace.py:47 close.complete
DEBUG 2026-06-14 00:44:45 re/_trace.py:47 close.started
DEBUG 2026-06-14 00:44:45 re/_trace.py:47 close.complete
DEBUG 2026-06-14 00:44:45 re/_trace.py:47 close.started
DEBUG 2026-06-14 00:44:45 re/_trace.py:47 close.complete
INFO 2026-06-14 00:45:31 ot_train.py:459 step:12K smpl:8M ep:11K epch:223.90 loss:0.004 grdn:0.264 lr:8.2e-05 updt_s:3.604 data_s:0.633
WARNING 2026-06-14 00:45:31 db_utils.py:181 WandB logging of key "loss_per_dim" was ignored as its type "<class 'list'>" is not handled by this wrapper.
DEBUG 2026-06-14 00:48:25 re/_trace.py:47 close.started
DEBUG 2026-06-14 00:48:25 re/_trace.py:47 close.complete
DEBUG 2026-06-14 00:48:25 re/_trace.py:47 close.started
DEBUG 2026-06-14 00:48:25 re/_trace.py:47 close.complete
DEBUG 2026-06-14 00:48:25 re/_trace.py:47 close.started
DEBUG 2026-06-14 00:48:25 re/_trace.py:47 close.complete
DEBUG 2026-06-14 00:48:25 re/_trace.py:47 close.started
DEBUG 2026-06-14 00:48:25 re/_trace.py:47 close.complete
DEBUG 2026-06-14 00:48:25 re/_trace.py:47 close.started
DEBUG 2026-06-14 00:48:25 re/_trace.py:47 close.complete
DEBUG 2026-06-14 00:48:25 re/_trace.py:47 close.started
DEBUG 2026-06-14 00:48:25 re/_trace.py:47 close.complete
DEBUG 2026-06-14 00:48:25 re/_trace.py:47 close.started
DEBUG 2026-06-14 00:48:25 re/_trace.py:47 close.complete
DEBUG 2026-06-14 00:48:25 re/_trace.py:47 close.started
DEBUG 2026-06-14 00:48:25 re/_trace.py:47 close.complete
DEBUG 2026-06-14 00:48:25 re/_trace.py:47 close.started
DEBUG 2026-06-14 00:48:25 re/_trace.py:47 close.complete
DEBUG 2026-06-14 00:48:25 re/_trace.py:47 close.started
DEBUG 2026-06-14 00:48:25 re/_trace.py:47 close.complete
DEBUG 2026-06-14 00:52:06 re/_trace.py:47 close.started
DEBUG 2026-06-14 00:52:06 re/_trace.py:47 close.complete
DEBUG 2026-06-14 00:52:06 re/_trace.py:47 close.started
DEBUG 2026-06-14 00:52:06 re/_trace.py:47 close.complete
DEBUG 2026-06-14 00:52:06 re/_trace.py:47 close.started
DEBUG 2026-06-14 00:52:06 re/_trace.py:47 close.complete
DEBUG 2026-06-14 00:52:06 re/_trace.py:47 close.started
DEBUG 2026-06-14 00:52:06 re/_trace.py:47 close.complete
DEBUG 2026-06-14 00:52:06 re/_trace.py:47 close.started
DEBUG 2026-06-14 00:52:06 re/_trace.py:47 close.complete
DEBUG 2026-06-14 00:52:06 re/_trace.py:47 close.started
DEBUG 2026-06-14 00:52:06 re/_trace.py:47 close.complete
DEBUG 2026-06-14 00:52:06 re/_trace.py:47 close.started
DEBUG 2026-06-14 00:52:06 re/_trace.py:47 close.complete
DEBUG 2026-06-14 00:52:06 re/_trace.py:47 close.started
DEBUG 2026-06-14 00:52:06 re/_trace.py:47 close.complete
DEBUG 2026-06-14 00:52:06 re/_trace.py:47 close.started
DEBUG 2026-06-14 00:52:06 re/_trace.py:47 close.complete
DEBUG 2026-06-14 00:52:06 re/_trace.py:47 close.started
DEBUG 2026-06-14 00:52:06 re/_trace.py:47 close.complete
DEBUG 2026-06-14 00:55:47 re/_trace.py:47 close.started
DEBUG 2026-06-14 00:55:47 re/_trace.py:47 close.complete
DEBUG 2026-06-14 00:55:47 re/_trace.py:47 close.started
DEBUG 2026-06-14 00:55:47 re/_trace.py:47 close.complete
DEBUG 2026-06-14 00:55:47 re/_trace.py:47 close.started
DEBUG 2026-06-14 00:55:47 re/_trace.py:47 close.complete
DEBUG 2026-06-14 00:55:47 re/_trace.py:47 close.started
DEBUG 2026-06-14 00:55:47 re/_trace.py:47 close.complete
DEBUG 2026-06-14 00:55:47 re/_trace.py:47 close.started
DEBUG 2026-06-14 00:55:47 re/_trace.py:47 close.complete
DEBUG 2026-06-14 00:55:47 re/_trace.py:47 close.started
DEBUG 2026-06-14 00:55:47 re/_trace.py:47 close.complete
DEBUG 2026-06-14 00:55:47 re/_trace.py:47 close.started
DEBUG 2026-06-14 00:55:47 re/_trace.py:47 close.complete
DEBUG 2026-06-14 00:55:47 re/_trace.py:47 close.started
DEBUG 2026-06-14 00:55:47 re/_trace.py:47 close.complete
DEBUG 2026-06-14 00:55:47 re/_trace.py:47 close.started
DEBUG 2026-06-14 00:55:47 re/_trace.py:47 close.complete
DEBUG 2026-06-14 00:55:47 re/_trace.py:47 close.started
DEBUG 2026-06-14 00:55:47 re/_trace.py:47 close.complete
INFO 2026-06-14 00:59:11 ot_train.py:459 step:12K smpl:8M ep:11K epch:227.76 loss:0.004 grdn:0.262 lr:8.1e-05 updt_s:3.568 data_s:0.527
WARNING 2026-06-14 00:59:11 db_utils.py:181 WandB logging of key "loss_per_dim" was ignored as its type "<class 'list'>" is not handled by this wrapper.
DEBUG 2026-06-14 00:59:26 re/_trace.py:47 close.started
DEBUG 2026-06-14 00:59:26 re/_trace.py:47 close.complete
DEBUG 2026-06-14 00:59:26 re/_trace.py:47 close.started
DEBUG 2026-06-14 00:59:26 re/_trace.py:47 close.complete
DEBUG 2026-06-14 00:59:26 re/_trace.py:47 close.started
DEBUG 2026-06-14 00:59:26 re/_trace.py:47 close.complete
DEBUG 2026-06-14 00:59:26 re/_trace.py:47 close.started
DEBUG 2026-06-14 00:59:26 re/_trace.py:47 close.complete
DEBUG 2026-06-14 00:59:26 re/_trace.py:47 close.started
DEBUG 2026-06-14 00:59:26 re/_trace.py:47 close.complete
DEBUG 2026-06-14 00:59:26 re/_trace.py:47 close.started
DEBUG 2026-06-14 00:59:26 re/_trace.py:47 close.complete
DEBUG 2026-06-14 00:59:26 re/_trace.py:47 close.started
DEBUG 2026-06-14 00:59:26 re/_trace.py:47 close.complete
DEBUG 2026-06-14 00:59:26 re/_trace.py:47 close.started
DEBUG 2026-06-14 00:59:26 re/_trace.py:47 close.complete
DEBUG 2026-06-14 00:59:26 re/_trace.py:47 close.started
DEBUG 2026-06-14 00:59:26 re/_trace.py:47 close.complete
DEBUG 2026-06-14 00:59:26 re/_trace.py:47 close.started
DEBUG 2026-06-14 00:59:26 re/_trace.py:47 close.complete
DEBUG 2026-06-14 01:03:05 re/_trace.py:47 close.started
DEBUG 2026-06-14 01:03:05 re/_trace.py:47 close.complete
DEBUG 2026-06-14 01:03:05 re/_trace.py:47 close.started
DEBUG 2026-06-14 01:03:05 re/_trace.py:47 close.complete
DEBUG 2026-06-14 01:03:05 re/_trace.py:47 close.started
DEBUG 2026-06-14 01:03:05 re/_trace.py:47 close.complete
DEBUG 2026-06-14 01:03:06 re/_trace.py:47 close.started
DEBUG 2026-06-14 01:03:06 re/_trace.py:47 close.complete
DEBUG 2026-06-14 01:03:06 re/_trace.py:47 close.started
DEBUG 2026-06-14 01:03:06 re/_trace.py:47 close.complete
DEBUG 2026-06-14 01:03:06 re/_trace.py:47 close.started
DEBUG 2026-06-14 01:03:06 re/_trace.py:47 close.complete
DEBUG 2026-06-14 01:03:06 re/_trace.py:47 close.started
DEBUG 2026-06-14 01:03:06 re/_trace.py:47 close.complete
DEBUG 2026-06-14 01:03:06 re/_trace.py:47 close.started
DEBUG 2026-06-14 01:03:06 re/_trace.py:47 close.complete
DEBUG 2026-06-14 01:03:06 re/_trace.py:47 close.started
DEBUG 2026-06-14 01:03:06 re/_trace.py:47 close.complete
DEBUG 2026-06-14 01:03:06 re/_trace.py:47 close.started
DEBUG 2026-06-14 01:03:06 re/_trace.py:47 close.complete
DEBUG 2026-06-14 01:06:47 re/_trace.py:47 close.started
DEBUG 2026-06-14 01:06:47 re/_trace.py:47 close.complete
DEBUG 2026-06-14 01:06:47 re/_trace.py:47 close.started
DEBUG 2026-06-14 01:06:47 re/_trace.py:47 close.complete
DEBUG 2026-06-14 01:06:47 re/_trace.py:47 close.started
DEBUG 2026-06-14 01:06:47 re/_trace.py:47 close.complete
DEBUG 2026-06-14 01:06:47 re/_trace.py:47 close.started
DEBUG 2026-06-14 01:06:47 re/_trace.py:47 close.complete
DEBUG 2026-06-14 01:06:47 re/_trace.py:47 close.started
DEBUG 2026-06-14 01:06:47 re/_trace.py:47 close.complete
DEBUG 2026-06-14 01:06:47 re/_trace.py:47 close.started
DEBUG 2026-06-14 01:06:47 re/_trace.py:47 close.complete
DEBUG 2026-06-14 01:06:48 re/_trace.py:47 close.started
DEBUG 2026-06-14 01:06:48 re/_trace.py:47 close.complete
DEBUG 2026-06-14 01:06:48 re/_trace.py:47 close.started
DEBUG 2026-06-14 01:06:48 re/_trace.py:47 close.complete
DEBUG 2026-06-14 01:06:48 re/_trace.py:47 close.started
DEBUG 2026-06-14 01:06:48 re/_trace.py:47 close.complete
DEBUG 2026-06-14 01:06:48 re/_trace.py:47 close.started
DEBUG 2026-06-14 01:06:48 re/_trace.py:47 close.complete
DEBUG 2026-06-14 01:10:27 re/_trace.py:47 close.started
DEBUG 2026-06-14 01:10:27 re/_trace.py:47 close.complete
DEBUG 2026-06-14 01:10:27 re/_trace.py:47 close.started
DEBUG 2026-06-14 01:10:27 re/_trace.py:47 close.complete
DEBUG 2026-06-14 01:10:27 re/_trace.py:47 close.started
DEBUG 2026-06-14 01:10:27 re/_trace.py:47 close.complete
DEBUG 2026-06-14 01:10:27 re/_trace.py:47 close.started
DEBUG 2026-06-14 01:10:27 re/_trace.py:47 close.complete
DEBUG 2026-06-14 01:10:27 re/_trace.py:47 close.started
DEBUG 2026-06-14 01:10:27 re/_trace.py:47 close.complete
DEBUG 2026-06-14 01:10:27 re/_trace.py:47 close.started
DEBUG 2026-06-14 01:10:27 re/_trace.py:47 close.complete
DEBUG 2026-06-14 01:10:27 re/_trace.py:47 close.started
DEBUG 2026-06-14 01:10:27 re/_trace.py:47 close.complete
DEBUG 2026-06-14 01:10:27 re/_trace.py:47 close.started
DEBUG 2026-06-14 01:10:27 re/_trace.py:47 close.complete
DEBUG 2026-06-14 01:10:27 re/_trace.py:47 close.started
DEBUG 2026-06-14 01:10:27 re/_trace.py:47 close.complete
DEBUG 2026-06-14 01:10:27 re/_trace.py:47 close.started
DEBUG 2026-06-14 01:10:27 re/_trace.py:47 close.complete
INFO 2026-06-14 01:13:24 ot_train.py:459 step:12K smpl:8M ep:12K epch:231.62 loss:0.004 grdn:0.275 lr:8.0e-05 updt_s:3.599 data_s:0.658
WARNING 2026-06-14 01:13:24 db_utils.py:181 WandB logging of key "loss_per_dim" was ignored as its type "<class 'list'>" is not handled by this wrapper.
INFO 2026-06-14 01:13:24 ot_train.py:479 Checkpoint policy after step 12000
DEBUG 2026-06-14 01:13:55 tionpool.py:289 Resetting dropped connection: api.wandb.ai
DEBUG 2026-06-14 01:13:55 tionpool.py:544 https://api.wandb.ai:443 "POST /graphql HTTP/1.1" 200 None
DEBUG 2026-06-14 01:14:37 re/_trace.py:47 close.started
DEBUG 2026-06-14 01:14:37 re/_trace.py:47 close.complete
DEBUG 2026-06-14 01:14:37 re/_trace.py:47 close.started
DEBUG 2026-06-14 01:14:37 re/_trace.py:47 close.complete
DEBUG 2026-06-14 01:14:37 re/_trace.py:47 close.started
DEBUG 2026-06-14 01:14:37 re/_trace.py:47 close.complete
DEBUG 2026-06-14 01:14:37 re/_trace.py:47 close.started
DEBUG 2026-06-14 01:14:37 re/_trace.py:47 close.complete
DEBUG 2026-06-14 01:14:37 re/_trace.py:47 close.started
DEBUG 2026-06-14 01:14:37 re/_trace.py:47 close.complete
DEBUG 2026-06-14 01:14:37 re/_trace.py:47 close.started
DEBUG 2026-06-14 01:14:37 re/_trace.py:47 close.complete
DEBUG 2026-06-14 01:14:37 re/_trace.py:47 close.started
DEBUG 2026-06-14 01:14:37 re/_trace.py:47 close.complete
DEBUG 2026-06-14 01:14:37 re/_trace.py:47 close.started
DEBUG 2026-06-14 01:14:37 re/_trace.py:47 close.complete
DEBUG 2026-06-14 01:14:37 re/_trace.py:47 close.started
DEBUG 2026-06-14 01:14:37 re/_trace.py:47 close.complete
DEBUG 2026-06-14 01:14:38 re/_trace.py:47 close.started
DEBUG 2026-06-14 01:14:38 re/_trace.py:47 close.complete
DEBUG 2026-06-14 01:18:17 re/_trace.py:47 close.started
DEBUG 2026-06-14 01:18:17 re/_trace.py:47 close.complete
DEBUG 2026-06-14 01:18:17 re/_trace.py:47 close.started
DEBUG 2026-06-14 01:18:17 re/_trace.py:47 close.complete
DEBUG 2026-06-14 01:18:17 re/_trace.py:47 close.started
DEBUG 2026-06-14 01:18:17 re/_trace.py:47 close.complete
DEBUG 2026-06-14 01:18:17 re/_trace.py:47 close.started
DEBUG 2026-06-14 01:18:17 re/_trace.py:47 close.complete
DEBUG 2026-06-14 01:18:17 re/_trace.py:47 close.started
DEBUG 2026-06-14 01:18:17 re/_trace.py:47 close.complete
DEBUG 2026-06-14 01:18:17 re/_trace.py:47 close.started
DEBUG 2026-06-14 01:18:17 re/_trace.py:47 close.complete
DEBUG 2026-06-14 01:18:17 re/_trace.py:47 close.started
DEBUG 2026-06-14 01:18:17 re/_trace.py:47 close.complete
DEBUG 2026-06-14 01:18:17 re/_trace.py:47 close.started
DEBUG 2026-06-14 01:18:17 re/_trace.py:47 close.complete
DEBUG 2026-06-14 01:18:17 re/_trace.py:47 close.started
DEBUG 2026-06-14 01:18:17 re/_trace.py:47 close.complete
DEBUG 2026-06-14 01:18:18 re/_trace.py:47 close.started
DEBUG 2026-06-14 01:18:18 re/_trace.py:47 close.complete
DEBUG 2026-06-14 01:21:57 re/_trace.py:47 close.started
DEBUG 2026-06-14 01:21:57 re/_trace.py:47 close.complete
DEBUG 2026-06-14 01:21:57 re/_trace.py:47 close.started
DEBUG 2026-06-14 01:21:57 re/_trace.py:47 close.complete
DEBUG 2026-06-14 01:21:57 re/_trace.py:47 close.started
DEBUG 2026-06-14 01:21:57 re/_trace.py:47 close.complete
DEBUG 2026-06-14 01:21:57 re/_trace.py:47 close.started
DEBUG 2026-06-14 01:21:57 re/_trace.py:47 close.complete
DEBUG 2026-06-14 01:21:57 re/_trace.py:47 close.started
DEBUG 2026-06-14 01:21:57 re/_trace.py:47 close.complete
DEBUG 2026-06-14 01:21:57 re/_trace.py:47 close.started
DEBUG 2026-06-14 01:21:57 re/_trace.py:47 close.complete
DEBUG 2026-06-14 01:21:57 re/_trace.py:47 close.started
DEBUG 2026-06-14 01:21:57 re/_trace.py:47 close.complete
DEBUG 2026-06-14 01:21:57 re/_trace.py:47 close.started
DEBUG 2026-06-14 01:21:57 re/_trace.py:47 close.complete
DEBUG 2026-06-14 01:21:57 re/_trace.py:47 close.started
DEBUG 2026-06-14 01:21:57 re/_trace.py:47 close.complete
DEBUG 2026-06-14 01:21:57 re/_trace.py:47 close.started
DEBUG 2026-06-14 01:21:57 re/_trace.py:47 close.complete
DEBUG 2026-06-14 01:25:37 re/_trace.py:47 close.started
DEBUG 2026-06-14 01:25:37 re/_trace.py:47 close.complete
DEBUG 2026-06-14 01:25:37 re/_trace.py:47 close.started
DEBUG 2026-06-14 01:25:37 re/_trace.py:47 close.complete
DEBUG 2026-06-14 01:25:37 re/_trace.py:47 close.started
DEBUG 2026-06-14 01:25:37 re/_trace.py:47 close.complete
DEBUG 2026-06-14 01:25:37 re/_trace.py:47 close.started
DEBUG 2026-06-14 01:25:37 re/_trace.py:47 close.complete
DEBUG 2026-06-14 01:25:37 re/_trace.py:47 close.started
DEBUG 2026-06-14 01:25:37 re/_trace.py:47 close.complete
DEBUG 2026-06-14 01:25:37 re/_trace.py:47 close.started
DEBUG 2026-06-14 01:25:37 re/_trace.py:47 close.complete
DEBUG 2026-06-14 01:25:37 re/_trace.py:47 close.started
DEBUG 2026-06-14 01:25:37 re/_trace.py:47 close.complete
DEBUG 2026-06-14 01:25:37 re/_trace.py:47 close.started
DEBUG 2026-06-14 01:25:37 re/_trace.py:47 close.complete
DEBUG 2026-06-14 01:25:37 re/_trace.py:47 close.started
DEBUG 2026-06-14 01:25:37 re/_trace.py:47 close.complete
DEBUG 2026-06-14 01:25:37 re/_trace.py:47 close.started
DEBUG 2026-06-14 01:25:37 re/_trace.py:47 close.complete
INFO 2026-06-14 01:28:08 ot_train.py:459 step:12K smpl:9M ep:12K epch:235.48 loss:0.004 grdn:0.276 lr:7.9e-05 updt_s:3.587 data_s:0.674
WARNING 2026-06-14 01:28:08 db_utils.py:181 WandB logging of key "loss_per_dim" was ignored as its type "<class 'list'>" is not handled by this wrapper.
DEBUG 2026-06-14 01:29:17 re/_trace.py:47 close.started
DEBUG 2026-06-14 01:29:17 re/_trace.py:47 close.complete
DEBUG 2026-06-14 01:29:17 re/_trace.py:47 close.started
DEBUG 2026-06-14 01:29:17 re/_trace.py:47 close.complete
DEBUG 2026-06-14 01:29:17 re/_trace.py:47 close.started
DEBUG 2026-06-14 01:29:17 re/_trace.py:47 close.complete
DEBUG 2026-06-14 01:29:17 re/_trace.py:47 close.started
DEBUG 2026-06-14 01:29:17 re/_trace.py:47 close.complete
DEBUG 2026-06-14 01:29:17 re/_trace.py:47 close.started
DEBUG 2026-06-14 01:29:17 re/_trace.py:47 close.complete
DEBUG 2026-06-14 01:29:17 re/_trace.py:47 close.started
DEBUG 2026-06-14 01:29:17 re/_trace.py:47 close.complete
DEBUG 2026-06-14 01:29:17 re/_trace.py:47 close.started
DEBUG 2026-06-14 01:29:17 re/_trace.py:47 close.complete
DEBUG 2026-06-14 01:29:17 re/_trace.py:47 close.started
DEBUG 2026-06-14 01:29:17 re/_trace.py:47 close.complete
DEBUG 2026-06-14 01:29:17 re/_trace.py:47 close.started
DEBUG 2026-06-14 01:29:17 re/_trace.py:47 close.complete
DEBUG 2026-06-14 01:29:17 re/_trace.py:47 close.started
DEBUG 2026-06-14 01:29:17 re/_trace.py:47 close.complete
DEBUG 2026-06-14 01:32:55 re/_trace.py:47 close.started
DEBUG 2026-06-14 01:32:55 re/_trace.py:47 close.complete
DEBUG 2026-06-14 01:32:55 re/_trace.py:47 close.started
DEBUG 2026-06-14 01:32:55 re/_trace.py:47 close.complete
DEBUG 2026-06-14 01:32:55 re/_trace.py:47 close.started
DEBUG 2026-06-14 01:32:55 re/_trace.py:47 close.complete
DEBUG 2026-06-14 01:32:55 re/_trace.py:47 close.started
DEBUG 2026-06-14 01:32:55 re/_trace.py:47 close.complete
DEBUG 2026-06-14 01:32:55 re/_trace.py:47 close.started
DEBUG 2026-06-14 01:32:55 re/_trace.py:47 close.complete
DEBUG 2026-06-14 01:32:55 re/_trace.py:47 close.started
DEBUG 2026-06-14 01:32:55 re/_trace.py:47 close.complete
DEBUG 2026-06-14 01:32:55 re/_trace.py:47 close.started
DEBUG 2026-06-14 01:32:55 re/_trace.py:47 close.complete
DEBUG 2026-06-14 01:32:55 re/_trace.py:47 close.started
DEBUG 2026-06-14 01:32:55 re/_trace.py:47 close.complete
DEBUG 2026-06-14 01:32:55 re/_trace.py:47 close.started
DEBUG 2026-06-14 01:32:55 re/_trace.py:47 close.complete
DEBUG 2026-06-14 01:32:55 re/_trace.py:47 close.started
DEBUG 2026-06-14 01:32:55 re/_trace.py:47 close.complete
DEBUG 2026-06-14 01:36:34 re/_trace.py:47 close.started
DEBUG 2026-06-14 01:36:34 re/_trace.py:47 close.complete
DEBUG 2026-06-14 01:36:34 re/_trace.py:47 close.started
DEBUG 2026-06-14 01:36:34 re/_trace.py:47 close.complete
DEBUG 2026-06-14 01:36:34 re/_trace.py:47 close.started
DEBUG 2026-06-14 01:36:34 re/_trace.py:47 close.complete
DEBUG 2026-06-14 01:36:34 re/_trace.py:47 close.started
DEBUG 2026-06-14 01:36:34 re/_trace.py:47 close.complete
DEBUG 2026-06-14 01:36:34 re/_trace.py:47 close.started
DEBUG 2026-06-14 01:36:34 re/_trace.py:47 close.complete
DEBUG 2026-06-14 01:36:34 re/_trace.py:47 close.started
DEBUG 2026-06-14 01:36:34 re/_trace.py:47 close.complete
DEBUG 2026-06-14 01:36:34 re/_trace.py:47 close.started
DEBUG 2026-06-14 01:36:34 re/_trace.py:47 close.complete
DEBUG 2026-06-14 01:36:34 re/_trace.py:47 close.started
DEBUG 2026-06-14 01:36:34 re/_trace.py:47 close.complete
DEBUG 2026-06-14 01:36:34 re/_trace.py:47 close.started
DEBUG 2026-06-14 01:36:34 re/_trace.py:47 close.complete
DEBUG 2026-06-14 01:36:34 re/_trace.py:47 close.started
DEBUG 2026-06-14 01:36:34 re/_trace.py:47 close.complete
DEBUG 2026-06-14 01:40:13 re/_trace.py:47 close.started
DEBUG 2026-06-14 01:40:13 re/_trace.py:47 close.complete
DEBUG 2026-06-14 01:40:13 re/_trace.py:47 close.started
DEBUG 2026-06-14 01:40:13 re/_trace.py:47 close.complete
DEBUG 2026-06-14 01:40:13 re/_trace.py:47 close.started
DEBUG 2026-06-14 01:40:13 re/_trace.py:47 close.complete
DEBUG 2026-06-14 01:40:13 re/_trace.py:47 close.started
DEBUG 2026-06-14 01:40:13 re/_trace.py:47 close.complete
DEBUG 2026-06-14 01:40:13 re/_trace.py:47 close.started
DEBUG 2026-06-14 01:40:13 re/_trace.py:47 close.complete
DEBUG 2026-06-14 01:40:13 re/_trace.py:47 close.started
DEBUG 2026-06-14 01:40:13 re/_trace.py:47 close.complete
DEBUG 2026-06-14 01:40:13 re/_trace.py:47 close.started
DEBUG 2026-06-14 01:40:13 re/_trace.py:47 close.complete
DEBUG 2026-06-14 01:40:13 re/_trace.py:47 close.started
DEBUG 2026-06-14 01:40:13 re/_trace.py:47 close.complete
DEBUG 2026-06-14 01:40:13 re/_trace.py:47 close.started
DEBUG 2026-06-14 01:40:13 re/_trace.py:47 close.complete
DEBUG 2026-06-14 01:40:14 re/_trace.py:47 close.started
DEBUG 2026-06-14 01:40:14 re/_trace.py:47 close.complete
INFO 2026-06-14 01:42:16 ot_train.py:459 step:12K smpl:9M ep:12K epch:239.34 loss:0.004 grdn:0.253 lr:7.8e-05 updt_s:3.519 data_s:0.717
WARNING 2026-06-14 01:42:16 db_utils.py:181 WandB logging of key "loss_per_dim" was ignored as its type "<class 'list'>" is not handled by this wrapper.
DEBUG 2026-06-14 01:43:52 re/_trace.py:47 close.started
DEBUG 2026-06-14 01:43:52 re/_trace.py:47 close.complete
DEBUG 2026-06-14 01:43:52 re/_trace.py:47 close.started
DEBUG 2026-06-14 01:43:52 re/_trace.py:47 close.complete
DEBUG 2026-06-14 01:43:52 re/_trace.py:47 close.started
DEBUG 2026-06-14 01:43:52 re/_trace.py:47 close.complete
DEBUG 2026-06-14 01:43:52 re/_trace.py:47 close.started
DEBUG 2026-06-14 01:43:52 re/_trace.py:47 close.complete
DEBUG 2026-06-14 01:43:53 re/_trace.py:47 close.started
DEBUG 2026-06-14 01:43:53 re/_trace.py:47 close.complete
DEBUG 2026-06-14 01:43:53 re/_trace.py:47 close.started
DEBUG 2026-06-14 01:43:53 re/_trace.py:47 close.complete
DEBUG 2026-06-14 01:43:53 re/_trace.py:47 close.started
DEBUG 2026-06-14 01:43:53 re/_trace.py:47 close.complete
DEBUG 2026-06-14 01:43:53 re/_trace.py:47 close.started
DEBUG 2026-06-14 01:43:53 re/_trace.py:47 close.complete
DEBUG 2026-06-14 01:43:53 re/_trace.py:47 close.started
DEBUG 2026-06-14 01:43:53 re/_trace.py:47 close.complete
DEBUG 2026-06-14 01:43:53 re/_trace.py:47 close.started
DEBUG 2026-06-14 01:43:53 re/_trace.py:47 close.complete
DEBUG 2026-06-14 01:47:30 re/_trace.py:47 close.started
DEBUG 2026-06-14 01:47:30 re/_trace.py:47 close.complete
DEBUG 2026-06-14 01:47:30 re/_trace.py:47 close.started
DEBUG 2026-06-14 01:47:30 re/_trace.py:47 close.complete
DEBUG 2026-06-14 01:47:30 re/_trace.py:47 close.started
DEBUG 2026-06-14 01:47:30 re/_trace.py:47 close.complete
DEBUG 2026-06-14 01:47:31 re/_trace.py:47 close.started
DEBUG 2026-06-14 01:47:31 re/_trace.py:47 close.complete
DEBUG 2026-06-14 01:47:31 re/_trace.py:47 close.started
DEBUG 2026-06-14 01:47:31 re/_trace.py:47 close.complete
DEBUG 2026-06-14 01:47:31 re/_trace.py:47 close.started
DEBUG 2026-06-14 01:47:31 re/_trace.py:47 close.complete
DEBUG 2026-06-14 01:47:31 re/_trace.py:47 close.started
DEBUG 2026-06-14 01:47:31 re/_trace.py:47 close.complete
DEBUG 2026-06-14 01:47:31 re/_trace.py:47 close.started
DEBUG 2026-06-14 01:47:31 re/_trace.py:47 close.complete
DEBUG 2026-06-14 01:47:31 re/_trace.py:47 close.started
DEBUG 2026-06-14 01:47:31 re/_trace.py:47 close.complete
DEBUG 2026-06-14 01:47:31 re/_trace.py:47 close.started
DEBUG 2026-06-14 01:47:31 re/_trace.py:47 close.complete
DEBUG 2026-06-14 01:51:13 re/_trace.py:47 close.started
DEBUG 2026-06-14 01:51:13 re/_trace.py:47 close.complete
DEBUG 2026-06-14 01:51:13 re/_trace.py:47 close.started
DEBUG 2026-06-14 01:51:13 re/_trace.py:47 close.complete
DEBUG 2026-06-14 01:51:13 re/_trace.py:47 close.started
DEBUG 2026-06-14 01:51:13 re/_trace.py:47 close.complete
DEBUG 2026-06-14 01:51:13 re/_trace.py:47 close.started
DEBUG 2026-06-14 01:51:13 re/_trace.py:47 close.complete
DEBUG 2026-06-14 01:51:13 re/_trace.py:47 close.started
DEBUG 2026-06-14 01:51:13 re/_trace.py:47 close.complete
DEBUG 2026-06-14 01:51:13 re/_trace.py:47 close.started
DEBUG 2026-06-14 01:51:13 re/_trace.py:47 close.complete
DEBUG 2026-06-14 01:51:13 re/_trace.py:47 close.started
DEBUG 2026-06-14 01:51:13 re/_trace.py:47 close.complete
DEBUG 2026-06-14 01:51:13 re/_trace.py:47 close.started
DEBUG 2026-06-14 01:51:13 re/_trace.py:47 close.complete
DEBUG 2026-06-14 01:51:13 re/_trace.py:47 close.started
DEBUG 2026-06-14 01:51:13 re/_trace.py:47 close.complete
DEBUG 2026-06-14 01:51:13 re/_trace.py:47 close.started
DEBUG 2026-06-14 01:51:13 re/_trace.py:47 close.complete
DEBUG 2026-06-14 01:54:52 re/_trace.py:47 close.started
DEBUG 2026-06-14 01:54:52 re/_trace.py:47 close.complete
DEBUG 2026-06-14 01:54:52 re/_trace.py:47 close.started
DEBUG 2026-06-14 01:54:52 re/_trace.py:47 close.complete
DEBUG 2026-06-14 01:54:52 re/_trace.py:47 close.started
DEBUG 2026-06-14 01:54:52 re/_trace.py:47 close.complete
DEBUG 2026-06-14 01:54:52 re/_trace.py:47 close.started
DEBUG 2026-06-14 01:54:52 re/_trace.py:47 close.complete
DEBUG 2026-06-14 01:54:52 re/_trace.py:47 close.started
DEBUG 2026-06-14 01:54:52 re/_trace.py:47 close.complete
DEBUG 2026-06-14 01:54:52 re/_trace.py:47 close.started
DEBUG 2026-06-14 01:54:52 re/_trace.py:47 close.complete
DEBUG 2026-06-14 01:54:52 re/_trace.py:47 close.started
DEBUG 2026-06-14 01:54:52 re/_trace.py:47 close.complete
DEBUG 2026-06-14 01:54:52 re/_trace.py:47 close.started
DEBUG 2026-06-14 01:54:52 re/_trace.py:47 close.complete
DEBUG 2026-06-14 01:54:52 re/_trace.py:47 close.started
DEBUG 2026-06-14 01:54:52 re/_trace.py:47 close.complete
DEBUG 2026-06-14 01:54:52 re/_trace.py:47 close.started
DEBUG 2026-06-14 01:54:52 re/_trace.py:47 close.complete
INFO 2026-06-14 01:56:23 ot_train.py:459 step:13K smpl:9M ep:12K epch:243.20 loss:0.004 grdn:0.245 lr:7.6e-05 updt_s:3.582 data_s:0.652
WARNING 2026-06-14 01:56:23 db_utils.py:181 WandB logging of key "loss_per_dim" was ignored as its type "<class 'list'>" is not handled by this wrapper.
DEBUG 2026-06-14 01:58:30 re/_trace.py:47 close.started
DEBUG 2026-06-14 01:58:30 re/_trace.py:47 close.complete
DEBUG 2026-06-14 01:58:30 re/_trace.py:47 close.started
DEBUG 2026-06-14 01:58:30 re/_trace.py:47 close.complete
DEBUG 2026-06-14 01:58:30 re/_trace.py:47 close.started
DEBUG 2026-06-14 01:58:30 re/_trace.py:47 close.complete
DEBUG 2026-06-14 01:58:30 re/_trace.py:47 close.started
DEBUG 2026-06-14 01:58:30 re/_trace.py:47 close.complete
DEBUG 2026-06-14 01:58:30 re/_trace.py:47 close.started
DEBUG 2026-06-14 01:58:30 re/_trace.py:47 close.complete
DEBUG 2026-06-14 01:58:30 re/_trace.py:47 close.started
DEBUG 2026-06-14 01:58:30 re/_trace.py:47 close.complete
DEBUG 2026-06-14 01:58:30 re/_trace.py:47 close.started
DEBUG 2026-06-14 01:58:30 re/_trace.py:47 close.complete
DEBUG 2026-06-14 01:58:31 re/_trace.py:47 close.started
DEBUG 2026-06-14 01:58:31 re/_trace.py:47 close.complete
DEBUG 2026-06-14 01:58:31 re/_trace.py:47 close.started
DEBUG 2026-06-14 01:58:31 re/_trace.py:47 close.complete
DEBUG 2026-06-14 01:58:31 re/_trace.py:47 close.started
DEBUG 2026-06-14 01:58:31 re/_trace.py:47 close.complete
DEBUG 2026-06-14 02:02:10 re/_trace.py:47 close.started
DEBUG 2026-06-14 02:02:10 re/_trace.py:47 close.complete
DEBUG 2026-06-14 02:02:10 re/_trace.py:47 close.started
DEBUG 2026-06-14 02:02:10 re/_trace.py:47 close.complete
DEBUG 2026-06-14 02:02:10 re/_trace.py:47 close.started
DEBUG 2026-06-14 02:02:10 re/_trace.py:47 close.complete
DEBUG 2026-06-14 02:02:10 re/_trace.py:47 close.started
DEBUG 2026-06-14 02:02:10 re/_trace.py:47 close.complete
DEBUG 2026-06-14 02:02:10 re/_trace.py:47 close.started
DEBUG 2026-06-14 02:02:10 re/_trace.py:47 close.complete
DEBUG 2026-06-14 02:02:10 re/_trace.py:47 close.started
DEBUG 2026-06-14 02:02:10 re/_trace.py:47 close.complete
DEBUG 2026-06-14 02:02:10 re/_trace.py:47 close.started
DEBUG 2026-06-14 02:02:10 re/_trace.py:47 close.complete
DEBUG 2026-06-14 02:02:10 re/_trace.py:47 close.started
DEBUG 2026-06-14 02:02:10 re/_trace.py:47 close.complete
DEBUG 2026-06-14 02:02:10 re/_trace.py:47 close.started
DEBUG 2026-06-14 02:02:10 re/_trace.py:47 close.complete
DEBUG 2026-06-14 02:02:10 re/_trace.py:47 close.started
DEBUG 2026-06-14 02:02:10 re/_trace.py:47 close.complete
DEBUG 2026-06-14 02:05:49 re/_trace.py:47 close.started
DEBUG 2026-06-14 02:05:49 re/_trace.py:47 close.complete
DEBUG 2026-06-14 02:05:49 re/_trace.py:47 close.started
DEBUG 2026-06-14 02:05:49 re/_trace.py:47 close.complete
DEBUG 2026-06-14 02:05:49 re/_trace.py:47 close.started
DEBUG 2026-06-14 02:05:49 re/_trace.py:47 close.complete
DEBUG 2026-06-14 02:05:49 re/_trace.py:47 close.started
DEBUG 2026-06-14 02:05:49 re/_trace.py:47 close.complete
DEBUG 2026-06-14 02:05:49 re/_trace.py:47 close.started
DEBUG 2026-06-14 02:05:49 re/_trace.py:47 close.complete
DEBUG 2026-06-14 02:05:49 re/_trace.py:47 close.started
DEBUG 2026-06-14 02:05:49 re/_trace.py:47 close.complete
DEBUG 2026-06-14 02:05:49 re/_trace.py:47 close.started
DEBUG 2026-06-14 02:05:49 re/_trace.py:47 close.complete
DEBUG 2026-06-14 02:05:49 re/_trace.py:47 close.started
DEBUG 2026-06-14 02:05:49 re/_trace.py:47 close.complete
DEBUG 2026-06-14 02:05:49 re/_trace.py:47 close.started
DEBUG 2026-06-14 02:05:49 re/_trace.py:47 close.complete
DEBUG 2026-06-14 02:05:49 re/_trace.py:47 close.started
DEBUG 2026-06-14 02:05:49 re/_trace.py:47 close.complete
DEBUG 2026-06-14 02:09:28 re/_trace.py:47 close.started
DEBUG 2026-06-14 02:09:28 re/_trace.py:47 close.complete
DEBUG 2026-06-14 02:09:28 re/_trace.py:47 close.started
DEBUG 2026-06-14 02:09:28 re/_trace.py:47 close.complete
DEBUG 2026-06-14 02:09:28 re/_trace.py:47 close.started
DEBUG 2026-06-14 02:09:28 re/_trace.py:47 close.complete
DEBUG 2026-06-14 02:09:28 re/_trace.py:47 close.started
DEBUG 2026-06-14 02:09:28 re/_trace.py:47 close.complete
DEBUG 2026-06-14 02:09:28 re/_trace.py:47 close.started
DEBUG 2026-06-14 02:09:28 re/_trace.py:47 close.complete
DEBUG 2026-06-14 02:09:28 re/_trace.py:47 close.started
DEBUG 2026-06-14 02:09:28 re/_trace.py:47 close.complete
DEBUG 2026-06-14 02:09:28 re/_trace.py:47 close.started
DEBUG 2026-06-14 02:09:28 re/_trace.py:47 close.complete
DEBUG 2026-06-14 02:09:28 re/_trace.py:47 close.started
DEBUG 2026-06-14 02:09:28 re/_trace.py:47 close.complete
DEBUG 2026-06-14 02:09:28 re/_trace.py:47 close.started
DEBUG 2026-06-14 02:09:28 re/_trace.py:47 close.complete
DEBUG 2026-06-14 02:09:28 re/_trace.py:47 close.started
DEBUG 2026-06-14 02:09:28 re/_trace.py:47 close.complete
INFO 2026-06-14 02:10:30 ot_train.py:459 step:13K smpl:9M ep:12K epch:247.06 loss:0.004 grdn:0.254 lr:7.5e-05 updt_s:3.561 data_s:0.667
WARNING 2026-06-14 02:10:30 db_utils.py:181 WandB logging of key "loss_per_dim" was ignored as its type "<class 'list'>" is not handled by this wrapper.
DEBUG 2026-06-14 02:13:07 re/_trace.py:47 close.started
DEBUG 2026-06-14 02:13:07 re/_trace.py:47 close.complete
DEBUG 2026-06-14 02:13:07 re/_trace.py:47 close.started
DEBUG 2026-06-14 02:13:07 re/_trace.py:47 close.complete
DEBUG 2026-06-14 02:13:07 re/_trace.py:47 close.started
DEBUG 2026-06-14 02:13:07 re/_trace.py:47 close.complete
DEBUG 2026-06-14 02:13:07 re/_trace.py:47 close.started
DEBUG 2026-06-14 02:13:07 re/_trace.py:47 close.complete
DEBUG 2026-06-14 02:13:07 re/_trace.py:47 close.started
DEBUG 2026-06-14 02:13:07 re/_trace.py:47 close.complete
DEBUG 2026-06-14 02:13:07 re/_trace.py:47 close.started
DEBUG 2026-06-14 02:13:07 re/_trace.py:47 close.complete
DEBUG 2026-06-14 02:13:07 re/_trace.py:47 close.started
DEBUG 2026-06-14 02:13:07 re/_trace.py:47 close.complete
DEBUG 2026-06-14 02:13:07 re/_trace.py:47 close.started
DEBUG 2026-06-14 02:13:07 re/_trace.py:47 close.complete
DEBUG 2026-06-14 02:13:07 re/_trace.py:47 close.started
DEBUG 2026-06-14 02:13:07 re/_trace.py:47 close.complete
DEBUG 2026-06-14 02:13:07 re/_trace.py:47 close.started
DEBUG 2026-06-14 02:13:07 re/_trace.py:47 close.complete
DEBUG 2026-06-14 02:16:48 re/_trace.py:47 close.started
DEBUG 2026-06-14 02:16:48 re/_trace.py:47 close.complete
DEBUG 2026-06-14 02:16:48 re/_trace.py:47 close.started
DEBUG 2026-06-14 02:16:48 re/_trace.py:47 close.complete
DEBUG 2026-06-14 02:16:48 re/_trace.py:47 close.started
DEBUG 2026-06-14 02:16:48 re/_trace.py:47 close.complete
DEBUG 2026-06-14 02:16:48 re/_trace.py:47 close.started
DEBUG 2026-06-14 02:16:48 re/_trace.py:47 close.complete
DEBUG 2026-06-14 02:16:48 re/_trace.py:47 close.started
DEBUG 2026-06-14 02:16:48 re/_trace.py:47 close.complete
DEBUG 2026-06-14 02:16:48 re/_trace.py:47 close.started
DEBUG 2026-06-14 02:16:48 re/_trace.py:47 close.complete
DEBUG 2026-06-14 02:16:48 re/_trace.py:47 close.started
DEBUG 2026-06-14 02:16:48 re/_trace.py:47 close.complete
DEBUG 2026-06-14 02:16:49 re/_trace.py:47 close.started
DEBUG 2026-06-14 02:16:49 re/_trace.py:47 close.complete
DEBUG 2026-06-14 02:16:49 re/_trace.py:47 close.started
DEBUG 2026-06-14 02:16:49 re/_trace.py:47 close.complete
DEBUG 2026-06-14 02:16:49 re/_trace.py:47 close.started
DEBUG 2026-06-14 02:16:49 re/_trace.py:47 close.complete
DEBUG 2026-06-14 02:20:30 re/_trace.py:47 close.started
DEBUG 2026-06-14 02:20:30 re/_trace.py:47 close.complete
DEBUG 2026-06-14 02:20:30 re/_trace.py:47 close.started
DEBUG 2026-06-14 02:20:30 re/_trace.py:47 close.complete
DEBUG 2026-06-14 02:20:30 re/_trace.py:47 close.started
DEBUG 2026-06-14 02:20:30 re/_trace.py:47 close.complete
DEBUG 2026-06-14 02:20:30 re/_trace.py:47 close.started
DEBUG 2026-06-14 02:20:30 re/_trace.py:47 close.complete
DEBUG 2026-06-14 02:20:30 re/_trace.py:47 close.started
DEBUG 2026-06-14 02:20:30 re/_trace.py:47 close.complete
DEBUG 2026-06-14 02:20:30 re/_trace.py:47 close.started
DEBUG 2026-06-14 02:20:30 re/_trace.py:47 close.complete
DEBUG 2026-06-14 02:20:30 re/_trace.py:47 close.started
DEBUG 2026-06-14 02:20:30 re/_trace.py:47 close.complete
DEBUG 2026-06-14 02:20:30 re/_trace.py:47 close.started
DEBUG 2026-06-14 02:20:30 re/_trace.py:47 close.complete
DEBUG 2026-06-14 02:20:30 re/_trace.py:47 close.started
DEBUG 2026-06-14 02:20:30 re/_trace.py:47 close.complete
DEBUG 2026-06-14 02:20:30 re/_trace.py:47 close.started
DEBUG 2026-06-14 02:20:30 re/_trace.py:47 close.complete
INFO 2026-06-14 02:24:10 ot_train.py:459 step:13K smpl:9M ep:13K epch:250.93 loss:0.003 grdn:0.257 lr:7.4e-05 updt_s:3.582 data_s:0.516
WARNING 2026-06-14 02:24:10 db_utils.py:181 WandB logging of key "loss_per_dim" was ignored as its type "<class 'list'>" is not handled by this wrapper.
DEBUG 2026-06-14 02:24:10 re/_trace.py:47 close.started
DEBUG 2026-06-14 02:24:10 re/_trace.py:47 close.complete
DEBUG 2026-06-14 02:24:10 re/_trace.py:47 close.started
DEBUG 2026-06-14 02:24:10 re/_trace.py:47 close.complete
DEBUG 2026-06-14 02:24:10 re/_trace.py:47 close.started
DEBUG 2026-06-14 02:24:10 re/_trace.py:47 close.complete
DEBUG 2026-06-14 02:24:10 re/_trace.py:47 close.started
DEBUG 2026-06-14 02:24:10 re/_trace.py:47 close.complete
DEBUG 2026-06-14 02:24:10 re/_trace.py:47 close.started
DEBUG 2026-06-14 02:24:10 re/_trace.py:47 close.complete
DEBUG 2026-06-14 02:24:10 re/_trace.py:47 close.started
DEBUG 2026-06-14 02:24:10 re/_trace.py:47 close.complete
DEBUG 2026-06-14 02:24:10 re/_trace.py:47 close.started
DEBUG 2026-06-14 02:24:10 re/_trace.py:47 close.complete
DEBUG 2026-06-14 02:24:10 re/_trace.py:47 close.started
DEBUG 2026-06-14 02:24:10 re/_trace.py:47 close.complete
DEBUG 2026-06-14 02:24:10 re/_trace.py:47 close.started
DEBUG 2026-06-14 02:24:10 re/_trace.py:47 close.complete
DEBUG 2026-06-14 02:24:10 re/_trace.py:47 close.started
DEBUG 2026-06-14 02:24:10 re/_trace.py:47 close.complete
DEBUG 2026-06-14 02:27:51 re/_trace.py:47 close.started
DEBUG 2026-06-14 02:27:51 re/_trace.py:47 close.complete
DEBUG 2026-06-14 02:27:51 re/_trace.py:47 close.started
DEBUG 2026-06-14 02:27:51 re/_trace.py:47 close.complete
DEBUG 2026-06-14 02:27:51 re/_trace.py:47 close.started
DEBUG 2026-06-14 02:27:51 re/_trace.py:47 close.complete
DEBUG 2026-06-14 02:27:51 re/_trace.py:47 close.started
DEBUG 2026-06-14 02:27:51 re/_trace.py:47 close.complete
DEBUG 2026-06-14 02:27:51 re/_trace.py:47 close.started
DEBUG 2026-06-14 02:27:51 re/_trace.py:47 close.complete
DEBUG 2026-06-14 02:27:51 re/_trace.py:47 close.started
DEBUG 2026-06-14 02:27:51 re/_trace.py:47 close.complete
DEBUG 2026-06-14 02:27:51 re/_trace.py:47 close.started
DEBUG 2026-06-14 02:27:51 re/_trace.py:47 close.complete
DEBUG 2026-06-14 02:27:51 re/_trace.py:47 close.started
DEBUG 2026-06-14 02:27:51 re/_trace.py:47 close.complete
DEBUG 2026-06-14 02:27:51 re/_trace.py:47 close.started
DEBUG 2026-06-14 02:27:51 re/_trace.py:47 close.complete
DEBUG 2026-06-14 02:27:51 re/_trace.py:47 close.started
DEBUG 2026-06-14 02:27:51 re/_trace.py:47 close.complete
DEBUG 2026-06-14 02:31:31 re/_trace.py:47 close.started
DEBUG 2026-06-14 02:31:31 re/_trace.py:47 close.complete
DEBUG 2026-06-14 02:31:31 re/_trace.py:47 close.started
DEBUG 2026-06-14 02:31:31 re/_trace.py:47 close.complete
DEBUG 2026-06-14 02:31:31 re/_trace.py:47 close.started
DEBUG 2026-06-14 02:31:31 re/_trace.py:47 close.complete
DEBUG 2026-06-14 02:31:31 re/_trace.py:47 close.started
DEBUG 2026-06-14 02:31:31 re/_trace.py:47 close.complete
DEBUG 2026-06-14 02:31:31 re/_trace.py:47 close.started
DEBUG 2026-06-14 02:31:31 re/_trace.py:47 close.complete
DEBUG 2026-06-14 02:31:31 re/_trace.py:47 close.started
DEBUG 2026-06-14 02:31:31 re/_trace.py:47 close.complete
DEBUG 2026-06-14 02:31:31 re/_trace.py:47 close.started
DEBUG 2026-06-14 02:31:31 re/_trace.py:47 close.complete
DEBUG 2026-06-14 02:31:31 re/_trace.py:47 close.started
DEBUG 2026-06-14 02:31:31 re/_trace.py:47 close.complete
DEBUG 2026-06-14 02:31:31 re/_trace.py:47 close.started
DEBUG 2026-06-14 02:31:31 re/_trace.py:47 close.complete
DEBUG 2026-06-14 02:31:31 re/_trace.py:47 close.started
DEBUG 2026-06-14 02:31:31 re/_trace.py:47 close.complete
DEBUG 2026-06-14 02:35:10 re/_trace.py:47 close.started
DEBUG 2026-06-14 02:35:10 re/_trace.py:47 close.complete
DEBUG 2026-06-14 02:35:10 re/_trace.py:47 close.started
DEBUG 2026-06-14 02:35:10 re/_trace.py:47 close.complete
DEBUG 2026-06-14 02:35:10 re/_trace.py:47 close.started
DEBUG 2026-06-14 02:35:10 re/_trace.py:47 close.complete
DEBUG 2026-06-14 02:35:11 re/_trace.py:47 close.started
DEBUG 2026-06-14 02:35:11 re/_trace.py:47 close.complete
DEBUG 2026-06-14 02:35:11 re/_trace.py:47 close.started
DEBUG 2026-06-14 02:35:11 re/_trace.py:47 close.complete
DEBUG 2026-06-14 02:35:11 re/_trace.py:47 close.started
DEBUG 2026-06-14 02:35:11 re/_trace.py:47 close.complete
DEBUG 2026-06-14 02:35:11 re/_trace.py:47 close.started
DEBUG 2026-06-14 02:35:11 re/_trace.py:47 close.complete
DEBUG 2026-06-14 02:35:11 re/_trace.py:47 close.started
DEBUG 2026-06-14 02:35:11 re/_trace.py:47 close.complete
DEBUG 2026-06-14 02:35:11 re/_trace.py:47 close.started
DEBUG 2026-06-14 02:35:11 re/_trace.py:47 close.complete
DEBUG 2026-06-14 02:35:11 re/_trace.py:47 close.started
DEBUG 2026-06-14 02:35:11 re/_trace.py:47 close.complete
INFO 2026-06-14 02:38:23 ot_train.py:459 step:13K smpl:9M ep:13K epch:254.79 loss:0.004 grdn:0.262 lr:7.3e-05 updt_s:3.596 data_s:0.665
WARNING 2026-06-14 02:38:23 db_utils.py:181 WandB logging of key "loss_per_dim" was ignored as its type "<class 'list'>" is not handled by this wrapper.
DEBUG 2026-06-14 02:38:51 re/_trace.py:47 close.started
DEBUG 2026-06-14 02:38:51 re/_trace.py:47 close.complete
DEBUG 2026-06-14 02:38:51 re/_trace.py:47 close.started
DEBUG 2026-06-14 02:38:51 re/_trace.py:47 close.complete
DEBUG 2026-06-14 02:38:51 re/_trace.py:47 close.started
DEBUG 2026-06-14 02:38:51 re/_trace.py:47 close.complete
DEBUG 2026-06-14 02:38:51 re/_trace.py:47 close.started
DEBUG 2026-06-14 02:38:51 re/_trace.py:47 close.complete
DEBUG 2026-06-14 02:38:51 re/_trace.py:47 close.started
DEBUG 2026-06-14 02:38:51 re/_trace.py:47 close.complete
DEBUG 2026-06-14 02:38:51 re/_trace.py:47 close.started
DEBUG 2026-06-14 02:38:51 re/_trace.py:47 close.complete
DEBUG 2026-06-14 02:38:51 re/_trace.py:47 close.started
DEBUG 2026-06-14 02:38:51 re/_trace.py:47 close.complete
DEBUG 2026-06-14 02:38:51 re/_trace.py:47 close.started
DEBUG 2026-06-14 02:38:51 re/_trace.py:47 close.complete
DEBUG 2026-06-14 02:38:52 re/_trace.py:47 close.started
DEBUG 2026-06-14 02:38:52 re/_trace.py:47 close.complete
DEBUG 2026-06-14 02:38:52 re/_trace.py:47 close.started
DEBUG 2026-06-14 02:38:52 re/_trace.py:47 close.complete
DEBUG 2026-06-14 02:42:31 re/_trace.py:47 close.started
DEBUG 2026-06-14 02:42:31 re/_trace.py:47 close.complete
DEBUG 2026-06-14 02:42:31 re/_trace.py:47 close.started
DEBUG 2026-06-14 02:42:31 re/_trace.py:47 close.complete
DEBUG 2026-06-14 02:42:31 re/_trace.py:47 close.started
DEBUG 2026-06-14 02:42:31 re/_trace.py:47 close.complete
DEBUG 2026-06-14 02:42:31 re/_trace.py:47 close.started
DEBUG 2026-06-14 02:42:31 re/_trace.py:47 close.complete
DEBUG 2026-06-14 02:42:31 re/_trace.py:47 close.started
DEBUG 2026-06-14 02:42:31 re/_trace.py:47 close.complete
DEBUG 2026-06-14 02:42:31 re/_trace.py:47 close.started
DEBUG 2026-06-14 02:42:31 re/_trace.py:47 close.complete
DEBUG 2026-06-14 02:42:31 re/_trace.py:47 close.started
DEBUG 2026-06-14 02:42:31 re/_trace.py:47 close.complete
DEBUG 2026-06-14 02:42:31 re/_trace.py:47 close.started
DEBUG 2026-06-14 02:42:31 re/_trace.py:47 close.complete
DEBUG 2026-06-14 02:42:31 re/_trace.py:47 close.started
DEBUG 2026-06-14 02:42:31 re/_trace.py:47 close.complete
DEBUG 2026-06-14 02:42:31 re/_trace.py:47 close.started
DEBUG 2026-06-14 02:42:31 re/_trace.py:47 close.complete
DEBUG 2026-06-14 02:46:11 re/_trace.py:47 close.started
DEBUG 2026-06-14 02:46:11 re/_trace.py:47 close.complete
DEBUG 2026-06-14 02:46:11 re/_trace.py:47 close.started
DEBUG 2026-06-14 02:46:11 re/_trace.py:47 close.complete
DEBUG 2026-06-14 02:46:11 re/_trace.py:47 close.started
DEBUG 2026-06-14 02:46:11 re/_trace.py:47 close.complete
DEBUG 2026-06-14 02:46:11 re/_trace.py:47 close.started
DEBUG 2026-06-14 02:46:11 re/_trace.py:47 close.complete
DEBUG 2026-06-14 02:46:11 re/_trace.py:47 close.started
DEBUG 2026-06-14 02:46:11 re/_trace.py:47 close.complete
DEBUG 2026-06-14 02:46:11 re/_trace.py:47 close.started
DEBUG 2026-06-14 02:46:11 re/_trace.py:47 close.complete
DEBUG 2026-06-14 02:46:11 re/_trace.py:47 close.started
DEBUG 2026-06-14 02:46:11 re/_trace.py:47 close.complete
DEBUG 2026-06-14 02:46:11 re/_trace.py:47 close.started
DEBUG 2026-06-14 02:46:11 re/_trace.py:47 close.complete
DEBUG 2026-06-14 02:46:11 re/_trace.py:47 close.started
DEBUG 2026-06-14 02:46:11 re/_trace.py:47 close.complete
DEBUG 2026-06-14 02:46:11 re/_trace.py:47 close.started
DEBUG 2026-06-14 02:46:11 re/_trace.py:47 close.complete
DEBUG 2026-06-14 02:49:49 re/_trace.py:47 close.started
DEBUG 2026-06-14 02:49:49 re/_trace.py:47 close.complete
DEBUG 2026-06-14 02:49:49 re/_trace.py:47 close.started
DEBUG 2026-06-14 02:49:49 re/_trace.py:47 close.complete
DEBUG 2026-06-14 02:49:49 re/_trace.py:47 close.started
DEBUG 2026-06-14 02:49:49 re/_trace.py:47 close.complete
DEBUG 2026-06-14 02:49:49 re/_trace.py:47 close.started
DEBUG 2026-06-14 02:49:49 re/_trace.py:47 close.complete
DEBUG 2026-06-14 02:49:49 re/_trace.py:47 close.started
DEBUG 2026-06-14 02:49:49 re/_trace.py:47 close.complete
DEBUG 2026-06-14 02:49:49 re/_trace.py:47 close.started
DEBUG 2026-06-14 02:49:49 re/_trace.py:47 close.complete
DEBUG 2026-06-14 02:49:49 re/_trace.py:47 close.started
DEBUG 2026-06-14 02:49:49 re/_trace.py:47 close.complete
DEBUG 2026-06-14 02:49:49 re/_trace.py:47 close.started
DEBUG 2026-06-14 02:49:49 re/_trace.py:47 close.complete
DEBUG 2026-06-14 02:49:49 re/_trace.py:47 close.started
DEBUG 2026-06-14 02:49:49 re/_trace.py:47 close.complete
DEBUG 2026-06-14 02:49:49 re/_trace.py:47 close.started
DEBUG 2026-06-14 02:49:49 re/_trace.py:47 close.complete
INFO 2026-06-14 02:52:35 ot_train.py:459 step:13K smpl:9M ep:13K epch:258.65 loss:0.003 grdn:0.254 lr:7.2e-05 updt_s:3.609 data_s:0.646
WARNING 2026-06-14 02:52:35 db_utils.py:181 WandB logging of key "loss_per_dim" was ignored as its type "<class 'list'>" is not handled by this wrapper.
DEBUG 2026-06-14 02:53:30 re/_trace.py:47 close.started
DEBUG 2026-06-14 02:53:30 re/_trace.py:47 close.complete
DEBUG 2026-06-14 02:53:30 re/_trace.py:47 close.started
DEBUG 2026-06-14 02:53:30 re/_trace.py:47 close.complete
DEBUG 2026-06-14 02:53:30 re/_trace.py:47 close.started
DEBUG 2026-06-14 02:53:30 re/_trace.py:47 close.complete
DEBUG 2026-06-14 02:53:30 re/_trace.py:47 close.started
DEBUG 2026-06-14 02:53:30 re/_trace.py:47 close.complete
DEBUG 2026-06-14 02:53:31 re/_trace.py:47 close.started
DEBUG 2026-06-14 02:53:31 re/_trace.py:47 close.complete
DEBUG 2026-06-14 02:53:31 re/_trace.py:47 close.started
DEBUG 2026-06-14 02:53:31 re/_trace.py:47 close.complete
DEBUG 2026-06-14 02:53:31 re/_trace.py:47 close.started
DEBUG 2026-06-14 02:53:31 re/_trace.py:47 close.complete
DEBUG 2026-06-14 02:53:31 re/_trace.py:47 close.started
DEBUG 2026-06-14 02:53:31 re/_trace.py:47 close.complete
DEBUG 2026-06-14 02:53:31 re/_trace.py:47 close.started
DEBUG 2026-06-14 02:53:31 re/_trace.py:47 close.complete
DEBUG 2026-06-14 02:53:31 re/_trace.py:47 close.started
DEBUG 2026-06-14 02:53:31 re/_trace.py:47 close.complete
DEBUG 2026-06-14 02:57:10 re/_trace.py:47 close.started
DEBUG 2026-06-14 02:57:10 re/_trace.py:47 close.complete
DEBUG 2026-06-14 02:57:10 re/_trace.py:47 close.started
DEBUG 2026-06-14 02:57:10 re/_trace.py:47 close.complete
DEBUG 2026-06-14 02:57:10 re/_trace.py:47 close.started
DEBUG 2026-06-14 02:57:10 re/_trace.py:47 close.complete
DEBUG 2026-06-14 02:57:10 re/_trace.py:47 close.started
DEBUG 2026-06-14 02:57:10 re/_trace.py:47 close.complete
DEBUG 2026-06-14 02:57:10 re/_trace.py:47 close.started
DEBUG 2026-06-14 02:57:10 re/_trace.py:47 close.complete
DEBUG 2026-06-14 02:57:10 re/_trace.py:47 close.started
DEBUG 2026-06-14 02:57:10 re/_trace.py:47 close.complete
DEBUG 2026-06-14 02:57:10 re/_trace.py:47 close.started
DEBUG 2026-06-14 02:57:10 re/_trace.py:47 close.complete
DEBUG 2026-06-14 02:57:10 re/_trace.py:47 close.started
DEBUG 2026-06-14 02:57:10 re/_trace.py:47 close.complete
DEBUG 2026-06-14 02:57:10 re/_trace.py:47 close.started
DEBUG 2026-06-14 02:57:10 re/_trace.py:47 close.complete
DEBUG 2026-06-14 02:57:10 re/_trace.py:47 close.started
DEBUG 2026-06-14 02:57:10 re/_trace.py:47 close.complete
DEBUG 2026-06-14 03:00:49 re/_trace.py:47 close.started
DEBUG 2026-06-14 03:00:49 re/_trace.py:47 close.complete
DEBUG 2026-06-14 03:00:49 re/_trace.py:47 close.started
DEBUG 2026-06-14 03:00:49 re/_trace.py:47 close.complete
DEBUG 2026-06-14 03:00:50 re/_trace.py:47 close.started
DEBUG 2026-06-14 03:00:50 re/_trace.py:47 close.complete
DEBUG 2026-06-14 03:00:50 re/_trace.py:47 close.started
DEBUG 2026-06-14 03:00:50 re/_trace.py:47 close.complete
DEBUG 2026-06-14 03:00:50 re/_trace.py:47 close.started
DEBUG 2026-06-14 03:00:50 re/_trace.py:47 close.complete
DEBUG 2026-06-14 03:00:50 re/_trace.py:47 close.started
DEBUG 2026-06-14 03:00:50 re/_trace.py:47 close.complete
DEBUG 2026-06-14 03:00:50 re/_trace.py:47 close.started
DEBUG 2026-06-14 03:00:50 re/_trace.py:47 close.complete
DEBUG 2026-06-14 03:00:50 re/_trace.py:47 close.started
DEBUG 2026-06-14 03:00:50 re/_trace.py:47 close.complete
DEBUG 2026-06-14 03:00:50 re/_trace.py:47 close.started
DEBUG 2026-06-14 03:00:50 re/_trace.py:47 close.complete
DEBUG 2026-06-14 03:00:50 re/_trace.py:47 close.started
DEBUG 2026-06-14 03:00:50 re/_trace.py:47 close.complete
DEBUG 2026-06-14 03:04:30 re/_trace.py:47 close.started
DEBUG 2026-06-14 03:04:30 re/_trace.py:47 close.complete
DEBUG 2026-06-14 03:04:30 re/_trace.py:47 close.started
DEBUG 2026-06-14 03:04:30 re/_trace.py:47 close.complete
DEBUG 2026-06-14 03:04:30 re/_trace.py:47 close.started
DEBUG 2026-06-14 03:04:30 re/_trace.py:47 close.complete
DEBUG 2026-06-14 03:04:30 re/_trace.py:47 close.started
DEBUG 2026-06-14 03:04:30 re/_trace.py:47 close.complete
DEBUG 2026-06-14 03:04:30 re/_trace.py:47 close.started
DEBUG 2026-06-14 03:04:30 re/_trace.py:47 close.complete
DEBUG 2026-06-14 03:04:30 re/_trace.py:47 close.started
DEBUG 2026-06-14 03:04:30 re/_trace.py:47 close.complete
DEBUG 2026-06-14 03:04:30 re/_trace.py:47 close.started
DEBUG 2026-06-14 03:04:30 re/_trace.py:47 close.complete
DEBUG 2026-06-14 03:04:30 re/_trace.py:47 close.started
DEBUG 2026-06-14 03:04:30 re/_trace.py:47 close.complete
DEBUG 2026-06-14 03:04:30 re/_trace.py:47 close.started
DEBUG 2026-06-14 03:04:30 re/_trace.py:47 close.complete
DEBUG 2026-06-14 03:04:30 re/_trace.py:47 close.started
DEBUG 2026-06-14 03:04:30 re/_trace.py:47 close.complete
INFO 2026-06-14 03:06:48 ot_train.py:459 step:14K smpl:10M ep:13K epch:262.51 loss:0.003 grdn:0.242 lr:7.0e-05 updt_s:3.607 data_s:0.654
WARNING 2026-06-14 03:06:48 db_utils.py:181 WandB logging of key "loss_per_dim" was ignored as its type "<class 'list'>" is not handled by this wrapper.
DEBUG 2026-06-14 03:08:11 re/_trace.py:47 close.started
DEBUG 2026-06-14 03:08:11 re/_trace.py:47 close.complete
DEBUG 2026-06-14 03:08:11 re/_trace.py:47 close.started
DEBUG 2026-06-14 03:08:11 re/_trace.py:47 close.complete
DEBUG 2026-06-14 03:08:11 re/_trace.py:47 close.started
DEBUG 2026-06-14 03:08:11 re/_trace.py:47 close.complete
DEBUG 2026-06-14 03:08:12 re/_trace.py:47 close.started
DEBUG 2026-06-14 03:08:12 re/_trace.py:47 close.complete
DEBUG 2026-06-14 03:08:12 re/_trace.py:47 close.started
DEBUG 2026-06-14 03:08:12 re/_trace.py:47 close.complete
DEBUG 2026-06-14 03:08:12 re/_trace.py:47 close.started
DEBUG 2026-06-14 03:08:12 re/_trace.py:47 close.complete
DEBUG 2026-06-14 03:08:12 re/_trace.py:47 close.started
DEBUG 2026-06-14 03:08:12 re/_trace.py:47 close.complete
DEBUG 2026-06-14 03:08:12 re/_trace.py:47 close.started
DEBUG 2026-06-14 03:08:12 re/_trace.py:47 close.complete
DEBUG 2026-06-14 03:08:12 re/_trace.py:47 close.started
DEBUG 2026-06-14 03:08:12 re/_trace.py:47 close.complete
DEBUG 2026-06-14 03:08:12 re/_trace.py:47 close.started
DEBUG 2026-06-14 03:08:12 re/_trace.py:47 close.complete
DEBUG 2026-06-14 03:11:50 re/_trace.py:47 close.started
DEBUG 2026-06-14 03:11:50 re/_trace.py:47 close.complete
DEBUG 2026-06-14 03:11:50 re/_trace.py:47 close.started
DEBUG 2026-06-14 03:11:50 re/_trace.py:47 close.complete
DEBUG 2026-06-14 03:11:50 re/_trace.py:47 close.started
DEBUG 2026-06-14 03:11:50 re/_trace.py:47 close.complete
DEBUG 2026-06-14 03:11:50 re/_trace.py:47 close.started
DEBUG 2026-06-14 03:11:50 re/_trace.py:47 close.complete
DEBUG 2026-06-14 03:11:50 re/_trace.py:47 close.started
DEBUG 2026-06-14 03:11:50 re/_trace.py:47 close.complete
DEBUG 2026-06-14 03:11:50 re/_trace.py:47 close.started
DEBUG 2026-06-14 03:11:50 re/_trace.py:47 close.complete
DEBUG 2026-06-14 03:11:50 re/_trace.py:47 close.started
DEBUG 2026-06-14 03:11:50 re/_trace.py:47 close.complete
DEBUG 2026-06-14 03:11:50 re/_trace.py:47 close.started
DEBUG 2026-06-14 03:11:50 re/_trace.py:47 close.complete
DEBUG 2026-06-14 03:11:50 re/_trace.py:47 close.started
DEBUG 2026-06-14 03:11:50 re/_trace.py:47 close.complete
DEBUG 2026-06-14 03:11:50 re/_trace.py:47 close.started
DEBUG 2026-06-14 03:11:50 re/_trace.py:47 close.complete
DEBUG 2026-06-14 03:15:33 re/_trace.py:47 close.started
DEBUG 2026-06-14 03:15:33 re/_trace.py:47 close.complete
DEBUG 2026-06-14 03:15:33 re/_trace.py:47 close.started
DEBUG 2026-06-14 03:15:33 re/_trace.py:47 close.complete
DEBUG 2026-06-14 03:15:33 re/_trace.py:47 close.started
DEBUG 2026-06-14 03:15:33 re/_trace.py:47 close.complete
DEBUG 2026-06-14 03:15:33 re/_trace.py:47 close.started
DEBUG 2026-06-14 03:15:33 re/_trace.py:47 close.complete
DEBUG 2026-06-14 03:15:33 re/_trace.py:47 close.started
DEBUG 2026-06-14 03:15:33 re/_trace.py:47 close.complete
DEBUG 2026-06-14 03:15:33 re/_trace.py:47 close.started
DEBUG 2026-06-14 03:15:33 re/_trace.py:47 close.complete
DEBUG 2026-06-14 03:15:33 re/_trace.py:47 close.started
DEBUG 2026-06-14 03:15:33 re/_trace.py:47 close.complete
DEBUG 2026-06-14 03:15:33 re/_trace.py:47 close.started
DEBUG 2026-06-14 03:15:33 re/_trace.py:47 close.complete
DEBUG 2026-06-14 03:15:33 re/_trace.py:47 close.started
DEBUG 2026-06-14 03:15:33 re/_trace.py:47 close.complete
DEBUG 2026-06-14 03:15:33 re/_trace.py:47 close.started
DEBUG 2026-06-14 03:15:33 re/_trace.py:47 close.complete
DEBUG 2026-06-14 03:19:13 re/_trace.py:47 close.started
DEBUG 2026-06-14 03:19:13 re/_trace.py:47 close.complete
DEBUG 2026-06-14 03:19:13 re/_trace.py:47 close.started
DEBUG 2026-06-14 03:19:13 re/_trace.py:47 close.complete
DEBUG 2026-06-14 03:19:13 re/_trace.py:47 close.started
DEBUG 2026-06-14 03:19:13 re/_trace.py:47 close.complete
DEBUG 2026-06-14 03:19:13 re/_trace.py:47 close.started
DEBUG 2026-06-14 03:19:13 re/_trace.py:47 close.complete
DEBUG 2026-06-14 03:19:13 re/_trace.py:47 close.started
DEBUG 2026-06-14 03:19:13 re/_trace.py:47 close.complete
DEBUG 2026-06-14 03:19:13 re/_trace.py:47 close.started
DEBUG 2026-06-14 03:19:13 re/_trace.py:47 close.complete
DEBUG 2026-06-14 03:19:13 re/_trace.py:47 close.started
DEBUG 2026-06-14 03:19:13 re/_trace.py:47 close.complete
DEBUG 2026-06-14 03:19:13 re/_trace.py:47 close.started
DEBUG 2026-06-14 03:19:13 re/_trace.py:47 close.complete
DEBUG 2026-06-14 03:19:13 re/_trace.py:47 close.started
DEBUG 2026-06-14 03:19:13 re/_trace.py:47 close.complete
DEBUG 2026-06-14 03:19:13 re/_trace.py:47 close.started
DEBUG 2026-06-14 03:19:13 re/_trace.py:47 close.complete
INFO 2026-06-14 03:21:03 ot_train.py:459 step:14K smpl:10M ep:13K epch:266.37 loss:0.003 grdn:0.269 lr:6.9e-05 updt_s:3.643 data_s:0.629
WARNING 2026-06-14 03:21:03 db_utils.py:181 WandB logging of key "loss_per_dim" was ignored as its type "<class 'list'>" is not handled by this wrapper.
DEBUG 2026-06-14 03:22:54 re/_trace.py:47 close.started
DEBUG 2026-06-14 03:22:54 re/_trace.py:47 close.complete
DEBUG 2026-06-14 03:22:54 re/_trace.py:47 close.started
DEBUG 2026-06-14 03:22:54 re/_trace.py:47 close.complete
DEBUG 2026-06-14 03:22:54 re/_trace.py:47 close.started
DEBUG 2026-06-14 03:22:54 re/_trace.py:47 close.complete
DEBUG 2026-06-14 03:22:54 re/_trace.py:47 close.started
DEBUG 2026-06-14 03:22:54 re/_trace.py:47 close.complete
DEBUG 2026-06-14 03:22:54 re/_trace.py:47 close.started
DEBUG 2026-06-14 03:22:54 re/_trace.py:47 close.complete
DEBUG 2026-06-14 03:22:54 re/_trace.py:47 close.started
DEBUG 2026-06-14 03:22:54 re/_trace.py:47 close.complete
DEBUG 2026-06-14 03:22:54 re/_trace.py:47 close.started
DEBUG 2026-06-14 03:22:54 re/_trace.py:47 close.complete
DEBUG 2026-06-14 03:22:54 re/_trace.py:47 close.started
DEBUG 2026-06-14 03:22:54 re/_trace.py:47 close.complete
DEBUG 2026-06-14 03:22:54 re/_trace.py:47 close.started
DEBUG 2026-06-14 03:22:54 re/_trace.py:47 close.complete
DEBUG 2026-06-14 03:22:54 re/_trace.py:47 close.started
DEBUG 2026-06-14 03:22:54 re/_trace.py:47 close.complete
DEBUG 2026-06-14 03:26:34 re/_trace.py:47 close.started
DEBUG 2026-06-14 03:26:34 re/_trace.py:47 close.complete
DEBUG 2026-06-14 03:26:34 re/_trace.py:47 close.started
DEBUG 2026-06-14 03:26:34 re/_trace.py:47 close.complete
DEBUG 2026-06-14 03:26:34 re/_trace.py:47 close.started
DEBUG 2026-06-14 03:26:34 re/_trace.py:47 close.complete
DEBUG 2026-06-14 03:26:34 re/_trace.py:47 close.started
DEBUG 2026-06-14 03:26:34 re/_trace.py:47 close.complete
DEBUG 2026-06-14 03:26:34 re/_trace.py:47 close.started
DEBUG 2026-06-14 03:26:34 re/_trace.py:47 close.complete
DEBUG 2026-06-14 03:26:34 re/_trace.py:47 close.started
DEBUG 2026-06-14 03:26:34 re/_trace.py:47 close.complete
DEBUG 2026-06-14 03:26:34 re/_trace.py:47 close.started
DEBUG 2026-06-14 03:26:34 re/_trace.py:47 close.complete
DEBUG 2026-06-14 03:26:34 re/_trace.py:47 close.started
DEBUG 2026-06-14 03:26:34 re/_trace.py:47 close.complete
DEBUG 2026-06-14 03:26:35 re/_trace.py:47 close.started
DEBUG 2026-06-14 03:26:35 re/_trace.py:47 close.complete
DEBUG 2026-06-14 03:26:35 re/_trace.py:47 close.started
DEBUG 2026-06-14 03:26:35 re/_trace.py:47 close.complete
DEBUG 2026-06-14 03:30:14 re/_trace.py:47 close.started
DEBUG 2026-06-14 03:30:14 re/_trace.py:47 close.complete
DEBUG 2026-06-14 03:30:14 re/_trace.py:47 close.started
DEBUG 2026-06-14 03:30:14 re/_trace.py:47 close.complete
DEBUG 2026-06-14 03:30:14 re/_trace.py:47 close.started
DEBUG 2026-06-14 03:30:14 re/_trace.py:47 close.complete
DEBUG 2026-06-14 03:30:15 re/_trace.py:47 close.started
DEBUG 2026-06-14 03:30:15 re/_trace.py:47 close.complete
DEBUG 2026-06-14 03:30:15 re/_trace.py:47 close.started
DEBUG 2026-06-14 03:30:15 re/_trace.py:47 close.complete
DEBUG 2026-06-14 03:30:15 re/_trace.py:47 close.started
DEBUG 2026-06-14 03:30:15 re/_trace.py:47 close.complete
DEBUG 2026-06-14 03:30:15 re/_trace.py:47 close.started
DEBUG 2026-06-14 03:30:15 re/_trace.py:47 close.complete
DEBUG 2026-06-14 03:30:15 re/_trace.py:47 close.started
DEBUG 2026-06-14 03:30:15 re/_trace.py:47 close.complete
DEBUG 2026-06-14 03:30:15 re/_trace.py:47 close.started
DEBUG 2026-06-14 03:30:15 re/_trace.py:47 close.complete
DEBUG 2026-06-14 03:30:15 re/_trace.py:47 close.started
DEBUG 2026-06-14 03:30:15 re/_trace.py:47 close.complete
DEBUG 2026-06-14 03:33:57 re/_trace.py:47 close.started
DEBUG 2026-06-14 03:33:57 re/_trace.py:47 close.complete
DEBUG 2026-06-14 03:33:57 re/_trace.py:47 close.started
DEBUG 2026-06-14 03:33:57 re/_trace.py:47 close.complete
DEBUG 2026-06-14 03:33:57 re/_trace.py:47 close.started
DEBUG 2026-06-14 03:33:57 re/_trace.py:47 close.complete
DEBUG 2026-06-14 03:33:57 re/_trace.py:47 close.started
DEBUG 2026-06-14 03:33:57 re/_trace.py:47 close.complete
DEBUG 2026-06-14 03:33:57 re/_trace.py:47 close.started
DEBUG 2026-06-14 03:33:57 re/_trace.py:47 close.complete
DEBUG 2026-06-14 03:33:57 re/_trace.py:47 close.started
DEBUG 2026-06-14 03:33:57 re/_trace.py:47 close.complete
DEBUG 2026-06-14 03:33:57 re/_trace.py:47 close.started
DEBUG 2026-06-14 03:33:57 re/_trace.py:47 close.complete
DEBUG 2026-06-14 03:33:57 re/_trace.py:47 close.started
DEBUG 2026-06-14 03:33:57 re/_trace.py:47 close.complete
DEBUG 2026-06-14 03:33:57 re/_trace.py:47 close.started
DEBUG 2026-06-14 03:33:57 re/_trace.py:47 close.complete
DEBUG 2026-06-14 03:33:57 re/_trace.py:47 close.started
DEBUG 2026-06-14 03:33:57 re/_trace.py:47 close.complete
INFO 2026-06-14 03:35:15 ot_train.py:459 step:14K smpl:10M ep:14K epch:270.23 loss:0.003 grdn:0.232 lr:6.8e-05 updt_s:3.565 data_s:0.689
WARNING 2026-06-14 03:35:15 db_utils.py:181 WandB logging of key "loss_per_dim" was ignored as its type "<class 'list'>" is not handled by this wrapper.
DEBUG 2026-06-14 03:37:37 re/_trace.py:47 close.started
DEBUG 2026-06-14 03:37:37 re/_trace.py:47 close.complete
DEBUG 2026-06-14 03:37:37 re/_trace.py:47 close.started
DEBUG 2026-06-14 03:37:37 re/_trace.py:47 close.complete
DEBUG 2026-06-14 03:37:37 re/_trace.py:47 close.started
DEBUG 2026-06-14 03:37:37 re/_trace.py:47 close.complete
DEBUG 2026-06-14 03:37:37 re/_trace.py:47 close.started
DEBUG 2026-06-14 03:37:37 re/_trace.py:47 close.complete
DEBUG 2026-06-14 03:37:37 re/_trace.py:47 close.started
DEBUG 2026-06-14 03:37:37 re/_trace.py:47 close.complete
DEBUG 2026-06-14 03:37:37 re/_trace.py:47 close.started
DEBUG 2026-06-14 03:37:37 re/_trace.py:47 close.complete
DEBUG 2026-06-14 03:37:37 re/_trace.py:47 close.started
DEBUG 2026-06-14 03:37:37 re/_trace.py:47 close.complete
DEBUG 2026-06-14 03:37:37 re/_trace.py:47 close.started
DEBUG 2026-06-14 03:37:37 re/_trace.py:47 close.complete
DEBUG 2026-06-14 03:37:37 re/_trace.py:47 close.started
DEBUG 2026-06-14 03:37:37 re/_trace.py:47 close.complete
DEBUG 2026-06-14 03:37:38 re/_trace.py:47 close.started
DEBUG 2026-06-14 03:37:38 re/_trace.py:47 close.complete
DEBUG 2026-06-14 03:41:18 re/_trace.py:47 close.started
DEBUG 2026-06-14 03:41:18 re/_trace.py:47 close.complete
DEBUG 2026-06-14 03:41:18 re/_trace.py:47 close.started
DEBUG 2026-06-14 03:41:18 re/_trace.py:47 close.complete
DEBUG 2026-06-14 03:41:18 re/_trace.py:47 close.started
DEBUG 2026-06-14 03:41:18 re/_trace.py:47 close.complete
DEBUG 2026-06-14 03:41:18 re/_trace.py:47 close.started
DEBUG 2026-06-14 03:41:18 re/_trace.py:47 close.complete
DEBUG 2026-06-14 03:41:18 re/_trace.py:47 close.started
DEBUG 2026-06-14 03:41:18 re/_trace.py:47 close.complete
DEBUG 2026-06-14 03:41:19 re/_trace.py:47 close.started
DEBUG 2026-06-14 03:41:19 re/_trace.py:47 close.complete
DEBUG 2026-06-14 03:41:19 re/_trace.py:47 close.started
DEBUG 2026-06-14 03:41:19 re/_trace.py:47 close.complete
DEBUG 2026-06-14 03:41:19 re/_trace.py:47 close.started
DEBUG 2026-06-14 03:41:19 re/_trace.py:47 close.complete
DEBUG 2026-06-14 03:41:19 re/_trace.py:47 close.started
DEBUG 2026-06-14 03:41:19 re/_trace.py:47 close.complete
DEBUG 2026-06-14 03:41:19 re/_trace.py:47 close.started
DEBUG 2026-06-14 03:41:19 re/_trace.py:47 close.complete
DEBUG 2026-06-14 03:44:59 re/_trace.py:47 close.started
DEBUG 2026-06-14 03:44:59 re/_trace.py:47 close.complete
DEBUG 2026-06-14 03:44:59 re/_trace.py:47 close.started
DEBUG 2026-06-14 03:44:59 re/_trace.py:47 close.complete
DEBUG 2026-06-14 03:44:59 re/_trace.py:47 close.started
DEBUG 2026-06-14 03:44:59 re/_trace.py:47 close.complete
DEBUG 2026-06-14 03:44:59 re/_trace.py:47 close.started
DEBUG 2026-06-14 03:44:59 re/_trace.py:47 close.complete
DEBUG 2026-06-14 03:44:59 re/_trace.py:47 close.started
DEBUG 2026-06-14 03:44:59 re/_trace.py:47 close.complete
DEBUG 2026-06-14 03:44:59 re/_trace.py:47 close.started
DEBUG 2026-06-14 03:44:59 re/_trace.py:47 close.complete
DEBUG 2026-06-14 03:44:59 re/_trace.py:47 close.started
DEBUG 2026-06-14 03:44:59 re/_trace.py:47 close.complete
DEBUG 2026-06-14 03:44:59 re/_trace.py:47 close.started
DEBUG 2026-06-14 03:44:59 re/_trace.py:47 close.complete
DEBUG 2026-06-14 03:44:59 re/_trace.py:47 close.started
DEBUG 2026-06-14 03:44:59 re/_trace.py:47 close.complete
DEBUG 2026-06-14 03:44:59 re/_trace.py:47 close.started
DEBUG 2026-06-14 03:44:59 re/_trace.py:47 close.complete
DEBUG 2026-06-14 03:48:39 re/_trace.py:47 close.started
DEBUG 2026-06-14 03:48:39 re/_trace.py:47 close.complete
DEBUG 2026-06-14 03:48:39 re/_trace.py:47 close.started
DEBUG 2026-06-14 03:48:39 re/_trace.py:47 close.complete
DEBUG 2026-06-14 03:48:39 re/_trace.py:47 close.started
DEBUG 2026-06-14 03:48:39 re/_trace.py:47 close.complete
DEBUG 2026-06-14 03:48:39 re/_trace.py:47 close.started
DEBUG 2026-06-14 03:48:39 re/_trace.py:47 close.complete
DEBUG 2026-06-14 03:48:39 re/_trace.py:47 close.started
DEBUG 2026-06-14 03:48:39 re/_trace.py:47 close.complete
DEBUG 2026-06-14 03:48:39 re/_trace.py:47 close.started
DEBUG 2026-06-14 03:48:39 re/_trace.py:47 close.complete
DEBUG 2026-06-14 03:48:40 re/_trace.py:47 close.started
DEBUG 2026-06-14 03:48:40 re/_trace.py:47 close.complete
DEBUG 2026-06-14 03:48:40 re/_trace.py:47 close.started
DEBUG 2026-06-14 03:48:40 re/_trace.py:47 close.complete
DEBUG 2026-06-14 03:48:40 re/_trace.py:47 close.started
DEBUG 2026-06-14 03:48:40 re/_trace.py:47 close.complete
DEBUG 2026-06-14 03:48:40 re/_trace.py:47 close.started
DEBUG 2026-06-14 03:48:40 re/_trace.py:47 close.complete
INFO 2026-06-14 03:49:27 ot_train.py:459 step:14K smpl:10M ep:14K epch:274.09 loss:0.003 grdn:0.215 lr:6.7e-05 updt_s:3.585 data_s:0.671
WARNING 2026-06-14 03:49:27 db_utils.py:181 WandB logging of key "loss_per_dim" was ignored as its type "<class 'list'>" is not handled by this wrapper.
DEBUG 2026-06-14 03:52:18 re/_trace.py:47 close.started
DEBUG 2026-06-14 03:52:18 re/_trace.py:47 close.complete
DEBUG 2026-06-14 03:52:18 re/_trace.py:47 close.started
DEBUG 2026-06-14 03:52:18 re/_trace.py:47 close.complete
DEBUG 2026-06-14 03:52:18 re/_trace.py:47 close.started
DEBUG 2026-06-14 03:52:18 re/_trace.py:47 close.complete
DEBUG 2026-06-14 03:52:18 re/_trace.py:47 close.started
DEBUG 2026-06-14 03:52:18 re/_trace.py:47 close.complete
DEBUG 2026-06-14 03:52:18 re/_trace.py:47 close.started
DEBUG 2026-06-14 03:52:18 re/_trace.py:47 close.complete
DEBUG 2026-06-14 03:52:18 re/_trace.py:47 close.started
DEBUG 2026-06-14 03:52:18 re/_trace.py:47 close.complete
DEBUG 2026-06-14 03:52:18 re/_trace.py:47 close.started
DEBUG 2026-06-14 03:52:18 re/_trace.py:47 close.complete
DEBUG 2026-06-14 03:52:18 re/_trace.py:47 close.started
DEBUG 2026-06-14 03:52:18 re/_trace.py:47 close.complete
DEBUG 2026-06-14 03:52:18 re/_trace.py:47 close.started
DEBUG 2026-06-14 03:52:18 re/_trace.py:47 close.complete
DEBUG 2026-06-14 03:52:19 re/_trace.py:47 close.started
DEBUG 2026-06-14 03:52:19 re/_trace.py:47 close.complete
DEBUG 2026-06-14 03:55:58 re/_trace.py:47 close.started
DEBUG 2026-06-14 03:55:58 re/_trace.py:47 close.complete
DEBUG 2026-06-14 03:55:58 re/_trace.py:47 close.started
DEBUG 2026-06-14 03:55:58 re/_trace.py:47 close.complete
DEBUG 2026-06-14 03:55:58 re/_trace.py:47 close.started
DEBUG 2026-06-14 03:55:58 re/_trace.py:47 close.complete
DEBUG 2026-06-14 03:55:58 re/_trace.py:47 close.started
DEBUG 2026-06-14 03:55:58 re/_trace.py:47 close.complete
DEBUG 2026-06-14 03:55:58 re/_trace.py:47 close.started
DEBUG 2026-06-14 03:55:58 re/_trace.py:47 close.complete
DEBUG 2026-06-14 03:55:58 re/_trace.py:47 close.started
DEBUG 2026-06-14 03:55:58 re/_trace.py:47 close.complete
DEBUG 2026-06-14 03:55:58 re/_trace.py:47 close.started
DEBUG 2026-06-14 03:55:58 re/_trace.py:47 close.complete
DEBUG 2026-06-14 03:55:58 re/_trace.py:47 close.started
DEBUG 2026-06-14 03:55:58 re/_trace.py:47 close.complete
DEBUG 2026-06-14 03:55:58 re/_trace.py:47 close.started
DEBUG 2026-06-14 03:55:58 re/_trace.py:47 close.complete
DEBUG 2026-06-14 03:55:58 re/_trace.py:47 close.started
DEBUG 2026-06-14 03:55:58 re/_trace.py:47 close.complete
DEBUG 2026-06-14 03:59:36 re/_trace.py:47 close.started
DEBUG 2026-06-14 03:59:36 re/_trace.py:47 close.complete
DEBUG 2026-06-14 03:59:36 re/_trace.py:47 close.started
DEBUG 2026-06-14 03:59:36 re/_trace.py:47 close.complete
DEBUG 2026-06-14 03:59:36 re/_trace.py:47 close.started
DEBUG 2026-06-14 03:59:36 re/_trace.py:47 close.complete
DEBUG 2026-06-14 03:59:36 re/_trace.py:47 close.started
DEBUG 2026-06-14 03:59:36 re/_trace.py:47 close.complete
DEBUG 2026-06-14 03:59:36 re/_trace.py:47 close.started
DEBUG 2026-06-14 03:59:36 re/_trace.py:47 close.complete
DEBUG 2026-06-14 03:59:36 re/_trace.py:47 close.started
DEBUG 2026-06-14 03:59:36 re/_trace.py:47 close.complete
DEBUG 2026-06-14 03:59:36 re/_trace.py:47 close.started
DEBUG 2026-06-14 03:59:36 re/_trace.py:47 close.complete
DEBUG 2026-06-14 03:59:37 re/_trace.py:47 close.started
DEBUG 2026-06-14 03:59:37 re/_trace.py:47 close.complete
DEBUG 2026-06-14 03:59:37 re/_trace.py:47 close.started
DEBUG 2026-06-14 03:59:37 re/_trace.py:47 close.complete
DEBUG 2026-06-14 03:59:37 re/_trace.py:47 close.started
DEBUG 2026-06-14 03:59:37 re/_trace.py:47 close.complete
INFO 2026-06-14 04:03:00 ot_train.py:459 step:14K smpl:10M ep:14K epch:277.95 loss:0.003 grdn:0.225 lr:6.6e-05 updt_s:3.514 data_s:0.549
WARNING 2026-06-14 04:03:00 db_utils.py:181 WandB logging of key "loss_per_dim" was ignored as its type "<class 'list'>" is not handled by this wrapper.
DEBUG 2026-06-14 04:03:15 re/_trace.py:47 close.started
DEBUG 2026-06-14 04:03:15 re/_trace.py:47 close.complete
DEBUG 2026-06-14 04:03:15 re/_trace.py:47 close.started
DEBUG 2026-06-14 04:03:15 re/_trace.py:47 close.complete
DEBUG 2026-06-14 04:03:15 re/_trace.py:47 close.started
DEBUG 2026-06-14 04:03:15 re/_trace.py:47 close.complete
DEBUG 2026-06-14 04:03:15 re/_trace.py:47 close.started
DEBUG 2026-06-14 04:03:15 re/_trace.py:47 close.complete
DEBUG 2026-06-14 04:03:15 re/_trace.py:47 close.started
DEBUG 2026-06-14 04:03:15 re/_trace.py:47 close.complete
DEBUG 2026-06-14 04:03:15 re/_trace.py:47 close.started
DEBUG 2026-06-14 04:03:15 re/_trace.py:47 close.complete
DEBUG 2026-06-14 04:03:15 re/_trace.py:47 close.started
DEBUG 2026-06-14 04:03:15 re/_trace.py:47 close.complete
DEBUG 2026-06-14 04:03:15 re/_trace.py:47 close.started
DEBUG 2026-06-14 04:03:15 re/_trace.py:47 close.complete
DEBUG 2026-06-14 04:03:15 re/_trace.py:47 close.started
DEBUG 2026-06-14 04:03:15 re/_trace.py:47 close.complete
DEBUG 2026-06-14 04:03:15 re/_trace.py:47 close.started
DEBUG 2026-06-14 04:03:15 re/_trace.py:47 close.complete
DEBUG 2026-06-14 04:06:56 re/_trace.py:47 close.started
DEBUG 2026-06-14 04:06:56 re/_trace.py:47 close.complete
DEBUG 2026-06-14 04:06:56 re/_trace.py:47 close.started
DEBUG 2026-06-14 04:06:56 re/_trace.py:47 close.complete
DEBUG 2026-06-14 04:06:56 re/_trace.py:47 close.started
DEBUG 2026-06-14 04:06:56 re/_trace.py:47 close.complete
DEBUG 2026-06-14 04:06:56 re/_trace.py:47 close.started
DEBUG 2026-06-14 04:06:56 re/_trace.py:47 close.complete
DEBUG 2026-06-14 04:06:56 re/_trace.py:47 close.started
DEBUG 2026-06-14 04:06:56 re/_trace.py:47 close.complete
DEBUG 2026-06-14 04:06:56 re/_trace.py:47 close.started
DEBUG 2026-06-14 04:06:56 re/_trace.py:47 close.complete
DEBUG 2026-06-14 04:06:56 re/_trace.py:47 close.started
DEBUG 2026-06-14 04:06:56 re/_trace.py:47 close.complete
DEBUG 2026-06-14 04:06:56 re/_trace.py:47 close.started
DEBUG 2026-06-14 04:06:56 re/_trace.py:47 close.complete
DEBUG 2026-06-14 04:06:56 re/_trace.py:47 close.started
DEBUG 2026-06-14 04:06:56 re/_trace.py:47 close.complete
DEBUG 2026-06-14 04:06:56 re/_trace.py:47 close.started
DEBUG 2026-06-14 04:06:56 re/_trace.py:47 close.complete
DEBUG 2026-06-14 04:10:38 re/_trace.py:47 close.started
DEBUG 2026-06-14 04:10:38 re/_trace.py:47 close.complete
DEBUG 2026-06-14 04:10:38 re/_trace.py:47 close.started
DEBUG 2026-06-14 04:10:38 re/_trace.py:47 close.complete
DEBUG 2026-06-14 04:10:38 re/_trace.py:47 close.started
DEBUG 2026-06-14 04:10:38 re/_trace.py:47 close.complete
DEBUG 2026-06-14 04:10:38 re/_trace.py:47 close.started
DEBUG 2026-06-14 04:10:38 re/_trace.py:47 close.complete
DEBUG 2026-06-14 04:10:38 re/_trace.py:47 close.started
DEBUG 2026-06-14 04:10:38 re/_trace.py:47 close.complete
DEBUG 2026-06-14 04:10:38 re/_trace.py:47 close.started
DEBUG 2026-06-14 04:10:38 re/_trace.py:47 close.complete
DEBUG 2026-06-14 04:10:38 re/_trace.py:47 close.started
DEBUG 2026-06-14 04:10:38 re/_trace.py:47 close.complete
DEBUG 2026-06-14 04:10:38 re/_trace.py:47 close.started
DEBUG 2026-06-14 04:10:38 re/_trace.py:47 close.complete
DEBUG 2026-06-14 04:10:38 re/_trace.py:47 close.started
DEBUG 2026-06-14 04:10:38 re/_trace.py:47 close.complete
DEBUG 2026-06-14 04:10:38 re/_trace.py:47 close.started
DEBUG 2026-06-14 04:10:38 re/_trace.py:47 close.complete
DEBUG 2026-06-14 04:14:17 re/_trace.py:47 close.started
DEBUG 2026-06-14 04:14:17 re/_trace.py:47 close.complete
DEBUG 2026-06-14 04:14:17 re/_trace.py:47 close.started
DEBUG 2026-06-14 04:14:17 re/_trace.py:47 close.complete
DEBUG 2026-06-14 04:14:17 re/_trace.py:47 close.started
DEBUG 2026-06-14 04:14:17 re/_trace.py:47 close.complete
DEBUG 2026-06-14 04:14:17 re/_trace.py:47 close.started
DEBUG 2026-06-14 04:14:17 re/_trace.py:47 close.complete
DEBUG 2026-06-14 04:14:18 re/_trace.py:47 close.started
DEBUG 2026-06-14 04:14:18 re/_trace.py:47 close.complete
DEBUG 2026-06-14 04:14:18 re/_trace.py:47 close.started
DEBUG 2026-06-14 04:14:18 re/_trace.py:47 close.complete
DEBUG 2026-06-14 04:14:18 re/_trace.py:47 close.started
DEBUG 2026-06-14 04:14:18 re/_trace.py:47 close.complete
DEBUG 2026-06-14 04:14:18 re/_trace.py:47 close.started
DEBUG 2026-06-14 04:14:18 re/_trace.py:47 close.complete
DEBUG 2026-06-14 04:14:18 re/_trace.py:47 close.started
DEBUG 2026-06-14 04:14:18 re/_trace.py:47 close.complete
DEBUG 2026-06-14 04:14:18 re/_trace.py:47 close.started
DEBUG 2026-06-14 04:14:18 re/_trace.py:47 close.complete
INFO 2026-06-14 04:17:17 ot_train.py:459 step:15K smpl:10M ep:14K epch:281.81 loss:0.003 grdn:0.219 lr:6.4e-05 updt_s:3.572 data_s:0.707
WARNING 2026-06-14 04:17:17 db_utils.py:181 WandB logging of key "loss_per_dim" was ignored as its type "<class 'list'>" is not handled by this wrapper.
DEBUG 2026-06-14 04:17:59 re/_trace.py:47 close.started
DEBUG 2026-06-14 04:17:59 re/_trace.py:47 close.complete
DEBUG 2026-06-14 04:17:59 re/_trace.py:47 close.started
DEBUG 2026-06-14 04:17:59 re/_trace.py:47 close.complete
DEBUG 2026-06-14 04:17:59 re/_trace.py:47 close.started
DEBUG 2026-06-14 04:17:59 re/_trace.py:47 close.complete
DEBUG 2026-06-14 04:17:59 re/_trace.py:47 close.started
DEBUG 2026-06-14 04:17:59 re/_trace.py:47 close.complete
DEBUG 2026-06-14 04:17:59 re/_trace.py:47 close.started
DEBUG 2026-06-14 04:17:59 re/_trace.py:47 close.complete
DEBUG 2026-06-14 04:17:59 re/_trace.py:47 close.started
DEBUG 2026-06-14 04:17:59 re/_trace.py:47 close.complete
DEBUG 2026-06-14 04:17:59 re/_trace.py:47 close.started
DEBUG 2026-06-14 04:17:59 re/_trace.py:47 close.complete
DEBUG 2026-06-14 04:17:59 re/_trace.py:47 close.started
DEBUG 2026-06-14 04:17:59 re/_trace.py:47 close.complete
DEBUG 2026-06-14 04:17:59 re/_trace.py:47 close.started
DEBUG 2026-06-14 04:17:59 re/_trace.py:47 close.complete
DEBUG 2026-06-14 04:17:59 re/_trace.py:47 close.started
DEBUG 2026-06-14 04:17:59 re/_trace.py:47 close.complete
DEBUG 2026-06-14 04:21:36 re/_trace.py:47 close.started
DEBUG 2026-06-14 04:21:36 re/_trace.py:47 close.complete
DEBUG 2026-06-14 04:21:36 re/_trace.py:47 close.started
DEBUG 2026-06-14 04:21:36 re/_trace.py:47 close.complete
DEBUG 2026-06-14 04:21:36 re/_trace.py:47 close.started
DEBUG 2026-06-14 04:21:36 re/_trace.py:47 close.complete
DEBUG 2026-06-14 04:21:36 re/_trace.py:47 close.started
DEBUG 2026-06-14 04:21:36 re/_trace.py:47 close.complete
DEBUG 2026-06-14 04:21:36 re/_trace.py:47 close.started
DEBUG 2026-06-14 04:21:36 re/_trace.py:47 close.complete
DEBUG 2026-06-14 04:21:36 re/_trace.py:47 close.started
DEBUG 2026-06-14 04:21:36 re/_trace.py:47 close.complete
DEBUG 2026-06-14 04:21:36 re/_trace.py:47 close.started
DEBUG 2026-06-14 04:21:36 re/_trace.py:47 close.complete
DEBUG 2026-06-14 04:21:36 re/_trace.py:47 close.started
DEBUG 2026-06-14 04:21:36 re/_trace.py:47 close.complete
DEBUG 2026-06-14 04:21:36 re/_trace.py:47 close.started
DEBUG 2026-06-14 04:21:36 re/_trace.py:47 close.complete
DEBUG 2026-06-14 04:21:36 re/_trace.py:47 close.started
DEBUG 2026-06-14 04:21:36 re/_trace.py:47 close.complete
DEBUG 2026-06-14 04:25:16 re/_trace.py:47 close.started
DEBUG 2026-06-14 04:25:16 re/_trace.py:47 close.complete
DEBUG 2026-06-14 04:25:17 re/_trace.py:47 close.started
DEBUG 2026-06-14 04:25:17 re/_trace.py:47 close.complete
DEBUG 2026-06-14 04:25:17 re/_trace.py:47 close.started
DEBUG 2026-06-14 04:25:17 re/_trace.py:47 close.complete
DEBUG 2026-06-14 04:25:17 re/_trace.py:47 close.started
DEBUG 2026-06-14 04:25:17 re/_trace.py:47 close.complete
DEBUG 2026-06-14 04:25:17 re/_trace.py:47 close.started
DEBUG 2026-06-14 04:25:17 re/_trace.py:47 close.complete
DEBUG 2026-06-14 04:25:17 re/_trace.py:47 close.started
DEBUG 2026-06-14 04:25:17 re/_trace.py:47 close.complete
DEBUG 2026-06-14 04:25:17 re/_trace.py:47 close.started
DEBUG 2026-06-14 04:25:17 re/_trace.py:47 close.complete
DEBUG 2026-06-14 04:25:17 re/_trace.py:47 close.started
DEBUG 2026-06-14 04:25:17 re/_trace.py:47 close.complete
DEBUG 2026-06-14 04:25:17 re/_trace.py:47 close.started
DEBUG 2026-06-14 04:25:17 re/_trace.py:47 close.complete
DEBUG 2026-06-14 04:25:17 re/_trace.py:47 close.started
DEBUG 2026-06-14 04:25:17 re/_trace.py:47 close.complete
DEBUG 2026-06-14 04:28:57 re/_trace.py:47 close.started
DEBUG 2026-06-14 04:28:57 re/_trace.py:47 close.complete
DEBUG 2026-06-14 04:28:57 re/_trace.py:47 close.started
DEBUG 2026-06-14 04:28:57 re/_trace.py:47 close.complete
DEBUG 2026-06-14 04:28:57 re/_trace.py:47 close.started
DEBUG 2026-06-14 04:28:57 re/_trace.py:47 close.complete
DEBUG 2026-06-14 04:28:57 re/_trace.py:47 close.started
DEBUG 2026-06-14 04:28:57 re/_trace.py:47 close.complete
DEBUG 2026-06-14 04:28:57 re/_trace.py:47 close.started
DEBUG 2026-06-14 04:28:57 re/_trace.py:47 close.complete
DEBUG 2026-06-14 04:28:57 re/_trace.py:47 close.started
DEBUG 2026-06-14 04:28:57 re/_trace.py:47 close.complete
DEBUG 2026-06-14 04:28:57 re/_trace.py:47 close.started
DEBUG 2026-06-14 04:28:57 re/_trace.py:47 close.complete
DEBUG 2026-06-14 04:28:57 re/_trace.py:47 close.started
DEBUG 2026-06-14 04:28:57 re/_trace.py:47 close.complete
DEBUG 2026-06-14 04:28:57 re/_trace.py:47 close.started
DEBUG 2026-06-14 04:28:57 re/_trace.py:47 close.complete
DEBUG 2026-06-14 04:28:58 re/_trace.py:47 close.started
DEBUG 2026-06-14 04:28:58 re/_trace.py:47 close.complete
INFO 2026-06-14 04:31:27 ot_train.py:459 step:15K smpl:10M ep:14K epch:285.67 loss:0.003 grdn:0.234 lr:6.3e-05 updt_s:3.596 data_s:0.651
WARNING 2026-06-14 04:31:27 db_utils.py:181 WandB logging of key "loss_per_dim" was ignored as its type "<class 'list'>" is not handled by this wrapper.
DEBUG 2026-06-14 04:32:36 re/_trace.py:47 close.started
DEBUG 2026-06-14 04:32:36 re/_trace.py:47 close.complete
DEBUG 2026-06-14 04:32:36 re/_trace.py:47 close.started
DEBUG 2026-06-14 04:32:36 re/_trace.py:47 close.complete
DEBUG 2026-06-14 04:32:37 re/_trace.py:47 close.started
DEBUG 2026-06-14 04:32:37 re/_trace.py:47 close.complete
DEBUG 2026-06-14 04:32:37 re/_trace.py:47 close.started
DEBUG 2026-06-14 04:32:37 re/_trace.py:47 close.complete
DEBUG 2026-06-14 04:32:37 re/_trace.py:47 close.started
DEBUG 2026-06-14 04:32:37 re/_trace.py:47 close.complete
DEBUG 2026-06-14 04:32:37 re/_trace.py:47 close.started
DEBUG 2026-06-14 04:32:37 re/_trace.py:47 close.complete
DEBUG 2026-06-14 04:32:37 re/_trace.py:47 close.started
DEBUG 2026-06-14 04:32:37 re/_trace.py:47 close.complete
DEBUG 2026-06-14 04:32:37 re/_trace.py:47 close.started
DEBUG 2026-06-14 04:32:37 re/_trace.py:47 close.complete
DEBUG 2026-06-14 04:32:37 re/_trace.py:47 close.started
DEBUG 2026-06-14 04:32:37 re/_trace.py:47 close.complete
DEBUG 2026-06-14 04:32:37 re/_trace.py:47 close.started
DEBUG 2026-06-14 04:32:37 re/_trace.py:47 close.complete
DEBUG 2026-06-14 04:36:17 re/_trace.py:47 close.started
DEBUG 2026-06-14 04:36:17 re/_trace.py:47 close.complete
DEBUG 2026-06-14 04:36:17 re/_trace.py:47 close.started
DEBUG 2026-06-14 04:36:17 re/_trace.py:47 close.complete
DEBUG 2026-06-14 04:36:18 re/_trace.py:47 close.started
DEBUG 2026-06-14 04:36:18 re/_trace.py:47 close.complete
DEBUG 2026-06-14 04:36:18 re/_trace.py:47 close.started
DEBUG 2026-06-14 04:36:18 re/_trace.py:47 close.complete
DEBUG 2026-06-14 04:36:18 re/_trace.py:47 close.started
DEBUG 2026-06-14 04:36:18 re/_trace.py:47 close.complete
DEBUG 2026-06-14 04:36:18 re/_trace.py:47 close.started
DEBUG 2026-06-14 04:36:18 re/_trace.py:47 close.complete
DEBUG 2026-06-14 04:36:18 re/_trace.py:47 close.started
DEBUG 2026-06-14 04:36:18 re/_trace.py:47 close.complete
DEBUG 2026-06-14 04:36:18 re/_trace.py:47 close.started
DEBUG 2026-06-14 04:36:18 re/_trace.py:47 close.complete
DEBUG 2026-06-14 04:36:18 re/_trace.py:47 close.started
DEBUG 2026-06-14 04:36:18 re/_trace.py:47 close.complete
DEBUG 2026-06-14 04:36:18 re/_trace.py:47 close.started
DEBUG 2026-06-14 04:36:18 re/_trace.py:47 close.complete
DEBUG 2026-06-14 04:39:58 re/_trace.py:47 close.started
DEBUG 2026-06-14 04:39:58 re/_trace.py:47 close.complete
DEBUG 2026-06-14 04:39:58 re/_trace.py:47 close.started
DEBUG 2026-06-14 04:39:58 re/_trace.py:47 close.complete
DEBUG 2026-06-14 04:39:58 re/_trace.py:47 close.started
DEBUG 2026-06-14 04:39:58 re/_trace.py:47 close.complete
DEBUG 2026-06-14 04:39:59 re/_trace.py:47 close.started
DEBUG 2026-06-14 04:39:59 re/_trace.py:47 close.complete
DEBUG 2026-06-14 04:39:59 re/_trace.py:47 close.started
DEBUG 2026-06-14 04:39:59 re/_trace.py:47 close.complete
DEBUG 2026-06-14 04:39:59 re/_trace.py:47 close.started
DEBUG 2026-06-14 04:39:59 re/_trace.py:47 close.complete
DEBUG 2026-06-14 04:39:59 re/_trace.py:47 close.started
DEBUG 2026-06-14 04:39:59 re/_trace.py:47 close.complete
DEBUG 2026-06-14 04:39:59 re/_trace.py:47 close.started
DEBUG 2026-06-14 04:39:59 re/_trace.py:47 close.complete
DEBUG 2026-06-14 04:39:59 re/_trace.py:47 close.started
DEBUG 2026-06-14 04:39:59 re/_trace.py:47 close.complete
DEBUG 2026-06-14 04:39:59 re/_trace.py:47 close.started
DEBUG 2026-06-14 04:39:59 re/_trace.py:47 close.complete
DEBUG 2026-06-14 04:43:38 re/_trace.py:47 close.started
DEBUG 2026-06-14 04:43:38 re/_trace.py:47 close.complete
DEBUG 2026-06-14 04:43:38 re/_trace.py:47 close.started
DEBUG 2026-06-14 04:43:38 re/_trace.py:47 close.complete
DEBUG 2026-06-14 04:43:38 re/_trace.py:47 close.started
DEBUG 2026-06-14 04:43:38 re/_trace.py:47 close.complete
DEBUG 2026-06-14 04:43:38 re/_trace.py:47 close.started
DEBUG 2026-06-14 04:43:38 re/_trace.py:47 close.complete
DEBUG 2026-06-14 04:43:38 re/_trace.py:47 close.started
DEBUG 2026-06-14 04:43:38 re/_trace.py:47 close.complete
DEBUG 2026-06-14 04:43:38 re/_trace.py:47 close.started
DEBUG 2026-06-14 04:43:38 re/_trace.py:47 close.complete
DEBUG 2026-06-14 04:43:38 re/_trace.py:47 close.started
DEBUG 2026-06-14 04:43:38 re/_trace.py:47 close.complete
DEBUG 2026-06-14 04:43:38 re/_trace.py:47 close.started
DEBUG 2026-06-14 04:43:38 re/_trace.py:47 close.complete
DEBUG 2026-06-14 04:43:38 re/_trace.py:47 close.started
DEBUG 2026-06-14 04:43:38 re/_trace.py:47 close.complete
DEBUG 2026-06-14 04:43:38 re/_trace.py:47 close.started
DEBUG 2026-06-14 04:43:38 re/_trace.py:47 close.complete
INFO 2026-06-14 04:45:41 ot_train.py:459 step:15K smpl:11M ep:14K epch:289.53 loss:0.003 grdn:0.235 lr:6.2e-05 updt_s:3.585 data_s:0.682
WARNING 2026-06-14 04:45:41 db_utils.py:181 WandB logging of key "loss_per_dim" was ignored as its type "<class 'list'>" is not handled by this wrapper.
INFO 2026-06-14 04:45:41 ot_train.py:479 Checkpoint policy after step 15000
DEBUG 2026-06-14 04:46:13 tionpool.py:289 Resetting dropped connection: api.wandb.ai
DEBUG 2026-06-14 04:46:13 tionpool.py:544 https://api.wandb.ai:443 "POST /graphql HTTP/1.1" 200 None
DEBUG 2026-06-14 04:47:49 re/_trace.py:47 close.started
DEBUG 2026-06-14 04:47:49 re/_trace.py:47 close.complete
DEBUG 2026-06-14 04:47:49 re/_trace.py:47 close.started
DEBUG 2026-06-14 04:47:49 re/_trace.py:47 close.complete
DEBUG 2026-06-14 04:47:49 re/_trace.py:47 close.started
DEBUG 2026-06-14 04:47:49 re/_trace.py:47 close.complete
DEBUG 2026-06-14 04:47:49 re/_trace.py:47 close.started
DEBUG 2026-06-14 04:47:49 re/_trace.py:47 close.complete
DEBUG 2026-06-14 04:47:49 re/_trace.py:47 close.started
DEBUG 2026-06-14 04:47:49 re/_trace.py:47 close.complete
DEBUG 2026-06-14 04:47:49 re/_trace.py:47 close.started
DEBUG 2026-06-14 04:47:49 re/_trace.py:47 close.complete
DEBUG 2026-06-14 04:47:50 re/_trace.py:47 close.started
DEBUG 2026-06-14 04:47:50 re/_trace.py:47 close.complete
DEBUG 2026-06-14 04:47:50 re/_trace.py:47 close.started
DEBUG 2026-06-14 04:47:50 re/_trace.py:47 close.complete
DEBUG 2026-06-14 04:47:50 re/_trace.py:47 close.started
DEBUG 2026-06-14 04:47:50 re/_trace.py:47 close.complete
DEBUG 2026-06-14 04:47:50 re/_trace.py:47 close.started
DEBUG 2026-06-14 04:47:50 re/_trace.py:47 close.complete
DEBUG 2026-06-14 04:51:32 re/_trace.py:47 close.started
DEBUG 2026-06-14 04:51:32 re/_trace.py:47 close.complete
DEBUG 2026-06-14 04:51:32 re/_trace.py:47 close.started
DEBUG 2026-06-14 04:51:32 re/_trace.py:47 close.complete
DEBUG 2026-06-14 04:51:32 re/_trace.py:47 close.started
DEBUG 2026-06-14 04:51:32 re/_trace.py:47 close.complete
DEBUG 2026-06-14 04:51:32 re/_trace.py:47 close.started
DEBUG 2026-06-14 04:51:32 re/_trace.py:47 close.complete
DEBUG 2026-06-14 04:51:33 re/_trace.py:47 close.started
DEBUG 2026-06-14 04:51:33 re/_trace.py:47 close.complete
DEBUG 2026-06-14 04:51:33 re/_trace.py:47 close.started
DEBUG 2026-06-14 04:51:33 re/_trace.py:47 close.complete
DEBUG 2026-06-14 04:51:33 re/_trace.py:47 close.started
DEBUG 2026-06-14 04:51:33 re/_trace.py:47 close.complete
DEBUG 2026-06-14 04:51:33 re/_trace.py:47 close.started
DEBUG 2026-06-14 04:51:33 re/_trace.py:47 close.complete
DEBUG 2026-06-14 04:51:33 re/_trace.py:47 close.started
DEBUG 2026-06-14 04:51:33 re/_trace.py:47 close.complete
DEBUG 2026-06-14 04:51:33 re/_trace.py:47 close.started
DEBUG 2026-06-14 04:51:33 re/_trace.py:47 close.complete
DEBUG 2026-06-14 04:55:11 re/_trace.py:47 close.started
DEBUG 2026-06-14 04:55:11 re/_trace.py:47 close.complete
DEBUG 2026-06-14 04:55:11 re/_trace.py:47 close.started
DEBUG 2026-06-14 04:55:11 re/_trace.py:47 close.complete
DEBUG 2026-06-14 04:55:11 re/_trace.py:47 close.started
DEBUG 2026-06-14 04:55:11 re/_trace.py:47 close.complete
DEBUG 2026-06-14 04:55:11 re/_trace.py:47 close.started
DEBUG 2026-06-14 04:55:11 re/_trace.py:47 close.complete
DEBUG 2026-06-14 04:55:11 re/_trace.py:47 close.started
DEBUG 2026-06-14 04:55:11 re/_trace.py:47 close.complete
DEBUG 2026-06-14 04:55:11 re/_trace.py:47 close.started
DEBUG 2026-06-14 04:55:11 re/_trace.py:47 close.complete
DEBUG 2026-06-14 04:55:11 re/_trace.py:47 close.started
DEBUG 2026-06-14 04:55:11 re/_trace.py:47 close.complete
DEBUG 2026-06-14 04:55:11 re/_trace.py:47 close.started
DEBUG 2026-06-14 04:55:11 re/_trace.py:47 close.complete
DEBUG 2026-06-14 04:55:11 re/_trace.py:47 close.started
DEBUG 2026-06-14 04:55:11 re/_trace.py:47 close.complete
DEBUG 2026-06-14 04:55:12 re/_trace.py:47 close.started
DEBUG 2026-06-14 04:55:12 re/_trace.py:47 close.complete
DEBUG 2026-06-14 04:58:52 re/_trace.py:47 close.started
DEBUG 2026-06-14 04:58:52 re/_trace.py:47 close.complete
DEBUG 2026-06-14 04:58:52 re/_trace.py:47 close.started
DEBUG 2026-06-14 04:58:52 re/_trace.py:47 close.complete
DEBUG 2026-06-14 04:58:52 re/_trace.py:47 close.started
DEBUG 2026-06-14 04:58:52 re/_trace.py:47 close.complete
DEBUG 2026-06-14 04:58:52 re/_trace.py:47 close.started
DEBUG 2026-06-14 04:58:52 re/_trace.py:47 close.complete
DEBUG 2026-06-14 04:58:52 re/_trace.py:47 close.started
DEBUG 2026-06-14 04:58:52 re/_trace.py:47 close.complete
DEBUG 2026-06-14 04:58:52 re/_trace.py:47 close.started
DEBUG 2026-06-14 04:58:52 re/_trace.py:47 close.complete
DEBUG 2026-06-14 04:58:52 re/_trace.py:47 close.started
DEBUG 2026-06-14 04:58:52 re/_trace.py:47 close.complete
DEBUG 2026-06-14 04:58:52 re/_trace.py:47 close.started
DEBUG 2026-06-14 04:58:52 re/_trace.py:47 close.complete
DEBUG 2026-06-14 04:58:52 re/_trace.py:47 close.started
DEBUG 2026-06-14 04:58:52 re/_trace.py:47 close.complete
DEBUG 2026-06-14 04:58:52 re/_trace.py:47 close.started
DEBUG 2026-06-14 04:58:52 re/_trace.py:47 close.complete
INFO 2026-06-14 05:00:28 ot_train.py:459 step:15K smpl:11M ep:15K epch:293.39 loss:0.003 grdn:0.236 lr:6.1e-05 updt_s:3.585 data_s:0.683
WARNING 2026-06-14 05:00:28 db_utils.py:181 WandB logging of key "loss_per_dim" was ignored as its type "<class 'list'>" is not handled by this wrapper.
DEBUG 2026-06-14 05:02:34 re/_trace.py:47 close.started
DEBUG 2026-06-14 05:02:34 re/_trace.py:47 close.complete
DEBUG 2026-06-14 05:02:34 re/_trace.py:47 close.started
DEBUG 2026-06-14 05:02:34 re/_trace.py:47 close.complete
DEBUG 2026-06-14 05:02:34 re/_trace.py:47 close.started
DEBUG 2026-06-14 05:02:34 re/_trace.py:47 close.complete
DEBUG 2026-06-14 05:02:34 re/_trace.py:47 close.started
DEBUG 2026-06-14 05:02:34 re/_trace.py:47 close.complete
DEBUG 2026-06-14 05:02:34 re/_trace.py:47 close.started
DEBUG 2026-06-14 05:02:34 re/_trace.py:47 close.complete
DEBUG 2026-06-14 05:02:34 re/_trace.py:47 close.started
DEBUG 2026-06-14 05:02:34 re/_trace.py:47 close.complete
DEBUG 2026-06-14 05:02:34 re/_trace.py:47 close.started
DEBUG 2026-06-14 05:02:34 re/_trace.py:47 close.complete
DEBUG 2026-06-14 05:02:34 re/_trace.py:47 close.started
DEBUG 2026-06-14 05:02:34 re/_trace.py:47 close.complete
DEBUG 2026-06-14 05:02:34 re/_trace.py:47 close.started
DEBUG 2026-06-14 05:02:34 re/_trace.py:47 close.complete
DEBUG 2026-06-14 05:02:34 re/_trace.py:47 close.started
DEBUG 2026-06-14 05:02:34 re/_trace.py:47 close.complete
DEBUG 2026-06-14 05:06:14 re/_trace.py:47 close.started
DEBUG 2026-06-14 05:06:14 re/_trace.py:47 close.complete
DEBUG 2026-06-14 05:06:14 re/_trace.py:47 close.started
DEBUG 2026-06-14 05:06:14 re/_trace.py:47 close.complete
DEBUG 2026-06-14 05:06:14 re/_trace.py:47 close.started
DEBUG 2026-06-14 05:06:14 re/_trace.py:47 close.complete
DEBUG 2026-06-14 05:06:14 re/_trace.py:47 close.started
DEBUG 2026-06-14 05:06:14 re/_trace.py:47 close.complete
DEBUG 2026-06-14 05:06:14 re/_trace.py:47 close.started
DEBUG 2026-06-14 05:06:14 re/_trace.py:47 close.complete
DEBUG 2026-06-14 05:06:14 re/_trace.py:47 close.started
DEBUG 2026-06-14 05:06:14 re/_trace.py:47 close.complete
DEBUG 2026-06-14 05:06:14 re/_trace.py:47 close.started
DEBUG 2026-06-14 05:06:14 re/_trace.py:47 close.complete
DEBUG 2026-06-14 05:06:14 re/_trace.py:47 close.started
DEBUG 2026-06-14 05:06:14 re/_trace.py:47 close.complete
DEBUG 2026-06-14 05:06:14 re/_trace.py:47 close.started
DEBUG 2026-06-14 05:06:14 re/_trace.py:47 close.complete
DEBUG 2026-06-14 05:06:14 re/_trace.py:47 close.started
DEBUG 2026-06-14 05:06:14 re/_trace.py:47 close.complete
DEBUG 2026-06-14 05:09:53 re/_trace.py:47 close.started
DEBUG 2026-06-14 05:09:53 re/_trace.py:47 close.complete
DEBUG 2026-06-14 05:09:53 re/_trace.py:47 close.started
DEBUG 2026-06-14 05:09:53 re/_trace.py:47 close.complete
DEBUG 2026-06-14 05:09:53 re/_trace.py:47 close.started
DEBUG 2026-06-14 05:09:53 re/_trace.py:47 close.complete
DEBUG 2026-06-14 05:09:54 re/_trace.py:47 close.started
DEBUG 2026-06-14 05:09:54 re/_trace.py:47 close.complete
DEBUG 2026-06-14 05:09:54 re/_trace.py:47 close.started
DEBUG 2026-06-14 05:09:54 re/_trace.py:47 close.complete
DEBUG 2026-06-14 05:09:54 re/_trace.py:47 close.started
DEBUG 2026-06-14 05:09:54 re/_trace.py:47 close.complete
DEBUG 2026-06-14 05:09:54 re/_trace.py:47 close.started
DEBUG 2026-06-14 05:09:54 re/_trace.py:47 close.complete
DEBUG 2026-06-14 05:09:54 re/_trace.py:47 close.started
DEBUG 2026-06-14 05:09:54 re/_trace.py:47 close.complete
DEBUG 2026-06-14 05:09:54 re/_trace.py:47 close.started
DEBUG 2026-06-14 05:09:54 re/_trace.py:47 close.complete
DEBUG 2026-06-14 05:09:54 re/_trace.py:47 close.started
DEBUG 2026-06-14 05:09:54 re/_trace.py:47 close.complete
DEBUG 2026-06-14 05:13:34 re/_trace.py:47 close.started
DEBUG 2026-06-14 05:13:34 re/_trace.py:47 close.complete
DEBUG 2026-06-14 05:13:34 re/_trace.py:47 close.started
DEBUG 2026-06-14 05:13:34 re/_trace.py:47 close.complete
DEBUG 2026-06-14 05:13:34 re/_trace.py:47 close.started
DEBUG 2026-06-14 05:13:34 re/_trace.py:47 close.complete
DEBUG 2026-06-14 05:13:34 re/_trace.py:47 close.started
DEBUG 2026-06-14 05:13:34 re/_trace.py:47 close.complete
DEBUG 2026-06-14 05:13:34 re/_trace.py:47 close.started
DEBUG 2026-06-14 05:13:34 re/_trace.py:47 close.complete
DEBUG 2026-06-14 05:13:34 re/_trace.py:47 close.started
DEBUG 2026-06-14 05:13:34 re/_trace.py:47 close.complete
DEBUG 2026-06-14 05:13:34 re/_trace.py:47 close.started
DEBUG 2026-06-14 05:13:34 re/_trace.py:47 close.complete
DEBUG 2026-06-14 05:13:34 re/_trace.py:47 close.started
DEBUG 2026-06-14 05:13:34 re/_trace.py:47 close.complete
DEBUG 2026-06-14 05:13:34 re/_trace.py:47 close.started
DEBUG 2026-06-14 05:13:34 re/_trace.py:47 close.complete
DEBUG 2026-06-14 05:13:34 re/_trace.py:47 close.started
DEBUG 2026-06-14 05:13:34 re/_trace.py:47 close.complete
INFO 2026-06-14 05:14:37 ot_train.py:459 step:15K smpl:11M ep:15K epch:297.25 loss:0.003 grdn:0.199 lr:5.9e-05 updt_s:3.569 data_s:0.675
WARNING 2026-06-14 05:14:37 db_utils.py:181 WandB logging of key "loss_per_dim" was ignored as its type "<class 'list'>" is not handled by this wrapper.
DEBUG 2026-06-14 05:17:13 re/_trace.py:47 close.started
DEBUG 2026-06-14 05:17:13 re/_trace.py:47 close.complete
DEBUG 2026-06-14 05:17:13 re/_trace.py:47 close.started
DEBUG 2026-06-14 05:17:13 re/_trace.py:47 close.complete
DEBUG 2026-06-14 05:17:13 re/_trace.py:47 close.started
DEBUG 2026-06-14 05:17:13 re/_trace.py:47 close.complete
DEBUG 2026-06-14 05:17:14 re/_trace.py:47 close.started
DEBUG 2026-06-14 05:17:14 re/_trace.py:47 close.complete
DEBUG 2026-06-14 05:17:14 re/_trace.py:47 close.started
DEBUG 2026-06-14 05:17:14 re/_trace.py:47 close.complete
DEBUG 2026-06-14 05:17:14 re/_trace.py:47 close.started
DEBUG 2026-06-14 05:17:14 re/_trace.py:47 close.complete
DEBUG 2026-06-14 05:17:14 re/_trace.py:47 close.started
DEBUG 2026-06-14 05:17:14 re/_trace.py:47 close.complete
DEBUG 2026-06-14 05:17:14 re/_trace.py:47 close.started
DEBUG 2026-06-14 05:17:14 re/_trace.py:47 close.complete
DEBUG 2026-06-14 05:17:14 re/_trace.py:47 close.started
DEBUG 2026-06-14 05:17:14 re/_trace.py:47 close.complete
DEBUG 2026-06-14 05:17:14 re/_trace.py:47 close.started
DEBUG 2026-06-14 05:17:14 re/_trace.py:47 close.complete
DEBUG 2026-06-14 05:20:53 re/_trace.py:47 close.started
DEBUG 2026-06-14 05:20:53 re/_trace.py:47 close.complete
DEBUG 2026-06-14 05:20:53 re/_trace.py:47 close.started
DEBUG 2026-06-14 05:20:53 re/_trace.py:47 close.complete
DEBUG 2026-06-14 05:20:53 re/_trace.py:47 close.started
DEBUG 2026-06-14 05:20:53 re/_trace.py:47 close.complete
DEBUG 2026-06-14 05:20:53 re/_trace.py:47 close.started
DEBUG 2026-06-14 05:20:53 re/_trace.py:47 close.complete
DEBUG 2026-06-14 05:20:53 re/_trace.py:47 close.started
DEBUG 2026-06-14 05:20:53 re/_trace.py:47 close.complete
DEBUG 2026-06-14 05:20:53 re/_trace.py:47 close.started
DEBUG 2026-06-14 05:20:53 re/_trace.py:47 close.complete
DEBUG 2026-06-14 05:20:53 re/_trace.py:47 close.started
DEBUG 2026-06-14 05:20:53 re/_trace.py:47 close.complete
DEBUG 2026-06-14 05:20:53 re/_trace.py:47 close.started
DEBUG 2026-06-14 05:20:53 re/_trace.py:47 close.complete
DEBUG 2026-06-14 05:20:53 re/_trace.py:47 close.started
DEBUG 2026-06-14 05:20:53 re/_trace.py:47 close.complete
DEBUG 2026-06-14 05:20:53 re/_trace.py:47 close.started
DEBUG 2026-06-14 05:20:53 re/_trace.py:47 close.complete
DEBUG 2026-06-14 05:24:31 re/_trace.py:47 close.started
DEBUG 2026-06-14 05:24:31 re/_trace.py:47 close.complete
DEBUG 2026-06-14 05:24:31 re/_trace.py:47 close.started
DEBUG 2026-06-14 05:24:31 re/_trace.py:47 close.complete
DEBUG 2026-06-14 05:24:31 re/_trace.py:47 close.started
DEBUG 2026-06-14 05:24:31 re/_trace.py:47 close.complete
DEBUG 2026-06-14 05:24:31 re/_trace.py:47 close.started
DEBUG 2026-06-14 05:24:31 re/_trace.py:47 close.complete
DEBUG 2026-06-14 05:24:31 re/_trace.py:47 close.started
DEBUG 2026-06-14 05:24:31 re/_trace.py:47 close.complete
DEBUG 2026-06-14 05:24:31 re/_trace.py:47 close.started
DEBUG 2026-06-14 05:24:31 re/_trace.py:47 close.complete
DEBUG 2026-06-14 05:24:31 re/_trace.py:47 close.started
DEBUG 2026-06-14 05:24:31 re/_trace.py:47 close.complete
DEBUG 2026-06-14 05:24:31 re/_trace.py:47 close.started
DEBUG 2026-06-14 05:24:31 re/_trace.py:47 close.complete
DEBUG 2026-06-14 05:24:31 re/_trace.py:47 close.started
DEBUG 2026-06-14 05:24:31 re/_trace.py:47 close.complete
DEBUG 2026-06-14 05:24:31 re/_trace.py:47 close.started
DEBUG 2026-06-14 05:24:31 re/_trace.py:47 close.complete
INFO 2026-06-14 05:28:12 ot_train.py:459 step:16K smpl:11M ep:15K epch:301.11 loss:0.003 grdn:0.208 lr:5.8e-05 updt_s:3.557 data_s:0.514
WARNING 2026-06-14 05:28:12 db_utils.py:181 WandB logging of key "loss_per_dim" was ignored as its type "<class 'list'>" is not handled by this wrapper.
DEBUG 2026-06-14 05:28:12 re/_trace.py:47 close.started
DEBUG 2026-06-14 05:28:12 re/_trace.py:47 close.complete
DEBUG 2026-06-14 05:28:12 re/_trace.py:47 close.started
DEBUG 2026-06-14 05:28:12 re/_trace.py:47 close.complete
DEBUG 2026-06-14 05:28:12 re/_trace.py:47 close.started
DEBUG 2026-06-14 05:28:12 re/_trace.py:47 close.complete
DEBUG 2026-06-14 05:28:12 re/_trace.py:47 close.started
DEBUG 2026-06-14 05:28:12 re/_trace.py:47 close.complete
DEBUG 2026-06-14 05:28:12 re/_trace.py:47 close.started
DEBUG 2026-06-14 05:28:12 re/_trace.py:47 close.complete
DEBUG 2026-06-14 05:28:12 re/_trace.py:47 close.started
DEBUG 2026-06-14 05:28:12 re/_trace.py:47 close.complete
DEBUG 2026-06-14 05:28:12 re/_trace.py:47 close.started
DEBUG 2026-06-14 05:28:12 re/_trace.py:47 close.complete
DEBUG 2026-06-14 05:28:12 re/_trace.py:47 close.started
DEBUG 2026-06-14 05:28:12 re/_trace.py:47 close.complete
DEBUG 2026-06-14 05:28:13 re/_trace.py:47 close.started
DEBUG 2026-06-14 05:28:13 re/_trace.py:47 close.complete
DEBUG 2026-06-14 05:28:13 re/_trace.py:47 close.started
DEBUG 2026-06-14 05:28:13 re/_trace.py:47 close.complete
DEBUG 2026-06-14 05:31:51 re/_trace.py:47 close.started
DEBUG 2026-06-14 05:31:51 re/_trace.py:47 close.complete
DEBUG 2026-06-14 05:31:51 re/_trace.py:47 close.started
DEBUG 2026-06-14 05:31:51 re/_trace.py:47 close.complete
DEBUG 2026-06-14 05:31:51 re/_trace.py:47 close.started
DEBUG 2026-06-14 05:31:51 re/_trace.py:47 close.complete
DEBUG 2026-06-14 05:31:51 re/_trace.py:47 close.started
DEBUG 2026-06-14 05:31:51 re/_trace.py:47 close.complete
DEBUG 2026-06-14 05:31:51 re/_trace.py:47 close.started
DEBUG 2026-06-14 05:31:51 re/_trace.py:47 close.complete
DEBUG 2026-06-14 05:31:51 re/_trace.py:47 close.started
DEBUG 2026-06-14 05:31:51 re/_trace.py:47 close.complete
DEBUG 2026-06-14 05:31:51 re/_trace.py:47 close.started
DEBUG 2026-06-14 05:31:51 re/_trace.py:47 close.complete
DEBUG 2026-06-14 05:31:51 re/_trace.py:47 close.started
DEBUG 2026-06-14 05:31:51 re/_trace.py:47 close.complete
DEBUG 2026-06-14 05:31:51 re/_trace.py:47 close.started
DEBUG 2026-06-14 05:31:51 re/_trace.py:47 close.complete
DEBUG 2026-06-14 05:31:51 re/_trace.py:47 close.started
DEBUG 2026-06-14 05:31:51 re/_trace.py:47 close.complete
DEBUG 2026-06-14 05:35:33 re/_trace.py:47 close.started
DEBUG 2026-06-14 05:35:33 re/_trace.py:47 close.complete
DEBUG 2026-06-14 05:35:33 re/_trace.py:47 close.started
DEBUG 2026-06-14 05:35:33 re/_trace.py:47 close.complete
DEBUG 2026-06-14 05:35:33 re/_trace.py:47 close.started
DEBUG 2026-06-14 05:35:33 re/_trace.py:47 close.complete
DEBUG 2026-06-14 05:35:33 re/_trace.py:47 close.started
DEBUG 2026-06-14 05:35:33 re/_trace.py:47 close.complete
DEBUG 2026-06-14 05:35:33 re/_trace.py:47 close.started
DEBUG 2026-06-14 05:35:33 re/_trace.py:47 close.complete
DEBUG 2026-06-14 05:35:33 re/_trace.py:47 close.started
DEBUG 2026-06-14 05:35:33 re/_trace.py:47 close.complete
DEBUG 2026-06-14 05:35:34 re/_trace.py:47 close.started
DEBUG 2026-06-14 05:35:34 re/_trace.py:47 close.complete
DEBUG 2026-06-14 05:35:34 re/_trace.py:47 close.started
DEBUG 2026-06-14 05:35:34 re/_trace.py:47 close.complete
DEBUG 2026-06-14 05:35:34 re/_trace.py:47 close.started
DEBUG 2026-06-14 05:35:34 re/_trace.py:47 close.complete
DEBUG 2026-06-14 05:35:34 re/_trace.py:47 close.started
DEBUG 2026-06-14 05:35:34 re/_trace.py:47 close.complete
DEBUG 2026-06-14 05:39:12 re/_trace.py:47 close.started
DEBUG 2026-06-14 05:39:12 re/_trace.py:47 close.complete
DEBUG 2026-06-14 05:39:12 re/_trace.py:47 close.started
DEBUG 2026-06-14 05:39:12 re/_trace.py:47 close.complete
DEBUG 2026-06-14 05:39:12 re/_trace.py:47 close.started
DEBUG 2026-06-14 05:39:12 re/_trace.py:47 close.complete
DEBUG 2026-06-14 05:39:12 re/_trace.py:47 close.started
DEBUG 2026-06-14 05:39:12 re/_trace.py:47 close.complete
DEBUG 2026-06-14 05:39:12 re/_trace.py:47 close.started
DEBUG 2026-06-14 05:39:12 re/_trace.py:47 close.complete
DEBUG 2026-06-14 05:39:12 re/_trace.py:47 close.started
DEBUG 2026-06-14 05:39:12 re/_trace.py:47 close.complete
DEBUG 2026-06-14 05:39:12 re/_trace.py:47 close.started
DEBUG 2026-06-14 05:39:12 re/_trace.py:47 close.complete
DEBUG 2026-06-14 05:39:12 re/_trace.py:47 close.started
DEBUG 2026-06-14 05:39:12 re/_trace.py:47 close.complete
DEBUG 2026-06-14 05:39:12 re/_trace.py:47 close.started
DEBUG 2026-06-14 05:39:12 re/_trace.py:47 close.complete
DEBUG 2026-06-14 05:39:12 re/_trace.py:47 close.started
DEBUG 2026-06-14 05:39:12 re/_trace.py:47 close.complete
INFO 2026-06-14 05:42:24 ot_train.py:459 step:16K smpl:11M ep:15K epch:304.97 loss:0.003 grdn:0.203 lr:5.7e-05 updt_s:3.576 data_s:0.678
WARNING 2026-06-14 05:42:24 db_utils.py:181 WandB logging of key "loss_per_dim" was ignored as its type "<class 'list'>" is not handled by this wrapper.
DEBUG 2026-06-14 05:42:52 re/_trace.py:47 close.started
DEBUG 2026-06-14 05:42:52 re/_trace.py:47 close.complete
DEBUG 2026-06-14 05:42:52 re/_trace.py:47 close.started
DEBUG 2026-06-14 05:42:52 re/_trace.py:47 close.complete
DEBUG 2026-06-14 05:42:52 re/_trace.py:47 close.started
DEBUG 2026-06-14 05:42:52 re/_trace.py:47 close.complete
DEBUG 2026-06-14 05:42:52 re/_trace.py:47 close.started
DEBUG 2026-06-14 05:42:52 re/_trace.py:47 close.complete
DEBUG 2026-06-14 05:42:52 re/_trace.py:47 close.started
DEBUG 2026-06-14 05:42:52 re/_trace.py:47 close.complete
DEBUG 2026-06-14 05:42:52 re/_trace.py:47 close.started
DEBUG 2026-06-14 05:42:52 re/_trace.py:47 close.complete
DEBUG 2026-06-14 05:42:52 re/_trace.py:47 close.started
DEBUG 2026-06-14 05:42:52 re/_trace.py:47 close.complete
DEBUG 2026-06-14 05:42:52 re/_trace.py:47 close.started
DEBUG 2026-06-14 05:42:52 re/_trace.py:47 close.complete
DEBUG 2026-06-14 05:42:52 re/_trace.py:47 close.started
DEBUG 2026-06-14 05:42:52 re/_trace.py:47 close.complete
DEBUG 2026-06-14 05:42:52 re/_trace.py:47 close.started
DEBUG 2026-06-14 05:42:52 re/_trace.py:47 close.complete
DEBUG 2026-06-14 05:46:32 re/_trace.py:47 close.started
DEBUG 2026-06-14 05:46:32 re/_trace.py:47 close.complete
DEBUG 2026-06-14 05:46:32 re/_trace.py:47 close.started
DEBUG 2026-06-14 05:46:32 re/_trace.py:47 close.complete
DEBUG 2026-06-14 05:46:32 re/_trace.py:47 close.started
DEBUG 2026-06-14 05:46:32 re/_trace.py:47 close.complete
DEBUG 2026-06-14 05:46:32 re/_trace.py:47 close.started
DEBUG 2026-06-14 05:46:32 re/_trace.py:47 close.complete
DEBUG 2026-06-14 05:46:32 re/_trace.py:47 close.started
DEBUG 2026-06-14 05:46:32 re/_trace.py:47 close.complete
DEBUG 2026-06-14 05:46:32 re/_trace.py:47 close.started
DEBUG 2026-06-14 05:46:32 re/_trace.py:47 close.complete
DEBUG 2026-06-14 05:46:32 re/_trace.py:47 close.started
DEBUG 2026-06-14 05:46:32 re/_trace.py:47 close.complete
DEBUG 2026-06-14 05:46:32 re/_trace.py:47 close.started
DEBUG 2026-06-14 05:46:32 re/_trace.py:47 close.complete
DEBUG 2026-06-14 05:46:32 re/_trace.py:47 close.started
DEBUG 2026-06-14 05:46:32 re/_trace.py:47 close.complete
DEBUG 2026-06-14 05:46:32 re/_trace.py:47 close.started
DEBUG 2026-06-14 05:46:32 re/_trace.py:47 close.complete
DEBUG 2026-06-14 05:50:12 re/_trace.py:47 close.started
DEBUG 2026-06-14 05:50:12 re/_trace.py:47 close.complete
DEBUG 2026-06-14 05:50:12 re/_trace.py:47 close.started
DEBUG 2026-06-14 05:50:12 re/_trace.py:47 close.complete
DEBUG 2026-06-14 05:50:12 re/_trace.py:47 close.started
DEBUG 2026-06-14 05:50:12 re/_trace.py:47 close.complete
DEBUG 2026-06-14 05:50:12 re/_trace.py:47 close.started
DEBUG 2026-06-14 05:50:12 re/_trace.py:47 close.complete
DEBUG 2026-06-14 05:50:12 re/_trace.py:47 close.started
DEBUG 2026-06-14 05:50:12 re/_trace.py:47 close.complete
DEBUG 2026-06-14 05:50:12 re/_trace.py:47 close.started
DEBUG 2026-06-14 05:50:12 re/_trace.py:47 close.complete
DEBUG 2026-06-14 05:50:12 re/_trace.py:47 close.started
DEBUG 2026-06-14 05:50:12 re/_trace.py:47 close.complete
DEBUG 2026-06-14 05:50:12 re/_trace.py:47 close.started
DEBUG 2026-06-14 05:50:12 re/_trace.py:47 close.complete
DEBUG 2026-06-14 05:50:12 re/_trace.py:47 close.started
DEBUG 2026-06-14 05:50:12 re/_trace.py:47 close.complete
DEBUG 2026-06-14 05:50:12 re/_trace.py:47 close.started
DEBUG 2026-06-14 05:50:12 re/_trace.py:47 close.complete
DEBUG 2026-06-14 05:53:52 re/_trace.py:47 close.started
DEBUG 2026-06-14 05:53:52 re/_trace.py:47 close.complete
DEBUG 2026-06-14 05:53:52 re/_trace.py:47 close.started
DEBUG 2026-06-14 05:53:52 re/_trace.py:47 close.complete
DEBUG 2026-06-14 05:53:52 re/_trace.py:47 close.started
DEBUG 2026-06-14 05:53:52 re/_trace.py:47 close.complete
DEBUG 2026-06-14 05:53:52 re/_trace.py:47 close.started
DEBUG 2026-06-14 05:53:52 re/_trace.py:47 close.complete
DEBUG 2026-06-14 05:53:52 re/_trace.py:47 close.started
DEBUG 2026-06-14 05:53:52 re/_trace.py:47 close.complete
DEBUG 2026-06-14 05:53:52 re/_trace.py:47 close.started
DEBUG 2026-06-14 05:53:52 re/_trace.py:47 close.complete
DEBUG 2026-06-14 05:53:52 re/_trace.py:47 close.started
DEBUG 2026-06-14 05:53:52 re/_trace.py:47 close.complete
DEBUG 2026-06-14 05:53:52 re/_trace.py:47 close.started
DEBUG 2026-06-14 05:53:52 re/_trace.py:47 close.complete
DEBUG 2026-06-14 05:53:53 re/_trace.py:47 close.started
DEBUG 2026-06-14 05:53:53 re/_trace.py:47 close.complete
DEBUG 2026-06-14 05:53:53 re/_trace.py:47 close.started
DEBUG 2026-06-14 05:53:53 re/_trace.py:47 close.complete
INFO 2026-06-14 05:56:36 ot_train.py:459 step:16K smpl:11M ep:15K epch:308.83 loss:0.003 grdn:0.212 lr:5.6e-05 updt_s:3.594 data_s:0.660
WARNING 2026-06-14 05:56:36 db_utils.py:181 WandB logging of key "loss_per_dim" was ignored as its type "<class 'list'>" is not handled by this wrapper.
DEBUG 2026-06-14 05:57:31 re/_trace.py:47 close.started
DEBUG 2026-06-14 05:57:31 re/_trace.py:47 close.complete
DEBUG 2026-06-14 05:57:31 re/_trace.py:47 close.started
DEBUG 2026-06-14 05:57:31 re/_trace.py:47 close.complete
DEBUG 2026-06-14 05:57:31 re/_trace.py:47 close.started
DEBUG 2026-06-14 05:57:31 re/_trace.py:47 close.complete
DEBUG 2026-06-14 05:57:31 re/_trace.py:47 close.started
DEBUG 2026-06-14 05:57:31 re/_trace.py:47 close.complete
DEBUG 2026-06-14 05:57:31 re/_trace.py:47 close.started
DEBUG 2026-06-14 05:57:31 re/_trace.py:47 close.complete
DEBUG 2026-06-14 05:57:32 re/_trace.py:47 close.started
DEBUG 2026-06-14 05:57:32 re/_trace.py:47 close.complete
DEBUG 2026-06-14 05:57:32 re/_trace.py:47 close.started
DEBUG 2026-06-14 05:57:32 re/_trace.py:47 close.complete
DEBUG 2026-06-14 05:57:32 re/_trace.py:47 close.started
DEBUG 2026-06-14 05:57:32 re/_trace.py:47 close.complete
DEBUG 2026-06-14 05:57:32 re/_trace.py:47 close.started
DEBUG 2026-06-14 05:57:32 re/_trace.py:47 close.complete
DEBUG 2026-06-14 05:57:32 re/_trace.py:47 close.started
DEBUG 2026-06-14 05:57:32 re/_trace.py:47 close.complete
DEBUG 2026-06-14 06:01:12 re/_trace.py:47 close.started
DEBUG 2026-06-14 06:01:12 re/_trace.py:47 close.complete
DEBUG 2026-06-14 06:01:12 re/_trace.py:47 close.started
DEBUG 2026-06-14 06:01:12 re/_trace.py:47 close.complete
DEBUG 2026-06-14 06:01:12 re/_trace.py:47 close.started
DEBUG 2026-06-14 06:01:12 re/_trace.py:47 close.complete
DEBUG 2026-06-14 06:01:12 re/_trace.py:47 close.started
DEBUG 2026-06-14 06:01:12 re/_trace.py:47 close.complete
DEBUG 2026-06-14 06:01:12 re/_trace.py:47 close.started
DEBUG 2026-06-14 06:01:12 re/_trace.py:47 close.complete
DEBUG 2026-06-14 06:01:12 re/_trace.py:47 close.started
DEBUG 2026-06-14 06:01:12 re/_trace.py:47 close.complete
DEBUG 2026-06-14 06:01:12 re/_trace.py:47 close.started
DEBUG 2026-06-14 06:01:12 re/_trace.py:47 close.complete
DEBUG 2026-06-14 06:01:12 re/_trace.py:47 close.started
DEBUG 2026-06-14 06:01:12 re/_trace.py:47 close.complete
DEBUG 2026-06-14 06:01:12 re/_trace.py:47 close.started
DEBUG 2026-06-14 06:01:12 re/_trace.py:47 close.complete
DEBUG 2026-06-14 06:01:12 re/_trace.py:47 close.started
DEBUG 2026-06-14 06:01:12 re/_trace.py:47 close.complete
DEBUG 2026-06-14 06:04:54 re/_trace.py:47 close.started
DEBUG 2026-06-14 06:04:54 re/_trace.py:47 close.complete
DEBUG 2026-06-14 06:04:54 re/_trace.py:47 close.started
DEBUG 2026-06-14 06:04:54 re/_trace.py:47 close.complete
DEBUG 2026-06-14 06:04:54 re/_trace.py:47 close.started
DEBUG 2026-06-14 06:04:54 re/_trace.py:47 close.complete
DEBUG 2026-06-14 06:04:54 re/_trace.py:47 close.started
DEBUG 2026-06-14 06:04:54 re/_trace.py:47 close.complete
DEBUG 2026-06-14 06:04:54 re/_trace.py:47 close.started
DEBUG 2026-06-14 06:04:54 re/_trace.py:47 close.complete
DEBUG 2026-06-14 06:04:54 re/_trace.py:47 close.started
DEBUG 2026-06-14 06:04:54 re/_trace.py:47 close.complete
DEBUG 2026-06-14 06:04:54 re/_trace.py:47 close.started
DEBUG 2026-06-14 06:04:54 re/_trace.py:47 close.complete
DEBUG 2026-06-14 06:04:54 re/_trace.py:47 close.started
DEBUG 2026-06-14 06:04:54 re/_trace.py:47 close.complete
DEBUG 2026-06-14 06:04:54 re/_trace.py:47 close.started
DEBUG 2026-06-14 06:04:54 re/_trace.py:47 close.complete
DEBUG 2026-06-14 06:04:55 re/_trace.py:47 close.started
DEBUG 2026-06-14 06:04:55 re/_trace.py:47 close.complete
DEBUG 2026-06-14 06:08:34 re/_trace.py:47 close.started
DEBUG 2026-06-14 06:08:34 re/_trace.py:47 close.complete
DEBUG 2026-06-14 06:08:34 re/_trace.py:47 close.started
DEBUG 2026-06-14 06:08:34 re/_trace.py:47 close.complete
DEBUG 2026-06-14 06:08:34 re/_trace.py:47 close.started
DEBUG 2026-06-14 06:08:34 re/_trace.py:47 close.complete
DEBUG 2026-06-14 06:08:34 re/_trace.py:47 close.started
DEBUG 2026-06-14 06:08:34 re/_trace.py:47 close.complete
DEBUG 2026-06-14 06:08:34 re/_trace.py:47 close.started
DEBUG 2026-06-14 06:08:34 re/_trace.py:47 close.complete
DEBUG 2026-06-14 06:08:34 re/_trace.py:47 close.started
DEBUG 2026-06-14 06:08:34 re/_trace.py:47 close.complete
DEBUG 2026-06-14 06:08:34 re/_trace.py:47 close.started
DEBUG 2026-06-14 06:08:34 re/_trace.py:47 close.complete
DEBUG 2026-06-14 06:08:34 re/_trace.py:47 close.started
DEBUG 2026-06-14 06:08:34 re/_trace.py:47 close.complete
DEBUG 2026-06-14 06:08:34 re/_trace.py:47 close.started
DEBUG 2026-06-14 06:08:34 re/_trace.py:47 close.complete
DEBUG 2026-06-14 06:08:34 re/_trace.py:47 close.started
DEBUG 2026-06-14 06:08:34 re/_trace.py:47 close.complete
INFO 2026-06-14 06:10:53 ot_train.py:459 step:16K smpl:11M ep:16K epch:312.69 loss:0.003 grdn:0.200 lr:5.4e-05 updt_s:3.615 data_s:0.669
WARNING 2026-06-14 06:10:53 db_utils.py:181 WandB logging of key "loss_per_dim" was ignored as its type "<class 'list'>" is not handled by this wrapper.
DEBUG 2026-06-14 06:12:17 re/_trace.py:47 close.started
DEBUG 2026-06-14 06:12:17 re/_trace.py:47 close.complete
DEBUG 2026-06-14 06:12:17 re/_trace.py:47 close.started
DEBUG 2026-06-14 06:12:17 re/_trace.py:47 close.complete
DEBUG 2026-06-14 06:12:17 re/_trace.py:47 close.started
DEBUG 2026-06-14 06:12:17 re/_trace.py:47 close.complete
DEBUG 2026-06-14 06:12:17 re/_trace.py:47 close.started
DEBUG 2026-06-14 06:12:17 re/_trace.py:47 close.complete
DEBUG 2026-06-14 06:12:17 re/_trace.py:47 close.started
DEBUG 2026-06-14 06:12:17 re/_trace.py:47 close.complete
DEBUG 2026-06-14 06:12:17 re/_trace.py:47 close.started
DEBUG 2026-06-14 06:12:17 re/_trace.py:47 close.complete
DEBUG 2026-06-14 06:12:17 re/_trace.py:47 close.started
DEBUG 2026-06-14 06:12:17 re/_trace.py:47 close.complete
DEBUG 2026-06-14 06:12:17 re/_trace.py:47 close.started
DEBUG 2026-06-14 06:12:17 re/_trace.py:47 close.complete
DEBUG 2026-06-14 06:12:17 re/_trace.py:47 close.started
DEBUG 2026-06-14 06:12:17 re/_trace.py:47 close.complete
DEBUG 2026-06-14 06:12:17 re/_trace.py:47 close.started
DEBUG 2026-06-14 06:12:17 re/_trace.py:47 close.complete
DEBUG 2026-06-14 06:15:57 re/_trace.py:47 close.started
DEBUG 2026-06-14 06:15:57 re/_trace.py:47 close.complete
DEBUG 2026-06-14 06:15:57 re/_trace.py:47 close.started
DEBUG 2026-06-14 06:15:57 re/_trace.py:47 close.complete
DEBUG 2026-06-14 06:15:57 re/_trace.py:47 close.started
DEBUG 2026-06-14 06:15:57 re/_trace.py:47 close.complete
DEBUG 2026-06-14 06:15:57 re/_trace.py:47 close.started
DEBUG 2026-06-14 06:15:57 re/_trace.py:47 close.complete
DEBUG 2026-06-14 06:15:57 re/_trace.py:47 close.started
DEBUG 2026-06-14 06:15:57 re/_trace.py:47 close.complete
DEBUG 2026-06-14 06:15:57 re/_trace.py:47 close.started
DEBUG 2026-06-14 06:15:57 re/_trace.py:47 close.complete
DEBUG 2026-06-14 06:15:57 re/_trace.py:47 close.started
DEBUG 2026-06-14 06:15:57 re/_trace.py:47 close.complete
DEBUG 2026-06-14 06:15:57 re/_trace.py:47 close.started
DEBUG 2026-06-14 06:15:57 re/_trace.py:47 close.complete
DEBUG 2026-06-14 06:15:57 re/_trace.py:47 close.started
DEBUG 2026-06-14 06:15:57 re/_trace.py:47 close.complete
DEBUG 2026-06-14 06:15:57 re/_trace.py:47 close.started
DEBUG 2026-06-14 06:15:57 re/_trace.py:47 close.complete
DEBUG 2026-06-14 06:19:37 re/_trace.py:47 close.started
DEBUG 2026-06-14 06:19:37 re/_trace.py:47 close.complete
DEBUG 2026-06-14 06:19:37 re/_trace.py:47 close.started
DEBUG 2026-06-14 06:19:37 re/_trace.py:47 close.complete
DEBUG 2026-06-14 06:19:37 re/_trace.py:47 close.started
DEBUG 2026-06-14 06:19:37 re/_trace.py:47 close.complete
DEBUG 2026-06-14 06:19:37 re/_trace.py:47 close.started
DEBUG 2026-06-14 06:19:37 re/_trace.py:47 close.complete
DEBUG 2026-06-14 06:19:37 re/_trace.py:47 close.started
DEBUG 2026-06-14 06:19:37 re/_trace.py:47 close.complete
DEBUG 2026-06-14 06:19:37 re/_trace.py:47 close.started
DEBUG 2026-06-14 06:19:37 re/_trace.py:47 close.complete
DEBUG 2026-06-14 06:19:37 re/_trace.py:47 close.started
DEBUG 2026-06-14 06:19:37 re/_trace.py:47 close.complete
DEBUG 2026-06-14 06:19:37 re/_trace.py:47 close.started
DEBUG 2026-06-14 06:19:37 re/_trace.py:47 close.complete
DEBUG 2026-06-14 06:19:37 re/_trace.py:47 close.started
DEBUG 2026-06-14 06:19:37 re/_trace.py:47 close.complete
DEBUG 2026-06-14 06:19:37 re/_trace.py:47 close.started
DEBUG 2026-06-14 06:19:37 re/_trace.py:47 close.complete
DEBUG 2026-06-14 06:23:17 re/_trace.py:47 close.started
DEBUG 2026-06-14 06:23:17 re/_trace.py:47 close.complete
DEBUG 2026-06-14 06:23:17 re/_trace.py:47 close.started
DEBUG 2026-06-14 06:23:17 re/_trace.py:47 close.complete
DEBUG 2026-06-14 06:23:17 re/_trace.py:47 close.started
DEBUG 2026-06-14 06:23:17 re/_trace.py:47 close.complete
DEBUG 2026-06-14 06:23:17 re/_trace.py:47 close.started
DEBUG 2026-06-14 06:23:17 re/_trace.py:47 close.complete
DEBUG 2026-06-14 06:23:17 re/_trace.py:47 close.started
DEBUG 2026-06-14 06:23:17 re/_trace.py:47 close.complete
DEBUG 2026-06-14 06:23:17 re/_trace.py:47 close.started
DEBUG 2026-06-14 06:23:17 re/_trace.py:47 close.complete
DEBUG 2026-06-14 06:23:17 re/_trace.py:47 close.started
DEBUG 2026-06-14 06:23:17 re/_trace.py:47 close.complete
DEBUG 2026-06-14 06:23:17 re/_trace.py:47 close.started
DEBUG 2026-06-14 06:23:17 re/_trace.py:47 close.complete
DEBUG 2026-06-14 06:23:17 re/_trace.py:47 close.started
DEBUG 2026-06-14 06:23:17 re/_trace.py:47 close.complete
DEBUG 2026-06-14 06:23:17 re/_trace.py:47 close.started
DEBUG 2026-06-14 06:23:17 re/_trace.py:47 close.complete
INFO 2026-06-14 06:25:04 ot_train.py:459 step:16K smpl:12M ep:16K epch:316.55 loss:0.003 grdn:0.217 lr:5.3e-05 updt_s:3.569 data_s:0.679
WARNING 2026-06-14 06:25:04 db_utils.py:181 WandB logging of key "loss_per_dim" was ignored as its type "<class 'list'>" is not handled by this wrapper.
DEBUG 2026-06-14 06:26:56 re/_trace.py:47 close.started
DEBUG 2026-06-14 06:26:56 re/_trace.py:47 close.complete
DEBUG 2026-06-14 06:26:56 re/_trace.py:47 close.started
DEBUG 2026-06-14 06:26:56 re/_trace.py:47 close.complete
DEBUG 2026-06-14 06:26:56 re/_trace.py:47 close.started
DEBUG 2026-06-14 06:26:56 re/_trace.py:47 close.complete
DEBUG 2026-06-14 06:26:56 re/_trace.py:47 close.started
DEBUG 2026-06-14 06:26:56 re/_trace.py:47 close.complete
DEBUG 2026-06-14 06:26:56 re/_trace.py:47 close.started
DEBUG 2026-06-14 06:26:56 re/_trace.py:47 close.complete
DEBUG 2026-06-14 06:26:56 re/_trace.py:47 close.started
DEBUG 2026-06-14 06:26:56 re/_trace.py:47 close.complete
DEBUG 2026-06-14 06:26:56 re/_trace.py:47 close.started
DEBUG 2026-06-14 06:26:56 re/_trace.py:47 close.complete
DEBUG 2026-06-14 06:26:56 re/_trace.py:47 close.started
DEBUG 2026-06-14 06:26:56 re/_trace.py:47 close.complete
DEBUG 2026-06-14 06:26:56 re/_trace.py:47 close.started
DEBUG 2026-06-14 06:26:56 re/_trace.py:47 close.complete
DEBUG 2026-06-14 06:26:56 re/_trace.py:47 close.started
DEBUG 2026-06-14 06:26:56 re/_trace.py:47 close.complete
DEBUG 2026-06-14 06:30:37 re/_trace.py:47 close.started
DEBUG 2026-06-14 06:30:37 re/_trace.py:47 close.complete
DEBUG 2026-06-14 06:30:37 re/_trace.py:47 close.started
DEBUG 2026-06-14 06:30:37 re/_trace.py:47 close.complete
DEBUG 2026-06-14 06:30:37 re/_trace.py:47 close.started
DEBUG 2026-06-14 06:30:37 re/_trace.py:47 close.complete
DEBUG 2026-06-14 06:30:37 re/_trace.py:47 close.started
DEBUG 2026-06-14 06:30:37 re/_trace.py:47 close.complete
DEBUG 2026-06-14 06:30:37 re/_trace.py:47 close.started
DEBUG 2026-06-14 06:30:37 re/_trace.py:47 close.complete
DEBUG 2026-06-14 06:30:37 re/_trace.py:47 close.started
DEBUG 2026-06-14 06:30:37 re/_trace.py:47 close.complete
DEBUG 2026-06-14 06:30:37 re/_trace.py:47 close.started
DEBUG 2026-06-14 06:30:37 re/_trace.py:47 close.complete
DEBUG 2026-06-14 06:30:37 re/_trace.py:47 close.started
DEBUG 2026-06-14 06:30:37 re/_trace.py:47 close.complete
DEBUG 2026-06-14 06:30:37 re/_trace.py:47 close.started
DEBUG 2026-06-14 06:30:37 re/_trace.py:47 close.complete
DEBUG 2026-06-14 06:30:37 re/_trace.py:47 close.started
DEBUG 2026-06-14 06:30:37 re/_trace.py:47 close.complete
DEBUG 2026-06-14 06:34:16 re/_trace.py:47 close.started
DEBUG 2026-06-14 06:34:16 re/_trace.py:47 close.complete
DEBUG 2026-06-14 06:34:16 re/_trace.py:47 close.started
DEBUG 2026-06-14 06:34:16 re/_trace.py:47 close.complete
DEBUG 2026-06-14 06:34:16 re/_trace.py:47 close.started
DEBUG 2026-06-14 06:34:16 re/_trace.py:47 close.complete
DEBUG 2026-06-14 06:34:16 re/_trace.py:47 close.started
DEBUG 2026-06-14 06:34:16 re/_trace.py:47 close.complete
DEBUG 2026-06-14 06:34:16 re/_trace.py:47 close.started
DEBUG 2026-06-14 06:34:16 re/_trace.py:47 close.complete
DEBUG 2026-06-14 06:34:16 re/_trace.py:47 close.started
DEBUG 2026-06-14 06:34:16 re/_trace.py:47 close.complete
DEBUG 2026-06-14 06:34:16 re/_trace.py:47 close.started
DEBUG 2026-06-14 06:34:16 re/_trace.py:47 close.complete
DEBUG 2026-06-14 06:34:16 re/_trace.py:47 close.started
DEBUG 2026-06-14 06:34:16 re/_trace.py:47 close.complete
DEBUG 2026-06-14 06:34:16 re/_trace.py:47 close.started
DEBUG 2026-06-14 06:34:16 re/_trace.py:47 close.complete
DEBUG 2026-06-14 06:34:16 re/_trace.py:47 close.started
DEBUG 2026-06-14 06:34:16 re/_trace.py:47 close.complete
DEBUG 2026-06-14 06:37:55 re/_trace.py:47 close.started
DEBUG 2026-06-14 06:37:55 re/_trace.py:47 close.complete
DEBUG 2026-06-14 06:37:55 re/_trace.py:47 close.started
DEBUG 2026-06-14 06:37:55 re/_trace.py:47 close.complete
DEBUG 2026-06-14 06:37:55 re/_trace.py:47 close.started
DEBUG 2026-06-14 06:37:55 re/_trace.py:47 close.complete
DEBUG 2026-06-14 06:37:55 re/_trace.py:47 close.started
DEBUG 2026-06-14 06:37:55 re/_trace.py:47 close.complete
DEBUG 2026-06-14 06:37:55 re/_trace.py:47 close.started
DEBUG 2026-06-14 06:37:55 re/_trace.py:47 close.complete
DEBUG 2026-06-14 06:37:55 re/_trace.py:47 close.started
DEBUG 2026-06-14 06:37:55 re/_trace.py:47 close.complete
DEBUG 2026-06-14 06:37:55 re/_trace.py:47 close.started
DEBUG 2026-06-14 06:37:55 re/_trace.py:47 close.complete
DEBUG 2026-06-14 06:37:55 re/_trace.py:47 close.started
DEBUG 2026-06-14 06:37:55 re/_trace.py:47 close.complete
DEBUG 2026-06-14 06:37:55 re/_trace.py:47 close.started
DEBUG 2026-06-14 06:37:55 re/_trace.py:47 close.complete
DEBUG 2026-06-14 06:37:55 re/_trace.py:47 close.started
DEBUG 2026-06-14 06:37:55 re/_trace.py:47 close.complete
INFO 2026-06-14 06:39:12 ot_train.py:459 step:17K smpl:12M ep:16K epch:320.41 loss:0.003 grdn:0.208 lr:5.2e-05 updt_s:3.555 data_s:0.683
WARNING 2026-06-14 06:39:12 db_utils.py:181 WandB logging of key "loss_per_dim" was ignored as its type "<class 'list'>" is not handled by this wrapper.
DEBUG 2026-06-14 06:41:34 re/_trace.py:47 close.started
DEBUG 2026-06-14 06:41:34 re/_trace.py:47 close.complete
DEBUG 2026-06-14 06:41:34 re/_trace.py:47 close.started
DEBUG 2026-06-14 06:41:34 re/_trace.py:47 close.complete
DEBUG 2026-06-14 06:41:34 re/_trace.py:47 close.started
DEBUG 2026-06-14 06:41:34 re/_trace.py:47 close.complete
DEBUG 2026-06-14 06:41:34 re/_trace.py:47 close.started
DEBUG 2026-06-14 06:41:34 re/_trace.py:47 close.complete
DEBUG 2026-06-14 06:41:34 re/_trace.py:47 close.started
DEBUG 2026-06-14 06:41:34 re/_trace.py:47 close.complete
DEBUG 2026-06-14 06:41:34 re/_trace.py:47 close.started
DEBUG 2026-06-14 06:41:34 re/_trace.py:47 close.complete
DEBUG 2026-06-14 06:41:34 re/_trace.py:47 close.started
DEBUG 2026-06-14 06:41:34 re/_trace.py:47 close.complete
DEBUG 2026-06-14 06:41:35 re/_trace.py:47 close.started
DEBUG 2026-06-14 06:41:35 re/_trace.py:47 close.complete
DEBUG 2026-06-14 06:41:35 re/_trace.py:47 close.started
DEBUG 2026-06-14 06:41:35 re/_trace.py:47 close.complete
DEBUG 2026-06-14 06:41:35 re/_trace.py:47 close.started
DEBUG 2026-06-14 06:41:35 re/_trace.py:47 close.complete
DEBUG 2026-06-14 06:45:15 re/_trace.py:47 close.started
DEBUG 2026-06-14 06:45:15 re/_trace.py:47 close.complete
DEBUG 2026-06-14 06:45:15 re/_trace.py:47 close.started
DEBUG 2026-06-14 06:45:15 re/_trace.py:47 close.complete
DEBUG 2026-06-14 06:45:15 re/_trace.py:47 close.started
DEBUG 2026-06-14 06:45:15 re/_trace.py:47 close.complete
DEBUG 2026-06-14 06:45:15 re/_trace.py:47 close.started
DEBUG 2026-06-14 06:45:15 re/_trace.py:47 close.complete
DEBUG 2026-06-14 06:45:15 re/_trace.py:47 close.started
DEBUG 2026-06-14 06:45:15 re/_trace.py:47 close.complete
DEBUG 2026-06-14 06:45:15 re/_trace.py:47 close.started
DEBUG 2026-06-14 06:45:15 re/_trace.py:47 close.complete
DEBUG 2026-06-14 06:45:15 re/_trace.py:47 close.started
DEBUG 2026-06-14 06:45:15 re/_trace.py:47 close.complete
DEBUG 2026-06-14 06:45:15 re/_trace.py:47 close.started
DEBUG 2026-06-14 06:45:15 re/_trace.py:47 close.complete
DEBUG 2026-06-14 06:45:15 re/_trace.py:47 close.started
DEBUG 2026-06-14 06:45:15 re/_trace.py:47 close.complete
DEBUG 2026-06-14 06:45:15 re/_trace.py:47 close.started
DEBUG 2026-06-14 06:45:15 re/_trace.py:47 close.complete
DEBUG 2026-06-14 06:48:54 re/_trace.py:47 close.started
DEBUG 2026-06-14 06:48:54 re/_trace.py:47 close.complete
DEBUG 2026-06-14 06:48:54 re/_trace.py:47 close.started
DEBUG 2026-06-14 06:48:54 re/_trace.py:47 close.complete
DEBUG 2026-06-14 06:48:54 re/_trace.py:47 close.started
DEBUG 2026-06-14 06:48:54 re/_trace.py:47 close.complete
DEBUG 2026-06-14 06:48:54 re/_trace.py:47 close.started
DEBUG 2026-06-14 06:48:54 re/_trace.py:47 close.complete
DEBUG 2026-06-14 06:48:54 re/_trace.py:47 close.started
DEBUG 2026-06-14 06:48:54 re/_trace.py:47 close.complete
DEBUG 2026-06-14 06:48:54 re/_trace.py:47 close.started
DEBUG 2026-06-14 06:48:54 re/_trace.py:47 close.complete
DEBUG 2026-06-14 06:48:54 re/_trace.py:47 close.started
DEBUG 2026-06-14 06:48:54 re/_trace.py:47 close.complete
DEBUG 2026-06-14 06:48:54 re/_trace.py:47 close.started
DEBUG 2026-06-14 06:48:54 re/_trace.py:47 close.complete
DEBUG 2026-06-14 06:48:54 re/_trace.py:47 close.started
DEBUG 2026-06-14 06:48:54 re/_trace.py:47 close.complete
DEBUG 2026-06-14 06:48:54 re/_trace.py:47 close.started
DEBUG 2026-06-14 06:48:54 re/_trace.py:47 close.complete
DEBUG 2026-06-14 06:52:35 re/_trace.py:47 close.started
DEBUG 2026-06-14 06:52:35 re/_trace.py:47 close.complete
DEBUG 2026-06-14 06:52:35 re/_trace.py:47 close.started
DEBUG 2026-06-14 06:52:35 re/_trace.py:47 close.complete
DEBUG 2026-06-14 06:52:35 re/_trace.py:47 close.started
DEBUG 2026-06-14 06:52:35 re/_trace.py:47 close.complete
DEBUG 2026-06-14 06:52:35 re/_trace.py:47 close.started
DEBUG 2026-06-14 06:52:35 re/_trace.py:47 close.complete
DEBUG 2026-06-14 06:52:35 re/_trace.py:47 close.started
DEBUG 2026-06-14 06:52:35 re/_trace.py:47 close.complete
DEBUG 2026-06-14 06:52:35 re/_trace.py:47 close.started
DEBUG 2026-06-14 06:52:35 re/_trace.py:47 close.complete
DEBUG 2026-06-14 06:52:35 re/_trace.py:47 close.started
DEBUG 2026-06-14 06:52:35 re/_trace.py:47 close.complete
DEBUG 2026-06-14 06:52:35 re/_trace.py:47 close.started
DEBUG 2026-06-14 06:52:35 re/_trace.py:47 close.complete
DEBUG 2026-06-14 06:52:35 re/_trace.py:47 close.started
DEBUG 2026-06-14 06:52:35 re/_trace.py:47 close.complete
DEBUG 2026-06-14 06:52:35 re/_trace.py:47 close.started
DEBUG 2026-06-14 06:52:35 re/_trace.py:47 close.complete
INFO 2026-06-14 06:53:21 ot_train.py:459 step:17K smpl:12M ep:16K epch:324.27 loss:0.002 grdn:0.190 lr:5.1e-05 updt_s:3.575 data_s:0.667
WARNING 2026-06-14 06:53:21 db_utils.py:181 WandB logging of key "loss_per_dim" was ignored as its type "<class 'list'>" is not handled by this wrapper.
DEBUG 2026-06-14 06:56:15 re/_trace.py:47 close.started
DEBUG 2026-06-14 06:56:15 re/_trace.py:47 close.complete
DEBUG 2026-06-14 06:56:15 re/_trace.py:47 close.started
DEBUG 2026-06-14 06:56:15 re/_trace.py:47 close.complete
DEBUG 2026-06-14 06:56:15 re/_trace.py:47 close.started
DEBUG 2026-06-14 06:56:15 re/_trace.py:47 close.complete
DEBUG 2026-06-14 06:56:15 re/_trace.py:47 close.started
DEBUG 2026-06-14 06:56:15 re/_trace.py:47 close.complete
DEBUG 2026-06-14 06:56:15 re/_trace.py:47 close.started
DEBUG 2026-06-14 06:56:15 re/_trace.py:47 close.complete
DEBUG 2026-06-14 06:56:15 re/_trace.py:47 close.started
DEBUG 2026-06-14 06:56:15 re/_trace.py:47 close.complete
DEBUG 2026-06-14 06:56:15 re/_trace.py:47 close.started
DEBUG 2026-06-14 06:56:15 re/_trace.py:47 close.complete
DEBUG 2026-06-14 06:56:15 re/_trace.py:47 close.started
DEBUG 2026-06-14 06:56:15 re/_trace.py:47 close.complete
DEBUG 2026-06-14 06:56:15 re/_trace.py:47 close.started
DEBUG 2026-06-14 06:56:15 re/_trace.py:47 close.complete
DEBUG 2026-06-14 06:56:15 re/_trace.py:47 close.started
DEBUG 2026-06-14 06:56:15 re/_trace.py:47 close.complete
DEBUG 2026-06-14 06:59:55 re/_trace.py:47 close.started
DEBUG 2026-06-14 06:59:55 re/_trace.py:47 close.complete
DEBUG 2026-06-14 06:59:55 re/_trace.py:47 close.started
DEBUG 2026-06-14 06:59:55 re/_trace.py:47 close.complete
DEBUG 2026-06-14 06:59:55 re/_trace.py:47 close.started
DEBUG 2026-06-14 06:59:55 re/_trace.py:47 close.complete
DEBUG 2026-06-14 06:59:55 re/_trace.py:47 close.started
DEBUG 2026-06-14 06:59:55 re/_trace.py:47 close.complete
DEBUG 2026-06-14 06:59:55 re/_trace.py:47 close.started
DEBUG 2026-06-14 06:59:55 re/_trace.py:47 close.complete
DEBUG 2026-06-14 06:59:55 re/_trace.py:47 close.started
DEBUG 2026-06-14 06:59:55 re/_trace.py:47 close.complete
DEBUG 2026-06-14 06:59:55 re/_trace.py:47 close.started
DEBUG 2026-06-14 06:59:55 re/_trace.py:47 close.complete
DEBUG 2026-06-14 06:59:55 re/_trace.py:47 close.started
DEBUG 2026-06-14 06:59:55 re/_trace.py:47 close.complete
DEBUG 2026-06-14 06:59:55 re/_trace.py:47 close.started
DEBUG 2026-06-14 06:59:55 re/_trace.py:47 close.complete
DEBUG 2026-06-14 06:59:55 re/_trace.py:47 close.started
DEBUG 2026-06-14 06:59:55 re/_trace.py:47 close.complete
DEBUG 2026-06-14 07:03:35 re/_trace.py:47 close.started
DEBUG 2026-06-14 07:03:35 re/_trace.py:47 close.complete
DEBUG 2026-06-14 07:03:35 re/_trace.py:47 close.started
DEBUG 2026-06-14 07:03:35 re/_trace.py:47 close.complete
DEBUG 2026-06-14 07:03:36 re/_trace.py:47 close.started
DEBUG 2026-06-14 07:03:36 re/_trace.py:47 close.complete
DEBUG 2026-06-14 07:03:36 re/_trace.py:47 close.started
DEBUG 2026-06-14 07:03:36 re/_trace.py:47 close.complete
DEBUG 2026-06-14 07:03:36 re/_trace.py:47 close.started
DEBUG 2026-06-14 07:03:36 re/_trace.py:47 close.complete
DEBUG 2026-06-14 07:03:36 re/_trace.py:47 close.started
DEBUG 2026-06-14 07:03:36 re/_trace.py:47 close.complete
DEBUG 2026-06-14 07:03:36 re/_trace.py:47 close.started
DEBUG 2026-06-14 07:03:36 re/_trace.py:47 close.complete
DEBUG 2026-06-14 07:03:36 re/_trace.py:47 close.started
DEBUG 2026-06-14 07:03:36 re/_trace.py:47 close.complete
DEBUG 2026-06-14 07:03:36 re/_trace.py:47 close.started
DEBUG 2026-06-14 07:03:36 re/_trace.py:47 close.complete
DEBUG 2026-06-14 07:03:36 re/_trace.py:47 close.started
DEBUG 2026-06-14 07:03:36 re/_trace.py:47 close.complete
INFO 2026-06-14 07:07:00 ot_train.py:459 step:17K smpl:12M ep:16K epch:328.13 loss:0.002 grdn:0.191 lr:5.0e-05 updt_s:3.581 data_s:0.508
WARNING 2026-06-14 07:07:00 db_utils.py:181 WandB logging of key "loss_per_dim" was ignored as its type "<class 'list'>" is not handled by this wrapper.
DEBUG 2026-06-14 07:07:15 re/_trace.py:47 close.started
DEBUG 2026-06-14 07:07:15 re/_trace.py:47 close.complete
DEBUG 2026-06-14 07:07:15 re/_trace.py:47 close.started
DEBUG 2026-06-14 07:07:15 re/_trace.py:47 close.complete
DEBUG 2026-06-14 07:07:15 re/_trace.py:47 close.started
DEBUG 2026-06-14 07:07:15 re/_trace.py:47 close.complete
DEBUG 2026-06-14 07:07:15 re/_trace.py:47 close.started
DEBUG 2026-06-14 07:07:15 re/_trace.py:47 close.complete
DEBUG 2026-06-14 07:07:15 re/_trace.py:47 close.started
DEBUG 2026-06-14 07:07:15 re/_trace.py:47 close.complete
DEBUG 2026-06-14 07:07:15 re/_trace.py:47 close.started
DEBUG 2026-06-14 07:07:15 re/_trace.py:47 close.complete
DEBUG 2026-06-14 07:07:15 re/_trace.py:47 close.started
DEBUG 2026-06-14 07:07:15 re/_trace.py:47 close.complete
DEBUG 2026-06-14 07:07:15 re/_trace.py:47 close.started
DEBUG 2026-06-14 07:07:15 re/_trace.py:47 close.complete
DEBUG 2026-06-14 07:07:15 re/_trace.py:47 close.started
DEBUG 2026-06-14 07:07:15 re/_trace.py:47 close.complete
DEBUG 2026-06-14 07:07:15 re/_trace.py:47 close.started
DEBUG 2026-06-14 07:07:15 re/_trace.py:47 close.complete
DEBUG 2026-06-14 07:10:57 re/_trace.py:47 close.started
DEBUG 2026-06-14 07:10:57 re/_trace.py:47 close.complete
DEBUG 2026-06-14 07:10:57 re/_trace.py:47 close.started
DEBUG 2026-06-14 07:10:57 re/_trace.py:47 close.complete
DEBUG 2026-06-14 07:10:57 re/_trace.py:47 close.started
DEBUG 2026-06-14 07:10:57 re/_trace.py:47 close.complete
DEBUG 2026-06-14 07:10:57 re/_trace.py:47 close.started
DEBUG 2026-06-14 07:10:57 re/_trace.py:47 close.complete
DEBUG 2026-06-14 07:10:57 re/_trace.py:47 close.started
DEBUG 2026-06-14 07:10:57 re/_trace.py:47 close.complete
DEBUG 2026-06-14 07:10:57 re/_trace.py:47 close.started
DEBUG 2026-06-14 07:10:57 re/_trace.py:47 close.complete
DEBUG 2026-06-14 07:10:57 re/_trace.py:47 close.started
DEBUG 2026-06-14 07:10:57 re/_trace.py:47 close.complete
DEBUG 2026-06-14 07:10:57 re/_trace.py:47 close.started
DEBUG 2026-06-14 07:10:57 re/_trace.py:47 close.complete
DEBUG 2026-06-14 07:10:57 re/_trace.py:47 close.started
DEBUG 2026-06-14 07:10:57 re/_trace.py:47 close.complete
DEBUG 2026-06-14 07:10:57 re/_trace.py:47 close.started
DEBUG 2026-06-14 07:10:57 re/_trace.py:47 close.complete
DEBUG 2026-06-14 07:14:36 re/_trace.py:47 close.started
DEBUG 2026-06-14 07:14:36 re/_trace.py:47 close.complete
DEBUG 2026-06-14 07:14:36 re/_trace.py:47 close.started
DEBUG 2026-06-14 07:14:36 re/_trace.py:47 close.complete
DEBUG 2026-06-14 07:14:36 re/_trace.py:47 close.started
DEBUG 2026-06-14 07:14:36 re/_trace.py:47 close.complete
DEBUG 2026-06-14 07:14:36 re/_trace.py:47 close.started
DEBUG 2026-06-14 07:14:36 re/_trace.py:47 close.complete
DEBUG 2026-06-14 07:14:37 re/_trace.py:47 close.started
DEBUG 2026-06-14 07:14:37 re/_trace.py:47 close.complete
DEBUG 2026-06-14 07:14:37 re/_trace.py:47 close.started
DEBUG 2026-06-14 07:14:37 re/_trace.py:47 close.complete
DEBUG 2026-06-14 07:14:37 re/_trace.py:47 close.started
DEBUG 2026-06-14 07:14:37 re/_trace.py:47 close.complete
DEBUG 2026-06-14 07:14:37 re/_trace.py:47 close.started
DEBUG 2026-06-14 07:14:37 re/_trace.py:47 close.complete
DEBUG 2026-06-14 07:14:37 re/_trace.py:47 close.started
DEBUG 2026-06-14 07:14:37 re/_trace.py:47 close.complete
DEBUG 2026-06-14 07:14:37 re/_trace.py:47 close.started
DEBUG 2026-06-14 07:14:37 re/_trace.py:47 close.complete
DEBUG 2026-06-14 07:18:17 re/_trace.py:47 close.started
DEBUG 2026-06-14 07:18:17 re/_trace.py:47 close.complete
DEBUG 2026-06-14 07:18:17 re/_trace.py:47 close.started
DEBUG 2026-06-14 07:18:17 re/_trace.py:47 close.complete
DEBUG 2026-06-14 07:18:17 re/_trace.py:47 close.started
DEBUG 2026-06-14 07:18:17 re/_trace.py:47 close.complete
DEBUG 2026-06-14 07:18:17 re/_trace.py:47 close.started
DEBUG 2026-06-14 07:18:17 re/_trace.py:47 close.complete
DEBUG 2026-06-14 07:18:17 re/_trace.py:47 close.started
DEBUG 2026-06-14 07:18:17 re/_trace.py:47 close.complete
DEBUG 2026-06-14 07:18:18 re/_trace.py:47 close.started
DEBUG 2026-06-14 07:18:18 re/_trace.py:47 close.complete
DEBUG 2026-06-14 07:18:18 re/_trace.py:47 close.started
DEBUG 2026-06-14 07:18:18 re/_trace.py:47 close.complete
DEBUG 2026-06-14 07:18:18 re/_trace.py:47 close.started
DEBUG 2026-06-14 07:18:18 re/_trace.py:47 close.complete
DEBUG 2026-06-14 07:18:18 re/_trace.py:47 close.started
DEBUG 2026-06-14 07:18:18 re/_trace.py:47 close.complete
DEBUG 2026-06-14 07:18:18 re/_trace.py:47 close.started
DEBUG 2026-06-14 07:18:18 re/_trace.py:47 close.complete
INFO 2026-06-14 07:21:15 ot_train.py:459 step:17K smpl:12M ep:17K epch:331.99 loss:0.002 grdn:0.192 lr:4.8e-05 updt_s:3.607 data_s:0.662
WARNING 2026-06-14 07:21:15 db_utils.py:181 WandB logging of key "loss_per_dim" was ignored as its type "<class 'list'>" is not handled by this wrapper.
DEBUG 2026-06-14 07:21:57 re/_trace.py:47 close.started
DEBUG 2026-06-14 07:21:57 re/_trace.py:47 close.complete
DEBUG 2026-06-14 07:21:57 re/_trace.py:47 close.started
DEBUG 2026-06-14 07:21:57 re/_trace.py:47 close.complete
DEBUG 2026-06-14 07:21:57 re/_trace.py:47 close.started
DEBUG 2026-06-14 07:21:57 re/_trace.py:47 close.complete
DEBUG 2026-06-14 07:21:57 re/_trace.py:47 close.started
DEBUG 2026-06-14 07:21:57 re/_trace.py:47 close.complete
DEBUG 2026-06-14 07:21:57 re/_trace.py:47 close.started
DEBUG 2026-06-14 07:21:57 re/_trace.py:47 close.complete
DEBUG 2026-06-14 07:21:57 re/_trace.py:47 close.started
DEBUG 2026-06-14 07:21:57 re/_trace.py:47 close.complete
DEBUG 2026-06-14 07:21:57 re/_trace.py:47 close.started
DEBUG 2026-06-14 07:21:57 re/_trace.py:47 close.complete
DEBUG 2026-06-14 07:21:57 re/_trace.py:47 close.started
DEBUG 2026-06-14 07:21:57 re/_trace.py:47 close.complete
DEBUG 2026-06-14 07:21:57 re/_trace.py:47 close.started
DEBUG 2026-06-14 07:21:57 re/_trace.py:47 close.complete
DEBUG 2026-06-14 07:21:58 re/_trace.py:47 close.started
DEBUG 2026-06-14 07:21:58 re/_trace.py:47 close.complete
DEBUG 2026-06-14 07:25:38 re/_trace.py:47 close.started
DEBUG 2026-06-14 07:25:38 re/_trace.py:47 close.complete
DEBUG 2026-06-14 07:25:38 re/_trace.py:47 close.started
DEBUG 2026-06-14 07:25:38 re/_trace.py:47 close.complete
DEBUG 2026-06-14 07:25:38 re/_trace.py:47 close.started
DEBUG 2026-06-14 07:25:38 re/_trace.py:47 close.complete
DEBUG 2026-06-14 07:25:38 re/_trace.py:47 close.started
DEBUG 2026-06-14 07:25:38 re/_trace.py:47 close.complete
DEBUG 2026-06-14 07:25:38 re/_trace.py:47 close.started
DEBUG 2026-06-14 07:25:38 re/_trace.py:47 close.complete
DEBUG 2026-06-14 07:25:38 re/_trace.py:47 close.started
DEBUG 2026-06-14 07:25:38 re/_trace.py:47 close.complete
DEBUG 2026-06-14 07:25:38 re/_trace.py:47 close.started
DEBUG 2026-06-14 07:25:38 re/_trace.py:47 close.complete
DEBUG 2026-06-14 07:25:38 re/_trace.py:47 close.started
DEBUG 2026-06-14 07:25:38 re/_trace.py:47 close.complete
DEBUG 2026-06-14 07:25:38 re/_trace.py:47 close.started
DEBUG 2026-06-14 07:25:38 re/_trace.py:47 close.complete
DEBUG 2026-06-14 07:25:38 re/_trace.py:47 close.started
DEBUG 2026-06-14 07:25:38 re/_trace.py:47 close.complete
DEBUG 2026-06-14 07:29:18 re/_trace.py:47 close.started
DEBUG 2026-06-14 07:29:18 re/_trace.py:47 close.complete
DEBUG 2026-06-14 07:29:18 re/_trace.py:47 close.started
DEBUG 2026-06-14 07:29:18 re/_trace.py:47 close.complete
DEBUG 2026-06-14 07:29:18 re/_trace.py:47 close.started
DEBUG 2026-06-14 07:29:18 re/_trace.py:47 close.complete
DEBUG 2026-06-14 07:29:18 re/_trace.py:47 close.started
DEBUG 2026-06-14 07:29:18 re/_trace.py:47 close.complete
DEBUG 2026-06-14 07:29:18 re/_trace.py:47 close.started
DEBUG 2026-06-14 07:29:18 re/_trace.py:47 close.complete
DEBUG 2026-06-14 07:29:18 re/_trace.py:47 close.started
DEBUG 2026-06-14 07:29:18 re/_trace.py:47 close.complete
DEBUG 2026-06-14 07:29:18 re/_trace.py:47 close.started
DEBUG 2026-06-14 07:29:18 re/_trace.py:47 close.complete
DEBUG 2026-06-14 07:29:18 re/_trace.py:47 close.started
DEBUG 2026-06-14 07:29:18 re/_trace.py:47 close.complete
DEBUG 2026-06-14 07:29:18 re/_trace.py:47 close.started
DEBUG 2026-06-14 07:29:18 re/_trace.py:47 close.complete
DEBUG 2026-06-14 07:29:18 re/_trace.py:47 close.started
DEBUG 2026-06-14 07:29:18 re/_trace.py:47 close.complete
DEBUG 2026-06-14 07:32:57 re/_trace.py:47 close.started
DEBUG 2026-06-14 07:32:57 re/_trace.py:47 close.complete
DEBUG 2026-06-14 07:32:58 re/_trace.py:47 close.started
DEBUG 2026-06-14 07:32:58 re/_trace.py:47 close.complete
DEBUG 2026-06-14 07:32:58 re/_trace.py:47 close.started
DEBUG 2026-06-14 07:32:58 re/_trace.py:47 close.complete
DEBUG 2026-06-14 07:32:58 re/_trace.py:47 close.started
DEBUG 2026-06-14 07:32:58 re/_trace.py:47 close.complete
DEBUG 2026-06-14 07:32:58 re/_trace.py:47 close.started
DEBUG 2026-06-14 07:32:58 re/_trace.py:47 close.complete
DEBUG 2026-06-14 07:32:58 re/_trace.py:47 close.started
DEBUG 2026-06-14 07:32:58 re/_trace.py:47 close.complete
DEBUG 2026-06-14 07:32:58 re/_trace.py:47 close.started
DEBUG 2026-06-14 07:32:58 re/_trace.py:47 close.complete
DEBUG 2026-06-14 07:32:58 re/_trace.py:47 close.started
DEBUG 2026-06-14 07:32:58 re/_trace.py:47 close.complete
DEBUG 2026-06-14 07:32:58 re/_trace.py:47 close.started
DEBUG 2026-06-14 07:32:58 re/_trace.py:47 close.complete
DEBUG 2026-06-14 07:32:58 re/_trace.py:47 close.started
DEBUG 2026-06-14 07:32:58 re/_trace.py:47 close.complete
INFO 2026-06-14 07:35:27 ot_train.py:459 step:17K smpl:12M ep:17K epch:335.85 loss:0.002 grdn:0.180 lr:4.7e-05 updt_s:3.595 data_s:0.663
WARNING 2026-06-14 07:35:27 db_utils.py:181 WandB logging of key "loss_per_dim" was ignored as its type "<class 'list'>" is not handled by this wrapper.
DEBUG 2026-06-14 07:36:37 re/_trace.py:47 close.started
DEBUG 2026-06-14 07:36:37 re/_trace.py:47 close.complete
DEBUG 2026-06-14 07:36:37 re/_trace.py:47 close.started
DEBUG 2026-06-14 07:36:37 re/_trace.py:47 close.complete
DEBUG 2026-06-14 07:36:37 re/_trace.py:47 close.started
DEBUG 2026-06-14 07:36:37 re/_trace.py:47 close.complete
DEBUG 2026-06-14 07:36:37 re/_trace.py:47 close.started
DEBUG 2026-06-14 07:36:37 re/_trace.py:47 close.complete
DEBUG 2026-06-14 07:36:37 re/_trace.py:47 close.started
DEBUG 2026-06-14 07:36:37 re/_trace.py:47 close.complete
DEBUG 2026-06-14 07:36:37 re/_trace.py:47 close.started
DEBUG 2026-06-14 07:36:37 re/_trace.py:47 close.complete
DEBUG 2026-06-14 07:36:37 re/_trace.py:47 close.started
DEBUG 2026-06-14 07:36:37 re/_trace.py:47 close.complete
DEBUG 2026-06-14 07:36:37 re/_trace.py:47 close.started
DEBUG 2026-06-14 07:36:37 re/_trace.py:47 close.complete
DEBUG 2026-06-14 07:36:37 re/_trace.py:47 close.started
DEBUG 2026-06-14 07:36:37 re/_trace.py:47 close.complete
DEBUG 2026-06-14 07:36:37 re/_trace.py:47 close.started
DEBUG 2026-06-14 07:36:37 re/_trace.py:47 close.complete
DEBUG 2026-06-14 07:40:18 re/_trace.py:47 close.started
DEBUG 2026-06-14 07:40:18 re/_trace.py:47 close.complete
DEBUG 2026-06-14 07:40:18 re/_trace.py:47 close.started
DEBUG 2026-06-14 07:40:18 re/_trace.py:47 close.complete
DEBUG 2026-06-14 07:40:18 re/_trace.py:47 close.started
DEBUG 2026-06-14 07:40:18 re/_trace.py:47 close.complete
DEBUG 2026-06-14 07:40:18 re/_trace.py:47 close.started
DEBUG 2026-06-14 07:40:18 re/_trace.py:47 close.complete
DEBUG 2026-06-14 07:40:18 re/_trace.py:47 close.started
DEBUG 2026-06-14 07:40:18 re/_trace.py:47 close.complete
DEBUG 2026-06-14 07:40:18 re/_trace.py:47 close.started
DEBUG 2026-06-14 07:40:18 re/_trace.py:47 close.complete
DEBUG 2026-06-14 07:40:18 re/_trace.py:47 close.started
DEBUG 2026-06-14 07:40:18 re/_trace.py:47 close.complete
DEBUG 2026-06-14 07:40:18 re/_trace.py:47 close.started
DEBUG 2026-06-14 07:40:18 re/_trace.py:47 close.complete
DEBUG 2026-06-14 07:40:18 re/_trace.py:47 close.started
DEBUG 2026-06-14 07:40:18 re/_trace.py:47 close.complete
DEBUG 2026-06-14 07:40:18 re/_trace.py:47 close.started
DEBUG 2026-06-14 07:40:18 re/_trace.py:47 close.complete
DEBUG 2026-06-14 07:43:59 re/_trace.py:47 close.started
DEBUG 2026-06-14 07:43:59 re/_trace.py:47 close.complete
DEBUG 2026-06-14 07:43:59 re/_trace.py:47 close.started
DEBUG 2026-06-14 07:43:59 re/_trace.py:47 close.complete
DEBUG 2026-06-14 07:43:59 re/_trace.py:47 close.started
DEBUG 2026-06-14 07:43:59 re/_trace.py:47 close.complete
DEBUG 2026-06-14 07:43:59 re/_trace.py:47 close.started
DEBUG 2026-06-14 07:43:59 re/_trace.py:47 close.complete
DEBUG 2026-06-14 07:43:59 re/_trace.py:47 close.started
DEBUG 2026-06-14 07:43:59 re/_trace.py:47 close.complete
DEBUG 2026-06-14 07:43:59 re/_trace.py:47 close.started
DEBUG 2026-06-14 07:43:59 re/_trace.py:47 close.complete
DEBUG 2026-06-14 07:43:59 re/_trace.py:47 close.started
DEBUG 2026-06-14 07:43:59 re/_trace.py:47 close.complete
DEBUG 2026-06-14 07:43:59 re/_trace.py:47 close.started
DEBUG 2026-06-14 07:43:59 re/_trace.py:47 close.complete
DEBUG 2026-06-14 07:43:59 re/_trace.py:47 close.started
DEBUG 2026-06-14 07:43:59 re/_trace.py:47 close.complete
DEBUG 2026-06-14 07:43:59 re/_trace.py:47 close.started
DEBUG 2026-06-14 07:43:59 re/_trace.py:47 close.complete
DEBUG 2026-06-14 07:47:38 re/_trace.py:47 close.started
DEBUG 2026-06-14 07:47:38 re/_trace.py:47 close.complete
DEBUG 2026-06-14 07:47:38 re/_trace.py:47 close.started
DEBUG 2026-06-14 07:47:38 re/_trace.py:47 close.complete
DEBUG 2026-06-14 07:47:38 re/_trace.py:47 close.started
DEBUG 2026-06-14 07:47:38 re/_trace.py:47 close.complete
DEBUG 2026-06-14 07:47:38 re/_trace.py:47 close.started
DEBUG 2026-06-14 07:47:38 re/_trace.py:47 close.complete
DEBUG 2026-06-14 07:47:38 re/_trace.py:47 close.started
DEBUG 2026-06-14 07:47:38 re/_trace.py:47 close.complete
DEBUG 2026-06-14 07:47:38 re/_trace.py:47 close.started
DEBUG 2026-06-14 07:47:38 re/_trace.py:47 close.complete
DEBUG 2026-06-14 07:47:38 re/_trace.py:47 close.started
DEBUG 2026-06-14 07:47:38 re/_trace.py:47 close.complete
DEBUG 2026-06-14 07:47:38 re/_trace.py:47 close.started
DEBUG 2026-06-14 07:47:38 re/_trace.py:47 close.complete
DEBUG 2026-06-14 07:47:38 re/_trace.py:47 close.started
DEBUG 2026-06-14 07:47:38 re/_trace.py:47 close.complete
DEBUG 2026-06-14 07:47:39 re/_trace.py:47 close.started
DEBUG 2026-06-14 07:47:39 re/_trace.py:47 close.complete
INFO 2026-06-14 07:49:40 ot_train.py:459 step:18K smpl:12M ep:17K epch:339.71 loss:0.002 grdn:0.188 lr:4.6e-05 updt_s:3.561 data_s:0.698
WARNING 2026-06-14 07:49:40 db_utils.py:181 WandB logging of key "loss_per_dim" was ignored as its type "<class 'list'>" is not handled by this wrapper.
DEBUG 2026-06-14 07:51:17 re/_trace.py:47 close.started
DEBUG 2026-06-14 07:51:17 re/_trace.py:47 close.complete
DEBUG 2026-06-14 07:51:17 re/_trace.py:47 close.started
DEBUG 2026-06-14 07:51:17 re/_trace.py:47 close.complete
DEBUG 2026-06-14 07:51:17 re/_trace.py:47 close.started
DEBUG 2026-06-14 07:51:17 re/_trace.py:47 close.complete
DEBUG 2026-06-14 07:51:17 re/_trace.py:47 close.started
DEBUG 2026-06-14 07:51:17 re/_trace.py:47 close.complete
DEBUG 2026-06-14 07:51:17 re/_trace.py:47 close.started
DEBUG 2026-06-14 07:51:17 re/_trace.py:47 close.complete
DEBUG 2026-06-14 07:51:17 re/_trace.py:47 close.started
DEBUG 2026-06-14 07:51:17 re/_trace.py:47 close.complete
DEBUG 2026-06-14 07:51:17 re/_trace.py:47 close.started
DEBUG 2026-06-14 07:51:17 re/_trace.py:47 close.complete
DEBUG 2026-06-14 07:51:17 re/_trace.py:47 close.started
DEBUG 2026-06-14 07:51:17 re/_trace.py:47 close.complete
DEBUG 2026-06-14 07:51:17 re/_trace.py:47 close.started
DEBUG 2026-06-14 07:51:17 re/_trace.py:47 close.complete
DEBUG 2026-06-14 07:51:17 re/_trace.py:47 close.started
DEBUG 2026-06-14 07:51:17 re/_trace.py:47 close.complete
DEBUG 2026-06-14 07:54:57 re/_trace.py:47 close.started
DEBUG 2026-06-14 07:54:57 re/_trace.py:47 close.complete
DEBUG 2026-06-14 07:54:58 re/_trace.py:47 close.started
DEBUG 2026-06-14 07:54:58 re/_trace.py:47 close.complete
DEBUG 2026-06-14 07:54:58 re/_trace.py:47 close.started
DEBUG 2026-06-14 07:54:58 re/_trace.py:47 close.complete
DEBUG 2026-06-14 07:54:58 re/_trace.py:47 close.started
DEBUG 2026-06-14 07:54:58 re/_trace.py:47 close.complete
DEBUG 2026-06-14 07:54:58 re/_trace.py:47 close.started
DEBUG 2026-06-14 07:54:58 re/_trace.py:47 close.complete
DEBUG 2026-06-14 07:54:58 re/_trace.py:47 close.started
DEBUG 2026-06-14 07:54:58 re/_trace.py:47 close.complete
DEBUG 2026-06-14 07:54:58 re/_trace.py:47 close.started
DEBUG 2026-06-14 07:54:58 re/_trace.py:47 close.complete
DEBUG 2026-06-14 07:54:58 re/_trace.py:47 close.started
DEBUG 2026-06-14 07:54:58 re/_trace.py:47 close.complete
DEBUG 2026-06-14 07:54:58 re/_trace.py:47 close.started
DEBUG 2026-06-14 07:54:58 re/_trace.py:47 close.complete
DEBUG 2026-06-14 07:54:58 re/_trace.py:47 close.started
DEBUG 2026-06-14 07:54:58 re/_trace.py:47 close.complete
DEBUG 2026-06-14 07:58:38 re/_trace.py:47 close.started
DEBUG 2026-06-14 07:58:38 re/_trace.py:47 close.complete
DEBUG 2026-06-14 07:58:38 re/_trace.py:47 close.started
DEBUG 2026-06-14 07:58:38 re/_trace.py:47 close.complete
DEBUG 2026-06-14 07:58:38 re/_trace.py:47 close.started
DEBUG 2026-06-14 07:58:38 re/_trace.py:47 close.complete
DEBUG 2026-06-14 07:58:38 re/_trace.py:47 close.started
DEBUG 2026-06-14 07:58:38 re/_trace.py:47 close.complete
DEBUG 2026-06-14 07:58:39 re/_trace.py:47 close.started
DEBUG 2026-06-14 07:58:39 re/_trace.py:47 close.complete
DEBUG 2026-06-14 07:58:39 re/_trace.py:47 close.started
DEBUG 2026-06-14 07:58:39 re/_trace.py:47 close.complete
DEBUG 2026-06-14 07:58:39 re/_trace.py:47 close.started
DEBUG 2026-06-14 07:58:39 re/_trace.py:47 close.complete
DEBUG 2026-06-14 07:58:39 re/_trace.py:47 close.started
DEBUG 2026-06-14 07:58:39 re/_trace.py:47 close.complete
DEBUG 2026-06-14 07:58:39 re/_trace.py:47 close.started
DEBUG 2026-06-14 07:58:39 re/_trace.py:47 close.complete
DEBUG 2026-06-14 07:58:39 re/_trace.py:47 close.started
DEBUG 2026-06-14 07:58:39 re/_trace.py:47 close.complete
DEBUG 2026-06-14 08:02:17 re/_trace.py:47 close.started
DEBUG 2026-06-14 08:02:17 re/_trace.py:47 close.complete
DEBUG 2026-06-14 08:02:17 re/_trace.py:47 close.started
DEBUG 2026-06-14 08:02:17 re/_trace.py:47 close.complete
DEBUG 2026-06-14 08:02:17 re/_trace.py:47 close.started
DEBUG 2026-06-14 08:02:17 re/_trace.py:47 close.complete
DEBUG 2026-06-14 08:02:17 re/_trace.py:47 close.started
DEBUG 2026-06-14 08:02:17 re/_trace.py:47 close.complete
DEBUG 2026-06-14 08:02:17 re/_trace.py:47 close.started
DEBUG 2026-06-14 08:02:17 re/_trace.py:47 close.complete
DEBUG 2026-06-14 08:02:17 re/_trace.py:47 close.started
DEBUG 2026-06-14 08:02:17 re/_trace.py:47 close.complete
DEBUG 2026-06-14 08:02:17 re/_trace.py:47 close.started
DEBUG 2026-06-14 08:02:17 re/_trace.py:47 close.complete
DEBUG 2026-06-14 08:02:17 re/_trace.py:47 close.started
DEBUG 2026-06-14 08:02:17 re/_trace.py:47 close.complete
DEBUG 2026-06-14 08:02:17 re/_trace.py:47 close.started
DEBUG 2026-06-14 08:02:17 re/_trace.py:47 close.complete
DEBUG 2026-06-14 08:02:17 re/_trace.py:47 close.started
DEBUG 2026-06-14 08:02:17 re/_trace.py:47 close.complete
INFO 2026-06-14 08:03:52 ot_train.py:459 step:18K smpl:13M ep:17K epch:343.57 loss:0.002 grdn:0.185 lr:4.5e-05 updt_s:3.583 data_s:0.669
WARNING 2026-06-14 08:03:52 db_utils.py:181 WandB logging of key "loss_per_dim" was ignored as its type "<class 'list'>" is not handled by this wrapper.
DEBUG 2026-06-14 08:05:58 re/_trace.py:47 close.started
DEBUG 2026-06-14 08:05:58 re/_trace.py:47 close.complete
DEBUG 2026-06-14 08:05:58 re/_trace.py:47 close.started
DEBUG 2026-06-14 08:05:58 re/_trace.py:47 close.complete
DEBUG 2026-06-14 08:05:58 re/_trace.py:47 close.started
DEBUG 2026-06-14 08:05:58 re/_trace.py:47 close.complete
DEBUG 2026-06-14 08:05:58 re/_trace.py:47 close.started
DEBUG 2026-06-14 08:05:58 re/_trace.py:47 close.complete
DEBUG 2026-06-14 08:05:58 re/_trace.py:47 close.started
DEBUG 2026-06-14 08:05:58 re/_trace.py:47 close.complete
DEBUG 2026-06-14 08:05:58 re/_trace.py:47 close.started
DEBUG 2026-06-14 08:05:58 re/_trace.py:47 close.complete
DEBUG 2026-06-14 08:05:58 re/_trace.py:47 close.started
DEBUG 2026-06-14 08:05:58 re/_trace.py:47 close.complete
DEBUG 2026-06-14 08:05:58 re/_trace.py:47 close.started
DEBUG 2026-06-14 08:05:58 re/_trace.py:47 close.complete
DEBUG 2026-06-14 08:05:58 re/_trace.py:47 close.started
DEBUG 2026-06-14 08:05:58 re/_trace.py:47 close.complete
DEBUG 2026-06-14 08:05:58 re/_trace.py:47 close.started
DEBUG 2026-06-14 08:05:58 re/_trace.py:47 close.complete
DEBUG 2026-06-14 08:09:37 re/_trace.py:47 close.started
DEBUG 2026-06-14 08:09:37 re/_trace.py:47 close.complete
DEBUG 2026-06-14 08:09:38 re/_trace.py:47 close.started
DEBUG 2026-06-14 08:09:38 re/_trace.py:47 close.complete
DEBUG 2026-06-14 08:09:38 re/_trace.py:47 close.started
DEBUG 2026-06-14 08:09:38 re/_trace.py:47 close.complete
DEBUG 2026-06-14 08:09:38 re/_trace.py:47 close.started
DEBUG 2026-06-14 08:09:38 re/_trace.py:47 close.complete
DEBUG 2026-06-14 08:09:38 re/_trace.py:47 close.started
DEBUG 2026-06-14 08:09:38 re/_trace.py:47 close.complete
DEBUG 2026-06-14 08:09:38 re/_trace.py:47 close.started
DEBUG 2026-06-14 08:09:38 re/_trace.py:47 close.complete
DEBUG 2026-06-14 08:09:38 re/_trace.py:47 close.started
DEBUG 2026-06-14 08:09:38 re/_trace.py:47 close.complete
DEBUG 2026-06-14 08:09:38 re/_trace.py:47 close.started
DEBUG 2026-06-14 08:09:38 re/_trace.py:47 close.complete
DEBUG 2026-06-14 08:09:38 re/_trace.py:47 close.started
DEBUG 2026-06-14 08:09:38 re/_trace.py:47 close.complete
DEBUG 2026-06-14 08:09:38 re/_trace.py:47 close.started
DEBUG 2026-06-14 08:09:38 re/_trace.py:47 close.complete
DEBUG 2026-06-14 08:13:18 re/_trace.py:47 close.started
DEBUG 2026-06-14 08:13:18 re/_trace.py:47 close.complete
DEBUG 2026-06-14 08:13:18 re/_trace.py:47 close.started
DEBUG 2026-06-14 08:13:18 re/_trace.py:47 close.complete
DEBUG 2026-06-14 08:13:18 re/_trace.py:47 close.started
DEBUG 2026-06-14 08:13:18 re/_trace.py:47 close.complete
DEBUG 2026-06-14 08:13:18 re/_trace.py:47 close.started
DEBUG 2026-06-14 08:13:18 re/_trace.py:47 close.complete
DEBUG 2026-06-14 08:13:18 re/_trace.py:47 close.started
DEBUG 2026-06-14 08:13:18 re/_trace.py:47 close.complete
DEBUG 2026-06-14 08:13:18 re/_trace.py:47 close.started
DEBUG 2026-06-14 08:13:18 re/_trace.py:47 close.complete
DEBUG 2026-06-14 08:13:18 re/_trace.py:47 close.started
DEBUG 2026-06-14 08:13:18 re/_trace.py:47 close.complete
DEBUG 2026-06-14 08:13:18 re/_trace.py:47 close.started
DEBUG 2026-06-14 08:13:18 re/_trace.py:47 close.complete
DEBUG 2026-06-14 08:13:18 re/_trace.py:47 close.started
DEBUG 2026-06-14 08:13:18 re/_trace.py:47 close.complete
DEBUG 2026-06-14 08:13:18 re/_trace.py:47 close.started
DEBUG 2026-06-14 08:13:18 re/_trace.py:47 close.complete
DEBUG 2026-06-14 08:17:00 re/_trace.py:47 close.started
DEBUG 2026-06-14 08:17:00 re/_trace.py:47 close.complete
DEBUG 2026-06-14 08:17:00 re/_trace.py:47 close.started
DEBUG 2026-06-14 08:17:00 re/_trace.py:47 close.complete
DEBUG 2026-06-14 08:17:00 re/_trace.py:47 close.started
DEBUG 2026-06-14 08:17:00 re/_trace.py:47 close.complete
DEBUG 2026-06-14 08:17:00 re/_trace.py:47 close.started
DEBUG 2026-06-14 08:17:00 re/_trace.py:47 close.complete
DEBUG 2026-06-14 08:17:00 re/_trace.py:47 close.started
DEBUG 2026-06-14 08:17:00 re/_trace.py:47 close.complete
DEBUG 2026-06-14 08:17:00 re/_trace.py:47 close.started
DEBUG 2026-06-14 08:17:00 re/_trace.py:47 close.complete
DEBUG 2026-06-14 08:17:00 re/_trace.py:47 close.started
DEBUG 2026-06-14 08:17:00 re/_trace.py:47 close.complete
DEBUG 2026-06-14 08:17:00 re/_trace.py:47 close.started
DEBUG 2026-06-14 08:17:00 re/_trace.py:47 close.complete
DEBUG 2026-06-14 08:17:00 re/_trace.py:47 close.started
DEBUG 2026-06-14 08:17:00 re/_trace.py:47 close.complete
DEBUG 2026-06-14 08:17:00 re/_trace.py:47 close.started
DEBUG 2026-06-14 08:17:00 re/_trace.py:47 close.complete
INFO 2026-06-14 08:18:03 ot_train.py:459 step:18K smpl:13M ep:17K epch:347.44 loss:0.002 grdn:0.173 lr:4.4e-05 updt_s:3.558 data_s:0.696
WARNING 2026-06-14 08:18:03 db_utils.py:181 WandB logging of key "loss_per_dim" was ignored as its type "<class 'list'>" is not handled by this wrapper.
INFO 2026-06-14 08:18:03 ot_train.py:479 Checkpoint policy after step 18000
DEBUG 2026-06-14 08:18:44 tionpool.py:289 Resetting dropped connection: api.wandb.ai
DEBUG 2026-06-14 08:18:44 tionpool.py:544 https://api.wandb.ai:443 "POST /graphql HTTP/1.1" 200 None
DEBUG 2026-06-14 08:21:17 re/_trace.py:47 close.started
DEBUG 2026-06-14 08:21:17 re/_trace.py:47 close.complete
DEBUG 2026-06-14 08:21:17 re/_trace.py:47 close.started
DEBUG 2026-06-14 08:21:17 re/_trace.py:47 close.complete
DEBUG 2026-06-14 08:21:17 re/_trace.py:47 close.started
DEBUG 2026-06-14 08:21:17 re/_trace.py:47 close.complete
DEBUG 2026-06-14 08:21:17 re/_trace.py:47 close.started
DEBUG 2026-06-14 08:21:17 re/_trace.py:47 close.complete
DEBUG 2026-06-14 08:21:17 re/_trace.py:47 close.started
DEBUG 2026-06-14 08:21:17 re/_trace.py:47 close.complete
DEBUG 2026-06-14 08:21:17 re/_trace.py:47 close.started
DEBUG 2026-06-14 08:21:17 re/_trace.py:47 close.complete
DEBUG 2026-06-14 08:21:17 re/_trace.py:47 close.started
DEBUG 2026-06-14 08:21:17 re/_trace.py:47 close.complete
DEBUG 2026-06-14 08:21:17 re/_trace.py:47 close.started
DEBUG 2026-06-14 08:21:17 re/_trace.py:47 close.complete
DEBUG 2026-06-14 08:21:17 re/_trace.py:47 close.started
DEBUG 2026-06-14 08:21:17 re/_trace.py:47 close.complete
DEBUG 2026-06-14 08:21:17 re/_trace.py:47 close.started
DEBUG 2026-06-14 08:21:17 re/_trace.py:47 close.complete
DEBUG 2026-06-14 08:24:55 re/_trace.py:47 close.started
DEBUG 2026-06-14 08:24:55 re/_trace.py:47 close.complete
DEBUG 2026-06-14 08:24:55 re/_trace.py:47 close.started
DEBUG 2026-06-14 08:24:55 re/_trace.py:47 close.complete
DEBUG 2026-06-14 08:24:55 re/_trace.py:47 close.started
DEBUG 2026-06-14 08:24:55 re/_trace.py:47 close.complete
DEBUG 2026-06-14 08:24:55 re/_trace.py:47 close.started
DEBUG 2026-06-14 08:24:55 re/_trace.py:47 close.complete
DEBUG 2026-06-14 08:24:55 re/_trace.py:47 close.started
DEBUG 2026-06-14 08:24:55 re/_trace.py:47 close.complete
DEBUG 2026-06-14 08:24:56 re/_trace.py:47 close.started
DEBUG 2026-06-14 08:24:56 re/_trace.py:47 close.complete
DEBUG 2026-06-14 08:24:56 re/_trace.py:47 close.started
DEBUG 2026-06-14 08:24:56 re/_trace.py:47 close.complete
DEBUG 2026-06-14 08:24:56 re/_trace.py:47 close.started
DEBUG 2026-06-14 08:24:56 re/_trace.py:47 close.complete
DEBUG 2026-06-14 08:24:56 re/_trace.py:47 close.started
DEBUG 2026-06-14 08:24:56 re/_trace.py:47 close.complete
DEBUG 2026-06-14 08:24:56 re/_trace.py:47 close.started
DEBUG 2026-06-14 08:24:56 re/_trace.py:47 close.complete
DEBUG 2026-06-14 08:28:34 re/_trace.py:47 close.started
DEBUG 2026-06-14 08:28:34 re/_trace.py:47 close.complete
DEBUG 2026-06-14 08:28:34 re/_trace.py:47 close.started
DEBUG 2026-06-14 08:28:34 re/_trace.py:47 close.complete
DEBUG 2026-06-14 08:28:34 re/_trace.py:47 close.started
DEBUG 2026-06-14 08:28:34 re/_trace.py:47 close.complete
DEBUG 2026-06-14 08:28:34 re/_trace.py:47 close.started
DEBUG 2026-06-14 08:28:34 re/_trace.py:47 close.complete
DEBUG 2026-06-14 08:28:34 re/_trace.py:47 close.started
DEBUG 2026-06-14 08:28:34 re/_trace.py:47 close.complete
DEBUG 2026-06-14 08:28:34 re/_trace.py:47 close.started
DEBUG 2026-06-14 08:28:34 re/_trace.py:47 close.complete
DEBUG 2026-06-14 08:28:34 re/_trace.py:47 close.started
DEBUG 2026-06-14 08:28:34 re/_trace.py:47 close.complete
DEBUG 2026-06-14 08:28:34 re/_trace.py:47 close.started
DEBUG 2026-06-14 08:28:34 re/_trace.py:47 close.complete
DEBUG 2026-06-14 08:28:34 re/_trace.py:47 close.started
DEBUG 2026-06-14 08:28:34 re/_trace.py:47 close.complete
DEBUG 2026-06-14 08:28:34 re/_trace.py:47 close.started
DEBUG 2026-06-14 08:28:34 re/_trace.py:47 close.complete
INFO 2026-06-14 08:32:14 ot_train.py:459 step:18K smpl:13M ep:18K epch:351.30 loss:0.002 grdn:0.162 lr:4.3e-05 updt_s:3.520 data_s:0.524
WARNING 2026-06-14 08:32:14 db_utils.py:181 WandB logging of key "loss_per_dim" was ignored as its type "<class 'list'>" is not handled by this wrapper.
DEBUG 2026-06-14 08:32:14 re/_trace.py:47 close.started
DEBUG 2026-06-14 08:32:14 re/_trace.py:47 close.complete
DEBUG 2026-06-14 08:32:14 re/_trace.py:47 close.started
DEBUG 2026-06-14 08:32:14 re/_trace.py:47 close.complete
DEBUG 2026-06-14 08:32:14 re/_trace.py:47 close.started
DEBUG 2026-06-14 08:32:14 re/_trace.py:47 close.complete
DEBUG 2026-06-14 08:32:14 re/_trace.py:47 close.started
DEBUG 2026-06-14 08:32:14 re/_trace.py:47 close.complete
DEBUG 2026-06-14 08:32:15 re/_trace.py:47 close.started
DEBUG 2026-06-14 08:32:15 re/_trace.py:47 close.complete
DEBUG 2026-06-14 08:32:15 re/_trace.py:47 close.started
DEBUG 2026-06-14 08:32:15 re/_trace.py:47 close.complete
DEBUG 2026-06-14 08:32:15 re/_trace.py:47 close.started
DEBUG 2026-06-14 08:32:15 re/_trace.py:47 close.complete
DEBUG 2026-06-14 08:32:15 re/_trace.py:47 close.started
DEBUG 2026-06-14 08:32:15 re/_trace.py:47 close.complete
DEBUG 2026-06-14 08:32:15 re/_trace.py:47 close.started
DEBUG 2026-06-14 08:32:15 re/_trace.py:47 close.complete
DEBUG 2026-06-14 08:32:15 re/_trace.py:47 close.started
DEBUG 2026-06-14 08:32:15 re/_trace.py:47 close.complete
DEBUG 2026-06-14 08:35:56 re/_trace.py:47 close.started
DEBUG 2026-06-14 08:35:56 re/_trace.py:47 close.complete
DEBUG 2026-06-14 08:35:56 re/_trace.py:47 close.started
DEBUG 2026-06-14 08:35:56 re/_trace.py:47 close.complete
DEBUG 2026-06-14 08:35:56 re/_trace.py:47 close.started
DEBUG 2026-06-14 08:35:56 re/_trace.py:47 close.complete
DEBUG 2026-06-14 08:35:56 re/_trace.py:47 close.started
DEBUG 2026-06-14 08:35:56 re/_trace.py:47 close.complete
DEBUG 2026-06-14 08:35:56 re/_trace.py:47 close.started
DEBUG 2026-06-14 08:35:56 re/_trace.py:47 close.complete
DEBUG 2026-06-14 08:35:56 re/_trace.py:47 close.started
DEBUG 2026-06-14 08:35:56 re/_trace.py:47 close.complete
DEBUG 2026-06-14 08:35:56 re/_trace.py:47 close.started
DEBUG 2026-06-14 08:35:56 re/_trace.py:47 close.complete
DEBUG 2026-06-14 08:35:56 re/_trace.py:47 close.started
DEBUG 2026-06-14 08:35:56 re/_trace.py:47 close.complete
DEBUG 2026-06-14 08:35:56 re/_trace.py:47 close.started
DEBUG 2026-06-14 08:35:56 re/_trace.py:47 close.complete
DEBUG 2026-06-14 08:35:56 re/_trace.py:47 close.started
DEBUG 2026-06-14 08:35:56 re/_trace.py:47 close.complete
DEBUG 2026-06-14 08:39:36 re/_trace.py:47 close.started
DEBUG 2026-06-14 08:39:36 re/_trace.py:47 close.complete
DEBUG 2026-06-14 08:39:36 re/_trace.py:47 close.started
DEBUG 2026-06-14 08:39:36 re/_trace.py:47 close.complete
DEBUG 2026-06-14 08:39:36 re/_trace.py:47 close.started
DEBUG 2026-06-14 08:39:36 re/_trace.py:47 close.complete
DEBUG 2026-06-14 08:39:36 re/_trace.py:47 close.started
DEBUG 2026-06-14 08:39:36 re/_trace.py:47 close.complete
DEBUG 2026-06-14 08:39:36 re/_trace.py:47 close.started
DEBUG 2026-06-14 08:39:36 re/_trace.py:47 close.complete
DEBUG 2026-06-14 08:39:36 re/_trace.py:47 close.started
DEBUG 2026-06-14 08:39:36 re/_trace.py:47 close.complete
DEBUG 2026-06-14 08:39:36 re/_trace.py:47 close.started
DEBUG 2026-06-14 08:39:36 re/_trace.py:47 close.complete
DEBUG 2026-06-14 08:39:36 re/_trace.py:47 close.started
DEBUG 2026-06-14 08:39:36 re/_trace.py:47 close.complete
DEBUG 2026-06-14 08:39:36 re/_trace.py:47 close.started
DEBUG 2026-06-14 08:39:36 re/_trace.py:47 close.complete
DEBUG 2026-06-14 08:39:36 re/_trace.py:47 close.started
DEBUG 2026-06-14 08:39:36 re/_trace.py:47 close.complete
DEBUG 2026-06-14 08:43:18 re/_trace.py:47 close.started
DEBUG 2026-06-14 08:43:18 re/_trace.py:47 close.complete
DEBUG 2026-06-14 08:43:18 re/_trace.py:47 close.started
DEBUG 2026-06-14 08:43:18 re/_trace.py:47 close.complete
DEBUG 2026-06-14 08:43:18 re/_trace.py:47 close.started
DEBUG 2026-06-14 08:43:18 re/_trace.py:47 close.complete
DEBUG 2026-06-14 08:43:18 re/_trace.py:47 close.started
DEBUG 2026-06-14 08:43:18 re/_trace.py:47 close.complete
DEBUG 2026-06-14 08:43:18 re/_trace.py:47 close.started
DEBUG 2026-06-14 08:43:18 re/_trace.py:47 close.complete
DEBUG 2026-06-14 08:43:18 re/_trace.py:47 close.started
DEBUG 2026-06-14 08:43:18 re/_trace.py:47 close.complete
DEBUG 2026-06-14 08:43:18 re/_trace.py:47 close.started
DEBUG 2026-06-14 08:43:18 re/_trace.py:47 close.complete
DEBUG 2026-06-14 08:43:18 re/_trace.py:47 close.started
DEBUG 2026-06-14 08:43:18 re/_trace.py:47 close.complete
DEBUG 2026-06-14 08:43:18 re/_trace.py:47 close.started
DEBUG 2026-06-14 08:43:18 re/_trace.py:47 close.complete
DEBUG 2026-06-14 08:43:18 re/_trace.py:47 close.started
DEBUG 2026-06-14 08:43:18 re/_trace.py:47 close.complete
INFO 2026-06-14 08:46:29 ot_train.py:459 step:18K smpl:13M ep:18K epch:355.16 loss:0.002 grdn:0.171 lr:4.1e-05 updt_s:3.613 data_s:0.658
WARNING 2026-06-14 08:46:29 db_utils.py:181 WandB logging of key "loss_per_dim" was ignored as its type "<class 'list'>" is not handled by this wrapper.
DEBUG 2026-06-14 08:46:58 re/_trace.py:47 close.started
DEBUG 2026-06-14 08:46:58 re/_trace.py:47 close.complete
DEBUG 2026-06-14 08:46:58 re/_trace.py:47 close.started
DEBUG 2026-06-14 08:46:58 re/_trace.py:47 close.complete
DEBUG 2026-06-14 08:46:58 re/_trace.py:47 close.started
DEBUG 2026-06-14 08:46:58 re/_trace.py:47 close.complete
DEBUG 2026-06-14 08:46:58 re/_trace.py:47 close.started
DEBUG 2026-06-14 08:46:58 re/_trace.py:47 close.complete
DEBUG 2026-06-14 08:46:58 re/_trace.py:47 close.started
DEBUG 2026-06-14 08:46:58 re/_trace.py:47 close.complete
DEBUG 2026-06-14 08:46:58 re/_trace.py:47 close.started
DEBUG 2026-06-14 08:46:58 re/_trace.py:47 close.complete
DEBUG 2026-06-14 08:46:58 re/_trace.py:47 close.started
DEBUG 2026-06-14 08:46:58 re/_trace.py:47 close.complete
DEBUG 2026-06-14 08:46:58 re/_trace.py:47 close.started
DEBUG 2026-06-14 08:46:58 re/_trace.py:47 close.complete
DEBUG 2026-06-14 08:46:58 re/_trace.py:47 close.started
DEBUG 2026-06-14 08:46:58 re/_trace.py:47 close.complete
DEBUG 2026-06-14 08:46:58 re/_trace.py:47 close.started
DEBUG 2026-06-14 08:46:58 re/_trace.py:47 close.complete
DEBUG 2026-06-14 08:50:36 re/_trace.py:47 close.started
DEBUG 2026-06-14 08:50:36 re/_trace.py:47 close.complete
DEBUG 2026-06-14 08:50:36 re/_trace.py:47 close.started
DEBUG 2026-06-14 08:50:36 re/_trace.py:47 close.complete
DEBUG 2026-06-14 08:50:36 re/_trace.py:47 close.started
DEBUG 2026-06-14 08:50:36 re/_trace.py:47 close.complete
DEBUG 2026-06-14 08:50:36 re/_trace.py:47 close.started
DEBUG 2026-06-14 08:50:36 re/_trace.py:47 close.complete
DEBUG 2026-06-14 08:50:36 re/_trace.py:47 close.started
DEBUG 2026-06-14 08:50:36 re/_trace.py:47 close.complete
DEBUG 2026-06-14 08:50:36 re/_trace.py:47 close.started
DEBUG 2026-06-14 08:50:36 re/_trace.py:47 close.complete
DEBUG 2026-06-14 08:50:36 re/_trace.py:47 close.started
DEBUG 2026-06-14 08:50:36 re/_trace.py:47 close.complete
DEBUG 2026-06-14 08:50:36 re/_trace.py:47 close.started
DEBUG 2026-06-14 08:50:36 re/_trace.py:47 close.complete
DEBUG 2026-06-14 08:50:36 re/_trace.py:47 close.started
DEBUG 2026-06-14 08:50:36 re/_trace.py:47 close.complete
DEBUG 2026-06-14 08:50:36 re/_trace.py:47 close.started
DEBUG 2026-06-14 08:50:36 re/_trace.py:47 close.complete
DEBUG 2026-06-14 08:54:17 re/_trace.py:47 close.started
DEBUG 2026-06-14 08:54:17 re/_trace.py:47 close.complete
DEBUG 2026-06-14 08:54:17 re/_trace.py:47 close.started
DEBUG 2026-06-14 08:54:17 re/_trace.py:47 close.complete
DEBUG 2026-06-14 08:54:17 re/_trace.py:47 close.started
DEBUG 2026-06-14 08:54:17 re/_trace.py:47 close.complete
DEBUG 2026-06-14 08:54:17 re/_trace.py:47 close.started
DEBUG 2026-06-14 08:54:17 re/_trace.py:47 close.complete
DEBUG 2026-06-14 08:54:17 re/_trace.py:47 close.started
DEBUG 2026-06-14 08:54:17 re/_trace.py:47 close.complete
DEBUG 2026-06-14 08:54:17 re/_trace.py:47 close.started
DEBUG 2026-06-14 08:54:17 re/_trace.py:47 close.complete
DEBUG 2026-06-14 08:54:18 re/_trace.py:47 close.started
DEBUG 2026-06-14 08:54:18 re/_trace.py:47 close.complete
DEBUG 2026-06-14 08:54:18 re/_trace.py:47 close.started
DEBUG 2026-06-14 08:54:18 re/_trace.py:47 close.complete
DEBUG 2026-06-14 08:54:18 re/_trace.py:47 close.started
DEBUG 2026-06-14 08:54:18 re/_trace.py:47 close.complete
DEBUG 2026-06-14 08:54:18 re/_trace.py:47 close.started
DEBUG 2026-06-14 08:54:18 re/_trace.py:47 close.complete
DEBUG 2026-06-14 08:57:58 re/_trace.py:47 close.started
DEBUG 2026-06-14 08:57:58 re/_trace.py:47 close.complete
DEBUG 2026-06-14 08:57:58 re/_trace.py:47 close.started
DEBUG 2026-06-14 08:57:58 re/_trace.py:47 close.complete
DEBUG 2026-06-14 08:57:58 re/_trace.py:47 close.started
DEBUG 2026-06-14 08:57:58 re/_trace.py:47 close.complete
DEBUG 2026-06-14 08:57:58 re/_trace.py:47 close.started
DEBUG 2026-06-14 08:57:58 re/_trace.py:47 close.complete
DEBUG 2026-06-14 08:57:58 re/_trace.py:47 close.started
DEBUG 2026-06-14 08:57:58 re/_trace.py:47 close.complete
DEBUG 2026-06-14 08:57:58 re/_trace.py:47 close.started
DEBUG 2026-06-14 08:57:58 re/_trace.py:47 close.complete
DEBUG 2026-06-14 08:57:58 re/_trace.py:47 close.started
DEBUG 2026-06-14 08:57:58 re/_trace.py:47 close.complete
DEBUG 2026-06-14 08:57:58 re/_trace.py:47 close.started
DEBUG 2026-06-14 08:57:58 re/_trace.py:47 close.complete
DEBUG 2026-06-14 08:57:58 re/_trace.py:47 close.started
DEBUG 2026-06-14 08:57:58 re/_trace.py:47 close.complete
DEBUG 2026-06-14 08:57:58 re/_trace.py:47 close.started
DEBUG 2026-06-14 08:57:58 re/_trace.py:47 close.complete
INFO 2026-06-14 09:00:42 ot_train.py:459 step:19K smpl:13M ep:18K epch:359.02 loss:0.002 grdn:0.173 lr:4.0e-05 updt_s:3.584 data_s:0.676
WARNING 2026-06-14 09:00:42 db_utils.py:181 WandB logging of key "loss_per_dim" was ignored as its type "<class 'list'>" is not handled by this wrapper.
DEBUG 2026-06-14 09:01:38 re/_trace.py:47 close.started
DEBUG 2026-06-14 09:01:38 re/_trace.py:47 close.complete
DEBUG 2026-06-14 09:01:38 re/_trace.py:47 close.started
DEBUG 2026-06-14 09:01:38 re/_trace.py:47 close.complete
DEBUG 2026-06-14 09:01:38 re/_trace.py:47 close.started
DEBUG 2026-06-14 09:01:38 re/_trace.py:47 close.complete
DEBUG 2026-06-14 09:01:38 re/_trace.py:47 close.started
DEBUG 2026-06-14 09:01:38 re/_trace.py:47 close.complete
DEBUG 2026-06-14 09:01:38 re/_trace.py:47 close.started
DEBUG 2026-06-14 09:01:38 re/_trace.py:47 close.complete
DEBUG 2026-06-14 09:01:38 re/_trace.py:47 close.started
DEBUG 2026-06-14 09:01:38 re/_trace.py:47 close.complete
DEBUG 2026-06-14 09:01:38 re/_trace.py:47 close.started
DEBUG 2026-06-14 09:01:38 re/_trace.py:47 close.complete
DEBUG 2026-06-14 09:01:39 re/_trace.py:47 close.started
DEBUG 2026-06-14 09:01:39 re/_trace.py:47 close.complete
DEBUG 2026-06-14 09:01:39 re/_trace.py:47 close.started
DEBUG 2026-06-14 09:01:39 re/_trace.py:47 close.complete
DEBUG 2026-06-14 09:01:39 re/_trace.py:47 close.started
DEBUG 2026-06-14 09:01:39 re/_trace.py:47 close.complete
DEBUG 2026-06-14 09:05:19 re/_trace.py:47 close.started
DEBUG 2026-06-14 09:05:19 re/_trace.py:47 close.complete
DEBUG 2026-06-14 09:05:19 re/_trace.py:47 close.started
DEBUG 2026-06-14 09:05:19 re/_trace.py:47 close.complete
DEBUG 2026-06-14 09:05:19 re/_trace.py:47 close.started
DEBUG 2026-06-14 09:05:19 re/_trace.py:47 close.complete
DEBUG 2026-06-14 09:05:19 re/_trace.py:47 close.started
DEBUG 2026-06-14 09:05:19 re/_trace.py:47 close.complete
DEBUG 2026-06-14 09:05:19 re/_trace.py:47 close.started
DEBUG 2026-06-14 09:05:19 re/_trace.py:47 close.complete
DEBUG 2026-06-14 09:05:19 re/_trace.py:47 close.started
DEBUG 2026-06-14 09:05:19 re/_trace.py:47 close.complete
DEBUG 2026-06-14 09:05:19 re/_trace.py:47 close.started
DEBUG 2026-06-14 09:05:19 re/_trace.py:47 close.complete
DEBUG 2026-06-14 09:05:19 re/_trace.py:47 close.started
DEBUG 2026-06-14 09:05:19 re/_trace.py:47 close.complete
DEBUG 2026-06-14 09:05:19 re/_trace.py:47 close.started
DEBUG 2026-06-14 09:05:19 re/_trace.py:47 close.complete
DEBUG 2026-06-14 09:05:19 re/_trace.py:47 close.started
DEBUG 2026-06-14 09:05:19 re/_trace.py:47 close.complete
DEBUG 2026-06-14 09:08:59 re/_trace.py:47 close.started
DEBUG 2026-06-14 09:08:59 re/_trace.py:47 close.complete
DEBUG 2026-06-14 09:09:00 re/_trace.py:47 close.started
DEBUG 2026-06-14 09:09:00 re/_trace.py:47 close.complete
DEBUG 2026-06-14 09:09:00 re/_trace.py:47 close.started
DEBUG 2026-06-14 09:09:00 re/_trace.py:47 close.complete
DEBUG 2026-06-14 09:09:00 re/_trace.py:47 close.started
DEBUG 2026-06-14 09:09:00 re/_trace.py:47 close.complete
DEBUG 2026-06-14 09:09:00 re/_trace.py:47 close.started
DEBUG 2026-06-14 09:09:00 re/_trace.py:47 close.complete
DEBUG 2026-06-14 09:09:00 re/_trace.py:47 close.started
DEBUG 2026-06-14 09:09:00 re/_trace.py:47 close.complete
DEBUG 2026-06-14 09:09:00 re/_trace.py:47 close.started
DEBUG 2026-06-14 09:09:00 re/_trace.py:47 close.complete
DEBUG 2026-06-14 09:09:00 re/_trace.py:47 close.started
DEBUG 2026-06-14 09:09:00 re/_trace.py:47 close.complete
DEBUG 2026-06-14 09:09:00 re/_trace.py:47 close.started
DEBUG 2026-06-14 09:09:00 re/_trace.py:47 close.complete
DEBUG 2026-06-14 09:09:00 re/_trace.py:47 close.started
DEBUG 2026-06-14 09:09:00 re/_trace.py:47 close.complete
DEBUG 2026-06-14 09:12:40 re/_trace.py:47 close.started
DEBUG 2026-06-14 09:12:40 re/_trace.py:47 close.complete
DEBUG 2026-06-14 09:12:40 re/_trace.py:47 close.started
DEBUG 2026-06-14 09:12:40 re/_trace.py:47 close.complete
DEBUG 2026-06-14 09:12:40 re/_trace.py:47 close.started
DEBUG 2026-06-14 09:12:40 re/_trace.py:47 close.complete
DEBUG 2026-06-14 09:12:40 re/_trace.py:47 close.started
DEBUG 2026-06-14 09:12:40 re/_trace.py:47 close.complete
DEBUG 2026-06-14 09:12:40 re/_trace.py:47 close.started
DEBUG 2026-06-14 09:12:40 re/_trace.py:47 close.complete
DEBUG 2026-06-14 09:12:41 re/_trace.py:47 close.started
DEBUG 2026-06-14 09:12:41 re/_trace.py:47 close.complete
DEBUG 2026-06-14 09:12:41 re/_trace.py:47 close.started
DEBUG 2026-06-14 09:12:41 re/_trace.py:47 close.complete
DEBUG 2026-06-14 09:12:41 re/_trace.py:47 close.started
DEBUG 2026-06-14 09:12:41 re/_trace.py:47 close.complete
DEBUG 2026-06-14 09:12:41 re/_trace.py:47 close.started
DEBUG 2026-06-14 09:12:41 re/_trace.py:47 close.complete
DEBUG 2026-06-14 09:12:41 re/_trace.py:47 close.started
DEBUG 2026-06-14 09:12:41 re/_trace.py:47 close.complete
INFO 2026-06-14 09:14:58 ot_train.py:459 step:19K smpl:13M ep:18K epch:362.88 loss:0.002 grdn:0.171 lr:3.9e-05 updt_s:3.605 data_s:0.668
WARNING 2026-06-14 09:14:58 db_utils.py:181 WandB logging of key "loss_per_dim" was ignored as its type "<class 'list'>" is not handled by this wrapper.
DEBUG 2026-06-14 09:16:21 re/_trace.py:47 close.started
DEBUG 2026-06-14 09:16:21 re/_trace.py:47 close.complete
DEBUG 2026-06-14 09:16:21 re/_trace.py:47 close.started
DEBUG 2026-06-14 09:16:21 re/_trace.py:47 close.complete
DEBUG 2026-06-14 09:16:22 re/_trace.py:47 close.started
DEBUG 2026-06-14 09:16:22 re/_trace.py:47 close.complete
DEBUG 2026-06-14 09:16:22 re/_trace.py:47 close.started
DEBUG 2026-06-14 09:16:22 re/_trace.py:47 close.complete
DEBUG 2026-06-14 09:16:22 re/_trace.py:47 close.started
DEBUG 2026-06-14 09:16:22 re/_trace.py:47 close.complete
DEBUG 2026-06-14 09:16:22 re/_trace.py:47 close.started
DEBUG 2026-06-14 09:16:22 re/_trace.py:47 close.complete
DEBUG 2026-06-14 09:16:22 re/_trace.py:47 close.started
DEBUG 2026-06-14 09:16:22 re/_trace.py:47 close.complete
DEBUG 2026-06-14 09:16:22 re/_trace.py:47 close.started
DEBUG 2026-06-14 09:16:22 re/_trace.py:47 close.complete
DEBUG 2026-06-14 09:16:22 re/_trace.py:47 close.started
DEBUG 2026-06-14 09:16:22 re/_trace.py:47 close.complete
DEBUG 2026-06-14 09:16:22 re/_trace.py:47 close.started
DEBUG 2026-06-14 09:16:22 re/_trace.py:47 close.complete
DEBUG 2026-06-14 09:20:05 re/_trace.py:47 close.started
DEBUG 2026-06-14 09:20:05 re/_trace.py:47 close.complete
DEBUG 2026-06-14 09:20:05 re/_trace.py:47 close.started
DEBUG 2026-06-14 09:20:05 re/_trace.py:47 close.complete
DEBUG 2026-06-14 09:20:05 re/_trace.py:47 close.started
DEBUG 2026-06-14 09:20:05 re/_trace.py:47 close.complete
DEBUG 2026-06-14 09:20:05 re/_trace.py:47 close.started
DEBUG 2026-06-14 09:20:05 re/_trace.py:47 close.complete
DEBUG 2026-06-14 09:20:05 re/_trace.py:47 close.started
DEBUG 2026-06-14 09:20:05 re/_trace.py:47 close.complete
DEBUG 2026-06-14 09:20:06 re/_trace.py:47 close.started
DEBUG 2026-06-14 09:20:06 re/_trace.py:47 close.complete
DEBUG 2026-06-14 09:20:06 re/_trace.py:47 close.started
DEBUG 2026-06-14 09:20:06 re/_trace.py:47 close.complete
DEBUG 2026-06-14 09:20:06 re/_trace.py:47 close.started
DEBUG 2026-06-14 09:20:06 re/_trace.py:47 close.complete
DEBUG 2026-06-14 09:20:06 re/_trace.py:47 close.started
DEBUG 2026-06-14 09:20:06 re/_trace.py:47 close.complete
DEBUG 2026-06-14 09:20:06 re/_trace.py:47 close.started
DEBUG 2026-06-14 09:20:06 re/_trace.py:47 close.complete
DEBUG 2026-06-14 09:23:44 re/_trace.py:47 close.started
DEBUG 2026-06-14 09:23:44 re/_trace.py:47 close.complete
DEBUG 2026-06-14 09:23:44 re/_trace.py:47 close.started
DEBUG 2026-06-14 09:23:44 re/_trace.py:47 close.complete
DEBUG 2026-06-14 09:23:44 re/_trace.py:47 close.started
DEBUG 2026-06-14 09:23:44 re/_trace.py:47 close.complete
DEBUG 2026-06-14 09:23:44 re/_trace.py:47 close.started
DEBUG 2026-06-14 09:23:44 re/_trace.py:47 close.complete
DEBUG 2026-06-14 09:23:44 re/_trace.py:47 close.started
DEBUG 2026-06-14 09:23:44 re/_trace.py:47 close.complete
DEBUG 2026-06-14 09:23:44 re/_trace.py:47 close.started
DEBUG 2026-06-14 09:23:44 re/_trace.py:47 close.complete
DEBUG 2026-06-14 09:23:44 re/_trace.py:47 close.started
DEBUG 2026-06-14 09:23:44 re/_trace.py:47 close.complete
DEBUG 2026-06-14 09:23:44 re/_trace.py:47 close.started
DEBUG 2026-06-14 09:23:44 re/_trace.py:47 close.complete
DEBUG 2026-06-14 09:23:44 re/_trace.py:47 close.started
DEBUG 2026-06-14 09:23:44 re/_trace.py:47 close.complete
DEBUG 2026-06-14 09:23:44 re/_trace.py:47 close.started
DEBUG 2026-06-14 09:23:44 re/_trace.py:47 close.complete
DEBUG 2026-06-14 09:27:25 re/_trace.py:47 close.started
DEBUG 2026-06-14 09:27:25 re/_trace.py:47 close.complete
DEBUG 2026-06-14 09:27:25 re/_trace.py:47 close.started
DEBUG 2026-06-14 09:27:25 re/_trace.py:47 close.complete
DEBUG 2026-06-14 09:27:25 re/_trace.py:47 close.started
DEBUG 2026-06-14 09:27:25 re/_trace.py:47 close.complete
DEBUG 2026-06-14 09:27:25 re/_trace.py:47 close.started
DEBUG 2026-06-14 09:27:25 re/_trace.py:47 close.complete
DEBUG 2026-06-14 09:27:25 re/_trace.py:47 close.started
DEBUG 2026-06-14 09:27:25 re/_trace.py:47 close.complete
DEBUG 2026-06-14 09:27:25 re/_trace.py:47 close.started
DEBUG 2026-06-14 09:27:25 re/_trace.py:47 close.complete
DEBUG 2026-06-14 09:27:25 re/_trace.py:47 close.started
DEBUG 2026-06-14 09:27:25 re/_trace.py:47 close.complete
DEBUG 2026-06-14 09:27:25 re/_trace.py:47 close.started
DEBUG 2026-06-14 09:27:25 re/_trace.py:47 close.complete
DEBUG 2026-06-14 09:27:25 re/_trace.py:47 close.started
DEBUG 2026-06-14 09:27:25 re/_trace.py:47 close.complete
DEBUG 2026-06-14 09:27:25 re/_trace.py:47 close.started
DEBUG 2026-06-14 09:27:25 re/_trace.py:47 close.complete
INFO 2026-06-14 09:29:15 ot_train.py:459 step:19K smpl:13M ep:18K epch:366.74 loss:0.002 grdn:0.163 lr:3.8e-05 updt_s:3.592 data_s:0.688
WARNING 2026-06-14 09:29:15 db_utils.py:181 WandB logging of key "loss_per_dim" was ignored as its type "<class 'list'>" is not handled by this wrapper.
DEBUG 2026-06-14 09:31:05 re/_trace.py:47 close.started
DEBUG 2026-06-14 09:31:05 re/_trace.py:47 close.complete
DEBUG 2026-06-14 09:31:05 re/_trace.py:47 close.started
DEBUG 2026-06-14 09:31:05 re/_trace.py:47 close.complete
DEBUG 2026-06-14 09:31:06 re/_trace.py:47 close.started
DEBUG 2026-06-14 09:31:06 re/_trace.py:47 close.complete
DEBUG 2026-06-14 09:31:06 re/_trace.py:47 close.started
DEBUG 2026-06-14 09:31:06 re/_trace.py:47 close.complete
DEBUG 2026-06-14 09:31:06 re/_trace.py:47 close.started
DEBUG 2026-06-14 09:31:06 re/_trace.py:47 close.complete
DEBUG 2026-06-14 09:31:06 re/_trace.py:47 close.started
DEBUG 2026-06-14 09:31:06 re/_trace.py:47 close.complete
DEBUG 2026-06-14 09:31:06 re/_trace.py:47 close.started
DEBUG 2026-06-14 09:31:06 re/_trace.py:47 close.complete
DEBUG 2026-06-14 09:31:06 re/_trace.py:47 close.started
DEBUG 2026-06-14 09:31:06 re/_trace.py:47 close.complete
DEBUG 2026-06-14 09:31:06 re/_trace.py:47 close.started
DEBUG 2026-06-14 09:31:06 re/_trace.py:47 close.complete
DEBUG 2026-06-14 09:31:06 re/_trace.py:47 close.started
DEBUG 2026-06-14 09:31:06 re/_trace.py:47 close.complete
DEBUG 2026-06-14 09:34:46 re/_trace.py:47 close.started
DEBUG 2026-06-14 09:34:46 re/_trace.py:47 close.complete
DEBUG 2026-06-14 09:34:46 re/_trace.py:47 close.started
DEBUG 2026-06-14 09:34:46 re/_trace.py:47 close.complete
DEBUG 2026-06-14 09:34:46 re/_trace.py:47 close.started
DEBUG 2026-06-14 09:34:46 re/_trace.py:47 close.complete
DEBUG 2026-06-14 09:34:46 re/_trace.py:47 close.started
DEBUG 2026-06-14 09:34:46 re/_trace.py:47 close.complete
DEBUG 2026-06-14 09:34:46 re/_trace.py:47 close.started
DEBUG 2026-06-14 09:34:46 re/_trace.py:47 close.complete
DEBUG 2026-06-14 09:34:46 re/_trace.py:47 close.started
DEBUG 2026-06-14 09:34:46 re/_trace.py:47 close.complete
DEBUG 2026-06-14 09:34:46 re/_trace.py:47 close.started
DEBUG 2026-06-14 09:34:46 re/_trace.py:47 close.complete
DEBUG 2026-06-14 09:34:47 re/_trace.py:47 close.started
DEBUG 2026-06-14 09:34:47 re/_trace.py:47 close.complete
DEBUG 2026-06-14 09:34:47 re/_trace.py:47 close.started
DEBUG 2026-06-14 09:34:47 re/_trace.py:47 close.complete
DEBUG 2026-06-14 09:34:47 re/_trace.py:47 close.started
DEBUG 2026-06-14 09:34:47 re/_trace.py:47 close.complete
DEBUG 2026-06-14 09:38:26 re/_trace.py:47 close.started
DEBUG 2026-06-14 09:38:26 re/_trace.py:47 close.complete
DEBUG 2026-06-14 09:38:26 re/_trace.py:47 close.started
DEBUG 2026-06-14 09:38:26 re/_trace.py:47 close.complete
DEBUG 2026-06-14 09:38:26 re/_trace.py:47 close.started
DEBUG 2026-06-14 09:38:26 re/_trace.py:47 close.complete
DEBUG 2026-06-14 09:38:26 re/_trace.py:47 close.started
DEBUG 2026-06-14 09:38:26 re/_trace.py:47 close.complete
DEBUG 2026-06-14 09:38:26 re/_trace.py:47 close.started
DEBUG 2026-06-14 09:38:26 re/_trace.py:47 close.complete
DEBUG 2026-06-14 09:38:26 re/_trace.py:47 close.started
DEBUG 2026-06-14 09:38:26 re/_trace.py:47 close.complete
DEBUG 2026-06-14 09:38:26 re/_trace.py:47 close.started
DEBUG 2026-06-14 09:38:26 re/_trace.py:47 close.complete
DEBUG 2026-06-14 09:38:27 re/_trace.py:47 close.started
DEBUG 2026-06-14 09:38:27 re/_trace.py:47 close.complete
DEBUG 2026-06-14 09:38:27 re/_trace.py:47 close.started
DEBUG 2026-06-14 09:38:27 re/_trace.py:47 close.complete
DEBUG 2026-06-14 09:38:27 re/_trace.py:47 close.started
DEBUG 2026-06-14 09:38:27 re/_trace.py:47 close.complete
DEBUG 2026-06-14 09:42:06 re/_trace.py:47 close.started
DEBUG 2026-06-14 09:42:06 re/_trace.py:47 close.complete
DEBUG 2026-06-14 09:42:06 re/_trace.py:47 close.started
DEBUG 2026-06-14 09:42:06 re/_trace.py:47 close.complete
DEBUG 2026-06-14 09:42:06 re/_trace.py:47 close.started
DEBUG 2026-06-14 09:42:06 re/_trace.py:47 close.complete
DEBUG 2026-06-14 09:42:06 re/_trace.py:47 close.started
DEBUG 2026-06-14 09:42:06 re/_trace.py:47 close.complete
DEBUG 2026-06-14 09:42:06 re/_trace.py:47 close.started
DEBUG 2026-06-14 09:42:06 re/_trace.py:47 close.complete
DEBUG 2026-06-14 09:42:06 re/_trace.py:47 close.started
DEBUG 2026-06-14 09:42:06 re/_trace.py:47 close.complete
DEBUG 2026-06-14 09:42:06 re/_trace.py:47 close.started
DEBUG 2026-06-14 09:42:06 re/_trace.py:47 close.complete
DEBUG 2026-06-14 09:42:06 re/_trace.py:47 close.started
DEBUG 2026-06-14 09:42:06 re/_trace.py:47 close.complete
DEBUG 2026-06-14 09:42:06 re/_trace.py:47 close.started
DEBUG 2026-06-14 09:42:06 re/_trace.py:47 close.complete
DEBUG 2026-06-14 09:42:07 re/_trace.py:47 close.started
DEBUG 2026-06-14 09:42:07 re/_trace.py:47 close.complete
INFO 2026-06-14 09:43:24 ot_train.py:459 step:19K smpl:14M ep:19K epch:370.60 loss:0.002 grdn:0.167 lr:3.7e-05 updt_s:3.602 data_s:0.640
WARNING 2026-06-14 09:43:24 db_utils.py:181 WandB logging of key "loss_per_dim" was ignored as its type "<class 'list'>" is not handled by this wrapper.
DEBUG 2026-06-14 09:45:46 re/_trace.py:47 close.started
DEBUG 2026-06-14 09:45:46 re/_trace.py:47 close.complete
DEBUG 2026-06-14 09:45:46 re/_trace.py:47 close.started
DEBUG 2026-06-14 09:45:46 re/_trace.py:47 close.complete
DEBUG 2026-06-14 09:45:46 re/_trace.py:47 close.started
DEBUG 2026-06-14 09:45:46 re/_trace.py:47 close.complete
DEBUG 2026-06-14 09:45:46 re/_trace.py:47 close.started
DEBUG 2026-06-14 09:45:46 re/_trace.py:47 close.complete
DEBUG 2026-06-14 09:45:46 re/_trace.py:47 close.started
DEBUG 2026-06-14 09:45:46 re/_trace.py:47 close.complete
DEBUG 2026-06-14 09:45:46 re/_trace.py:47 close.started
DEBUG 2026-06-14 09:45:46 re/_trace.py:47 close.complete
DEBUG 2026-06-14 09:45:46 re/_trace.py:47 close.started
DEBUG 2026-06-14 09:45:46 re/_trace.py:47 close.complete
DEBUG 2026-06-14 09:45:46 re/_trace.py:47 close.started
DEBUG 2026-06-14 09:45:46 re/_trace.py:47 close.complete
DEBUG 2026-06-14 09:45:46 re/_trace.py:47 close.started
DEBUG 2026-06-14 09:45:46 re/_trace.py:47 close.complete
DEBUG 2026-06-14 09:45:46 re/_trace.py:47 close.started
DEBUG 2026-06-14 09:45:46 re/_trace.py:47 close.complete
DEBUG 2026-06-14 09:49:26 re/_trace.py:47 close.started
DEBUG 2026-06-14 09:49:26 re/_trace.py:47 close.complete
DEBUG 2026-06-14 09:49:26 re/_trace.py:47 close.started
DEBUG 2026-06-14 09:49:26 re/_trace.py:47 close.complete
DEBUG 2026-06-14 09:49:26 re/_trace.py:47 close.started
DEBUG 2026-06-14 09:49:26 re/_trace.py:47 close.complete
DEBUG 2026-06-14 09:49:26 re/_trace.py:47 close.started
DEBUG 2026-06-14 09:49:26 re/_trace.py:47 close.complete
DEBUG 2026-06-14 09:49:26 re/_trace.py:47 close.started
DEBUG 2026-06-14 09:49:26 re/_trace.py:47 close.complete
DEBUG 2026-06-14 09:49:26 re/_trace.py:47 close.started
DEBUG 2026-06-14 09:49:26 re/_trace.py:47 close.complete
DEBUG 2026-06-14 09:49:26 re/_trace.py:47 close.started
DEBUG 2026-06-14 09:49:26 re/_trace.py:47 close.complete
DEBUG 2026-06-14 09:49:26 re/_trace.py:47 close.started
DEBUG 2026-06-14 09:49:26 re/_trace.py:47 close.complete
DEBUG 2026-06-14 09:49:26 re/_trace.py:47 close.started
DEBUG 2026-06-14 09:49:26 re/_trace.py:47 close.complete
DEBUG 2026-06-14 09:49:26 re/_trace.py:47 close.started
DEBUG 2026-06-14 09:49:26 re/_trace.py:47 close.complete
DEBUG 2026-06-14 09:53:06 re/_trace.py:47 close.started
DEBUG 2026-06-14 09:53:06 re/_trace.py:47 close.complete
DEBUG 2026-06-14 09:53:06 re/_trace.py:47 close.started
DEBUG 2026-06-14 09:53:06 re/_trace.py:47 close.complete
DEBUG 2026-06-14 09:53:06 re/_trace.py:47 close.started
DEBUG 2026-06-14 09:53:06 re/_trace.py:47 close.complete
DEBUG 2026-06-14 09:53:06 re/_trace.py:47 close.started
DEBUG 2026-06-14 09:53:06 re/_trace.py:47 close.complete
DEBUG 2026-06-14 09:53:06 re/_trace.py:47 close.started
DEBUG 2026-06-14 09:53:06 re/_trace.py:47 close.complete
DEBUG 2026-06-14 09:53:06 re/_trace.py:47 close.started
DEBUG 2026-06-14 09:53:06 re/_trace.py:47 close.complete
DEBUG 2026-06-14 09:53:06 re/_trace.py:47 close.started
DEBUG 2026-06-14 09:53:06 re/_trace.py:47 close.complete
DEBUG 2026-06-14 09:53:06 re/_trace.py:47 close.started
DEBUG 2026-06-14 09:53:06 re/_trace.py:47 close.complete
DEBUG 2026-06-14 09:53:06 re/_trace.py:47 close.started
DEBUG 2026-06-14 09:53:06 re/_trace.py:47 close.complete
DEBUG 2026-06-14 09:53:06 re/_trace.py:47 close.started
DEBUG 2026-06-14 09:53:06 re/_trace.py:47 close.complete
DEBUG 2026-06-14 09:56:45 re/_trace.py:47 close.started
DEBUG 2026-06-14 09:56:45 re/_trace.py:47 close.complete
DEBUG 2026-06-14 09:56:46 re/_trace.py:47 close.started
DEBUG 2026-06-14 09:56:46 re/_trace.py:47 close.complete
DEBUG 2026-06-14 09:56:46 re/_trace.py:47 close.started
DEBUG 2026-06-14 09:56:46 re/_trace.py:47 close.complete
DEBUG 2026-06-14 09:56:46 re/_trace.py:47 close.started
DEBUG 2026-06-14 09:56:46 re/_trace.py:47 close.complete
DEBUG 2026-06-14 09:56:46 re/_trace.py:47 close.started
DEBUG 2026-06-14 09:56:46 re/_trace.py:47 close.complete
DEBUG 2026-06-14 09:56:46 re/_trace.py:47 close.started
DEBUG 2026-06-14 09:56:46 re/_trace.py:47 close.complete
DEBUG 2026-06-14 09:56:46 re/_trace.py:47 close.started
DEBUG 2026-06-14 09:56:46 re/_trace.py:47 close.complete
DEBUG 2026-06-14 09:56:46 re/_trace.py:47 close.started
DEBUG 2026-06-14 09:56:46 re/_trace.py:47 close.complete
DEBUG 2026-06-14 09:56:46 re/_trace.py:47 close.started
DEBUG 2026-06-14 09:56:46 re/_trace.py:47 close.complete
DEBUG 2026-06-14 09:56:46 re/_trace.py:47 close.started
DEBUG 2026-06-14 09:56:46 re/_trace.py:47 close.complete
INFO 2026-06-14 09:57:33 ot_train.py:459 step:19K smpl:14M ep:19K epch:374.46 loss:0.002 grdn:0.149 lr:3.6e-05 updt_s:3.557 data_s:0.685
WARNING 2026-06-14 09:57:33 db_utils.py:181 WandB logging of key "loss_per_dim" was ignored as its type "<class 'list'>" is not handled by this wrapper.
DEBUG 2026-06-14 10:00:24 re/_trace.py:47 close.started
DEBUG 2026-06-14 10:00:24 re/_trace.py:47 close.complete
DEBUG 2026-06-14 10:00:24 re/_trace.py:47 close.started
DEBUG 2026-06-14 10:00:24 re/_trace.py:47 close.complete
DEBUG 2026-06-14 10:00:24 re/_trace.py:47 close.started
DEBUG 2026-06-14 10:00:24 re/_trace.py:47 close.complete
DEBUG 2026-06-14 10:00:24 re/_trace.py:47 close.started
DEBUG 2026-06-14 10:00:24 re/_trace.py:47 close.complete
DEBUG 2026-06-14 10:00:24 re/_trace.py:47 close.started
DEBUG 2026-06-14 10:00:24 re/_trace.py:47 close.complete
DEBUG 2026-06-14 10:00:24 re/_trace.py:47 close.started
DEBUG 2026-06-14 10:00:24 re/_trace.py:47 close.complete
DEBUG 2026-06-14 10:00:24 re/_trace.py:47 close.started
DEBUG 2026-06-14 10:00:24 re/_trace.py:47 close.complete
DEBUG 2026-06-14 10:00:24 re/_trace.py:47 close.started
DEBUG 2026-06-14 10:00:24 re/_trace.py:47 close.complete
DEBUG 2026-06-14 10:00:24 re/_trace.py:47 close.started
DEBUG 2026-06-14 10:00:24 re/_trace.py:47 close.complete
DEBUG 2026-06-14 10:00:24 re/_trace.py:47 close.started
DEBUG 2026-06-14 10:00:24 re/_trace.py:47 close.complete
DEBUG 2026-06-14 10:04:04 re/_trace.py:47 close.started
DEBUG 2026-06-14 10:04:04 re/_trace.py:47 close.complete
DEBUG 2026-06-14 10:04:04 re/_trace.py:47 close.started
DEBUG 2026-06-14 10:04:04 re/_trace.py:47 close.complete
DEBUG 2026-06-14 10:04:05 re/_trace.py:47 close.started
DEBUG 2026-06-14 10:04:05 re/_trace.py:47 close.complete
DEBUG 2026-06-14 10:04:05 re/_trace.py:47 close.started
DEBUG 2026-06-14 10:04:05 re/_trace.py:47 close.complete
DEBUG 2026-06-14 10:04:05 re/_trace.py:47 close.started
DEBUG 2026-06-14 10:04:05 re/_trace.py:47 close.complete
DEBUG 2026-06-14 10:04:05 re/_trace.py:47 close.started
DEBUG 2026-06-14 10:04:05 re/_trace.py:47 close.complete
DEBUG 2026-06-14 10:04:05 re/_trace.py:47 close.started
DEBUG 2026-06-14 10:04:05 re/_trace.py:47 close.complete
DEBUG 2026-06-14 10:04:05 re/_trace.py:47 close.started
DEBUG 2026-06-14 10:04:05 re/_trace.py:47 close.complete
DEBUG 2026-06-14 10:04:05 re/_trace.py:47 close.started
DEBUG 2026-06-14 10:04:05 re/_trace.py:47 close.complete
DEBUG 2026-06-14 10:04:05 re/_trace.py:47 close.started
DEBUG 2026-06-14 10:04:05 re/_trace.py:47 close.complete
DEBUG 2026-06-14 10:07:45 re/_trace.py:47 close.started
DEBUG 2026-06-14 10:07:45 re/_trace.py:47 close.complete
DEBUG 2026-06-14 10:07:45 re/_trace.py:47 close.started
DEBUG 2026-06-14 10:07:45 re/_trace.py:47 close.complete
DEBUG 2026-06-14 10:07:45 re/_trace.py:47 close.started
DEBUG 2026-06-14 10:07:45 re/_trace.py:47 close.complete
DEBUG 2026-06-14 10:07:45 re/_trace.py:47 close.started
DEBUG 2026-06-14 10:07:45 re/_trace.py:47 close.complete
DEBUG 2026-06-14 10:07:45 re/_trace.py:47 close.started
DEBUG 2026-06-14 10:07:45 re/_trace.py:47 close.complete
DEBUG 2026-06-14 10:07:45 re/_trace.py:47 close.started
DEBUG 2026-06-14 10:07:45 re/_trace.py:47 close.complete
DEBUG 2026-06-14 10:07:45 re/_trace.py:47 close.started
DEBUG 2026-06-14 10:07:45 re/_trace.py:47 close.complete
DEBUG 2026-06-14 10:07:45 re/_trace.py:47 close.started
DEBUG 2026-06-14 10:07:45 re/_trace.py:47 close.complete
DEBUG 2026-06-14 10:07:45 re/_trace.py:47 close.started
DEBUG 2026-06-14 10:07:45 re/_trace.py:47 close.complete
DEBUG 2026-06-14 10:07:45 re/_trace.py:47 close.started
DEBUG 2026-06-14 10:07:45 re/_trace.py:47 close.complete
INFO 2026-06-14 10:11:12 ot_train.py:459 step:20K smpl:14M ep:19K epch:378.32 loss:0.002 grdn:0.150 lr:3.5e-05 updt_s:3.594 data_s:0.499
WARNING 2026-06-14 10:11:12 db_utils.py:181 WandB logging of key "loss_per_dim" was ignored as its type "<class 'list'>" is not handled by this wrapper.
DEBUG 2026-06-14 10:11:27 re/_trace.py:47 close.started
DEBUG 2026-06-14 10:11:27 re/_trace.py:47 close.complete
DEBUG 2026-06-14 10:11:27 re/_trace.py:47 close.started
DEBUG 2026-06-14 10:11:27 re/_trace.py:47 close.complete
DEBUG 2026-06-14 10:11:27 re/_trace.py:47 close.started
DEBUG 2026-06-14 10:11:27 re/_trace.py:47 close.complete
DEBUG 2026-06-14 10:11:27 re/_trace.py:47 close.started
DEBUG 2026-06-14 10:11:27 re/_trace.py:47 close.complete
DEBUG 2026-06-14 10:11:27 re/_trace.py:47 close.started
DEBUG 2026-06-14 10:11:27 re/_trace.py:47 close.complete
DEBUG 2026-06-14 10:11:27 re/_trace.py:47 close.started
DEBUG 2026-06-14 10:11:27 re/_trace.py:47 close.complete
DEBUG 2026-06-14 10:11:27 re/_trace.py:47 close.started
DEBUG 2026-06-14 10:11:27 re/_trace.py:47 close.complete
DEBUG 2026-06-14 10:11:27 re/_trace.py:47 close.started
DEBUG 2026-06-14 10:11:27 re/_trace.py:47 close.complete
DEBUG 2026-06-14 10:11:27 re/_trace.py:47 close.started
DEBUG 2026-06-14 10:11:27 re/_trace.py:47 close.complete
DEBUG 2026-06-14 10:11:27 re/_trace.py:47 close.started
DEBUG 2026-06-14 10:11:27 re/_trace.py:47 close.complete
DEBUG 2026-06-14 10:15:07 re/_trace.py:47 close.started
DEBUG 2026-06-14 10:15:07 re/_trace.py:47 close.complete
DEBUG 2026-06-14 10:15:07 re/_trace.py:47 close.started
DEBUG 2026-06-14 10:15:07 re/_trace.py:47 close.complete
DEBUG 2026-06-14 10:15:07 re/_trace.py:47 close.started
DEBUG 2026-06-14 10:15:07 re/_trace.py:47 close.complete
DEBUG 2026-06-14 10:15:07 re/_trace.py:47 close.started
DEBUG 2026-06-14 10:15:07 re/_trace.py:47 close.complete
DEBUG 2026-06-14 10:15:07 re/_trace.py:47 close.started
DEBUG 2026-06-14 10:15:07 re/_trace.py:47 close.complete
DEBUG 2026-06-14 10:15:07 re/_trace.py:47 close.started
DEBUG 2026-06-14 10:15:07 re/_trace.py:47 close.complete
DEBUG 2026-06-14 10:15:07 re/_trace.py:47 close.started
DEBUG 2026-06-14 10:15:07 re/_trace.py:47 close.complete
DEBUG 2026-06-14 10:15:07 re/_trace.py:47 close.started
DEBUG 2026-06-14 10:15:07 re/_trace.py:47 close.complete
DEBUG 2026-06-14 10:15:07 re/_trace.py:47 close.started
DEBUG 2026-06-14 10:15:07 re/_trace.py:47 close.complete
DEBUG 2026-06-14 10:15:08 re/_trace.py:47 close.started
DEBUG 2026-06-14 10:15:08 re/_trace.py:47 close.complete
DEBUG 2026-06-14 10:18:46 re/_trace.py:47 close.started
DEBUG 2026-06-14 10:18:46 re/_trace.py:47 close.complete
DEBUG 2026-06-14 10:18:46 re/_trace.py:47 close.started
DEBUG 2026-06-14 10:18:46 re/_trace.py:47 close.complete
DEBUG 2026-06-14 10:18:46 re/_trace.py:47 close.started
DEBUG 2026-06-14 10:18:46 re/_trace.py:47 close.complete
DEBUG 2026-06-14 10:18:46 re/_trace.py:47 close.started
DEBUG 2026-06-14 10:18:46 re/_trace.py:47 close.complete
DEBUG 2026-06-14 10:18:46 re/_trace.py:47 close.started
DEBUG 2026-06-14 10:18:46 re/_trace.py:47 close.complete
DEBUG 2026-06-14 10:18:46 re/_trace.py:47 close.started
DEBUG 2026-06-14 10:18:46 re/_trace.py:47 close.complete
DEBUG 2026-06-14 10:18:46 re/_trace.py:47 close.started
DEBUG 2026-06-14 10:18:46 re/_trace.py:47 close.complete
DEBUG 2026-06-14 10:18:46 re/_trace.py:47 close.started
DEBUG 2026-06-14 10:18:46 re/_trace.py:47 close.complete
DEBUG 2026-06-14 10:18:46 re/_trace.py:47 close.started
DEBUG 2026-06-14 10:18:46 re/_trace.py:47 close.complete
DEBUG 2026-06-14 10:18:46 re/_trace.py:47 close.started
DEBUG 2026-06-14 10:18:46 re/_trace.py:47 close.complete
DEBUG 2026-06-14 10:22:27 re/_trace.py:47 close.started
DEBUG 2026-06-14 10:22:27 re/_trace.py:47 close.complete
DEBUG 2026-06-14 10:22:27 re/_trace.py:47 close.started
DEBUG 2026-06-14 10:22:27 re/_trace.py:47 close.complete
DEBUG 2026-06-14 10:22:28 re/_trace.py:47 close.started
DEBUG 2026-06-14 10:22:28 re/_trace.py:47 close.complete
DEBUG 2026-06-14 10:22:28 re/_trace.py:47 close.started
DEBUG 2026-06-14 10:22:28 re/_trace.py:47 close.complete
DEBUG 2026-06-14 10:22:28 re/_trace.py:47 close.started
DEBUG 2026-06-14 10:22:28 re/_trace.py:47 close.complete
DEBUG 2026-06-14 10:22:28 re/_trace.py:47 close.started
DEBUG 2026-06-14 10:22:28 re/_trace.py:47 close.complete
DEBUG 2026-06-14 10:22:28 re/_trace.py:47 close.started
DEBUG 2026-06-14 10:22:28 re/_trace.py:47 close.complete
DEBUG 2026-06-14 10:22:28 re/_trace.py:47 close.started
DEBUG 2026-06-14 10:22:28 re/_trace.py:47 close.complete
DEBUG 2026-06-14 10:22:28 re/_trace.py:47 close.started
DEBUG 2026-06-14 10:22:28 re/_trace.py:47 close.complete
DEBUG 2026-06-14 10:22:28 re/_trace.py:47 close.started
DEBUG 2026-06-14 10:22:28 re/_trace.py:47 close.complete
INFO 2026-06-14 10:25:24 ot_train.py:459 step:20K smpl:14M ep:19K epch:382.18 loss:0.002 grdn:0.150 lr:3.3e-05 updt_s:3.575 data_s:0.676
WARNING 2026-06-14 10:25:24 db_utils.py:181 WandB logging of key "loss_per_dim" was ignored as its type "<class 'list'>" is not handled by this wrapper.
DEBUG 2026-06-14 10:26:06 re/_trace.py:47 close.started
DEBUG 2026-06-14 10:26:06 re/_trace.py:47 close.complete
DEBUG 2026-06-14 10:26:06 re/_trace.py:47 close.started
DEBUG 2026-06-14 10:26:06 re/_trace.py:47 close.complete
DEBUG 2026-06-14 10:26:06 re/_trace.py:47 close.started
DEBUG 2026-06-14 10:26:06 re/_trace.py:47 close.complete
DEBUG 2026-06-14 10:26:06 re/_trace.py:47 close.started
DEBUG 2026-06-14 10:26:06 re/_trace.py:47 close.complete
DEBUG 2026-06-14 10:26:06 re/_trace.py:47 close.started
DEBUG 2026-06-14 10:26:06 re/_trace.py:47 close.complete
DEBUG 2026-06-14 10:26:06 re/_trace.py:47 close.started
DEBUG 2026-06-14 10:26:06 re/_trace.py:47 close.complete
DEBUG 2026-06-14 10:26:06 re/_trace.py:47 close.started
DEBUG 2026-06-14 10:26:06 re/_trace.py:47 close.complete
DEBUG 2026-06-14 10:26:06 re/_trace.py:47 close.started
DEBUG 2026-06-14 10:26:06 re/_trace.py:47 close.complete
DEBUG 2026-06-14 10:26:06 re/_trace.py:47 close.started
DEBUG 2026-06-14 10:26:06 re/_trace.py:47 close.complete
DEBUG 2026-06-14 10:26:06 re/_trace.py:47 close.started
DEBUG 2026-06-14 10:26:06 re/_trace.py:47 close.complete
DEBUG 2026-06-14 10:29:46 re/_trace.py:47 close.started
DEBUG 2026-06-14 10:29:46 re/_trace.py:47 close.complete
DEBUG 2026-06-14 10:29:46 re/_trace.py:47 close.started
DEBUG 2026-06-14 10:29:46 re/_trace.py:47 close.complete
DEBUG 2026-06-14 10:29:46 re/_trace.py:47 close.started
DEBUG 2026-06-14 10:29:46 re/_trace.py:47 close.complete
DEBUG 2026-06-14 10:29:46 re/_trace.py:47 close.started
DEBUG 2026-06-14 10:29:46 re/_trace.py:47 close.complete
DEBUG 2026-06-14 10:29:46 re/_trace.py:47 close.started
DEBUG 2026-06-14 10:29:46 re/_trace.py:47 close.complete
DEBUG 2026-06-14 10:29:46 re/_trace.py:47 close.started
DEBUG 2026-06-14 10:29:46 re/_trace.py:47 close.complete
DEBUG 2026-06-14 10:29:46 re/_trace.py:47 close.started
DEBUG 2026-06-14 10:29:46 re/_trace.py:47 close.complete
DEBUG 2026-06-14 10:29:46 re/_trace.py:47 close.started
DEBUG 2026-06-14 10:29:46 re/_trace.py:47 close.complete
DEBUG 2026-06-14 10:29:46 re/_trace.py:47 close.started
DEBUG 2026-06-14 10:29:46 re/_trace.py:47 close.complete
DEBUG 2026-06-14 10:29:46 re/_trace.py:47 close.started
DEBUG 2026-06-14 10:29:46 re/_trace.py:47 close.complete
DEBUG 2026-06-14 10:33:28 re/_trace.py:47 close.started
DEBUG 2026-06-14 10:33:28 re/_trace.py:47 close.complete
DEBUG 2026-06-14 10:33:28 re/_trace.py:47 close.started
DEBUG 2026-06-14 10:33:28 re/_trace.py:47 close.complete
DEBUG 2026-06-14 10:33:28 re/_trace.py:47 close.started
DEBUG 2026-06-14 10:33:28 re/_trace.py:47 close.complete
DEBUG 2026-06-14 10:33:28 re/_trace.py:47 close.started
DEBUG 2026-06-14 10:33:28 re/_trace.py:47 close.complete
DEBUG 2026-06-14 10:33:29 re/_trace.py:47 close.started
DEBUG 2026-06-14 10:33:29 re/_trace.py:47 close.complete
DEBUG 2026-06-14 10:33:29 re/_trace.py:47 close.started
DEBUG 2026-06-14 10:33:29 re/_trace.py:47 close.complete
DEBUG 2026-06-14 10:33:29 re/_trace.py:47 close.started
DEBUG 2026-06-14 10:33:29 re/_trace.py:47 close.complete
DEBUG 2026-06-14 10:33:29 re/_trace.py:47 close.started
DEBUG 2026-06-14 10:33:29 re/_trace.py:47 close.complete
DEBUG 2026-06-14 10:33:29 re/_trace.py:47 close.started
DEBUG 2026-06-14 10:33:29 re/_trace.py:47 close.complete
DEBUG 2026-06-14 10:33:29 re/_trace.py:47 close.started
DEBUG 2026-06-14 10:33:29 re/_trace.py:47 close.complete
DEBUG 2026-06-14 10:37:11 re/_trace.py:47 close.started
DEBUG 2026-06-14 10:37:11 re/_trace.py:47 close.complete
DEBUG 2026-06-14 10:37:11 re/_trace.py:47 close.started
DEBUG 2026-06-14 10:37:11 re/_trace.py:47 close.complete
DEBUG 2026-06-14 10:37:11 re/_trace.py:47 close.started
DEBUG 2026-06-14 10:37:11 re/_trace.py:47 close.complete
DEBUG 2026-06-14 10:37:11 re/_trace.py:47 close.started
DEBUG 2026-06-14 10:37:11 re/_trace.py:47 close.complete
DEBUG 2026-06-14 10:37:11 re/_trace.py:47 close.started
DEBUG 2026-06-14 10:37:11 re/_trace.py:47 close.complete
DEBUG 2026-06-14 10:37:11 re/_trace.py:47 close.started
DEBUG 2026-06-14 10:37:11 re/_trace.py:47 close.complete
DEBUG 2026-06-14 10:37:11 re/_trace.py:47 close.started
DEBUG 2026-06-14 10:37:11 re/_trace.py:47 close.complete
DEBUG 2026-06-14 10:37:11 re/_trace.py:47 close.started
DEBUG 2026-06-14 10:37:11 re/_trace.py:47 close.complete
DEBUG 2026-06-14 10:37:11 re/_trace.py:47 close.started
DEBUG 2026-06-14 10:37:11 re/_trace.py:47 close.complete
DEBUG 2026-06-14 10:37:11 re/_trace.py:47 close.started
DEBUG 2026-06-14 10:37:11 re/_trace.py:47 close.complete
INFO 2026-06-14 10:39:40 ot_train.py:459 step:20K smpl:14M ep:19K epch:386.04 loss:0.002 grdn:0.153 lr:3.2e-05 updt_s:3.626 data_s:0.649
WARNING 2026-06-14 10:39:40 db_utils.py:181 WandB logging of key "loss_per_dim" was ignored as its type "<class 'list'>" is not handled by this wrapper.
DEBUG 2026-06-14 10:40:49 re/_trace.py:47 close.started
DEBUG 2026-06-14 10:40:49 re/_trace.py:47 close.complete
DEBUG 2026-06-14 10:40:49 re/_trace.py:47 close.started
DEBUG 2026-06-14 10:40:49 re/_trace.py:47 close.complete
DEBUG 2026-06-14 10:40:49 re/_trace.py:47 close.started
DEBUG 2026-06-14 10:40:49 re/_trace.py:47 close.complete
DEBUG 2026-06-14 10:40:49 re/_trace.py:47 close.started
DEBUG 2026-06-14 10:40:49 re/_trace.py:47 close.complete
DEBUG 2026-06-14 10:40:49 re/_trace.py:47 close.started
DEBUG 2026-06-14 10:40:49 re/_trace.py:47 close.complete
DEBUG 2026-06-14 10:40:50 re/_trace.py:47 close.started
DEBUG 2026-06-14 10:40:50 re/_trace.py:47 close.complete
DEBUG 2026-06-14 10:40:50 re/_trace.py:47 close.started
DEBUG 2026-06-14 10:40:50 re/_trace.py:47 close.complete
DEBUG 2026-06-14 10:40:50 re/_trace.py:47 close.started
DEBUG 2026-06-14 10:40:50 re/_trace.py:47 close.complete
DEBUG 2026-06-14 10:40:50 re/_trace.py:47 close.started
DEBUG 2026-06-14 10:40:50 re/_trace.py:47 close.complete
DEBUG 2026-06-14 10:40:50 re/_trace.py:47 close.started
DEBUG 2026-06-14 10:40:50 re/_trace.py:47 close.complete
DEBUG 2026-06-14 10:44:32 re/_trace.py:47 close.started
DEBUG 2026-06-14 10:44:32 re/_trace.py:47 close.complete
DEBUG 2026-06-14 10:44:32 re/_trace.py:47 close.started
DEBUG 2026-06-14 10:44:32 re/_trace.py:47 close.complete
DEBUG 2026-06-14 10:44:32 re/_trace.py:47 close.started
DEBUG 2026-06-14 10:44:32 re/_trace.py:47 close.complete
DEBUG 2026-06-14 10:44:32 re/_trace.py:47 close.started
DEBUG 2026-06-14 10:44:32 re/_trace.py:47 close.complete
DEBUG 2026-06-14 10:44:32 re/_trace.py:47 close.started
DEBUG 2026-06-14 10:44:32 re/_trace.py:47 close.complete
DEBUG 2026-06-14 10:44:32 re/_trace.py:47 close.started
DEBUG 2026-06-14 10:44:32 re/_trace.py:47 close.complete
DEBUG 2026-06-14 10:44:32 re/_trace.py:47 close.started
DEBUG 2026-06-14 10:44:32 re/_trace.py:47 close.complete
DEBUG 2026-06-14 10:44:32 re/_trace.py:47 close.started
DEBUG 2026-06-14 10:44:32 re/_trace.py:47 close.complete
DEBUG 2026-06-14 10:44:32 re/_trace.py:47 close.started
DEBUG 2026-06-14 10:44:32 re/_trace.py:47 close.complete
DEBUG 2026-06-14 10:44:32 re/_trace.py:47 close.started
DEBUG 2026-06-14 10:44:32 re/_trace.py:47 close.complete
DEBUG 2026-06-14 10:48:13 re/_trace.py:47 close.started
DEBUG 2026-06-14 10:48:13 re/_trace.py:47 close.complete
DEBUG 2026-06-14 10:48:13 re/_trace.py:47 close.started
DEBUG 2026-06-14 10:48:13 re/_trace.py:47 close.complete
DEBUG 2026-06-14 10:48:13 re/_trace.py:47 close.started
DEBUG 2026-06-14 10:48:13 re/_trace.py:47 close.complete
DEBUG 2026-06-14 10:48:13 re/_trace.py:47 close.started
DEBUG 2026-06-14 10:48:13 re/_trace.py:47 close.complete
DEBUG 2026-06-14 10:48:13 re/_trace.py:47 close.started
DEBUG 2026-06-14 10:48:13 re/_trace.py:47 close.complete
DEBUG 2026-06-14 10:48:13 re/_trace.py:47 close.started
DEBUG 2026-06-14 10:48:13 re/_trace.py:47 close.complete
DEBUG 2026-06-14 10:48:13 re/_trace.py:47 close.started
DEBUG 2026-06-14 10:48:13 re/_trace.py:47 close.complete
DEBUG 2026-06-14 10:48:13 re/_trace.py:47 close.started
DEBUG 2026-06-14 10:48:13 re/_trace.py:47 close.complete
DEBUG 2026-06-14 10:48:13 re/_trace.py:47 close.started
DEBUG 2026-06-14 10:48:13 re/_trace.py:47 close.complete
DEBUG 2026-06-14 10:48:13 re/_trace.py:47 close.started
DEBUG 2026-06-14 10:48:13 re/_trace.py:47 close.complete
DEBUG 2026-06-14 10:51:51 re/_trace.py:47 close.started
DEBUG 2026-06-14 10:51:51 re/_trace.py:47 close.complete
DEBUG 2026-06-14 10:51:51 re/_trace.py:47 close.started
DEBUG 2026-06-14 10:51:51 re/_trace.py:47 close.complete
DEBUG 2026-06-14 10:51:51 re/_trace.py:47 close.started
DEBUG 2026-06-14 10:51:51 re/_trace.py:47 close.complete
DEBUG 2026-06-14 10:51:51 re/_trace.py:47 close.started
DEBUG 2026-06-14 10:51:51 re/_trace.py:47 close.complete
DEBUG 2026-06-14 10:51:51 re/_trace.py:47 close.started
DEBUG 2026-06-14 10:51:51 re/_trace.py:47 close.complete
DEBUG 2026-06-14 10:51:51 re/_trace.py:47 close.started
DEBUG 2026-06-14 10:51:51 re/_trace.py:47 close.complete
DEBUG 2026-06-14 10:51:51 re/_trace.py:47 close.started
DEBUG 2026-06-14 10:51:51 re/_trace.py:47 close.complete
DEBUG 2026-06-14 10:51:52 re/_trace.py:47 close.started
DEBUG 2026-06-14 10:51:52 re/_trace.py:47 close.complete
DEBUG 2026-06-14 10:51:52 re/_trace.py:47 close.started
DEBUG 2026-06-14 10:51:52 re/_trace.py:47 close.complete
DEBUG 2026-06-14 10:51:52 re/_trace.py:47 close.started
DEBUG 2026-06-14 10:51:52 re/_trace.py:47 close.complete
INFO 2026-06-14 10:53:55 ot_train.py:459 step:20K smpl:14M ep:19K epch:389.90 loss:0.002 grdn:0.158 lr:3.1e-05 updt_s:3.635 data_s:0.633
WARNING 2026-06-14 10:53:55 db_utils.py:181 WandB logging of key "loss_per_dim" was ignored as its type "<class 'list'>" is not handled by this wrapper.
DEBUG 2026-06-14 10:55:31 re/_trace.py:47 close.started
DEBUG 2026-06-14 10:55:31 re/_trace.py:47 close.complete
DEBUG 2026-06-14 10:55:31 re/_trace.py:47 close.started
DEBUG 2026-06-14 10:55:31 re/_trace.py:47 close.complete
DEBUG 2026-06-14 10:55:31 re/_trace.py:47 close.started
DEBUG 2026-06-14 10:55:31 re/_trace.py:47 close.complete
DEBUG 2026-06-14 10:55:31 re/_trace.py:47 close.started
DEBUG 2026-06-14 10:55:31 re/_trace.py:47 close.complete
DEBUG 2026-06-14 10:55:31 re/_trace.py:47 close.started
DEBUG 2026-06-14 10:55:31 re/_trace.py:47 close.complete
DEBUG 2026-06-14 10:55:31 re/_trace.py:47 close.started
DEBUG 2026-06-14 10:55:31 re/_trace.py:47 close.complete
DEBUG 2026-06-14 10:55:31 re/_trace.py:47 close.started
DEBUG 2026-06-14 10:55:31 re/_trace.py:47 close.complete
DEBUG 2026-06-14 10:55:31 re/_trace.py:47 close.started
DEBUG 2026-06-14 10:55:31 re/_trace.py:47 close.complete
DEBUG 2026-06-14 10:55:31 re/_trace.py:47 close.started
DEBUG 2026-06-14 10:55:31 re/_trace.py:47 close.complete
DEBUG 2026-06-14 10:55:31 re/_trace.py:47 close.started
DEBUG 2026-06-14 10:55:31 re/_trace.py:47 close.complete
DEBUG 2026-06-14 10:59:10 re/_trace.py:47 close.started
DEBUG 2026-06-14 10:59:10 re/_trace.py:47 close.complete
DEBUG 2026-06-14 10:59:10 re/_trace.py:47 close.started
DEBUG 2026-06-14 10:59:10 re/_trace.py:47 close.complete
DEBUG 2026-06-14 10:59:10 re/_trace.py:47 close.started
DEBUG 2026-06-14 10:59:10 re/_trace.py:47 close.complete
DEBUG 2026-06-14 10:59:10 re/_trace.py:47 close.started
DEBUG 2026-06-14 10:59:10 re/_trace.py:47 close.complete
DEBUG 2026-06-14 10:59:10 re/_trace.py:47 close.started
DEBUG 2026-06-14 10:59:10 re/_trace.py:47 close.complete
DEBUG 2026-06-14 10:59:10 re/_trace.py:47 close.started
DEBUG 2026-06-14 10:59:10 re/_trace.py:47 close.complete
DEBUG 2026-06-14 10:59:11 re/_trace.py:47 close.started
DEBUG 2026-06-14 10:59:11 re/_trace.py:47 close.complete
DEBUG 2026-06-14 10:59:11 re/_trace.py:47 close.started
DEBUG 2026-06-14 10:59:11 re/_trace.py:47 close.complete
DEBUG 2026-06-14 10:59:11 re/_trace.py:47 close.started
DEBUG 2026-06-14 10:59:11 re/_trace.py:47 close.complete
DEBUG 2026-06-14 10:59:11 re/_trace.py:47 close.started
DEBUG 2026-06-14 10:59:11 re/_trace.py:47 close.complete
DEBUG 2026-06-14 11:02:52 re/_trace.py:47 close.started
DEBUG 2026-06-14 11:02:52 re/_trace.py:47 close.complete
DEBUG 2026-06-14 11:02:52 re/_trace.py:47 close.started
DEBUG 2026-06-14 11:02:52 re/_trace.py:47 close.complete
DEBUG 2026-06-14 11:02:52 re/_trace.py:47 close.started
DEBUG 2026-06-14 11:02:52 re/_trace.py:47 close.complete
DEBUG 2026-06-14 11:02:52 re/_trace.py:47 close.started
DEBUG 2026-06-14 11:02:52 re/_trace.py:47 close.complete
DEBUG 2026-06-14 11:02:52 re/_trace.py:47 close.started
DEBUG 2026-06-14 11:02:52 re/_trace.py:47 close.complete
DEBUG 2026-06-14 11:02:52 re/_trace.py:47 close.started
DEBUG 2026-06-14 11:02:52 re/_trace.py:47 close.complete
DEBUG 2026-06-14 11:02:52 re/_trace.py:47 close.started
DEBUG 2026-06-14 11:02:52 re/_trace.py:47 close.complete
DEBUG 2026-06-14 11:02:52 re/_trace.py:47 close.started
DEBUG 2026-06-14 11:02:52 re/_trace.py:47 close.complete
DEBUG 2026-06-14 11:02:52 re/_trace.py:47 close.started
DEBUG 2026-06-14 11:02:52 re/_trace.py:47 close.complete
DEBUG 2026-06-14 11:02:52 re/_trace.py:47 close.started
DEBUG 2026-06-14 11:02:52 re/_trace.py:47 close.complete
DEBUG 2026-06-14 11:06:34 re/_trace.py:47 close.started
DEBUG 2026-06-14 11:06:34 re/_trace.py:47 close.complete
DEBUG 2026-06-14 11:06:34 re/_trace.py:47 close.started
DEBUG 2026-06-14 11:06:34 re/_trace.py:47 close.complete
DEBUG 2026-06-14 11:06:34 re/_trace.py:47 close.started
DEBUG 2026-06-14 11:06:34 re/_trace.py:47 close.complete
DEBUG 2026-06-14 11:06:34 re/_trace.py:47 close.started
DEBUG 2026-06-14 11:06:34 re/_trace.py:47 close.complete
DEBUG 2026-06-14 11:06:34 re/_trace.py:47 close.started
DEBUG 2026-06-14 11:06:34 re/_trace.py:47 close.complete
DEBUG 2026-06-14 11:06:34 re/_trace.py:47 close.started
DEBUG 2026-06-14 11:06:34 re/_trace.py:47 close.complete
DEBUG 2026-06-14 11:06:34 re/_trace.py:47 close.started
DEBUG 2026-06-14 11:06:34 re/_trace.py:47 close.complete
DEBUG 2026-06-14 11:06:34 re/_trace.py:47 close.started
DEBUG 2026-06-14 11:06:34 re/_trace.py:47 close.complete
DEBUG 2026-06-14 11:06:34 re/_trace.py:47 close.started
DEBUG 2026-06-14 11:06:34 re/_trace.py:47 close.complete
DEBUG 2026-06-14 11:06:34 re/_trace.py:47 close.started
DEBUG 2026-06-14 11:06:34 re/_trace.py:47 close.complete
INFO 2026-06-14 11:08:07 ot_train.py:459 step:20K smpl:14M ep:20K epch:393.76 loss:0.002 grdn:0.147 lr:3.0e-05 updt_s:3.577 data_s:0.685
WARNING 2026-06-14 11:08:07 db_utils.py:181 WandB logging of key "loss_per_dim" was ignored as its type "<class 'list'>" is not handled by this wrapper.
DEBUG 2026-06-14 11:10:14 re/_trace.py:47 close.started
DEBUG 2026-06-14 11:10:14 re/_trace.py:47 close.complete
DEBUG 2026-06-14 11:10:14 re/_trace.py:47 close.started
DEBUG 2026-06-14 11:10:14 re/_trace.py:47 close.complete
DEBUG 2026-06-14 11:10:14 re/_trace.py:47 close.started
DEBUG 2026-06-14 11:10:14 re/_trace.py:47 close.complete
DEBUG 2026-06-14 11:10:14 re/_trace.py:47 close.started
DEBUG 2026-06-14 11:10:14 re/_trace.py:47 close.complete
DEBUG 2026-06-14 11:10:14 re/_trace.py:47 close.started
DEBUG 2026-06-14 11:10:14 re/_trace.py:47 close.complete
DEBUG 2026-06-14 11:10:14 re/_trace.py:47 close.started
DEBUG 2026-06-14 11:10:14 re/_trace.py:47 close.complete
DEBUG 2026-06-14 11:10:14 re/_trace.py:47 close.started
DEBUG 2026-06-14 11:10:14 re/_trace.py:47 close.complete
DEBUG 2026-06-14 11:10:14 re/_trace.py:47 close.started
DEBUG 2026-06-14 11:10:14 re/_trace.py:47 close.complete
DEBUG 2026-06-14 11:10:14 re/_trace.py:47 close.started
DEBUG 2026-06-14 11:10:14 re/_trace.py:47 close.complete
DEBUG 2026-06-14 11:10:14 re/_trace.py:47 close.started
DEBUG 2026-06-14 11:10:14 re/_trace.py:47 close.complete
DEBUG 2026-06-14 11:13:53 re/_trace.py:47 close.started
DEBUG 2026-06-14 11:13:53 re/_trace.py:47 close.complete
DEBUG 2026-06-14 11:13:53 re/_trace.py:47 close.started
DEBUG 2026-06-14 11:13:53 re/_trace.py:47 close.complete
DEBUG 2026-06-14 11:13:53 re/_trace.py:47 close.started
DEBUG 2026-06-14 11:13:53 re/_trace.py:47 close.complete
DEBUG 2026-06-14 11:13:53 re/_trace.py:47 close.started
DEBUG 2026-06-14 11:13:53 re/_trace.py:47 close.complete
DEBUG 2026-06-14 11:13:53 re/_trace.py:47 close.started
DEBUG 2026-06-14 11:13:53 re/_trace.py:47 close.complete
DEBUG 2026-06-14 11:13:53 re/_trace.py:47 close.started
DEBUG 2026-06-14 11:13:53 re/_trace.py:47 close.complete
DEBUG 2026-06-14 11:13:53 re/_trace.py:47 close.started
DEBUG 2026-06-14 11:13:53 re/_trace.py:47 close.complete
DEBUG 2026-06-14 11:13:53 re/_trace.py:47 close.started
DEBUG 2026-06-14 11:13:53 re/_trace.py:47 close.complete
DEBUG 2026-06-14 11:13:53 re/_trace.py:47 close.started
DEBUG 2026-06-14 11:13:53 re/_trace.py:47 close.complete
DEBUG 2026-06-14 11:13:54 re/_trace.py:47 close.started
DEBUG 2026-06-14 11:13:54 re/_trace.py:47 close.complete
DEBUG 2026-06-14 11:17:34 re/_trace.py:47 close.started
DEBUG 2026-06-14 11:17:34 re/_trace.py:47 close.complete
DEBUG 2026-06-14 11:17:34 re/_trace.py:47 close.started
DEBUG 2026-06-14 11:17:34 re/_trace.py:47 close.complete
DEBUG 2026-06-14 11:17:34 re/_trace.py:47 close.started
DEBUG 2026-06-14 11:17:34 re/_trace.py:47 close.complete
DEBUG 2026-06-14 11:17:34 re/_trace.py:47 close.started
DEBUG 2026-06-14 11:17:34 re/_trace.py:47 close.complete
DEBUG 2026-06-14 11:17:34 re/_trace.py:47 close.started
DEBUG 2026-06-14 11:17:34 re/_trace.py:47 close.complete
DEBUG 2026-06-14 11:17:34 re/_trace.py:47 close.started
DEBUG 2026-06-14 11:17:34 re/_trace.py:47 close.complete
DEBUG 2026-06-14 11:17:34 re/_trace.py:47 close.started
DEBUG 2026-06-14 11:17:34 re/_trace.py:47 close.complete
DEBUG 2026-06-14 11:17:34 re/_trace.py:47 close.started
DEBUG 2026-06-14 11:17:34 re/_trace.py:47 close.complete
DEBUG 2026-06-14 11:17:34 re/_trace.py:47 close.started
DEBUG 2026-06-14 11:17:34 re/_trace.py:47 close.complete
DEBUG 2026-06-14 11:17:34 re/_trace.py:47 close.started
DEBUG 2026-06-14 11:17:34 re/_trace.py:47 close.complete
DEBUG 2026-06-14 11:21:16 re/_trace.py:47 close.started
DEBUG 2026-06-14 11:21:16 re/_trace.py:47 close.complete
DEBUG 2026-06-14 11:21:16 re/_trace.py:47 close.started
DEBUG 2026-06-14 11:21:16 re/_trace.py:47 close.complete
DEBUG 2026-06-14 11:21:16 re/_trace.py:47 close.started
DEBUG 2026-06-14 11:21:16 re/_trace.py:47 close.complete
DEBUG 2026-06-14 11:21:16 re/_trace.py:47 close.started
DEBUG 2026-06-14 11:21:16 re/_trace.py:47 close.complete
DEBUG 2026-06-14 11:21:16 re/_trace.py:47 close.started
DEBUG 2026-06-14 11:21:16 re/_trace.py:47 close.complete
DEBUG 2026-06-14 11:21:16 re/_trace.py:47 close.started
DEBUG 2026-06-14 11:21:16 re/_trace.py:47 close.complete
DEBUG 2026-06-14 11:21:16 re/_trace.py:47 close.started
DEBUG 2026-06-14 11:21:16 re/_trace.py:47 close.complete
DEBUG 2026-06-14 11:21:16 re/_trace.py:47 close.started
DEBUG 2026-06-14 11:21:16 re/_trace.py:47 close.complete
DEBUG 2026-06-14 11:21:16 re/_trace.py:47 close.started
DEBUG 2026-06-14 11:21:16 re/_trace.py:47 close.complete
DEBUG 2026-06-14 11:21:16 re/_trace.py:47 close.started
DEBUG 2026-06-14 11:21:16 re/_trace.py:47 close.complete
INFO 2026-06-14 11:22:18 ot_train.py:459 step:21K smpl:15M ep:20K epch:397.62 loss:0.002 grdn:0.139 lr:2.9e-05 updt_s:3.584 data_s:0.665
WARNING 2026-06-14 11:22:18 db_utils.py:181 WandB logging of key "loss_per_dim" was ignored as its type "<class 'list'>" is not handled by this wrapper.
DEBUG 2026-06-14 11:24:54 re/_trace.py:47 close.started
DEBUG 2026-06-14 11:24:54 re/_trace.py:47 close.complete
DEBUG 2026-06-14 11:24:54 re/_trace.py:47 close.started
DEBUG 2026-06-14 11:24:54 re/_trace.py:47 close.complete
DEBUG 2026-06-14 11:24:54 re/_trace.py:47 close.started
DEBUG 2026-06-14 11:24:54 re/_trace.py:47 close.complete
DEBUG 2026-06-14 11:24:54 re/_trace.py:47 close.started
DEBUG 2026-06-14 11:24:54 re/_trace.py:47 close.complete
DEBUG 2026-06-14 11:24:54 re/_trace.py:47 close.started
DEBUG 2026-06-14 11:24:54 re/_trace.py:47 close.complete
DEBUG 2026-06-14 11:24:54 re/_trace.py:47 close.started
DEBUG 2026-06-14 11:24:54 re/_trace.py:47 close.complete
DEBUG 2026-06-14 11:24:54 re/_trace.py:47 close.started
DEBUG 2026-06-14 11:24:54 re/_trace.py:47 close.complete
DEBUG 2026-06-14 11:24:54 re/_trace.py:47 close.started
DEBUG 2026-06-14 11:24:54 re/_trace.py:47 close.complete
DEBUG 2026-06-14 11:24:54 re/_trace.py:47 close.started
DEBUG 2026-06-14 11:24:54 re/_trace.py:47 close.complete
DEBUG 2026-06-14 11:24:55 re/_trace.py:47 close.started
DEBUG 2026-06-14 11:24:55 re/_trace.py:47 close.complete
DEBUG 2026-06-14 11:28:35 re/_trace.py:47 close.started
DEBUG 2026-06-14 11:28:35 re/_trace.py:47 close.complete
DEBUG 2026-06-14 11:28:35 re/_trace.py:47 close.started
DEBUG 2026-06-14 11:28:35 re/_trace.py:47 close.complete
DEBUG 2026-06-14 11:28:36 re/_trace.py:47 close.started
DEBUG 2026-06-14 11:28:36 re/_trace.py:47 close.complete
DEBUG 2026-06-14 11:28:36 re/_trace.py:47 close.started
DEBUG 2026-06-14 11:28:36 re/_trace.py:47 close.complete
DEBUG 2026-06-14 11:28:36 re/_trace.py:47 close.started
DEBUG 2026-06-14 11:28:36 re/_trace.py:47 close.complete
DEBUG 2026-06-14 11:28:36 re/_trace.py:47 close.started
DEBUG 2026-06-14 11:28:36 re/_trace.py:47 close.complete
DEBUG 2026-06-14 11:28:36 re/_trace.py:47 close.started
DEBUG 2026-06-14 11:28:36 re/_trace.py:47 close.complete
DEBUG 2026-06-14 11:28:36 re/_trace.py:47 close.started
DEBUG 2026-06-14 11:28:36 re/_trace.py:47 close.complete
DEBUG 2026-06-14 11:28:36 re/_trace.py:47 close.started
DEBUG 2026-06-14 11:28:36 re/_trace.py:47 close.complete
DEBUG 2026-06-14 11:28:36 re/_trace.py:47 close.started
DEBUG 2026-06-14 11:28:36 re/_trace.py:47 close.complete
DEBUG 2026-06-14 11:32:15 re/_trace.py:47 close.started
DEBUG 2026-06-14 11:32:15 re/_trace.py:47 close.complete
DEBUG 2026-06-14 11:32:15 re/_trace.py:47 close.started
DEBUG 2026-06-14 11:32:15 re/_trace.py:47 close.complete
DEBUG 2026-06-14 11:32:15 re/_trace.py:47 close.started
DEBUG 2026-06-14 11:32:15 re/_trace.py:47 close.complete
DEBUG 2026-06-14 11:32:15 re/_trace.py:47 close.started
DEBUG 2026-06-14 11:32:15 re/_trace.py:47 close.complete
DEBUG 2026-06-14 11:32:15 re/_trace.py:47 close.started
DEBUG 2026-06-14 11:32:15 re/_trace.py:47 close.complete
DEBUG 2026-06-14 11:32:15 re/_trace.py:47 close.started
DEBUG 2026-06-14 11:32:15 re/_trace.py:47 close.complete
DEBUG 2026-06-14 11:32:15 re/_trace.py:47 close.started
DEBUG 2026-06-14 11:32:15 re/_trace.py:47 close.complete
DEBUG 2026-06-14 11:32:15 re/_trace.py:47 close.started
DEBUG 2026-06-14 11:32:15 re/_trace.py:47 close.complete
DEBUG 2026-06-14 11:32:15 re/_trace.py:47 close.started
DEBUG 2026-06-14 11:32:15 re/_trace.py:47 close.complete
DEBUG 2026-06-14 11:32:15 re/_trace.py:47 close.started
DEBUG 2026-06-14 11:32:15 re/_trace.py:47 close.complete
INFO 2026-06-14 11:35:59 ot_train.py:459 step:21K smpl:15M ep:20K epch:401.48 loss:0.002 grdn:0.136 lr:2.8e-05 updt_s:3.594 data_s:0.506
WARNING 2026-06-14 11:35:59 db_utils.py:181 WandB logging of key "loss_per_dim" was ignored as its type "<class 'list'>" is not handled by this wrapper.
DEBUG 2026-06-14 11:35:59 re/_trace.py:47 close.started
DEBUG 2026-06-14 11:35:59 re/_trace.py:47 close.complete
DEBUG 2026-06-14 11:35:59 re/_trace.py:47 close.started
DEBUG 2026-06-14 11:35:59 re/_trace.py:47 close.complete
DEBUG 2026-06-14 11:35:59 re/_trace.py:47 close.started
DEBUG 2026-06-14 11:35:59 re/_trace.py:47 close.complete
DEBUG 2026-06-14 11:35:59 re/_trace.py:47 close.started
DEBUG 2026-06-14 11:35:59 re/_trace.py:47 close.complete
DEBUG 2026-06-14 11:35:59 re/_trace.py:47 close.started
DEBUG 2026-06-14 11:35:59 re/_trace.py:47 close.complete
DEBUG 2026-06-14 11:36:00 re/_trace.py:47 close.started
DEBUG 2026-06-14 11:36:00 re/_trace.py:47 close.complete
DEBUG 2026-06-14 11:36:00 re/_trace.py:47 close.started
DEBUG 2026-06-14 11:36:00 re/_trace.py:47 close.complete
DEBUG 2026-06-14 11:36:00 re/_trace.py:47 close.started
DEBUG 2026-06-14 11:36:00 re/_trace.py:47 close.complete
DEBUG 2026-06-14 11:36:00 re/_trace.py:47 close.started
DEBUG 2026-06-14 11:36:00 re/_trace.py:47 close.complete
DEBUG 2026-06-14 11:36:00 re/_trace.py:47 close.started
DEBUG 2026-06-14 11:36:00 re/_trace.py:47 close.complete
DEBUG 2026-06-14 11:39:40 re/_trace.py:47 close.started
DEBUG 2026-06-14 11:39:40 re/_trace.py:47 close.complete
DEBUG 2026-06-14 11:39:40 re/_trace.py:47 close.started
DEBUG 2026-06-14 11:39:40 re/_trace.py:47 close.complete
DEBUG 2026-06-14 11:39:40 re/_trace.py:47 close.started
DEBUG 2026-06-14 11:39:40 re/_trace.py:47 close.complete
DEBUG 2026-06-14 11:39:41 re/_trace.py:47 close.started
DEBUG 2026-06-14 11:39:41 re/_trace.py:47 close.complete
DEBUG 2026-06-14 11:39:41 re/_trace.py:47 close.started
DEBUG 2026-06-14 11:39:41 re/_trace.py:47 close.complete
DEBUG 2026-06-14 11:39:41 re/_trace.py:47 close.started
DEBUG 2026-06-14 11:39:41 re/_trace.py:47 close.complete
DEBUG 2026-06-14 11:39:41 re/_trace.py:47 close.started
DEBUG 2026-06-14 11:39:41 re/_trace.py:47 close.complete
DEBUG 2026-06-14 11:39:41 re/_trace.py:47 close.started
DEBUG 2026-06-14 11:39:41 re/_trace.py:47 close.complete
DEBUG 2026-06-14 11:39:41 re/_trace.py:47 close.started
DEBUG 2026-06-14 11:39:41 re/_trace.py:47 close.complete
DEBUG 2026-06-14 11:39:41 re/_trace.py:47 close.started
DEBUG 2026-06-14 11:39:41 re/_trace.py:47 close.complete
DEBUG 2026-06-14 11:43:22 re/_trace.py:47 close.started
DEBUG 2026-06-14 11:43:22 re/_trace.py:47 close.complete
DEBUG 2026-06-14 11:43:22 re/_trace.py:47 close.started
DEBUG 2026-06-14 11:43:22 re/_trace.py:47 close.complete
DEBUG 2026-06-14 11:43:22 re/_trace.py:47 close.started
DEBUG 2026-06-14 11:43:22 re/_trace.py:47 close.complete
DEBUG 2026-06-14 11:43:22 re/_trace.py:47 close.started
DEBUG 2026-06-14 11:43:22 re/_trace.py:47 close.complete
DEBUG 2026-06-14 11:43:22 re/_trace.py:47 close.started
DEBUG 2026-06-14 11:43:22 re/_trace.py:47 close.complete
DEBUG 2026-06-14 11:43:22 re/_trace.py:47 close.started
DEBUG 2026-06-14 11:43:22 re/_trace.py:47 close.complete
DEBUG 2026-06-14 11:43:22 re/_trace.py:47 close.started
DEBUG 2026-06-14 11:43:22 re/_trace.py:47 close.complete
DEBUG 2026-06-14 11:43:22 re/_trace.py:47 close.started
DEBUG 2026-06-14 11:43:22 re/_trace.py:47 close.complete
DEBUG 2026-06-14 11:43:22 re/_trace.py:47 close.started
DEBUG 2026-06-14 11:43:22 re/_trace.py:47 close.complete
DEBUG 2026-06-14 11:43:22 re/_trace.py:47 close.started
DEBUG 2026-06-14 11:43:22 re/_trace.py:47 close.complete
DEBUG 2026-06-14 11:47:03 re/_trace.py:47 close.started
DEBUG 2026-06-14 11:47:03 re/_trace.py:47 close.complete
DEBUG 2026-06-14 11:47:04 re/_trace.py:47 close.started
DEBUG 2026-06-14 11:47:04 re/_trace.py:47 close.complete
DEBUG 2026-06-14 11:47:04 re/_trace.py:47 close.started
DEBUG 2026-06-14 11:47:04 re/_trace.py:47 close.complete
DEBUG 2026-06-14 11:47:04 re/_trace.py:47 close.started
DEBUG 2026-06-14 11:47:04 re/_trace.py:47 close.complete
DEBUG 2026-06-14 11:47:04 re/_trace.py:47 close.started
DEBUG 2026-06-14 11:47:04 re/_trace.py:47 close.complete
DEBUG 2026-06-14 11:47:04 re/_trace.py:47 close.started
DEBUG 2026-06-14 11:47:04 re/_trace.py:47 close.complete
DEBUG 2026-06-14 11:47:04 re/_trace.py:47 close.started
DEBUG 2026-06-14 11:47:04 re/_trace.py:47 close.complete
DEBUG 2026-06-14 11:47:04 re/_trace.py:47 close.started
DEBUG 2026-06-14 11:47:04 re/_trace.py:47 close.complete
DEBUG 2026-06-14 11:47:04 re/_trace.py:47 close.started
DEBUG 2026-06-14 11:47:04 re/_trace.py:47 close.complete
DEBUG 2026-06-14 11:47:04 re/_trace.py:47 close.started
DEBUG 2026-06-14 11:47:04 re/_trace.py:47 close.complete
INFO 2026-06-14 11:50:15 ot_train.py:459 step:21K smpl:15M ep:20K epch:405.34 loss:0.002 grdn:0.135 lr:2.7e-05 updt_s:3.592 data_s:0.684
WARNING 2026-06-14 11:50:15 db_utils.py:181 WandB logging of key "loss_per_dim" was ignored as its type "<class 'list'>" is not handled by this wrapper.
INFO 2026-06-14 11:50:15 ot_train.py:479 Checkpoint policy after step 21000
DEBUG 2026-06-14 11:50:47 tionpool.py:289 Resetting dropped connection: api.wandb.ai
DEBUG 2026-06-14 11:50:47 tionpool.py:544 https://api.wandb.ai:443 "POST /graphql HTTP/1.1" 200 None
DEBUG 2026-06-14 11:51:16 re/_trace.py:47 close.started
DEBUG 2026-06-14 11:51:16 re/_trace.py:47 close.complete
DEBUG 2026-06-14 11:51:16 re/_trace.py:47 close.started
DEBUG 2026-06-14 11:51:16 re/_trace.py:47 close.complete
DEBUG 2026-06-14 11:51:16 re/_trace.py:47 close.started
DEBUG 2026-06-14 11:51:16 re/_trace.py:47 close.complete
DEBUG 2026-06-14 11:51:16 re/_trace.py:47 close.started
DEBUG 2026-06-14 11:51:16 re/_trace.py:47 close.complete
DEBUG 2026-06-14 11:51:16 re/_trace.py:47 close.started
DEBUG 2026-06-14 11:51:16 re/_trace.py:47 close.complete
DEBUG 2026-06-14 11:51:16 re/_trace.py:47 close.started
DEBUG 2026-06-14 11:51:16 re/_trace.py:47 close.complete
DEBUG 2026-06-14 11:51:16 re/_trace.py:47 close.started
DEBUG 2026-06-14 11:51:16 re/_trace.py:47 close.complete
DEBUG 2026-06-14 11:51:17 re/_trace.py:47 close.started
DEBUG 2026-06-14 11:51:17 re/_trace.py:47 close.complete
DEBUG 2026-06-14 11:51:17 re/_trace.py:47 close.started
DEBUG 2026-06-14 11:51:17 re/_trace.py:47 close.complete
DEBUG 2026-06-14 11:51:17 re/_trace.py:47 close.started
DEBUG 2026-06-14 11:51:17 re/_trace.py:47 close.complete
DEBUG 2026-06-14 11:54:56 re/_trace.py:47 close.started
DEBUG 2026-06-14 11:54:56 re/_trace.py:47 close.complete
DEBUG 2026-06-14 11:54:56 re/_trace.py:47 close.started
DEBUG 2026-06-14 11:54:56 re/_trace.py:47 close.complete
DEBUG 2026-06-14 11:54:56 re/_trace.py:47 close.started
DEBUG 2026-06-14 11:54:56 re/_trace.py:47 close.complete
DEBUG 2026-06-14 11:54:56 re/_trace.py:47 close.started
DEBUG 2026-06-14 11:54:56 re/_trace.py:47 close.complete
DEBUG 2026-06-14 11:54:56 re/_trace.py:47 close.started
DEBUG 2026-06-14 11:54:56 re/_trace.py:47 close.complete
DEBUG 2026-06-14 11:54:57 re/_trace.py:47 close.started
DEBUG 2026-06-14 11:54:57 re/_trace.py:47 close.complete
DEBUG 2026-06-14 11:54:57 re/_trace.py:47 close.started
DEBUG 2026-06-14 11:54:57 re/_trace.py:47 close.complete
DEBUG 2026-06-14 11:54:57 re/_trace.py:47 close.started
DEBUG 2026-06-14 11:54:57 re/_trace.py:47 close.complete
DEBUG 2026-06-14 11:54:57 re/_trace.py:47 close.started
DEBUG 2026-06-14 11:54:57 re/_trace.py:47 close.complete
DEBUG 2026-06-14 11:54:57 re/_trace.py:47 close.started
DEBUG 2026-06-14 11:54:57 re/_trace.py:47 close.complete
DEBUG 2026-06-14 11:58:37 re/_trace.py:47 close.started
DEBUG 2026-06-14 11:58:37 re/_trace.py:47 close.complete
DEBUG 2026-06-14 11:58:37 re/_trace.py:47 close.started
DEBUG 2026-06-14 11:58:37 re/_trace.py:47 close.complete
DEBUG 2026-06-14 11:58:37 re/_trace.py:47 close.started
DEBUG 2026-06-14 11:58:37 re/_trace.py:47 close.complete
DEBUG 2026-06-14 11:58:37 re/_trace.py:47 close.started
DEBUG 2026-06-14 11:58:37 re/_trace.py:47 close.complete
DEBUG 2026-06-14 11:58:37 re/_trace.py:47 close.started
DEBUG 2026-06-14 11:58:37 re/_trace.py:47 close.complete
DEBUG 2026-06-14 11:58:37 re/_trace.py:47 close.started
DEBUG 2026-06-14 11:58:37 re/_trace.py:47 close.complete
DEBUG 2026-06-14 11:58:37 re/_trace.py:47 close.started
DEBUG 2026-06-14 11:58:37 re/_trace.py:47 close.complete
DEBUG 2026-06-14 11:58:37 re/_trace.py:47 close.started
DEBUG 2026-06-14 11:58:37 re/_trace.py:47 close.complete
DEBUG 2026-06-14 11:58:37 re/_trace.py:47 close.started
DEBUG 2026-06-14 11:58:37 re/_trace.py:47 close.complete
DEBUG 2026-06-14 11:58:37 re/_trace.py:47 close.started
DEBUG 2026-06-14 11:58:37 re/_trace.py:47 close.complete
DEBUG 2026-06-14 12:02:20 re/_trace.py:47 close.started
DEBUG 2026-06-14 12:02:20 re/_trace.py:47 close.complete
DEBUG 2026-06-14 12:02:20 re/_trace.py:47 close.started
DEBUG 2026-06-14 12:02:20 re/_trace.py:47 close.complete
DEBUG 2026-06-14 12:02:20 re/_trace.py:47 close.started
DEBUG 2026-06-14 12:02:20 re/_trace.py:47 close.complete
DEBUG 2026-06-14 12:02:20 re/_trace.py:47 close.started
DEBUG 2026-06-14 12:02:20 re/_trace.py:47 close.complete
DEBUG 2026-06-14 12:02:20 re/_trace.py:47 close.started
DEBUG 2026-06-14 12:02:20 re/_trace.py:47 close.complete
DEBUG 2026-06-14 12:02:20 re/_trace.py:47 close.started
DEBUG 2026-06-14 12:02:20 re/_trace.py:47 close.complete
DEBUG 2026-06-14 12:02:20 re/_trace.py:47 close.started
DEBUG 2026-06-14 12:02:20 re/_trace.py:47 close.complete
DEBUG 2026-06-14 12:02:20 re/_trace.py:47 close.started
DEBUG 2026-06-14 12:02:20 re/_trace.py:47 close.complete
DEBUG 2026-06-14 12:02:20 re/_trace.py:47 close.started
DEBUG 2026-06-14 12:02:20 re/_trace.py:47 close.complete
DEBUG 2026-06-14 12:02:20 re/_trace.py:47 close.started
DEBUG 2026-06-14 12:02:20 re/_trace.py:47 close.complete
INFO 2026-06-14 12:05:06 ot_train.py:459 step:21K smpl:15M ep:20K epch:409.20 loss:0.002 grdn:0.136 lr:2.6e-05 updt_s:3.565 data_s:0.723
WARNING 2026-06-14 12:05:06 db_utils.py:181 WandB logging of key "loss_per_dim" was ignored as its type "<class 'list'>" is not handled by this wrapper.
DEBUG 2026-06-14 12:06:02 re/_trace.py:47 close.started
DEBUG 2026-06-14 12:06:02 re/_trace.py:47 close.complete
DEBUG 2026-06-14 12:06:02 re/_trace.py:47 close.started
DEBUG 2026-06-14 12:06:02 re/_trace.py:47 close.complete
DEBUG 2026-06-14 12:06:02 re/_trace.py:47 close.started
DEBUG 2026-06-14 12:06:02 re/_trace.py:47 close.complete
DEBUG 2026-06-14 12:06:02 re/_trace.py:47 close.started
DEBUG 2026-06-14 12:06:02 re/_trace.py:47 close.complete
DEBUG 2026-06-14 12:06:02 re/_trace.py:47 close.started
DEBUG 2026-06-14 12:06:02 re/_trace.py:47 close.complete
DEBUG 2026-06-14 12:06:02 re/_trace.py:47 close.started
DEBUG 2026-06-14 12:06:02 re/_trace.py:47 close.complete
DEBUG 2026-06-14 12:06:02 re/_trace.py:47 close.started
DEBUG 2026-06-14 12:06:02 re/_trace.py:47 close.complete
DEBUG 2026-06-14 12:06:02 re/_trace.py:47 close.started
DEBUG 2026-06-14 12:06:02 re/_trace.py:47 close.complete
DEBUG 2026-06-14 12:06:02 re/_trace.py:47 close.started
DEBUG 2026-06-14 12:06:02 re/_trace.py:47 close.complete
DEBUG 2026-06-14 12:06:02 re/_trace.py:47 close.started
DEBUG 2026-06-14 12:06:02 re/_trace.py:47 close.complete
DEBUG 2026-06-14 12:09:43 re/_trace.py:47 close.started
DEBUG 2026-06-14 12:09:43 re/_trace.py:47 close.complete
DEBUG 2026-06-14 12:09:43 re/_trace.py:47 close.started
DEBUG 2026-06-14 12:09:43 re/_trace.py:47 close.complete
DEBUG 2026-06-14 12:09:43 re/_trace.py:47 close.started
DEBUG 2026-06-14 12:09:43 re/_trace.py:47 close.complete
DEBUG 2026-06-14 12:09:43 re/_trace.py:47 close.started
DEBUG 2026-06-14 12:09:43 re/_trace.py:47 close.complete
DEBUG 2026-06-14 12:09:43 re/_trace.py:47 close.started
DEBUG 2026-06-14 12:09:43 re/_trace.py:47 close.complete
DEBUG 2026-06-14 12:09:43 re/_trace.py:47 close.started
DEBUG 2026-06-14 12:09:43 re/_trace.py:47 close.complete
DEBUG 2026-06-14 12:09:43 re/_trace.py:47 close.started
DEBUG 2026-06-14 12:09:43 re/_trace.py:47 close.complete
DEBUG 2026-06-14 12:09:43 re/_trace.py:47 close.started
DEBUG 2026-06-14 12:09:43 re/_trace.py:47 close.complete
DEBUG 2026-06-14 12:09:43 re/_trace.py:47 close.started
DEBUG 2026-06-14 12:09:43 re/_trace.py:47 close.complete
DEBUG 2026-06-14 12:09:43 re/_trace.py:47 close.started
DEBUG 2026-06-14 12:09:43 re/_trace.py:47 close.complete
DEBUG 2026-06-14 12:13:23 re/_trace.py:47 close.started
DEBUG 2026-06-14 12:13:23 re/_trace.py:47 close.complete
DEBUG 2026-06-14 12:13:23 re/_trace.py:47 close.started
DEBUG 2026-06-14 12:13:23 re/_trace.py:47 close.complete
DEBUG 2026-06-14 12:13:23 re/_trace.py:47 close.started
DEBUG 2026-06-14 12:13:23 re/_trace.py:47 close.complete
DEBUG 2026-06-14 12:13:23 re/_trace.py:47 close.started
DEBUG 2026-06-14 12:13:23 re/_trace.py:47 close.complete
DEBUG 2026-06-14 12:13:23 re/_trace.py:47 close.started
DEBUG 2026-06-14 12:13:23 re/_trace.py:47 close.complete
DEBUG 2026-06-14 12:13:23 re/_trace.py:47 close.started
DEBUG 2026-06-14 12:13:23 re/_trace.py:47 close.complete
DEBUG 2026-06-14 12:13:23 re/_trace.py:47 close.started
DEBUG 2026-06-14 12:13:23 re/_trace.py:47 close.complete
DEBUG 2026-06-14 12:13:23 re/_trace.py:47 close.started
DEBUG 2026-06-14 12:13:23 re/_trace.py:47 close.complete
DEBUG 2026-06-14 12:13:23 re/_trace.py:47 close.started
DEBUG 2026-06-14 12:13:23 re/_trace.py:47 close.complete
DEBUG 2026-06-14 12:13:23 re/_trace.py:47 close.started
DEBUG 2026-06-14 12:13:23 re/_trace.py:47 close.complete
DEBUG 2026-06-14 12:17:02 re/_trace.py:47 close.started
DEBUG 2026-06-14 12:17:02 re/_trace.py:47 close.complete
DEBUG 2026-06-14 12:17:03 re/_trace.py:47 close.started
DEBUG 2026-06-14 12:17:03 re/_trace.py:47 close.complete
DEBUG 2026-06-14 12:17:03 re/_trace.py:47 close.started
DEBUG 2026-06-14 12:17:03 re/_trace.py:47 close.complete
DEBUG 2026-06-14 12:17:03 re/_trace.py:47 close.started
DEBUG 2026-06-14 12:17:03 re/_trace.py:47 close.complete
DEBUG 2026-06-14 12:17:03 re/_trace.py:47 close.started
DEBUG 2026-06-14 12:17:03 re/_trace.py:47 close.complete
DEBUG 2026-06-14 12:17:03 re/_trace.py:47 close.started
DEBUG 2026-06-14 12:17:03 re/_trace.py:47 close.complete
DEBUG 2026-06-14 12:17:03 re/_trace.py:47 close.started
DEBUG 2026-06-14 12:17:03 re/_trace.py:47 close.complete
DEBUG 2026-06-14 12:17:03 re/_trace.py:47 close.started
DEBUG 2026-06-14 12:17:03 re/_trace.py:47 close.complete
DEBUG 2026-06-14 12:17:03 re/_trace.py:47 close.started
DEBUG 2026-06-14 12:17:03 re/_trace.py:47 close.complete
DEBUG 2026-06-14 12:17:03 re/_trace.py:47 close.started
DEBUG 2026-06-14 12:17:03 re/_trace.py:47 close.complete
INFO 2026-06-14 12:19:23 ot_train.py:459 step:21K smpl:15M ep:21K epch:413.06 loss:0.002 grdn:0.128 lr:2.5e-05 updt_s:3.592 data_s:0.691
WARNING 2026-06-14 12:19:23 db_utils.py:181 WandB logging of key "loss_per_dim" was ignored as its type "<class 'list'>" is not handled by this wrapper.
DEBUG 2026-06-14 12:20:46 re/_trace.py:47 close.started
DEBUG 2026-06-14 12:20:46 re/_trace.py:47 close.complete
DEBUG 2026-06-14 12:20:46 re/_trace.py:47 close.started
DEBUG 2026-06-14 12:20:46 re/_trace.py:47 close.complete
DEBUG 2026-06-14 12:20:46 re/_trace.py:47 close.started
DEBUG 2026-06-14 12:20:46 re/_trace.py:47 close.complete
DEBUG 2026-06-14 12:20:46 re/_trace.py:47 close.started
DEBUG 2026-06-14 12:20:46 re/_trace.py:47 close.complete
DEBUG 2026-06-14 12:20:46 re/_trace.py:47 close.started
DEBUG 2026-06-14 12:20:46 re/_trace.py:47 close.complete
DEBUG 2026-06-14 12:20:46 re/_trace.py:47 close.started
DEBUG 2026-06-14 12:20:46 re/_trace.py:47 close.complete
DEBUG 2026-06-14 12:20:47 re/_trace.py:47 close.started
DEBUG 2026-06-14 12:20:47 re/_trace.py:47 close.complete
DEBUG 2026-06-14 12:20:47 re/_trace.py:47 close.started
DEBUG 2026-06-14 12:20:47 re/_trace.py:47 close.complete
DEBUG 2026-06-14 12:20:47 re/_trace.py:47 close.started
DEBUG 2026-06-14 12:20:47 re/_trace.py:47 close.complete
DEBUG 2026-06-14 12:20:47 re/_trace.py:47 close.started
DEBUG 2026-06-14 12:20:47 re/_trace.py:47 close.complete
DEBUG 2026-06-14 12:24:25 re/_trace.py:47 close.started
DEBUG 2026-06-14 12:24:25 re/_trace.py:47 close.complete
DEBUG 2026-06-14 12:24:25 re/_trace.py:47 close.started
DEBUG 2026-06-14 12:24:25 re/_trace.py:47 close.complete
DEBUG 2026-06-14 12:24:25 re/_trace.py:47 close.started
DEBUG 2026-06-14 12:24:25 re/_trace.py:47 close.complete
DEBUG 2026-06-14 12:24:25 re/_trace.py:47 close.started
DEBUG 2026-06-14 12:24:25 re/_trace.py:47 close.complete
DEBUG 2026-06-14 12:24:25 re/_trace.py:47 close.started
DEBUG 2026-06-14 12:24:25 re/_trace.py:47 close.complete
DEBUG 2026-06-14 12:24:25 re/_trace.py:47 close.started
DEBUG 2026-06-14 12:24:25 re/_trace.py:47 close.complete
DEBUG 2026-06-14 12:24:25 re/_trace.py:47 close.started
DEBUG 2026-06-14 12:24:25 re/_trace.py:47 close.complete
DEBUG 2026-06-14 12:24:26 re/_trace.py:47 close.started
DEBUG 2026-06-14 12:24:26 re/_trace.py:47 close.complete
DEBUG 2026-06-14 12:24:26 re/_trace.py:47 close.started
DEBUG 2026-06-14 12:24:26 re/_trace.py:47 close.complete
DEBUG 2026-06-14 12:24:26 re/_trace.py:47 close.started
DEBUG 2026-06-14 12:24:26 re/_trace.py:47 close.complete
DEBUG 2026-06-14 12:28:05 re/_trace.py:47 close.started
DEBUG 2026-06-14 12:28:05 re/_trace.py:47 close.complete
DEBUG 2026-06-14 12:28:05 re/_trace.py:47 close.started
DEBUG 2026-06-14 12:28:05 re/_trace.py:47 close.complete
DEBUG 2026-06-14 12:28:06 re/_trace.py:47 close.started
DEBUG 2026-06-14 12:28:06 re/_trace.py:47 close.complete
DEBUG 2026-06-14 12:28:06 re/_trace.py:47 close.started
DEBUG 2026-06-14 12:28:06 re/_trace.py:47 close.complete
DEBUG 2026-06-14 12:28:06 re/_trace.py:47 close.started
DEBUG 2026-06-14 12:28:06 re/_trace.py:47 close.complete
DEBUG 2026-06-14 12:28:06 re/_trace.py:47 close.started
DEBUG 2026-06-14 12:28:06 re/_trace.py:47 close.complete
DEBUG 2026-06-14 12:28:06 re/_trace.py:47 close.started
DEBUG 2026-06-14 12:28:06 re/_trace.py:47 close.complete
DEBUG 2026-06-14 12:28:06 re/_trace.py:47 close.started
DEBUG 2026-06-14 12:28:06 re/_trace.py:47 close.complete
DEBUG 2026-06-14 12:28:06 re/_trace.py:47 close.started
DEBUG 2026-06-14 12:28:06 re/_trace.py:47 close.complete
DEBUG 2026-06-14 12:28:06 re/_trace.py:47 close.started
DEBUG 2026-06-14 12:28:06 re/_trace.py:47 close.complete
DEBUG 2026-06-14 12:31:47 re/_trace.py:47 close.started
DEBUG 2026-06-14 12:31:48 re/_trace.py:47 close.complete
DEBUG 2026-06-14 12:31:48 re/_trace.py:47 close.started
DEBUG 2026-06-14 12:31:48 re/_trace.py:47 close.complete
DEBUG 2026-06-14 12:31:48 re/_trace.py:47 close.started
DEBUG 2026-06-14 12:31:48 re/_trace.py:47 close.complete
DEBUG 2026-06-14 12:31:48 re/_trace.py:47 close.started
DEBUG 2026-06-14 12:31:48 re/_trace.py:47 close.complete
DEBUG 2026-06-14 12:31:48 re/_trace.py:47 close.started
DEBUG 2026-06-14 12:31:48 re/_trace.py:47 close.complete
DEBUG 2026-06-14 12:31:48 re/_trace.py:47 close.started
DEBUG 2026-06-14 12:31:48 re/_trace.py:47 close.complete
DEBUG 2026-06-14 12:31:48 re/_trace.py:47 close.started
DEBUG 2026-06-14 12:31:48 re/_trace.py:47 close.complete
DEBUG 2026-06-14 12:31:48 re/_trace.py:47 close.started
DEBUG 2026-06-14 12:31:48 re/_trace.py:47 close.complete
DEBUG 2026-06-14 12:31:48 re/_trace.py:47 close.started
DEBUG 2026-06-14 12:31:48 re/_trace.py:47 close.complete
DEBUG 2026-06-14 12:31:48 re/_trace.py:47 close.started
DEBUG 2026-06-14 12:31:48 re/_trace.py:47 close.complete
INFO 2026-06-14 12:33:36 ot_train.py:459 step:22K smpl:15M ep:21K epch:416.92 loss:0.002 grdn:0.129 lr:2.4e-05 updt_s:3.567 data_s:0.692
WARNING 2026-06-14 12:33:36 db_utils.py:181 WandB logging of key "loss_per_dim" was ignored as its type "<class 'list'>" is not handled by this wrapper.
DEBUG 2026-06-14 12:35:28 re/_trace.py:47 close.started
DEBUG 2026-06-14 12:35:28 re/_trace.py:47 close.complete
DEBUG 2026-06-14 12:35:28 re/_trace.py:47 close.started
DEBUG 2026-06-14 12:35:28 re/_trace.py:47 close.complete
DEBUG 2026-06-14 12:35:28 re/_trace.py:47 close.started
DEBUG 2026-06-14 12:35:28 re/_trace.py:47 close.complete
DEBUG 2026-06-14 12:35:28 re/_trace.py:47 close.started
DEBUG 2026-06-14 12:35:28 re/_trace.py:47 close.complete
DEBUG 2026-06-14 12:35:28 re/_trace.py:47 close.started
DEBUG 2026-06-14 12:35:28 re/_trace.py:47 close.complete
DEBUG 2026-06-14 12:35:28 re/_trace.py:47 close.started
DEBUG 2026-06-14 12:35:28 re/_trace.py:47 close.complete
DEBUG 2026-06-14 12:35:28 re/_trace.py:47 close.started
DEBUG 2026-06-14 12:35:28 re/_trace.py:47 close.complete
DEBUG 2026-06-14 12:35:28 re/_trace.py:47 close.started
DEBUG 2026-06-14 12:35:28 re/_trace.py:47 close.complete
DEBUG 2026-06-14 12:35:28 re/_trace.py:47 close.started
DEBUG 2026-06-14 12:35:28 re/_trace.py:47 close.complete
DEBUG 2026-06-14 12:35:28 re/_trace.py:47 close.started
DEBUG 2026-06-14 12:35:28 re/_trace.py:47 close.complete
DEBUG 2026-06-14 12:39:09 re/_trace.py:47 close.started
DEBUG 2026-06-14 12:39:09 re/_trace.py:47 close.complete
DEBUG 2026-06-14 12:39:09 re/_trace.py:47 close.started
DEBUG 2026-06-14 12:39:09 re/_trace.py:47 close.complete
DEBUG 2026-06-14 12:39:09 re/_trace.py:47 close.started
DEBUG 2026-06-14 12:39:09 re/_trace.py:47 close.complete
DEBUG 2026-06-14 12:39:09 re/_trace.py:47 close.started
DEBUG 2026-06-14 12:39:09 re/_trace.py:47 close.complete
DEBUG 2026-06-14 12:39:09 re/_trace.py:47 close.started
DEBUG 2026-06-14 12:39:09 re/_trace.py:47 close.complete
DEBUG 2026-06-14 12:39:09 re/_trace.py:47 close.started
DEBUG 2026-06-14 12:39:09 re/_trace.py:47 close.complete
DEBUG 2026-06-14 12:39:09 re/_trace.py:47 close.started
DEBUG 2026-06-14 12:39:09 re/_trace.py:47 close.complete
DEBUG 2026-06-14 12:39:09 re/_trace.py:47 close.started
DEBUG 2026-06-14 12:39:09 re/_trace.py:47 close.complete
DEBUG 2026-06-14 12:39:09 re/_trace.py:47 close.started
DEBUG 2026-06-14 12:39:09 re/_trace.py:47 close.complete
DEBUG 2026-06-14 12:39:09 re/_trace.py:47 close.started
DEBUG 2026-06-14 12:39:09 re/_trace.py:47 close.complete
DEBUG 2026-06-14 12:42:49 re/_trace.py:47 close.started
DEBUG 2026-06-14 12:42:49 re/_trace.py:47 close.complete
DEBUG 2026-06-14 12:42:49 re/_trace.py:47 close.started
DEBUG 2026-06-14 12:42:49 re/_trace.py:47 close.complete
DEBUG 2026-06-14 12:42:49 re/_trace.py:47 close.started
DEBUG 2026-06-14 12:42:49 re/_trace.py:47 close.complete
DEBUG 2026-06-14 12:42:50 re/_trace.py:47 close.started
DEBUG 2026-06-14 12:42:50 re/_trace.py:47 close.complete
DEBUG 2026-06-14 12:42:50 re/_trace.py:47 close.started
DEBUG 2026-06-14 12:42:50 re/_trace.py:47 close.complete
DEBUG 2026-06-14 12:42:50 re/_trace.py:47 close.started
DEBUG 2026-06-14 12:42:50 re/_trace.py:47 close.complete
DEBUG 2026-06-14 12:42:50 re/_trace.py:47 close.started
DEBUG 2026-06-14 12:42:50 re/_trace.py:47 close.complete
DEBUG 2026-06-14 12:42:50 re/_trace.py:47 close.started
DEBUG 2026-06-14 12:42:50 re/_trace.py:47 close.complete
DEBUG 2026-06-14 12:42:50 re/_trace.py:47 close.started
DEBUG 2026-06-14 12:42:50 re/_trace.py:47 close.complete
DEBUG 2026-06-14 12:42:50 re/_trace.py:47 close.started
DEBUG 2026-06-14 12:42:50 re/_trace.py:47 close.complete
DEBUG 2026-06-14 12:46:30 re/_trace.py:47 close.started
DEBUG 2026-06-14 12:46:30 re/_trace.py:47 close.complete
DEBUG 2026-06-14 12:46:30 re/_trace.py:47 close.started
DEBUG 2026-06-14 12:46:30 re/_trace.py:47 close.complete
DEBUG 2026-06-14 12:46:30 re/_trace.py:47 close.started
DEBUG 2026-06-14 12:46:30 re/_trace.py:47 close.complete
DEBUG 2026-06-14 12:46:31 re/_trace.py:47 close.started
DEBUG 2026-06-14 12:46:31 re/_trace.py:47 close.complete
DEBUG 2026-06-14 12:46:31 re/_trace.py:47 close.started
DEBUG 2026-06-14 12:46:31 re/_trace.py:47 close.complete
DEBUG 2026-06-14 12:46:31 re/_trace.py:47 close.started
DEBUG 2026-06-14 12:46:31 re/_trace.py:47 close.complete
DEBUG 2026-06-14 12:46:31 re/_trace.py:47 close.started
DEBUG 2026-06-14 12:46:31 re/_trace.py:47 close.complete
DEBUG 2026-06-14 12:46:31 re/_trace.py:47 close.started
DEBUG 2026-06-14 12:46:31 re/_trace.py:47 close.complete
DEBUG 2026-06-14 12:46:31 re/_trace.py:47 close.started
DEBUG 2026-06-14 12:46:31 re/_trace.py:47 close.complete
DEBUG 2026-06-14 12:46:31 re/_trace.py:47 close.started
DEBUG 2026-06-14 12:46:31 re/_trace.py:47 close.complete
INFO 2026-06-14 12:47:45 ot_train.py:459 step:22K smpl:15M ep:21K epch:420.78 loss:0.002 grdn:0.123 lr:2.3e-05 updt_s:3.572 data_s:0.666
WARNING 2026-06-14 12:47:45 db_utils.py:181 WandB logging of key "loss_per_dim" was ignored as its type "<class 'list'>" is not handled by this wrapper.
DEBUG 2026-06-14 12:50:09 re/_trace.py:47 close.started
DEBUG 2026-06-14 12:50:09 re/_trace.py:47 close.complete
DEBUG 2026-06-14 12:50:09 re/_trace.py:47 close.started
DEBUG 2026-06-14 12:50:09 re/_trace.py:47 close.complete
DEBUG 2026-06-14 12:50:09 re/_trace.py:47 close.started
DEBUG 2026-06-14 12:50:09 re/_trace.py:47 close.complete
DEBUG 2026-06-14 12:50:09 re/_trace.py:47 close.started
DEBUG 2026-06-14 12:50:09 re/_trace.py:47 close.complete
DEBUG 2026-06-14 12:50:09 re/_trace.py:47 close.started
DEBUG 2026-06-14 12:50:09 re/_trace.py:47 close.complete
DEBUG 2026-06-14 12:50:09 re/_trace.py:47 close.started
DEBUG 2026-06-14 12:50:09 re/_trace.py:47 close.complete
DEBUG 2026-06-14 12:50:09 re/_trace.py:47 close.started
DEBUG 2026-06-14 12:50:09 re/_trace.py:47 close.complete
DEBUG 2026-06-14 12:50:09 re/_trace.py:47 close.started
DEBUG 2026-06-14 12:50:09 re/_trace.py:47 close.complete
DEBUG 2026-06-14 12:50:09 re/_trace.py:47 close.started
DEBUG 2026-06-14 12:50:09 re/_trace.py:47 close.complete
DEBUG 2026-06-14 12:50:09 re/_trace.py:47 close.started
DEBUG 2026-06-14 12:50:09 re/_trace.py:47 close.complete
DEBUG 2026-06-14 12:53:49 re/_trace.py:47 close.started
DEBUG 2026-06-14 12:53:49 re/_trace.py:47 close.complete
DEBUG 2026-06-14 12:53:49 re/_trace.py:47 close.started
DEBUG 2026-06-14 12:53:49 re/_trace.py:47 close.complete
DEBUG 2026-06-14 12:53:49 re/_trace.py:47 close.started
DEBUG 2026-06-14 12:53:49 re/_trace.py:47 close.complete
DEBUG 2026-06-14 12:53:49 re/_trace.py:47 close.started
DEBUG 2026-06-14 12:53:49 re/_trace.py:47 close.complete
DEBUG 2026-06-14 12:53:49 re/_trace.py:47 close.started
DEBUG 2026-06-14 12:53:49 re/_trace.py:47 close.complete
DEBUG 2026-06-14 12:53:49 re/_trace.py:47 close.started
DEBUG 2026-06-14 12:53:49 re/_trace.py:47 close.complete
DEBUG 2026-06-14 12:53:50 re/_trace.py:47 close.started
DEBUG 2026-06-14 12:53:50 re/_trace.py:47 close.complete
DEBUG 2026-06-14 12:53:50 re/_trace.py:47 close.started
DEBUG 2026-06-14 12:53:50 re/_trace.py:47 close.complete
DEBUG 2026-06-14 12:53:50 re/_trace.py:47 close.started
DEBUG 2026-06-14 12:53:50 re/_trace.py:47 close.complete
DEBUG 2026-06-14 12:53:50 re/_trace.py:47 close.started
DEBUG 2026-06-14 12:53:50 re/_trace.py:47 close.complete
DEBUG 2026-06-14 12:57:29 re/_trace.py:47 close.started
DEBUG 2026-06-14 12:57:29 re/_trace.py:47 close.complete
DEBUG 2026-06-14 12:57:29 re/_trace.py:47 close.started
DEBUG 2026-06-14 12:57:29 re/_trace.py:47 close.complete
DEBUG 2026-06-14 12:57:29 re/_trace.py:47 close.started
DEBUG 2026-06-14 12:57:29 re/_trace.py:47 close.complete
DEBUG 2026-06-14 12:57:29 re/_trace.py:47 close.started
DEBUG 2026-06-14 12:57:29 re/_trace.py:47 close.complete
DEBUG 2026-06-14 12:57:29 re/_trace.py:47 close.started
DEBUG 2026-06-14 12:57:29 re/_trace.py:47 close.complete
DEBUG 2026-06-14 12:57:29 re/_trace.py:47 close.started
DEBUG 2026-06-14 12:57:29 re/_trace.py:47 close.complete
DEBUG 2026-06-14 12:57:29 re/_trace.py:47 close.started
DEBUG 2026-06-14 12:57:29 re/_trace.py:47 close.complete
DEBUG 2026-06-14 12:57:29 re/_trace.py:47 close.started
DEBUG 2026-06-14 12:57:29 re/_trace.py:47 close.complete
DEBUG 2026-06-14 12:57:29 re/_trace.py:47 close.started
DEBUG 2026-06-14 12:57:29 re/_trace.py:47 close.complete
DEBUG 2026-06-14 12:57:29 re/_trace.py:47 close.started
DEBUG 2026-06-14 12:57:29 re/_trace.py:47 close.complete
DEBUG 2026-06-14 13:01:11 re/_trace.py:47 close.started
DEBUG 2026-06-14 13:01:11 re/_trace.py:47 close.complete
DEBUG 2026-06-14 13:01:11 re/_trace.py:47 close.started
DEBUG 2026-06-14 13:01:11 re/_trace.py:47 close.complete
DEBUG 2026-06-14 13:01:11 re/_trace.py:47 close.started
DEBUG 2026-06-14 13:01:11 re/_trace.py:47 close.complete
DEBUG 2026-06-14 13:01:11 re/_trace.py:47 close.started
DEBUG 2026-06-14 13:01:11 re/_trace.py:47 close.complete
DEBUG 2026-06-14 13:01:11 re/_trace.py:47 close.started
DEBUG 2026-06-14 13:01:11 re/_trace.py:47 close.complete
DEBUG 2026-06-14 13:01:11 re/_trace.py:47 close.started
DEBUG 2026-06-14 13:01:11 re/_trace.py:47 close.complete
DEBUG 2026-06-14 13:01:11 re/_trace.py:47 close.started
DEBUG 2026-06-14 13:01:11 re/_trace.py:47 close.complete
DEBUG 2026-06-14 13:01:11 re/_trace.py:47 close.started
DEBUG 2026-06-14 13:01:11 re/_trace.py:47 close.complete
DEBUG 2026-06-14 13:01:11 re/_trace.py:47 close.started
DEBUG 2026-06-14 13:01:11 re/_trace.py:47 close.complete
DEBUG 2026-06-14 13:01:11 re/_trace.py:47 close.started
DEBUG 2026-06-14 13:01:11 re/_trace.py:47 close.complete
INFO 2026-06-14 13:02:00 ot_train.py:459 step:22K smpl:15M ep:21K epch:424.64 loss:0.002 grdn:0.127 lr:2.2e-05 updt_s:3.601 data_s:0.670
WARNING 2026-06-14 13:02:00 db_utils.py:181 WandB logging of key "loss_per_dim" was ignored as its type "<class 'list'>" is not handled by this wrapper.
DEBUG 2026-06-14 13:04:51 re/_trace.py:47 close.started
DEBUG 2026-06-14 13:04:51 re/_trace.py:47 close.complete
DEBUG 2026-06-14 13:04:51 re/_trace.py:47 close.started
DEBUG 2026-06-14 13:04:51 re/_trace.py:47 close.complete
DEBUG 2026-06-14 13:04:51 re/_trace.py:47 close.started
DEBUG 2026-06-14 13:04:51 re/_trace.py:47 close.complete
DEBUG 2026-06-14 13:04:51 re/_trace.py:47 close.started
DEBUG 2026-06-14 13:04:51 re/_trace.py:47 close.complete
DEBUG 2026-06-14 13:04:51 re/_trace.py:47 close.started
DEBUG 2026-06-14 13:04:51 re/_trace.py:47 close.complete
DEBUG 2026-06-14 13:04:51 re/_trace.py:47 close.started
DEBUG 2026-06-14 13:04:51 re/_trace.py:47 close.complete
DEBUG 2026-06-14 13:04:51 re/_trace.py:47 close.started
DEBUG 2026-06-14 13:04:51 re/_trace.py:47 close.complete
DEBUG 2026-06-14 13:04:51 re/_trace.py:47 close.started
DEBUG 2026-06-14 13:04:51 re/_trace.py:47 close.complete
DEBUG 2026-06-14 13:04:52 re/_trace.py:47 close.started
DEBUG 2026-06-14 13:04:52 re/_trace.py:47 close.complete
DEBUG 2026-06-14 13:04:52 re/_trace.py:47 close.started
DEBUG 2026-06-14 13:04:52 re/_trace.py:47 close.complete
DEBUG 2026-06-14 13:08:30 re/_trace.py:47 close.started
DEBUG 2026-06-14 13:08:30 re/_trace.py:47 close.complete
DEBUG 2026-06-14 13:08:30 re/_trace.py:47 close.started
DEBUG 2026-06-14 13:08:30 re/_trace.py:47 close.complete
DEBUG 2026-06-14 13:08:30 re/_trace.py:47 close.started
DEBUG 2026-06-14 13:08:30 re/_trace.py:47 close.complete
DEBUG 2026-06-14 13:08:30 re/_trace.py:47 close.started
DEBUG 2026-06-14 13:08:30 re/_trace.py:47 close.complete
DEBUG 2026-06-14 13:08:30 re/_trace.py:47 close.started
DEBUG 2026-06-14 13:08:30 re/_trace.py:47 close.complete
DEBUG 2026-06-14 13:08:30 re/_trace.py:47 close.started
DEBUG 2026-06-14 13:08:30 re/_trace.py:47 close.complete
DEBUG 2026-06-14 13:08:30 re/_trace.py:47 close.started
DEBUG 2026-06-14 13:08:30 re/_trace.py:47 close.complete
DEBUG 2026-06-14 13:08:30 re/_trace.py:47 close.started
DEBUG 2026-06-14 13:08:30 re/_trace.py:47 close.complete
DEBUG 2026-06-14 13:08:30 re/_trace.py:47 close.started
DEBUG 2026-06-14 13:08:30 re/_trace.py:47 close.complete
DEBUG 2026-06-14 13:08:30 re/_trace.py:47 close.started
DEBUG 2026-06-14 13:08:30 re/_trace.py:47 close.complete
DEBUG 2026-06-14 13:12:10 re/_trace.py:47 close.started
DEBUG 2026-06-14 13:12:10 re/_trace.py:47 close.complete
DEBUG 2026-06-14 13:12:10 re/_trace.py:47 close.started
DEBUG 2026-06-14 13:12:10 re/_trace.py:47 close.complete
DEBUG 2026-06-14 13:12:10 re/_trace.py:47 close.started
DEBUG 2026-06-14 13:12:10 re/_trace.py:47 close.complete
DEBUG 2026-06-14 13:12:10 re/_trace.py:47 close.started
DEBUG 2026-06-14 13:12:10 re/_trace.py:47 close.complete
DEBUG 2026-06-14 13:12:10 re/_trace.py:47 close.started
DEBUG 2026-06-14 13:12:10 re/_trace.py:47 close.complete
DEBUG 2026-06-14 13:12:10 re/_trace.py:47 close.started
DEBUG 2026-06-14 13:12:10 re/_trace.py:47 close.complete
DEBUG 2026-06-14 13:12:10 re/_trace.py:47 close.started
DEBUG 2026-06-14 13:12:10 re/_trace.py:47 close.complete
DEBUG 2026-06-14 13:12:11 re/_trace.py:47 close.started
DEBUG 2026-06-14 13:12:11 re/_trace.py:47 close.complete
DEBUG 2026-06-14 13:12:11 re/_trace.py:47 close.started
DEBUG 2026-06-14 13:12:11 re/_trace.py:47 close.complete
DEBUG 2026-06-14 13:12:11 re/_trace.py:47 close.started
DEBUG 2026-06-14 13:12:11 re/_trace.py:47 close.complete
INFO 2026-06-14 13:15:35 ot_train.py:459 step:22K smpl:16M ep:21K epch:428.50 loss:0.002 grdn:0.123 lr:2.1e-05 updt_s:3.554 data_s:0.516
WARNING 2026-06-14 13:15:35 db_utils.py:181 WandB logging of key "loss_per_dim" was ignored as its type "<class 'list'>" is not handled by this wrapper.
DEBUG 2026-06-14 13:15:49 re/_trace.py:47 close.started
DEBUG 2026-06-14 13:15:49 re/_trace.py:47 close.complete
DEBUG 2026-06-14 13:15:49 re/_trace.py:47 close.started
DEBUG 2026-06-14 13:15:49 re/_trace.py:47 close.complete
DEBUG 2026-06-14 13:15:49 re/_trace.py:47 close.started
DEBUG 2026-06-14 13:15:49 re/_trace.py:47 close.complete
DEBUG 2026-06-14 13:15:50 re/_trace.py:47 close.started
DEBUG 2026-06-14 13:15:50 re/_trace.py:47 close.complete
DEBUG 2026-06-14 13:15:50 re/_trace.py:47 close.started
DEBUG 2026-06-14 13:15:50 re/_trace.py:47 close.complete
DEBUG 2026-06-14 13:15:50 re/_trace.py:47 close.started
DEBUG 2026-06-14 13:15:50 re/_trace.py:47 close.complete
DEBUG 2026-06-14 13:15:50 re/_trace.py:47 close.started
DEBUG 2026-06-14 13:15:50 re/_trace.py:47 close.complete
DEBUG 2026-06-14 13:15:50 re/_trace.py:47 close.started
DEBUG 2026-06-14 13:15:50 re/_trace.py:47 close.complete
DEBUG 2026-06-14 13:15:50 re/_trace.py:47 close.started
DEBUG 2026-06-14 13:15:50 re/_trace.py:47 close.complete
DEBUG 2026-06-14 13:15:50 re/_trace.py:47 close.started
DEBUG 2026-06-14 13:15:50 re/_trace.py:47 close.complete
DEBUG 2026-06-14 13:19:30 re/_trace.py:47 close.started
DEBUG 2026-06-14 13:19:30 re/_trace.py:47 close.complete
DEBUG 2026-06-14 13:19:30 re/_trace.py:47 close.started
DEBUG 2026-06-14 13:19:30 re/_trace.py:47 close.complete
DEBUG 2026-06-14 13:19:30 re/_trace.py:47 close.started
DEBUG 2026-06-14 13:19:30 re/_trace.py:47 close.complete
DEBUG 2026-06-14 13:19:30 re/_trace.py:47 close.started
DEBUG 2026-06-14 13:19:30 re/_trace.py:47 close.complete
DEBUG 2026-06-14 13:19:30 re/_trace.py:47 close.started
DEBUG 2026-06-14 13:19:30 re/_trace.py:47 close.complete
DEBUG 2026-06-14 13:19:30 re/_trace.py:47 close.started
DEBUG 2026-06-14 13:19:30 re/_trace.py:47 close.complete
DEBUG 2026-06-14 13:19:30 re/_trace.py:47 close.started
DEBUG 2026-06-14 13:19:30 re/_trace.py:47 close.complete
DEBUG 2026-06-14 13:19:30 re/_trace.py:47 close.started
DEBUG 2026-06-14 13:19:30 re/_trace.py:47 close.complete
DEBUG 2026-06-14 13:19:30 re/_trace.py:47 close.started
DEBUG 2026-06-14 13:19:30 re/_trace.py:47 close.complete
DEBUG 2026-06-14 13:19:30 re/_trace.py:47 close.started
DEBUG 2026-06-14 13:19:30 re/_trace.py:47 close.complete
DEBUG 2026-06-14 13:23:09 re/_trace.py:47 close.started
DEBUG 2026-06-14 13:23:09 re/_trace.py:47 close.complete
DEBUG 2026-06-14 13:23:09 re/_trace.py:47 close.started
DEBUG 2026-06-14 13:23:09 re/_trace.py:47 close.complete
DEBUG 2026-06-14 13:23:09 re/_trace.py:47 close.started
DEBUG 2026-06-14 13:23:09 re/_trace.py:47 close.complete
DEBUG 2026-06-14 13:23:09 re/_trace.py:47 close.started
DEBUG 2026-06-14 13:23:09 re/_trace.py:47 close.complete
DEBUG 2026-06-14 13:23:09 re/_trace.py:47 close.started
DEBUG 2026-06-14 13:23:09 re/_trace.py:47 close.complete
DEBUG 2026-06-14 13:23:09 re/_trace.py:47 close.started
DEBUG 2026-06-14 13:23:09 re/_trace.py:47 close.complete
DEBUG 2026-06-14 13:23:09 re/_trace.py:47 close.started
DEBUG 2026-06-14 13:23:09 re/_trace.py:47 close.complete
DEBUG 2026-06-14 13:23:09 re/_trace.py:47 close.started
DEBUG 2026-06-14 13:23:09 re/_trace.py:47 close.complete
DEBUG 2026-06-14 13:23:09 re/_trace.py:47 close.started
DEBUG 2026-06-14 13:23:09 re/_trace.py:47 close.complete
DEBUG 2026-06-14 13:23:09 re/_trace.py:47 close.started
DEBUG 2026-06-14 13:23:09 re/_trace.py:47 close.complete
DEBUG 2026-06-14 13:26:48 re/_trace.py:47 close.started
DEBUG 2026-06-14 13:26:48 re/_trace.py:47 close.complete
DEBUG 2026-06-14 13:26:48 re/_trace.py:47 close.started
DEBUG 2026-06-14 13:26:48 re/_trace.py:47 close.complete
DEBUG 2026-06-14 13:26:48 re/_trace.py:47 close.started
DEBUG 2026-06-14 13:26:48 re/_trace.py:47 close.complete
DEBUG 2026-06-14 13:26:48 re/_trace.py:47 close.started
DEBUG 2026-06-14 13:26:48 re/_trace.py:47 close.complete
DEBUG 2026-06-14 13:26:48 re/_trace.py:47 close.started
DEBUG 2026-06-14 13:26:48 re/_trace.py:47 close.complete
DEBUG 2026-06-14 13:26:49 re/_trace.py:47 close.started
DEBUG 2026-06-14 13:26:49 re/_trace.py:47 close.complete
DEBUG 2026-06-14 13:26:49 re/_trace.py:47 close.started
DEBUG 2026-06-14 13:26:49 re/_trace.py:47 close.complete
DEBUG 2026-06-14 13:26:49 re/_trace.py:47 close.started
DEBUG 2026-06-14 13:26:49 re/_trace.py:47 close.complete
DEBUG 2026-06-14 13:26:49 re/_trace.py:47 close.started
DEBUG 2026-06-14 13:26:49 re/_trace.py:47 close.complete
DEBUG 2026-06-14 13:26:49 re/_trace.py:47 close.started
DEBUG 2026-06-14 13:26:49 re/_trace.py:47 close.complete
INFO 2026-06-14 13:29:48 ot_train.py:459 step:22K smpl:16M ep:22K epch:432.36 loss:0.002 grdn:0.121 lr:2.1e-05 updt_s:3.546 data_s:0.717
WARNING 2026-06-14 13:29:48 db_utils.py:181 WandB logging of key "loss_per_dim" was ignored as its type "<class 'list'>" is not handled by this wrapper.
DEBUG 2026-06-14 13:30:30 re/_trace.py:47 close.started
DEBUG 2026-06-14 13:30:30 re/_trace.py:47 close.complete
DEBUG 2026-06-14 13:30:30 re/_trace.py:47 close.started
DEBUG 2026-06-14 13:30:30 re/_trace.py:47 close.complete
DEBUG 2026-06-14 13:30:30 re/_trace.py:47 close.started
DEBUG 2026-06-14 13:30:30 re/_trace.py:47 close.complete
DEBUG 2026-06-14 13:30:30 re/_trace.py:47 close.started
DEBUG 2026-06-14 13:30:30 re/_trace.py:47 close.complete
DEBUG 2026-06-14 13:30:30 re/_trace.py:47 close.started
DEBUG 2026-06-14 13:30:30 re/_trace.py:47 close.complete
DEBUG 2026-06-14 13:30:30 re/_trace.py:47 close.started
DEBUG 2026-06-14 13:30:30 re/_trace.py:47 close.complete
DEBUG 2026-06-14 13:30:30 re/_trace.py:47 close.started
DEBUG 2026-06-14 13:30:30 re/_trace.py:47 close.complete
DEBUG 2026-06-14 13:30:30 re/_trace.py:47 close.started
DEBUG 2026-06-14 13:30:30 re/_trace.py:47 close.complete
DEBUG 2026-06-14 13:30:30 re/_trace.py:47 close.started
DEBUG 2026-06-14 13:30:30 re/_trace.py:47 close.complete
DEBUG 2026-06-14 13:30:30 re/_trace.py:47 close.started
DEBUG 2026-06-14 13:30:30 re/_trace.py:47 close.complete
DEBUG 2026-06-14 13:34:08 re/_trace.py:47 close.started
DEBUG 2026-06-14 13:34:08 re/_trace.py:47 close.complete
DEBUG 2026-06-14 13:34:08 re/_trace.py:47 close.started
DEBUG 2026-06-14 13:34:08 re/_trace.py:47 close.complete
DEBUG 2026-06-14 13:34:08 re/_trace.py:47 close.started
DEBUG 2026-06-14 13:34:08 re/_trace.py:47 close.complete
DEBUG 2026-06-14 13:34:08 re/_trace.py:47 close.started
DEBUG 2026-06-14 13:34:08 re/_trace.py:47 close.complete
DEBUG 2026-06-14 13:34:09 re/_trace.py:47 close.started
DEBUG 2026-06-14 13:34:09 re/_trace.py:47 close.complete
DEBUG 2026-06-14 13:34:09 re/_trace.py:47 close.started
DEBUG 2026-06-14 13:34:09 re/_trace.py:47 close.complete
DEBUG 2026-06-14 13:34:09 re/_trace.py:47 close.started
DEBUG 2026-06-14 13:34:09 re/_trace.py:47 close.complete
DEBUG 2026-06-14 13:34:09 re/_trace.py:47 close.started
DEBUG 2026-06-14 13:34:09 re/_trace.py:47 close.complete
DEBUG 2026-06-14 13:34:09 re/_trace.py:47 close.started
DEBUG 2026-06-14 13:34:09 re/_trace.py:47 close.complete
DEBUG 2026-06-14 13:34:09 re/_trace.py:47 close.started
DEBUG 2026-06-14 13:34:09 re/_trace.py:47 close.complete
DEBUG 2026-06-14 13:37:47 re/_trace.py:47 close.started
DEBUG 2026-06-14 13:37:47 re/_trace.py:47 close.complete
DEBUG 2026-06-14 13:37:47 re/_trace.py:47 close.started
DEBUG 2026-06-14 13:37:47 re/_trace.py:47 close.complete
DEBUG 2026-06-14 13:37:47 re/_trace.py:47 close.started
DEBUG 2026-06-14 13:37:47 re/_trace.py:47 close.complete
DEBUG 2026-06-14 13:37:47 re/_trace.py:47 close.started
DEBUG 2026-06-14 13:37:47 re/_trace.py:47 close.complete
DEBUG 2026-06-14 13:37:47 re/_trace.py:47 close.started
DEBUG 2026-06-14 13:37:47 re/_trace.py:47 close.complete
DEBUG 2026-06-14 13:37:47 re/_trace.py:47 close.started
DEBUG 2026-06-14 13:37:47 re/_trace.py:47 close.complete
DEBUG 2026-06-14 13:37:47 re/_trace.py:47 close.started
DEBUG 2026-06-14 13:37:47 re/_trace.py:47 close.complete
DEBUG 2026-06-14 13:37:47 re/_trace.py:47 close.started
DEBUG 2026-06-14 13:37:47 re/_trace.py:47 close.complete
DEBUG 2026-06-14 13:37:47 re/_trace.py:47 close.started
DEBUG 2026-06-14 13:37:47 re/_trace.py:47 close.complete
DEBUG 2026-06-14 13:37:47 re/_trace.py:47 close.started
DEBUG 2026-06-14 13:37:47 re/_trace.py:47 close.complete
DEBUG 2026-06-14 13:41:25 re/_trace.py:47 close.started
DEBUG 2026-06-14 13:41:25 re/_trace.py:47 close.complete
DEBUG 2026-06-14 13:41:25 re/_trace.py:47 close.started
DEBUG 2026-06-14 13:41:25 re/_trace.py:47 close.complete
DEBUG 2026-06-14 13:41:25 re/_trace.py:47 close.started
DEBUG 2026-06-14 13:41:25 re/_trace.py:47 close.complete
DEBUG 2026-06-14 13:41:25 re/_trace.py:47 close.started
DEBUG 2026-06-14 13:41:25 re/_trace.py:47 close.complete
DEBUG 2026-06-14 13:41:25 re/_trace.py:47 close.started
DEBUG 2026-06-14 13:41:25 re/_trace.py:47 close.complete
DEBUG 2026-06-14 13:41:25 re/_trace.py:47 close.started
DEBUG 2026-06-14 13:41:25 re/_trace.py:47 close.complete
DEBUG 2026-06-14 13:41:25 re/_trace.py:47 close.started
DEBUG 2026-06-14 13:41:25 re/_trace.py:47 close.complete
DEBUG 2026-06-14 13:41:25 re/_trace.py:47 close.started
DEBUG 2026-06-14 13:41:25 re/_trace.py:47 close.complete
DEBUG 2026-06-14 13:41:25 re/_trace.py:47 close.started
DEBUG 2026-06-14 13:41:25 re/_trace.py:47 close.complete
DEBUG 2026-06-14 13:41:25 re/_trace.py:47 close.started
DEBUG 2026-06-14 13:41:25 re/_trace.py:47 close.complete
INFO 2026-06-14 13:43:58 ot_train.py:459 step:23K smpl:16M ep:22K epch:436.22 loss:0.002 grdn:0.118 lr:2.0e-05 updt_s:3.567 data_s:0.677
WARNING 2026-06-14 13:43:58 db_utils.py:181 WandB logging of key "loss_per_dim" was ignored as its type "<class 'list'>" is not handled by this wrapper.
DEBUG 2026-06-14 13:45:07 re/_trace.py:47 close.started
DEBUG 2026-06-14 13:45:07 re/_trace.py:47 close.complete
DEBUG 2026-06-14 13:45:07 re/_trace.py:47 close.started
DEBUG 2026-06-14 13:45:07 re/_trace.py:47 close.complete
DEBUG 2026-06-14 13:45:07 re/_trace.py:47 close.started
DEBUG 2026-06-14 13:45:07 re/_trace.py:47 close.complete
DEBUG 2026-06-14 13:45:07 re/_trace.py:47 close.started
DEBUG 2026-06-14 13:45:07 re/_trace.py:47 close.complete
DEBUG 2026-06-14 13:45:07 re/_trace.py:47 close.started
DEBUG 2026-06-14 13:45:07 re/_trace.py:47 close.complete
DEBUG 2026-06-14 13:45:07 re/_trace.py:47 close.started
DEBUG 2026-06-14 13:45:07 re/_trace.py:47 close.complete
DEBUG 2026-06-14 13:45:07 re/_trace.py:47 close.started
DEBUG 2026-06-14 13:45:07 re/_trace.py:47 close.complete
DEBUG 2026-06-14 13:45:07 re/_trace.py:47 close.started
DEBUG 2026-06-14 13:45:07 re/_trace.py:47 close.complete
DEBUG 2026-06-14 13:45:07 re/_trace.py:47 close.started
DEBUG 2026-06-14 13:45:07 re/_trace.py:47 close.complete
DEBUG 2026-06-14 13:45:07 re/_trace.py:47 close.started
DEBUG 2026-06-14 13:45:07 re/_trace.py:47 close.complete
DEBUG 2026-06-14 13:48:48 re/_trace.py:47 close.started
DEBUG 2026-06-14 13:48:48 re/_trace.py:47 close.complete
DEBUG 2026-06-14 13:48:48 re/_trace.py:47 close.started
DEBUG 2026-06-14 13:48:48 re/_trace.py:47 close.complete
DEBUG 2026-06-14 13:48:48 re/_trace.py:47 close.started
DEBUG 2026-06-14 13:48:48 re/_trace.py:47 close.complete
DEBUG 2026-06-14 13:48:48 re/_trace.py:47 close.started
DEBUG 2026-06-14 13:48:48 re/_trace.py:47 close.complete
DEBUG 2026-06-14 13:48:48 re/_trace.py:47 close.started
DEBUG 2026-06-14 13:48:48 re/_trace.py:47 close.complete
DEBUG 2026-06-14 13:48:48 re/_trace.py:47 close.started
DEBUG 2026-06-14 13:48:48 re/_trace.py:47 close.complete
DEBUG 2026-06-14 13:48:49 re/_trace.py:47 close.started
DEBUG 2026-06-14 13:48:49 re/_trace.py:47 close.complete
DEBUG 2026-06-14 13:48:49 re/_trace.py:47 close.started
DEBUG 2026-06-14 13:48:49 re/_trace.py:47 close.complete
DEBUG 2026-06-14 13:48:49 re/_trace.py:47 close.started
DEBUG 2026-06-14 13:48:49 re/_trace.py:47 close.complete
DEBUG 2026-06-14 13:48:49 re/_trace.py:47 close.started
DEBUG 2026-06-14 13:48:49 re/_trace.py:47 close.complete
DEBUG 2026-06-14 13:52:27 re/_trace.py:47 close.started
DEBUG 2026-06-14 13:52:27 re/_trace.py:47 close.complete
DEBUG 2026-06-14 13:52:27 re/_trace.py:47 close.started
DEBUG 2026-06-14 13:52:27 re/_trace.py:47 close.complete
DEBUG 2026-06-14 13:52:27 re/_trace.py:47 close.started
DEBUG 2026-06-14 13:52:27 re/_trace.py:47 close.complete
DEBUG 2026-06-14 13:52:27 re/_trace.py:47 close.started
DEBUG 2026-06-14 13:52:27 re/_trace.py:47 close.complete
DEBUG 2026-06-14 13:52:27 re/_trace.py:47 close.started
DEBUG 2026-06-14 13:52:27 re/_trace.py:47 close.complete
DEBUG 2026-06-14 13:52:27 re/_trace.py:47 close.started
DEBUG 2026-06-14 13:52:27 re/_trace.py:47 close.complete
DEBUG 2026-06-14 13:52:27 re/_trace.py:47 close.started
DEBUG 2026-06-14 13:52:27 re/_trace.py:47 close.complete
DEBUG 2026-06-14 13:52:27 re/_trace.py:47 close.started
DEBUG 2026-06-14 13:52:27 re/_trace.py:47 close.complete
DEBUG 2026-06-14 13:52:27 re/_trace.py:47 close.started
DEBUG 2026-06-14 13:52:27 re/_trace.py:47 close.complete
DEBUG 2026-06-14 13:52:27 re/_trace.py:47 close.started
DEBUG 2026-06-14 13:52:27 re/_trace.py:47 close.complete
DEBUG 2026-06-14 13:56:06 re/_trace.py:47 close.started
DEBUG 2026-06-14 13:56:06 re/_trace.py:47 close.complete
DEBUG 2026-06-14 13:56:06 re/_trace.py:47 close.started
DEBUG 2026-06-14 13:56:06 re/_trace.py:47 close.complete
DEBUG 2026-06-14 13:56:06 re/_trace.py:47 close.started
DEBUG 2026-06-14 13:56:06 re/_trace.py:47 close.complete
DEBUG 2026-06-14 13:56:06 re/_trace.py:47 close.started
DEBUG 2026-06-14 13:56:06 re/_trace.py:47 close.complete
DEBUG 2026-06-14 13:56:06 re/_trace.py:47 close.started
DEBUG 2026-06-14 13:56:06 re/_trace.py:47 close.complete
DEBUG 2026-06-14 13:56:06 re/_trace.py:47 close.started
DEBUG 2026-06-14 13:56:06 re/_trace.py:47 close.complete
DEBUG 2026-06-14 13:56:06 re/_trace.py:47 close.started
DEBUG 2026-06-14 13:56:06 re/_trace.py:47 close.complete
DEBUG 2026-06-14 13:56:06 re/_trace.py:47 close.started
DEBUG 2026-06-14 13:56:06 re/_trace.py:47 close.complete
DEBUG 2026-06-14 13:56:06 re/_trace.py:47 close.started
DEBUG 2026-06-14 13:56:06 re/_trace.py:47 close.complete
DEBUG 2026-06-14 13:56:06 re/_trace.py:47 close.started
DEBUG 2026-06-14 13:56:06 re/_trace.py:47 close.complete
INFO 2026-06-14 13:58:10 ot_train.py:459 step:23K smpl:16M ep:22K epch:440.08 loss:0.001 grdn:0.103 lr:1.9e-05 updt_s:3.574 data_s:0.681
WARNING 2026-06-14 13:58:10 db_utils.py:181 WandB logging of key "loss_per_dim" was ignored as its type "<class 'list'>" is not handled by this wrapper.
DEBUG 2026-06-14 13:59:46 re/_trace.py:47 close.started
DEBUG 2026-06-14 13:59:46 re/_trace.py:47 close.complete
DEBUG 2026-06-14 13:59:46 re/_trace.py:47 close.started
DEBUG 2026-06-14 13:59:46 re/_trace.py:47 close.complete
DEBUG 2026-06-14 13:59:46 re/_trace.py:47 close.started
DEBUG 2026-06-14 13:59:46 re/_trace.py:47 close.complete
DEBUG 2026-06-14 13:59:46 re/_trace.py:47 close.started
DEBUG 2026-06-14 13:59:46 re/_trace.py:47 close.complete
DEBUG 2026-06-14 13:59:46 re/_trace.py:47 close.started
DEBUG 2026-06-14 13:59:46 re/_trace.py:47 close.complete
DEBUG 2026-06-14 13:59:46 re/_trace.py:47 close.started
DEBUG 2026-06-14 13:59:46 re/_trace.py:47 close.complete
DEBUG 2026-06-14 13:59:46 re/_trace.py:47 close.started
DEBUG 2026-06-14 13:59:46 re/_trace.py:47 close.complete
DEBUG 2026-06-14 13:59:46 re/_trace.py:47 close.started
DEBUG 2026-06-14 13:59:46 re/_trace.py:47 close.complete
DEBUG 2026-06-14 13:59:46 re/_trace.py:47 close.started
DEBUG 2026-06-14 13:59:46 re/_trace.py:47 close.complete
DEBUG 2026-06-14 13:59:46 re/_trace.py:47 close.started
DEBUG 2026-06-14 13:59:46 re/_trace.py:47 close.complete
DEBUG 2026-06-14 14:03:26 re/_trace.py:47 close.started
DEBUG 2026-06-14 14:03:26 re/_trace.py:47 close.complete
DEBUG 2026-06-14 14:03:26 re/_trace.py:47 close.started
DEBUG 2026-06-14 14:03:26 re/_trace.py:47 close.complete
DEBUG 2026-06-14 14:03:26 re/_trace.py:47 close.started
DEBUG 2026-06-14 14:03:26 re/_trace.py:47 close.complete
DEBUG 2026-06-14 14:03:26 re/_trace.py:47 close.started
DEBUG 2026-06-14 14:03:26 re/_trace.py:47 close.complete
DEBUG 2026-06-14 14:03:26 re/_trace.py:47 close.started
DEBUG 2026-06-14 14:03:26 re/_trace.py:47 close.complete
DEBUG 2026-06-14 14:03:26 re/_trace.py:47 close.started
DEBUG 2026-06-14 14:03:26 re/_trace.py:47 close.complete
DEBUG 2026-06-14 14:03:26 re/_trace.py:47 close.started
DEBUG 2026-06-14 14:03:26 re/_trace.py:47 close.complete
DEBUG 2026-06-14 14:03:26 re/_trace.py:47 close.started
DEBUG 2026-06-14 14:03:26 re/_trace.py:47 close.complete
DEBUG 2026-06-14 14:03:26 re/_trace.py:47 close.started
DEBUG 2026-06-14 14:03:26 re/_trace.py:47 close.complete
DEBUG 2026-06-14 14:03:26 re/_trace.py:47 close.started
DEBUG 2026-06-14 14:03:26 re/_trace.py:47 close.complete
DEBUG 2026-06-14 14:07:04 re/_trace.py:47 close.started
DEBUG 2026-06-14 14:07:04 re/_trace.py:47 close.complete
DEBUG 2026-06-14 14:07:04 re/_trace.py:47 close.started
DEBUG 2026-06-14 14:07:04 re/_trace.py:47 close.complete
DEBUG 2026-06-14 14:07:05 re/_trace.py:47 close.started
DEBUG 2026-06-14 14:07:05 re/_trace.py:47 close.complete
DEBUG 2026-06-14 14:07:05 re/_trace.py:47 close.started
DEBUG 2026-06-14 14:07:05 re/_trace.py:47 close.complete
DEBUG 2026-06-14 14:07:05 re/_trace.py:47 close.started
DEBUG 2026-06-14 14:07:05 re/_trace.py:47 close.complete
DEBUG 2026-06-14 14:07:05 re/_trace.py:47 close.started
DEBUG 2026-06-14 14:07:05 re/_trace.py:47 close.complete
DEBUG 2026-06-14 14:07:05 re/_trace.py:47 close.started
DEBUG 2026-06-14 14:07:05 re/_trace.py:47 close.complete
DEBUG 2026-06-14 14:07:05 re/_trace.py:47 close.started
DEBUG 2026-06-14 14:07:05 re/_trace.py:47 close.complete
DEBUG 2026-06-14 14:07:05 re/_trace.py:47 close.started
DEBUG 2026-06-14 14:07:05 re/_trace.py:47 close.complete
DEBUG 2026-06-14 14:07:05 re/_trace.py:47 close.started
DEBUG 2026-06-14 14:07:05 re/_trace.py:47 close.complete
DEBUG 2026-06-14 14:10:43 re/_trace.py:47 close.started
DEBUG 2026-06-14 14:10:43 re/_trace.py:47 close.complete
DEBUG 2026-06-14 14:10:43 re/_trace.py:47 close.started
DEBUG 2026-06-14 14:10:43 re/_trace.py:47 close.complete
DEBUG 2026-06-14 14:10:43 re/_trace.py:47 close.started
DEBUG 2026-06-14 14:10:43 re/_trace.py:47 close.complete
DEBUG 2026-06-14 14:10:43 re/_trace.py:47 close.started
DEBUG 2026-06-14 14:10:43 re/_trace.py:47 close.complete
DEBUG 2026-06-14 14:10:43 re/_trace.py:47 close.started
DEBUG 2026-06-14 14:10:43 re/_trace.py:47 close.complete
DEBUG 2026-06-14 14:10:43 re/_trace.py:47 close.started
DEBUG 2026-06-14 14:10:43 re/_trace.py:47 close.complete
DEBUG 2026-06-14 14:10:43 re/_trace.py:47 close.started
DEBUG 2026-06-14 14:10:43 re/_trace.py:47 close.complete
DEBUG 2026-06-14 14:10:43 re/_trace.py:47 close.started
DEBUG 2026-06-14 14:10:43 re/_trace.py:47 close.complete
DEBUG 2026-06-14 14:10:43 re/_trace.py:47 close.started
DEBUG 2026-06-14 14:10:43 re/_trace.py:47 close.complete
DEBUG 2026-06-14 14:10:43 re/_trace.py:47 close.started
DEBUG 2026-06-14 14:10:43 re/_trace.py:47 close.complete
INFO 2026-06-14 14:12:15 ot_train.py:459 step:23K smpl:16M ep:22K epch:443.94 loss:0.002 grdn:0.105 lr:1.8e-05 updt_s:3.555 data_s:0.670
WARNING 2026-06-14 14:12:15 db_utils.py:181 WandB logging of key "loss_per_dim" was ignored as its type "<class 'list'>" is not handled by this wrapper.
DEBUG 2026-06-14 14:14:22 re/_trace.py:47 close.started
DEBUG 2026-06-14 14:14:22 re/_trace.py:47 close.complete
DEBUG 2026-06-14 14:14:22 re/_trace.py:47 close.started
DEBUG 2026-06-14 14:14:22 re/_trace.py:47 close.complete
DEBUG 2026-06-14 14:14:22 re/_trace.py:47 close.started
DEBUG 2026-06-14 14:14:22 re/_trace.py:47 close.complete
DEBUG 2026-06-14 14:14:22 re/_trace.py:47 close.started
DEBUG 2026-06-14 14:14:22 re/_trace.py:47 close.complete
DEBUG 2026-06-14 14:14:22 re/_trace.py:47 close.started
DEBUG 2026-06-14 14:14:22 re/_trace.py:47 close.complete
DEBUG 2026-06-14 14:14:22 re/_trace.py:47 close.started
DEBUG 2026-06-14 14:14:22 re/_trace.py:47 close.complete
DEBUG 2026-06-14 14:14:22 re/_trace.py:47 close.started
DEBUG 2026-06-14 14:14:22 re/_trace.py:47 close.complete
DEBUG 2026-06-14 14:14:22 re/_trace.py:47 close.started
DEBUG 2026-06-14 14:14:22 re/_trace.py:47 close.complete
DEBUG 2026-06-14 14:14:22 re/_trace.py:47 close.started
DEBUG 2026-06-14 14:14:22 re/_trace.py:47 close.complete
DEBUG 2026-06-14 14:14:22 re/_trace.py:47 close.started
DEBUG 2026-06-14 14:14:22 re/_trace.py:47 close.complete
DEBUG 2026-06-14 14:18:02 re/_trace.py:47 close.started
DEBUG 2026-06-14 14:18:02 re/_trace.py:47 close.complete
DEBUG 2026-06-14 14:18:02 re/_trace.py:47 close.started
DEBUG 2026-06-14 14:18:02 re/_trace.py:47 close.complete
DEBUG 2026-06-14 14:18:02 re/_trace.py:47 close.started
DEBUG 2026-06-14 14:18:02 re/_trace.py:47 close.complete
DEBUG 2026-06-14 14:18:02 re/_trace.py:47 close.started
DEBUG 2026-06-14 14:18:02 re/_trace.py:47 close.complete
DEBUG 2026-06-14 14:18:02 re/_trace.py:47 close.started
DEBUG 2026-06-14 14:18:02 re/_trace.py:47 close.complete
DEBUG 2026-06-14 14:18:02 re/_trace.py:47 close.started
DEBUG 2026-06-14 14:18:02 re/_trace.py:47 close.complete
DEBUG 2026-06-14 14:18:02 re/_trace.py:47 close.started
DEBUG 2026-06-14 14:18:02 re/_trace.py:47 close.complete
DEBUG 2026-06-14 14:18:02 re/_trace.py:47 close.started
DEBUG 2026-06-14 14:18:02 re/_trace.py:47 close.complete
DEBUG 2026-06-14 14:18:02 re/_trace.py:47 close.started
DEBUG 2026-06-14 14:18:02 re/_trace.py:47 close.complete
DEBUG 2026-06-14 14:18:02 re/_trace.py:47 close.started
DEBUG 2026-06-14 14:18:02 re/_trace.py:47 close.complete
DEBUG 2026-06-14 14:21:40 re/_trace.py:47 close.started
DEBUG 2026-06-14 14:21:40 re/_trace.py:47 close.complete
DEBUG 2026-06-14 14:21:40 re/_trace.py:47 close.started
DEBUG 2026-06-14 14:21:40 re/_trace.py:47 close.complete
DEBUG 2026-06-14 14:21:41 re/_trace.py:47 close.started
DEBUG 2026-06-14 14:21:41 re/_trace.py:47 close.complete
DEBUG 2026-06-14 14:21:41 re/_trace.py:47 close.started
DEBUG 2026-06-14 14:21:41 re/_trace.py:47 close.complete
DEBUG 2026-06-14 14:21:41 re/_trace.py:47 close.started
DEBUG 2026-06-14 14:21:41 re/_trace.py:47 close.complete
DEBUG 2026-06-14 14:21:41 re/_trace.py:47 close.started
DEBUG 2026-06-14 14:21:41 re/_trace.py:47 close.complete
DEBUG 2026-06-14 14:21:41 re/_trace.py:47 close.started
DEBUG 2026-06-14 14:21:41 re/_trace.py:47 close.complete
DEBUG 2026-06-14 14:21:41 re/_trace.py:47 close.started
DEBUG 2026-06-14 14:21:41 re/_trace.py:47 close.complete
DEBUG 2026-06-14 14:21:41 re/_trace.py:47 close.started
DEBUG 2026-06-14 14:21:41 re/_trace.py:47 close.complete
DEBUG 2026-06-14 14:21:41 re/_trace.py:47 close.started
DEBUG 2026-06-14 14:21:41 re/_trace.py:47 close.complete
DEBUG 2026-06-14 14:25:20 re/_trace.py:47 close.started
DEBUG 2026-06-14 14:25:20 re/_trace.py:47 close.complete
DEBUG 2026-06-14 14:25:21 re/_trace.py:47 close.started
DEBUG 2026-06-14 14:25:21 re/_trace.py:47 close.complete
DEBUG 2026-06-14 14:25:21 re/_trace.py:47 close.started
DEBUG 2026-06-14 14:25:21 re/_trace.py:47 close.complete
DEBUG 2026-06-14 14:25:21 re/_trace.py:47 close.started
DEBUG 2026-06-14 14:25:21 re/_trace.py:47 close.complete
DEBUG 2026-06-14 14:25:21 re/_trace.py:47 close.started
DEBUG 2026-06-14 14:25:21 re/_trace.py:47 close.complete
DEBUG 2026-06-14 14:25:21 re/_trace.py:47 close.started
DEBUG 2026-06-14 14:25:21 re/_trace.py:47 close.complete
DEBUG 2026-06-14 14:25:21 re/_trace.py:47 close.started
DEBUG 2026-06-14 14:25:21 re/_trace.py:47 close.complete
DEBUG 2026-06-14 14:25:21 re/_trace.py:47 close.started
DEBUG 2026-06-14 14:25:21 re/_trace.py:47 close.complete
DEBUG 2026-06-14 14:25:21 re/_trace.py:47 close.started
DEBUG 2026-06-14 14:25:21 re/_trace.py:47 close.complete
DEBUG 2026-06-14 14:25:21 re/_trace.py:47 close.started
DEBUG 2026-06-14 14:25:21 re/_trace.py:47 close.complete
INFO 2026-06-14 14:26:23 ot_train.py:459 step:23K smpl:16M ep:22K epch:447.81 loss:0.002 grdn:0.112 lr:1.7e-05 updt_s:3.547 data_s:0.688
WARNING 2026-06-14 14:26:23 db_utils.py:181 WandB logging of key "loss_per_dim" was ignored as its type "<class 'list'>" is not handled by this wrapper.
DEBUG 2026-06-14 14:29:02 re/_trace.py:47 close.started
DEBUG 2026-06-14 14:29:02 re/_trace.py:47 close.complete
DEBUG 2026-06-14 14:29:02 re/_trace.py:47 close.started
DEBUG 2026-06-14 14:29:02 re/_trace.py:47 close.complete
DEBUG 2026-06-14 14:29:02 re/_trace.py:47 close.started
DEBUG 2026-06-14 14:29:02 re/_trace.py:47 close.complete
DEBUG 2026-06-14 14:29:02 re/_trace.py:47 close.started
DEBUG 2026-06-14 14:29:02 re/_trace.py:47 close.complete
DEBUG 2026-06-14 14:29:02 re/_trace.py:47 close.started
DEBUG 2026-06-14 14:29:02 re/_trace.py:47 close.complete
DEBUG 2026-06-14 14:29:02 re/_trace.py:47 close.started
DEBUG 2026-06-14 14:29:02 re/_trace.py:47 close.complete
DEBUG 2026-06-14 14:29:02 re/_trace.py:47 close.started
DEBUG 2026-06-14 14:29:02 re/_trace.py:47 close.complete
DEBUG 2026-06-14 14:29:02 re/_trace.py:47 close.started
DEBUG 2026-06-14 14:29:02 re/_trace.py:47 close.complete
DEBUG 2026-06-14 14:29:02 re/_trace.py:47 close.started
DEBUG 2026-06-14 14:29:02 re/_trace.py:47 close.complete
DEBUG 2026-06-14 14:29:02 re/_trace.py:47 close.started
DEBUG 2026-06-14 14:29:02 re/_trace.py:47 close.complete
DEBUG 2026-06-14 14:32:40 re/_trace.py:47 close.started
DEBUG 2026-06-14 14:32:40 re/_trace.py:47 close.complete
DEBUG 2026-06-14 14:32:40 re/_trace.py:47 close.started
DEBUG 2026-06-14 14:32:40 re/_trace.py:47 close.complete
DEBUG 2026-06-14 14:32:40 re/_trace.py:47 close.started
DEBUG 2026-06-14 14:32:40 re/_trace.py:47 close.complete
DEBUG 2026-06-14 14:32:40 re/_trace.py:47 close.started
DEBUG 2026-06-14 14:32:40 re/_trace.py:47 close.complete
DEBUG 2026-06-14 14:32:41 re/_trace.py:47 close.started
DEBUG 2026-06-14 14:32:41 re/_trace.py:47 close.complete
DEBUG 2026-06-14 14:32:41 re/_trace.py:47 close.started
DEBUG 2026-06-14 14:32:41 re/_trace.py:47 close.complete
DEBUG 2026-06-14 14:32:41 re/_trace.py:47 close.started
DEBUG 2026-06-14 14:32:41 re/_trace.py:47 close.complete
DEBUG 2026-06-14 14:32:41 re/_trace.py:47 close.started
DEBUG 2026-06-14 14:32:41 re/_trace.py:47 close.complete
DEBUG 2026-06-14 14:32:41 re/_trace.py:47 close.started
DEBUG 2026-06-14 14:32:41 re/_trace.py:47 close.complete
DEBUG 2026-06-14 14:32:41 re/_trace.py:47 close.started
DEBUG 2026-06-14 14:32:41 re/_trace.py:47 close.complete
DEBUG 2026-06-14 14:36:20 re/_trace.py:47 close.started
DEBUG 2026-06-14 14:36:20 re/_trace.py:47 close.complete
DEBUG 2026-06-14 14:36:20 re/_trace.py:47 close.started
DEBUG 2026-06-14 14:36:20 re/_trace.py:47 close.complete
DEBUG 2026-06-14 14:36:20 re/_trace.py:47 close.started
DEBUG 2026-06-14 14:36:20 re/_trace.py:47 close.complete
DEBUG 2026-06-14 14:36:20 re/_trace.py:47 close.started
DEBUG 2026-06-14 14:36:20 re/_trace.py:47 close.complete
DEBUG 2026-06-14 14:36:21 re/_trace.py:47 close.started
DEBUG 2026-06-14 14:36:21 re/_trace.py:47 close.complete
DEBUG 2026-06-14 14:36:21 re/_trace.py:47 close.started
DEBUG 2026-06-14 14:36:21 re/_trace.py:47 close.complete
DEBUG 2026-06-14 14:36:21 re/_trace.py:47 close.started
DEBUG 2026-06-14 14:36:21 re/_trace.py:47 close.complete
DEBUG 2026-06-14 14:36:21 re/_trace.py:47 close.started
DEBUG 2026-06-14 14:36:21 re/_trace.py:47 close.complete
DEBUG 2026-06-14 14:36:21 re/_trace.py:47 close.started
DEBUG 2026-06-14 14:36:21 re/_trace.py:47 close.complete
DEBUG 2026-06-14 14:36:21 re/_trace.py:47 close.started
DEBUG 2026-06-14 14:36:21 re/_trace.py:47 close.complete
INFO 2026-06-14 14:40:02 ot_train.py:459 step:23K smpl:16M ep:23K epch:451.67 loss:0.001 grdn:0.100 lr:1.6e-05 updt_s:3.559 data_s:0.529
WARNING 2026-06-14 14:40:02 db_utils.py:181 WandB logging of key "loss_per_dim" was ignored as its type "<class 'list'>" is not handled by this wrapper.
DEBUG 2026-06-14 14:40:02 re/_trace.py:47 close.started
DEBUG 2026-06-14 14:40:02 re/_trace.py:47 close.complete
DEBUG 2026-06-14 14:40:02 re/_trace.py:47 close.started
DEBUG 2026-06-14 14:40:02 re/_trace.py:47 close.complete
DEBUG 2026-06-14 14:40:02 re/_trace.py:47 close.started
DEBUG 2026-06-14 14:40:02 re/_trace.py:47 close.complete
DEBUG 2026-06-14 14:40:02 re/_trace.py:47 close.started
DEBUG 2026-06-14 14:40:02 re/_trace.py:47 close.complete
DEBUG 2026-06-14 14:40:02 re/_trace.py:47 close.started
DEBUG 2026-06-14 14:40:02 re/_trace.py:47 close.complete
DEBUG 2026-06-14 14:40:02 re/_trace.py:47 close.started
DEBUG 2026-06-14 14:40:02 re/_trace.py:47 close.complete
DEBUG 2026-06-14 14:40:02 re/_trace.py:47 close.started
DEBUG 2026-06-14 14:40:02 re/_trace.py:47 close.complete
DEBUG 2026-06-14 14:40:02 re/_trace.py:47 close.started
DEBUG 2026-06-14 14:40:02 re/_trace.py:47 close.complete
DEBUG 2026-06-14 14:40:02 re/_trace.py:47 close.started
DEBUG 2026-06-14 14:40:02 re/_trace.py:47 close.complete
DEBUG 2026-06-14 14:40:02 re/_trace.py:47 close.started
DEBUG 2026-06-14 14:40:02 re/_trace.py:47 close.complete
DEBUG 2026-06-14 14:43:42 re/_trace.py:47 close.started
DEBUG 2026-06-14 14:43:42 re/_trace.py:47 close.complete
DEBUG 2026-06-14 14:43:42 re/_trace.py:47 close.started
DEBUG 2026-06-14 14:43:42 re/_trace.py:47 close.complete
DEBUG 2026-06-14 14:43:42 re/_trace.py:47 close.started
DEBUG 2026-06-14 14:43:42 re/_trace.py:47 close.complete
DEBUG 2026-06-14 14:43:42 re/_trace.py:47 close.started
DEBUG 2026-06-14 14:43:42 re/_trace.py:47 close.complete
DEBUG 2026-06-14 14:43:42 re/_trace.py:47 close.started
DEBUG 2026-06-14 14:43:42 re/_trace.py:47 close.complete
DEBUG 2026-06-14 14:43:42 re/_trace.py:47 close.started
DEBUG 2026-06-14 14:43:42 re/_trace.py:47 close.complete
DEBUG 2026-06-14 14:43:42 re/_trace.py:47 close.started
DEBUG 2026-06-14 14:43:42 re/_trace.py:47 close.complete
DEBUG 2026-06-14 14:43:42 re/_trace.py:47 close.started
DEBUG 2026-06-14 14:43:42 re/_trace.py:47 close.complete
DEBUG 2026-06-14 14:43:42 re/_trace.py:47 close.started
DEBUG 2026-06-14 14:43:42 re/_trace.py:47 close.complete
DEBUG 2026-06-14 14:43:42 re/_trace.py:47 close.started
DEBUG 2026-06-14 14:43:42 re/_trace.py:47 close.complete
DEBUG 2026-06-14 14:47:22 re/_trace.py:47 close.started
DEBUG 2026-06-14 14:47:22 re/_trace.py:47 close.complete
DEBUG 2026-06-14 14:47:22 re/_trace.py:47 close.started
DEBUG 2026-06-14 14:47:22 re/_trace.py:47 close.complete
DEBUG 2026-06-14 14:47:22 re/_trace.py:47 close.started
DEBUG 2026-06-14 14:47:22 re/_trace.py:47 close.complete
DEBUG 2026-06-14 14:47:22 re/_trace.py:47 close.started
DEBUG 2026-06-14 14:47:22 re/_trace.py:47 close.complete
DEBUG 2026-06-14 14:47:22 re/_trace.py:47 close.started
DEBUG 2026-06-14 14:47:22 re/_trace.py:47 close.complete
DEBUG 2026-06-14 14:47:22 re/_trace.py:47 close.started
DEBUG 2026-06-14 14:47:22 re/_trace.py:47 close.complete
DEBUG 2026-06-14 14:47:22 re/_trace.py:47 close.started
DEBUG 2026-06-14 14:47:22 re/_trace.py:47 close.complete
DEBUG 2026-06-14 14:47:22 re/_trace.py:47 close.started
DEBUG 2026-06-14 14:47:22 re/_trace.py:47 close.complete
DEBUG 2026-06-14 14:47:22 re/_trace.py:47 close.started
DEBUG 2026-06-14 14:47:22 re/_trace.py:47 close.complete
DEBUG 2026-06-14 14:47:22 re/_trace.py:47 close.started
DEBUG 2026-06-14 14:47:22 re/_trace.py:47 close.complete
DEBUG 2026-06-14 14:51:03 re/_trace.py:47 close.started
DEBUG 2026-06-14 14:51:03 re/_trace.py:47 close.complete
DEBUG 2026-06-14 14:51:03 re/_trace.py:47 close.started
DEBUG 2026-06-14 14:51:03 re/_trace.py:47 close.complete
DEBUG 2026-06-14 14:51:03 re/_trace.py:47 close.started
DEBUG 2026-06-14 14:51:03 re/_trace.py:47 close.complete
DEBUG 2026-06-14 14:51:03 re/_trace.py:47 close.started
DEBUG 2026-06-14 14:51:03 re/_trace.py:47 close.complete
DEBUG 2026-06-14 14:51:03 re/_trace.py:47 close.started
DEBUG 2026-06-14 14:51:03 re/_trace.py:47 close.complete
DEBUG 2026-06-14 14:51:03 re/_trace.py:47 close.started
DEBUG 2026-06-14 14:51:03 re/_trace.py:47 close.complete
DEBUG 2026-06-14 14:51:03 re/_trace.py:47 close.started
DEBUG 2026-06-14 14:51:03 re/_trace.py:47 close.complete
DEBUG 2026-06-14 14:51:03 re/_trace.py:47 close.started
DEBUG 2026-06-14 14:51:03 re/_trace.py:47 close.complete
DEBUG 2026-06-14 14:51:03 re/_trace.py:47 close.started
DEBUG 2026-06-14 14:51:03 re/_trace.py:47 close.complete
DEBUG 2026-06-14 14:51:03 re/_trace.py:47 close.started
DEBUG 2026-06-14 14:51:03 re/_trace.py:47 close.complete
INFO 2026-06-14 14:54:16 ot_train.py:459 step:24K smpl:17M ep:23K epch:455.53 loss:0.002 grdn:0.111 lr:1.6e-05 updt_s:3.610 data_s:0.656
WARNING 2026-06-14 14:54:16 db_utils.py:181 WandB logging of key "loss_per_dim" was ignored as its type "<class 'list'>" is not handled by this wrapper.
DEBUG 2026-06-14 14:54:45 re/_trace.py:47 close.started
DEBUG 2026-06-14 14:54:45 re/_trace.py:47 close.complete
DEBUG 2026-06-14 14:54:45 re/_trace.py:47 close.started
DEBUG 2026-06-14 14:54:45 re/_trace.py:47 close.complete
DEBUG 2026-06-14 14:54:45 re/_trace.py:47 close.started
DEBUG 2026-06-14 14:54:45 re/_trace.py:47 close.complete
DEBUG 2026-06-14 14:54:45 re/_trace.py:47 close.started
DEBUG 2026-06-14 14:54:45 re/_trace.py:47 close.complete
DEBUG 2026-06-14 14:54:45 re/_trace.py:47 close.started
DEBUG 2026-06-14 14:54:45 re/_trace.py:47 close.complete
DEBUG 2026-06-14 14:54:45 re/_trace.py:47 close.started
DEBUG 2026-06-14 14:54:45 re/_trace.py:47 close.complete
DEBUG 2026-06-14 14:54:45 re/_trace.py:47 close.started
DEBUG 2026-06-14 14:54:45 re/_trace.py:47 close.complete
DEBUG 2026-06-14 14:54:45 re/_trace.py:47 close.started
DEBUG 2026-06-14 14:54:45 re/_trace.py:47 close.complete
DEBUG 2026-06-14 14:54:45 re/_trace.py:47 close.started
DEBUG 2026-06-14 14:54:45 re/_trace.py:47 close.complete
DEBUG 2026-06-14 14:54:45 re/_trace.py:47 close.started
DEBUG 2026-06-14 14:54:45 re/_trace.py:47 close.complete
DEBUG 2026-06-14 14:58:25 re/_trace.py:47 close.started
DEBUG 2026-06-14 14:58:25 re/_trace.py:47 close.complete
DEBUG 2026-06-14 14:58:25 re/_trace.py:47 close.started
DEBUG 2026-06-14 14:58:25 re/_trace.py:47 close.complete
DEBUG 2026-06-14 14:58:25 re/_trace.py:47 close.started
DEBUG 2026-06-14 14:58:25 re/_trace.py:47 close.complete
DEBUG 2026-06-14 14:58:25 re/_trace.py:47 close.started
DEBUG 2026-06-14 14:58:25 re/_trace.py:47 close.complete
DEBUG 2026-06-14 14:58:25 re/_trace.py:47 close.started
DEBUG 2026-06-14 14:58:25 re/_trace.py:47 close.complete
DEBUG 2026-06-14 14:58:25 re/_trace.py:47 close.started
DEBUG 2026-06-14 14:58:25 re/_trace.py:47 close.complete
DEBUG 2026-06-14 14:58:25 re/_trace.py:47 close.started
DEBUG 2026-06-14 14:58:25 re/_trace.py:47 close.complete
DEBUG 2026-06-14 14:58:25 re/_trace.py:47 close.started
DEBUG 2026-06-14 14:58:25 re/_trace.py:47 close.complete
DEBUG 2026-06-14 14:58:25 re/_trace.py:47 close.started
DEBUG 2026-06-14 14:58:25 re/_trace.py:47 close.complete
DEBUG 2026-06-14 14:58:25 re/_trace.py:47 close.started
DEBUG 2026-06-14 14:58:25 re/_trace.py:47 close.complete
DEBUG 2026-06-14 15:02:05 re/_trace.py:47 close.started
DEBUG 2026-06-14 15:02:05 re/_trace.py:47 close.complete
DEBUG 2026-06-14 15:02:05 re/_trace.py:47 close.started
DEBUG 2026-06-14 15:02:05 re/_trace.py:47 close.complete
DEBUG 2026-06-14 15:02:05 re/_trace.py:47 close.started
DEBUG 2026-06-14 15:02:05 re/_trace.py:47 close.complete
DEBUG 2026-06-14 15:02:05 re/_trace.py:47 close.started
DEBUG 2026-06-14 15:02:05 re/_trace.py:47 close.complete
DEBUG 2026-06-14 15:02:05 re/_trace.py:47 close.started
DEBUG 2026-06-14 15:02:05 re/_trace.py:47 close.complete
DEBUG 2026-06-14 15:02:05 re/_trace.py:47 close.started
DEBUG 2026-06-14 15:02:05 re/_trace.py:47 close.complete
DEBUG 2026-06-14 15:02:05 re/_trace.py:47 close.started
DEBUG 2026-06-14 15:02:05 re/_trace.py:47 close.complete
DEBUG 2026-06-14 15:02:05 re/_trace.py:47 close.started
DEBUG 2026-06-14 15:02:05 re/_trace.py:47 close.complete
DEBUG 2026-06-14 15:02:05 re/_trace.py:47 close.started
DEBUG 2026-06-14 15:02:05 re/_trace.py:47 close.complete
DEBUG 2026-06-14 15:02:05 re/_trace.py:47 close.started
DEBUG 2026-06-14 15:02:05 re/_trace.py:47 close.complete
DEBUG 2026-06-14 15:05:43 re/_trace.py:47 close.started
DEBUG 2026-06-14 15:05:43 re/_trace.py:47 close.complete
DEBUG 2026-06-14 15:05:43 re/_trace.py:47 close.started
DEBUG 2026-06-14 15:05:43 re/_trace.py:47 close.complete
DEBUG 2026-06-14 15:05:43 re/_trace.py:47 close.started
DEBUG 2026-06-14 15:05:43 re/_trace.py:47 close.complete
DEBUG 2026-06-14 15:05:44 re/_trace.py:47 close.started
DEBUG 2026-06-14 15:05:44 re/_trace.py:47 close.complete
DEBUG 2026-06-14 15:05:44 re/_trace.py:47 close.started
DEBUG 2026-06-14 15:05:44 re/_trace.py:47 close.complete
DEBUG 2026-06-14 15:05:44 re/_trace.py:47 close.started
DEBUG 2026-06-14 15:05:44 re/_trace.py:47 close.complete
DEBUG 2026-06-14 15:05:44 re/_trace.py:47 close.started
DEBUG 2026-06-14 15:05:44 re/_trace.py:47 close.complete
DEBUG 2026-06-14 15:05:44 re/_trace.py:47 close.started
DEBUG 2026-06-14 15:05:44 re/_trace.py:47 close.complete
DEBUG 2026-06-14 15:05:44 re/_trace.py:47 close.started
DEBUG 2026-06-14 15:05:44 re/_trace.py:47 close.complete
DEBUG 2026-06-14 15:05:44 re/_trace.py:47 close.started
DEBUG 2026-06-14 15:05:44 re/_trace.py:47 close.complete
INFO 2026-06-14 15:08:30 ot_train.py:459 step:24K smpl:17M ep:23K epch:459.39 loss:0.001 grdn:0.093 lr:1.5e-05 updt_s:3.598 data_s:0.667
WARNING 2026-06-14 15:08:30 db_utils.py:181 WandB logging of key "loss_per_dim" was ignored as its type "<class 'list'>" is not handled by this wrapper.
DEBUG 2026-06-14 15:09:25 re/_trace.py:47 close.started
DEBUG 2026-06-14 15:09:25 re/_trace.py:47 close.complete
DEBUG 2026-06-14 15:09:25 re/_trace.py:47 close.started
DEBUG 2026-06-14 15:09:25 re/_trace.py:47 close.complete
DEBUG 2026-06-14 15:09:25 re/_trace.py:47 close.started
DEBUG 2026-06-14 15:09:25 re/_trace.py:47 close.complete
DEBUG 2026-06-14 15:09:25 re/_trace.py:47 close.started
DEBUG 2026-06-14 15:09:25 re/_trace.py:47 close.complete
DEBUG 2026-06-14 15:09:26 re/_trace.py:47 close.started
DEBUG 2026-06-14 15:09:26 re/_trace.py:47 close.complete
DEBUG 2026-06-14 15:09:26 re/_trace.py:47 close.started
DEBUG 2026-06-14 15:09:26 re/_trace.py:47 close.complete
DEBUG 2026-06-14 15:09:26 re/_trace.py:47 close.started
DEBUG 2026-06-14 15:09:26 re/_trace.py:47 close.complete
DEBUG 2026-06-14 15:09:26 re/_trace.py:47 close.started
DEBUG 2026-06-14 15:09:26 re/_trace.py:47 close.complete
DEBUG 2026-06-14 15:09:26 re/_trace.py:47 close.started
DEBUG 2026-06-14 15:09:26 re/_trace.py:47 close.complete
DEBUG 2026-06-14 15:09:26 re/_trace.py:47 close.started
DEBUG 2026-06-14 15:09:26 re/_trace.py:47 close.complete
DEBUG 2026-06-14 15:13:04 re/_trace.py:47 close.started
DEBUG 2026-06-14 15:13:04 re/_trace.py:47 close.complete
DEBUG 2026-06-14 15:13:04 re/_trace.py:47 close.started
DEBUG 2026-06-14 15:13:04 re/_trace.py:47 close.complete
DEBUG 2026-06-14 15:13:04 re/_trace.py:47 close.started
DEBUG 2026-06-14 15:13:04 re/_trace.py:47 close.complete
DEBUG 2026-06-14 15:13:04 re/_trace.py:47 close.started
DEBUG 2026-06-14 15:13:04 re/_trace.py:47 close.complete
DEBUG 2026-06-14 15:13:04 re/_trace.py:47 close.started
DEBUG 2026-06-14 15:13:04 re/_trace.py:47 close.complete
DEBUG 2026-06-14 15:13:04 re/_trace.py:47 close.started
DEBUG 2026-06-14 15:13:04 re/_trace.py:47 close.complete
DEBUG 2026-06-14 15:13:04 re/_trace.py:47 close.started
DEBUG 2026-06-14 15:13:04 re/_trace.py:47 close.complete
DEBUG 2026-06-14 15:13:05 re/_trace.py:47 close.started
DEBUG 2026-06-14 15:13:05 re/_trace.py:47 close.complete
DEBUG 2026-06-14 15:13:05 re/_trace.py:47 close.started
DEBUG 2026-06-14 15:13:05 re/_trace.py:47 close.complete
DEBUG 2026-06-14 15:13:05 re/_trace.py:47 close.started
DEBUG 2026-06-14 15:13:05 re/_trace.py:47 close.complete
DEBUG 2026-06-14 15:16:42 re/_trace.py:47 close.started
DEBUG 2026-06-14 15:16:42 re/_trace.py:47 close.complete
DEBUG 2026-06-14 15:16:42 re/_trace.py:47 close.started
DEBUG 2026-06-14 15:16:42 re/_trace.py:47 close.complete
DEBUG 2026-06-14 15:16:42 re/_trace.py:47 close.started
DEBUG 2026-06-14 15:16:42 re/_trace.py:47 close.complete
DEBUG 2026-06-14 15:16:42 re/_trace.py:47 close.started
DEBUG 2026-06-14 15:16:42 re/_trace.py:47 close.complete
DEBUG 2026-06-14 15:16:42 re/_trace.py:47 close.started
DEBUG 2026-06-14 15:16:42 re/_trace.py:47 close.complete
DEBUG 2026-06-14 15:16:42 re/_trace.py:47 close.started
DEBUG 2026-06-14 15:16:42 re/_trace.py:47 close.complete
DEBUG 2026-06-14 15:16:42 re/_trace.py:47 close.started
DEBUG 2026-06-14 15:16:42 re/_trace.py:47 close.complete
DEBUG 2026-06-14 15:16:42 re/_trace.py:47 close.started
DEBUG 2026-06-14 15:16:42 re/_trace.py:47 close.complete
DEBUG 2026-06-14 15:16:42 re/_trace.py:47 close.started
DEBUG 2026-06-14 15:16:42 re/_trace.py:47 close.complete
DEBUG 2026-06-14 15:16:42 re/_trace.py:47 close.started
DEBUG 2026-06-14 15:16:42 re/_trace.py:47 close.complete
DEBUG 2026-06-14 15:20:21 re/_trace.py:47 close.started
DEBUG 2026-06-14 15:20:21 re/_trace.py:47 close.complete
DEBUG 2026-06-14 15:20:21 re/_trace.py:47 close.started
DEBUG 2026-06-14 15:20:22 re/_trace.py:47 close.complete
DEBUG 2026-06-14 15:20:22 re/_trace.py:47 close.started
DEBUG 2026-06-14 15:20:22 re/_trace.py:47 close.complete
DEBUG 2026-06-14 15:20:22 re/_trace.py:47 close.started
DEBUG 2026-06-14 15:20:22 re/_trace.py:47 close.complete
DEBUG 2026-06-14 15:20:22 re/_trace.py:47 close.started
DEBUG 2026-06-14 15:20:22 re/_trace.py:47 close.complete
DEBUG 2026-06-14 15:20:22 re/_trace.py:47 close.started
DEBUG 2026-06-14 15:20:22 re/_trace.py:47 close.complete
DEBUG 2026-06-14 15:20:22 re/_trace.py:47 close.started
DEBUG 2026-06-14 15:20:22 re/_trace.py:47 close.complete
DEBUG 2026-06-14 15:20:22 re/_trace.py:47 close.started
DEBUG 2026-06-14 15:20:22 re/_trace.py:47 close.complete
DEBUG 2026-06-14 15:20:22 re/_trace.py:47 close.started
DEBUG 2026-06-14 15:20:22 re/_trace.py:47 close.complete
DEBUG 2026-06-14 15:20:22 re/_trace.py:47 close.started
DEBUG 2026-06-14 15:20:22 re/_trace.py:47 close.complete
INFO 2026-06-14 15:22:38 ot_train.py:459 step:24K smpl:17M ep:23K epch:463.25 loss:0.002 grdn:0.097 lr:1.4e-05 updt_s:3.537 data_s:0.701
WARNING 2026-06-14 15:22:38 db_utils.py:181 WandB logging of key "loss_per_dim" was ignored as its type "<class 'list'>" is not handled by this wrapper.
INFO 2026-06-14 15:22:38 ot_train.py:479 Checkpoint policy after step 24000
DEBUG 2026-06-14 15:23:10 tionpool.py:289 Resetting dropped connection: api.wandb.ai
DEBUG 2026-06-14 15:23:10 tionpool.py:544 https://api.wandb.ai:443 "POST /graphql HTTP/1.1" 200 None
DEBUG 2026-06-14 15:24:33 re/_trace.py:47 close.started
DEBUG 2026-06-14 15:24:33 re/_trace.py:47 close.complete
DEBUG 2026-06-14 15:24:33 re/_trace.py:47 close.started
DEBUG 2026-06-14 15:24:33 re/_trace.py:47 close.complete
DEBUG 2026-06-14 15:24:33 re/_trace.py:47 close.started
DEBUG 2026-06-14 15:24:33 re/_trace.py:47 close.complete
DEBUG 2026-06-14 15:24:34 re/_trace.py:47 close.started
DEBUG 2026-06-14 15:24:34 re/_trace.py:47 close.complete
DEBUG 2026-06-14 15:24:34 re/_trace.py:47 close.started
DEBUG 2026-06-14 15:24:34 re/_trace.py:47 close.complete
DEBUG 2026-06-14 15:24:34 re/_trace.py:47 close.started
DEBUG 2026-06-14 15:24:34 re/_trace.py:47 close.complete
DEBUG 2026-06-14 15:24:34 re/_trace.py:47 close.started
DEBUG 2026-06-14 15:24:34 re/_trace.py:47 close.complete
DEBUG 2026-06-14 15:24:34 re/_trace.py:47 close.started
DEBUG 2026-06-14 15:24:34 re/_trace.py:47 close.complete
DEBUG 2026-06-14 15:24:34 re/_trace.py:47 close.started
DEBUG 2026-06-14 15:24:34 re/_trace.py:47 close.complete
DEBUG 2026-06-14 15:24:34 re/_trace.py:47 close.started
DEBUG 2026-06-14 15:24:34 re/_trace.py:47 close.complete
DEBUG 2026-06-14 15:28:14 re/_trace.py:47 close.started
DEBUG 2026-06-14 15:28:14 re/_trace.py:47 close.complete
DEBUG 2026-06-14 15:28:14 re/_trace.py:47 close.started
DEBUG 2026-06-14 15:28:14 re/_trace.py:47 close.complete
DEBUG 2026-06-14 15:28:14 re/_trace.py:47 close.started
DEBUG 2026-06-14 15:28:14 re/_trace.py:47 close.complete
DEBUG 2026-06-14 15:28:14 re/_trace.py:47 close.started
DEBUG 2026-06-14 15:28:14 re/_trace.py:47 close.complete
DEBUG 2026-06-14 15:28:14 re/_trace.py:47 close.started
DEBUG 2026-06-14 15:28:14 re/_trace.py:47 close.complete
DEBUG 2026-06-14 15:28:14 re/_trace.py:47 close.started
DEBUG 2026-06-14 15:28:14 re/_trace.py:47 close.complete
DEBUG 2026-06-14 15:28:14 re/_trace.py:47 close.started
DEBUG 2026-06-14 15:28:14 re/_trace.py:47 close.complete
DEBUG 2026-06-14 15:28:14 re/_trace.py:47 close.started
DEBUG 2026-06-14 15:28:14 re/_trace.py:47 close.complete
DEBUG 2026-06-14 15:28:14 re/_trace.py:47 close.started
DEBUG 2026-06-14 15:28:14 re/_trace.py:47 close.complete
DEBUG 2026-06-14 15:28:14 re/_trace.py:47 close.started
DEBUG 2026-06-14 15:28:14 re/_trace.py:47 close.complete
DEBUG 2026-06-14 15:31:52 re/_trace.py:47 close.started
DEBUG 2026-06-14 15:31:52 re/_trace.py:47 close.complete
DEBUG 2026-06-14 15:31:52 re/_trace.py:47 close.started
DEBUG 2026-06-14 15:31:52 re/_trace.py:47 close.complete
DEBUG 2026-06-14 15:31:52 re/_trace.py:47 close.started
DEBUG 2026-06-14 15:31:52 re/_trace.py:47 close.complete
DEBUG 2026-06-14 15:31:53 re/_trace.py:47 close.started
DEBUG 2026-06-14 15:31:53 re/_trace.py:47 close.complete
DEBUG 2026-06-14 15:31:53 re/_trace.py:47 close.started
DEBUG 2026-06-14 15:31:53 re/_trace.py:47 close.complete
DEBUG 2026-06-14 15:31:53 re/_trace.py:47 close.started
DEBUG 2026-06-14 15:31:53 re/_trace.py:47 close.complete
DEBUG 2026-06-14 15:31:53 re/_trace.py:47 close.started
DEBUG 2026-06-14 15:31:53 re/_trace.py:47 close.complete
DEBUG 2026-06-14 15:31:53 re/_trace.py:47 close.started
DEBUG 2026-06-14 15:31:53 re/_trace.py:47 close.complete
DEBUG 2026-06-14 15:31:53 re/_trace.py:47 close.started
DEBUG 2026-06-14 15:31:53 re/_trace.py:47 close.complete
DEBUG 2026-06-14 15:31:53 re/_trace.py:47 close.started
DEBUG 2026-06-14 15:31:53 re/_trace.py:47 close.complete
DEBUG 2026-06-14 15:35:32 re/_trace.py:47 close.started
DEBUG 2026-06-14 15:35:32 re/_trace.py:47 close.complete
DEBUG 2026-06-14 15:35:33 re/_trace.py:47 close.started
DEBUG 2026-06-14 15:35:33 re/_trace.py:47 close.complete
DEBUG 2026-06-14 15:35:33 re/_trace.py:47 close.started
DEBUG 2026-06-14 15:35:33 re/_trace.py:47 close.complete
DEBUG 2026-06-14 15:35:33 re/_trace.py:47 close.started
DEBUG 2026-06-14 15:35:33 re/_trace.py:47 close.complete
DEBUG 2026-06-14 15:35:33 re/_trace.py:47 close.started
DEBUG 2026-06-14 15:35:33 re/_trace.py:47 close.complete
DEBUG 2026-06-14 15:35:33 re/_trace.py:47 close.started
DEBUG 2026-06-14 15:35:33 re/_trace.py:47 close.complete
DEBUG 2026-06-14 15:35:33 re/_trace.py:47 close.started
DEBUG 2026-06-14 15:35:33 re/_trace.py:47 close.complete
DEBUG 2026-06-14 15:35:33 re/_trace.py:47 close.started
DEBUG 2026-06-14 15:35:33 re/_trace.py:47 close.complete
DEBUG 2026-06-14 15:35:33 re/_trace.py:47 close.started
DEBUG 2026-06-14 15:35:33 re/_trace.py:47 close.complete
DEBUG 2026-06-14 15:35:33 re/_trace.py:47 close.started
DEBUG 2026-06-14 15:35:33 re/_trace.py:47 close.complete
INFO 2026-06-14 15:37:18 ot_train.py:459 step:24K smpl:17M ep:23K epch:467.11 loss:0.001 grdn:0.091 lr:1.3e-05 updt_s:3.519 data_s:0.714
WARNING 2026-06-14 15:37:18 db_utils.py:181 WandB logging of key "loss_per_dim" was ignored as its type "<class 'list'>" is not handled by this wrapper.
DEBUG 2026-06-14 15:39:09 re/_trace.py:47 close.started
DEBUG 2026-06-14 15:39:09 re/_trace.py:47 close.complete
DEBUG 2026-06-14 15:39:10 re/_trace.py:47 close.started
DEBUG 2026-06-14 15:39:10 re/_trace.py:47 close.complete
DEBUG 2026-06-14 15:39:10 re/_trace.py:47 close.started
DEBUG 2026-06-14 15:39:10 re/_trace.py:47 close.complete
DEBUG 2026-06-14 15:39:10 re/_trace.py:47 close.started
DEBUG 2026-06-14 15:39:10 re/_trace.py:47 close.complete
DEBUG 2026-06-14 15:39:10 re/_trace.py:47 close.started
DEBUG 2026-06-14 15:39:10 re/_trace.py:47 close.complete
DEBUG 2026-06-14 15:39:10 re/_trace.py:47 close.started
DEBUG 2026-06-14 15:39:10 re/_trace.py:47 close.complete
DEBUG 2026-06-14 15:39:10 re/_trace.py:47 close.started
DEBUG 2026-06-14 15:39:10 re/_trace.py:47 close.complete
DEBUG 2026-06-14 15:39:10 re/_trace.py:47 close.started
DEBUG 2026-06-14 15:39:10 re/_trace.py:47 close.complete
DEBUG 2026-06-14 15:39:10 re/_trace.py:47 close.started
DEBUG 2026-06-14 15:39:10 re/_trace.py:47 close.complete
DEBUG 2026-06-14 15:39:10 re/_trace.py:47 close.started
DEBUG 2026-06-14 15:39:10 re/_trace.py:47 close.complete
DEBUG 2026-06-14 15:42:48 re/_trace.py:47 close.started
DEBUG 2026-06-14 15:42:48 re/_trace.py:47 close.complete
DEBUG 2026-06-14 15:42:48 re/_trace.py:47 close.started
DEBUG 2026-06-14 15:42:48 re/_trace.py:47 close.complete
DEBUG 2026-06-14 15:42:48 re/_trace.py:47 close.started
DEBUG 2026-06-14 15:42:48 re/_trace.py:47 close.complete
DEBUG 2026-06-14 15:42:48 re/_trace.py:47 close.started
DEBUG 2026-06-14 15:42:48 re/_trace.py:47 close.complete
DEBUG 2026-06-14 15:42:48 re/_trace.py:47 close.started
DEBUG 2026-06-14 15:42:48 re/_trace.py:47 close.complete
DEBUG 2026-06-14 15:42:48 re/_trace.py:47 close.started
DEBUG 2026-06-14 15:42:48 re/_trace.py:47 close.complete
DEBUG 2026-06-14 15:42:48 re/_trace.py:47 close.started
DEBUG 2026-06-14 15:42:48 re/_trace.py:47 close.complete
DEBUG 2026-06-14 15:42:48 re/_trace.py:47 close.started
DEBUG 2026-06-14 15:42:48 re/_trace.py:47 close.complete
DEBUG 2026-06-14 15:42:48 re/_trace.py:47 close.started
DEBUG 2026-06-14 15:42:48 re/_trace.py:47 close.complete
DEBUG 2026-06-14 15:42:48 re/_trace.py:47 close.started
DEBUG 2026-06-14 15:42:48 re/_trace.py:47 close.complete
DEBUG 2026-06-14 15:46:28 re/_trace.py:47 close.started
DEBUG 2026-06-14 15:46:28 re/_trace.py:47 close.complete
DEBUG 2026-06-14 15:46:28 re/_trace.py:47 close.started
DEBUG 2026-06-14 15:46:28 re/_trace.py:47 close.complete
DEBUG 2026-06-14 15:46:28 re/_trace.py:47 close.started
DEBUG 2026-06-14 15:46:28 re/_trace.py:47 close.complete
DEBUG 2026-06-14 15:46:28 re/_trace.py:47 close.started
DEBUG 2026-06-14 15:46:28 re/_trace.py:47 close.complete
DEBUG 2026-06-14 15:46:28 re/_trace.py:47 close.started
DEBUG 2026-06-14 15:46:28 re/_trace.py:47 close.complete
DEBUG 2026-06-14 15:46:28 re/_trace.py:47 close.started
DEBUG 2026-06-14 15:46:28 re/_trace.py:47 close.complete
DEBUG 2026-06-14 15:46:28 re/_trace.py:47 close.started
DEBUG 2026-06-14 15:46:28 re/_trace.py:47 close.complete
DEBUG 2026-06-14 15:46:28 re/_trace.py:47 close.started
DEBUG 2026-06-14 15:46:28 re/_trace.py:47 close.complete
DEBUG 2026-06-14 15:46:28 re/_trace.py:47 close.started
DEBUG 2026-06-14 15:46:28 re/_trace.py:47 close.complete
DEBUG 2026-06-14 15:46:28 re/_trace.py:47 close.started
DEBUG 2026-06-14 15:46:28 re/_trace.py:47 close.complete
DEBUG 2026-06-14 15:50:08 re/_trace.py:47 close.started
DEBUG 2026-06-14 15:50:08 re/_trace.py:47 close.complete
DEBUG 2026-06-14 15:50:08 re/_trace.py:47 close.started
DEBUG 2026-06-14 15:50:08 re/_trace.py:47 close.complete
DEBUG 2026-06-14 15:50:08 re/_trace.py:47 close.started
DEBUG 2026-06-14 15:50:08 re/_trace.py:47 close.complete
DEBUG 2026-06-14 15:50:08 re/_trace.py:47 close.started
DEBUG 2026-06-14 15:50:08 re/_trace.py:47 close.complete
DEBUG 2026-06-14 15:50:08 re/_trace.py:47 close.started
DEBUG 2026-06-14 15:50:08 re/_trace.py:47 close.complete
DEBUG 2026-06-14 15:50:08 re/_trace.py:47 close.started
DEBUG 2026-06-14 15:50:08 re/_trace.py:47 close.complete
DEBUG 2026-06-14 15:50:08 re/_trace.py:47 close.started
DEBUG 2026-06-14 15:50:08 re/_trace.py:47 close.complete
DEBUG 2026-06-14 15:50:08 re/_trace.py:47 close.started
DEBUG 2026-06-14 15:50:08 re/_trace.py:47 close.complete
DEBUG 2026-06-14 15:50:08 re/_trace.py:47 close.started
DEBUG 2026-06-14 15:50:08 re/_trace.py:47 close.complete
DEBUG 2026-06-14 15:50:08 re/_trace.py:47 close.started
DEBUG 2026-06-14 15:50:08 re/_trace.py:47 close.complete
INFO 2026-06-14 15:51:24 ot_train.py:459 step:24K smpl:17M ep:24K epch:470.97 loss:0.001 grdn:0.093 lr:1.3e-05 updt_s:3.575 data_s:0.655
WARNING 2026-06-14 15:51:24 db_utils.py:181 WandB logging of key "loss_per_dim" was ignored as its type "<class 'list'>" is not handled by this wrapper.
DEBUG 2026-06-14 15:53:46 re/_trace.py:47 close.started
DEBUG 2026-06-14 15:53:46 re/_trace.py:47 close.complete
DEBUG 2026-06-14 15:53:46 re/_trace.py:47 close.started
DEBUG 2026-06-14 15:53:46 re/_trace.py:47 close.complete
DEBUG 2026-06-14 15:53:46 re/_trace.py:47 close.started
DEBUG 2026-06-14 15:53:46 re/_trace.py:47 close.complete
DEBUG 2026-06-14 15:53:46 re/_trace.py:47 close.started
DEBUG 2026-06-14 15:53:46 re/_trace.py:47 close.complete
DEBUG 2026-06-14 15:53:46 re/_trace.py:47 close.started
DEBUG 2026-06-14 15:53:46 re/_trace.py:47 close.complete
DEBUG 2026-06-14 15:53:46 re/_trace.py:47 close.started
DEBUG 2026-06-14 15:53:46 re/_trace.py:47 close.complete
DEBUG 2026-06-14 15:53:46 re/_trace.py:47 close.started
DEBUG 2026-06-14 15:53:46 re/_trace.py:47 close.complete
DEBUG 2026-06-14 15:53:47 re/_trace.py:47 close.started
DEBUG 2026-06-14 15:53:47 re/_trace.py:47 close.complete
DEBUG 2026-06-14 15:53:47 re/_trace.py:47 close.started
DEBUG 2026-06-14 15:53:47 re/_trace.py:47 close.complete
DEBUG 2026-06-14 15:53:47 re/_trace.py:47 close.started
DEBUG 2026-06-14 15:53:47 re/_trace.py:47 close.complete
DEBUG 2026-06-14 15:57:27 re/_trace.py:47 close.started
DEBUG 2026-06-14 15:57:27 re/_trace.py:47 close.complete
DEBUG 2026-06-14 15:57:27 re/_trace.py:47 close.started
DEBUG 2026-06-14 15:57:27 re/_trace.py:47 close.complete
DEBUG 2026-06-14 15:57:27 re/_trace.py:47 close.started
DEBUG 2026-06-14 15:57:27 re/_trace.py:47 close.complete
DEBUG 2026-06-14 15:57:27 re/_trace.py:47 close.started
DEBUG 2026-06-14 15:57:27 re/_trace.py:47 close.complete
DEBUG 2026-06-14 15:57:27 re/_trace.py:47 close.started
DEBUG 2026-06-14 15:57:27 re/_trace.py:47 close.complete
DEBUG 2026-06-14 15:57:27 re/_trace.py:47 close.started
DEBUG 2026-06-14 15:57:27 re/_trace.py:47 close.complete
DEBUG 2026-06-14 15:57:27 re/_trace.py:47 close.started
DEBUG 2026-06-14 15:57:27 re/_trace.py:47 close.complete
DEBUG 2026-06-14 15:57:27 re/_trace.py:47 close.started
DEBUG 2026-06-14 15:57:27 re/_trace.py:47 close.complete
DEBUG 2026-06-14 15:57:27 re/_trace.py:47 close.started
DEBUG 2026-06-14 15:57:27 re/_trace.py:47 close.complete
DEBUG 2026-06-14 15:57:27 re/_trace.py:47 close.started
DEBUG 2026-06-14 15:57:27 re/_trace.py:47 close.complete
DEBUG 2026-06-14 16:01:07 re/_trace.py:47 close.started
DEBUG 2026-06-14 16:01:07 re/_trace.py:47 close.complete
DEBUG 2026-06-14 16:01:07 re/_trace.py:47 close.started
DEBUG 2026-06-14 16:01:07 re/_trace.py:47 close.complete
DEBUG 2026-06-14 16:01:08 re/_trace.py:47 close.started
DEBUG 2026-06-14 16:01:08 re/_trace.py:47 close.complete
DEBUG 2026-06-14 16:01:08 re/_trace.py:47 close.started
DEBUG 2026-06-14 16:01:08 re/_trace.py:47 close.complete
DEBUG 2026-06-14 16:01:08 re/_trace.py:47 close.started
DEBUG 2026-06-14 16:01:08 re/_trace.py:47 close.complete
DEBUG 2026-06-14 16:01:08 re/_trace.py:47 close.started
DEBUG 2026-06-14 16:01:08 re/_trace.py:47 close.complete
DEBUG 2026-06-14 16:01:08 re/_trace.py:47 close.started
DEBUG 2026-06-14 16:01:08 re/_trace.py:47 close.complete
DEBUG 2026-06-14 16:01:08 re/_trace.py:47 close.started
DEBUG 2026-06-14 16:01:08 re/_trace.py:47 close.complete
DEBUG 2026-06-14 16:01:08 re/_trace.py:47 close.started
DEBUG 2026-06-14 16:01:08 re/_trace.py:47 close.complete
DEBUG 2026-06-14 16:01:08 re/_trace.py:47 close.started
DEBUG 2026-06-14 16:01:08 re/_trace.py:47 close.complete
DEBUG 2026-06-14 16:04:48 re/_trace.py:47 close.started
DEBUG 2026-06-14 16:04:48 re/_trace.py:47 close.complete
DEBUG 2026-06-14 16:04:48 re/_trace.py:47 close.started
DEBUG 2026-06-14 16:04:48 re/_trace.py:47 close.complete
DEBUG 2026-06-14 16:04:49 re/_trace.py:47 close.started
DEBUG 2026-06-14 16:04:49 re/_trace.py:47 close.complete
DEBUG 2026-06-14 16:04:49 re/_trace.py:47 close.started
DEBUG 2026-06-14 16:04:49 re/_trace.py:47 close.complete
DEBUG 2026-06-14 16:04:49 re/_trace.py:47 close.started
DEBUG 2026-06-14 16:04:49 re/_trace.py:47 close.complete
DEBUG 2026-06-14 16:04:49 re/_trace.py:47 close.started
DEBUG 2026-06-14 16:04:49 re/_trace.py:47 close.complete
DEBUG 2026-06-14 16:04:49 re/_trace.py:47 close.started
DEBUG 2026-06-14 16:04:49 re/_trace.py:47 close.complete
DEBUG 2026-06-14 16:04:49 re/_trace.py:47 close.started
DEBUG 2026-06-14 16:04:49 re/_trace.py:47 close.complete
DEBUG 2026-06-14 16:04:49 re/_trace.py:47 close.started
DEBUG 2026-06-14 16:04:49 re/_trace.py:47 close.complete
DEBUG 2026-06-14 16:04:49 re/_trace.py:47 close.started
DEBUG 2026-06-14 16:04:49 re/_trace.py:47 close.complete
INFO 2026-06-14 16:05:37 ot_train.py:459 step:25K smpl:17M ep:24K epch:474.83 loss:0.001 grdn:0.091 lr:1.2e-05 updt_s:3.609 data_s:0.651
WARNING 2026-06-14 16:05:37 db_utils.py:181 WandB logging of key "loss_per_dim" was ignored as its type "<class 'list'>" is not handled by this wrapper.
DEBUG 2026-06-14 16:08:28 re/_trace.py:47 close.started
DEBUG 2026-06-14 16:08:28 re/_trace.py:47 close.complete
DEBUG 2026-06-14 16:08:28 re/_trace.py:47 close.started
DEBUG 2026-06-14 16:08:28 re/_trace.py:47 close.complete
DEBUG 2026-06-14 16:08:28 re/_trace.py:47 close.started
DEBUG 2026-06-14 16:08:28 re/_trace.py:47 close.complete
DEBUG 2026-06-14 16:08:28 re/_trace.py:47 close.started
DEBUG 2026-06-14 16:08:28 re/_trace.py:47 close.complete
DEBUG 2026-06-14 16:08:28 re/_trace.py:47 close.started
DEBUG 2026-06-14 16:08:28 re/_trace.py:47 close.complete
DEBUG 2026-06-14 16:08:28 re/_trace.py:47 close.started
DEBUG 2026-06-14 16:08:28 re/_trace.py:47 close.complete
DEBUG 2026-06-14 16:08:28 re/_trace.py:47 close.started
DEBUG 2026-06-14 16:08:28 re/_trace.py:47 close.complete
DEBUG 2026-06-14 16:08:29 re/_trace.py:47 close.started
DEBUG 2026-06-14 16:08:29 re/_trace.py:47 close.complete
DEBUG 2026-06-14 16:08:29 re/_trace.py:47 close.started
DEBUG 2026-06-14 16:08:29 re/_trace.py:47 close.complete
DEBUG 2026-06-14 16:08:29 re/_trace.py:47 close.started
DEBUG 2026-06-14 16:08:29 re/_trace.py:47 close.complete
DEBUG 2026-06-14 16:12:07 re/_trace.py:47 close.started
DEBUG 2026-06-14 16:12:07 re/_trace.py:47 close.complete
DEBUG 2026-06-14 16:12:07 re/_trace.py:47 close.started
DEBUG 2026-06-14 16:12:07 re/_trace.py:47 close.complete
DEBUG 2026-06-14 16:12:07 re/_trace.py:47 close.started
DEBUG 2026-06-14 16:12:07 re/_trace.py:47 close.complete
DEBUG 2026-06-14 16:12:07 re/_trace.py:47 close.started
DEBUG 2026-06-14 16:12:07 re/_trace.py:47 close.complete
DEBUG 2026-06-14 16:12:07 re/_trace.py:47 close.started
DEBUG 2026-06-14 16:12:07 re/_trace.py:47 close.complete
DEBUG 2026-06-14 16:12:07 re/_trace.py:47 close.started
DEBUG 2026-06-14 16:12:07 re/_trace.py:47 close.complete
DEBUG 2026-06-14 16:12:07 re/_trace.py:47 close.started
DEBUG 2026-06-14 16:12:07 re/_trace.py:47 close.complete
DEBUG 2026-06-14 16:12:07 re/_trace.py:47 close.started
DEBUG 2026-06-14 16:12:07 re/_trace.py:47 close.complete
DEBUG 2026-06-14 16:12:07 re/_trace.py:47 close.started
DEBUG 2026-06-14 16:12:07 re/_trace.py:47 close.complete
DEBUG 2026-06-14 16:12:07 re/_trace.py:47 close.started
DEBUG 2026-06-14 16:12:07 re/_trace.py:47 close.complete
DEBUG 2026-06-14 16:15:47 re/_trace.py:47 close.started
DEBUG 2026-06-14 16:15:47 re/_trace.py:47 close.complete
DEBUG 2026-06-14 16:15:47 re/_trace.py:47 close.started
DEBUG 2026-06-14 16:15:47 re/_trace.py:47 close.complete
DEBUG 2026-06-14 16:15:47 re/_trace.py:47 close.started
DEBUG 2026-06-14 16:15:47 re/_trace.py:47 close.complete
DEBUG 2026-06-14 16:15:47 re/_trace.py:47 close.started
DEBUG 2026-06-14 16:15:47 re/_trace.py:47 close.complete
DEBUG 2026-06-14 16:15:47 re/_trace.py:47 close.started
DEBUG 2026-06-14 16:15:47 re/_trace.py:47 close.complete
DEBUG 2026-06-14 16:15:47 re/_trace.py:47 close.started
DEBUG 2026-06-14 16:15:47 re/_trace.py:47 close.complete
DEBUG 2026-06-14 16:15:48 re/_trace.py:47 close.started
DEBUG 2026-06-14 16:15:48 re/_trace.py:47 close.complete
DEBUG 2026-06-14 16:15:48 re/_trace.py:47 close.started
DEBUG 2026-06-14 16:15:48 re/_trace.py:47 close.complete
DEBUG 2026-06-14 16:15:48 re/_trace.py:47 close.started
DEBUG 2026-06-14 16:15:48 re/_trace.py:47 close.complete
DEBUG 2026-06-14 16:15:48 re/_trace.py:47 close.started
DEBUG 2026-06-14 16:15:48 re/_trace.py:47 close.complete
INFO 2026-06-14 16:19:12 ot_train.py:459 step:25K smpl:17M ep:24K epch:478.69 loss:0.001 grdn:0.081 lr:1.1e-05 updt_s:3.584 data_s:0.486
WARNING 2026-06-14 16:19:12 db_utils.py:181 WandB logging of key "loss_per_dim" was ignored as its type "<class 'list'>" is not handled by this wrapper.
DEBUG 2026-06-14 16:19:26 re/_trace.py:47 close.started
DEBUG 2026-06-14 16:19:26 re/_trace.py:47 close.complete
DEBUG 2026-06-14 16:19:26 re/_trace.py:47 close.started
DEBUG 2026-06-14 16:19:26 re/_trace.py:47 close.complete
DEBUG 2026-06-14 16:19:26 re/_trace.py:47 close.started
DEBUG 2026-06-14 16:19:26 re/_trace.py:47 close.complete
DEBUG 2026-06-14 16:19:26 re/_trace.py:47 close.started
DEBUG 2026-06-14 16:19:26 re/_trace.py:47 close.complete
DEBUG 2026-06-14 16:19:26 re/_trace.py:47 close.started
DEBUG 2026-06-14 16:19:26 re/_trace.py:47 close.complete
DEBUG 2026-06-14 16:19:27 re/_trace.py:47 close.started
DEBUG 2026-06-14 16:19:27 re/_trace.py:47 close.complete
DEBUG 2026-06-14 16:19:27 re/_trace.py:47 close.started
DEBUG 2026-06-14 16:19:27 re/_trace.py:47 close.complete
DEBUG 2026-06-14 16:19:27 re/_trace.py:47 close.started
DEBUG 2026-06-14 16:19:27 re/_trace.py:47 close.complete
DEBUG 2026-06-14 16:19:27 re/_trace.py:47 close.started
DEBUG 2026-06-14 16:19:27 re/_trace.py:47 close.complete
DEBUG 2026-06-14 16:19:27 re/_trace.py:47 close.started
DEBUG 2026-06-14 16:19:27 re/_trace.py:47 close.complete
DEBUG 2026-06-14 16:23:06 re/_trace.py:47 close.started
DEBUG 2026-06-14 16:23:06 re/_trace.py:47 close.complete
DEBUG 2026-06-14 16:23:07 re/_trace.py:47 close.started
DEBUG 2026-06-14 16:23:07 re/_trace.py:47 close.complete
DEBUG 2026-06-14 16:23:07 re/_trace.py:47 close.started
DEBUG 2026-06-14 16:23:07 re/_trace.py:47 close.complete
DEBUG 2026-06-14 16:23:07 re/_trace.py:47 close.started
DEBUG 2026-06-14 16:23:07 re/_trace.py:47 close.complete
DEBUG 2026-06-14 16:23:07 re/_trace.py:47 close.started
DEBUG 2026-06-14 16:23:07 re/_trace.py:47 close.complete
DEBUG 2026-06-14 16:23:07 re/_trace.py:47 close.started
DEBUG 2026-06-14 16:23:07 re/_trace.py:47 close.complete
DEBUG 2026-06-14 16:23:07 re/_trace.py:47 close.started
DEBUG 2026-06-14 16:23:07 re/_trace.py:47 close.complete
DEBUG 2026-06-14 16:23:07 re/_trace.py:47 close.started
DEBUG 2026-06-14 16:23:07 re/_trace.py:47 close.complete
DEBUG 2026-06-14 16:23:07 re/_trace.py:47 close.started
DEBUG 2026-06-14 16:23:07 re/_trace.py:47 close.complete
DEBUG 2026-06-14 16:23:07 re/_trace.py:47 close.started
DEBUG 2026-06-14 16:23:07 re/_trace.py:47 close.complete
DEBUG 2026-06-14 16:26:46 re/_trace.py:47 close.started
DEBUG 2026-06-14 16:26:46 re/_trace.py:47 close.complete
DEBUG 2026-06-14 16:26:46 re/_trace.py:47 close.started
DEBUG 2026-06-14 16:26:46 re/_trace.py:47 close.complete
DEBUG 2026-06-14 16:26:46 re/_trace.py:47 close.started
DEBUG 2026-06-14 16:26:46 re/_trace.py:47 close.complete
DEBUG 2026-06-14 16:26:46 re/_trace.py:47 close.started
DEBUG 2026-06-14 16:26:46 re/_trace.py:47 close.complete
DEBUG 2026-06-14 16:26:47 re/_trace.py:47 close.started
DEBUG 2026-06-14 16:26:47 re/_trace.py:47 close.complete
DEBUG 2026-06-14 16:26:47 re/_trace.py:47 close.started
DEBUG 2026-06-14 16:26:47 re/_trace.py:47 close.complete
DEBUG 2026-06-14 16:26:47 re/_trace.py:47 close.started
DEBUG 2026-06-14 16:26:47 re/_trace.py:47 close.complete
DEBUG 2026-06-14 16:26:47 re/_trace.py:47 close.started
DEBUG 2026-06-14 16:26:47 re/_trace.py:47 close.complete
DEBUG 2026-06-14 16:26:47 re/_trace.py:47 close.started
DEBUG 2026-06-14 16:26:47 re/_trace.py:47 close.complete
DEBUG 2026-06-14 16:26:47 re/_trace.py:47 close.started
DEBUG 2026-06-14 16:26:47 re/_trace.py:47 close.complete
DEBUG 2026-06-14 16:30:24 re/_trace.py:47 close.started
DEBUG 2026-06-14 16:30:24 re/_trace.py:47 close.complete
DEBUG 2026-06-14 16:30:24 re/_trace.py:47 close.started
DEBUG 2026-06-14 16:30:24 re/_trace.py:47 close.complete
DEBUG 2026-06-14 16:30:24 re/_trace.py:47 close.started
DEBUG 2026-06-14 16:30:24 re/_trace.py:47 close.complete
DEBUG 2026-06-14 16:30:24 re/_trace.py:47 close.started
DEBUG 2026-06-14 16:30:24 re/_trace.py:47 close.complete
DEBUG 2026-06-14 16:30:24 re/_trace.py:47 close.started
DEBUG 2026-06-14 16:30:24 re/_trace.py:47 close.complete
DEBUG 2026-06-14 16:30:24 re/_trace.py:47 close.started
DEBUG 2026-06-14 16:30:24 re/_trace.py:47 close.complete
DEBUG 2026-06-14 16:30:24 re/_trace.py:47 close.started
DEBUG 2026-06-14 16:30:24 re/_trace.py:47 close.complete
DEBUG 2026-06-14 16:30:24 re/_trace.py:47 close.started
DEBUG 2026-06-14 16:30:24 re/_trace.py:47 close.complete
DEBUG 2026-06-14 16:30:24 re/_trace.py:47 close.started
DEBUG 2026-06-14 16:30:24 re/_trace.py:47 close.complete
DEBUG 2026-06-14 16:30:24 re/_trace.py:47 close.started
DEBUG 2026-06-14 16:30:24 re/_trace.py:47 close.complete
INFO 2026-06-14 16:33:22 ot_train.py:459 step:25K smpl:18M ep:24K epch:482.55 loss:0.001 grdn:0.081 lr:1.1e-05 updt_s:3.578 data_s:0.668
WARNING 2026-06-14 16:33:22 db_utils.py:181 WandB logging of key "loss_per_dim" was ignored as its type "<class 'list'>" is not handled by this wrapper.
DEBUG 2026-06-14 16:34:03 re/_trace.py:47 close.started
DEBUG 2026-06-14 16:34:03 re/_trace.py:47 close.complete
DEBUG 2026-06-14 16:34:04 re/_trace.py:47 close.started
DEBUG 2026-06-14 16:34:04 re/_trace.py:47 close.complete
DEBUG 2026-06-14 16:34:04 re/_trace.py:47 close.started
DEBUG 2026-06-14 16:34:04 re/_trace.py:47 close.complete
DEBUG 2026-06-14 16:34:04 re/_trace.py:47 close.started
DEBUG 2026-06-14 16:34:04 re/_trace.py:47 close.complete
DEBUG 2026-06-14 16:34:04 re/_trace.py:47 close.started
DEBUG 2026-06-14 16:34:04 re/_trace.py:47 close.complete
DEBUG 2026-06-14 16:34:04 re/_trace.py:47 close.started
DEBUG 2026-06-14 16:34:04 re/_trace.py:47 close.complete
DEBUG 2026-06-14 16:34:04 re/_trace.py:47 close.started
DEBUG 2026-06-14 16:34:04 re/_trace.py:47 close.complete
DEBUG 2026-06-14 16:34:04 re/_trace.py:47 close.started
DEBUG 2026-06-14 16:34:04 re/_trace.py:47 close.complete
DEBUG 2026-06-14 16:34:04 re/_trace.py:47 close.started
DEBUG 2026-06-14 16:34:04 re/_trace.py:47 close.complete
DEBUG 2026-06-14 16:34:04 re/_trace.py:47 close.started
DEBUG 2026-06-14 16:34:04 re/_trace.py:47 close.complete
DEBUG 2026-06-14 16:37:45 re/_trace.py:47 close.started
DEBUG 2026-06-14 16:37:45 re/_trace.py:47 close.complete
DEBUG 2026-06-14 16:37:45 re/_trace.py:47 close.started
DEBUG 2026-06-14 16:37:45 re/_trace.py:47 close.complete
DEBUG 2026-06-14 16:37:45 re/_trace.py:47 close.started
DEBUG 2026-06-14 16:37:45 re/_trace.py:47 close.complete
DEBUG 2026-06-14 16:37:45 re/_trace.py:47 close.started
DEBUG 2026-06-14 16:37:45 re/_trace.py:47 close.complete
DEBUG 2026-06-14 16:37:45 re/_trace.py:47 close.started
DEBUG 2026-06-14 16:37:45 re/_trace.py:47 close.complete
DEBUG 2026-06-14 16:37:45 re/_trace.py:47 close.started
DEBUG 2026-06-14 16:37:45 re/_trace.py:47 close.complete
DEBUG 2026-06-14 16:37:45 re/_trace.py:47 close.started
DEBUG 2026-06-14 16:37:45 re/_trace.py:47 close.complete
DEBUG 2026-06-14 16:37:45 re/_trace.py:47 close.started
DEBUG 2026-06-14 16:37:45 re/_trace.py:47 close.complete
DEBUG 2026-06-14 16:37:45 re/_trace.py:47 close.started
DEBUG 2026-06-14 16:37:45 re/_trace.py:47 close.complete
DEBUG 2026-06-14 16:37:45 re/_trace.py:47 close.started
DEBUG 2026-06-14 16:37:45 re/_trace.py:47 close.complete
DEBUG 2026-06-14 16:41:24 re/_trace.py:47 close.started
DEBUG 2026-06-14 16:41:24 re/_trace.py:47 close.complete
DEBUG 2026-06-14 16:41:24 re/_trace.py:47 close.started
DEBUG 2026-06-14 16:41:24 re/_trace.py:47 close.complete
DEBUG 2026-06-14 16:41:24 re/_trace.py:47 close.started
DEBUG 2026-06-14 16:41:24 re/_trace.py:47 close.complete
DEBUG 2026-06-14 16:41:24 re/_trace.py:47 close.started
DEBUG 2026-06-14 16:41:24 re/_trace.py:47 close.complete
DEBUG 2026-06-14 16:41:24 re/_trace.py:47 close.started
DEBUG 2026-06-14 16:41:24 re/_trace.py:47 close.complete
DEBUG 2026-06-14 16:41:24 re/_trace.py:47 close.started
DEBUG 2026-06-14 16:41:24 re/_trace.py:47 close.complete
DEBUG 2026-06-14 16:41:24 re/_trace.py:47 close.started
DEBUG 2026-06-14 16:41:24 re/_trace.py:47 close.complete
DEBUG 2026-06-14 16:41:25 re/_trace.py:47 close.started
DEBUG 2026-06-14 16:41:25 re/_trace.py:47 close.complete
DEBUG 2026-06-14 16:41:25 re/_trace.py:47 close.started
DEBUG 2026-06-14 16:41:25 re/_trace.py:47 close.complete
DEBUG 2026-06-14 16:41:25 re/_trace.py:47 close.started
DEBUG 2026-06-14 16:41:25 re/_trace.py:47 close.complete
DEBUG 2026-06-14 16:45:07 re/_trace.py:47 close.started
DEBUG 2026-06-14 16:45:07 re/_trace.py:47 close.complete
DEBUG 2026-06-14 16:45:07 re/_trace.py:47 close.started
DEBUG 2026-06-14 16:45:07 re/_trace.py:47 close.complete
DEBUG 2026-06-14 16:45:07 re/_trace.py:47 close.started
DEBUG 2026-06-14 16:45:07 re/_trace.py:47 close.complete
DEBUG 2026-06-14 16:45:07 re/_trace.py:47 close.started
DEBUG 2026-06-14 16:45:07 re/_trace.py:47 close.complete
DEBUG 2026-06-14 16:45:07 re/_trace.py:47 close.started
DEBUG 2026-06-14 16:45:07 re/_trace.py:47 close.complete
DEBUG 2026-06-14 16:45:07 re/_trace.py:47 close.started
DEBUG 2026-06-14 16:45:07 re/_trace.py:47 close.complete
DEBUG 2026-06-14 16:45:07 re/_trace.py:47 close.started
DEBUG 2026-06-14 16:45:07 re/_trace.py:47 close.complete
DEBUG 2026-06-14 16:45:07 re/_trace.py:47 close.started
DEBUG 2026-06-14 16:45:07 re/_trace.py:47 close.complete
DEBUG 2026-06-14 16:45:07 re/_trace.py:47 close.started
DEBUG 2026-06-14 16:45:07 re/_trace.py:47 close.complete
DEBUG 2026-06-14 16:45:07 re/_trace.py:47 close.started
DEBUG 2026-06-14 16:45:07 re/_trace.py:47 close.complete
INFO 2026-06-14 16:47:39 ot_train.py:459 step:25K smpl:18M ep:24K epch:486.41 loss:0.001 grdn:0.083 lr:1.0e-05 updt_s:3.611 data_s:0.667
WARNING 2026-06-14 16:47:39 db_utils.py:181 WandB logging of key "loss_per_dim" was ignored as its type "<class 'list'>" is not handled by this wrapper.
DEBUG 2026-06-14 16:48:48 re/_trace.py:47 close.started
DEBUG 2026-06-14 16:48:48 re/_trace.py:47 close.complete
DEBUG 2026-06-14 16:48:48 re/_trace.py:47 close.started
DEBUG 2026-06-14 16:48:48 re/_trace.py:47 close.complete
DEBUG 2026-06-14 16:48:48 re/_trace.py:47 close.started
DEBUG 2026-06-14 16:48:48 re/_trace.py:47 close.complete
DEBUG 2026-06-14 16:48:48 re/_trace.py:47 close.started
DEBUG 2026-06-14 16:48:48 re/_trace.py:47 close.complete
DEBUG 2026-06-14 16:48:48 re/_trace.py:47 close.started
DEBUG 2026-06-14 16:48:48 re/_trace.py:47 close.complete
DEBUG 2026-06-14 16:48:48 re/_trace.py:47 close.started
DEBUG 2026-06-14 16:48:48 re/_trace.py:47 close.complete
DEBUG 2026-06-14 16:48:48 re/_trace.py:47 close.started
DEBUG 2026-06-14 16:48:48 re/_trace.py:47 close.complete
DEBUG 2026-06-14 16:48:48 re/_trace.py:47 close.started
DEBUG 2026-06-14 16:48:48 re/_trace.py:47 close.complete
DEBUG 2026-06-14 16:48:48 re/_trace.py:47 close.started
DEBUG 2026-06-14 16:48:48 re/_trace.py:47 close.complete
DEBUG 2026-06-14 16:48:48 re/_trace.py:47 close.started
DEBUG 2026-06-14 16:48:48 re/_trace.py:47 close.complete
DEBUG 2026-06-14 16:52:29 re/_trace.py:47 close.started
DEBUG 2026-06-14 16:52:29 re/_trace.py:47 close.complete
DEBUG 2026-06-14 16:52:29 re/_trace.py:47 close.started
DEBUG 2026-06-14 16:52:29 re/_trace.py:47 close.complete
DEBUG 2026-06-14 16:52:29 re/_trace.py:47 close.started
DEBUG 2026-06-14 16:52:29 re/_trace.py:47 close.complete
DEBUG 2026-06-14 16:52:29 re/_trace.py:47 close.started
DEBUG 2026-06-14 16:52:29 re/_trace.py:47 close.complete
DEBUG 2026-06-14 16:52:29 re/_trace.py:47 close.started
DEBUG 2026-06-14 16:52:29 re/_trace.py:47 close.complete
DEBUG 2026-06-14 16:52:29 re/_trace.py:47 close.started
DEBUG 2026-06-14 16:52:29 re/_trace.py:47 close.complete
DEBUG 2026-06-14 16:52:29 re/_trace.py:47 close.started
DEBUG 2026-06-14 16:52:29 re/_trace.py:47 close.complete
DEBUG 2026-06-14 16:52:29 re/_trace.py:47 close.started
DEBUG 2026-06-14 16:52:29 re/_trace.py:47 close.complete
DEBUG 2026-06-14 16:52:29 re/_trace.py:47 close.started
DEBUG 2026-06-14 16:52:29 re/_trace.py:47 close.complete
DEBUG 2026-06-14 16:52:29 re/_trace.py:47 close.started
DEBUG 2026-06-14 16:52:29 re/_trace.py:47 close.complete
DEBUG 2026-06-14 16:56:08 re/_trace.py:47 close.started
DEBUG 2026-06-14 16:56:08 re/_trace.py:47 close.complete
DEBUG 2026-06-14 16:56:08 re/_trace.py:47 close.started
DEBUG 2026-06-14 16:56:08 re/_trace.py:47 close.complete
DEBUG 2026-06-14 16:56:08 re/_trace.py:47 close.started
DEBUG 2026-06-14 16:56:08 re/_trace.py:47 close.complete
DEBUG 2026-06-14 16:56:08 re/_trace.py:47 close.started
DEBUG 2026-06-14 16:56:08 re/_trace.py:47 close.complete
DEBUG 2026-06-14 16:56:08 re/_trace.py:47 close.started
DEBUG 2026-06-14 16:56:08 re/_trace.py:47 close.complete
DEBUG 2026-06-14 16:56:08 re/_trace.py:47 close.started
DEBUG 2026-06-14 16:56:08 re/_trace.py:47 close.complete
DEBUG 2026-06-14 16:56:09 re/_trace.py:47 close.started
DEBUG 2026-06-14 16:56:09 re/_trace.py:47 close.complete
DEBUG 2026-06-14 16:56:09 re/_trace.py:47 close.started
DEBUG 2026-06-14 16:56:09 re/_trace.py:47 close.complete
DEBUG 2026-06-14 16:56:09 re/_trace.py:47 close.started
DEBUG 2026-06-14 16:56:09 re/_trace.py:47 close.complete
DEBUG 2026-06-14 16:56:09 re/_trace.py:47 close.started
DEBUG 2026-06-14 16:56:09 re/_trace.py:47 close.complete
DEBUG 2026-06-14 16:59:48 re/_trace.py:47 close.started
DEBUG 2026-06-14 16:59:48 re/_trace.py:47 close.complete
DEBUG 2026-06-14 16:59:48 re/_trace.py:47 close.started
DEBUG 2026-06-14 16:59:48 re/_trace.py:47 close.complete
DEBUG 2026-06-14 16:59:48 re/_trace.py:47 close.started
DEBUG 2026-06-14 16:59:48 re/_trace.py:47 close.complete
DEBUG 2026-06-14 16:59:48 re/_trace.py:47 close.started
DEBUG 2026-06-14 16:59:48 re/_trace.py:47 close.complete
DEBUG 2026-06-14 16:59:48 re/_trace.py:47 close.started
DEBUG 2026-06-14 16:59:48 re/_trace.py:47 close.complete
DEBUG 2026-06-14 16:59:49 re/_trace.py:47 close.started
DEBUG 2026-06-14 16:59:49 re/_trace.py:47 close.complete
DEBUG 2026-06-14 16:59:49 re/_trace.py:47 close.started
DEBUG 2026-06-14 16:59:49 re/_trace.py:47 close.complete
DEBUG 2026-06-14 16:59:49 re/_trace.py:47 close.started
DEBUG 2026-06-14 16:59:49 re/_trace.py:47 close.complete
DEBUG 2026-06-14 16:59:49 re/_trace.py:47 close.started
DEBUG 2026-06-14 16:59:49 re/_trace.py:47 close.complete
DEBUG 2026-06-14 16:59:49 re/_trace.py:47 close.started
DEBUG 2026-06-14 16:59:49 re/_trace.py:47 close.complete
INFO 2026-06-14 17:01:51 ot_train.py:459 step:25K smpl:18M ep:25K epch:490.27 loss:0.001 grdn:0.080 lr:9.5e-06 updt_s:3.563 data_s:0.695
WARNING 2026-06-14 17:01:51 db_utils.py:181 WandB logging of key "loss_per_dim" was ignored as its type "<class 'list'>" is not handled by this wrapper.
DEBUG 2026-06-14 17:03:28 re/_trace.py:47 close.started
DEBUG 2026-06-14 17:03:28 re/_trace.py:47 close.complete
DEBUG 2026-06-14 17:03:28 re/_trace.py:47 close.started
DEBUG 2026-06-14 17:03:28 re/_trace.py:47 close.complete
DEBUG 2026-06-14 17:03:28 re/_trace.py:47 close.started
DEBUG 2026-06-14 17:03:28 re/_trace.py:47 close.complete
DEBUG 2026-06-14 17:03:28 re/_trace.py:47 close.started
DEBUG 2026-06-14 17:03:28 re/_trace.py:47 close.complete
DEBUG 2026-06-14 17:03:28 re/_trace.py:47 close.started
DEBUG 2026-06-14 17:03:28 re/_trace.py:47 close.complete
DEBUG 2026-06-14 17:03:29 re/_trace.py:47 close.started
DEBUG 2026-06-14 17:03:29 re/_trace.py:47 close.complete
DEBUG 2026-06-14 17:03:29 re/_trace.py:47 close.started
DEBUG 2026-06-14 17:03:29 re/_trace.py:47 close.complete
DEBUG 2026-06-14 17:03:29 re/_trace.py:47 close.started
DEBUG 2026-06-14 17:03:29 re/_trace.py:47 close.complete
DEBUG 2026-06-14 17:03:29 re/_trace.py:47 close.started
DEBUG 2026-06-14 17:03:29 re/_trace.py:47 close.complete
DEBUG 2026-06-14 17:03:29 re/_trace.py:47 close.started
DEBUG 2026-06-14 17:03:29 re/_trace.py:47 close.complete
DEBUG 2026-06-14 17:07:09 re/_trace.py:47 close.started
DEBUG 2026-06-14 17:07:09 re/_trace.py:47 close.complete
DEBUG 2026-06-14 17:07:09 re/_trace.py:47 close.started
DEBUG 2026-06-14 17:07:09 re/_trace.py:47 close.complete
DEBUG 2026-06-14 17:07:09 re/_trace.py:47 close.started
DEBUG 2026-06-14 17:07:09 re/_trace.py:47 close.complete
DEBUG 2026-06-14 17:07:09 re/_trace.py:47 close.started
DEBUG 2026-06-14 17:07:09 re/_trace.py:47 close.complete
DEBUG 2026-06-14 17:07:09 re/_trace.py:47 close.started
DEBUG 2026-06-14 17:07:09 re/_trace.py:47 close.complete
DEBUG 2026-06-14 17:07:09 re/_trace.py:47 close.started
DEBUG 2026-06-14 17:07:09 re/_trace.py:47 close.complete
DEBUG 2026-06-14 17:07:09 re/_trace.py:47 close.started
DEBUG 2026-06-14 17:07:09 re/_trace.py:47 close.complete
DEBUG 2026-06-14 17:07:09 re/_trace.py:47 close.started
DEBUG 2026-06-14 17:07:09 re/_trace.py:47 close.complete
DEBUG 2026-06-14 17:07:09 re/_trace.py:47 close.started
DEBUG 2026-06-14 17:07:09 re/_trace.py:47 close.complete
DEBUG 2026-06-14 17:07:09 re/_trace.py:47 close.started
DEBUG 2026-06-14 17:07:09 re/_trace.py:47 close.complete
DEBUG 2026-06-14 17:10:47 re/_trace.py:47 close.started
DEBUG 2026-06-14 17:10:47 re/_trace.py:47 close.complete
DEBUG 2026-06-14 17:10:47 re/_trace.py:47 close.started
DEBUG 2026-06-14 17:10:47 re/_trace.py:47 close.complete
DEBUG 2026-06-14 17:10:47 re/_trace.py:47 close.started
DEBUG 2026-06-14 17:10:47 re/_trace.py:47 close.complete
DEBUG 2026-06-14 17:10:47 re/_trace.py:47 close.started
DEBUG 2026-06-14 17:10:47 re/_trace.py:47 close.complete
DEBUG 2026-06-14 17:10:47 re/_trace.py:47 close.started
DEBUG 2026-06-14 17:10:47 re/_trace.py:47 close.complete
DEBUG 2026-06-14 17:10:47 re/_trace.py:47 close.started
DEBUG 2026-06-14 17:10:47 re/_trace.py:47 close.complete
DEBUG 2026-06-14 17:10:48 re/_trace.py:47 close.started
DEBUG 2026-06-14 17:10:48 re/_trace.py:47 close.complete
DEBUG 2026-06-14 17:10:48 re/_trace.py:47 close.started
DEBUG 2026-06-14 17:10:48 re/_trace.py:47 close.complete
DEBUG 2026-06-14 17:10:48 re/_trace.py:47 close.started
DEBUG 2026-06-14 17:10:48 re/_trace.py:47 close.complete
DEBUG 2026-06-14 17:10:48 re/_trace.py:47 close.started
DEBUG 2026-06-14 17:10:48 re/_trace.py:47 close.complete
DEBUG 2026-06-14 17:14:28 re/_trace.py:47 close.started
DEBUG 2026-06-14 17:14:28 re/_trace.py:47 close.complete
DEBUG 2026-06-14 17:14:28 re/_trace.py:47 close.started
DEBUG 2026-06-14 17:14:28 re/_trace.py:47 close.complete
DEBUG 2026-06-14 17:14:28 re/_trace.py:47 close.started
DEBUG 2026-06-14 17:14:28 re/_trace.py:47 close.complete
DEBUG 2026-06-14 17:14:28 re/_trace.py:47 close.started
DEBUG 2026-06-14 17:14:28 re/_trace.py:47 close.complete
DEBUG 2026-06-14 17:14:28 re/_trace.py:47 close.started
DEBUG 2026-06-14 17:14:28 re/_trace.py:47 close.complete
DEBUG 2026-06-14 17:14:28 re/_trace.py:47 close.started
DEBUG 2026-06-14 17:14:28 re/_trace.py:47 close.complete
DEBUG 2026-06-14 17:14:28 re/_trace.py:47 close.started
DEBUG 2026-06-14 17:14:28 re/_trace.py:47 close.complete
DEBUG 2026-06-14 17:14:28 re/_trace.py:47 close.started
DEBUG 2026-06-14 17:14:28 re/_trace.py:47 close.complete
DEBUG 2026-06-14 17:14:28 re/_trace.py:47 close.started
DEBUG 2026-06-14 17:14:28 re/_trace.py:47 close.complete
DEBUG 2026-06-14 17:14:28 re/_trace.py:47 close.started
DEBUG 2026-06-14 17:14:28 re/_trace.py:47 close.complete
INFO 2026-06-14 17:16:03 ot_train.py:459 step:26K smpl:18M ep:25K epch:494.13 loss:0.001 grdn:0.079 lr:8.9e-06 updt_s:3.627 data_s:0.630
WARNING 2026-06-14 17:16:03 db_utils.py:181 WandB logging of key "loss_per_dim" was ignored as its type "<class 'list'>" is not handled by this wrapper.
DEBUG 2026-06-14 17:18:10 re/_trace.py:47 close.started
DEBUG 2026-06-14 17:18:10 re/_trace.py:47 close.complete
DEBUG 2026-06-14 17:18:10 re/_trace.py:47 close.started
DEBUG 2026-06-14 17:18:10 re/_trace.py:47 close.complete
DEBUG 2026-06-14 17:18:10 re/_trace.py:47 close.started
DEBUG 2026-06-14 17:18:10 re/_trace.py:47 close.complete
DEBUG 2026-06-14 17:18:10 re/_trace.py:47 close.started
DEBUG 2026-06-14 17:18:10 re/_trace.py:47 close.complete
DEBUG 2026-06-14 17:18:10 re/_trace.py:47 close.started
DEBUG 2026-06-14 17:18:10 re/_trace.py:47 close.complete
DEBUG 2026-06-14 17:18:10 re/_trace.py:47 close.started
DEBUG 2026-06-14 17:18:10 re/_trace.py:47 close.complete
DEBUG 2026-06-14 17:18:10 re/_trace.py:47 close.started
DEBUG 2026-06-14 17:18:10 re/_trace.py:47 close.complete
DEBUG 2026-06-14 17:18:10 re/_trace.py:47 close.started
DEBUG 2026-06-14 17:18:10 re/_trace.py:47 close.complete
DEBUG 2026-06-14 17:18:10 re/_trace.py:47 close.started
DEBUG 2026-06-14 17:18:10 re/_trace.py:47 close.complete
DEBUG 2026-06-14 17:18:10 re/_trace.py:47 close.started
DEBUG 2026-06-14 17:18:10 re/_trace.py:47 close.complete
DEBUG 2026-06-14 17:21:50 re/_trace.py:47 close.started
DEBUG 2026-06-14 17:21:50 re/_trace.py:47 close.complete
DEBUG 2026-06-14 17:21:50 re/_trace.py:47 close.started
DEBUG 2026-06-14 17:21:50 re/_trace.py:47 close.complete
DEBUG 2026-06-14 17:21:50 re/_trace.py:47 close.started
DEBUG 2026-06-14 17:21:50 re/_trace.py:47 close.complete
DEBUG 2026-06-14 17:21:50 re/_trace.py:47 close.started
DEBUG 2026-06-14 17:21:50 re/_trace.py:47 close.complete
DEBUG 2026-06-14 17:21:50 re/_trace.py:47 close.started
DEBUG 2026-06-14 17:21:50 re/_trace.py:47 close.complete
DEBUG 2026-06-14 17:21:51 re/_trace.py:47 close.started
DEBUG 2026-06-14 17:21:51 re/_trace.py:47 close.complete
DEBUG 2026-06-14 17:21:51 re/_trace.py:47 close.started
DEBUG 2026-06-14 17:21:51 re/_trace.py:47 close.complete
DEBUG 2026-06-14 17:21:51 re/_trace.py:47 close.started
DEBUG 2026-06-14 17:21:51 re/_trace.py:47 close.complete
DEBUG 2026-06-14 17:21:51 re/_trace.py:47 close.started
DEBUG 2026-06-14 17:21:51 re/_trace.py:47 close.complete
DEBUG 2026-06-14 17:21:51 re/_trace.py:47 close.started
DEBUG 2026-06-14 17:21:51 re/_trace.py:47 close.complete
DEBUG 2026-06-14 17:25:30 re/_trace.py:47 close.started
DEBUG 2026-06-14 17:25:30 re/_trace.py:47 close.complete
DEBUG 2026-06-14 17:25:30 re/_trace.py:47 close.started
DEBUG 2026-06-14 17:25:30 re/_trace.py:47 close.complete
DEBUG 2026-06-14 17:25:31 re/_trace.py:47 close.started
DEBUG 2026-06-14 17:25:31 re/_trace.py:47 close.complete
DEBUG 2026-06-14 17:25:31 re/_trace.py:47 close.started
DEBUG 2026-06-14 17:25:31 re/_trace.py:47 close.complete
DEBUG 2026-06-14 17:25:31 re/_trace.py:47 close.started
DEBUG 2026-06-14 17:25:31 re/_trace.py:47 close.complete
DEBUG 2026-06-14 17:25:31 re/_trace.py:47 close.started
DEBUG 2026-06-14 17:25:31 re/_trace.py:47 close.complete
DEBUG 2026-06-14 17:25:31 re/_trace.py:47 close.started
DEBUG 2026-06-14 17:25:31 re/_trace.py:47 close.complete
DEBUG 2026-06-14 17:25:31 re/_trace.py:47 close.started
DEBUG 2026-06-14 17:25:31 re/_trace.py:47 close.complete
DEBUG 2026-06-14 17:25:31 re/_trace.py:47 close.started
DEBUG 2026-06-14 17:25:31 re/_trace.py:47 close.complete
DEBUG 2026-06-14 17:25:31 re/_trace.py:47 close.started
DEBUG 2026-06-14 17:25:31 re/_trace.py:47 close.complete
DEBUG 2026-06-14 17:29:11 re/_trace.py:47 close.started
DEBUG 2026-06-14 17:29:11 re/_trace.py:47 close.complete
DEBUG 2026-06-14 17:29:11 re/_trace.py:47 close.started
DEBUG 2026-06-14 17:29:11 re/_trace.py:47 close.complete
DEBUG 2026-06-14 17:29:11 re/_trace.py:47 close.started
DEBUG 2026-06-14 17:29:11 re/_trace.py:47 close.complete
DEBUG 2026-06-14 17:29:12 re/_trace.py:47 close.started
DEBUG 2026-06-14 17:29:12 re/_trace.py:47 close.complete
DEBUG 2026-06-14 17:29:12 re/_trace.py:47 close.started
DEBUG 2026-06-14 17:29:12 re/_trace.py:47 close.complete
DEBUG 2026-06-14 17:29:12 re/_trace.py:47 close.started
DEBUG 2026-06-14 17:29:12 re/_trace.py:47 close.complete
DEBUG 2026-06-14 17:29:12 re/_trace.py:47 close.started
DEBUG 2026-06-14 17:29:12 re/_trace.py:47 close.complete
DEBUG 2026-06-14 17:29:12 re/_trace.py:47 close.started
DEBUG 2026-06-14 17:29:12 re/_trace.py:47 close.complete
DEBUG 2026-06-14 17:29:12 re/_trace.py:47 close.started
DEBUG 2026-06-14 17:29:12 re/_trace.py:47 close.complete
DEBUG 2026-06-14 17:29:12 re/_trace.py:47 close.started
DEBUG 2026-06-14 17:29:12 re/_trace.py:47 close.complete
INFO 2026-06-14 17:30:17 ot_train.py:459 step:26K smpl:18M ep:25K epch:497.99 loss:0.001 grdn:0.078 lr:8.4e-06 updt_s:3.562 data_s:0.701
WARNING 2026-06-14 17:30:17 db_utils.py:181 WandB logging of key "loss_per_dim" was ignored as its type "<class 'list'>" is not handled by this wrapper.
DEBUG 2026-06-14 17:32:52 re/_trace.py:47 close.started
DEBUG 2026-06-14 17:32:52 re/_trace.py:47 close.complete
DEBUG 2026-06-14 17:32:52 re/_trace.py:47 close.started
DEBUG 2026-06-14 17:32:52 re/_trace.py:47 close.complete
DEBUG 2026-06-14 17:32:52 re/_trace.py:47 close.started
DEBUG 2026-06-14 17:32:52 re/_trace.py:47 close.complete
DEBUG 2026-06-14 17:32:52 re/_trace.py:47 close.started
DEBUG 2026-06-14 17:32:52 re/_trace.py:47 close.complete
DEBUG 2026-06-14 17:32:52 re/_trace.py:47 close.started
DEBUG 2026-06-14 17:32:52 re/_trace.py:47 close.complete
DEBUG 2026-06-14 17:32:52 re/_trace.py:47 close.started
DEBUG 2026-06-14 17:32:52 re/_trace.py:47 close.complete
DEBUG 2026-06-14 17:32:52 re/_trace.py:47 close.started
DEBUG 2026-06-14 17:32:52 re/_trace.py:47 close.complete
DEBUG 2026-06-14 17:32:52 re/_trace.py:47 close.started
DEBUG 2026-06-14 17:32:52 re/_trace.py:47 close.complete
DEBUG 2026-06-14 17:32:52 re/_trace.py:47 close.started
DEBUG 2026-06-14 17:32:52 re/_trace.py:47 close.complete
DEBUG 2026-06-14 17:32:52 re/_trace.py:47 close.started
DEBUG 2026-06-14 17:32:52 re/_trace.py:47 close.complete
DEBUG 2026-06-14 17:36:30 re/_trace.py:47 close.started
DEBUG 2026-06-14 17:36:30 re/_trace.py:47 close.complete
DEBUG 2026-06-14 17:36:30 re/_trace.py:47 close.started
DEBUG 2026-06-14 17:36:30 re/_trace.py:47 close.complete
DEBUG 2026-06-14 17:36:30 re/_trace.py:47 close.started
DEBUG 2026-06-14 17:36:30 re/_trace.py:47 close.complete
DEBUG 2026-06-14 17:36:30 re/_trace.py:47 close.started
DEBUG 2026-06-14 17:36:30 re/_trace.py:47 close.complete
DEBUG 2026-06-14 17:36:31 re/_trace.py:47 close.started
DEBUG 2026-06-14 17:36:31 re/_trace.py:47 close.complete
DEBUG 2026-06-14 17:36:31 re/_trace.py:47 close.started
DEBUG 2026-06-14 17:36:31 re/_trace.py:47 close.complete
DEBUG 2026-06-14 17:36:31 re/_trace.py:47 close.started
DEBUG 2026-06-14 17:36:31 re/_trace.py:47 close.complete
DEBUG 2026-06-14 17:36:31 re/_trace.py:47 close.started
DEBUG 2026-06-14 17:36:31 re/_trace.py:47 close.complete
DEBUG 2026-06-14 17:36:31 re/_trace.py:47 close.started
DEBUG 2026-06-14 17:36:31 re/_trace.py:47 close.complete
DEBUG 2026-06-14 17:36:31 re/_trace.py:47 close.started
DEBUG 2026-06-14 17:36:31 re/_trace.py:47 close.complete
DEBUG 2026-06-14 17:40:09 re/_trace.py:47 close.started
DEBUG 2026-06-14 17:40:09 re/_trace.py:47 close.complete
DEBUG 2026-06-14 17:40:09 re/_trace.py:47 close.started
DEBUG 2026-06-14 17:40:09 re/_trace.py:47 close.complete
DEBUG 2026-06-14 17:40:09 re/_trace.py:47 close.started
DEBUG 2026-06-14 17:40:09 re/_trace.py:47 close.complete
DEBUG 2026-06-14 17:40:09 re/_trace.py:47 close.started
DEBUG 2026-06-14 17:40:09 re/_trace.py:47 close.complete
DEBUG 2026-06-14 17:40:09 re/_trace.py:47 close.started
DEBUG 2026-06-14 17:40:09 re/_trace.py:47 close.complete
DEBUG 2026-06-14 17:40:09 re/_trace.py:47 close.started
DEBUG 2026-06-14 17:40:09 re/_trace.py:47 close.complete
DEBUG 2026-06-14 17:40:09 re/_trace.py:47 close.started
DEBUG 2026-06-14 17:40:09 re/_trace.py:47 close.complete
DEBUG 2026-06-14 17:40:09 re/_trace.py:47 close.started
DEBUG 2026-06-14 17:40:09 re/_trace.py:47 close.complete
DEBUG 2026-06-14 17:40:09 re/_trace.py:47 close.started
DEBUG 2026-06-14 17:40:09 re/_trace.py:47 close.complete
DEBUG 2026-06-14 17:40:09 re/_trace.py:47 close.started
DEBUG 2026-06-14 17:40:09 re/_trace.py:47 close.complete
INFO 2026-06-14 17:43:49 ot_train.py:459 step:26K smpl:18M ep:25K epch:501.85 loss:0.001 grdn:0.074 lr:7.8e-06 updt_s:3.537 data_s:0.520
WARNING 2026-06-14 17:43:49 db_utils.py:181 WandB logging of key "loss_per_dim" was ignored as its type "<class 'list'>" is not handled by this wrapper.
DEBUG 2026-06-14 17:43:49 re/_trace.py:47 close.started
DEBUG 2026-06-14 17:43:49 re/_trace.py:47 close.complete
DEBUG 2026-06-14 17:43:49 re/_trace.py:47 close.started
DEBUG 2026-06-14 17:43:49 re/_trace.py:47 close.complete
DEBUG 2026-06-14 17:43:49 re/_trace.py:47 close.started
DEBUG 2026-06-14 17:43:49 re/_trace.py:47 close.complete
DEBUG 2026-06-14 17:43:49 re/_trace.py:47 close.started
DEBUG 2026-06-14 17:43:49 re/_trace.py:47 close.complete
DEBUG 2026-06-14 17:43:49 re/_trace.py:47 close.started
DEBUG 2026-06-14 17:43:49 re/_trace.py:47 close.complete
DEBUG 2026-06-14 17:43:49 re/_trace.py:47 close.started
DEBUG 2026-06-14 17:43:49 re/_trace.py:47 close.complete
DEBUG 2026-06-14 17:43:49 re/_trace.py:47 close.started
DEBUG 2026-06-14 17:43:49 re/_trace.py:47 close.complete
DEBUG 2026-06-14 17:43:49 re/_trace.py:47 close.started
DEBUG 2026-06-14 17:43:49 re/_trace.py:47 close.complete
DEBUG 2026-06-14 17:43:49 re/_trace.py:47 close.started
DEBUG 2026-06-14 17:43:49 re/_trace.py:47 close.complete
DEBUG 2026-06-14 17:43:49 re/_trace.py:47 close.started
DEBUG 2026-06-14 17:43:49 re/_trace.py:47 close.complete
DEBUG 2026-06-14 17:47:30 re/_trace.py:47 close.started
DEBUG 2026-06-14 17:47:30 re/_trace.py:47 close.complete
DEBUG 2026-06-14 17:47:30 re/_trace.py:47 close.started
DEBUG 2026-06-14 17:47:30 re/_trace.py:47 close.complete
DEBUG 2026-06-14 17:47:30 re/_trace.py:47 close.started
DEBUG 2026-06-14 17:47:30 re/_trace.py:47 close.complete
DEBUG 2026-06-14 17:47:30 re/_trace.py:47 close.started
DEBUG 2026-06-14 17:47:30 re/_trace.py:47 close.complete
DEBUG 2026-06-14 17:47:30 re/_trace.py:47 close.started
DEBUG 2026-06-14 17:47:30 re/_trace.py:47 close.complete
DEBUG 2026-06-14 17:47:30 re/_trace.py:47 close.started
DEBUG 2026-06-14 17:47:30 re/_trace.py:47 close.complete
DEBUG 2026-06-14 17:47:30 re/_trace.py:47 close.started
DEBUG 2026-06-14 17:47:30 re/_trace.py:47 close.complete
DEBUG 2026-06-14 17:47:30 re/_trace.py:47 close.started
DEBUG 2026-06-14 17:47:30 re/_trace.py:47 close.complete
DEBUG 2026-06-14 17:47:30 re/_trace.py:47 close.started
DEBUG 2026-06-14 17:47:30 re/_trace.py:47 close.complete
DEBUG 2026-06-14 17:47:30 re/_trace.py:47 close.started
DEBUG 2026-06-14 17:47:30 re/_trace.py:47 close.complete
DEBUG 2026-06-14 17:51:12 re/_trace.py:47 close.started
DEBUG 2026-06-14 17:51:12 re/_trace.py:47 close.complete
DEBUG 2026-06-14 17:51:12 re/_trace.py:47 close.started
DEBUG 2026-06-14 17:51:12 re/_trace.py:47 close.complete
DEBUG 2026-06-14 17:51:12 re/_trace.py:47 close.started
DEBUG 2026-06-14 17:51:12 re/_trace.py:47 close.complete
DEBUG 2026-06-14 17:51:12 re/_trace.py:47 close.started
DEBUG 2026-06-14 17:51:12 re/_trace.py:47 close.complete
DEBUG 2026-06-14 17:51:13 re/_trace.py:47 close.started
DEBUG 2026-06-14 17:51:13 re/_trace.py:47 close.complete
DEBUG 2026-06-14 17:51:13 re/_trace.py:47 close.started
DEBUG 2026-06-14 17:51:13 re/_trace.py:47 close.complete
DEBUG 2026-06-14 17:51:13 re/_trace.py:47 close.started
DEBUG 2026-06-14 17:51:13 re/_trace.py:47 close.complete
DEBUG 2026-06-14 17:51:13 re/_trace.py:47 close.started
DEBUG 2026-06-14 17:51:13 re/_trace.py:47 close.complete
DEBUG 2026-06-14 17:51:13 re/_trace.py:47 close.started
DEBUG 2026-06-14 17:51:13 re/_trace.py:47 close.complete
DEBUG 2026-06-14 17:51:13 re/_trace.py:47 close.started
DEBUG 2026-06-14 17:51:13 re/_trace.py:47 close.complete
DEBUG 2026-06-14 17:54:52 re/_trace.py:47 close.started
DEBUG 2026-06-14 17:54:52 re/_trace.py:47 close.complete
DEBUG 2026-06-14 17:54:53 re/_trace.py:47 close.started
DEBUG 2026-06-14 17:54:53 re/_trace.py:47 close.complete
DEBUG 2026-06-14 17:54:53 re/_trace.py:47 close.started
DEBUG 2026-06-14 17:54:53 re/_trace.py:47 close.complete
DEBUG 2026-06-14 17:54:53 re/_trace.py:47 close.started
DEBUG 2026-06-14 17:54:53 re/_trace.py:47 close.complete
DEBUG 2026-06-14 17:54:53 re/_trace.py:47 close.started
DEBUG 2026-06-14 17:54:53 re/_trace.py:47 close.complete
DEBUG 2026-06-14 17:54:53 re/_trace.py:47 close.started
DEBUG 2026-06-14 17:54:53 re/_trace.py:47 close.complete
DEBUG 2026-06-14 17:54:53 re/_trace.py:47 close.started
DEBUG 2026-06-14 17:54:53 re/_trace.py:47 close.complete
DEBUG 2026-06-14 17:54:53 re/_trace.py:47 close.started
DEBUG 2026-06-14 17:54:53 re/_trace.py:47 close.complete
DEBUG 2026-06-14 17:54:53 re/_trace.py:47 close.started
DEBUG 2026-06-14 17:54:53 re/_trace.py:47 close.complete
DEBUG 2026-06-14 17:54:53 re/_trace.py:47 close.started
DEBUG 2026-06-14 17:54:53 re/_trace.py:47 close.complete
INFO 2026-06-14 17:58:05 ot_train.py:459 step:26K smpl:18M ep:25K epch:505.71 loss:0.001 grdn:0.072 lr:7.3e-06 updt_s:3.591 data_s:0.683
WARNING 2026-06-14 17:58:05 db_utils.py:181 WandB logging of key "loss_per_dim" was ignored as its type "<class 'list'>" is not handled by this wrapper.
DEBUG 2026-06-14 17:58:33 re/_trace.py:47 close.started
DEBUG 2026-06-14 17:58:33 re/_trace.py:47 close.complete
DEBUG 2026-06-14 17:58:33 re/_trace.py:47 close.started
DEBUG 2026-06-14 17:58:33 re/_trace.py:47 close.complete
DEBUG 2026-06-14 17:58:33 re/_trace.py:47 close.started
DEBUG 2026-06-14 17:58:33 re/_trace.py:47 close.complete
DEBUG 2026-06-14 17:58:33 re/_trace.py:47 close.started
DEBUG 2026-06-14 17:58:33 re/_trace.py:47 close.complete
DEBUG 2026-06-14 17:58:33 re/_trace.py:47 close.started
DEBUG 2026-06-14 17:58:33 re/_trace.py:47 close.complete
DEBUG 2026-06-14 17:58:33 re/_trace.py:47 close.started
DEBUG 2026-06-14 17:58:33 re/_trace.py:47 close.complete
DEBUG 2026-06-14 17:58:33 re/_trace.py:47 close.started
DEBUG 2026-06-14 17:58:33 re/_trace.py:47 close.complete
DEBUG 2026-06-14 17:58:33 re/_trace.py:47 close.started
DEBUG 2026-06-14 17:58:33 re/_trace.py:47 close.complete
DEBUG 2026-06-14 17:58:33 re/_trace.py:47 close.started
DEBUG 2026-06-14 17:58:33 re/_trace.py:47 close.complete
DEBUG 2026-06-14 17:58:33 re/_trace.py:47 close.started
DEBUG 2026-06-14 17:58:33 re/_trace.py:47 close.complete
DEBUG 2026-06-14 18:02:16 re/_trace.py:47 close.started
DEBUG 2026-06-14 18:02:16 re/_trace.py:47 close.complete
DEBUG 2026-06-14 18:02:16 re/_trace.py:47 close.started
DEBUG 2026-06-14 18:02:16 re/_trace.py:47 close.complete
DEBUG 2026-06-14 18:02:16 re/_trace.py:47 close.started
DEBUG 2026-06-14 18:02:16 re/_trace.py:47 close.complete
DEBUG 2026-06-14 18:02:16 re/_trace.py:47 close.started
DEBUG 2026-06-14 18:02:16 re/_trace.py:47 close.complete
DEBUG 2026-06-14 18:02:16 re/_trace.py:47 close.started
DEBUG 2026-06-14 18:02:16 re/_trace.py:47 close.complete
DEBUG 2026-06-14 18:02:16 re/_trace.py:47 close.started
DEBUG 2026-06-14 18:02:16 re/_trace.py:47 close.complete
DEBUG 2026-06-14 18:02:16 re/_trace.py:47 close.started
DEBUG 2026-06-14 18:02:16 re/_trace.py:47 close.complete
DEBUG 2026-06-14 18:02:16 re/_trace.py:47 close.started
DEBUG 2026-06-14 18:02:16 re/_trace.py:47 close.complete
DEBUG 2026-06-14 18:02:16 re/_trace.py:47 close.started
DEBUG 2026-06-14 18:02:16 re/_trace.py:47 close.complete
DEBUG 2026-06-14 18:02:16 re/_trace.py:47 close.started
DEBUG 2026-06-14 18:02:16 re/_trace.py:47 close.complete
DEBUG 2026-06-14 18:05:56 re/_trace.py:47 close.started
DEBUG 2026-06-14 18:05:56 re/_trace.py:47 close.complete
DEBUG 2026-06-14 18:05:56 re/_trace.py:47 close.started
DEBUG 2026-06-14 18:05:56 re/_trace.py:47 close.complete
DEBUG 2026-06-14 18:05:56 re/_trace.py:47 close.started
DEBUG 2026-06-14 18:05:56 re/_trace.py:47 close.complete
DEBUG 2026-06-14 18:05:56 re/_trace.py:47 close.started
DEBUG 2026-06-14 18:05:56 re/_trace.py:47 close.complete
DEBUG 2026-06-14 18:05:56 re/_trace.py:47 close.started
DEBUG 2026-06-14 18:05:56 re/_trace.py:47 close.complete
DEBUG 2026-06-14 18:05:56 re/_trace.py:47 close.started
DEBUG 2026-06-14 18:05:56 re/_trace.py:47 close.complete
DEBUG 2026-06-14 18:05:57 re/_trace.py:47 close.started
DEBUG 2026-06-14 18:05:57 re/_trace.py:47 close.complete
DEBUG 2026-06-14 18:05:57 re/_trace.py:47 close.started
DEBUG 2026-06-14 18:05:57 re/_trace.py:47 close.complete
DEBUG 2026-06-14 18:05:57 re/_trace.py:47 close.started
DEBUG 2026-06-14 18:05:57 re/_trace.py:47 close.complete
DEBUG 2026-06-14 18:05:57 re/_trace.py:47 close.started
DEBUG 2026-06-14 18:05:57 re/_trace.py:47 close.complete
DEBUG 2026-06-14 18:09:38 re/_trace.py:47 close.started
DEBUG 2026-06-14 18:09:38 re/_trace.py:47 close.complete
DEBUG 2026-06-14 18:09:38 re/_trace.py:47 close.started
DEBUG 2026-06-14 18:09:38 re/_trace.py:47 close.complete
DEBUG 2026-06-14 18:09:38 re/_trace.py:47 close.started
DEBUG 2026-06-14 18:09:38 re/_trace.py:47 close.complete
DEBUG 2026-06-14 18:09:38 re/_trace.py:47 close.started
DEBUG 2026-06-14 18:09:38 re/_trace.py:47 close.complete
DEBUG 2026-06-14 18:09:38 re/_trace.py:47 close.started
DEBUG 2026-06-14 18:09:38 re/_trace.py:47 close.complete
DEBUG 2026-06-14 18:09:38 re/_trace.py:47 close.started
DEBUG 2026-06-14 18:09:38 re/_trace.py:47 close.complete
DEBUG 2026-06-14 18:09:38 re/_trace.py:47 close.started
DEBUG 2026-06-14 18:09:38 re/_trace.py:47 close.complete
DEBUG 2026-06-14 18:09:39 re/_trace.py:47 close.started
DEBUG 2026-06-14 18:09:39 re/_trace.py:47 close.complete
DEBUG 2026-06-14 18:09:39 re/_trace.py:47 close.started
DEBUG 2026-06-14 18:09:39 re/_trace.py:47 close.complete
DEBUG 2026-06-14 18:09:39 re/_trace.py:47 close.started
DEBUG 2026-06-14 18:09:39 re/_trace.py:47 close.complete
INFO 2026-06-14 18:12:22 ot_train.py:459 step:26K smpl:19M ep:25K epch:509.57 loss:0.001 grdn:0.072 lr:6.9e-06 updt_s:3.597 data_s:0.686
WARNING 2026-06-14 18:12:22 db_utils.py:181 WandB logging of key "loss_per_dim" was ignored as its type "<class 'list'>" is not handled by this wrapper.
DEBUG 2026-06-14 18:13:17 re/_trace.py:47 close.started
DEBUG 2026-06-14 18:13:17 re/_trace.py:47 close.complete
DEBUG 2026-06-14 18:13:17 re/_trace.py:47 close.started
DEBUG 2026-06-14 18:13:17 re/_trace.py:47 close.complete
DEBUG 2026-06-14 18:13:17 re/_trace.py:47 close.started
DEBUG 2026-06-14 18:13:17 re/_trace.py:47 close.complete
DEBUG 2026-06-14 18:13:17 re/_trace.py:47 close.started
DEBUG 2026-06-14 18:13:17 re/_trace.py:47 close.complete
DEBUG 2026-06-14 18:13:17 re/_trace.py:47 close.started
DEBUG 2026-06-14 18:13:17 re/_trace.py:47 close.complete
DEBUG 2026-06-14 18:13:17 re/_trace.py:47 close.started
DEBUG 2026-06-14 18:13:17 re/_trace.py:47 close.complete
DEBUG 2026-06-14 18:13:17 re/_trace.py:47 close.started
DEBUG 2026-06-14 18:13:17 re/_trace.py:47 close.complete
DEBUG 2026-06-14 18:13:17 re/_trace.py:47 close.started
DEBUG 2026-06-14 18:13:17 re/_trace.py:47 close.complete
DEBUG 2026-06-14 18:13:18 re/_trace.py:47 close.started
DEBUG 2026-06-14 18:13:18 re/_trace.py:47 close.complete
DEBUG 2026-06-14 18:13:18 re/_trace.py:47 close.started
DEBUG 2026-06-14 18:13:18 re/_trace.py:47 close.complete
DEBUG 2026-06-14 18:16:57 re/_trace.py:47 close.started
DEBUG 2026-06-14 18:16:57 re/_trace.py:47 close.complete
DEBUG 2026-06-14 18:16:57 re/_trace.py:47 close.started
DEBUG 2026-06-14 18:16:57 re/_trace.py:47 close.complete
DEBUG 2026-06-14 18:16:57 re/_trace.py:47 close.started
DEBUG 2026-06-14 18:16:57 re/_trace.py:47 close.complete
DEBUG 2026-06-14 18:16:57 re/_trace.py:47 close.started
DEBUG 2026-06-14 18:16:57 re/_trace.py:47 close.complete
DEBUG 2026-06-14 18:16:57 re/_trace.py:47 close.started
DEBUG 2026-06-14 18:16:57 re/_trace.py:47 close.complete
DEBUG 2026-06-14 18:16:57 re/_trace.py:47 close.started
DEBUG 2026-06-14 18:16:57 re/_trace.py:47 close.complete
DEBUG 2026-06-14 18:16:57 re/_trace.py:47 close.started
DEBUG 2026-06-14 18:16:57 re/_trace.py:47 close.complete
DEBUG 2026-06-14 18:16:57 re/_trace.py:47 close.started
DEBUG 2026-06-14 18:16:57 re/_trace.py:47 close.complete
DEBUG 2026-06-14 18:16:57 re/_trace.py:47 close.started
DEBUG 2026-06-14 18:16:57 re/_trace.py:47 close.complete
DEBUG 2026-06-14 18:16:57 re/_trace.py:47 close.started
DEBUG 2026-06-14 18:16:57 re/_trace.py:47 close.complete
DEBUG 2026-06-14 18:20:37 re/_trace.py:47 close.started
DEBUG 2026-06-14 18:20:37 re/_trace.py:47 close.complete
DEBUG 2026-06-14 18:20:37 re/_trace.py:47 close.started
DEBUG 2026-06-14 18:20:37 re/_trace.py:47 close.complete
DEBUG 2026-06-14 18:20:37 re/_trace.py:47 close.started
DEBUG 2026-06-14 18:20:37 re/_trace.py:47 close.complete
DEBUG 2026-06-14 18:20:37 re/_trace.py:47 close.started
DEBUG 2026-06-14 18:20:37 re/_trace.py:47 close.complete
DEBUG 2026-06-14 18:20:37 re/_trace.py:47 close.started
DEBUG 2026-06-14 18:20:37 re/_trace.py:47 close.complete
DEBUG 2026-06-14 18:20:38 re/_trace.py:47 close.started
DEBUG 2026-06-14 18:20:38 re/_trace.py:47 close.complete
DEBUG 2026-06-14 18:20:38 re/_trace.py:47 close.started
DEBUG 2026-06-14 18:20:38 re/_trace.py:47 close.complete
DEBUG 2026-06-14 18:20:38 re/_trace.py:47 close.started
DEBUG 2026-06-14 18:20:38 re/_trace.py:47 close.complete
DEBUG 2026-06-14 18:20:38 re/_trace.py:47 close.started
DEBUG 2026-06-14 18:20:38 re/_trace.py:47 close.complete
DEBUG 2026-06-14 18:20:38 re/_trace.py:47 close.started
DEBUG 2026-06-14 18:20:38 re/_trace.py:47 close.complete
DEBUG 2026-06-14 18:24:18 re/_trace.py:47 close.started
DEBUG 2026-06-14 18:24:18 re/_trace.py:47 close.complete
DEBUG 2026-06-14 18:24:18 re/_trace.py:47 close.started
DEBUG 2026-06-14 18:24:18 re/_trace.py:47 close.complete
DEBUG 2026-06-14 18:24:18 re/_trace.py:47 close.started
DEBUG 2026-06-14 18:24:18 re/_trace.py:47 close.complete
DEBUG 2026-06-14 18:24:18 re/_trace.py:47 close.started
DEBUG 2026-06-14 18:24:18 re/_trace.py:47 close.complete
DEBUG 2026-06-14 18:24:18 re/_trace.py:47 close.started
DEBUG 2026-06-14 18:24:18 re/_trace.py:47 close.complete
DEBUG 2026-06-14 18:24:18 re/_trace.py:47 close.started
DEBUG 2026-06-14 18:24:18 re/_trace.py:47 close.complete
DEBUG 2026-06-14 18:24:18 re/_trace.py:47 close.started
DEBUG 2026-06-14 18:24:18 re/_trace.py:47 close.complete
DEBUG 2026-06-14 18:24:18 re/_trace.py:47 close.started
DEBUG 2026-06-14 18:24:18 re/_trace.py:47 close.complete
DEBUG 2026-06-14 18:24:18 re/_trace.py:47 close.started
DEBUG 2026-06-14 18:24:18 re/_trace.py:47 close.complete
DEBUG 2026-06-14 18:24:18 re/_trace.py:47 close.started
DEBUG 2026-06-14 18:24:18 re/_trace.py:47 close.complete
INFO 2026-06-14 18:26:35 ot_train.py:459 step:27K smpl:19M ep:26K epch:513.43 loss:0.001 grdn:0.070 lr:6.4e-06 updt_s:3.607 data_s:0.655
WARNING 2026-06-14 18:26:35 db_utils.py:181 WandB logging of key "loss_per_dim" was ignored as its type "<class 'list'>" is not handled by this wrapper.
DEBUG 2026-06-14 18:27:58 re/_trace.py:47 close.started
DEBUG 2026-06-14 18:27:58 re/_trace.py:47 close.complete
DEBUG 2026-06-14 18:27:58 re/_trace.py:47 close.started
DEBUG 2026-06-14 18:27:58 re/_trace.py:47 close.complete
DEBUG 2026-06-14 18:27:58 re/_trace.py:47 close.started
DEBUG 2026-06-14 18:27:58 re/_trace.py:47 close.complete
DEBUG 2026-06-14 18:27:58 re/_trace.py:47 close.started
DEBUG 2026-06-14 18:27:58 re/_trace.py:47 close.complete
DEBUG 2026-06-14 18:27:58 re/_trace.py:47 close.started
DEBUG 2026-06-14 18:27:58 re/_trace.py:47 close.complete
DEBUG 2026-06-14 18:27:58 re/_trace.py:47 close.started
DEBUG 2026-06-14 18:27:58 re/_trace.py:47 close.complete
DEBUG 2026-06-14 18:27:58 re/_trace.py:47 close.started
DEBUG 2026-06-14 18:27:58 re/_trace.py:47 close.complete
DEBUG 2026-06-14 18:27:58 re/_trace.py:47 close.started
DEBUG 2026-06-14 18:27:58 re/_trace.py:47 close.complete
DEBUG 2026-06-14 18:27:58 re/_trace.py:47 close.started
DEBUG 2026-06-14 18:27:58 re/_trace.py:47 close.complete
DEBUG 2026-06-14 18:27:59 re/_trace.py:47 close.started
DEBUG 2026-06-14 18:27:59 re/_trace.py:47 close.complete
DEBUG 2026-06-14 18:31:39 re/_trace.py:47 close.started
DEBUG 2026-06-14 18:31:39 re/_trace.py:47 close.complete
DEBUG 2026-06-14 18:31:39 re/_trace.py:47 close.started
DEBUG 2026-06-14 18:31:39 re/_trace.py:47 close.complete
DEBUG 2026-06-14 18:31:39 re/_trace.py:47 close.started
DEBUG 2026-06-14 18:31:39 re/_trace.py:47 close.complete
DEBUG 2026-06-14 18:31:39 re/_trace.py:47 close.started
DEBUG 2026-06-14 18:31:39 re/_trace.py:47 close.complete
DEBUG 2026-06-14 18:31:39 re/_trace.py:47 close.started
DEBUG 2026-06-14 18:31:39 re/_trace.py:47 close.complete
DEBUG 2026-06-14 18:31:39 re/_trace.py:47 close.started
DEBUG 2026-06-14 18:31:39 re/_trace.py:47 close.complete
DEBUG 2026-06-14 18:31:39 re/_trace.py:47 close.started
DEBUG 2026-06-14 18:31:39 re/_trace.py:47 close.complete
DEBUG 2026-06-14 18:31:39 re/_trace.py:47 close.started
DEBUG 2026-06-14 18:31:39 re/_trace.py:47 close.complete
DEBUG 2026-06-14 18:31:39 re/_trace.py:47 close.started
DEBUG 2026-06-14 18:31:39 re/_trace.py:47 close.complete
DEBUG 2026-06-14 18:31:39 re/_trace.py:47 close.started
DEBUG 2026-06-14 18:31:39 re/_trace.py:47 close.complete
DEBUG 2026-06-14 18:35:19 re/_trace.py:47 close.started
DEBUG 2026-06-14 18:35:19 re/_trace.py:47 close.complete
DEBUG 2026-06-14 18:35:19 re/_trace.py:47 close.started
DEBUG 2026-06-14 18:35:19 re/_trace.py:47 close.complete
DEBUG 2026-06-14 18:35:19 re/_trace.py:47 close.started
DEBUG 2026-06-14 18:35:19 re/_trace.py:47 close.complete
DEBUG 2026-06-14 18:35:19 re/_trace.py:47 close.started
DEBUG 2026-06-14 18:35:19 re/_trace.py:47 close.complete
DEBUG 2026-06-14 18:35:20 re/_trace.py:47 close.started
DEBUG 2026-06-14 18:35:20 re/_trace.py:47 close.complete
DEBUG 2026-06-14 18:35:20 re/_trace.py:47 close.started
DEBUG 2026-06-14 18:35:20 re/_trace.py:47 close.complete
DEBUG 2026-06-14 18:35:20 re/_trace.py:47 close.started
DEBUG 2026-06-14 18:35:20 re/_trace.py:47 close.complete
DEBUG 2026-06-14 18:35:20 re/_trace.py:47 close.started
DEBUG 2026-06-14 18:35:20 re/_trace.py:47 close.complete
DEBUG 2026-06-14 18:35:20 re/_trace.py:47 close.started
DEBUG 2026-06-14 18:35:20 re/_trace.py:47 close.complete
DEBUG 2026-06-14 18:35:20 re/_trace.py:47 close.started
DEBUG 2026-06-14 18:35:20 re/_trace.py:47 close.complete
DEBUG 2026-06-14 18:39:02 re/_trace.py:47 close.started
DEBUG 2026-06-14 18:39:02 re/_trace.py:47 close.complete
DEBUG 2026-06-14 18:39:02 re/_trace.py:47 close.started
DEBUG 2026-06-14 18:39:02 re/_trace.py:47 close.complete
DEBUG 2026-06-14 18:39:02 re/_trace.py:47 close.started
DEBUG 2026-06-14 18:39:02 re/_trace.py:47 close.complete
DEBUG 2026-06-14 18:39:02 re/_trace.py:47 close.started
DEBUG 2026-06-14 18:39:02 re/_trace.py:47 close.complete
DEBUG 2026-06-14 18:39:02 re/_trace.py:47 close.started
DEBUG 2026-06-14 18:39:02 re/_trace.py:47 close.complete
DEBUG 2026-06-14 18:39:02 re/_trace.py:47 close.started
DEBUG 2026-06-14 18:39:02 re/_trace.py:47 close.complete
DEBUG 2026-06-14 18:39:02 re/_trace.py:47 close.started
DEBUG 2026-06-14 18:39:02 re/_trace.py:47 close.complete
DEBUG 2026-06-14 18:39:02 re/_trace.py:47 close.started
DEBUG 2026-06-14 18:39:02 re/_trace.py:47 close.complete
DEBUG 2026-06-14 18:39:02 re/_trace.py:47 close.started
DEBUG 2026-06-14 18:39:02 re/_trace.py:47 close.complete
DEBUG 2026-06-14 18:39:02 re/_trace.py:47 close.started
DEBUG 2026-06-14 18:39:02 re/_trace.py:47 close.complete
INFO 2026-06-14 18:40:51 ot_train.py:459 step:27K smpl:19M ep:26K epch:517.29 loss:0.001 grdn:0.063 lr:6.0e-06 updt_s:3.625 data_s:0.650
WARNING 2026-06-14 18:40:51 db_utils.py:181 WandB logging of key "loss_per_dim" was ignored as its type "<class 'list'>" is not handled by this wrapper.
DEBUG 2026-06-14 18:42:43 re/_trace.py:47 close.started
DEBUG 2026-06-14 18:42:43 re/_trace.py:47 close.complete
DEBUG 2026-06-14 18:42:43 re/_trace.py:47 close.started
DEBUG 2026-06-14 18:42:43 re/_trace.py:47 close.complete
DEBUG 2026-06-14 18:42:43 re/_trace.py:47 close.started
DEBUG 2026-06-14 18:42:43 re/_trace.py:47 close.complete
DEBUG 2026-06-14 18:42:43 re/_trace.py:47 close.started
DEBUG 2026-06-14 18:42:43 re/_trace.py:47 close.complete
DEBUG 2026-06-14 18:42:43 re/_trace.py:47 close.started
DEBUG 2026-06-14 18:42:43 re/_trace.py:47 close.complete
DEBUG 2026-06-14 18:42:43 re/_trace.py:47 close.started
DEBUG 2026-06-14 18:42:43 re/_trace.py:47 close.complete
DEBUG 2026-06-14 18:42:43 re/_trace.py:47 close.started
DEBUG 2026-06-14 18:42:43 re/_trace.py:47 close.complete
DEBUG 2026-06-14 18:42:43 re/_trace.py:47 close.started
DEBUG 2026-06-14 18:42:43 re/_trace.py:47 close.complete
DEBUG 2026-06-14 18:42:43 re/_trace.py:47 close.started
DEBUG 2026-06-14 18:42:43 re/_trace.py:47 close.complete
DEBUG 2026-06-14 18:42:43 re/_trace.py:47 close.started
DEBUG 2026-06-14 18:42:43 re/_trace.py:47 close.complete
DEBUG 2026-06-14 18:46:23 re/_trace.py:47 close.started
DEBUG 2026-06-14 18:46:23 re/_trace.py:47 close.complete
DEBUG 2026-06-14 18:46:23 re/_trace.py:47 close.started
DEBUG 2026-06-14 18:46:23 re/_trace.py:47 close.complete
DEBUG 2026-06-14 18:46:23 re/_trace.py:47 close.started
DEBUG 2026-06-14 18:46:23 re/_trace.py:47 close.complete
DEBUG 2026-06-14 18:46:23 re/_trace.py:47 close.started
DEBUG 2026-06-14 18:46:23 re/_trace.py:47 close.complete
DEBUG 2026-06-14 18:46:23 re/_trace.py:47 close.started
DEBUG 2026-06-14 18:46:23 re/_trace.py:47 close.complete
DEBUG 2026-06-14 18:46:23 re/_trace.py:47 close.started
DEBUG 2026-06-14 18:46:23 re/_trace.py:47 close.complete
DEBUG 2026-06-14 18:46:23 re/_trace.py:47 close.started
DEBUG 2026-06-14 18:46:23 re/_trace.py:47 close.complete
DEBUG 2026-06-14 18:46:23 re/_trace.py:47 close.started
DEBUG 2026-06-14 18:46:23 re/_trace.py:47 close.complete
DEBUG 2026-06-14 18:46:23 re/_trace.py:47 close.started
DEBUG 2026-06-14 18:46:23 re/_trace.py:47 close.complete
DEBUG 2026-06-14 18:46:23 re/_trace.py:47 close.started
DEBUG 2026-06-14 18:46:23 re/_trace.py:47 close.complete
DEBUG 2026-06-14 18:50:04 re/_trace.py:47 close.started
DEBUG 2026-06-14 18:50:04 re/_trace.py:47 close.complete
DEBUG 2026-06-14 18:50:04 re/_trace.py:47 close.started
DEBUG 2026-06-14 18:50:04 re/_trace.py:47 close.complete
DEBUG 2026-06-14 18:50:04 re/_trace.py:47 close.started
DEBUG 2026-06-14 18:50:04 re/_trace.py:47 close.complete
DEBUG 2026-06-14 18:50:04 re/_trace.py:47 close.started
DEBUG 2026-06-14 18:50:04 re/_trace.py:47 close.complete
DEBUG 2026-06-14 18:50:04 re/_trace.py:47 close.started
DEBUG 2026-06-14 18:50:04 re/_trace.py:47 close.complete
DEBUG 2026-06-14 18:50:04 re/_trace.py:47 close.started
DEBUG 2026-06-14 18:50:04 re/_trace.py:47 close.complete
DEBUG 2026-06-14 18:50:04 re/_trace.py:47 close.started
DEBUG 2026-06-14 18:50:04 re/_trace.py:47 close.complete
DEBUG 2026-06-14 18:50:04 re/_trace.py:47 close.started
DEBUG 2026-06-14 18:50:04 re/_trace.py:47 close.complete
DEBUG 2026-06-14 18:50:04 re/_trace.py:47 close.started
DEBUG 2026-06-14 18:50:04 re/_trace.py:47 close.complete
DEBUG 2026-06-14 18:50:04 re/_trace.py:47 close.started
DEBUG 2026-06-14 18:50:04 re/_trace.py:47 close.complete
DEBUG 2026-06-14 18:53:45 re/_trace.py:47 close.started
DEBUG 2026-06-14 18:53:45 re/_trace.py:47 close.complete
DEBUG 2026-06-14 18:53:45 re/_trace.py:47 close.started
DEBUG 2026-06-14 18:53:45 re/_trace.py:47 close.complete
DEBUG 2026-06-14 18:53:45 re/_trace.py:47 close.started
DEBUG 2026-06-14 18:53:45 re/_trace.py:47 close.complete
DEBUG 2026-06-14 18:53:45 re/_trace.py:47 close.started
DEBUG 2026-06-14 18:53:45 re/_trace.py:47 close.complete
DEBUG 2026-06-14 18:53:45 re/_trace.py:47 close.started
DEBUG 2026-06-14 18:53:45 re/_trace.py:47 close.complete
DEBUG 2026-06-14 18:53:45 re/_trace.py:47 close.started
DEBUG 2026-06-14 18:53:45 re/_trace.py:47 close.complete
DEBUG 2026-06-14 18:53:45 re/_trace.py:47 close.started
DEBUG 2026-06-14 18:53:45 re/_trace.py:47 close.complete
DEBUG 2026-06-14 18:53:45 re/_trace.py:47 close.started
DEBUG 2026-06-14 18:53:45 re/_trace.py:47 close.complete
DEBUG 2026-06-14 18:53:45 re/_trace.py:47 close.started
DEBUG 2026-06-14 18:53:45 re/_trace.py:47 close.complete
DEBUG 2026-06-14 18:53:45 re/_trace.py:47 close.started
DEBUG 2026-06-14 18:53:45 re/_trace.py:47 close.complete
INFO 2026-06-14 18:55:04 ot_train.py:459 step:27K smpl:19M ep:26K epch:521.15 loss:0.001 grdn:0.066 lr:5.6e-06 updt_s:3.599 data_s:0.664
WARNING 2026-06-14 18:55:04 db_utils.py:181 WandB logging of key "loss_per_dim" was ignored as its type "<class 'list'>" is not handled by this wrapper.
INFO 2026-06-14 18:55:04 ot_train.py:479 Checkpoint policy after step 27000
DEBUG 2026-06-14 18:55:40 tionpool.py:289 Resetting dropped connection: api.wandb.ai
DEBUG 2026-06-14 18:55:40 tionpool.py:544 https://api.wandb.ai:443 "POST /graphql HTTP/1.1" 200 None
DEBUG 2026-06-14 18:57:59 re/_trace.py:47 close.started
DEBUG 2026-06-14 18:57:59 re/_trace.py:47 close.complete
DEBUG 2026-06-14 18:57:59 re/_trace.py:47 close.started
DEBUG 2026-06-14 18:57:59 re/_trace.py:47 close.complete
DEBUG 2026-06-14 18:57:59 re/_trace.py:47 close.started
DEBUG 2026-06-14 18:57:59 re/_trace.py:47 close.complete
DEBUG 2026-06-14 18:57:59 re/_trace.py:47 close.started
DEBUG 2026-06-14 18:57:59 re/_trace.py:47 close.complete
DEBUG 2026-06-14 18:57:59 re/_trace.py:47 close.started
DEBUG 2026-06-14 18:57:59 re/_trace.py:47 close.complete
DEBUG 2026-06-14 18:57:59 re/_trace.py:47 close.started
DEBUG 2026-06-14 18:57:59 re/_trace.py:47 close.complete
DEBUG 2026-06-14 18:57:59 re/_trace.py:47 close.started
DEBUG 2026-06-14 18:57:59 re/_trace.py:47 close.complete
DEBUG 2026-06-14 18:57:59 re/_trace.py:47 close.started
DEBUG 2026-06-14 18:57:59 re/_trace.py:47 close.complete
DEBUG 2026-06-14 18:57:59 re/_trace.py:47 close.started
DEBUG 2026-06-14 18:57:59 re/_trace.py:47 close.complete
DEBUG 2026-06-14 18:57:59 re/_trace.py:47 close.started
DEBUG 2026-06-14 18:57:59 re/_trace.py:47 close.complete
DEBUG 2026-06-14 19:01:38 re/_trace.py:47 close.started
DEBUG 2026-06-14 19:01:38 re/_trace.py:47 close.complete
DEBUG 2026-06-14 19:01:38 re/_trace.py:47 close.started
DEBUG 2026-06-14 19:01:38 re/_trace.py:47 close.complete
DEBUG 2026-06-14 19:01:38 re/_trace.py:47 close.started
DEBUG 2026-06-14 19:01:38 re/_trace.py:47 close.complete
DEBUG 2026-06-14 19:01:38 re/_trace.py:47 close.started
DEBUG 2026-06-14 19:01:38 re/_trace.py:47 close.complete
DEBUG 2026-06-14 19:01:38 re/_trace.py:47 close.started
DEBUG 2026-06-14 19:01:38 re/_trace.py:47 close.complete
DEBUG 2026-06-14 19:01:38 re/_trace.py:47 close.started
DEBUG 2026-06-14 19:01:38 re/_trace.py:47 close.complete
DEBUG 2026-06-14 19:01:38 re/_trace.py:47 close.started
DEBUG 2026-06-14 19:01:38 re/_trace.py:47 close.complete
DEBUG 2026-06-14 19:01:38 re/_trace.py:47 close.started
DEBUG 2026-06-14 19:01:38 re/_trace.py:47 close.complete
DEBUG 2026-06-14 19:01:38 re/_trace.py:47 close.started
DEBUG 2026-06-14 19:01:38 re/_trace.py:47 close.complete
DEBUG 2026-06-14 19:01:39 re/_trace.py:47 close.started
DEBUG 2026-06-14 19:01:39 re/_trace.py:47 close.complete
DEBUG 2026-06-14 19:05:17 re/_trace.py:47 close.started
DEBUG 2026-06-14 19:05:17 re/_trace.py:47 close.complete
DEBUG 2026-06-14 19:05:17 re/_trace.py:47 close.started
DEBUG 2026-06-14 19:05:17 re/_trace.py:47 close.complete
DEBUG 2026-06-14 19:05:17 re/_trace.py:47 close.started
DEBUG 2026-06-14 19:05:17 re/_trace.py:47 close.complete
DEBUG 2026-06-14 19:05:17 re/_trace.py:47 close.started
DEBUG 2026-06-14 19:05:17 re/_trace.py:47 close.complete
DEBUG 2026-06-14 19:05:18 re/_trace.py:47 close.started
DEBUG 2026-06-14 19:05:18 re/_trace.py:47 close.complete
DEBUG 2026-06-14 19:05:18 re/_trace.py:47 close.started
DEBUG 2026-06-14 19:05:18 re/_trace.py:47 close.complete
DEBUG 2026-06-14 19:05:18 re/_trace.py:47 close.started
DEBUG 2026-06-14 19:05:18 re/_trace.py:47 close.complete
DEBUG 2026-06-14 19:05:18 re/_trace.py:47 close.started
DEBUG 2026-06-14 19:05:18 re/_trace.py:47 close.complete
DEBUG 2026-06-14 19:05:18 re/_trace.py:47 close.started
DEBUG 2026-06-14 19:05:18 re/_trace.py:47 close.complete
DEBUG 2026-06-14 19:05:18 re/_trace.py:47 close.started
DEBUG 2026-06-14 19:05:18 re/_trace.py:47 close.complete
DEBUG 2026-06-14 19:08:59 re/_trace.py:47 close.started
DEBUG 2026-06-14 19:08:59 re/_trace.py:47 close.complete
DEBUG 2026-06-14 19:08:59 re/_trace.py:47 close.started
DEBUG 2026-06-14 19:08:59 re/_trace.py:47 close.complete
DEBUG 2026-06-14 19:08:59 re/_trace.py:47 close.started
DEBUG 2026-06-14 19:08:59 re/_trace.py:47 close.complete
DEBUG 2026-06-14 19:08:59 re/_trace.py:47 close.started
DEBUG 2026-06-14 19:08:59 re/_trace.py:47 close.complete
DEBUG 2026-06-14 19:08:59 re/_trace.py:47 close.started
DEBUG 2026-06-14 19:08:59 re/_trace.py:47 close.complete
DEBUG 2026-06-14 19:08:59 re/_trace.py:47 close.started
DEBUG 2026-06-14 19:08:59 re/_trace.py:47 close.complete
DEBUG 2026-06-14 19:08:59 re/_trace.py:47 close.started
DEBUG 2026-06-14 19:08:59 re/_trace.py:47 close.complete
DEBUG 2026-06-14 19:08:59 re/_trace.py:47 close.started
DEBUG 2026-06-14 19:08:59 re/_trace.py:47 close.complete
DEBUG 2026-06-14 19:08:59 re/_trace.py:47 close.started
DEBUG 2026-06-14 19:08:59 re/_trace.py:47 close.complete
DEBUG 2026-06-14 19:08:59 re/_trace.py:47 close.started
DEBUG 2026-06-14 19:08:59 re/_trace.py:47 close.complete
INFO 2026-06-14 19:09:47 ot_train.py:459 step:27K smpl:19M ep:26K epch:525.01 loss:0.001 grdn:0.059 lr:5.2e-06 updt_s:3.546 data_s:0.684
WARNING 2026-06-14 19:09:47 db_utils.py:181 WandB logging of key "loss_per_dim" was ignored as its type "<class 'list'>" is not handled by this wrapper.
DEBUG 2026-06-14 19:12:40 re/_trace.py:47 close.started
DEBUG 2026-06-14 19:12:40 re/_trace.py:47 close.complete
DEBUG 2026-06-14 19:12:40 re/_trace.py:47 close.started
DEBUG 2026-06-14 19:12:40 re/_trace.py:47 close.complete
DEBUG 2026-06-14 19:12:40 re/_trace.py:47 close.started
DEBUG 2026-06-14 19:12:40 re/_trace.py:47 close.complete
DEBUG 2026-06-14 19:12:40 re/_trace.py:47 close.started
DEBUG 2026-06-14 19:12:40 re/_trace.py:47 close.complete
DEBUG 2026-06-14 19:12:40 re/_trace.py:47 close.started
DEBUG 2026-06-14 19:12:40 re/_trace.py:47 close.complete
DEBUG 2026-06-14 19:12:40 re/_trace.py:47 close.started
DEBUG 2026-06-14 19:12:40 re/_trace.py:47 close.complete
DEBUG 2026-06-14 19:12:41 re/_trace.py:47 close.started
DEBUG 2026-06-14 19:12:41 re/_trace.py:47 close.complete
DEBUG 2026-06-14 19:12:41 re/_trace.py:47 close.started
DEBUG 2026-06-14 19:12:41 re/_trace.py:47 close.complete
DEBUG 2026-06-14 19:12:41 re/_trace.py:47 close.started
DEBUG 2026-06-14 19:12:41 re/_trace.py:47 close.complete
DEBUG 2026-06-14 19:12:41 re/_trace.py:47 close.started
DEBUG 2026-06-14 19:12:41 re/_trace.py:47 close.complete
DEBUG 2026-06-14 19:16:18 re/_trace.py:47 close.started
DEBUG 2026-06-14 19:16:18 re/_trace.py:47 close.complete
DEBUG 2026-06-14 19:16:18 re/_trace.py:47 close.started
DEBUG 2026-06-14 19:16:18 re/_trace.py:47 close.complete
DEBUG 2026-06-14 19:16:18 re/_trace.py:47 close.started
DEBUG 2026-06-14 19:16:18 re/_trace.py:47 close.complete
DEBUG 2026-06-14 19:16:18 re/_trace.py:47 close.started
DEBUG 2026-06-14 19:16:18 re/_trace.py:47 close.complete
DEBUG 2026-06-14 19:16:18 re/_trace.py:47 close.started
DEBUG 2026-06-14 19:16:18 re/_trace.py:47 close.complete
DEBUG 2026-06-14 19:16:19 re/_trace.py:47 close.started
DEBUG 2026-06-14 19:16:19 re/_trace.py:47 close.complete
DEBUG 2026-06-14 19:16:19 re/_trace.py:47 close.started
DEBUG 2026-06-14 19:16:19 re/_trace.py:47 close.complete
DEBUG 2026-06-14 19:16:19 re/_trace.py:47 close.started
DEBUG 2026-06-14 19:16:19 re/_trace.py:47 close.complete
DEBUG 2026-06-14 19:16:19 re/_trace.py:47 close.started
DEBUG 2026-06-14 19:16:19 re/_trace.py:47 close.complete
DEBUG 2026-06-14 19:16:19 re/_trace.py:47 close.started
DEBUG 2026-06-14 19:16:19 re/_trace.py:47 close.complete
DEBUG 2026-06-14 19:19:58 re/_trace.py:47 close.started
DEBUG 2026-06-14 19:19:58 re/_trace.py:47 close.complete
DEBUG 2026-06-14 19:19:58 re/_trace.py:47 close.started
DEBUG 2026-06-14 19:19:58 re/_trace.py:47 close.complete
DEBUG 2026-06-14 19:19:58 re/_trace.py:47 close.started
DEBUG 2026-06-14 19:19:58 re/_trace.py:47 close.complete
DEBUG 2026-06-14 19:19:58 re/_trace.py:47 close.started
DEBUG 2026-06-14 19:19:58 re/_trace.py:47 close.complete
DEBUG 2026-06-14 19:19:58 re/_trace.py:47 close.started
DEBUG 2026-06-14 19:19:58 re/_trace.py:47 close.complete
DEBUG 2026-06-14 19:19:58 re/_trace.py:47 close.started
DEBUG 2026-06-14 19:19:58 re/_trace.py:47 close.complete
DEBUG 2026-06-14 19:19:58 re/_trace.py:47 close.started
DEBUG 2026-06-14 19:19:58 re/_trace.py:47 close.complete
DEBUG 2026-06-14 19:19:58 re/_trace.py:47 close.started
DEBUG 2026-06-14 19:19:58 re/_trace.py:47 close.complete
DEBUG 2026-06-14 19:19:58 re/_trace.py:47 close.started
DEBUG 2026-06-14 19:19:58 re/_trace.py:47 close.complete
DEBUG 2026-06-14 19:19:58 re/_trace.py:47 close.started
DEBUG 2026-06-14 19:19:58 re/_trace.py:47 close.complete
INFO 2026-06-14 19:23:24 ot_train.py:459 step:27K smpl:19M ep:26K epch:528.87 loss:0.001 grdn:0.062 lr:4.8e-06 updt_s:3.571 data_s:0.509
WARNING 2026-06-14 19:23:24 db_utils.py:181 WandB logging of key "loss_per_dim" was ignored as its type "<class 'list'>" is not handled by this wrapper.
DEBUG 2026-06-14 19:23:39 re/_trace.py:47 close.started
DEBUG 2026-06-14 19:23:39 re/_trace.py:47 close.complete
DEBUG 2026-06-14 19:23:39 re/_trace.py:47 close.started
DEBUG 2026-06-14 19:23:39 re/_trace.py:47 close.complete
DEBUG 2026-06-14 19:23:39 re/_trace.py:47 close.started
DEBUG 2026-06-14 19:23:39 re/_trace.py:47 close.complete
DEBUG 2026-06-14 19:23:39 re/_trace.py:47 close.started
DEBUG 2026-06-14 19:23:39 re/_trace.py:47 close.complete
DEBUG 2026-06-14 19:23:39 re/_trace.py:47 close.started
DEBUG 2026-06-14 19:23:39 re/_trace.py:47 close.complete
DEBUG 2026-06-14 19:23:39 re/_trace.py:47 close.started
DEBUG 2026-06-14 19:23:39 re/_trace.py:47 close.complete
DEBUG 2026-06-14 19:23:39 re/_trace.py:47 close.started
DEBUG 2026-06-14 19:23:39 re/_trace.py:47 close.complete
DEBUG 2026-06-14 19:23:39 re/_trace.py:47 close.started
DEBUG 2026-06-14 19:23:39 re/_trace.py:47 close.complete
DEBUG 2026-06-14 19:23:39 re/_trace.py:47 close.started
DEBUG 2026-06-14 19:23:39 re/_trace.py:47 close.complete
DEBUG 2026-06-14 19:23:39 re/_trace.py:47 close.started
DEBUG 2026-06-14 19:23:39 re/_trace.py:47 close.complete
DEBUG 2026-06-14 19:27:19 re/_trace.py:47 close.started
DEBUG 2026-06-14 19:27:19 re/_trace.py:47 close.complete
DEBUG 2026-06-14 19:27:19 re/_trace.py:47 close.started
DEBUG 2026-06-14 19:27:19 re/_trace.py:47 close.complete
DEBUG 2026-06-14 19:27:19 re/_trace.py:47 close.started
DEBUG 2026-06-14 19:27:19 re/_trace.py:47 close.complete
DEBUG 2026-06-14 19:27:19 re/_trace.py:47 close.started
DEBUG 2026-06-14 19:27:19 re/_trace.py:47 close.complete
DEBUG 2026-06-14 19:27:19 re/_trace.py:47 close.started
DEBUG 2026-06-14 19:27:19 re/_trace.py:47 close.complete
DEBUG 2026-06-14 19:27:19 re/_trace.py:47 close.started
DEBUG 2026-06-14 19:27:19 re/_trace.py:47 close.complete
DEBUG 2026-06-14 19:27:19 re/_trace.py:47 close.started
DEBUG 2026-06-14 19:27:19 re/_trace.py:47 close.complete
DEBUG 2026-06-14 19:27:19 re/_trace.py:47 close.started
DEBUG 2026-06-14 19:27:19 re/_trace.py:47 close.complete
DEBUG 2026-06-14 19:27:19 re/_trace.py:47 close.started
DEBUG 2026-06-14 19:27:19 re/_trace.py:47 close.complete
DEBUG 2026-06-14 19:27:19 re/_trace.py:47 close.started
DEBUG 2026-06-14 19:27:19 re/_trace.py:47 close.complete
DEBUG 2026-06-14 19:30:58 re/_trace.py:47 close.started
DEBUG 2026-06-14 19:30:58 re/_trace.py:47 close.complete
DEBUG 2026-06-14 19:30:58 re/_trace.py:47 close.started
DEBUG 2026-06-14 19:30:58 re/_trace.py:47 close.complete
DEBUG 2026-06-14 19:30:58 re/_trace.py:47 close.started
DEBUG 2026-06-14 19:30:58 re/_trace.py:47 close.complete
DEBUG 2026-06-14 19:30:58 re/_trace.py:47 close.started
DEBUG 2026-06-14 19:30:58 re/_trace.py:47 close.complete
DEBUG 2026-06-14 19:30:58 re/_trace.py:47 close.started
DEBUG 2026-06-14 19:30:58 re/_trace.py:47 close.complete
DEBUG 2026-06-14 19:30:58 re/_trace.py:47 close.started
DEBUG 2026-06-14 19:30:58 re/_trace.py:47 close.complete
DEBUG 2026-06-14 19:30:58 re/_trace.py:47 close.started
DEBUG 2026-06-14 19:30:58 re/_trace.py:47 close.complete
DEBUG 2026-06-14 19:30:58 re/_trace.py:47 close.started
DEBUG 2026-06-14 19:30:58 re/_trace.py:47 close.complete
DEBUG 2026-06-14 19:30:58 re/_trace.py:47 close.started
DEBUG 2026-06-14 19:30:58 re/_trace.py:47 close.complete
DEBUG 2026-06-14 19:30:58 re/_trace.py:47 close.started
DEBUG 2026-06-14 19:30:58 re/_trace.py:47 close.complete
DEBUG 2026-06-14 19:34:40 re/_trace.py:47 close.started
DEBUG 2026-06-14 19:34:40 re/_trace.py:47 close.complete
DEBUG 2026-06-14 19:34:40 re/_trace.py:47 close.started
DEBUG 2026-06-14 19:34:40 re/_trace.py:47 close.complete
DEBUG 2026-06-14 19:34:40 re/_trace.py:47 close.started
DEBUG 2026-06-14 19:34:40 re/_trace.py:47 close.complete
DEBUG 2026-06-14 19:34:40 re/_trace.py:47 close.started
DEBUG 2026-06-14 19:34:40 re/_trace.py:47 close.complete
DEBUG 2026-06-14 19:34:40 re/_trace.py:47 close.started
DEBUG 2026-06-14 19:34:40 re/_trace.py:47 close.complete
DEBUG 2026-06-14 19:34:41 re/_trace.py:47 close.started
DEBUG 2026-06-14 19:34:41 re/_trace.py:47 close.complete
DEBUG 2026-06-14 19:34:41 re/_trace.py:47 close.started
DEBUG 2026-06-14 19:34:41 re/_trace.py:47 close.complete
DEBUG 2026-06-14 19:34:41 re/_trace.py:47 close.started
DEBUG 2026-06-14 19:34:41 re/_trace.py:47 close.complete
DEBUG 2026-06-14 19:34:41 re/_trace.py:47 close.started
DEBUG 2026-06-14 19:34:41 re/_trace.py:47 close.complete
DEBUG 2026-06-14 19:34:41 re/_trace.py:47 close.started
DEBUG 2026-06-14 19:34:41 re/_trace.py:47 close.complete
INFO 2026-06-14 19:37:39 ot_train.py:459 step:28K smpl:19M ep:27K epch:532.73 loss:0.001 grdn:0.061 lr:4.5e-06 updt_s:3.637 data_s:0.632
WARNING 2026-06-14 19:37:39 db_utils.py:181 WandB logging of key "loss_per_dim" was ignored as its type "<class 'list'>" is not handled by this wrapper.
DEBUG 2026-06-14 19:38:21 re/_trace.py:47 close.started
DEBUG 2026-06-14 19:38:21 re/_trace.py:47 close.complete
DEBUG 2026-06-14 19:38:21 re/_trace.py:47 close.started
DEBUG 2026-06-14 19:38:21 re/_trace.py:47 close.complete
DEBUG 2026-06-14 19:38:21 re/_trace.py:47 close.started
DEBUG 2026-06-14 19:38:21 re/_trace.py:47 close.complete
DEBUG 2026-06-14 19:38:21 re/_trace.py:47 close.started
DEBUG 2026-06-14 19:38:21 re/_trace.py:47 close.complete
DEBUG 2026-06-14 19:38:21 re/_trace.py:47 close.started
DEBUG 2026-06-14 19:38:21 re/_trace.py:47 close.complete
DEBUG 2026-06-14 19:38:21 re/_trace.py:47 close.started
DEBUG 2026-06-14 19:38:21 re/_trace.py:47 close.complete
DEBUG 2026-06-14 19:38:21 re/_trace.py:47 close.started
DEBUG 2026-06-14 19:38:21 re/_trace.py:47 close.complete
DEBUG 2026-06-14 19:38:21 re/_trace.py:47 close.started
DEBUG 2026-06-14 19:38:21 re/_trace.py:47 close.complete
DEBUG 2026-06-14 19:38:21 re/_trace.py:47 close.started
DEBUG 2026-06-14 19:38:21 re/_trace.py:47 close.complete
DEBUG 2026-06-14 19:38:21 re/_trace.py:47 close.started
DEBUG 2026-06-14 19:38:21 re/_trace.py:47 close.complete
DEBUG 2026-06-14 19:42:02 re/_trace.py:47 close.started
DEBUG 2026-06-14 19:42:02 re/_trace.py:47 close.complete
DEBUG 2026-06-14 19:42:02 re/_trace.py:47 close.started
DEBUG 2026-06-14 19:42:02 re/_trace.py:47 close.complete
DEBUG 2026-06-14 19:42:02 re/_trace.py:47 close.started
DEBUG 2026-06-14 19:42:02 re/_trace.py:47 close.complete
DEBUG 2026-06-14 19:42:02 re/_trace.py:47 close.started
DEBUG 2026-06-14 19:42:02 re/_trace.py:47 close.complete
DEBUG 2026-06-14 19:42:02 re/_trace.py:47 close.started
DEBUG 2026-06-14 19:42:02 re/_trace.py:47 close.complete
DEBUG 2026-06-14 19:42:02 re/_trace.py:47 close.started
DEBUG 2026-06-14 19:42:02 re/_trace.py:47 close.complete
DEBUG 2026-06-14 19:42:02 re/_trace.py:47 close.started
DEBUG 2026-06-14 19:42:02 re/_trace.py:47 close.complete
DEBUG 2026-06-14 19:42:02 re/_trace.py:47 close.started
DEBUG 2026-06-14 19:42:02 re/_trace.py:47 close.complete
DEBUG 2026-06-14 19:42:02 re/_trace.py:47 close.started
DEBUG 2026-06-14 19:42:02 re/_trace.py:47 close.complete
DEBUG 2026-06-14 19:42:02 re/_trace.py:47 close.started
DEBUG 2026-06-14 19:42:02 re/_trace.py:47 close.complete
DEBUG 2026-06-14 19:45:42 re/_trace.py:47 close.started
DEBUG 2026-06-14 19:45:42 re/_trace.py:47 close.complete
DEBUG 2026-06-14 19:45:42 re/_trace.py:47 close.started
DEBUG 2026-06-14 19:45:42 re/_trace.py:47 close.complete
DEBUG 2026-06-14 19:45:42 re/_trace.py:47 close.started
DEBUG 2026-06-14 19:45:42 re/_trace.py:47 close.complete
DEBUG 2026-06-14 19:45:42 re/_trace.py:47 close.started
DEBUG 2026-06-14 19:45:42 re/_trace.py:47 close.complete
DEBUG 2026-06-14 19:45:42 re/_trace.py:47 close.started
DEBUG 2026-06-14 19:45:42 re/_trace.py:47 close.complete
DEBUG 2026-06-14 19:45:42 re/_trace.py:47 close.started
DEBUG 2026-06-14 19:45:42 re/_trace.py:47 close.complete
DEBUG 2026-06-14 19:45:42 re/_trace.py:47 close.started
DEBUG 2026-06-14 19:45:42 re/_trace.py:47 close.complete
DEBUG 2026-06-14 19:45:42 re/_trace.py:47 close.started
DEBUG 2026-06-14 19:45:42 re/_trace.py:47 close.complete
DEBUG 2026-06-14 19:45:42 re/_trace.py:47 close.started
DEBUG 2026-06-14 19:45:42 re/_trace.py:47 close.complete
DEBUG 2026-06-14 19:45:42 re/_trace.py:47 close.started
DEBUG 2026-06-14 19:45:42 re/_trace.py:47 close.complete
DEBUG 2026-06-14 19:49:23 re/_trace.py:47 close.started
DEBUG 2026-06-14 19:49:23 re/_trace.py:47 close.complete
DEBUG 2026-06-14 19:49:23 re/_trace.py:47 close.started
DEBUG 2026-06-14 19:49:23 re/_trace.py:47 close.complete
DEBUG 2026-06-14 19:49:23 re/_trace.py:47 close.started
DEBUG 2026-06-14 19:49:23 re/_trace.py:47 close.complete
DEBUG 2026-06-14 19:49:23 re/_trace.py:47 close.started
DEBUG 2026-06-14 19:49:23 re/_trace.py:47 close.complete
DEBUG 2026-06-14 19:49:23 re/_trace.py:47 close.started
DEBUG 2026-06-14 19:49:23 re/_trace.py:47 close.complete
DEBUG 2026-06-14 19:49:23 re/_trace.py:47 close.started
DEBUG 2026-06-14 19:49:23 re/_trace.py:47 close.complete
DEBUG 2026-06-14 19:49:23 re/_trace.py:47 close.started
DEBUG 2026-06-14 19:49:23 re/_trace.py:47 close.complete
DEBUG 2026-06-14 19:49:24 re/_trace.py:47 close.started
DEBUG 2026-06-14 19:49:24 re/_trace.py:47 close.complete
DEBUG 2026-06-14 19:49:24 re/_trace.py:47 close.started
DEBUG 2026-06-14 19:49:24 re/_trace.py:47 close.complete
DEBUG 2026-06-14 19:49:24 re/_trace.py:47 close.started
DEBUG 2026-06-14 19:49:24 re/_trace.py:47 close.complete
INFO 2026-06-14 19:51:56 ot_train.py:459 step:28K smpl:20M ep:27K epch:536.59 loss:0.001 grdn:0.056 lr:4.2e-06 updt_s:3.598 data_s:0.685
WARNING 2026-06-14 19:51:56 db_utils.py:181 WandB logging of key "loss_per_dim" was ignored as its type "<class 'list'>" is not handled by this wrapper.
DEBUG 2026-06-14 19:53:06 re/_trace.py:47 close.started
DEBUG 2026-06-14 19:53:06 re/_trace.py:47 close.complete
DEBUG 2026-06-14 19:53:06 re/_trace.py:47 close.started
DEBUG 2026-06-14 19:53:06 re/_trace.py:47 close.complete
DEBUG 2026-06-14 19:53:06 re/_trace.py:47 close.started
DEBUG 2026-06-14 19:53:06 re/_trace.py:47 close.complete
DEBUG 2026-06-14 19:53:06 re/_trace.py:47 close.started
DEBUG 2026-06-14 19:53:06 re/_trace.py:47 close.complete
DEBUG 2026-06-14 19:53:06 re/_trace.py:47 close.started
DEBUG 2026-06-14 19:53:06 re/_trace.py:47 close.complete
DEBUG 2026-06-14 19:53:06 re/_trace.py:47 close.started
DEBUG 2026-06-14 19:53:06 re/_trace.py:47 close.complete
DEBUG 2026-06-14 19:53:06 re/_trace.py:47 close.started
DEBUG 2026-06-14 19:53:06 re/_trace.py:47 close.complete
DEBUG 2026-06-14 19:53:06 re/_trace.py:47 close.started
DEBUG 2026-06-14 19:53:06 re/_trace.py:47 close.complete
DEBUG 2026-06-14 19:53:06 re/_trace.py:47 close.started
DEBUG 2026-06-14 19:53:06 re/_trace.py:47 close.complete
DEBUG 2026-06-14 19:53:06 re/_trace.py:47 close.started
DEBUG 2026-06-14 19:53:06 re/_trace.py:47 close.complete
DEBUG 2026-06-14 19:56:46 re/_trace.py:47 close.started
DEBUG 2026-06-14 19:56:46 re/_trace.py:47 close.complete
DEBUG 2026-06-14 19:56:46 re/_trace.py:47 close.started
DEBUG 2026-06-14 19:56:46 re/_trace.py:47 close.complete
DEBUG 2026-06-14 19:56:47 re/_trace.py:47 close.started
DEBUG 2026-06-14 19:56:47 re/_trace.py:47 close.complete
DEBUG 2026-06-14 19:56:47 re/_trace.py:47 close.started
DEBUG 2026-06-14 19:56:47 re/_trace.py:47 close.complete
DEBUG 2026-06-14 19:56:47 re/_trace.py:47 close.started
DEBUG 2026-06-14 19:56:47 re/_trace.py:47 close.complete
DEBUG 2026-06-14 19:56:47 re/_trace.py:47 close.started
DEBUG 2026-06-14 19:56:47 re/_trace.py:47 close.complete
DEBUG 2026-06-14 19:56:47 re/_trace.py:47 close.started
DEBUG 2026-06-14 19:56:47 re/_trace.py:47 close.complete
DEBUG 2026-06-14 19:56:47 re/_trace.py:47 close.started
DEBUG 2026-06-14 19:56:47 re/_trace.py:47 close.complete
DEBUG 2026-06-14 19:56:47 re/_trace.py:47 close.started
DEBUG 2026-06-14 19:56:47 re/_trace.py:47 close.complete
DEBUG 2026-06-14 19:56:47 re/_trace.py:47 close.started
DEBUG 2026-06-14 19:56:47 re/_trace.py:47 close.complete
DEBUG 2026-06-14 20:00:27 re/_trace.py:47 close.started
DEBUG 2026-06-14 20:00:27 re/_trace.py:47 close.complete
DEBUG 2026-06-14 20:00:27 re/_trace.py:47 close.started
DEBUG 2026-06-14 20:00:27 re/_trace.py:47 close.complete
DEBUG 2026-06-14 20:00:27 re/_trace.py:47 close.started
DEBUG 2026-06-14 20:00:27 re/_trace.py:47 close.complete
DEBUG 2026-06-14 20:00:27 re/_trace.py:47 close.started
DEBUG 2026-06-14 20:00:27 re/_trace.py:47 close.complete
DEBUG 2026-06-14 20:00:27 re/_trace.py:47 close.started
DEBUG 2026-06-14 20:00:27 re/_trace.py:47 close.complete
DEBUG 2026-06-14 20:00:27 re/_trace.py:47 close.started
DEBUG 2026-06-14 20:00:27 re/_trace.py:47 close.complete
DEBUG 2026-06-14 20:00:27 re/_trace.py:47 close.started
DEBUG 2026-06-14 20:00:27 re/_trace.py:47 close.complete
DEBUG 2026-06-14 20:00:27 re/_trace.py:47 close.started
DEBUG 2026-06-14 20:00:27 re/_trace.py:47 close.complete
DEBUG 2026-06-14 20:00:27 re/_trace.py:47 close.started
DEBUG 2026-06-14 20:00:27 re/_trace.py:47 close.complete
DEBUG 2026-06-14 20:00:27 re/_trace.py:47 close.started
DEBUG 2026-06-14 20:00:27 re/_trace.py:47 close.complete
DEBUG 2026-06-14 20:04:07 re/_trace.py:47 close.started
DEBUG 2026-06-14 20:04:07 re/_trace.py:47 close.complete
DEBUG 2026-06-14 20:04:07 re/_trace.py:47 close.started
DEBUG 2026-06-14 20:04:07 re/_trace.py:47 close.complete
DEBUG 2026-06-14 20:04:07 re/_trace.py:47 close.started
DEBUG 2026-06-14 20:04:07 re/_trace.py:47 close.complete
DEBUG 2026-06-14 20:04:07 re/_trace.py:47 close.started
DEBUG 2026-06-14 20:04:07 re/_trace.py:47 close.complete
DEBUG 2026-06-14 20:04:07 re/_trace.py:47 close.started
DEBUG 2026-06-14 20:04:07 re/_trace.py:47 close.complete
DEBUG 2026-06-14 20:04:07 re/_trace.py:47 close.started
DEBUG 2026-06-14 20:04:07 re/_trace.py:47 close.complete
DEBUG 2026-06-14 20:04:07 re/_trace.py:47 close.started
DEBUG 2026-06-14 20:04:07 re/_trace.py:47 close.complete
DEBUG 2026-06-14 20:04:07 re/_trace.py:47 close.started
DEBUG 2026-06-14 20:04:07 re/_trace.py:47 close.complete
DEBUG 2026-06-14 20:04:07 re/_trace.py:47 close.started
DEBUG 2026-06-14 20:04:07 re/_trace.py:47 close.complete
DEBUG 2026-06-14 20:04:07 re/_trace.py:47 close.started
DEBUG 2026-06-14 20:04:07 re/_trace.py:47 close.complete
INFO 2026-06-14 20:06:12 ot_train.py:459 step:28K smpl:20M ep:27K epch:540.45 loss:0.001 grdn:0.052 lr:3.9e-06 updt_s:3.596 data_s:0.680
WARNING 2026-06-14 20:06:12 db_utils.py:181 WandB logging of key "loss_per_dim" was ignored as its type "<class 'list'>" is not handled by this wrapper.
DEBUG 2026-06-14 20:07:50 re/_trace.py:47 close.started
DEBUG 2026-06-14 20:07:50 re/_trace.py:47 close.complete
DEBUG 2026-06-14 20:07:50 re/_trace.py:47 close.started
DEBUG 2026-06-14 20:07:50 re/_trace.py:47 close.complete
DEBUG 2026-06-14 20:07:50 re/_trace.py:47 close.started
DEBUG 2026-06-14 20:07:50 re/_trace.py:47 close.complete
DEBUG 2026-06-14 20:07:50 re/_trace.py:47 close.started
DEBUG 2026-06-14 20:07:50 re/_trace.py:47 close.complete
DEBUG 2026-06-14 20:07:50 re/_trace.py:47 close.started
DEBUG 2026-06-14 20:07:50 re/_trace.py:47 close.complete
DEBUG 2026-06-14 20:07:50 re/_trace.py:47 close.started
DEBUG 2026-06-14 20:07:50 re/_trace.py:47 close.complete
DEBUG 2026-06-14 20:07:50 re/_trace.py:47 close.started
DEBUG 2026-06-14 20:07:50 re/_trace.py:47 close.complete
DEBUG 2026-06-14 20:07:50 re/_trace.py:47 close.started
DEBUG 2026-06-14 20:07:50 re/_trace.py:47 close.complete
DEBUG 2026-06-14 20:07:50 re/_trace.py:47 close.started
DEBUG 2026-06-14 20:07:50 re/_trace.py:47 close.complete
DEBUG 2026-06-14 20:07:50 re/_trace.py:47 close.started
DEBUG 2026-06-14 20:07:50 re/_trace.py:47 close.complete
DEBUG 2026-06-14 20:11:32 re/_trace.py:47 close.started
DEBUG 2026-06-14 20:11:32 re/_trace.py:47 close.complete
DEBUG 2026-06-14 20:11:32 re/_trace.py:47 close.started
DEBUG 2026-06-14 20:11:32 re/_trace.py:47 close.complete
DEBUG 2026-06-14 20:11:32 re/_trace.py:47 close.started
DEBUG 2026-06-14 20:11:32 re/_trace.py:47 close.complete
DEBUG 2026-06-14 20:11:32 re/_trace.py:47 close.started
DEBUG 2026-06-14 20:11:32 re/_trace.py:47 close.complete
DEBUG 2026-06-14 20:11:32 re/_trace.py:47 close.started
DEBUG 2026-06-14 20:11:32 re/_trace.py:47 close.complete
DEBUG 2026-06-14 20:11:32 re/_trace.py:47 close.started
DEBUG 2026-06-14 20:11:32 re/_trace.py:47 close.complete
DEBUG 2026-06-14 20:11:32 re/_trace.py:47 close.started
DEBUG 2026-06-14 20:11:32 re/_trace.py:47 close.complete
DEBUG 2026-06-14 20:11:32 re/_trace.py:47 close.started
DEBUG 2026-06-14 20:11:32 re/_trace.py:47 close.complete
DEBUG 2026-06-14 20:11:32 re/_trace.py:47 close.started
DEBUG 2026-06-14 20:11:32 re/_trace.py:47 close.complete
DEBUG 2026-06-14 20:11:32 re/_trace.py:47 close.started
DEBUG 2026-06-14 20:11:32 re/_trace.py:47 close.complete
DEBUG 2026-06-14 20:15:13 re/_trace.py:47 close.started
DEBUG 2026-06-14 20:15:13 re/_trace.py:47 close.complete
DEBUG 2026-06-14 20:15:13 re/_trace.py:47 close.started
DEBUG 2026-06-14 20:15:13 re/_trace.py:47 close.complete
DEBUG 2026-06-14 20:15:13 re/_trace.py:47 close.started
DEBUG 2026-06-14 20:15:13 re/_trace.py:47 close.complete
DEBUG 2026-06-14 20:15:13 re/_trace.py:47 close.started
DEBUG 2026-06-14 20:15:13 re/_trace.py:47 close.complete
DEBUG 2026-06-14 20:15:13 re/_trace.py:47 close.started
DEBUG 2026-06-14 20:15:13 re/_trace.py:47 close.complete
DEBUG 2026-06-14 20:15:14 re/_trace.py:47 close.started
DEBUG 2026-06-14 20:15:14 re/_trace.py:47 close.complete
DEBUG 2026-06-14 20:15:14 re/_trace.py:47 close.started
DEBUG 2026-06-14 20:15:14 re/_trace.py:47 close.complete
DEBUG 2026-06-14 20:15:14 re/_trace.py:47 close.started
DEBUG 2026-06-14 20:15:14 re/_trace.py:47 close.complete
DEBUG 2026-06-14 20:15:14 re/_trace.py:47 close.started
DEBUG 2026-06-14 20:15:14 re/_trace.py:47 close.complete
DEBUG 2026-06-14 20:15:14 re/_trace.py:47 close.started
DEBUG 2026-06-14 20:15:14 re/_trace.py:47 close.complete
DEBUG 2026-06-14 20:18:53 re/_trace.py:47 close.started
DEBUG 2026-06-14 20:18:53 re/_trace.py:47 close.complete
DEBUG 2026-06-14 20:18:53 re/_trace.py:47 close.started
DEBUG 2026-06-14 20:18:53 re/_trace.py:47 close.complete
DEBUG 2026-06-14 20:18:53 re/_trace.py:47 close.started
DEBUG 2026-06-14 20:18:53 re/_trace.py:47 close.complete
DEBUG 2026-06-14 20:18:53 re/_trace.py:47 close.started
DEBUG 2026-06-14 20:18:53 re/_trace.py:47 close.complete
DEBUG 2026-06-14 20:18:53 re/_trace.py:47 close.started
DEBUG 2026-06-14 20:18:53 re/_trace.py:47 close.complete
DEBUG 2026-06-14 20:18:54 re/_trace.py:47 close.started
DEBUG 2026-06-14 20:18:54 re/_trace.py:47 close.complete
DEBUG 2026-06-14 20:18:54 re/_trace.py:47 close.started
DEBUG 2026-06-14 20:18:54 re/_trace.py:47 close.complete
DEBUG 2026-06-14 20:18:54 re/_trace.py:47 close.started
DEBUG 2026-06-14 20:18:54 re/_trace.py:47 close.complete
DEBUG 2026-06-14 20:18:54 re/_trace.py:47 close.started
DEBUG 2026-06-14 20:18:54 re/_trace.py:47 close.complete
DEBUG 2026-06-14 20:18:54 re/_trace.py:47 close.started
DEBUG 2026-06-14 20:18:54 re/_trace.py:47 close.complete
INFO 2026-06-14 20:20:27 ot_train.py:459 step:28K smpl:20M ep:27K epch:544.31 loss:0.001 grdn:0.053 lr:3.7e-06 updt_s:3.573 data_s:0.695
WARNING 2026-06-14 20:20:27 db_utils.py:181 WandB logging of key "loss_per_dim" was ignored as its type "<class 'list'>" is not handled by this wrapper.
DEBUG 2026-06-14 20:22:34 re/_trace.py:47 close.started
DEBUG 2026-06-14 20:22:34 re/_trace.py:47 close.complete
DEBUG 2026-06-14 20:22:34 re/_trace.py:47 close.started
DEBUG 2026-06-14 20:22:34 re/_trace.py:47 close.complete
DEBUG 2026-06-14 20:22:34 re/_trace.py:47 close.started
DEBUG 2026-06-14 20:22:34 re/_trace.py:47 close.complete
DEBUG 2026-06-14 20:22:34 re/_trace.py:47 close.started
DEBUG 2026-06-14 20:22:34 re/_trace.py:47 close.complete
DEBUG 2026-06-14 20:22:34 re/_trace.py:47 close.started
DEBUG 2026-06-14 20:22:34 re/_trace.py:47 close.complete
DEBUG 2026-06-14 20:22:34 re/_trace.py:47 close.started
DEBUG 2026-06-14 20:22:34 re/_trace.py:47 close.complete
DEBUG 2026-06-14 20:22:34 re/_trace.py:47 close.started
DEBUG 2026-06-14 20:22:34 re/_trace.py:47 close.complete
DEBUG 2026-06-14 20:22:34 re/_trace.py:47 close.started
DEBUG 2026-06-14 20:22:34 re/_trace.py:47 close.complete
DEBUG 2026-06-14 20:22:34 re/_trace.py:47 close.started
DEBUG 2026-06-14 20:22:34 re/_trace.py:47 close.complete
DEBUG 2026-06-14 20:22:34 re/_trace.py:47 close.started
DEBUG 2026-06-14 20:22:34 re/_trace.py:47 close.complete
DEBUG 2026-06-14 20:26:15 re/_trace.py:47 close.started
DEBUG 2026-06-14 20:26:15 re/_trace.py:47 close.complete
DEBUG 2026-06-14 20:26:15 re/_trace.py:47 close.started
DEBUG 2026-06-14 20:26:15 re/_trace.py:47 close.complete
DEBUG 2026-06-14 20:26:16 re/_trace.py:47 close.started
DEBUG 2026-06-14 20:26:16 re/_trace.py:47 close.complete
DEBUG 2026-06-14 20:26:16 re/_trace.py:47 close.started
DEBUG 2026-06-14 20:26:16 re/_trace.py:47 close.complete
DEBUG 2026-06-14 20:26:16 re/_trace.py:47 close.started
DEBUG 2026-06-14 20:26:16 re/_trace.py:47 close.complete
DEBUG 2026-06-14 20:26:16 re/_trace.py:47 close.started
DEBUG 2026-06-14 20:26:16 re/_trace.py:47 close.complete
DEBUG 2026-06-14 20:26:16 re/_trace.py:47 close.started
DEBUG 2026-06-14 20:26:16 re/_trace.py:47 close.complete
DEBUG 2026-06-14 20:26:16 re/_trace.py:47 close.started
DEBUG 2026-06-14 20:26:16 re/_trace.py:47 close.complete
DEBUG 2026-06-14 20:26:16 re/_trace.py:47 close.started
DEBUG 2026-06-14 20:26:16 re/_trace.py:47 close.complete
DEBUG 2026-06-14 20:26:16 re/_trace.py:47 close.started
DEBUG 2026-06-14 20:26:16 re/_trace.py:47 close.complete
DEBUG 2026-06-14 20:29:57 re/_trace.py:47 close.started
DEBUG 2026-06-14 20:29:57 re/_trace.py:47 close.complete
DEBUG 2026-06-14 20:29:57 re/_trace.py:47 close.started
DEBUG 2026-06-14 20:29:57 re/_trace.py:47 close.complete
DEBUG 2026-06-14 20:29:57 re/_trace.py:47 close.started
DEBUG 2026-06-14 20:29:57 re/_trace.py:47 close.complete
DEBUG 2026-06-14 20:29:57 re/_trace.py:47 close.started
DEBUG 2026-06-14 20:29:57 re/_trace.py:47 close.complete
DEBUG 2026-06-14 20:29:57 re/_trace.py:47 close.started
DEBUG 2026-06-14 20:29:57 re/_trace.py:47 close.complete
DEBUG 2026-06-14 20:29:57 re/_trace.py:47 close.started
DEBUG 2026-06-14 20:29:57 re/_trace.py:47 close.complete
DEBUG 2026-06-14 20:29:57 re/_trace.py:47 close.started
DEBUG 2026-06-14 20:29:57 re/_trace.py:47 close.complete
DEBUG 2026-06-14 20:29:57 re/_trace.py:47 close.started
DEBUG 2026-06-14 20:29:57 re/_trace.py:47 close.complete
DEBUG 2026-06-14 20:29:57 re/_trace.py:47 close.started
DEBUG 2026-06-14 20:29:57 re/_trace.py:47 close.complete
DEBUG 2026-06-14 20:29:57 re/_trace.py:47 close.started
DEBUG 2026-06-14 20:29:57 re/_trace.py:47 close.complete
DEBUG 2026-06-14 20:33:38 re/_trace.py:47 close.started
DEBUG 2026-06-14 20:33:38 re/_trace.py:47 close.complete
DEBUG 2026-06-14 20:33:38 re/_trace.py:47 close.started
DEBUG 2026-06-14 20:33:38 re/_trace.py:47 close.complete
DEBUG 2026-06-14 20:33:38 re/_trace.py:47 close.started
DEBUG 2026-06-14 20:33:38 re/_trace.py:47 close.complete
DEBUG 2026-06-14 20:33:38 re/_trace.py:47 close.started
DEBUG 2026-06-14 20:33:38 re/_trace.py:47 close.complete
DEBUG 2026-06-14 20:33:38 re/_trace.py:47 close.started
DEBUG 2026-06-14 20:33:38 re/_trace.py:47 close.complete
DEBUG 2026-06-14 20:33:38 re/_trace.py:47 close.started
DEBUG 2026-06-14 20:33:38 re/_trace.py:47 close.complete
DEBUG 2026-06-14 20:33:38 re/_trace.py:47 close.started
DEBUG 2026-06-14 20:33:38 re/_trace.py:47 close.complete
DEBUG 2026-06-14 20:33:38 re/_trace.py:47 close.started
DEBUG 2026-06-14 20:33:38 re/_trace.py:47 close.complete
DEBUG 2026-06-14 20:33:38 re/_trace.py:47 close.started
DEBUG 2026-06-14 20:33:38 re/_trace.py:47 close.complete
DEBUG 2026-06-14 20:33:38 re/_trace.py:47 close.started
DEBUG 2026-06-14 20:33:38 re/_trace.py:47 close.complete
INFO 2026-06-14 20:34:43 ot_train.py:459 step:28K smpl:20M ep:27K epch:548.18 loss:0.001 grdn:0.048 lr:3.4e-06 updt_s:3.619 data_s:0.659
WARNING 2026-06-14 20:34:43 db_utils.py:181 WandB logging of key "loss_per_dim" was ignored as its type "<class 'list'>" is not handled by this wrapper.
DEBUG 2026-06-14 20:37:19 re/_trace.py:47 close.started
DEBUG 2026-06-14 20:37:19 re/_trace.py:47 close.complete
DEBUG 2026-06-14 20:37:19 re/_trace.py:47 close.started
DEBUG 2026-06-14 20:37:19 re/_trace.py:47 close.complete
DEBUG 2026-06-14 20:37:19 re/_trace.py:47 close.started
DEBUG 2026-06-14 20:37:19 re/_trace.py:47 close.complete
DEBUG 2026-06-14 20:37:19 re/_trace.py:47 close.started
DEBUG 2026-06-14 20:37:19 re/_trace.py:47 close.complete
DEBUG 2026-06-14 20:37:19 re/_trace.py:47 close.started
DEBUG 2026-06-14 20:37:19 re/_trace.py:47 close.complete
DEBUG 2026-06-14 20:37:19 re/_trace.py:47 close.started
DEBUG 2026-06-14 20:37:19 re/_trace.py:47 close.complete
DEBUG 2026-06-14 20:37:19 re/_trace.py:47 close.started
DEBUG 2026-06-14 20:37:19 re/_trace.py:47 close.complete
DEBUG 2026-06-14 20:37:19 re/_trace.py:47 close.started
DEBUG 2026-06-14 20:37:19 re/_trace.py:47 close.complete
DEBUG 2026-06-14 20:37:19 re/_trace.py:47 close.started
DEBUG 2026-06-14 20:37:19 re/_trace.py:47 close.complete
DEBUG 2026-06-14 20:37:19 re/_trace.py:47 close.started
DEBUG 2026-06-14 20:37:19 re/_trace.py:47 close.complete
DEBUG 2026-06-14 20:41:01 re/_trace.py:47 close.started
DEBUG 2026-06-14 20:41:01 re/_trace.py:47 close.complete
DEBUG 2026-06-14 20:41:01 re/_trace.py:47 close.started
DEBUG 2026-06-14 20:41:01 re/_trace.py:47 close.complete
DEBUG 2026-06-14 20:41:01 re/_trace.py:47 close.started
DEBUG 2026-06-14 20:41:01 re/_trace.py:47 close.complete
DEBUG 2026-06-14 20:41:01 re/_trace.py:47 close.started
DEBUG 2026-06-14 20:41:01 re/_trace.py:47 close.complete
DEBUG 2026-06-14 20:41:01 re/_trace.py:47 close.started
DEBUG 2026-06-14 20:41:01 re/_trace.py:47 close.complete
DEBUG 2026-06-14 20:41:01 re/_trace.py:47 close.started
DEBUG 2026-06-14 20:41:01 re/_trace.py:47 close.complete
DEBUG 2026-06-14 20:41:01 re/_trace.py:47 close.started
DEBUG 2026-06-14 20:41:01 re/_trace.py:47 close.complete
DEBUG 2026-06-14 20:41:01 re/_trace.py:47 close.started
DEBUG 2026-06-14 20:41:01 re/_trace.py:47 close.complete
DEBUG 2026-06-14 20:41:01 re/_trace.py:47 close.started
DEBUG 2026-06-14 20:41:01 re/_trace.py:47 close.complete
DEBUG 2026-06-14 20:41:01 re/_trace.py:47 close.started
DEBUG 2026-06-14 20:41:01 re/_trace.py:47 close.complete
DEBUG 2026-06-14 20:44:43 re/_trace.py:47 close.started
DEBUG 2026-06-14 20:44:43 re/_trace.py:47 close.complete
DEBUG 2026-06-14 20:44:43 re/_trace.py:47 close.started
DEBUG 2026-06-14 20:44:43 re/_trace.py:47 close.complete
DEBUG 2026-06-14 20:44:43 re/_trace.py:47 close.started
DEBUG 2026-06-14 20:44:43 re/_trace.py:47 close.complete
DEBUG 2026-06-14 20:44:43 re/_trace.py:47 close.started
DEBUG 2026-06-14 20:44:43 re/_trace.py:47 close.complete
DEBUG 2026-06-14 20:44:43 re/_trace.py:47 close.started
DEBUG 2026-06-14 20:44:43 re/_trace.py:47 close.complete
DEBUG 2026-06-14 20:44:43 re/_trace.py:47 close.started
DEBUG 2026-06-14 20:44:43 re/_trace.py:47 close.complete
DEBUG 2026-06-14 20:44:43 re/_trace.py:47 close.started
DEBUG 2026-06-14 20:44:43 re/_trace.py:47 close.complete
DEBUG 2026-06-14 20:44:43 re/_trace.py:47 close.started
DEBUG 2026-06-14 20:44:43 re/_trace.py:47 close.complete
DEBUG 2026-06-14 20:44:43 re/_trace.py:47 close.started
DEBUG 2026-06-14 20:44:43 re/_trace.py:47 close.complete
DEBUG 2026-06-14 20:44:43 re/_trace.py:47 close.started
DEBUG 2026-06-14 20:44:43 re/_trace.py:47 close.complete
INFO 2026-06-14 20:48:26 ot_train.py:459 step:29K smpl:20M ep:28K epch:552.04 loss:0.001 grdn:0.050 lr:3.2e-06 updt_s:3.580 data_s:0.531
WARNING 2026-06-14 20:48:26 db_utils.py:181 WandB logging of key "loss_per_dim" was ignored as its type "<class 'list'>" is not handled by this wrapper.
DEBUG 2026-06-14 20:48:26 re/_trace.py:47 close.started
DEBUG 2026-06-14 20:48:26 re/_trace.py:47 close.complete
DEBUG 2026-06-14 20:48:26 re/_trace.py:47 close.started
DEBUG 2026-06-14 20:48:26 re/_trace.py:47 close.complete
DEBUG 2026-06-14 20:48:26 re/_trace.py:47 close.started
DEBUG 2026-06-14 20:48:26 re/_trace.py:47 close.complete
DEBUG 2026-06-14 20:48:26 re/_trace.py:47 close.started
DEBUG 2026-06-14 20:48:26 re/_trace.py:47 close.complete
DEBUG 2026-06-14 20:48:26 re/_trace.py:47 close.started
DEBUG 2026-06-14 20:48:26 re/_trace.py:47 close.complete
DEBUG 2026-06-14 20:48:26 re/_trace.py:47 close.started
DEBUG 2026-06-14 20:48:26 re/_trace.py:47 close.complete
DEBUG 2026-06-14 20:48:27 re/_trace.py:47 close.started
DEBUG 2026-06-14 20:48:27 re/_trace.py:47 close.complete
DEBUG 2026-06-14 20:48:27 re/_trace.py:47 close.started
DEBUG 2026-06-14 20:48:27 re/_trace.py:47 close.complete
DEBUG 2026-06-14 20:48:27 re/_trace.py:47 close.started
DEBUG 2026-06-14 20:48:27 re/_trace.py:47 close.complete
DEBUG 2026-06-14 20:48:27 re/_trace.py:47 close.started
DEBUG 2026-06-14 20:48:27 re/_trace.py:47 close.complete
DEBUG 2026-06-14 20:52:06 re/_trace.py:47 close.started
DEBUG 2026-06-14 20:52:06 re/_trace.py:47 close.complete
DEBUG 2026-06-14 20:52:06 re/_trace.py:47 close.started
DEBUG 2026-06-14 20:52:06 re/_trace.py:47 close.complete
DEBUG 2026-06-14 20:52:06 re/_trace.py:47 close.started
DEBUG 2026-06-14 20:52:06 re/_trace.py:47 close.complete
DEBUG 2026-06-14 20:52:06 re/_trace.py:47 close.started
DEBUG 2026-06-14 20:52:06 re/_trace.py:47 close.complete
DEBUG 2026-06-14 20:52:06 re/_trace.py:47 close.started
DEBUG 2026-06-14 20:52:06 re/_trace.py:47 close.complete
DEBUG 2026-06-14 20:52:06 re/_trace.py:47 close.started
DEBUG 2026-06-14 20:52:06 re/_trace.py:47 close.complete
DEBUG 2026-06-14 20:52:06 re/_trace.py:47 close.started
DEBUG 2026-06-14 20:52:06 re/_trace.py:47 close.complete
DEBUG 2026-06-14 20:52:07 re/_trace.py:47 close.started
DEBUG 2026-06-14 20:52:07 re/_trace.py:47 close.complete
DEBUG 2026-06-14 20:52:07 re/_trace.py:47 close.started
DEBUG 2026-06-14 20:52:07 re/_trace.py:47 close.complete
DEBUG 2026-06-14 20:52:07 re/_trace.py:47 close.started
DEBUG 2026-06-14 20:52:07 re/_trace.py:47 close.complete
DEBUG 2026-06-14 20:55:48 re/_trace.py:47 close.started
DEBUG 2026-06-14 20:55:48 re/_trace.py:47 close.complete
DEBUG 2026-06-14 20:55:48 re/_trace.py:47 close.started
DEBUG 2026-06-14 20:55:48 re/_trace.py:47 close.complete
DEBUG 2026-06-14 20:55:48 re/_trace.py:47 close.started
DEBUG 2026-06-14 20:55:48 re/_trace.py:47 close.complete
DEBUG 2026-06-14 20:55:48 re/_trace.py:47 close.started
DEBUG 2026-06-14 20:55:48 re/_trace.py:47 close.complete
DEBUG 2026-06-14 20:55:48 re/_trace.py:47 close.started
DEBUG 2026-06-14 20:55:48 re/_trace.py:47 close.complete
DEBUG 2026-06-14 20:55:48 re/_trace.py:47 close.started
DEBUG 2026-06-14 20:55:48 re/_trace.py:47 close.complete
DEBUG 2026-06-14 20:55:48 re/_trace.py:47 close.started
DEBUG 2026-06-14 20:55:48 re/_trace.py:47 close.complete
DEBUG 2026-06-14 20:55:48 re/_trace.py:47 close.started
DEBUG 2026-06-14 20:55:48 re/_trace.py:47 close.complete
DEBUG 2026-06-14 20:55:48 re/_trace.py:47 close.started
DEBUG 2026-06-14 20:55:48 re/_trace.py:47 close.complete
DEBUG 2026-06-14 20:55:48 re/_trace.py:47 close.started
DEBUG 2026-06-14 20:55:48 re/_trace.py:47 close.complete
DEBUG 2026-06-14 20:59:27 re/_trace.py:47 close.started
DEBUG 2026-06-14 20:59:27 re/_trace.py:47 close.complete
DEBUG 2026-06-14 20:59:27 re/_trace.py:47 close.started
DEBUG 2026-06-14 20:59:27 re/_trace.py:47 close.complete
DEBUG 2026-06-14 20:59:27 re/_trace.py:47 close.started
DEBUG 2026-06-14 20:59:27 re/_trace.py:47 close.complete
DEBUG 2026-06-14 20:59:27 re/_trace.py:47 close.started
DEBUG 2026-06-14 20:59:27 re/_trace.py:47 close.complete
DEBUG 2026-06-14 20:59:28 re/_trace.py:47 close.started
DEBUG 2026-06-14 20:59:28 re/_trace.py:47 close.complete
DEBUG 2026-06-14 20:59:28 re/_trace.py:47 close.started
DEBUG 2026-06-14 20:59:28 re/_trace.py:47 close.complete
DEBUG 2026-06-14 20:59:28 re/_trace.py:47 close.started
DEBUG 2026-06-14 20:59:28 re/_trace.py:47 close.complete
DEBUG 2026-06-14 20:59:28 re/_trace.py:47 close.started
DEBUG 2026-06-14 20:59:28 re/_trace.py:47 close.complete
DEBUG 2026-06-14 20:59:28 re/_trace.py:47 close.started
DEBUG 2026-06-14 20:59:28 re/_trace.py:47 close.complete
DEBUG 2026-06-14 20:59:28 re/_trace.py:47 close.started
DEBUG 2026-06-14 20:59:28 re/_trace.py:47 close.complete
INFO 2026-06-14 21:02:41 ot_train.py:459 step:29K smpl:20M ep:28K epch:555.90 loss:0.001 grdn:0.048 lr:3.0e-06 updt_s:3.616 data_s:0.656
WARNING 2026-06-14 21:02:41 db_utils.py:181 WandB logging of key "loss_per_dim" was ignored as its type "<class 'list'>" is not handled by this wrapper.
DEBUG 2026-06-14 21:03:10 re/_trace.py:47 close.started
DEBUG 2026-06-14 21:03:10 re/_trace.py:47 close.complete
DEBUG 2026-06-14 21:03:10 re/_trace.py:47 close.started
DEBUG 2026-06-14 21:03:10 re/_trace.py:47 close.complete
DEBUG 2026-06-14 21:03:10 re/_trace.py:47 close.started
DEBUG 2026-06-14 21:03:10 re/_trace.py:47 close.complete
DEBUG 2026-06-14 21:03:10 re/_trace.py:47 close.started
DEBUG 2026-06-14 21:03:10 re/_trace.py:47 close.complete
DEBUG 2026-06-14 21:03:10 re/_trace.py:47 close.started
DEBUG 2026-06-14 21:03:10 re/_trace.py:47 close.complete
DEBUG 2026-06-14 21:03:10 re/_trace.py:47 close.started
DEBUG 2026-06-14 21:03:10 re/_trace.py:47 close.complete
DEBUG 2026-06-14 21:03:10 re/_trace.py:47 close.started
DEBUG 2026-06-14 21:03:10 re/_trace.py:47 close.complete
DEBUG 2026-06-14 21:03:10 re/_trace.py:47 close.started
DEBUG 2026-06-14 21:03:10 re/_trace.py:47 close.complete
DEBUG 2026-06-14 21:03:10 re/_trace.py:47 close.started
DEBUG 2026-06-14 21:03:10 re/_trace.py:47 close.complete
DEBUG 2026-06-14 21:03:10 re/_trace.py:47 close.started
DEBUG 2026-06-14 21:03:10 re/_trace.py:47 close.complete
DEBUG 2026-06-14 21:06:52 re/_trace.py:47 close.started
DEBUG 2026-06-14 21:06:52 re/_trace.py:47 close.complete
DEBUG 2026-06-14 21:06:52 re/_trace.py:47 close.started
DEBUG 2026-06-14 21:06:52 re/_trace.py:47 close.complete
DEBUG 2026-06-14 21:06:52 re/_trace.py:47 close.started
DEBUG 2026-06-14 21:06:52 re/_trace.py:47 close.complete
DEBUG 2026-06-14 21:06:52 re/_trace.py:47 close.started
DEBUG 2026-06-14 21:06:52 re/_trace.py:47 close.complete
DEBUG 2026-06-14 21:06:52 re/_trace.py:47 close.started
DEBUG 2026-06-14 21:06:52 re/_trace.py:47 close.complete
DEBUG 2026-06-14 21:06:52 re/_trace.py:47 close.started
DEBUG 2026-06-14 21:06:52 re/_trace.py:47 close.complete
DEBUG 2026-06-14 21:06:52 re/_trace.py:47 close.started
DEBUG 2026-06-14 21:06:52 re/_trace.py:47 close.complete
DEBUG 2026-06-14 21:06:52 re/_trace.py:47 close.started
DEBUG 2026-06-14 21:06:52 re/_trace.py:47 close.complete
DEBUG 2026-06-14 21:06:52 re/_trace.py:47 close.started
DEBUG 2026-06-14 21:06:52 re/_trace.py:47 close.complete
DEBUG 2026-06-14 21:06:52 re/_trace.py:47 close.started
DEBUG 2026-06-14 21:06:52 re/_trace.py:47 close.complete
DEBUG 2026-06-14 21:10:31 re/_trace.py:47 close.started
DEBUG 2026-06-14 21:10:31 re/_trace.py:47 close.complete
DEBUG 2026-06-14 21:10:31 re/_trace.py:47 close.started
DEBUG 2026-06-14 21:10:31 re/_trace.py:47 close.complete
DEBUG 2026-06-14 21:10:31 re/_trace.py:47 close.started
DEBUG 2026-06-14 21:10:31 re/_trace.py:47 close.complete
DEBUG 2026-06-14 21:10:31 re/_trace.py:47 close.started
DEBUG 2026-06-14 21:10:31 re/_trace.py:47 close.complete
DEBUG 2026-06-14 21:10:31 re/_trace.py:47 close.started
DEBUG 2026-06-14 21:10:31 re/_trace.py:47 close.complete
DEBUG 2026-06-14 21:10:31 re/_trace.py:47 close.started
DEBUG 2026-06-14 21:10:31 re/_trace.py:47 close.complete
DEBUG 2026-06-14 21:10:31 re/_trace.py:47 close.started
DEBUG 2026-06-14 21:10:31 re/_trace.py:47 close.complete
DEBUG 2026-06-14 21:10:31 re/_trace.py:47 close.started
DEBUG 2026-06-14 21:10:31 re/_trace.py:47 close.complete
DEBUG 2026-06-14 21:10:32 re/_trace.py:47 close.started
DEBUG 2026-06-14 21:10:32 re/_trace.py:47 close.complete
DEBUG 2026-06-14 21:10:32 re/_trace.py:47 close.started
DEBUG 2026-06-14 21:10:32 re/_trace.py:47 close.complete
DEBUG 2026-06-14 21:14:13 re/_trace.py:47 close.started
DEBUG 2026-06-14 21:14:13 re/_trace.py:47 close.complete
DEBUG 2026-06-14 21:14:13 re/_trace.py:47 close.started
DEBUG 2026-06-14 21:14:13 re/_trace.py:47 close.complete
DEBUG 2026-06-14 21:14:14 re/_trace.py:47 close.started
DEBUG 2026-06-14 21:14:14 re/_trace.py:47 close.complete
DEBUG 2026-06-14 21:14:14 re/_trace.py:47 close.started
DEBUG 2026-06-14 21:14:14 re/_trace.py:47 close.complete
DEBUG 2026-06-14 21:14:14 re/_trace.py:47 close.started
DEBUG 2026-06-14 21:14:14 re/_trace.py:47 close.complete
DEBUG 2026-06-14 21:14:14 re/_trace.py:47 close.started
DEBUG 2026-06-14 21:14:14 re/_trace.py:47 close.complete
DEBUG 2026-06-14 21:14:14 re/_trace.py:47 close.started
DEBUG 2026-06-14 21:14:14 re/_trace.py:47 close.complete
DEBUG 2026-06-14 21:14:14 re/_trace.py:47 close.started
DEBUG 2026-06-14 21:14:14 re/_trace.py:47 close.complete
DEBUG 2026-06-14 21:14:14 re/_trace.py:47 close.started
DEBUG 2026-06-14 21:14:14 re/_trace.py:47 close.complete
DEBUG 2026-06-14 21:14:14 re/_trace.py:47 close.started
DEBUG 2026-06-14 21:14:14 re/_trace.py:47 close.complete
INFO 2026-06-14 21:16:59 ot_train.py:459 step:29K smpl:20M ep:28K epch:559.76 loss:0.001 grdn:0.049 lr:2.9e-06 updt_s:3.630 data_s:0.653
WARNING 2026-06-14 21:16:59 db_utils.py:181 WandB logging of key "loss_per_dim" was ignored as its type "<class 'list'>" is not handled by this wrapper.
DEBUG 2026-06-14 21:17:54 re/_trace.py:47 close.started
DEBUG 2026-06-14 21:17:54 re/_trace.py:47 close.complete
DEBUG 2026-06-14 21:17:54 re/_trace.py:47 close.started
DEBUG 2026-06-14 21:17:54 re/_trace.py:47 close.complete
DEBUG 2026-06-14 21:17:54 re/_trace.py:47 close.started
DEBUG 2026-06-14 21:17:54 re/_trace.py:47 close.complete
DEBUG 2026-06-14 21:17:54 re/_trace.py:47 close.started
DEBUG 2026-06-14 21:17:54 re/_trace.py:47 close.complete
DEBUG 2026-06-14 21:17:55 re/_trace.py:47 close.started
DEBUG 2026-06-14 21:17:55 re/_trace.py:47 close.complete
DEBUG 2026-06-14 21:17:55 re/_trace.py:47 close.started
DEBUG 2026-06-14 21:17:55 re/_trace.py:47 close.complete
DEBUG 2026-06-14 21:17:55 re/_trace.py:47 close.started
DEBUG 2026-06-14 21:17:55 re/_trace.py:47 close.complete
DEBUG 2026-06-14 21:17:55 re/_trace.py:47 close.started
DEBUG 2026-06-14 21:17:55 re/_trace.py:47 close.complete
DEBUG 2026-06-14 21:17:55 re/_trace.py:47 close.started
DEBUG 2026-06-14 21:17:55 re/_trace.py:47 close.complete
DEBUG 2026-06-14 21:17:55 re/_trace.py:47 close.started
DEBUG 2026-06-14 21:17:55 re/_trace.py:47 close.complete
DEBUG 2026-06-14 21:21:35 re/_trace.py:47 close.started
DEBUG 2026-06-14 21:21:35 re/_trace.py:47 close.complete
DEBUG 2026-06-14 21:21:35 re/_trace.py:47 close.started
DEBUG 2026-06-14 21:21:35 re/_trace.py:47 close.complete
DEBUG 2026-06-14 21:21:36 re/_trace.py:47 close.started
DEBUG 2026-06-14 21:21:36 re/_trace.py:47 close.complete
DEBUG 2026-06-14 21:21:36 re/_trace.py:47 close.started
DEBUG 2026-06-14 21:21:36 re/_trace.py:47 close.complete
DEBUG 2026-06-14 21:21:36 re/_trace.py:47 close.started
DEBUG 2026-06-14 21:21:36 re/_trace.py:47 close.complete
DEBUG 2026-06-14 21:21:36 re/_trace.py:47 close.started
DEBUG 2026-06-14 21:21:36 re/_trace.py:47 close.complete
DEBUG 2026-06-14 21:21:36 re/_trace.py:47 close.started
DEBUG 2026-06-14 21:21:36 re/_trace.py:47 close.complete
DEBUG 2026-06-14 21:21:36 re/_trace.py:47 close.started
DEBUG 2026-06-14 21:21:36 re/_trace.py:47 close.complete
DEBUG 2026-06-14 21:21:36 re/_trace.py:47 close.started
DEBUG 2026-06-14 21:21:36 re/_trace.py:47 close.complete
DEBUG 2026-06-14 21:21:36 re/_trace.py:47 close.started
DEBUG 2026-06-14 21:21:36 re/_trace.py:47 close.complete
DEBUG 2026-06-14 21:25:17 re/_trace.py:47 close.started
DEBUG 2026-06-14 21:25:17 re/_trace.py:47 close.complete
DEBUG 2026-06-14 21:25:17 re/_trace.py:47 close.started
DEBUG 2026-06-14 21:25:17 re/_trace.py:47 close.complete
DEBUG 2026-06-14 21:25:17 re/_trace.py:47 close.started
DEBUG 2026-06-14 21:25:17 re/_trace.py:47 close.complete
DEBUG 2026-06-14 21:25:17 re/_trace.py:47 close.started
DEBUG 2026-06-14 21:25:17 re/_trace.py:47 close.complete
DEBUG 2026-06-14 21:25:17 re/_trace.py:47 close.started
DEBUG 2026-06-14 21:25:17 re/_trace.py:47 close.complete
DEBUG 2026-06-14 21:25:17 re/_trace.py:47 close.started
DEBUG 2026-06-14 21:25:17 re/_trace.py:47 close.complete
DEBUG 2026-06-14 21:25:18 re/_trace.py:47 close.started
DEBUG 2026-06-14 21:25:18 re/_trace.py:47 close.complete
DEBUG 2026-06-14 21:25:18 re/_trace.py:47 close.started
DEBUG 2026-06-14 21:25:18 re/_trace.py:47 close.complete
DEBUG 2026-06-14 21:25:18 re/_trace.py:47 close.started
DEBUG 2026-06-14 21:25:18 re/_trace.py:47 close.complete
DEBUG 2026-06-14 21:25:18 re/_trace.py:47 close.started
DEBUG 2026-06-14 21:25:18 re/_trace.py:47 close.complete
DEBUG 2026-06-14 21:28:59 re/_trace.py:47 close.started
DEBUG 2026-06-14 21:28:59 re/_trace.py:47 close.complete
DEBUG 2026-06-14 21:28:59 re/_trace.py:47 close.started
DEBUG 2026-06-14 21:28:59 re/_trace.py:47 close.complete
DEBUG 2026-06-14 21:28:59 re/_trace.py:47 close.started
DEBUG 2026-06-14 21:28:59 re/_trace.py:47 close.complete
DEBUG 2026-06-14 21:28:59 re/_trace.py:47 close.started
DEBUG 2026-06-14 21:28:59 re/_trace.py:47 close.complete
DEBUG 2026-06-14 21:28:59 re/_trace.py:47 close.started
DEBUG 2026-06-14 21:28:59 re/_trace.py:47 close.complete
DEBUG 2026-06-14 21:28:59 re/_trace.py:47 close.started
DEBUG 2026-06-14 21:28:59 re/_trace.py:47 close.complete
DEBUG 2026-06-14 21:28:59 re/_trace.py:47 close.started
DEBUG 2026-06-14 21:28:59 re/_trace.py:47 close.complete
DEBUG 2026-06-14 21:28:59 re/_trace.py:47 close.started
DEBUG 2026-06-14 21:28:59 re/_trace.py:47 close.complete
DEBUG 2026-06-14 21:28:59 re/_trace.py:47 close.started
DEBUG 2026-06-14 21:28:59 re/_trace.py:47 close.complete
DEBUG 2026-06-14 21:28:59 re/_trace.py:47 close.started
DEBUG 2026-06-14 21:28:59 re/_trace.py:47 close.complete
INFO 2026-06-14 21:31:18 ot_train.py:459 step:29K smpl:21M ep:28K epch:563.62 loss:0.001 grdn:0.047 lr:2.8e-06 updt_s:3.621 data_s:0.670
WARNING 2026-06-14 21:31:18 db_utils.py:181 WandB logging of key "loss_per_dim" was ignored as its type "<class 'list'>" is not handled by this wrapper.
DEBUG 2026-06-14 21:32:41 re/_trace.py:47 close.started
DEBUG 2026-06-14 21:32:41 re/_trace.py:47 close.complete
DEBUG 2026-06-14 21:32:41 re/_trace.py:47 close.started
DEBUG 2026-06-14 21:32:41 re/_trace.py:47 close.complete
DEBUG 2026-06-14 21:32:41 re/_trace.py:47 close.started
DEBUG 2026-06-14 21:32:41 re/_trace.py:47 close.complete
DEBUG 2026-06-14 21:32:41 re/_trace.py:47 close.started
DEBUG 2026-06-14 21:32:41 re/_trace.py:47 close.complete
DEBUG 2026-06-14 21:32:41 re/_trace.py:47 close.started
DEBUG 2026-06-14 21:32:41 re/_trace.py:47 close.complete
DEBUG 2026-06-14 21:32:41 re/_trace.py:47 close.started
DEBUG 2026-06-14 21:32:41 re/_trace.py:47 close.complete
DEBUG 2026-06-14 21:32:41 re/_trace.py:47 close.started
DEBUG 2026-06-14 21:32:41 re/_trace.py:47 close.complete
DEBUG 2026-06-14 21:32:41 re/_trace.py:47 close.started
DEBUG 2026-06-14 21:32:41 re/_trace.py:47 close.complete
DEBUG 2026-06-14 21:32:41 re/_trace.py:47 close.started
DEBUG 2026-06-14 21:32:41 re/_trace.py:47 close.complete
DEBUG 2026-06-14 21:32:41 re/_trace.py:47 close.started
DEBUG 2026-06-14 21:32:41 re/_trace.py:47 close.complete
DEBUG 2026-06-14 21:36:20 re/_trace.py:47 close.started
DEBUG 2026-06-14 21:36:20 re/_trace.py:47 close.complete
DEBUG 2026-06-14 21:36:20 re/_trace.py:47 close.started
DEBUG 2026-06-14 21:36:20 re/_trace.py:47 close.complete
DEBUG 2026-06-14 21:36:20 re/_trace.py:47 close.started
DEBUG 2026-06-14 21:36:20 re/_trace.py:47 close.complete
DEBUG 2026-06-14 21:36:20 re/_trace.py:47 close.started
DEBUG 2026-06-14 21:36:20 re/_trace.py:47 close.complete
DEBUG 2026-06-14 21:36:20 re/_trace.py:47 close.started
DEBUG 2026-06-14 21:36:20 re/_trace.py:47 close.complete
DEBUG 2026-06-14 21:36:20 re/_trace.py:47 close.started
DEBUG 2026-06-14 21:36:20 re/_trace.py:47 close.complete
DEBUG 2026-06-14 21:36:20 re/_trace.py:47 close.started
DEBUG 2026-06-14 21:36:20 re/_trace.py:47 close.complete
DEBUG 2026-06-14 21:36:20 re/_trace.py:47 close.started
DEBUG 2026-06-14 21:36:20 re/_trace.py:47 close.complete
DEBUG 2026-06-14 21:36:20 re/_trace.py:47 close.started
DEBUG 2026-06-14 21:36:20 re/_trace.py:47 close.complete
DEBUG 2026-06-14 21:36:20 re/_trace.py:47 close.started
DEBUG 2026-06-14 21:36:20 re/_trace.py:47 close.complete
DEBUG 2026-06-14 21:39:59 re/_trace.py:47 close.started
DEBUG 2026-06-14 21:39:59 re/_trace.py:47 close.complete
DEBUG 2026-06-14 21:39:59 re/_trace.py:47 close.started
DEBUG 2026-06-14 21:39:59 re/_trace.py:47 close.complete
DEBUG 2026-06-14 21:39:59 re/_trace.py:47 close.started
DEBUG 2026-06-14 21:39:59 re/_trace.py:47 close.complete
DEBUG 2026-06-14 21:39:59 re/_trace.py:47 close.started
DEBUG 2026-06-14 21:39:59 re/_trace.py:47 close.complete
DEBUG 2026-06-14 21:39:59 re/_trace.py:47 close.started
DEBUG 2026-06-14 21:39:59 re/_trace.py:47 close.complete
DEBUG 2026-06-14 21:39:59 re/_trace.py:47 close.started
DEBUG 2026-06-14 21:39:59 re/_trace.py:47 close.complete
DEBUG 2026-06-14 21:39:59 re/_trace.py:47 close.started
DEBUG 2026-06-14 21:39:59 re/_trace.py:47 close.complete
DEBUG 2026-06-14 21:39:59 re/_trace.py:47 close.started
DEBUG 2026-06-14 21:39:59 re/_trace.py:47 close.complete
DEBUG 2026-06-14 21:39:59 re/_trace.py:47 close.started
DEBUG 2026-06-14 21:39:59 re/_trace.py:47 close.complete
DEBUG 2026-06-14 21:39:59 re/_trace.py:47 close.started
DEBUG 2026-06-14 21:39:59 re/_trace.py:47 close.complete
DEBUG 2026-06-14 21:43:40 re/_trace.py:47 close.started
DEBUG 2026-06-14 21:43:40 re/_trace.py:47 close.complete
DEBUG 2026-06-14 21:43:40 re/_trace.py:47 close.started
DEBUG 2026-06-14 21:43:40 re/_trace.py:47 close.complete
DEBUG 2026-06-14 21:43:40 re/_trace.py:47 close.started
DEBUG 2026-06-14 21:43:40 re/_trace.py:47 close.complete
DEBUG 2026-06-14 21:43:40 re/_trace.py:47 close.started
DEBUG 2026-06-14 21:43:40 re/_trace.py:47 close.complete
DEBUG 2026-06-14 21:43:40 re/_trace.py:47 close.started
DEBUG 2026-06-14 21:43:40 re/_trace.py:47 close.complete
DEBUG 2026-06-14 21:43:40 re/_trace.py:47 close.started
DEBUG 2026-06-14 21:43:40 re/_trace.py:47 close.complete
DEBUG 2026-06-14 21:43:40 re/_trace.py:47 close.started
DEBUG 2026-06-14 21:43:40 re/_trace.py:47 close.complete
DEBUG 2026-06-14 21:43:40 re/_trace.py:47 close.started
DEBUG 2026-06-14 21:43:40 re/_trace.py:47 close.complete
DEBUG 2026-06-14 21:43:40 re/_trace.py:47 close.started
DEBUG 2026-06-14 21:43:40 re/_trace.py:47 close.complete
DEBUG 2026-06-14 21:43:40 re/_trace.py:47 close.started
DEBUG 2026-06-14 21:43:40 re/_trace.py:47 close.complete
INFO 2026-06-14 21:45:29 ot_train.py:459 step:29K smpl:21M ep:28K epch:567.48 loss:0.001 grdn:0.045 lr:2.7e-06 updt_s:3.563 data_s:0.687
WARNING 2026-06-14 21:45:29 db_utils.py:181 WandB logging of key "loss_per_dim" was ignored as its type "<class 'list'>" is not handled by this wrapper.
DEBUG 2026-06-14 21:47:21 re/_trace.py:47 close.started
DEBUG 2026-06-14 21:47:21 re/_trace.py:47 close.complete
DEBUG 2026-06-14 21:47:21 re/_trace.py:47 close.started
DEBUG 2026-06-14 21:47:21 re/_trace.py:47 close.complete
DEBUG 2026-06-14 21:47:21 re/_trace.py:47 close.started
DEBUG 2026-06-14 21:47:21 re/_trace.py:47 close.complete
DEBUG 2026-06-14 21:47:21 re/_trace.py:47 close.started
DEBUG 2026-06-14 21:47:21 re/_trace.py:47 close.complete
DEBUG 2026-06-14 21:47:21 re/_trace.py:47 close.started
DEBUG 2026-06-14 21:47:21 re/_trace.py:47 close.complete
DEBUG 2026-06-14 21:47:21 re/_trace.py:47 close.started
DEBUG 2026-06-14 21:47:21 re/_trace.py:47 close.complete
DEBUG 2026-06-14 21:47:21 re/_trace.py:47 close.started
DEBUG 2026-06-14 21:47:21 re/_trace.py:47 close.complete
DEBUG 2026-06-14 21:47:21 re/_trace.py:47 close.started
DEBUG 2026-06-14 21:47:21 re/_trace.py:47 close.complete
DEBUG 2026-06-14 21:47:21 re/_trace.py:47 close.started
DEBUG 2026-06-14 21:47:21 re/_trace.py:47 close.complete
DEBUG 2026-06-14 21:47:21 re/_trace.py:47 close.started
DEBUG 2026-06-14 21:47:21 re/_trace.py:47 close.complete
DEBUG 2026-06-14 21:51:00 re/_trace.py:47 close.started
DEBUG 2026-06-14 21:51:00 re/_trace.py:47 close.complete
DEBUG 2026-06-14 21:51:00 re/_trace.py:47 close.started
DEBUG 2026-06-14 21:51:00 re/_trace.py:47 close.complete
DEBUG 2026-06-14 21:51:00 re/_trace.py:47 close.started
DEBUG 2026-06-14 21:51:00 re/_trace.py:47 close.complete
DEBUG 2026-06-14 21:51:00 re/_trace.py:47 close.started
DEBUG 2026-06-14 21:51:00 re/_trace.py:47 close.complete
DEBUG 2026-06-14 21:51:00 re/_trace.py:47 close.started
DEBUG 2026-06-14 21:51:00 re/_trace.py:47 close.complete
DEBUG 2026-06-14 21:51:00 re/_trace.py:47 close.started
DEBUG 2026-06-14 21:51:00 re/_trace.py:47 close.complete
DEBUG 2026-06-14 21:51:00 re/_trace.py:47 close.started
DEBUG 2026-06-14 21:51:00 re/_trace.py:47 close.complete
DEBUG 2026-06-14 21:51:01 re/_trace.py:47 close.started
DEBUG 2026-06-14 21:51:01 re/_trace.py:47 close.complete
DEBUG 2026-06-14 21:51:01 re/_trace.py:47 close.started
DEBUG 2026-06-14 21:51:01 re/_trace.py:47 close.complete
DEBUG 2026-06-14 21:51:01 re/_trace.py:47 close.started
DEBUG 2026-06-14 21:51:01 re/_trace.py:47 close.complete
DEBUG 2026-06-14 21:54:39 re/_trace.py:47 close.started
DEBUG 2026-06-14 21:54:39 re/_trace.py:47 close.complete
DEBUG 2026-06-14 21:54:39 re/_trace.py:47 close.started
DEBUG 2026-06-14 21:54:39 re/_trace.py:47 close.complete
DEBUG 2026-06-14 21:54:40 re/_trace.py:47 close.started
DEBUG 2026-06-14 21:54:40 re/_trace.py:47 close.complete
DEBUG 2026-06-14 21:54:40 re/_trace.py:47 close.started
DEBUG 2026-06-14 21:54:40 re/_trace.py:47 close.complete
DEBUG 2026-06-14 21:54:40 re/_trace.py:47 close.started
DEBUG 2026-06-14 21:54:40 re/_trace.py:47 close.complete
DEBUG 2026-06-14 21:54:40 re/_trace.py:47 close.started
DEBUG 2026-06-14 21:54:40 re/_trace.py:47 close.complete
DEBUG 2026-06-14 21:54:40 re/_trace.py:47 close.started
DEBUG 2026-06-14 21:54:40 re/_trace.py:47 close.complete
DEBUG 2026-06-14 21:54:40 re/_trace.py:47 close.started
DEBUG 2026-06-14 21:54:40 re/_trace.py:47 close.complete
DEBUG 2026-06-14 21:54:40 re/_trace.py:47 close.started
DEBUG 2026-06-14 21:54:40 re/_trace.py:47 close.complete
DEBUG 2026-06-14 21:54:40 re/_trace.py:47 close.started
DEBUG 2026-06-14 21:54:40 re/_trace.py:47 close.complete
DEBUG 2026-06-14 21:58:22 re/_trace.py:47 close.started
DEBUG 2026-06-14 21:58:22 re/_trace.py:47 close.complete
DEBUG 2026-06-14 21:58:22 re/_trace.py:47 close.started
DEBUG 2026-06-14 21:58:22 re/_trace.py:47 close.complete
DEBUG 2026-06-14 21:58:22 re/_trace.py:47 close.started
DEBUG 2026-06-14 21:58:22 re/_trace.py:47 close.complete
DEBUG 2026-06-14 21:58:22 re/_trace.py:47 close.started
DEBUG 2026-06-14 21:58:22 re/_trace.py:47 close.complete
DEBUG 2026-06-14 21:58:22 re/_trace.py:47 close.started
DEBUG 2026-06-14 21:58:22 re/_trace.py:47 close.complete
DEBUG 2026-06-14 21:58:22 re/_trace.py:47 close.started
DEBUG 2026-06-14 21:58:22 re/_trace.py:47 close.complete
DEBUG 2026-06-14 21:58:22 re/_trace.py:47 close.started
DEBUG 2026-06-14 21:58:22 re/_trace.py:47 close.complete
DEBUG 2026-06-14 21:58:22 re/_trace.py:47 close.started
DEBUG 2026-06-14 21:58:22 re/_trace.py:47 close.complete
DEBUG 2026-06-14 21:58:22 re/_trace.py:47 close.started
DEBUG 2026-06-14 21:58:22 re/_trace.py:47 close.complete
DEBUG 2026-06-14 21:58:22 re/_trace.py:47 close.started
DEBUG 2026-06-14 21:58:22 re/_trace.py:47 close.complete
INFO 2026-06-14 21:59:37 ot_train.py:459 step:30K smpl:21M ep:29K epch:571.34 loss:0.001 grdn:0.048 lr:2.6e-06 updt_s:3.581 data_s:0.660
WARNING 2026-06-14 21:59:37 db_utils.py:181 WandB logging of key "loss_per_dim" was ignored as its type "<class 'list'>" is not handled by this wrapper.
DEBUG 2026-06-14 22:02:00 re/_trace.py:47 close.started
DEBUG 2026-06-14 22:02:00 re/_trace.py:47 close.complete
DEBUG 2026-06-14 22:02:00 re/_trace.py:47 close.started
DEBUG 2026-06-14 22:02:00 re/_trace.py:47 close.complete
DEBUG 2026-06-14 22:02:00 re/_trace.py:47 close.started
DEBUG 2026-06-14 22:02:00 re/_trace.py:47 close.complete
DEBUG 2026-06-14 22:02:00 re/_trace.py:47 close.started
DEBUG 2026-06-14 22:02:00 re/_trace.py:47 close.complete
DEBUG 2026-06-14 22:02:00 re/_trace.py:47 close.started
DEBUG 2026-06-14 22:02:00 re/_trace.py:47 close.complete
DEBUG 2026-06-14 22:02:00 re/_trace.py:47 close.started
DEBUG 2026-06-14 22:02:00 re/_trace.py:47 close.complete
DEBUG 2026-06-14 22:02:00 re/_trace.py:47 close.started
DEBUG 2026-06-14 22:02:00 re/_trace.py:47 close.complete
DEBUG 2026-06-14 22:02:00 re/_trace.py:47 close.started
DEBUG 2026-06-14 22:02:00 re/_trace.py:47 close.complete
DEBUG 2026-06-14 22:02:00 re/_trace.py:47 close.started
DEBUG 2026-06-14 22:02:00 re/_trace.py:47 close.complete
DEBUG 2026-06-14 22:02:00 re/_trace.py:47 close.started
DEBUG 2026-06-14 22:02:00 re/_trace.py:47 close.complete
DEBUG 2026-06-14 22:05:41 re/_trace.py:47 close.started
DEBUG 2026-06-14 22:05:41 re/_trace.py:47 close.complete
DEBUG 2026-06-14 22:05:41 re/_trace.py:47 close.started
DEBUG 2026-06-14 22:05:41 re/_trace.py:47 close.complete
DEBUG 2026-06-14 22:05:41 re/_trace.py:47 close.started
DEBUG 2026-06-14 22:05:41 re/_trace.py:47 close.complete
DEBUG 2026-06-14 22:05:41 re/_trace.py:47 close.started
DEBUG 2026-06-14 22:05:41 re/_trace.py:47 close.complete
DEBUG 2026-06-14 22:05:41 re/_trace.py:47 close.started
DEBUG 2026-06-14 22:05:41 re/_trace.py:47 close.complete
DEBUG 2026-06-14 22:05:41 re/_trace.py:47 close.started
DEBUG 2026-06-14 22:05:41 re/_trace.py:47 close.complete
DEBUG 2026-06-14 22:05:41 re/_trace.py:47 close.started
DEBUG 2026-06-14 22:05:41 re/_trace.py:47 close.complete
DEBUG 2026-06-14 22:05:41 re/_trace.py:47 close.started
DEBUG 2026-06-14 22:05:41 re/_trace.py:47 close.complete
DEBUG 2026-06-14 22:05:41 re/_trace.py:47 close.started
DEBUG 2026-06-14 22:05:41 re/_trace.py:47 close.complete
DEBUG 2026-06-14 22:05:41 re/_trace.py:47 close.started
DEBUG 2026-06-14 22:05:41 re/_trace.py:47 close.complete
DEBUG 2026-06-14 22:09:22 re/_trace.py:47 close.started
DEBUG 2026-06-14 22:09:22 re/_trace.py:47 close.complete
DEBUG 2026-06-14 22:09:22 re/_trace.py:47 close.started
DEBUG 2026-06-14 22:09:22 re/_trace.py:47 close.complete
DEBUG 2026-06-14 22:09:22 re/_trace.py:47 close.started
DEBUG 2026-06-14 22:09:22 re/_trace.py:47 close.complete
DEBUG 2026-06-14 22:09:22 re/_trace.py:47 close.started
DEBUG 2026-06-14 22:09:22 re/_trace.py:47 close.complete
DEBUG 2026-06-14 22:09:22 re/_trace.py:47 close.started
DEBUG 2026-06-14 22:09:22 re/_trace.py:47 close.complete
DEBUG 2026-06-14 22:09:22 re/_trace.py:47 close.started
DEBUG 2026-06-14 22:09:22 re/_trace.py:47 close.complete
DEBUG 2026-06-14 22:09:22 re/_trace.py:47 close.started
DEBUG 2026-06-14 22:09:22 re/_trace.py:47 close.complete
DEBUG 2026-06-14 22:09:22 re/_trace.py:47 close.started
DEBUG 2026-06-14 22:09:22 re/_trace.py:47 close.complete
DEBUG 2026-06-14 22:09:22 re/_trace.py:47 close.started
DEBUG 2026-06-14 22:09:22 re/_trace.py:47 close.complete
DEBUG 2026-06-14 22:09:22 re/_trace.py:47 close.started
DEBUG 2026-06-14 22:09:22 re/_trace.py:47 close.complete
DEBUG 2026-06-14 22:13:03 re/_trace.py:47 close.started
DEBUG 2026-06-14 22:13:03 re/_trace.py:47 close.complete
DEBUG 2026-06-14 22:13:03 re/_trace.py:47 close.started
DEBUG 2026-06-14 22:13:03 re/_trace.py:47 close.complete
DEBUG 2026-06-14 22:13:03 re/_trace.py:47 close.started
DEBUG 2026-06-14 22:13:03 re/_trace.py:47 close.complete
DEBUG 2026-06-14 22:13:03 re/_trace.py:47 close.started
DEBUG 2026-06-14 22:13:03 re/_trace.py:47 close.complete
DEBUG 2026-06-14 22:13:03 re/_trace.py:47 close.started
DEBUG 2026-06-14 22:13:03 re/_trace.py:47 close.complete
DEBUG 2026-06-14 22:13:03 re/_trace.py:47 close.started
DEBUG 2026-06-14 22:13:03 re/_trace.py:47 close.complete
DEBUG 2026-06-14 22:13:03 re/_trace.py:47 close.started
DEBUG 2026-06-14 22:13:03 re/_trace.py:47 close.complete
DEBUG 2026-06-14 22:13:03 re/_trace.py:47 close.started
DEBUG 2026-06-14 22:13:03 re/_trace.py:47 close.complete
DEBUG 2026-06-14 22:13:03 re/_trace.py:47 close.started
DEBUG 2026-06-14 22:13:03 re/_trace.py:47 close.complete
DEBUG 2026-06-14 22:13:03 re/_trace.py:47 close.started
DEBUG 2026-06-14 22:13:03 re/_trace.py:47 close.complete
INFO 2026-06-14 22:13:51 ot_train.py:459 step:30K smpl:21M ep:29K epch:575.20 loss:0.001 grdn:0.045 lr:2.5e-06 updt_s:3.610 data_s:0.656
WARNING 2026-06-14 22:13:51 db_utils.py:181 WandB logging of key "loss_per_dim" was ignored as its type "<class 'list'>" is not handled by this wrapper.
DEBUG 2026-06-14 22:16:43 re/_trace.py:47 close.started
DEBUG 2026-06-14 22:16:43 re/_trace.py:47 close.complete
DEBUG 2026-06-14 22:16:43 re/_trace.py:47 close.started
DEBUG 2026-06-14 22:16:43 re/_trace.py:47 close.complete
DEBUG 2026-06-14 22:16:43 re/_trace.py:47 close.started
DEBUG 2026-06-14 22:16:43 re/_trace.py:47 close.complete
DEBUG 2026-06-14 22:16:43 re/_trace.py:47 close.started
DEBUG 2026-06-14 22:16:43 re/_trace.py:47 close.complete
DEBUG 2026-06-14 22:16:43 re/_trace.py:47 close.started
DEBUG 2026-06-14 22:16:43 re/_trace.py:47 close.complete
DEBUG 2026-06-14 22:16:43 re/_trace.py:47 close.started
DEBUG 2026-06-14 22:16:43 re/_trace.py:47 close.complete
DEBUG 2026-06-14 22:16:43 re/_trace.py:47 close.started
DEBUG 2026-06-14 22:16:43 re/_trace.py:47 close.complete
DEBUG 2026-06-14 22:16:43 re/_trace.py:47 close.started
DEBUG 2026-06-14 22:16:43 re/_trace.py:47 close.complete
DEBUG 2026-06-14 22:16:43 re/_trace.py:47 close.started
DEBUG 2026-06-14 22:16:43 re/_trace.py:47 close.complete
DEBUG 2026-06-14 22:16:44 re/_trace.py:47 close.started
DEBUG 2026-06-14 22:16:44 re/_trace.py:47 close.complete
DEBUG 2026-06-14 22:20:24 re/_trace.py:47 close.started
DEBUG 2026-06-14 22:20:24 re/_trace.py:47 close.complete
DEBUG 2026-06-14 22:20:24 re/_trace.py:47 close.started
DEBUG 2026-06-14 22:20:24 re/_trace.py:47 close.complete
DEBUG 2026-06-14 22:20:24 re/_trace.py:47 close.started
DEBUG 2026-06-14 22:20:24 re/_trace.py:47 close.complete
DEBUG 2026-06-14 22:20:24 re/_trace.py:47 close.started
DEBUG 2026-06-14 22:20:24 re/_trace.py:47 close.complete
DEBUG 2026-06-14 22:20:24 re/_trace.py:47 close.started
DEBUG 2026-06-14 22:20:24 re/_trace.py:47 close.complete
DEBUG 2026-06-14 22:20:24 re/_trace.py:47 close.started
DEBUG 2026-06-14 22:20:24 re/_trace.py:47 close.complete
DEBUG 2026-06-14 22:20:24 re/_trace.py:47 close.started
DEBUG 2026-06-14 22:20:24 re/_trace.py:47 close.complete
DEBUG 2026-06-14 22:20:24 re/_trace.py:47 close.started
DEBUG 2026-06-14 22:20:24 re/_trace.py:47 close.complete
DEBUG 2026-06-14 22:20:24 re/_trace.py:47 close.started
DEBUG 2026-06-14 22:20:24 re/_trace.py:47 close.complete
DEBUG 2026-06-14 22:20:24 re/_trace.py:47 close.started
DEBUG 2026-06-14 22:20:24 re/_trace.py:47 close.complete
DEBUG 2026-06-14 22:24:06 re/_trace.py:47 close.started
DEBUG 2026-06-14 22:24:06 re/_trace.py:47 close.complete
DEBUG 2026-06-14 22:24:06 re/_trace.py:47 close.started
DEBUG 2026-06-14 22:24:06 re/_trace.py:47 close.complete
DEBUG 2026-06-14 22:24:06 re/_trace.py:47 close.started
DEBUG 2026-06-14 22:24:06 re/_trace.py:47 close.complete
DEBUG 2026-06-14 22:24:06 re/_trace.py:47 close.started
DEBUG 2026-06-14 22:24:06 re/_trace.py:47 close.complete
DEBUG 2026-06-14 22:24:06 re/_trace.py:47 close.started
DEBUG 2026-06-14 22:24:06 re/_trace.py:47 close.complete
DEBUG 2026-06-14 22:24:06 re/_trace.py:47 close.started
DEBUG 2026-06-14 22:24:06 re/_trace.py:47 close.complete
DEBUG 2026-06-14 22:24:06 re/_trace.py:47 close.started
DEBUG 2026-06-14 22:24:06 re/_trace.py:47 close.complete
DEBUG 2026-06-14 22:24:06 re/_trace.py:47 close.started
DEBUG 2026-06-14 22:24:06 re/_trace.py:47 close.complete
DEBUG 2026-06-14 22:24:06 re/_trace.py:47 close.started
DEBUG 2026-06-14 22:24:06 re/_trace.py:47 close.complete
DEBUG 2026-06-14 22:24:06 re/_trace.py:47 close.started
DEBUG 2026-06-14 22:24:06 re/_trace.py:47 close.complete
INFO 2026-06-14 22:27:33 ot_train.py:459 step:30K smpl:21M ep:29K epch:579.06 loss:0.001 grdn:0.047 lr:2.5e-06 updt_s:3.584 data_s:0.521
WARNING 2026-06-14 22:27:33 db_utils.py:181 WandB logging of key "loss_per_dim" was ignored as its type "<class 'list'>" is not handled by this wrapper.
INFO 2026-06-14 22:27:33 ot_train.py:479 Checkpoint policy after step 30000
DEBUG 2026-06-14 22:28:04 tionpool.py:289 Resetting dropped connection: api.wandb.ai
DEBUG 2026-06-14 22:28:05 tionpool.py:544 https://api.wandb.ai:443 "POST /graphql HTTP/1.1" 200 None
INFO 2026-06-14 22:28:05 ot_train.py:553 End of training
DEBUG 2026-06-14 22:28:05 re/_trace.py:47 close.started
DEBUG 2026-06-14 22:28:05 re/_trace.py:47 close.complete
DEBUG 2026-06-14 22:28:05 re/_trace.py:47 connect_tcp.started host='huggingface.co' port=443 local_address=None timeout=None socket_options=None
DEBUG 2026-06-14 22:28:05 re/_trace.py:47 connect_tcp.complete return_value=<httpcore._backends.sync.SyncStream object at 0x702251532cc0>
DEBUG 2026-06-14 22:28:05 re/_trace.py:47 start_tls.started ssl_context=<ssl.SSLContext object at 0x70273ff3f6d0> server_hostname='huggingface.co' timeout=None
DEBUG 2026-06-14 22:28:05 re/_trace.py:47 start_tls.complete return_value=<httpcore._backends.sync.SyncStream object at 0x7022519d7d10>
DEBUG 2026-06-14 22:28:05 re/_trace.py:47 send_request_headers.started request=<Request [b'POST']>
DEBUG 2026-06-14 22:28:05 re/_trace.py:47 send_request_headers.complete
DEBUG 2026-06-14 22:28:05 re/_trace.py:47 send_request_body.started request=<Request [b'POST']>
DEBUG 2026-06-14 22:28:05 re/_trace.py:47 send_request_body.complete
DEBUG 2026-06-14 22:28:05 re/_trace.py:47 receive_response_headers.started request=<Request [b'POST']>
DEBUG 2026-06-14 22:28:39 re/_trace.py:47 receive_response_headers.complete return_value=(b'HTTP/1.1', 200, b'OK', [(b'Content-Type', b'application/json; charset=utf-8'), (b'Content-Length', b'277'), (b'Connection', b'keep-alive'), (b'Date', b'Sun, 14 Jun 2026 13:28:39 GMT'), (b'ETag', b'W/"115-rHuu0SPrPRcLj9aNQWT4prGcgT0"'), (b'X-Powered-By', b'huggingface-moon'), (b'X-Request-Id', b'Root=1-6a2eac65-7568e01b6e9b8047196afab4;0c1bff05-64dd-477e-a699-a54e121e375e'), (b'RateLimit', b'"api";r=995;t=37'), (b'RateLimit-Policy', b'"fixed window";"api";q=1000;w=300'), (b'cross-origin-opener-policy', b'same-origin'), (b'Referrer-Policy', b'strict-origin-when-cross-origin'), (b'Access-Control-Max-Age', b'86400'), (b'Access-Control-Allow-Origin', b'https://huggingface.co'), (b'Vary', b'Origin'), (b'Access-Control-Expose-Headers', b'X-Repo-Commit,X-Request-Id,X-Error-Code,X-Error-Message,X-Total-Count,ETag,Link,Accept-Ranges,Content-Range,X-Linked-Size,X-Linked-ETag,X-Xet-Hash'), (b'X-Cache', b'Miss from cloudfront'), (b'Via', b'1.1 da5253846842f4efc3e80679e4a7c250.cloudfront.net (CloudFront)'), (b'X-Amz-Cf-Pop', b'ICN57-P5'), (b'X-Amz-Cf-Id', b'oPuNq9qY47g7QYhtcvNmPfHCeOPJl0c0d03WZlyeJStqzCz0T4PYcA==')])
INFO 2026-06-14 22:28:39 _client.py:1025 HTTP Request: POST https://huggingface.co/api/repos/create "HTTP/1.1 200 OK"
DEBUG 2026-06-14 22:28:39 re/_trace.py:47 receive_response_body.started request=<Request [b'POST']>
DEBUG 2026-06-14 22:28:39 re/_trace.py:47 receive_response_body.complete
DEBUG 2026-06-14 22:28:39 re/_trace.py:47 response_closed.started
DEBUG 2026-06-14 22:28:39 re/_trace.py:47 response_closed.complete
DEBUG 2026-06-14 22:28:43 re/_trace.py:47 send_request_headers.started request=<Request [b'POST']>
DEBUG 2026-06-14 22:28:43 re/_trace.py:47 send_request_headers.complete
DEBUG 2026-06-14 22:28:43 re/_trace.py:47 send_request_body.started request=<Request [b'POST']>
DEBUG 2026-06-14 22:28:43 re/_trace.py:47 send_request_body.complete
DEBUG 2026-06-14 22:28:43 re/_trace.py:47 receive_response_headers.started request=<Request [b'POST']>
DEBUG 2026-06-14 22:28:43 re/_trace.py:47 receive_response_headers.complete return_value=(b'HTTP/1.1', 200, b'OK', [(b'Content-Type', b'text/plain; charset=utf-8'), (b'Content-Length', b'2'), (b'Connection', b'keep-alive'), (b'Date', b'Sun, 14 Jun 2026 13:28:43 GMT'), (b'ETag', b'W/"2-nOO9QiTIwXgNtWtBJezz8kv3SLc"'), (b'X-Powered-By', b'huggingface-moon'), (b'X-Request-Id', b'Root=1-6a2eac8b-6278e25760552307308c86fc;97b05be8-1d1e-4368-b917-94cdf08fdb64'), (b'RateLimit', b'"api";r=9983;t=25'), (b'RateLimit-Policy', b'"fixed window";"api";q=10000;w=300'), (b'cross-origin-opener-policy', b'same-origin'), (b'Referrer-Policy', b'strict-origin-when-cross-origin'), (b'Access-Control-Max-Age', b'86400'), (b'Access-Control-Allow-Origin', b'https://huggingface.co'), (b'Vary', b'Origin'), (b'Access-Control-Expose-Headers', b'X-Repo-Commit,X-Request-Id,X-Error-Code,X-Error-Message,X-Total-Count,ETag,Link,Accept-Ranges,Content-Range,X-Linked-Size,X-Linked-ETag,X-Xet-Hash'), (b'X-Cache', b'Miss from cloudfront'), (b'Via', b'1.1 da5253846842f4efc3e80679e4a7c250.cloudfront.net (CloudFront)'), (b'X-Amz-Cf-Pop', b'ICN57-P5'), (b'X-Amz-Cf-Id', b'rtNXXQtbjA6spCnhoDb5_gotmi_-JQIlEo6Oo9jelXmMYBxLmc0QsQ==')])
INFO 2026-06-14 22:28:43 _client.py:1025 HTTP Request: POST https://huggingface.co/api/validate-yaml "HTTP/1.1 200 OK"
DEBUG 2026-06-14 22:28:43 re/_trace.py:47 receive_response_body.started request=<Request [b'POST']>
DEBUG 2026-06-14 22:28:43 re/_trace.py:47 receive_response_body.complete
DEBUG 2026-06-14 22:28:43 re/_trace.py:47 response_closed.started
DEBUG 2026-06-14 22:28:43 re/_trace.py:47 response_closed.complete
DEBUG 2026-06-14 22:28:43 re/_trace.py:47 send_request_headers.started request=<Request [b'POST']>
DEBUG 2026-06-14 22:28:43 re/_trace.py:47 send_request_headers.complete
DEBUG 2026-06-14 22:28:43 re/_trace.py:47 send_request_body.started request=<Request [b'POST']>
DEBUG 2026-06-14 22:28:43 re/_trace.py:47 send_request_body.complete
DEBUG 2026-06-14 22:28:43 re/_trace.py:47 receive_response_headers.started request=<Request [b'POST']>
DEBUG 2026-06-14 22:28:43 re/_trace.py:47 receive_response_headers.complete return_value=(b'HTTP/1.1', 200, b'OK', [(b'Content-Type', b'application/json; charset=utf-8'), (b'Content-Length', b'27'), (b'Connection', b'keep-alive'), (b'Date', b'Sun, 14 Jun 2026 13:28:43 GMT'), (b'ETag', b'W/"1b-cMjusAgmzfbmgmCE/uezyFkHDTo"'), (b'X-Powered-By', b'huggingface-moon'), (b'X-Request-Id', b'Root=1-6a2eac8b-3e20ce83552603470f20ef20;b2873fd0-f649-4490-918c-0b8098a5afa2'), (b'RateLimit', b'"api";r=9998;t=25'), (b'RateLimit-Policy', b'"fixed window";"api";q=10000;w=300'), (b'cross-origin-opener-policy', b'same-origin'), (b'Referrer-Policy', b'strict-origin-when-cross-origin'), (b'Access-Control-Max-Age', b'86400'), (b'Access-Control-Allow-Origin', b'https://huggingface.co'), (b'Vary', b'Origin'), (b'Access-Control-Expose-Headers', b'X-Repo-Commit,X-Request-Id,X-Error-Code,X-Error-Message,X-Total-Count,ETag,Link,Accept-Ranges,Content-Range,X-Linked-Size,X-Linked-ETag,X-Xet-Hash'), (b'X-Cache', b'Miss from cloudfront'), (b'Via', b'1.1 da5253846842f4efc3e80679e4a7c250.cloudfront.net (CloudFront)'), (b'X-Amz-Cf-Pop', b'ICN57-P5'), (b'X-Amz-Cf-Id', b'-KJHbM5zhHb1oPgsW_hFQBdkEGPtnNWk8MMs1MlpYLVcTUH8U93Z9Q==')])
INFO 2026-06-14 22:28:43 _client.py:1025 HTTP Request: POST https://huggingface.co/api/validate-yaml "HTTP/1.1 200 OK"
DEBUG 2026-06-14 22:28:43 re/_trace.py:47 receive_response_body.started request=<Request [b'POST']>
DEBUG 2026-06-14 22:28:43 re/_trace.py:47 receive_response_body.complete
DEBUG 2026-06-14 22:28:43 re/_trace.py:47 response_closed.started
DEBUG 2026-06-14 22:28:43 re/_trace.py:47 response_closed.complete
DEBUG 2026-06-14 22:28:48 re/_trace.py:47 send_request_headers.started request=<Request [b'POST']>
DEBUG 2026-06-14 22:28:48 re/_trace.py:47 send_request_headers.complete
DEBUG 2026-06-14 22:28:48 re/_trace.py:47 send_request_body.started request=<Request [b'POST']>
DEBUG 2026-06-14 22:28:48 re/_trace.py:47 send_request_body.complete
DEBUG 2026-06-14 22:28:48 re/_trace.py:47 receive_response_headers.started request=<Request [b'POST']>
DEBUG 2026-06-14 22:28:48 re/_trace.py:47 receive_response_headers.complete return_value=(b'HTTP/1.1', 200, b'OK', [(b'Content-Type', b'application/json; charset=utf-8'), (b'Content-Length', b'27'), (b'Connection', b'keep-alive'), (b'Date', b'Sun, 14 Jun 2026 13:28:48 GMT'), (b'ETag', b'W/"1b-cMjusAgmzfbmgmCE/uezyFkHDTo"'), (b'X-Powered-By', b'huggingface-moon'), (b'X-Request-Id', b'Root=1-6a2eac90-7cfe548661c2646401bb83c5;a24993d4-d24b-48b5-8550-74aadfb03085'), (b'RateLimit', b'"api";r=9997;t=20'), (b'RateLimit-Policy', b'"fixed window";"api";q=10000;w=300'), (b'cross-origin-opener-policy', b'same-origin'), (b'Referrer-Policy', b'strict-origin-when-cross-origin'), (b'Access-Control-Max-Age', b'86400'), (b'Access-Control-Allow-Origin', b'https://huggingface.co'), (b'Vary', b'Origin'), (b'Access-Control-Expose-Headers', b'X-Repo-Commit,X-Request-Id,X-Error-Code,X-Error-Message,X-Total-Count,ETag,Link,Accept-Ranges,Content-Range,X-Linked-Size,X-Linked-ETag,X-Xet-Hash'), (b'X-Cache', b'Miss from cloudfront'), (b'Via', b'1.1 da5253846842f4efc3e80679e4a7c250.cloudfront.net (CloudFront)'), (b'X-Amz-Cf-Pop', b'ICN57-P5'), (b'X-Amz-Cf-Id', b'UbejfNStF4zAdoG9ZK52BBera8beNhdPNw2Qo2FrVblRcQ5rMTWyuA==')])
INFO 2026-06-14 22:28:48 _client.py:1025 HTTP Request: POST https://huggingface.co/api/validate-yaml "HTTP/1.1 200 OK"
DEBUG 2026-06-14 22:28:48 re/_trace.py:47 receive_response_body.started request=<Request [b'POST']>
DEBUG 2026-06-14 22:28:48 re/_trace.py:47 receive_response_body.complete
DEBUG 2026-06-14 22:28:48 re/_trace.py:47 response_closed.started
DEBUG 2026-06-14 22:28:48 re/_trace.py:47 response_closed.complete
DEBUG 2026-06-14 22:28:48 re/_trace.py:47 send_request_headers.started request=<Request [b'POST']>
DEBUG 2026-06-14 22:28:48 re/_trace.py:47 send_request_headers.complete
DEBUG 2026-06-14 22:28:48 re/_trace.py:47 send_request_body.started request=<Request [b'POST']>
DEBUG 2026-06-14 22:28:48 re/_trace.py:47 send_request_body.complete
DEBUG 2026-06-14 22:28:48 re/_trace.py:47 receive_response_headers.started request=<Request [b'POST']>
DEBUG 2026-06-14 22:28:48 re/_trace.py:47 receive_response_headers.complete return_value=(b'HTTP/1.1', 200, b'OK', [(b'Content-Type', b'application/json; charset=utf-8'), (b'Content-Length', b'340'), (b'Connection', b'keep-alive'), (b'Date', b'Sun, 14 Jun 2026 13:28:48 GMT'), (b'ETag', b'W/"154-sRnJTSm84QCUV19sxolw5Ep2gUU"'), (b'X-Powered-By', b'huggingface-moon'), (b'X-Request-Id', b'Root=1-6a2eac90-0bf20aa52c9d21626ed61155;47b9f872-276c-4e21-869d-4f7d39fbd05f'), (b'RateLimit', b'"api";r=999;t=294'), (b'RateLimit-Policy', b'"fixed window";"api";q=1000;w=300'), (b'cross-origin-opener-policy', b'same-origin'), (b'Referrer-Policy', b'strict-origin-when-cross-origin'), (b'Access-Control-Max-Age', b'86400'), (b'Access-Control-Allow-Origin', b'https://huggingface.co'), (b'Vary', b'Origin'), (b'Access-Control-Expose-Headers', b'X-Repo-Commit,X-Request-Id,X-Error-Code,X-Error-Message,X-Total-Count,ETag,Link,Accept-Ranges,Content-Range,X-Linked-Size,X-Linked-ETag,X-Xet-Hash'), (b'X-Cache', b'Miss from cloudfront'), (b'Via', b'1.1 da5253846842f4efc3e80679e4a7c250.cloudfront.net (CloudFront)'), (b'X-Amz-Cf-Pop', b'ICN57-P5'), (b'X-Amz-Cf-Id', b'rIG1rXvKSnoa0Em_yvh-aYaXitNptfS-RgoOBR7evh0Ih8cuV-eUVg==')])
INFO 2026-06-14 22:28:48 _client.py:1025 HTTP Request: POST https://huggingface.co/api/models/coport-uni/FR5_task1_move_the_brown_colored_glass_bottle_to_the_designated_location_50_pi0_b200_model/preupload/main "HTTP/1.1 200 OK"
DEBUG 2026-06-14 22:28:48 re/_trace.py:47 receive_response_body.started request=<Request [b'POST']>
DEBUG 2026-06-14 22:28:48 re/_trace.py:47 receive_response_body.complete
DEBUG 2026-06-14 22:28:48 re/_trace.py:47 response_closed.started
DEBUG 2026-06-14 22:28:48 re/_trace.py:47 response_closed.complete
DEBUG 2026-06-14 22:28:48 re/_trace.py:47 send_request_headers.started request=<Request [b'POST']>
DEBUG 2026-06-14 22:28:48 re/_trace.py:47 send_request_headers.complete
DEBUG 2026-06-14 22:28:48 re/_trace.py:47 send_request_body.started request=<Request [b'POST']>
DEBUG 2026-06-14 22:28:48 re/_trace.py:47 send_request_body.complete
DEBUG 2026-06-14 22:28:48 re/_trace.py:47 receive_response_headers.started request=<Request [b'POST']>
DEBUG 2026-06-14 22:28:50 re/_trace.py:47 receive_response_headers.complete return_value=(b'HTTP/1.1', 200, b'OK', [(b'Content-Type', b'application/vnd.git-lfs+json; charset=utf-8'), (b'Content-Length', b'1186'), (b'Connection', b'keep-alive'), (b'Date', b'Sun, 14 Jun 2026 13:28:50 GMT'), (b'ETag', b'W/"4a2-ySrmYlTiMHog/sZzgnNy6g8omSY"'), (b'X-Powered-By', b'huggingface-moon'), (b'X-Request-Id', b'Root=1-6a2eac90-0be93d190d29c05b0a06c377;6879f6bd-fd0a-44dc-8b7d-87d39cda8884'), (b'RateLimit', b'"api";r=998;t=294'), (b'RateLimit-Policy', b'"fixed window";"api";q=1000;w=300'), (b'cross-origin-opener-policy', b'same-origin'), (b'Referrer-Policy', b'strict-origin-when-cross-origin'), (b'Access-Control-Max-Age', b'86400'), (b'Access-Control-Allow-Origin', b'https://huggingface.co'), (b'Vary', b'Origin'), (b'Access-Control-Expose-Headers', b'X-Repo-Commit,X-Request-Id,X-Error-Code,X-Error-Message,X-Total-Count,ETag,Link,Accept-Ranges,Content-Range,X-Linked-Size,X-Linked-ETag,X-Xet-Hash'), (b'X-Cache', b'Miss from cloudfront'), (b'Via', b'1.1 da5253846842f4efc3e80679e4a7c250.cloudfront.net (CloudFront)'), (b'X-Amz-Cf-Pop', b'ICN57-P5'), (b'X-Amz-Cf-Id', b'uzHEXEVh5HvXnKDztUuUQy-psQpiykuX04TgfNSq_TkWYOvS1qpGfQ==')])
INFO 2026-06-14 22:28:50 _client.py:1025 HTTP Request: POST https://huggingface.co/coport-uni/FR5_task1_move_the_brown_colored_glass_bottle_to_the_designated_location_50_pi0_b200_model.git/info/lfs/objects/batch "HTTP/1.1 200 OK"
DEBUG 2026-06-14 22:28:50 re/_trace.py:47 receive_response_body.started request=<Request [b'POST']>
DEBUG 2026-06-14 22:28:50 re/_trace.py:47 receive_response_body.complete
DEBUG 2026-06-14 22:28:50 re/_trace.py:47 response_closed.started
DEBUG 2026-06-14 22:28:50 re/_trace.py:47 response_closed.complete
DEBUG 2026-06-14 22:29:49 re/_trace.py:47 close.started
DEBUG 2026-06-14 22:29:49 re/_trace.py:47 close.complete
DEBUG 2026-06-14 22:29:49 re/_trace.py:47 connect_tcp.started host='huggingface.co' port=443 local_address=None timeout=None socket_options=None
DEBUG 2026-06-14 22:29:49 re/_trace.py:47 connect_tcp.complete return_value=<httpcore._backends.sync.SyncStream object at 0x7022519d7590>
DEBUG 2026-06-14 22:29:49 re/_trace.py:47 start_tls.started ssl_context=<ssl.SSLContext object at 0x70273ff3f6d0> server_hostname='huggingface.co' timeout=None
DEBUG 2026-06-14 22:29:49 re/_trace.py:47 start_tls.complete return_value=<httpcore._backends.sync.SyncStream object at 0x7022519d4530>
DEBUG 2026-06-14 22:29:49 re/_trace.py:47 send_request_headers.started request=<Request [b'POST']>
DEBUG 2026-06-14 22:29:49 re/_trace.py:47 send_request_headers.complete
DEBUG 2026-06-14 22:29:49 re/_trace.py:47 send_request_body.started request=<Request [b'POST']>
DEBUG 2026-06-14 22:29:49 re/_trace.py:47 send_request_body.complete
DEBUG 2026-06-14 22:29:49 re/_trace.py:47 receive_response_headers.started request=<Request [b'POST']>
DEBUG 2026-06-14 22:30:39 re/_trace.py:47 receive_response_headers.complete return_value=(b'HTTP/1.1', 200, b'OK', [(b'Content-Type', b'application/json; charset=utf-8'), (b'Content-Length', b'274'), (b'Connection', b'keep-alive'), (b'Date', b'Sun, 14 Jun 2026 13:30:39 GMT'), (b'ETag', b'W/"112-dTRF6fUNajXb/Xe0WsS/K/WPRZc"'), (b'X-Powered-By', b'huggingface-moon'), (b'X-Request-Id', b'Root=1-6a2eaccd-005548bf25545ca25c4ac90a;e63c3c24-1076-492a-a085-8957849bfbad'), (b'RateLimit', b'"api";r=995;t=233'), (b'RateLimit-Policy', b'"fixed window";"api";q=1000;w=300'), (b'cross-origin-opener-policy', b'same-origin'), (b'Referrer-Policy', b'strict-origin-when-cross-origin'), (b'Access-Control-Max-Age', b'86400'), (b'Access-Control-Allow-Origin', b'https://huggingface.co'), (b'Vary', b'Origin'), (b'Access-Control-Expose-Headers', b'X-Repo-Commit,X-Request-Id,X-Error-Code,X-Error-Message,X-Total-Count,ETag,Link,Accept-Ranges,Content-Range,X-Linked-Size,X-Linked-ETag,X-Xet-Hash'), (b'X-Cache', b'Miss from cloudfront'), (b'Via', b'1.1 bc29ab697013491071524206a7d5adea.cloudfront.net (CloudFront)'), (b'X-Amz-Cf-Pop', b'ICN57-P5'), (b'X-Amz-Cf-Id', b'gN2-KuzRyq2qDTssIaDMnbK-C1KbzhPnaTxxvFJ3a8QDebMtKSVViQ==')])
INFO 2026-06-14 22:30:39 _client.py:1025 HTTP Request: POST https://huggingface.co/api/models/coport-uni/FR5_task1_move_the_brown_colored_glass_bottle_to_the_designated_location_50_pi0_b200_model/commit/main "HTTP/1.1 200 OK"
DEBUG 2026-06-14 22:30:39 re/_trace.py:47 receive_response_body.started request=<Request [b'POST']>
DEBUG 2026-06-14 22:30:39 re/_trace.py:47 receive_response_body.complete
DEBUG 2026-06-14 22:30:39 re/_trace.py:47 response_closed.started
DEBUG 2026-06-14 22:30:39 re/_trace.py:47 response_closed.complete
INFO 2026-06-14 22:30:39 etrained.py:245 Model pushed to https://huggingface.co/coport-uni/FR5_task1_move_the_brown_colored_glass_bottle_to_the_designated_location_50_pi0_b200_model
DEBUG 2026-06-14 22:30:39 re/_trace.py:47 send_request_headers.started request=<Request [b'POST']>
DEBUG 2026-06-14 22:30:39 re/_trace.py:47 send_request_headers.complete
DEBUG 2026-06-14 22:30:39 re/_trace.py:47 send_request_body.started request=<Request [b'POST']>
DEBUG 2026-06-14 22:30:39 re/_trace.py:47 send_request_body.complete
DEBUG 2026-06-14 22:30:39 re/_trace.py:47 receive_response_headers.started request=<Request [b'POST']>
DEBUG 2026-06-14 22:30:39 re/_trace.py:47 receive_response_headers.complete return_value=(b'HTTP/1.1', 409, b'Conflict', [(b'Content-Type', b'application/json; charset=utf-8'), (b'Content-Length', b'283'), (b'Connection', b'keep-alive'), (b'Date', b'Sun, 14 Jun 2026 13:30:39 GMT'), (b'ETag', b'W/"11b-09aeeGvWqVXnw2yf8wzO1uEE2vw"'), (b'X-Powered-By', b'huggingface-moon'), (b'X-Request-Id', b'Root=1-6a2eacff-21c1172270039fde1630b92d;3f0b9247-a9d6-4577-896f-db3bcc5e90d3'), (b'RateLimit', b'"api";r=993;t=183'), (b'RateLimit-Policy', b'"fixed window";"api";q=1000;w=300'), (b'cross-origin-opener-policy', b'same-origin'), (b'Referrer-Policy', b'strict-origin-when-cross-origin'), (b'Access-Control-Max-Age', b'86400'), (b'Access-Control-Allow-Origin', b'https://huggingface.co'), (b'Vary', b'Origin'), (b'Access-Control-Expose-Headers', b'X-Repo-Commit,X-Request-Id,X-Error-Code,X-Error-Message,X-Total-Count,ETag,Link,Accept-Ranges,Content-Range,X-Linked-Size,X-Linked-ETag,X-Xet-Hash'), (b'X-Error-Message', b'You already created this model repo: coport-uni/FR5_task1_move_the_brown_colored_glass_bottle_to_the_designated_location_50_pi0_b200_model'), (b'X-Cache', b'Error from cloudfront'), (b'Via', b'1.1 bc29ab697013491071524206a7d5adea.cloudfront.net (CloudFront)'), (b'X-Amz-Cf-Pop', b'ICN57-P5'), (b'X-Amz-Cf-Id', b'ws3AwCYL5Ah_2qIHLlbyHkZqoR_ON9Kf-g80b_b0IHo212HHCueeoQ==')])
INFO 2026-06-14 22:30:39 _client.py:1025 HTTP Request: POST https://huggingface.co/api/repos/create "HTTP/1.1 409 Conflict"
DEBUG 2026-06-14 22:30:39 re/_trace.py:47 receive_response_body.started request=<Request [b'POST']>
DEBUG 2026-06-14 22:30:39 re/_trace.py:47 receive_response_body.complete
DEBUG 2026-06-14 22:30:39 re/_trace.py:47 response_closed.started
DEBUG 2026-06-14 22:30:39 re/_trace.py:47 response_closed.complete
DEBUG 2026-06-14 22:30:39 re/_trace.py:47 send_request_headers.started request=<Request [b'POST']>
DEBUG 2026-06-14 22:30:39 re/_trace.py:47 send_request_headers.complete
DEBUG 2026-06-14 22:30:39 re/_trace.py:47 send_request_body.started request=<Request [b'POST']>
DEBUG 2026-06-14 22:30:39 re/_trace.py:47 send_request_body.complete
DEBUG 2026-06-14 22:30:39 re/_trace.py:47 receive_response_headers.started request=<Request [b'POST']>
DEBUG 2026-06-14 22:30:40 re/_trace.py:47 receive_response_headers.complete return_value=(b'HTTP/1.1', 200, b'OK', [(b'Content-Type', b'application/json; charset=utf-8'), (b'Content-Length', b'257'), (b'Connection', b'keep-alive'), (b'Date', b'Sun, 14 Jun 2026 13:30:40 GMT'), (b'ETag', b'W/"101-iBes6mjdnXj7G4yNdxDTPvB7u5Y"'), (b'X-Powered-By', b'huggingface-moon'), (b'X-Request-Id', b'Root=1-6a2eacff-0db6636a182e6eb875bcc1e2;9f0fefed-3ade-44ae-b626-38e97875e927'), (b'RateLimit', b'"api";r=992;t=183'), (b'RateLimit-Policy', b'"fixed window";"api";q=1000;w=300'), (b'cross-origin-opener-policy', b'same-origin'), (b'Referrer-Policy', b'strict-origin-when-cross-origin'), (b'Access-Control-Max-Age', b'86400'), (b'Access-Control-Allow-Origin', b'https://huggingface.co'), (b'Vary', b'Origin'), (b'Access-Control-Expose-Headers', b'X-Repo-Commit,X-Request-Id,X-Error-Code,X-Error-Message,X-Total-Count,ETag,Link,Accept-Ranges,Content-Range,X-Linked-Size,X-Linked-ETag,X-Xet-Hash'), (b'X-Cache', b'Miss from cloudfront'), (b'Via', b'1.1 bc29ab697013491071524206a7d5adea.cloudfront.net (CloudFront)'), (b'X-Amz-Cf-Pop', b'ICN57-P5'), (b'X-Amz-Cf-Id', b'y7nEhoq74CHr7iDPAPARJiSNYMbNDwxZzDtkY4bLbXE6xa34_pLfeA==')])
INFO 2026-06-14 22:30:40 _client.py:1025 HTTP Request: POST https://huggingface.co/api/models/coport-uni/FR5_task1_move_the_brown_colored_glass_bottle_to_the_designated_location_50_pi0_b200_model/preupload/main "HTTP/1.1 200 OK"
DEBUG 2026-06-14 22:30:40 re/_trace.py:47 receive_response_body.started request=<Request [b'POST']>
DEBUG 2026-06-14 22:30:40 re/_trace.py:47 receive_response_body.complete
DEBUG 2026-06-14 22:30:40 re/_trace.py:47 response_closed.started
DEBUG 2026-06-14 22:30:40 re/_trace.py:47 response_closed.complete
DEBUG 2026-06-14 22:30:40 re/_trace.py:47 send_request_headers.started request=<Request [b'POST']>
DEBUG 2026-06-14 22:30:40 re/_trace.py:47 send_request_headers.complete
DEBUG 2026-06-14 22:30:40 re/_trace.py:47 send_request_body.started request=<Request [b'POST']>
DEBUG 2026-06-14 22:30:40 re/_trace.py:47 send_request_body.complete
DEBUG 2026-06-14 22:30:40 re/_trace.py:47 receive_response_headers.started request=<Request [b'POST']>
DEBUG 2026-06-14 22:30:40 re/_trace.py:47 receive_response_headers.complete return_value=(b'HTTP/1.1', 200, b'OK', [(b'Content-Type', b'application/vnd.git-lfs+json; charset=utf-8'), (b'Content-Length', b'1180'), (b'Connection', b'keep-alive'), (b'Date', b'Sun, 14 Jun 2026 13:30:40 GMT'), (b'ETag', b'W/"49c-7kfy8vivEtVDqdym++adiMQFzBE"'), (b'X-Powered-By', b'huggingface-moon'), (b'X-Request-Id', b'Root=1-6a2ead00-2956d50a15be75081940d4bf;7742c039-cb4c-4554-b5e9-354520e47daa'), (b'RateLimit', b'"api";r=991;t=182'), (b'RateLimit-Policy', b'"fixed window";"api";q=1000;w=300'), (b'cross-origin-opener-policy', b'same-origin'), (b'Referrer-Policy', b'strict-origin-when-cross-origin'), (b'Access-Control-Max-Age', b'86400'), (b'Access-Control-Allow-Origin', b'https://huggingface.co'), (b'Vary', b'Origin'), (b'Access-Control-Expose-Headers', b'X-Repo-Commit,X-Request-Id,X-Error-Code,X-Error-Message,X-Total-Count,ETag,Link,Accept-Ranges,Content-Range,X-Linked-Size,X-Linked-ETag,X-Xet-Hash'), (b'X-Cache', b'Miss from cloudfront'), (b'Via', b'1.1 bc29ab697013491071524206a7d5adea.cloudfront.net (CloudFront)'), (b'X-Amz-Cf-Pop', b'ICN57-P5'), (b'X-Amz-Cf-Id', b'-eoRjqHh9pt1xzVortYkIQyz5tnXtIKyw_2LNvYV_tF3flegnMjNWA==')])
INFO 2026-06-14 22:30:40 _client.py:1025 HTTP Request: POST https://huggingface.co/coport-uni/FR5_task1_move_the_brown_colored_glass_bottle_to_the_designated_location_50_pi0_b200_model.git/info/lfs/objects/batch "HTTP/1.1 200 OK"
DEBUG 2026-06-14 22:30:40 re/_trace.py:47 receive_response_body.started request=<Request [b'POST']>
DEBUG 2026-06-14 22:30:40 re/_trace.py:47 receive_response_body.complete
DEBUG 2026-06-14 22:30:40 re/_trace.py:47 response_closed.started
DEBUG 2026-06-14 22:30:40 re/_trace.py:47 response_closed.complete
DEBUG 2026-06-14 22:30:44 re/_trace.py:47 send_request_headers.started request=<Request [b'POST']>
DEBUG 2026-06-14 22:30:44 re/_trace.py:47 send_request_headers.complete
DEBUG 2026-06-14 22:30:44 re/_trace.py:47 send_request_body.started request=<Request [b'POST']>
DEBUG 2026-06-14 22:30:44 re/_trace.py:47 send_request_body.complete
DEBUG 2026-06-14 22:30:44 re/_trace.py:47 receive_response_headers.started request=<Request [b'POST']>
DEBUG 2026-06-14 22:30:45 re/_trace.py:47 receive_response_headers.complete return_value=(b'HTTP/1.1', 200, b'OK', [(b'Content-Type', b'application/json; charset=utf-8'), (b'Content-Length', b'274'), (b'Connection', b'keep-alive'), (b'Date', b'Sun, 14 Jun 2026 13:30:45 GMT'), (b'ETag', b'W/"112-ceDtG7QxgFkl5ra/y3VJitKSVnM"'), (b'X-Powered-By', b'huggingface-moon'), (b'X-Request-Id', b'Root=1-6a2ead04-1247fafc5c6cbad8167b3f4b;f1b9969d-f5cf-46cd-a904-d6bcf5b4aef2'), (b'RateLimit', b'"api";r=989;t=178'), (b'RateLimit-Policy', b'"fixed window";"api";q=1000;w=300'), (b'cross-origin-opener-policy', b'same-origin'), (b'Referrer-Policy', b'strict-origin-when-cross-origin'), (b'Access-Control-Max-Age', b'86400'), (b'Access-Control-Allow-Origin', b'https://huggingface.co'), (b'Vary', b'Origin'), (b'Access-Control-Expose-Headers', b'X-Repo-Commit,X-Request-Id,X-Error-Code,X-Error-Message,X-Total-Count,ETag,Link,Accept-Ranges,Content-Range,X-Linked-Size,X-Linked-ETag,X-Xet-Hash'), (b'X-Cache', b'Miss from cloudfront'), (b'Via', b'1.1 bc29ab697013491071524206a7d5adea.cloudfront.net (CloudFront)'), (b'X-Amz-Cf-Pop', b'ICN57-P5'), (b'X-Amz-Cf-Id', b'HsMgUKNNwqupoZiU5rOgWbouAOS1trEDnPiWBbWaju4hV3BodPWWPA==')])
INFO 2026-06-14 22:30:45 _client.py:1025 HTTP Request: POST https://huggingface.co/api/models/coport-uni/FR5_task1_move_the_brown_colored_glass_bottle_to_the_designated_location_50_pi0_b200_model/commit/main "HTTP/1.1 200 OK"
DEBUG 2026-06-14 22:30:45 re/_trace.py:47 receive_response_body.started request=<Request [b'POST']>
DEBUG 2026-06-14 22:30:45 re/_trace.py:47 receive_response_body.complete
DEBUG 2026-06-14 22:30:45 re/_trace.py:47 response_closed.started
DEBUG 2026-06-14 22:30:45 re/_trace.py:47 response_closed.complete
DEBUG 2026-06-14 22:30:45 re/_trace.py:47 send_request_headers.started request=<Request [b'POST']>
DEBUG 2026-06-14 22:30:45 re/_trace.py:47 send_request_headers.complete
DEBUG 2026-06-14 22:30:45 re/_trace.py:47 send_request_body.started request=<Request [b'POST']>
DEBUG 2026-06-14 22:30:45 re/_trace.py:47 send_request_body.complete
DEBUG 2026-06-14 22:30:45 re/_trace.py:47 receive_response_headers.started request=<Request [b'POST']>
DEBUG 2026-06-14 22:30:45 re/_trace.py:47 receive_response_headers.complete return_value=(b'HTTP/1.1', 409, b'Conflict', [(b'Content-Type', b'application/json; charset=utf-8'), (b'Content-Length', b'283'), (b'Connection', b'keep-alive'), (b'Date', b'Sun, 14 Jun 2026 13:30:45 GMT'), (b'ETag', b'W/"11b-09aeeGvWqVXnw2yf8wzO1uEE2vw"'), (b'X-Powered-By', b'huggingface-moon'), (b'X-Request-Id', b'Root=1-6a2ead05-6480f4db42225f6d04fde631;7346fde3-e171-4ad6-9bb7-e7759cca8b5a'), (b'RateLimit', b'"api";r=988;t=177'), (b'RateLimit-Policy', b'"fixed window";"api";q=1000;w=300'), (b'cross-origin-opener-policy', b'same-origin'), (b'Referrer-Policy', b'strict-origin-when-cross-origin'), (b'Access-Control-Max-Age', b'86400'), (b'Access-Control-Allow-Origin', b'https://huggingface.co'), (b'Vary', b'Origin'), (b'Access-Control-Expose-Headers', b'X-Repo-Commit,X-Request-Id,X-Error-Code,X-Error-Message,X-Total-Count,ETag,Link,Accept-Ranges,Content-Range,X-Linked-Size,X-Linked-ETag,X-Xet-Hash'), (b'X-Error-Message', b'You already created this model repo: coport-uni/FR5_task1_move_the_brown_colored_glass_bottle_to_the_designated_location_50_pi0_b200_model'), (b'X-Cache', b'Error from cloudfront'), (b'Via', b'1.1 bc29ab697013491071524206a7d5adea.cloudfront.net (CloudFront)'), (b'X-Amz-Cf-Pop', b'ICN57-P5'), (b'X-Amz-Cf-Id', b'6YkZZv9jwWf7zqPw4jeZHsqPDsZM_kian9ufVvI2OOxWmdrnvHiYHA==')])
INFO 2026-06-14 22:30:45 _client.py:1025 HTTP Request: POST https://huggingface.co/api/repos/create "HTTP/1.1 409 Conflict"
DEBUG 2026-06-14 22:30:45 re/_trace.py:47 receive_response_body.started request=<Request [b'POST']>
DEBUG 2026-06-14 22:30:45 re/_trace.py:47 receive_response_body.complete
DEBUG 2026-06-14 22:30:45 re/_trace.py:47 response_closed.started
DEBUG 2026-06-14 22:30:45 re/_trace.py:47 response_closed.complete
DEBUG 2026-06-14 22:30:45 re/_trace.py:47 send_request_headers.started request=<Request [b'POST']>
DEBUG 2026-06-14 22:30:45 re/_trace.py:47 send_request_headers.complete
DEBUG 2026-06-14 22:30:45 re/_trace.py:47 send_request_body.started request=<Request [b'POST']>
DEBUG 2026-06-14 22:30:45 re/_trace.py:47 send_request_body.complete
DEBUG 2026-06-14 22:30:45 re/_trace.py:47 receive_response_headers.started request=<Request [b'POST']>
DEBUG 2026-06-14 22:30:45 re/_trace.py:47 receive_response_headers.complete return_value=(b'HTTP/1.1', 200, b'OK', [(b'Content-Type', b'application/json; charset=utf-8'), (b'Content-Length', b'261'), (b'Connection', b'keep-alive'), (b'Date', b'Sun, 14 Jun 2026 13:30:45 GMT'), (b'ETag', b'W/"105-7XZdJ9eYliFubGy5KVWbLynx2WY"'), (b'X-Powered-By', b'huggingface-moon'), (b'X-Request-Id', b'Root=1-6a2ead05-29a268ee69abf94a174bdaf2;2a7d15d7-da02-4b37-be46-5e2fcb91947c'), (b'RateLimit', b'"api";r=987;t=177'), (b'RateLimit-Policy', b'"fixed window";"api";q=1000;w=300'), (b'cross-origin-opener-policy', b'same-origin'), (b'Referrer-Policy', b'strict-origin-when-cross-origin'), (b'Access-Control-Max-Age', b'86400'), (b'Access-Control-Allow-Origin', b'https://huggingface.co'), (b'Vary', b'Origin'), (b'Access-Control-Expose-Headers', b'X-Repo-Commit,X-Request-Id,X-Error-Code,X-Error-Message,X-Total-Count,ETag,Link,Accept-Ranges,Content-Range,X-Linked-Size,X-Linked-ETag,X-Xet-Hash'), (b'X-Cache', b'Miss from cloudfront'), (b'Via', b'1.1 bc29ab697013491071524206a7d5adea.cloudfront.net (CloudFront)'), (b'X-Amz-Cf-Pop', b'ICN57-P5'), (b'X-Amz-Cf-Id', b'IpMgWeMRrihY_5BJcByX9W9Cfzx-5ltRc0GF833m6IB6R_uVId9MqA==')])
INFO 2026-06-14 22:30:45 _client.py:1025 HTTP Request: POST https://huggingface.co/api/models/coport-uni/FR5_task1_move_the_brown_colored_glass_bottle_to_the_designated_location_50_pi0_b200_model/preupload/main "HTTP/1.1 200 OK"
DEBUG 2026-06-14 22:30:45 re/_trace.py:47 receive_response_body.started request=<Request [b'POST']>
DEBUG 2026-06-14 22:30:45 re/_trace.py:47 receive_response_body.complete
DEBUG 2026-06-14 22:30:45 re/_trace.py:47 response_closed.started
DEBUG 2026-06-14 22:30:45 re/_trace.py:47 response_closed.complete
DEBUG 2026-06-14 22:30:45 re/_trace.py:47 send_request_headers.started request=<Request [b'POST']>
DEBUG 2026-06-14 22:30:45 re/_trace.py:47 send_request_headers.complete
DEBUG 2026-06-14 22:30:45 re/_trace.py:47 send_request_body.started request=<Request [b'POST']>
DEBUG 2026-06-14 22:30:45 re/_trace.py:47 send_request_body.complete
DEBUG 2026-06-14 22:30:45 re/_trace.py:47 receive_response_headers.started request=<Request [b'POST']>
DEBUG 2026-06-14 22:30:46 re/_trace.py:47 receive_response_headers.complete return_value=(b'HTTP/1.1', 200, b'OK', [(b'Content-Type', b'application/vnd.git-lfs+json; charset=utf-8'), (b'Content-Length', b'117'), (b'Connection', b'keep-alive'), (b'Date', b'Sun, 14 Jun 2026 13:30:45 GMT'), (b'ETag', b'W/"75-ya+sLwudz++VEn+fHtTZVYkcLDk"'), (b'X-Powered-By', b'huggingface-moon'), (b'X-Request-Id', b'Root=1-6a2ead05-70162c6a5e831f634ac1a967;9d9a0595-6596-41d2-97f5-d0c848f5df0b'), (b'RateLimit', b'"api";r=986;t=177'), (b'RateLimit-Policy', b'"fixed window";"api";q=1000;w=300'), (b'cross-origin-opener-policy', b'same-origin'), (b'Referrer-Policy', b'strict-origin-when-cross-origin'), (b'Access-Control-Max-Age', b'86400'), (b'Access-Control-Allow-Origin', b'https://huggingface.co'), (b'Vary', b'Origin'), (b'Access-Control-Expose-Headers', b'X-Repo-Commit,X-Request-Id,X-Error-Code,X-Error-Message,X-Total-Count,ETag,Link,Accept-Ranges,Content-Range,X-Linked-Size,X-Linked-ETag,X-Xet-Hash'), (b'X-Cache', b'Miss from cloudfront'), (b'Via', b'1.1 bc29ab697013491071524206a7d5adea.cloudfront.net (CloudFront)'), (b'X-Amz-Cf-Pop', b'ICN57-P5'), (b'X-Amz-Cf-Id', b'BRvQ9EeRZJvd9FlcHnGSM1xmguA201nOj9E8icEjs5hTI-XEY3yD7A==')])
INFO 2026-06-14 22:30:46 _client.py:1025 HTTP Request: POST https://huggingface.co/coport-uni/FR5_task1_move_the_brown_colored_glass_bottle_to_the_designated_location_50_pi0_b200_model.git/info/lfs/objects/batch "HTTP/1.1 200 OK"
DEBUG 2026-06-14 22:30:46 re/_trace.py:47 receive_response_body.started request=<Request [b'POST']>
DEBUG 2026-06-14 22:30:46 re/_trace.py:47 receive_response_body.complete
DEBUG 2026-06-14 22:30:46 re/_trace.py:47 response_closed.started
DEBUG 2026-06-14 22:30:46 re/_trace.py:47 response_closed.complete
DEBUG 2026-06-14 22:30:47 re/_trace.py:47 send_request_headers.started request=<Request [b'POST']>
DEBUG 2026-06-14 22:30:47 re/_trace.py:47 send_request_headers.complete
DEBUG 2026-06-14 22:30:47 re/_trace.py:47 send_request_body.started request=<Request [b'POST']>
DEBUG 2026-06-14 22:30:47 re/_trace.py:47 send_request_body.complete
DEBUG 2026-06-14 22:30:47 re/_trace.py:47 receive_response_headers.started request=<Request [b'POST']>
DEBUG 2026-06-14 22:30:48 re/_trace.py:47 receive_response_headers.complete return_value=(b'HTTP/1.1', 200, b'OK', [(b'Content-Type', b'application/json; charset=utf-8'), (b'Content-Length', b'274'), (b'Connection', b'keep-alive'), (b'Date', b'Sun, 14 Jun 2026 13:30:48 GMT'), (b'ETag', b'W/"112-Nvp5eSVsoYSpCHsIQpcvw2CoxEk"'), (b'X-Powered-By', b'huggingface-moon'), (b'X-Request-Id', b'Root=1-6a2ead07-56c6a958317fe76014fe51ba;9627ef27-6870-4557-8391-81275b847011'), (b'RateLimit', b'"api";r=984;t=175'), (b'RateLimit-Policy', b'"fixed window";"api";q=1000;w=300'), (b'cross-origin-opener-policy', b'same-origin'), (b'Referrer-Policy', b'strict-origin-when-cross-origin'), (b'Access-Control-Max-Age', b'86400'), (b'Access-Control-Allow-Origin', b'https://huggingface.co'), (b'Vary', b'Origin'), (b'Access-Control-Expose-Headers', b'X-Repo-Commit,X-Request-Id,X-Error-Code,X-Error-Message,X-Total-Count,ETag,Link,Accept-Ranges,Content-Range,X-Linked-Size,X-Linked-ETag,X-Xet-Hash'), (b'X-Cache', b'Miss from cloudfront'), (b'Via', b'1.1 bc29ab697013491071524206a7d5adea.cloudfront.net (CloudFront)'), (b'X-Amz-Cf-Pop', b'ICN57-P5'), (b'X-Amz-Cf-Id', b'ECvJW-GAJ_AaN3Rgc6Y-koCw_MTOvwugdrqGw1GdwoEiazPAU-SF1Q==')])
INFO 2026-06-14 22:30:48 _client.py:1025 HTTP Request: POST https://huggingface.co/api/models/coport-uni/FR5_task1_move_the_brown_colored_glass_bottle_to_the_designated_location_50_pi0_b200_model/commit/main "HTTP/1.1 200 OK"
DEBUG 2026-06-14 22:30:48 re/_trace.py:47 receive_response_body.started request=<Request [b'POST']>
DEBUG 2026-06-14 22:30:48 re/_trace.py:47 receive_response_body.complete
DEBUG 2026-06-14 22:30:48 re/_trace.py:47 response_closed.started
DEBUG 2026-06-14 22:30:48 re/_trace.py:47 response_closed.complete
DEBUG 2026-06-14 22:30:51 re/_trace.py:47 close.started
DEBUG 2026-06-14 22:30:51 re/_trace.py:47 close.complete
