INFO 2026-07-19 09:18:50 ot_train.py:217 {'batch_size': 152,
 'checkpoint_path': None,
 'cudnn_deterministic': False,
 'dataset': {'episodes': None,
             'image_transforms': {'enable': False,
                                  'max_num_transforms': 3,
                                  'random_order': False,
                                  'tfs': {'affine': {'kwargs': {'degrees': [-5.0,
                                                                            5.0],
                                                                'translate': [0.05,
                                                                              0.05]},
                                                     'type': 'RandomAffine',
                                                     'weight': 1.0},
                                          'brightness': {'kwargs': {'brightness': [0.8,
                                                                                   1.2]},
                                                         'type': 'ColorJitter',
                                                         'weight': 1.0},
                                          'contrast': {'kwargs': {'contrast': [0.8,
                                                                               1.2]},
                                                       'type': 'ColorJitter',
                                                       'weight': 1.0},
                                          'hue': {'kwargs': {'hue': [-0.05,
                                                                     0.05]},
                                                  'type': 'ColorJitter',
                                                  'weight': 1.0},
                                          'saturation': {'kwargs': {'saturation': [0.5,
                                                                                   1.5]},
                                                         'type': 'ColorJitter',
                                                         'weight': 1.0},
                                          'sharpness': {'kwargs': {'sharpness': [0.5,
                                                                                 1.5]},
                                                        'type': 'SharpnessJitter',
                                                        'weight': 1.0}}},
             'repo_id': 'coport-uni/FR5_task2_transfer_the_gray_tablets_from_the_brown_bottle_into_another_brown_bottle_50',
             'revision': None,
             'root': None,
             'streaming': False,
             'use_imagenet_stats': True,
             'video_backend': 'pyav'},
 'env': None,
 'eval': {'batch_size': 50, 'n_episodes': 50, 'use_async_envs': False},
 'eval_freq': 20000,
 'job_name': 'FR5_task2_transfer_the_gray_tablets_from_the_brown_bottle_into_another_brown_bottle_50_pi05_b200',
 'log_freq': 200,
 'num_workers': 10,
 'optimizer': {'betas': [0.9, 0.95],
               'eps': 1e-08,
               'grad_clip_norm': 1.0,
               'lr': 9.4e-05,
               'type': 'adamw',
               'weight_decay': 1e-10},
 'output_dir': 'outputs/train/FR5_task2_transfer_the_gray_tablets_from_the_brown_bottle_into_another_brown_bottle_50_pi05_b200',
 'peft': None,
 'policy': {'action_expert_variant': 'gemma_300m',
            'chunk_size': 50,
            'compile_mode': 'default',
            'compile_model': True,
            'device': 'cuda',
            'dtype': 'bfloat16',
            'empty_cameras': 0,
            'freeze_vision_encoder': False,
            'gradient_checkpointing': True,
            'image_resolution': [224, 224],
            'input_features': {},
            'license': None,
            'max_action_dim': 32,
            'max_period': 4.0,
            'max_state_dim': 32,
            'min_period': 0.004,
            'n_action_steps': 50,
            'n_obs_steps': 1,
            'normalization_mapping': {'ACTION': <NormalizationMode.MEAN_STD: 'MEAN_STD'>,
                                      'STATE': <NormalizationMode.MEAN_STD: 'MEAN_STD'>,
                                      'VISUAL': <NormalizationMode.IDENTITY: 'IDENTITY'>},
            'num_inference_steps': 10,
            'optimizer_betas': [0.9, 0.95],
            'optimizer_eps': 1e-08,
            'optimizer_grad_clip_norm': 1.0,
            'optimizer_lr': 9.4e-05,
            'optimizer_weight_decay': 1e-10,
            'output_features': {},
            'paligemma_variant': 'gemma_2b',
            'pretrained_path': 'models/pi05_base_v051compat',
            'private': None,
            'push_to_hub': True,
            'repo_id': 'coport-uni/FR5_task2_transfer_the_gray_tablets_from_the_brown_bottle_into_another_brown_bottle_50_pi05_b200_model',
            'rtc_config': None,
            'scheduler_decay_lr': 2.5e-06,
            'scheduler_decay_steps': 30000,
            'scheduler_warmup_steps': 1000,
            'tags': None,
            'time_sampling_beta_alpha': 1.5,
            'time_sampling_beta_beta': 1.0,
            'time_sampling_offset': 0.001,
            'time_sampling_scale': 0.999,
            'tokenizer_max_length': 200,
            'train_expert_only': False,
            'type': 'pi05',
            'use_amp': False,
            'use_peft': False},
 'rabc_epsilon': 1e-06,
 'rabc_head_mode': 'sparse',
 'rabc_kappa': 0.01,
 'rabc_progress_path': None,
 'rename_map': {},
 'resume': False,
 'save_checkpoint': True,
 'save_freq': 3000,
 'scheduler': {'decay_lr': 2.5e-06,
               'num_decay_steps': 30000,
               'num_warmup_steps': 1000,
               'peak_lr': 9.4e-05,
               'type': 'cosine_decay_with_warmup'},
 'seed': 55,
 'steps': 30000,
 'tolerance_s': 0.1,
 'use_policy_training_preset': True,
 'use_rabc': False,
 'wandb': {'add_tags': True,
           'disable_artifact': False,
           'enable': False,
           'entity': None,
           'mode': None,
           'notes': None,
           'project': 'lerobot',
           'run_id': None}}
INFO 2026-07-19 09:18:50 ot_train.py:225 [1m[33mLogs will be saved locally.[0m
INFO 2026-07-19 09:18:50 ot_train.py:241 Creating dataset
DEBUG 2026-07-19 09:18:50 ock/_api.py:536 Attempting to acquire lock 129378871714944 on /NHNHOME/workspace/sungwoo/hf_cache/datasets/_NHNHOME_workspace_sungwoo_hf_cache_datasets_parquet_default-f896360292013b54_0.0.0_ec3958b52035e87929642b609b5a781870321434b151a14fbe8fd5a26ff494bb.lock
DEBUG 2026-07-19 09:18:50 ock/_api.py:539 Lock 129378871714944 acquired on /NHNHOME/workspace/sungwoo/hf_cache/datasets/_NHNHOME_workspace_sungwoo_hf_cache_datasets_parquet_default-f896360292013b54_0.0.0_ec3958b52035e87929642b609b5a781870321434b151a14fbe8fd5a26ff494bb.lock
DEBUG 2026-07-19 09:18:50 ns/local.py:383 open file: /NHNHOME/workspace/sungwoo/hf_cache/datasets/parquet/default-f896360292013b54/0.0.0/ec3958b52035e87929642b609b5a781870321434b151a14fbe8fd5a26ff494bb/dataset_info.json
DEBUG 2026-07-19 09:18:50 ock/_api.py:568 Attempting to release lock 129378871714944 on /NHNHOME/workspace/sungwoo/hf_cache/datasets/_NHNHOME_workspace_sungwoo_hf_cache_datasets_parquet_default-f896360292013b54_0.0.0_ec3958b52035e87929642b609b5a781870321434b151a14fbe8fd5a26ff494bb.lock
DEBUG 2026-07-19 09:18:50 ock/_api.py:572 Lock 129378871714944 released on /NHNHOME/workspace/sungwoo/hf_cache/datasets/_NHNHOME_workspace_sungwoo_hf_cache_datasets_parquet_default-f896360292013b54_0.0.0_ec3958b52035e87929642b609b5a781870321434b151a14fbe8fd5a26ff494bb.lock
DEBUG 2026-07-19 09:18:50 ock/_api.py:536 Attempting to acquire lock 129378872671792 on /NHNHOME/workspace/sungwoo/hf_cache/datasets/parquet/default-f896360292013b54/0.0.0/ec3958b52035e87929642b609b5a781870321434b151a14fbe8fd5a26ff494bb_builder.lock
DEBUG 2026-07-19 09:18:50 ock/_api.py:539 Lock 129378872671792 acquired on /NHNHOME/workspace/sungwoo/hf_cache/datasets/parquet/default-f896360292013b54/0.0.0/ec3958b52035e87929642b609b5a781870321434b151a14fbe8fd5a26ff494bb_builder.lock
DEBUG 2026-07-19 09:18:50 ns/local.py:383 open file: /NHNHOME/workspace/sungwoo/hf_cache/datasets/parquet/default-f896360292013b54/0.0.0/ec3958b52035e87929642b609b5a781870321434b151a14fbe8fd5a26ff494bb/dataset_info.json
DEBUG 2026-07-19 09:18:50 ock/_api.py:568 Attempting to release lock 129378872671792 on /NHNHOME/workspace/sungwoo/hf_cache/datasets/parquet/default-f896360292013b54/0.0.0/ec3958b52035e87929642b609b5a781870321434b151a14fbe8fd5a26ff494bb_builder.lock
DEBUG 2026-07-19 09:18:50 ock/_api.py:572 Lock 129378872671792 released on /NHNHOME/workspace/sungwoo/hf_cache/datasets/parquet/default-f896360292013b54/0.0.0/ec3958b52035e87929642b609b5a781870321434b151a14fbe8fd5a26ff494bb_builder.lock
INFO 2026-07-19 09:18:50 eo_utils.py:108 Using video codec: libsvtav1
DEBUG 2026-07-19 09:18:50 ock/_api.py:536 Attempting to acquire lock 129378866816032 on /NHNHOME/workspace/sungwoo/hf_cache/datasets/_NHNHOME_workspace_sungwoo_hf_cache_datasets_parquet_default-f896360292013b54_0.0.0_ec3958b52035e87929642b609b5a781870321434b151a14fbe8fd5a26ff494bb.lock
DEBUG 2026-07-19 09:18:50 ock/_api.py:539 Lock 129378866816032 acquired on /NHNHOME/workspace/sungwoo/hf_cache/datasets/_NHNHOME_workspace_sungwoo_hf_cache_datasets_parquet_default-f896360292013b54_0.0.0_ec3958b52035e87929642b609b5a781870321434b151a14fbe8fd5a26ff494bb.lock
DEBUG 2026-07-19 09:18:50 ns/local.py:383 open file: /NHNHOME/workspace/sungwoo/hf_cache/datasets/parquet/default-f896360292013b54/0.0.0/ec3958b52035e87929642b609b5a781870321434b151a14fbe8fd5a26ff494bb/dataset_info.json
DEBUG 2026-07-19 09:18:50 ock/_api.py:568 Attempting to release lock 129378866816032 on /NHNHOME/workspace/sungwoo/hf_cache/datasets/_NHNHOME_workspace_sungwoo_hf_cache_datasets_parquet_default-f896360292013b54_0.0.0_ec3958b52035e87929642b609b5a781870321434b151a14fbe8fd5a26ff494bb.lock
DEBUG 2026-07-19 09:18:50 ock/_api.py:572 Lock 129378866816032 released on /NHNHOME/workspace/sungwoo/hf_cache/datasets/_NHNHOME_workspace_sungwoo_hf_cache_datasets_parquet_default-f896360292013b54_0.0.0_ec3958b52035e87929642b609b5a781870321434b151a14fbe8fd5a26ff494bb.lock
DEBUG 2026-07-19 09:18:50 ock/_api.py:536 Attempting to acquire lock 129378872486480 on /NHNHOME/workspace/sungwoo/hf_cache/datasets/parquet/default-f896360292013b54/0.0.0/ec3958b52035e87929642b609b5a781870321434b151a14fbe8fd5a26ff494bb_builder.lock
DEBUG 2026-07-19 09:18:50 ock/_api.py:539 Lock 129378872486480 acquired on /NHNHOME/workspace/sungwoo/hf_cache/datasets/parquet/default-f896360292013b54/0.0.0/ec3958b52035e87929642b609b5a781870321434b151a14fbe8fd5a26ff494bb_builder.lock
DEBUG 2026-07-19 09:18:50 ns/local.py:383 open file: /NHNHOME/workspace/sungwoo/hf_cache/datasets/parquet/default-f896360292013b54/0.0.0/ec3958b52035e87929642b609b5a781870321434b151a14fbe8fd5a26ff494bb/dataset_info.json
DEBUG 2026-07-19 09:18:50 ock/_api.py:568 Attempting to release lock 129378872486480 on /NHNHOME/workspace/sungwoo/hf_cache/datasets/parquet/default-f896360292013b54/0.0.0/ec3958b52035e87929642b609b5a781870321434b151a14fbe8fd5a26ff494bb_builder.lock
DEBUG 2026-07-19 09:18:50 ock/_api.py:572 Lock 129378872486480 released on /NHNHOME/workspace/sungwoo/hf_cache/datasets/parquet/default-f896360292013b54/0.0.0/ec3958b52035e87929642b609b5a781870321434b151a14fbe8fd5a26ff494bb_builder.lock
DEBUG 2026-07-19 09:18:50 ock/_api.py:536 Attempting to acquire lock 129378866982560 on /NHNHOME/workspace/sungwoo/hf_cache/datasets/_NHNHOME_workspace_sungwoo_hf_cache_datasets_parquet_default-afa5279ae0445a2e_0.0.0_ec3958b52035e87929642b609b5a781870321434b151a14fbe8fd5a26ff494bb.lock
DEBUG 2026-07-19 09:18:50 ock/_api.py:539 Lock 129378866982560 acquired on /NHNHOME/workspace/sungwoo/hf_cache/datasets/_NHNHOME_workspace_sungwoo_hf_cache_datasets_parquet_default-afa5279ae0445a2e_0.0.0_ec3958b52035e87929642b609b5a781870321434b151a14fbe8fd5a26ff494bb.lock
DEBUG 2026-07-19 09:18:50 ns/local.py:383 open file: /NHNHOME/workspace/sungwoo/hf_cache/datasets/parquet/default-afa5279ae0445a2e/0.0.0/ec3958b52035e87929642b609b5a781870321434b151a14fbe8fd5a26ff494bb/dataset_info.json
DEBUG 2026-07-19 09:18:50 ock/_api.py:568 Attempting to release lock 129378866982560 on /NHNHOME/workspace/sungwoo/hf_cache/datasets/_NHNHOME_workspace_sungwoo_hf_cache_datasets_parquet_default-afa5279ae0445a2e_0.0.0_ec3958b52035e87929642b609b5a781870321434b151a14fbe8fd5a26ff494bb.lock
DEBUG 2026-07-19 09:18:50 ock/_api.py:572 Lock 129378866982560 released on /NHNHOME/workspace/sungwoo/hf_cache/datasets/_NHNHOME_workspace_sungwoo_hf_cache_datasets_parquet_default-afa5279ae0445a2e_0.0.0_ec3958b52035e87929642b609b5a781870321434b151a14fbe8fd5a26ff494bb.lock
DEBUG 2026-07-19 09:18:50 ock/_api.py:536 Attempting to acquire lock 129378866982560 on /NHNHOME/workspace/sungwoo/hf_cache/datasets/parquet/default-afa5279ae0445a2e/0.0.0/ec3958b52035e87929642b609b5a781870321434b151a14fbe8fd5a26ff494bb_builder.lock
DEBUG 2026-07-19 09:18:50 ock/_api.py:539 Lock 129378866982560 acquired on /NHNHOME/workspace/sungwoo/hf_cache/datasets/parquet/default-afa5279ae0445a2e/0.0.0/ec3958b52035e87929642b609b5a781870321434b151a14fbe8fd5a26ff494bb_builder.lock
DEBUG 2026-07-19 09:18:50 ns/local.py:383 open file: /NHNHOME/workspace/sungwoo/hf_cache/datasets/parquet/default-afa5279ae0445a2e/0.0.0/ec3958b52035e87929642b609b5a781870321434b151a14fbe8fd5a26ff494bb/dataset_info.json
DEBUG 2026-07-19 09:18:50 ock/_api.py:568 Attempting to release lock 129378866982560 on /NHNHOME/workspace/sungwoo/hf_cache/datasets/parquet/default-afa5279ae0445a2e/0.0.0/ec3958b52035e87929642b609b5a781870321434b151a14fbe8fd5a26ff494bb_builder.lock
DEBUG 2026-07-19 09:18:50 ock/_api.py:572 Lock 129378866982560 released on /NHNHOME/workspace/sungwoo/hf_cache/datasets/parquet/default-afa5279ae0445a2e/0.0.0/ec3958b52035e87929642b609b5a781870321434b151a14fbe8fd5a26ff494bb_builder.lock
INFO 2026-07-19 09:18:51 ot_train.py:259 Creating policy
INFO 2026-07-19 09:19:57 ing_pi05.py:598 Enabled gradient checkpointing for PI05Pytorch model
WARNING 2026-07-19 09:20:00 ng_pi05.py:1102 Vision embedding key might need handling: paligemma_with_expert.paligemma.model.vision_tower.vision_model.embeddings.patch_embedding.bias
WARNING 2026-07-19 09:20:00 ng_pi05.py:1102 Vision embedding key might need handling: paligemma_with_expert.paligemma.model.vision_tower.vision_model.embeddings.patch_embedding.weight
DEBUG 2026-07-19 09:20:22 re/_trace.py:47 connect_tcp.started host='huggingface.co' port=443 local_address=None timeout=10 socket_options=None
DEBUG 2026-07-19 09:20:22 re/_trace.py:47 connect_tcp.complete return_value=<httpcore._backends.sync.SyncStream object at 0x75a8bf26e540>
DEBUG 2026-07-19 09:20:22 re/_trace.py:47 start_tls.started ssl_context=<ssl.SSLContext object at 0x75a8bf25e650> server_hostname='huggingface.co' timeout=10
DEBUG 2026-07-19 09:20:22 re/_trace.py:47 start_tls.complete return_value=<httpcore._backends.sync.SyncStream object at 0x75a8bf26e4b0>
DEBUG 2026-07-19 09:20:22 re/_trace.py:47 send_request_headers.started request=<Request [b'HEAD']>
DEBUG 2026-07-19 09:20:22 re/_trace.py:47 send_request_headers.complete
DEBUG 2026-07-19 09:20:22 re/_trace.py:47 send_request_body.started request=<Request [b'HEAD']>
DEBUG 2026-07-19 09:20:22 re/_trace.py:47 send_request_body.complete
DEBUG 2026-07-19 09:20:22 re/_trace.py:47 receive_response_headers.started request=<Request [b'HEAD']>
DEBUG 2026-07-19 09:20:22 re/_trace.py:47 receive_response_headers.complete return_value=(b'HTTP/1.1', 200, b'OK', [(b'Content-Type', b'text/plain; charset=utf-8'), (b'Content-Length', b'1027'), (b'Connection', b'keep-alive'), (b'Date', b'Sun, 19 Jul 2026 00:20:22 GMT'), (b'ETag', b'"b89393ba09b432265173f688b8a41a2c3c9e3e4c"'), (b'X-Powered-By', b'huggingface-moon'), (b'X-Request-Id', b'Root=1-6a5c1846-6ba16e80285b00f110acee5e;f0502cd3-b89e-4278-a63d-0ace84c077f7'), (b'RateLimit', b'"resolvers";r=4995;t=200'), (b'RateLimit-Policy', b'"fixed window";"resolvers";q=5000;w=300'), (b'cross-origin-opener-policy', b'same-origin'), (b'Referrer-Policy', b'strict-origin-when-cross-origin'), (b'Access-Control-Max-Age', b'86400'), (b'Access-Control-Allow-Origin', b'https://huggingface.co'), (b'Vary', b'Origin'), (b'Access-Control-Expose-Headers', b'X-Repo-Commit,X-Request-Id,X-Error-Code,X-Error-Message,X-Total-Count,ETag,Link,Accept-Ranges,Content-Range,X-Linked-Size,X-Linked-ETag,X-Xet-Hash'), (b'X-Repo-Commit', b'35e4f46485b4d07967e7e9935bc3786aad50687c'), (b'Accept-Ranges', b'bytes'), (b'X-Hub-Cache', b'MISS'), (b'Content-Disposition', b'inline; filename*=UTF-8\'\'config.json; filename="config.json";'), (b'Content-Security-Policy', b"default-src 'none'; sandbox"), (b'X-Cache', b'Miss from cloudfront'), (b'Via', b'1.1 cd59529676cd6614aefd1a455d902808.cloudfront.net (CloudFront)'), (b'X-Amz-Cf-Pop', b'ICN57-P5'), (b'Alt-Svc', b'h3=":443"; ma=86400'), (b'X-Amz-Cf-Id', b'FGoNpH6HzR0xT30QxDjrDM4O2tnzTbSsS6qEOBDLNCnu6tjfifHmNw==')])
INFO 2026-07-19 09:20:22 _client.py:1025 HTTP Request: HEAD https://huggingface.co/google/paligemma-3b-pt-224/resolve/main/config.json "HTTP/1.1 200 OK"
DEBUG 2026-07-19 09:20:22 re/_trace.py:47 receive_response_body.started request=<Request [b'HEAD']>
DEBUG 2026-07-19 09:20:22 re/_trace.py:47 receive_response_body.complete
DEBUG 2026-07-19 09:20:22 re/_trace.py:47 response_closed.started
DEBUG 2026-07-19 09:20:22 re/_trace.py:47 response_closed.complete
DEBUG 2026-07-19 09:20:22 re/_trace.py:47 send_request_headers.started request=<Request [b'HEAD']>
DEBUG 2026-07-19 09:20:22 re/_trace.py:47 send_request_headers.complete
DEBUG 2026-07-19 09:20:22 re/_trace.py:47 send_request_body.started request=<Request [b'HEAD']>
DEBUG 2026-07-19 09:20:22 re/_trace.py:47 send_request_body.complete
DEBUG 2026-07-19 09:20:22 re/_trace.py:47 receive_response_headers.started request=<Request [b'HEAD']>
DEBUG 2026-07-19 09:20:23 re/_trace.py:47 receive_response_headers.complete return_value=(b'HTTP/1.1', 200, b'OK', [(b'Content-Type', b'text/plain; charset=utf-8'), (b'Content-Length', b'39968'), (b'Connection', b'keep-alive'), (b'Date', b'Sun, 19 Jul 2026 00:20:22 GMT'), (b'ETag', b'"960dcec0bccc6e594d865eceb63c8078e164cfb2"'), (b'X-Powered-By', b'huggingface-moon'), (b'X-Request-Id', b'Root=1-6a5c1846-4289d83067bbc0f3255e0630;574193d1-0cf4-42ea-a786-4bf502294ede'), (b'RateLimit', b'"resolvers";r=4994;t=200'), (b'RateLimit-Policy', b'"fixed window";"resolvers";q=5000;w=300'), (b'cross-origin-opener-policy', b'same-origin'), (b'Referrer-Policy', b'strict-origin-when-cross-origin'), (b'Access-Control-Max-Age', b'86400'), (b'Access-Control-Allow-Origin', b'https://huggingface.co'), (b'Vary', b'Origin'), (b'Access-Control-Expose-Headers', b'X-Repo-Commit,X-Request-Id,X-Error-Code,X-Error-Message,X-Total-Count,ETag,Link,Accept-Ranges,Content-Range,X-Linked-Size,X-Linked-ETag,X-Xet-Hash'), (b'X-Repo-Commit', b'35e4f46485b4d07967e7e9935bc3786aad50687c'), (b'Accept-Ranges', b'bytes'), (b'X-Hub-Cache', b'MISS'), (b'Content-Disposition', b'inline; filename*=UTF-8\'\'tokenizer_config.json; filename="tokenizer_config.json";'), (b'Content-Security-Policy', b"default-src 'none'; sandbox"), (b'X-Cache', b'Miss from cloudfront'), (b'Via', b'1.1 cd59529676cd6614aefd1a455d902808.cloudfront.net (CloudFront)'), (b'X-Amz-Cf-Pop', b'ICN57-P5'), (b'Alt-Svc', b'h3=":443"; ma=86400'), (b'X-Amz-Cf-Id', b'zM3T1MlqlDeVxciUqEIzJeCwyvLJroMr7-BKD3KbKbWv_16knWQHKg==')])
INFO 2026-07-19 09:20:23 _client.py:1025 HTTP Request: HEAD https://huggingface.co/google/paligemma-3b-pt-224/resolve/main/tokenizer_config.json "HTTP/1.1 200 OK"
DEBUG 2026-07-19 09:20:23 re/_trace.py:47 receive_response_body.started request=<Request [b'HEAD']>
DEBUG 2026-07-19 09:20:23 re/_trace.py:47 receive_response_body.complete
DEBUG 2026-07-19 09:20:23 re/_trace.py:47 response_closed.started
DEBUG 2026-07-19 09:20:23 re/_trace.py:47 response_closed.complete
DEBUG 2026-07-19 09:20:23 re/_trace.py:47 send_request_headers.started request=<Request [b'GET']>
DEBUG 2026-07-19 09:20:23 re/_trace.py:47 send_request_headers.complete
DEBUG 2026-07-19 09:20:23 re/_trace.py:47 send_request_body.started request=<Request [b'GET']>
DEBUG 2026-07-19 09:20:23 re/_trace.py:47 send_request_body.complete
DEBUG 2026-07-19 09:20:23 re/_trace.py:47 receive_response_headers.started request=<Request [b'GET']>
DEBUG 2026-07-19 09:20:23 re/_trace.py:47 receive_response_headers.complete return_value=(b'HTTP/1.1', 404, b'Not Found', [(b'Content-Type', b'application/json; charset=utf-8'), (b'Content-Length', b'64'), (b'Connection', b'keep-alive'), (b'Date', b'Sun, 19 Jul 2026 00:20:23 GMT'), (b'ETag', b'W/"40-09f9IAqP13xarAhQxFS2W8rvRkM"'), (b'X-Powered-By', b'huggingface-moon'), (b'X-Request-Id', b'Root=1-6a5c1847-6038d11e2b3fcac04476696d;0b8d136d-e94f-4bf8-85b5-11febd5aeab1'), (b'RateLimit', b'"api";r=995;t=199'), (b'RateLimit-Policy', b'"fixed window";"api";q=1000;w=300'), (b'cross-origin-opener-policy', b'same-origin'), (b'Referrer-Policy', b'strict-origin-when-cross-origin'), (b'Access-Control-Max-Age', b'86400'), (b'Access-Control-Allow-Origin', b'https://huggingface.co'), (b'Vary', b'Origin'), (b'Access-Control-Expose-Headers', b'X-Repo-Commit,X-Request-Id,X-Error-Code,X-Error-Message,X-Total-Count,ETag,Link,Accept-Ranges,Content-Range,X-Linked-Size,X-Linked-ETag,X-Xet-Hash'), (b'X-Error-Code', b'EntryNotFound'), (b'X-Error-Message', b'additional_chat_templates does not exist on "main"'), (b'X-Cache', b'Error from cloudfront'), (b'Via', b'1.1 cd59529676cd6614aefd1a455d902808.cloudfront.net (CloudFront)'), (b'X-Amz-Cf-Pop', b'ICN57-P5'), (b'Alt-Svc', b'h3=":443"; ma=86400'), (b'X-Amz-Cf-Id', b'XL8GwKU2NMR5MermgLEBOkC3cwDzVIsh8jP8PkRVVbhasiFnY9pI1A==')])
INFO 2026-07-19 09:20:23 _client.py:1025 HTTP Request: GET https://huggingface.co/api/models/google/paligemma-3b-pt-224/tree/main/additional_chat_templates?recursive=false&expand=false "HTTP/1.1 404 Not Found"
DEBUG 2026-07-19 09:20:23 re/_trace.py:47 receive_response_body.started request=<Request [b'GET']>
DEBUG 2026-07-19 09:20:23 re/_trace.py:47 receive_response_body.complete
DEBUG 2026-07-19 09:20:23 re/_trace.py:47 response_closed.started
DEBUG 2026-07-19 09:20:23 re/_trace.py:47 response_closed.complete
DEBUG 2026-07-19 09:20:23 re/_trace.py:47 send_request_headers.started request=<Request [b'GET']>
DEBUG 2026-07-19 09:20:23 re/_trace.py:47 send_request_headers.complete
DEBUG 2026-07-19 09:20:23 re/_trace.py:47 send_request_body.started request=<Request [b'GET']>
DEBUG 2026-07-19 09:20:23 re/_trace.py:47 send_request_body.complete
DEBUG 2026-07-19 09:20:23 re/_trace.py:47 receive_response_headers.started request=<Request [b'GET']>
DEBUG 2026-07-19 09:20:23 re/_trace.py:47 receive_response_headers.complete return_value=(b'HTTP/1.1', 200, b'OK', [(b'Content-Type', b'application/json; charset=utf-8'), (b'Transfer-Encoding', b'chunked'), (b'Connection', b'keep-alive'), (b'Date', b'Sun, 19 Jul 2026 00:20:23 GMT'), (b'content-encoding', b'gzip'), (b'ETag', b'W/"9c5-q9seafptu6jJvow4apCGJpG2b2M"'), (b'X-Powered-By', b'huggingface-moon'), (b'X-Request-Id', b'Root=1-6a5c1847-7fee84313247e27750dc220a;34ff0b00-bfb3-4666-a985-9677c4a85e59'), (b'RateLimit', b'"api";r=994;t=199'), (b'RateLimit-Policy', b'"fixed window";"api";q=1000;w=300'), (b'cross-origin-opener-policy', b'same-origin'), (b'Referrer-Policy', b'strict-origin-when-cross-origin'), (b'Access-Control-Max-Age', b'86400'), (b'Access-Control-Allow-Origin', b'https://huggingface.co'), (b'Vary', b'Origin'), (b'vary', b'Accept-Encoding'), (b'Access-Control-Expose-Headers', b'X-Repo-Commit,X-Request-Id,X-Error-Code,X-Error-Message,X-Total-Count,ETag,Link,Accept-Ranges,Content-Range,X-Linked-Size,X-Linked-ETag,X-Xet-Hash'), (b'X-Cache', b'Miss from cloudfront'), (b'Via', b'1.1 cd59529676cd6614aefd1a455d902808.cloudfront.net (CloudFront)'), (b'X-Amz-Cf-Pop', b'ICN57-P5'), (b'Alt-Svc', b'h3=":443"; ma=86400'), (b'X-Amz-Cf-Id', b'lyHfeUyRcGdFy1dvfkAwdIEMOEIydtVa5BzVrMZDAFBktr7FH_Cabg==')])
INFO 2026-07-19 09:20:23 _client.py:1025 HTTP Request: GET https://huggingface.co/api/models/google/paligemma-3b-pt-224/tree/main?recursive=true&expand=false "HTTP/1.1 200 OK"
DEBUG 2026-07-19 09:20:23 re/_trace.py:47 receive_response_body.started request=<Request [b'GET']>
DEBUG 2026-07-19 09:20:23 re/_trace.py:47 receive_response_body.complete
DEBUG 2026-07-19 09:20:23 re/_trace.py:47 response_closed.started
DEBUG 2026-07-19 09:20:23 re/_trace.py:47 response_closed.complete
DEBUG 2026-07-19 09:20:24 re/_trace.py:47 send_request_headers.started request=<Request [b'GET']>
DEBUG 2026-07-19 09:20:24 re/_trace.py:47 send_request_headers.complete
DEBUG 2026-07-19 09:20:24 re/_trace.py:47 send_request_body.started request=<Request [b'GET']>
DEBUG 2026-07-19 09:20:24 re/_trace.py:47 send_request_body.complete
DEBUG 2026-07-19 09:20:24 re/_trace.py:47 receive_response_headers.started request=<Request [b'GET']>
DEBUG 2026-07-19 09:20:24 re/_trace.py:47 receive_response_headers.complete return_value=(b'HTTP/1.1', 200, b'OK', [(b'Content-Type', b'application/json; charset=utf-8'), (b'Transfer-Encoding', b'chunked'), (b'Connection', b'keep-alive'), (b'Date', b'Sun, 19 Jul 2026 00:20:24 GMT'), (b'content-encoding', b'gzip'), (b'ETag', b'W/"d05-H5To/egfngSPmNVZNRGTbsxpTGw"'), (b'X-Powered-By', b'huggingface-moon'), (b'X-Request-Id', b'Root=1-6a5c1848-63e69ade2ce0f77773fa5cb1;9d304a1e-0f01-4730-a4f3-e550027a9ae6'), (b'RateLimit', b'"api";r=991;t=198'), (b'RateLimit-Policy', b'"fixed window";"api";q=1000;w=300'), (b'cross-origin-opener-policy', b'same-origin'), (b'Referrer-Policy', b'strict-origin-when-cross-origin'), (b'Access-Control-Max-Age', b'86400'), (b'Access-Control-Allow-Origin', b'https://huggingface.co'), (b'Vary', b'Origin'), (b'vary', b'Accept-Encoding'), (b'Access-Control-Expose-Headers', b'X-Repo-Commit,X-Request-Id,X-Error-Code,X-Error-Message,X-Total-Count,ETag,Link,Accept-Ranges,Content-Range,X-Linked-Size,X-Linked-ETag,X-Xet-Hash'), (b'X-Cache', b'Miss from cloudfront'), (b'Via', b'1.1 cd59529676cd6614aefd1a455d902808.cloudfront.net (CloudFront)'), (b'X-Amz-Cf-Pop', b'ICN57-P5'), (b'Alt-Svc', b'h3=":443"; ma=86400'), (b'X-Amz-Cf-Id', b'aBMne8XcP6ogZ-R439qd-TDhM5QI5YHSI1xrisx8xqEtjRjXHsKMug==')])
INFO 2026-07-19 09:20:24 _client.py:1025 HTTP Request: GET https://huggingface.co/api/models/google/paligemma-3b-pt-224 "HTTP/1.1 200 OK"
DEBUG 2026-07-19 09:20:24 re/_trace.py:47 receive_response_body.started request=<Request [b'GET']>
DEBUG 2026-07-19 09:20:24 re/_trace.py:47 receive_response_body.complete
DEBUG 2026-07-19 09:20:24 re/_trace.py:47 response_closed.started
DEBUG 2026-07-19 09:20:24 re/_trace.py:47 response_closed.complete
INFO 2026-07-19 09:20:24 ot_train.py:314 Creating optimizer and scheduler
INFO 2026-07-19 09:20:24 ot_train.py:349 [1m[33mOutput dir:[0m outputs/train/FR5_task2_transfer_the_gray_tablets_from_the_brown_bottle_into_another_brown_bottle_50_pi05_b200
INFO 2026-07-19 09:20:24 ot_train.py:356 cfg.steps=30000 (30K)
INFO 2026-07-19 09:20:24 ot_train.py:357 dataset.num_frames=72541 (73K)
INFO 2026-07-19 09:20:24 ot_train.py:358 dataset.num_episodes=50
INFO 2026-07-19 09:20:24 ot_train.py:361 Effective batch size: 152 x 3 = 456
INFO 2026-07-19 09:20:24 ot_train.py:362 num_learnable_params=4143404816 (4B)
INFO 2026-07-19 09:20:24 ot_train.py:363 num_total_params=4143404816 (4B)
INFO 2026-07-19 09:20:24 ot_train.py:427 Start offline training on a fixed dataset, with effective batch size: 456
DEBUG 2026-07-19 09:20:24 re/_trace.py:47 close.started
DEBUG 2026-07-19 09:20:24 re/_trace.py:47 close.complete
DEBUG 2026-07-19 09:20:24 re/_trace.py:47 close.started
DEBUG 2026-07-19 09:20:24 re/_trace.py:47 close.complete
DEBUG 2026-07-19 09:20:24 re/_trace.py:47 close.started
DEBUG 2026-07-19 09:20:24 re/_trace.py:47 close.complete
DEBUG 2026-07-19 09:20:24 re/_trace.py:47 close.started
DEBUG 2026-07-19 09:20:24 re/_trace.py:47 close.complete
DEBUG 2026-07-19 09:20:24 re/_trace.py:47 close.started
DEBUG 2026-07-19 09:20:24 re/_trace.py:47 close.complete
DEBUG 2026-07-19 09:20:24 re/_trace.py:47 close.started
DEBUG 2026-07-19 09:20:24 re/_trace.py:47 close.complete
DEBUG 2026-07-19 09:20:25 re/_trace.py:47 close.started
DEBUG 2026-07-19 09:20:25 re/_trace.py:47 close.complete
DEBUG 2026-07-19 09:20:25 re/_trace.py:47 close.started
DEBUG 2026-07-19 09:20:25 re/_trace.py:47 close.complete
DEBUG 2026-07-19 09:20:25 re/_trace.py:47 close.started
DEBUG 2026-07-19 09:20:25 re/_trace.py:47 close.complete
DEBUG 2026-07-19 09:20:25 re/_trace.py:47 close.started
DEBUG 2026-07-19 09:20:25 re/_trace.py:47 close.complete
DEBUG 2026-07-19 09:21:18 ock/_api.py:536 Attempting to acquire lock 129344975106512 on /NHNHOME/WORKSPACE/26msit002_E/appeal_workspace/sungwoo/FR5ControllerVLA/.cache/torchinductor/locks/cf3c2y3itjriwbc3lx4pjamef6f2iyh5u7427we2pywnktc4srcq.lock
DEBUG 2026-07-19 09:21:18 ock/_api.py:551 Lock 129344975106512 not acquired on /NHNHOME/WORKSPACE/26msit002_E/appeal_workspace/sungwoo/FR5ControllerVLA/.cache/torchinductor/locks/cf3c2y3itjriwbc3lx4pjamef6f2iyh5u7427we2pywnktc4srcq.lock, waiting 0.05 seconds ...
DEBUG 2026-07-19 09:21:18 ock/_api.py:536 Attempting to acquire lock 129344975106512 on /NHNHOME/WORKSPACE/26msit002_E/appeal_workspace/sungwoo/FR5ControllerVLA/.cache/torchinductor/locks/cf3c2y3itjriwbc3lx4pjamef6f2iyh5u7427we2pywnktc4srcq.lock
DEBUG 2026-07-19 09:21:18 ock/_api.py:551 Lock 129344975106512 not acquired on /NHNHOME/WORKSPACE/26msit002_E/appeal_workspace/sungwoo/FR5ControllerVLA/.cache/torchinductor/locks/cf3c2y3itjriwbc3lx4pjamef6f2iyh5u7427we2pywnktc4srcq.lock, waiting 0.05 seconds ...
DEBUG 2026-07-19 09:21:18 ock/_api.py:536 Attempting to acquire lock 129344975106512 on /NHNHOME/WORKSPACE/26msit002_E/appeal_workspace/sungwoo/FR5ControllerVLA/.cache/torchinductor/locks/cf3c2y3itjriwbc3lx4pjamef6f2iyh5u7427we2pywnktc4srcq.lock
DEBUG 2026-07-19 09:21:18 ock/_api.py:551 Lock 129344975106512 not acquired on /NHNHOME/WORKSPACE/26msit002_E/appeal_workspace/sungwoo/FR5ControllerVLA/.cache/torchinductor/locks/cf3c2y3itjriwbc3lx4pjamef6f2iyh5u7427we2pywnktc4srcq.lock, waiting 0.05 seconds ...
DEBUG 2026-07-19 09:21:18 ock/_api.py:536 Attempting to acquire lock 129344975106512 on /NHNHOME/WORKSPACE/26msit002_E/appeal_workspace/sungwoo/FR5ControllerVLA/.cache/torchinductor/locks/cf3c2y3itjriwbc3lx4pjamef6f2iyh5u7427we2pywnktc4srcq.lock
DEBUG 2026-07-19 09:21:18 ock/_api.py:551 Lock 129344975106512 not acquired on /NHNHOME/WORKSPACE/26msit002_E/appeal_workspace/sungwoo/FR5ControllerVLA/.cache/torchinductor/locks/cf3c2y3itjriwbc3lx4pjamef6f2iyh5u7427we2pywnktc4srcq.lock, waiting 0.05 seconds ...
DEBUG 2026-07-19 09:21:18 ock/_api.py:536 Attempting to acquire lock 129344975106512 on /NHNHOME/WORKSPACE/26msit002_E/appeal_workspace/sungwoo/FR5ControllerVLA/.cache/torchinductor/locks/cf3c2y3itjriwbc3lx4pjamef6f2iyh5u7427we2pywnktc4srcq.lock
DEBUG 2026-07-19 09:21:18 ock/_api.py:551 Lock 129344975106512 not acquired on /NHNHOME/WORKSPACE/26msit002_E/appeal_workspace/sungwoo/FR5ControllerVLA/.cache/torchinductor/locks/cf3c2y3itjriwbc3lx4pjamef6f2iyh5u7427we2pywnktc4srcq.lock, waiting 0.05 seconds ...
DEBUG 2026-07-19 09:21:18 ock/_api.py:536 Attempting to acquire lock 129344975106512 on /NHNHOME/WORKSPACE/26msit002_E/appeal_workspace/sungwoo/FR5ControllerVLA/.cache/torchinductor/locks/cf3c2y3itjriwbc3lx4pjamef6f2iyh5u7427we2pywnktc4srcq.lock
DEBUG 2026-07-19 09:21:18 ock/_api.py:551 Lock 129344975106512 not acquired on /NHNHOME/WORKSPACE/26msit002_E/appeal_workspace/sungwoo/FR5ControllerVLA/.cache/torchinductor/locks/cf3c2y3itjriwbc3lx4pjamef6f2iyh5u7427we2pywnktc4srcq.lock, waiting 0.05 seconds ...
DEBUG 2026-07-19 09:21:18 ock/_api.py:536 Attempting to acquire lock 129344975106512 on /NHNHOME/WORKSPACE/26msit002_E/appeal_workspace/sungwoo/FR5ControllerVLA/.cache/torchinductor/locks/cf3c2y3itjriwbc3lx4pjamef6f2iyh5u7427we2pywnktc4srcq.lock
DEBUG 2026-07-19 09:21:18 ock/_api.py:551 Lock 129344975106512 not acquired on /NHNHOME/WORKSPACE/26msit002_E/appeal_workspace/sungwoo/FR5ControllerVLA/.cache/torchinductor/locks/cf3c2y3itjriwbc3lx4pjamef6f2iyh5u7427we2pywnktc4srcq.lock, waiting 0.05 seconds ...
DEBUG 2026-07-19 09:21:18 ock/_api.py:536 Attempting to acquire lock 129344975106512 on /NHNHOME/WORKSPACE/26msit002_E/appeal_workspace/sungwoo/FR5ControllerVLA/.cache/torchinductor/locks/cf3c2y3itjriwbc3lx4pjamef6f2iyh5u7427we2pywnktc4srcq.lock
DEBUG 2026-07-19 09:21:18 ock/_api.py:551 Lock 129344975106512 not acquired on /NHNHOME/WORKSPACE/26msit002_E/appeal_workspace/sungwoo/FR5ControllerVLA/.cache/torchinductor/locks/cf3c2y3itjriwbc3lx4pjamef6f2iyh5u7427we2pywnktc4srcq.lock, waiting 0.05 seconds ...
DEBUG 2026-07-19 09:21:18 ock/_api.py:536 Attempting to acquire lock 129344975106512 on /NHNHOME/WORKSPACE/26msit002_E/appeal_workspace/sungwoo/FR5ControllerVLA/.cache/torchinductor/locks/cf3c2y3itjriwbc3lx4pjamef6f2iyh5u7427we2pywnktc4srcq.lock
DEBUG 2026-07-19 09:21:18 ock/_api.py:551 Lock 129344975106512 not acquired on /NHNHOME/WORKSPACE/26msit002_E/appeal_workspace/sungwoo/FR5ControllerVLA/.cache/torchinductor/locks/cf3c2y3itjriwbc3lx4pjamef6f2iyh5u7427we2pywnktc4srcq.lock, waiting 0.05 seconds ...
DEBUG 2026-07-19 09:21:18 ock/_api.py:536 Attempting to acquire lock 129344975106512 on /NHNHOME/WORKSPACE/26msit002_E/appeal_workspace/sungwoo/FR5ControllerVLA/.cache/torchinductor/locks/cf3c2y3itjriwbc3lx4pjamef6f2iyh5u7427we2pywnktc4srcq.lock
DEBUG 2026-07-19 09:21:18 ock/_api.py:551 Lock 129344975106512 not acquired on /NHNHOME/WORKSPACE/26msit002_E/appeal_workspace/sungwoo/FR5ControllerVLA/.cache/torchinductor/locks/cf3c2y3itjriwbc3lx4pjamef6f2iyh5u7427we2pywnktc4srcq.lock, waiting 0.05 seconds ...
DEBUG 2026-07-19 09:21:18 ock/_api.py:536 Attempting to acquire lock 129344975106512 on /NHNHOME/WORKSPACE/26msit002_E/appeal_workspace/sungwoo/FR5ControllerVLA/.cache/torchinductor/locks/cf3c2y3itjriwbc3lx4pjamef6f2iyh5u7427we2pywnktc4srcq.lock
DEBUG 2026-07-19 09:21:18 ock/_api.py:551 Lock 129344975106512 not acquired on /NHNHOME/WORKSPACE/26msit002_E/appeal_workspace/sungwoo/FR5ControllerVLA/.cache/torchinductor/locks/cf3c2y3itjriwbc3lx4pjamef6f2iyh5u7427we2pywnktc4srcq.lock, waiting 0.05 seconds ...
DEBUG 2026-07-19 09:21:18 ock/_api.py:536 Attempting to acquire lock 129344975106512 on /NHNHOME/WORKSPACE/26msit002_E/appeal_workspace/sungwoo/FR5ControllerVLA/.cache/torchinductor/locks/cf3c2y3itjriwbc3lx4pjamef6f2iyh5u7427we2pywnktc4srcq.lock
DEBUG 2026-07-19 09:21:18 ock/_api.py:551 Lock 129344975106512 not acquired on /NHNHOME/WORKSPACE/26msit002_E/appeal_workspace/sungwoo/FR5ControllerVLA/.cache/torchinductor/locks/cf3c2y3itjriwbc3lx4pjamef6f2iyh5u7427we2pywnktc4srcq.lock, waiting 0.05 seconds ...
DEBUG 2026-07-19 09:21:18 ock/_api.py:536 Attempting to acquire lock 129344975106512 on /NHNHOME/WORKSPACE/26msit002_E/appeal_workspace/sungwoo/FR5ControllerVLA/.cache/torchinductor/locks/cf3c2y3itjriwbc3lx4pjamef6f2iyh5u7427we2pywnktc4srcq.lock
DEBUG 2026-07-19 09:21:18 ock/_api.py:551 Lock 129344975106512 not acquired on /NHNHOME/WORKSPACE/26msit002_E/appeal_workspace/sungwoo/FR5ControllerVLA/.cache/torchinductor/locks/cf3c2y3itjriwbc3lx4pjamef6f2iyh5u7427we2pywnktc4srcq.lock, waiting 0.05 seconds ...
DEBUG 2026-07-19 09:21:18 ock/_api.py:536 Attempting to acquire lock 129344975106512 on /NHNHOME/WORKSPACE/26msit002_E/appeal_workspace/sungwoo/FR5ControllerVLA/.cache/torchinductor/locks/cf3c2y3itjriwbc3lx4pjamef6f2iyh5u7427we2pywnktc4srcq.lock
DEBUG 2026-07-19 09:21:18 ock/_api.py:551 Lock 129344975106512 not acquired on /NHNHOME/WORKSPACE/26msit002_E/appeal_workspace/sungwoo/FR5ControllerVLA/.cache/torchinductor/locks/cf3c2y3itjriwbc3lx4pjamef6f2iyh5u7427we2pywnktc4srcq.lock, waiting 0.05 seconds ...
DEBUG 2026-07-19 09:21:18 ock/_api.py:536 Attempting to acquire lock 129344975106512 on /NHNHOME/WORKSPACE/26msit002_E/appeal_workspace/sungwoo/FR5ControllerVLA/.cache/torchinductor/locks/cf3c2y3itjriwbc3lx4pjamef6f2iyh5u7427we2pywnktc4srcq.lock
DEBUG 2026-07-19 09:21:18 ock/_api.py:551 Lock 129344975106512 not acquired on /NHNHOME/WORKSPACE/26msit002_E/appeal_workspace/sungwoo/FR5ControllerVLA/.cache/torchinductor/locks/cf3c2y3itjriwbc3lx4pjamef6f2iyh5u7427we2pywnktc4srcq.lock, waiting 0.05 seconds ...
DEBUG 2026-07-19 09:21:18 ock/_api.py:536 Attempting to acquire lock 129344975106512 on /NHNHOME/WORKSPACE/26msit002_E/appeal_workspace/sungwoo/FR5ControllerVLA/.cache/torchinductor/locks/cf3c2y3itjriwbc3lx4pjamef6f2iyh5u7427we2pywnktc4srcq.lock
DEBUG 2026-07-19 09:21:18 ock/_api.py:551 Lock 129344975106512 not acquired on /NHNHOME/WORKSPACE/26msit002_E/appeal_workspace/sungwoo/FR5ControllerVLA/.cache/torchinductor/locks/cf3c2y3itjriwbc3lx4pjamef6f2iyh5u7427we2pywnktc4srcq.lock, waiting 0.05 seconds ...
DEBUG 2026-07-19 09:21:18 ock/_api.py:536 Attempting to acquire lock 129344975106512 on /NHNHOME/WORKSPACE/26msit002_E/appeal_workspace/sungwoo/FR5ControllerVLA/.cache/torchinductor/locks/cf3c2y3itjriwbc3lx4pjamef6f2iyh5u7427we2pywnktc4srcq.lock
DEBUG 2026-07-19 09:21:18 ock/_api.py:551 Lock 129344975106512 not acquired on /NHNHOME/WORKSPACE/26msit002_E/appeal_workspace/sungwoo/FR5ControllerVLA/.cache/torchinductor/locks/cf3c2y3itjriwbc3lx4pjamef6f2iyh5u7427we2pywnktc4srcq.lock, waiting 0.05 seconds ...
DEBUG 2026-07-19 09:21:19 ock/_api.py:536 Attempting to acquire lock 129344975106512 on /NHNHOME/WORKSPACE/26msit002_E/appeal_workspace/sungwoo/FR5ControllerVLA/.cache/torchinductor/locks/cf3c2y3itjriwbc3lx4pjamef6f2iyh5u7427we2pywnktc4srcq.lock
DEBUG 2026-07-19 09:21:19 ock/_api.py:551 Lock 129344975106512 not acquired on /NHNHOME/WORKSPACE/26msit002_E/appeal_workspace/sungwoo/FR5ControllerVLA/.cache/torchinductor/locks/cf3c2y3itjriwbc3lx4pjamef6f2iyh5u7427we2pywnktc4srcq.lock, waiting 0.05 seconds ...
DEBUG 2026-07-19 09:21:19 ock/_api.py:536 Attempting to acquire lock 129344975106512 on /NHNHOME/WORKSPACE/26msit002_E/appeal_workspace/sungwoo/FR5ControllerVLA/.cache/torchinductor/locks/cf3c2y3itjriwbc3lx4pjamef6f2iyh5u7427we2pywnktc4srcq.lock
DEBUG 2026-07-19 09:21:19 ock/_api.py:551 Lock 129344975106512 not acquired on /NHNHOME/WORKSPACE/26msit002_E/appeal_workspace/sungwoo/FR5ControllerVLA/.cache/torchinductor/locks/cf3c2y3itjriwbc3lx4pjamef6f2iyh5u7427we2pywnktc4srcq.lock, waiting 0.05 seconds ...
DEBUG 2026-07-19 09:21:19 ock/_api.py:536 Attempting to acquire lock 129344975106512 on /NHNHOME/WORKSPACE/26msit002_E/appeal_workspace/sungwoo/FR5ControllerVLA/.cache/torchinductor/locks/cf3c2y3itjriwbc3lx4pjamef6f2iyh5u7427we2pywnktc4srcq.lock
DEBUG 2026-07-19 09:21:19 ock/_api.py:551 Lock 129344975106512 not acquired on /NHNHOME/WORKSPACE/26msit002_E/appeal_workspace/sungwoo/FR5ControllerVLA/.cache/torchinductor/locks/cf3c2y3itjriwbc3lx4pjamef6f2iyh5u7427we2pywnktc4srcq.lock, waiting 0.05 seconds ...
DEBUG 2026-07-19 09:21:19 ock/_api.py:536 Attempting to acquire lock 129344975106512 on /NHNHOME/WORKSPACE/26msit002_E/appeal_workspace/sungwoo/FR5ControllerVLA/.cache/torchinductor/locks/cf3c2y3itjriwbc3lx4pjamef6f2iyh5u7427we2pywnktc4srcq.lock
DEBUG 2026-07-19 09:21:19 ock/_api.py:551 Lock 129344975106512 not acquired on /NHNHOME/WORKSPACE/26msit002_E/appeal_workspace/sungwoo/FR5ControllerVLA/.cache/torchinductor/locks/cf3c2y3itjriwbc3lx4pjamef6f2iyh5u7427we2pywnktc4srcq.lock, waiting 0.05 seconds ...
DEBUG 2026-07-19 09:21:19 ock/_api.py:536 Attempting to acquire lock 129344975106512 on /NHNHOME/WORKSPACE/26msit002_E/appeal_workspace/sungwoo/FR5ControllerVLA/.cache/torchinductor/locks/cf3c2y3itjriwbc3lx4pjamef6f2iyh5u7427we2pywnktc4srcq.lock
DEBUG 2026-07-19 09:21:19 ock/_api.py:551 Lock 129344975106512 not acquired on /NHNHOME/WORKSPACE/26msit002_E/appeal_workspace/sungwoo/FR5ControllerVLA/.cache/torchinductor/locks/cf3c2y3itjriwbc3lx4pjamef6f2iyh5u7427we2pywnktc4srcq.lock, waiting 0.05 seconds ...
DEBUG 2026-07-19 09:21:19 ock/_api.py:536 Attempting to acquire lock 129344975106512 on /NHNHOME/WORKSPACE/26msit002_E/appeal_workspace/sungwoo/FR5ControllerVLA/.cache/torchinductor/locks/cf3c2y3itjriwbc3lx4pjamef6f2iyh5u7427we2pywnktc4srcq.lock
DEBUG 2026-07-19 09:21:19 ock/_api.py:551 Lock 129344975106512 not acquired on /NHNHOME/WORKSPACE/26msit002_E/appeal_workspace/sungwoo/FR5ControllerVLA/.cache/torchinductor/locks/cf3c2y3itjriwbc3lx4pjamef6f2iyh5u7427we2pywnktc4srcq.lock, waiting 0.05 seconds ...
DEBUG 2026-07-19 09:21:19 ock/_api.py:536 Attempting to acquire lock 129344975106512 on /NHNHOME/WORKSPACE/26msit002_E/appeal_workspace/sungwoo/FR5ControllerVLA/.cache/torchinductor/locks/cf3c2y3itjriwbc3lx4pjamef6f2iyh5u7427we2pywnktc4srcq.lock
DEBUG 2026-07-19 09:21:19 ock/_api.py:551 Lock 129344975106512 not acquired on /NHNHOME/WORKSPACE/26msit002_E/appeal_workspace/sungwoo/FR5ControllerVLA/.cache/torchinductor/locks/cf3c2y3itjriwbc3lx4pjamef6f2iyh5u7427we2pywnktc4srcq.lock, waiting 0.05 seconds ...
DEBUG 2026-07-19 09:21:19 ock/_api.py:536 Attempting to acquire lock 129344975106512 on /NHNHOME/WORKSPACE/26msit002_E/appeal_workspace/sungwoo/FR5ControllerVLA/.cache/torchinductor/locks/cf3c2y3itjriwbc3lx4pjamef6f2iyh5u7427we2pywnktc4srcq.lock
DEBUG 2026-07-19 09:21:19 ock/_api.py:551 Lock 129344975106512 not acquired on /NHNHOME/WORKSPACE/26msit002_E/appeal_workspace/sungwoo/FR5ControllerVLA/.cache/torchinductor/locks/cf3c2y3itjriwbc3lx4pjamef6f2iyh5u7427we2pywnktc4srcq.lock, waiting 0.05 seconds ...
DEBUG 2026-07-19 09:21:19 ock/_api.py:536 Attempting to acquire lock 129344975106512 on /NHNHOME/WORKSPACE/26msit002_E/appeal_workspace/sungwoo/FR5ControllerVLA/.cache/torchinductor/locks/cf3c2y3itjriwbc3lx4pjamef6f2iyh5u7427we2pywnktc4srcq.lock
DEBUG 2026-07-19 09:21:19 ock/_api.py:551 Lock 129344975106512 not acquired on /NHNHOME/WORKSPACE/26msit002_E/appeal_workspace/sungwoo/FR5ControllerVLA/.cache/torchinductor/locks/cf3c2y3itjriwbc3lx4pjamef6f2iyh5u7427we2pywnktc4srcq.lock, waiting 0.05 seconds ...
DEBUG 2026-07-19 09:21:19 ock/_api.py:536 Attempting to acquire lock 129344975106512 on /NHNHOME/WORKSPACE/26msit002_E/appeal_workspace/sungwoo/FR5ControllerVLA/.cache/torchinductor/locks/cf3c2y3itjriwbc3lx4pjamef6f2iyh5u7427we2pywnktc4srcq.lock
DEBUG 2026-07-19 09:21:19 ock/_api.py:551 Lock 129344975106512 not acquired on /NHNHOME/WORKSPACE/26msit002_E/appeal_workspace/sungwoo/FR5ControllerVLA/.cache/torchinductor/locks/cf3c2y3itjriwbc3lx4pjamef6f2iyh5u7427we2pywnktc4srcq.lock, waiting 0.05 seconds ...
DEBUG 2026-07-19 09:21:19 ock/_api.py:536 Attempting to acquire lock 129344975106512 on /NHNHOME/WORKSPACE/26msit002_E/appeal_workspace/sungwoo/FR5ControllerVLA/.cache/torchinductor/locks/cf3c2y3itjriwbc3lx4pjamef6f2iyh5u7427we2pywnktc4srcq.lock
DEBUG 2026-07-19 09:21:19 ock/_api.py:551 Lock 129344975106512 not acquired on /NHNHOME/WORKSPACE/26msit002_E/appeal_workspace/sungwoo/FR5ControllerVLA/.cache/torchinductor/locks/cf3c2y3itjriwbc3lx4pjamef6f2iyh5u7427we2pywnktc4srcq.lock, waiting 0.05 seconds ...
DEBUG 2026-07-19 09:21:19 ock/_api.py:536 Attempting to acquire lock 129344975106512 on /NHNHOME/WORKSPACE/26msit002_E/appeal_workspace/sungwoo/FR5ControllerVLA/.cache/torchinductor/locks/cf3c2y3itjriwbc3lx4pjamef6f2iyh5u7427we2pywnktc4srcq.lock
DEBUG 2026-07-19 09:21:19 ock/_api.py:551 Lock 129344975106512 not acquired on /NHNHOME/WORKSPACE/26msit002_E/appeal_workspace/sungwoo/FR5ControllerVLA/.cache/torchinductor/locks/cf3c2y3itjriwbc3lx4pjamef6f2iyh5u7427we2pywnktc4srcq.lock, waiting 0.05 seconds ...
DEBUG 2026-07-19 09:21:19 ock/_api.py:536 Attempting to acquire lock 129344975106512 on /NHNHOME/WORKSPACE/26msit002_E/appeal_workspace/sungwoo/FR5ControllerVLA/.cache/torchinductor/locks/cf3c2y3itjriwbc3lx4pjamef6f2iyh5u7427we2pywnktc4srcq.lock
DEBUG 2026-07-19 09:21:19 ock/_api.py:551 Lock 129344975106512 not acquired on /NHNHOME/WORKSPACE/26msit002_E/appeal_workspace/sungwoo/FR5ControllerVLA/.cache/torchinductor/locks/cf3c2y3itjriwbc3lx4pjamef6f2iyh5u7427we2pywnktc4srcq.lock, waiting 0.05 seconds ...
DEBUG 2026-07-19 09:21:19 ock/_api.py:536 Attempting to acquire lock 129344975106512 on /NHNHOME/WORKSPACE/26msit002_E/appeal_workspace/sungwoo/FR5ControllerVLA/.cache/torchinductor/locks/cf3c2y3itjriwbc3lx4pjamef6f2iyh5u7427we2pywnktc4srcq.lock
DEBUG 2026-07-19 09:21:19 ock/_api.py:551 Lock 129344975106512 not acquired on /NHNHOME/WORKSPACE/26msit002_E/appeal_workspace/sungwoo/FR5ControllerVLA/.cache/torchinductor/locks/cf3c2y3itjriwbc3lx4pjamef6f2iyh5u7427we2pywnktc4srcq.lock, waiting 0.05 seconds ...
DEBUG 2026-07-19 09:21:19 ock/_api.py:536 Attempting to acquire lock 129344975106512 on /NHNHOME/WORKSPACE/26msit002_E/appeal_workspace/sungwoo/FR5ControllerVLA/.cache/torchinductor/locks/cf3c2y3itjriwbc3lx4pjamef6f2iyh5u7427we2pywnktc4srcq.lock
DEBUG 2026-07-19 09:21:19 ock/_api.py:551 Lock 129344975106512 not acquired on /NHNHOME/WORKSPACE/26msit002_E/appeal_workspace/sungwoo/FR5ControllerVLA/.cache/torchinductor/locks/cf3c2y3itjriwbc3lx4pjamef6f2iyh5u7427we2pywnktc4srcq.lock, waiting 0.05 seconds ...
DEBUG 2026-07-19 09:21:19 ock/_api.py:536 Attempting to acquire lock 129344975106512 on /NHNHOME/WORKSPACE/26msit002_E/appeal_workspace/sungwoo/FR5ControllerVLA/.cache/torchinductor/locks/cf3c2y3itjriwbc3lx4pjamef6f2iyh5u7427we2pywnktc4srcq.lock
DEBUG 2026-07-19 09:21:19 ock/_api.py:551 Lock 129344975106512 not acquired on /NHNHOME/WORKSPACE/26msit002_E/appeal_workspace/sungwoo/FR5ControllerVLA/.cache/torchinductor/locks/cf3c2y3itjriwbc3lx4pjamef6f2iyh5u7427we2pywnktc4srcq.lock, waiting 0.05 seconds ...
DEBUG 2026-07-19 09:21:19 ock/_api.py:536 Attempting to acquire lock 129344975106512 on /NHNHOME/WORKSPACE/26msit002_E/appeal_workspace/sungwoo/FR5ControllerVLA/.cache/torchinductor/locks/cf3c2y3itjriwbc3lx4pjamef6f2iyh5u7427we2pywnktc4srcq.lock
DEBUG 2026-07-19 09:21:19 ock/_api.py:551 Lock 129344975106512 not acquired on /NHNHOME/WORKSPACE/26msit002_E/appeal_workspace/sungwoo/FR5ControllerVLA/.cache/torchinductor/locks/cf3c2y3itjriwbc3lx4pjamef6f2iyh5u7427we2pywnktc4srcq.lock, waiting 0.05 seconds ...
DEBUG 2026-07-19 09:21:19 ock/_api.py:536 Attempting to acquire lock 129344975106512 on /NHNHOME/WORKSPACE/26msit002_E/appeal_workspace/sungwoo/FR5ControllerVLA/.cache/torchinductor/locks/cf3c2y3itjriwbc3lx4pjamef6f2iyh5u7427we2pywnktc4srcq.lock
DEBUG 2026-07-19 09:21:20 ock/_api.py:551 Lock 129344975106512 not acquired on /NHNHOME/WORKSPACE/26msit002_E/appeal_workspace/sungwoo/FR5ControllerVLA/.cache/torchinductor/locks/cf3c2y3itjriwbc3lx4pjamef6f2iyh5u7427we2pywnktc4srcq.lock, waiting 0.05 seconds ...
DEBUG 2026-07-19 09:21:20 ock/_api.py:536 Attempting to acquire lock 129344975106512 on /NHNHOME/WORKSPACE/26msit002_E/appeal_workspace/sungwoo/FR5ControllerVLA/.cache/torchinductor/locks/cf3c2y3itjriwbc3lx4pjamef6f2iyh5u7427we2pywnktc4srcq.lock
DEBUG 2026-07-19 09:21:20 ock/_api.py:551 Lock 129344975106512 not acquired on /NHNHOME/WORKSPACE/26msit002_E/appeal_workspace/sungwoo/FR5ControllerVLA/.cache/torchinductor/locks/cf3c2y3itjriwbc3lx4pjamef6f2iyh5u7427we2pywnktc4srcq.lock, waiting 0.05 seconds ...
DEBUG 2026-07-19 09:21:20 ock/_api.py:536 Attempting to acquire lock 129344975106512 on /NHNHOME/WORKSPACE/26msit002_E/appeal_workspace/sungwoo/FR5ControllerVLA/.cache/torchinductor/locks/cf3c2y3itjriwbc3lx4pjamef6f2iyh5u7427we2pywnktc4srcq.lock
DEBUG 2026-07-19 09:21:20 ock/_api.py:551 Lock 129344975106512 not acquired on /NHNHOME/WORKSPACE/26msit002_E/appeal_workspace/sungwoo/FR5ControllerVLA/.cache/torchinductor/locks/cf3c2y3itjriwbc3lx4pjamef6f2iyh5u7427we2pywnktc4srcq.lock, waiting 0.05 seconds ...
DEBUG 2026-07-19 09:21:20 ock/_api.py:536 Attempting to acquire lock 129344975106512 on /NHNHOME/WORKSPACE/26msit002_E/appeal_workspace/sungwoo/FR5ControllerVLA/.cache/torchinductor/locks/cf3c2y3itjriwbc3lx4pjamef6f2iyh5u7427we2pywnktc4srcq.lock
DEBUG 2026-07-19 09:21:20 ock/_api.py:551 Lock 129344975106512 not acquired on /NHNHOME/WORKSPACE/26msit002_E/appeal_workspace/sungwoo/FR5ControllerVLA/.cache/torchinductor/locks/cf3c2y3itjriwbc3lx4pjamef6f2iyh5u7427we2pywnktc4srcq.lock, waiting 0.05 seconds ...
DEBUG 2026-07-19 09:21:20 ock/_api.py:536 Attempting to acquire lock 129344975106512 on /NHNHOME/WORKSPACE/26msit002_E/appeal_workspace/sungwoo/FR5ControllerVLA/.cache/torchinductor/locks/cf3c2y3itjriwbc3lx4pjamef6f2iyh5u7427we2pywnktc4srcq.lock
DEBUG 2026-07-19 09:21:20 ock/_api.py:551 Lock 129344975106512 not acquired on /NHNHOME/WORKSPACE/26msit002_E/appeal_workspace/sungwoo/FR5ControllerVLA/.cache/torchinductor/locks/cf3c2y3itjriwbc3lx4pjamef6f2iyh5u7427we2pywnktc4srcq.lock, waiting 0.05 seconds ...
DEBUG 2026-07-19 09:21:20 ock/_api.py:536 Attempting to acquire lock 129344975106512 on /NHNHOME/WORKSPACE/26msit002_E/appeal_workspace/sungwoo/FR5ControllerVLA/.cache/torchinductor/locks/cf3c2y3itjriwbc3lx4pjamef6f2iyh5u7427we2pywnktc4srcq.lock
DEBUG 2026-07-19 09:21:20 ock/_api.py:551 Lock 129344975106512 not acquired on /NHNHOME/WORKSPACE/26msit002_E/appeal_workspace/sungwoo/FR5ControllerVLA/.cache/torchinductor/locks/cf3c2y3itjriwbc3lx4pjamef6f2iyh5u7427we2pywnktc4srcq.lock, waiting 0.05 seconds ...
DEBUG 2026-07-19 09:21:20 ock/_api.py:536 Attempting to acquire lock 129344975106512 on /NHNHOME/WORKSPACE/26msit002_E/appeal_workspace/sungwoo/FR5ControllerVLA/.cache/torchinductor/locks/cf3c2y3itjriwbc3lx4pjamef6f2iyh5u7427we2pywnktc4srcq.lock
DEBUG 2026-07-19 09:21:20 ock/_api.py:551 Lock 129344975106512 not acquired on /NHNHOME/WORKSPACE/26msit002_E/appeal_workspace/sungwoo/FR5ControllerVLA/.cache/torchinductor/locks/cf3c2y3itjriwbc3lx4pjamef6f2iyh5u7427we2pywnktc4srcq.lock, waiting 0.05 seconds ...
DEBUG 2026-07-19 09:21:20 ock/_api.py:536 Attempting to acquire lock 129344975106512 on /NHNHOME/WORKSPACE/26msit002_E/appeal_workspace/sungwoo/FR5ControllerVLA/.cache/torchinductor/locks/cf3c2y3itjriwbc3lx4pjamef6f2iyh5u7427we2pywnktc4srcq.lock
DEBUG 2026-07-19 09:21:20 ock/_api.py:551 Lock 129344975106512 not acquired on /NHNHOME/WORKSPACE/26msit002_E/appeal_workspace/sungwoo/FR5ControllerVLA/.cache/torchinductor/locks/cf3c2y3itjriwbc3lx4pjamef6f2iyh5u7427we2pywnktc4srcq.lock, waiting 0.05 seconds ...
DEBUG 2026-07-19 09:21:20 ock/_api.py:536 Attempting to acquire lock 129344975106512 on /NHNHOME/WORKSPACE/26msit002_E/appeal_workspace/sungwoo/FR5ControllerVLA/.cache/torchinductor/locks/cf3c2y3itjriwbc3lx4pjamef6f2iyh5u7427we2pywnktc4srcq.lock
DEBUG 2026-07-19 09:21:20 ock/_api.py:551 Lock 129344975106512 not acquired on /NHNHOME/WORKSPACE/26msit002_E/appeal_workspace/sungwoo/FR5ControllerVLA/.cache/torchinductor/locks/cf3c2y3itjriwbc3lx4pjamef6f2iyh5u7427we2pywnktc4srcq.lock, waiting 0.05 seconds ...
DEBUG 2026-07-19 09:21:20 ock/_api.py:536 Attempting to acquire lock 129344975106512 on /NHNHOME/WORKSPACE/26msit002_E/appeal_workspace/sungwoo/FR5ControllerVLA/.cache/torchinductor/locks/cf3c2y3itjriwbc3lx4pjamef6f2iyh5u7427we2pywnktc4srcq.lock
DEBUG 2026-07-19 09:21:20 ock/_api.py:539 Lock 129344975106512 acquired on /NHNHOME/WORKSPACE/26msit002_E/appeal_workspace/sungwoo/FR5ControllerVLA/.cache/torchinductor/locks/cf3c2y3itjriwbc3lx4pjamef6f2iyh5u7427we2pywnktc4srcq.lock
DEBUG 2026-07-19 09:21:22 ock/_api.py:568 Attempting to release lock 129344975106512 on /NHNHOME/WORKSPACE/26msit002_E/appeal_workspace/sungwoo/FR5ControllerVLA/.cache/torchinductor/locks/cf3c2y3itjriwbc3lx4pjamef6f2iyh5u7427we2pywnktc4srcq.lock
DEBUG 2026-07-19 09:21:22 ock/_api.py:572 Lock 129344975106512 released on /NHNHOME/WORKSPACE/26msit002_E/appeal_workspace/sungwoo/FR5ControllerVLA/.cache/torchinductor/locks/cf3c2y3itjriwbc3lx4pjamef6f2iyh5u7427we2pywnktc4srcq.lock
DEBUG 2026-07-19 09:21:22 ock/_api.py:536 Attempting to acquire lock 129344975106512 on /NHNHOME/WORKSPACE/26msit002_E/appeal_workspace/sungwoo/FR5ControllerVLA/.cache/torchinductor/locks/cnqn66uwixyzuccim6bspnqfoahsve6ufksbo2mmmwnwvfye3zwq.lock
DEBUG 2026-07-19 09:21:22 ock/_api.py:539 Lock 129344975106512 acquired on /NHNHOME/WORKSPACE/26msit002_E/appeal_workspace/sungwoo/FR5ControllerVLA/.cache/torchinductor/locks/cnqn66uwixyzuccim6bspnqfoahsve6ufksbo2mmmwnwvfye3zwq.lock
DEBUG 2026-07-19 09:21:23 ock/_api.py:568 Attempting to release lock 129344975106512 on /NHNHOME/WORKSPACE/26msit002_E/appeal_workspace/sungwoo/FR5ControllerVLA/.cache/torchinductor/locks/cnqn66uwixyzuccim6bspnqfoahsve6ufksbo2mmmwnwvfye3zwq.lock
DEBUG 2026-07-19 09:21:23 ock/_api.py:572 Lock 129344975106512 released on /NHNHOME/WORKSPACE/26msit002_E/appeal_workspace/sungwoo/FR5ControllerVLA/.cache/torchinductor/locks/cnqn66uwixyzuccim6bspnqfoahsve6ufksbo2mmmwnwvfye3zwq.lock
DEBUG 2026-07-19 09:21:23 ock/_api.py:536 Attempting to acquire lock 129345547039328 on /NHNHOME/WORKSPACE/26msit002_E/appeal_workspace/sungwoo/FR5ControllerVLA/.cache/torchinductor/locks/cbuiawkcao226cm43gj2woepy52yi5beodvnkwntqpsqt3tpwl3z.lock
DEBUG 2026-07-19 09:21:23 ock/_api.py:539 Lock 129345547039328 acquired on /NHNHOME/WORKSPACE/26msit002_E/appeal_workspace/sungwoo/FR5ControllerVLA/.cache/torchinductor/locks/cbuiawkcao226cm43gj2woepy52yi5beodvnkwntqpsqt3tpwl3z.lock
DEBUG 2026-07-19 09:21:25 ock/_api.py:568 Attempting to release lock 129345547039328 on /NHNHOME/WORKSPACE/26msit002_E/appeal_workspace/sungwoo/FR5ControllerVLA/.cache/torchinductor/locks/cbuiawkcao226cm43gj2woepy52yi5beodvnkwntqpsqt3tpwl3z.lock
DEBUG 2026-07-19 09:21:25 ock/_api.py:572 Lock 129345547039328 released on /NHNHOME/WORKSPACE/26msit002_E/appeal_workspace/sungwoo/FR5ControllerVLA/.cache/torchinductor/locks/cbuiawkcao226cm43gj2woepy52yi5beodvnkwntqpsqt3tpwl3z.lock
DEBUG 2026-07-19 09:21:25 ock/_api.py:536 Attempting to acquire lock 129345548363072 on /NHNHOME/WORKSPACE/26msit002_E/appeal_workspace/sungwoo/FR5ControllerVLA/.cache/torchinductor/locks/cqzkpn554ktul6b6rfmhff45r6u4h5a3tp5juqeoaexdrr3uirbq.lock
DEBUG 2026-07-19 09:21:25 ock/_api.py:539 Lock 129345548363072 acquired on /NHNHOME/WORKSPACE/26msit002_E/appeal_workspace/sungwoo/FR5ControllerVLA/.cache/torchinductor/locks/cqzkpn554ktul6b6rfmhff45r6u4h5a3tp5juqeoaexdrr3uirbq.lock
DEBUG 2026-07-19 09:21:26 ock/_api.py:568 Attempting to release lock 129345548363072 on /NHNHOME/WORKSPACE/26msit002_E/appeal_workspace/sungwoo/FR5ControllerVLA/.cache/torchinductor/locks/cqzkpn554ktul6b6rfmhff45r6u4h5a3tp5juqeoaexdrr3uirbq.lock
DEBUG 2026-07-19 09:21:26 ock/_api.py:572 Lock 129345548363072 released on /NHNHOME/WORKSPACE/26msit002_E/appeal_workspace/sungwoo/FR5ControllerVLA/.cache/torchinductor/locks/cqzkpn554ktul6b6rfmhff45r6u4h5a3tp5juqeoaexdrr3uirbq.lock
DEBUG 2026-07-19 09:21:26 ock/_api.py:536 Attempting to acquire lock 129345548359904 on /NHNHOME/WORKSPACE/26msit002_E/appeal_workspace/sungwoo/FR5ControllerVLA/.cache/torchinductor/locks/ccu2sfwnvwsiq6x3pig35rx2vmwcqmy52w575bsrlcrs5ighvgol.lock
DEBUG 2026-07-19 09:21:26 ock/_api.py:539 Lock 129345548359904 acquired on /NHNHOME/WORKSPACE/26msit002_E/appeal_workspace/sungwoo/FR5ControllerVLA/.cache/torchinductor/locks/ccu2sfwnvwsiq6x3pig35rx2vmwcqmy52w575bsrlcrs5ighvgol.lock
DEBUG 2026-07-19 09:21:27 ock/_api.py:568 Attempting to release lock 129345548359904 on /NHNHOME/WORKSPACE/26msit002_E/appeal_workspace/sungwoo/FR5ControllerVLA/.cache/torchinductor/locks/ccu2sfwnvwsiq6x3pig35rx2vmwcqmy52w575bsrlcrs5ighvgol.lock
DEBUG 2026-07-19 09:21:27 ock/_api.py:572 Lock 129345548359904 released on /NHNHOME/WORKSPACE/26msit002_E/appeal_workspace/sungwoo/FR5ControllerVLA/.cache/torchinductor/locks/ccu2sfwnvwsiq6x3pig35rx2vmwcqmy52w575bsrlcrs5ighvgol.lock
DEBUG 2026-07-19 09:21:27 ock/_api.py:536 Attempting to acquire lock 129345547038416 on /NHNHOME/WORKSPACE/26msit002_E/appeal_workspace/sungwoo/FR5ControllerVLA/.cache/torchinductor/locks/cuxiebnh26foehyjwlpflpstp5bd5gkxcgz2kearg3pvp6bopaox.lock
DEBUG 2026-07-19 09:21:27 ock/_api.py:539 Lock 129345547038416 acquired on /NHNHOME/WORKSPACE/26msit002_E/appeal_workspace/sungwoo/FR5ControllerVLA/.cache/torchinductor/locks/cuxiebnh26foehyjwlpflpstp5bd5gkxcgz2kearg3pvp6bopaox.lock
DEBUG 2026-07-19 09:21:29 ock/_api.py:568 Attempting to release lock 129345547038416 on /NHNHOME/WORKSPACE/26msit002_E/appeal_workspace/sungwoo/FR5ControllerVLA/.cache/torchinductor/locks/cuxiebnh26foehyjwlpflpstp5bd5gkxcgz2kearg3pvp6bopaox.lock
DEBUG 2026-07-19 09:21:29 ock/_api.py:572 Lock 129345547038416 released on /NHNHOME/WORKSPACE/26msit002_E/appeal_workspace/sungwoo/FR5ControllerVLA/.cache/torchinductor/locks/cuxiebnh26foehyjwlpflpstp5bd5gkxcgz2kearg3pvp6bopaox.lock
DEBUG 2026-07-19 09:21:29 ock/_api.py:536 Attempting to acquire lock 129345548154688 on /tmp/torchinductor_appeal/precompiled_headers/locks/cw7kyuoiou2qgbqfxfuplgwuromvcvbfvfwwtg7k4apogbttsqlx.lock
DEBUG 2026-07-19 09:21:29 ock/_api.py:539 Lock 129345548154688 acquired on /tmp/torchinductor_appeal/precompiled_headers/locks/cw7kyuoiou2qgbqfxfuplgwuromvcvbfvfwwtg7k4apogbttsqlx.lock
DEBUG 2026-07-19 09:21:29 ock/_api.py:568 Attempting to release lock 129345548154688 on /tmp/torchinductor_appeal/precompiled_headers/locks/cw7kyuoiou2qgbqfxfuplgwuromvcvbfvfwwtg7k4apogbttsqlx.lock
DEBUG 2026-07-19 09:21:29 ock/_api.py:572 Lock 129345548154688 released on /tmp/torchinductor_appeal/precompiled_headers/locks/cw7kyuoiou2qgbqfxfuplgwuromvcvbfvfwwtg7k4apogbttsqlx.lock
DEBUG 2026-07-19 09:21:29 ock/_api.py:536 Attempting to acquire lock 129345548142784 on /NHNHOME/WORKSPACE/26msit002_E/appeal_workspace/sungwoo/FR5ControllerVLA/.cache/torchinductor/locks/cd2wwilydnxk5wiyw47fhyjc34chkk7jbdacdk4eqcvxqcspzlsw.lock
DEBUG 2026-07-19 09:21:29 ock/_api.py:539 Lock 129345548142784 acquired on /NHNHOME/WORKSPACE/26msit002_E/appeal_workspace/sungwoo/FR5ControllerVLA/.cache/torchinductor/locks/cd2wwilydnxk5wiyw47fhyjc34chkk7jbdacdk4eqcvxqcspzlsw.lock
DEBUG 2026-07-19 09:21:29 ock/_api.py:568 Attempting to release lock 129345548142784 on /NHNHOME/WORKSPACE/26msit002_E/appeal_workspace/sungwoo/FR5ControllerVLA/.cache/torchinductor/locks/cd2wwilydnxk5wiyw47fhyjc34chkk7jbdacdk4eqcvxqcspzlsw.lock
DEBUG 2026-07-19 09:21:29 ock/_api.py:572 Lock 129345548142784 released on /NHNHOME/WORKSPACE/26msit002_E/appeal_workspace/sungwoo/FR5ControllerVLA/.cache/torchinductor/locks/cd2wwilydnxk5wiyw47fhyjc34chkk7jbdacdk4eqcvxqcspzlsw.lock
DEBUG 2026-07-19 09:21:29 ock/_api.py:536 Attempting to acquire lock 129345547040000 on /NHNHOME/WORKSPACE/26msit002_E/appeal_workspace/sungwoo/FR5ControllerVLA/.cache/torchinductor/locks/cr6c54bmszjv72e7v4fq4nkrff3r4s4bxzh6qejaomaaqqnjlrn7.lock
DEBUG 2026-07-19 09:21:29 ock/_api.py:539 Lock 129345547040000 acquired on /NHNHOME/WORKSPACE/26msit002_E/appeal_workspace/sungwoo/FR5ControllerVLA/.cache/torchinductor/locks/cr6c54bmszjv72e7v4fq4nkrff3r4s4bxzh6qejaomaaqqnjlrn7.lock
DEBUG 2026-07-19 09:21:29 ock/_api.py:568 Attempting to release lock 129345547040000 on /NHNHOME/WORKSPACE/26msit002_E/appeal_workspace/sungwoo/FR5ControllerVLA/.cache/torchinductor/locks/cr6c54bmszjv72e7v4fq4nkrff3r4s4bxzh6qejaomaaqqnjlrn7.lock
DEBUG 2026-07-19 09:21:29 ock/_api.py:572 Lock 129345547040000 released on /NHNHOME/WORKSPACE/26msit002_E/appeal_workspace/sungwoo/FR5ControllerVLA/.cache/torchinductor/locks/cr6c54bmszjv72e7v4fq4nkrff3r4s4bxzh6qejaomaaqqnjlrn7.lock
DEBUG 2026-07-19 09:21:29 ock/_api.py:536 Attempting to acquire lock 129345547036832 on /NHNHOME/WORKSPACE/26msit002_E/appeal_workspace/sungwoo/FR5ControllerVLA/.cache/torchinductor/locks/cd2wwilydnxk5wiyw47fhyjc34chkk7jbdacdk4eqcvxqcspzlsw.lock
DEBUG 2026-07-19 09:21:29 ock/_api.py:539 Lock 129345547036832 acquired on /NHNHOME/WORKSPACE/26msit002_E/appeal_workspace/sungwoo/FR5ControllerVLA/.cache/torchinductor/locks/cd2wwilydnxk5wiyw47fhyjc34chkk7jbdacdk4eqcvxqcspzlsw.lock
DEBUG 2026-07-19 09:21:29 ock/_api.py:568 Attempting to release lock 129345547036832 on /NHNHOME/WORKSPACE/26msit002_E/appeal_workspace/sungwoo/FR5ControllerVLA/.cache/torchinductor/locks/cd2wwilydnxk5wiyw47fhyjc34chkk7jbdacdk4eqcvxqcspzlsw.lock
DEBUG 2026-07-19 09:21:29 ock/_api.py:572 Lock 129345547036832 released on /NHNHOME/WORKSPACE/26msit002_E/appeal_workspace/sungwoo/FR5ControllerVLA/.cache/torchinductor/locks/cd2wwilydnxk5wiyw47fhyjc34chkk7jbdacdk4eqcvxqcspzlsw.lock
DEBUG 2026-07-19 09:21:29 ock/_api.py:536 Attempting to acquire lock 129345547037168 on /NHNHOME/WORKSPACE/26msit002_E/appeal_workspace/sungwoo/FR5ControllerVLA/.cache/torchinductor/locks/cr6c54bmszjv72e7v4fq4nkrff3r4s4bxzh6qejaomaaqqnjlrn7.lock
DEBUG 2026-07-19 09:21:29 ock/_api.py:539 Lock 129345547037168 acquired on /NHNHOME/WORKSPACE/26msit002_E/appeal_workspace/sungwoo/FR5ControllerVLA/.cache/torchinductor/locks/cr6c54bmszjv72e7v4fq4nkrff3r4s4bxzh6qejaomaaqqnjlrn7.lock
DEBUG 2026-07-19 09:21:29 ock/_api.py:568 Attempting to release lock 129345547037168 on /NHNHOME/WORKSPACE/26msit002_E/appeal_workspace/sungwoo/FR5ControllerVLA/.cache/torchinductor/locks/cr6c54bmszjv72e7v4fq4nkrff3r4s4bxzh6qejaomaaqqnjlrn7.lock
DEBUG 2026-07-19 09:21:29 ock/_api.py:572 Lock 129345547037168 released on /NHNHOME/WORKSPACE/26msit002_E/appeal_workspace/sungwoo/FR5ControllerVLA/.cache/torchinductor/locks/cr6c54bmszjv72e7v4fq4nkrff3r4s4bxzh6qejaomaaqqnjlrn7.lock
DEBUG 2026-07-19 09:30:40 re/_trace.py:47 close.started
DEBUG 2026-07-19 09:30:40 re/_trace.py:47 close.complete
DEBUG 2026-07-19 09:30:41 re/_trace.py:47 close.started
DEBUG 2026-07-19 09:30:41 re/_trace.py:47 close.complete
DEBUG 2026-07-19 09:30:41 re/_trace.py:47 close.started
DEBUG 2026-07-19 09:30:41 re/_trace.py:47 close.complete
DEBUG 2026-07-19 09:30:41 re/_trace.py:47 close.started
DEBUG 2026-07-19 09:30:41 re/_trace.py:47 close.complete
DEBUG 2026-07-19 09:30:41 re/_trace.py:47 close.started
DEBUG 2026-07-19 09:30:41 re/_trace.py:47 close.complete
DEBUG 2026-07-19 09:30:41 re/_trace.py:47 close.started
DEBUG 2026-07-19 09:30:41 re/_trace.py:47 close.complete
DEBUG 2026-07-19 09:30:41 re/_trace.py:47 close.started
DEBUG 2026-07-19 09:30:41 re/_trace.py:47 close.complete
DEBUG 2026-07-19 09:30:41 re/_trace.py:47 close.started
DEBUG 2026-07-19 09:30:41 re/_trace.py:47 close.complete
DEBUG 2026-07-19 09:30:41 re/_trace.py:47 close.started
DEBUG 2026-07-19 09:30:41 re/_trace.py:47 close.complete
DEBUG 2026-07-19 09:30:41 re/_trace.py:47 close.started
DEBUG 2026-07-19 09:30:41 re/_trace.py:47 close.complete
INFO 2026-07-19 09:33:30 ot_train.py:459 step:200 smpl:91K ep:63 epch:1.26 loss:0.758 grdn:17.144 lr:9.5e-06 updt_s:3.511 data_s:0.415
DEBUG 2026-07-19 09:40:07 re/_trace.py:47 close.started
DEBUG 2026-07-19 09:40:07 re/_trace.py:47 close.complete
DEBUG 2026-07-19 09:40:08 re/_trace.py:47 close.started
DEBUG 2026-07-19 09:40:08 re/_trace.py:47 close.complete
DEBUG 2026-07-19 09:40:08 re/_trace.py:47 close.started
DEBUG 2026-07-19 09:40:08 re/_trace.py:47 close.complete
DEBUG 2026-07-19 09:40:08 re/_trace.py:47 close.started
DEBUG 2026-07-19 09:40:08 re/_trace.py:47 close.complete
DEBUG 2026-07-19 09:40:08 re/_trace.py:47 close.started
DEBUG 2026-07-19 09:40:08 re/_trace.py:47 close.complete
DEBUG 2026-07-19 09:40:08 re/_trace.py:47 close.started
DEBUG 2026-07-19 09:40:08 re/_trace.py:47 close.complete
DEBUG 2026-07-19 09:40:08 re/_trace.py:47 close.started
DEBUG 2026-07-19 09:40:08 re/_trace.py:47 close.complete
DEBUG 2026-07-19 09:40:08 re/_trace.py:47 close.started
DEBUG 2026-07-19 09:40:08 re/_trace.py:47 close.complete
DEBUG 2026-07-19 09:40:08 re/_trace.py:47 close.started
DEBUG 2026-07-19 09:40:08 re/_trace.py:47 close.complete
DEBUG 2026-07-19 09:40:08 re/_trace.py:47 close.started
DEBUG 2026-07-19 09:40:08 re/_trace.py:47 close.complete
INFO 2026-07-19 09:45:12 ot_train.py:459 step:400 smpl:182K ep:126 epch:2.51 loss:0.134 grdn:1.876 lr:2.8e-05 updt_s:3.300 data_s:0.206
DEBUG 2026-07-19 09:49:37 re/_trace.py:47 close.started
DEBUG 2026-07-19 09:49:37 re/_trace.py:47 close.complete
DEBUG 2026-07-19 09:49:37 re/_trace.py:47 close.started
DEBUG 2026-07-19 09:49:37 re/_trace.py:47 close.complete
DEBUG 2026-07-19 09:49:37 re/_trace.py:47 close.started
DEBUG 2026-07-19 09:49:37 re/_trace.py:47 close.complete
DEBUG 2026-07-19 09:49:37 re/_trace.py:47 close.started
DEBUG 2026-07-19 09:49:37 re/_trace.py:47 close.complete
DEBUG 2026-07-19 09:49:37 re/_trace.py:47 close.started
DEBUG 2026-07-19 09:49:37 re/_trace.py:47 close.complete
DEBUG 2026-07-19 09:49:38 re/_trace.py:47 close.started
DEBUG 2026-07-19 09:49:38 re/_trace.py:47 close.complete
DEBUG 2026-07-19 09:49:38 re/_trace.py:47 close.started
DEBUG 2026-07-19 09:49:38 re/_trace.py:47 close.complete
DEBUG 2026-07-19 09:49:38 re/_trace.py:47 close.started
DEBUG 2026-07-19 09:49:38 re/_trace.py:47 close.complete
DEBUG 2026-07-19 09:49:38 re/_trace.py:47 close.started
DEBUG 2026-07-19 09:49:38 re/_trace.py:47 close.complete
DEBUG 2026-07-19 09:49:38 re/_trace.py:47 close.started
DEBUG 2026-07-19 09:49:38 re/_trace.py:47 close.complete
INFO 2026-07-19 09:56:53 ot_train.py:459 step:600 smpl:274K ep:189 epch:3.77 loss:0.081 grdn:0.774 lr:4.7e-05 updt_s:3.284 data_s:0.215
DEBUG 2026-07-19 09:59:04 re/_trace.py:47 close.started
DEBUG 2026-07-19 09:59:04 re/_trace.py:47 close.complete
DEBUG 2026-07-19 09:59:04 re/_trace.py:47 close.started
DEBUG 2026-07-19 09:59:04 re/_trace.py:47 close.complete
DEBUG 2026-07-19 09:59:04 re/_trace.py:47 close.started
DEBUG 2026-07-19 09:59:04 re/_trace.py:47 close.complete
DEBUG 2026-07-19 09:59:05 re/_trace.py:47 close.started
DEBUG 2026-07-19 09:59:05 re/_trace.py:47 close.complete
DEBUG 2026-07-19 09:59:05 re/_trace.py:47 close.started
DEBUG 2026-07-19 09:59:05 re/_trace.py:47 close.complete
DEBUG 2026-07-19 09:59:05 re/_trace.py:47 close.started
DEBUG 2026-07-19 09:59:05 re/_trace.py:47 close.complete
DEBUG 2026-07-19 09:59:05 re/_trace.py:47 close.started
DEBUG 2026-07-19 09:59:05 re/_trace.py:47 close.complete
DEBUG 2026-07-19 09:59:05 re/_trace.py:47 close.started
DEBUG 2026-07-19 09:59:05 re/_trace.py:47 close.complete
DEBUG 2026-07-19 09:59:05 re/_trace.py:47 close.started
DEBUG 2026-07-19 09:59:05 re/_trace.py:47 close.complete
DEBUG 2026-07-19 09:59:05 re/_trace.py:47 close.started
DEBUG 2026-07-19 09:59:05 re/_trace.py:47 close.complete
INFO 2026-07-19 10:08:34 ot_train.py:459 step:800 smpl:365K ep:251 epch:5.03 loss:0.064 grdn:0.502 lr:6.6e-05 updt_s:3.289 data_s:0.216
DEBUG 2026-07-19 10:08:35 re/_trace.py:47 close.started
DEBUG 2026-07-19 10:08:35 re/_trace.py:47 close.complete
DEBUG 2026-07-19 10:08:35 re/_trace.py:47 close.started
DEBUG 2026-07-19 10:08:35 re/_trace.py:47 close.complete
DEBUG 2026-07-19 10:08:35 re/_trace.py:47 close.started
DEBUG 2026-07-19 10:08:35 re/_trace.py:47 close.complete
DEBUG 2026-07-19 10:08:35 re/_trace.py:47 close.started
DEBUG 2026-07-19 10:08:35 re/_trace.py:47 close.complete
DEBUG 2026-07-19 10:08:35 re/_trace.py:47 close.started
DEBUG 2026-07-19 10:08:35 re/_trace.py:47 close.complete
DEBUG 2026-07-19 10:08:35 re/_trace.py:47 close.started
DEBUG 2026-07-19 10:08:35 re/_trace.py:47 close.complete
DEBUG 2026-07-19 10:08:35 re/_trace.py:47 close.started
DEBUG 2026-07-19 10:08:35 re/_trace.py:47 close.complete
DEBUG 2026-07-19 10:08:35 re/_trace.py:47 close.started
DEBUG 2026-07-19 10:08:35 re/_trace.py:47 close.complete
DEBUG 2026-07-19 10:08:35 re/_trace.py:47 close.started
DEBUG 2026-07-19 10:08:35 re/_trace.py:47 close.complete
DEBUG 2026-07-19 10:08:36 re/_trace.py:47 close.started
DEBUG 2026-07-19 10:08:36 re/_trace.py:47 close.complete
DEBUG 2026-07-19 10:18:07 re/_trace.py:47 close.started
DEBUG 2026-07-19 10:18:07 re/_trace.py:47 close.complete
DEBUG 2026-07-19 10:18:07 re/_trace.py:47 close.started
DEBUG 2026-07-19 10:18:07 re/_trace.py:47 close.complete
DEBUG 2026-07-19 10:18:07 re/_trace.py:47 close.started
DEBUG 2026-07-19 10:18:07 re/_trace.py:47 close.complete
DEBUG 2026-07-19 10:18:07 re/_trace.py:47 close.started
DEBUG 2026-07-19 10:18:07 re/_trace.py:47 close.complete
DEBUG 2026-07-19 10:18:07 re/_trace.py:47 close.started
DEBUG 2026-07-19 10:18:07 re/_trace.py:47 close.complete
DEBUG 2026-07-19 10:18:07 re/_trace.py:47 close.started
DEBUG 2026-07-19 10:18:07 re/_trace.py:47 close.complete
DEBUG 2026-07-19 10:18:07 re/_trace.py:47 close.started
DEBUG 2026-07-19 10:18:07 re/_trace.py:47 close.complete
DEBUG 2026-07-19 10:18:07 re/_trace.py:47 close.started
DEBUG 2026-07-19 10:18:07 re/_trace.py:47 close.complete
DEBUG 2026-07-19 10:18:08 re/_trace.py:47 close.started
DEBUG 2026-07-19 10:18:08 re/_trace.py:47 close.complete
DEBUG 2026-07-19 10:18:08 re/_trace.py:47 close.started
DEBUG 2026-07-19 10:18:08 re/_trace.py:47 close.complete
INFO 2026-07-19 10:21:01 ot_train.py:459 step:1K smpl:456K ep:314 epch:6.29 loss:0.053 grdn:0.349 lr:8.5e-05 updt_s:3.332 data_s:0.397
DEBUG 2026-07-19 10:27:40 re/_trace.py:47 close.started
DEBUG 2026-07-19 10:27:40 re/_trace.py:47 close.complete
DEBUG 2026-07-19 10:27:40 re/_trace.py:47 close.started
DEBUG 2026-07-19 10:27:40 re/_trace.py:47 close.complete
DEBUG 2026-07-19 10:27:41 re/_trace.py:47 close.started
DEBUG 2026-07-19 10:27:41 re/_trace.py:47 close.complete
DEBUG 2026-07-19 10:27:41 re/_trace.py:47 close.started
DEBUG 2026-07-19 10:27:41 re/_trace.py:47 close.complete
DEBUG 2026-07-19 10:27:41 re/_trace.py:47 close.started
DEBUG 2026-07-19 10:27:41 re/_trace.py:47 close.complete
DEBUG 2026-07-19 10:27:41 re/_trace.py:47 close.started
DEBUG 2026-07-19 10:27:41 re/_trace.py:47 close.complete
DEBUG 2026-07-19 10:27:41 re/_trace.py:47 close.started
DEBUG 2026-07-19 10:27:41 re/_trace.py:47 close.complete
DEBUG 2026-07-19 10:27:41 re/_trace.py:47 close.started
DEBUG 2026-07-19 10:27:41 re/_trace.py:47 close.complete
DEBUG 2026-07-19 10:27:41 re/_trace.py:47 close.started
DEBUG 2026-07-19 10:27:41 re/_trace.py:47 close.complete
DEBUG 2026-07-19 10:27:41 re/_trace.py:47 close.started
DEBUG 2026-07-19 10:27:41 re/_trace.py:47 close.complete
INFO 2026-07-19 10:32:47 ot_train.py:459 step:1K smpl:547K ep:377 epch:7.54 loss:0.045 grdn:0.272 lr:9.4e-05 updt_s:3.320 data_s:0.209
DEBUG 2026-07-19 10:37:13 re/_trace.py:47 close.started
DEBUG 2026-07-19 10:37:13 re/_trace.py:47 close.complete
DEBUG 2026-07-19 10:37:13 re/_trace.py:47 close.started
DEBUG 2026-07-19 10:37:13 re/_trace.py:47 close.complete
DEBUG 2026-07-19 10:37:13 re/_trace.py:47 close.started
DEBUG 2026-07-19 10:37:13 re/_trace.py:47 close.complete
DEBUG 2026-07-19 10:37:13 re/_trace.py:47 close.started
DEBUG 2026-07-19 10:37:13 re/_trace.py:47 close.complete
DEBUG 2026-07-19 10:37:13 re/_trace.py:47 close.started
DEBUG 2026-07-19 10:37:13 re/_trace.py:47 close.complete
DEBUG 2026-07-19 10:37:13 re/_trace.py:47 close.started
DEBUG 2026-07-19 10:37:13 re/_trace.py:47 close.complete
DEBUG 2026-07-19 10:37:13 re/_trace.py:47 close.started
DEBUG 2026-07-19 10:37:13 re/_trace.py:47 close.complete
DEBUG 2026-07-19 10:37:14 re/_trace.py:47 close.started
DEBUG 2026-07-19 10:37:14 re/_trace.py:47 close.complete
DEBUG 2026-07-19 10:37:14 re/_trace.py:47 close.started
DEBUG 2026-07-19 10:37:14 re/_trace.py:47 close.complete
DEBUG 2026-07-19 10:37:14 re/_trace.py:47 close.started
DEBUG 2026-07-19 10:37:14 re/_trace.py:47 close.complete
INFO 2026-07-19 10:44:33 ot_train.py:459 step:1K smpl:638K ep:440 epch:8.80 loss:0.037 grdn:0.205 lr:9.4e-05 updt_s:3.295 data_s:0.229
DEBUG 2026-07-19 10:46:45 re/_trace.py:47 close.started
DEBUG 2026-07-19 10:46:45 re/_trace.py:47 close.complete
DEBUG 2026-07-19 10:46:45 re/_trace.py:47 close.started
DEBUG 2026-07-19 10:46:45 re/_trace.py:47 close.complete
DEBUG 2026-07-19 10:46:45 re/_trace.py:47 close.started
DEBUG 2026-07-19 10:46:45 re/_trace.py:47 close.complete
DEBUG 2026-07-19 10:46:46 re/_trace.py:47 close.started
DEBUG 2026-07-19 10:46:46 re/_trace.py:47 close.complete
DEBUG 2026-07-19 10:46:46 re/_trace.py:47 close.started
DEBUG 2026-07-19 10:46:46 re/_trace.py:47 close.complete
DEBUG 2026-07-19 10:46:46 re/_trace.py:47 close.started
DEBUG 2026-07-19 10:46:46 re/_trace.py:47 close.complete
DEBUG 2026-07-19 10:46:46 re/_trace.py:47 close.started
DEBUG 2026-07-19 10:46:46 re/_trace.py:47 close.complete
DEBUG 2026-07-19 10:46:46 re/_trace.py:47 close.started
DEBUG 2026-07-19 10:46:46 re/_trace.py:47 close.complete
DEBUG 2026-07-19 10:46:46 re/_trace.py:47 close.started
DEBUG 2026-07-19 10:46:46 re/_trace.py:47 close.complete
DEBUG 2026-07-19 10:46:46 re/_trace.py:47 close.started
DEBUG 2026-07-19 10:46:46 re/_trace.py:47 close.complete
INFO 2026-07-19 10:56:15 ot_train.py:459 step:2K smpl:730K ep:503 epch:10.06 loss:0.031 grdn:0.173 lr:9.3e-05 updt_s:3.281 data_s:0.227
DEBUG 2026-07-19 10:56:16 re/_trace.py:47 close.started
DEBUG 2026-07-19 10:56:16 re/_trace.py:47 close.complete
DEBUG 2026-07-19 10:56:16 re/_trace.py:47 close.started
DEBUG 2026-07-19 10:56:16 re/_trace.py:47 close.complete
DEBUG 2026-07-19 10:56:16 re/_trace.py:47 close.started
DEBUG 2026-07-19 10:56:16 re/_trace.py:47 close.complete
DEBUG 2026-07-19 10:56:16 re/_trace.py:47 close.started
DEBUG 2026-07-19 10:56:16 re/_trace.py:47 close.complete
DEBUG 2026-07-19 10:56:16 re/_trace.py:47 close.started
DEBUG 2026-07-19 10:56:16 re/_trace.py:47 close.complete
DEBUG 2026-07-19 10:56:16 re/_trace.py:47 close.started
DEBUG 2026-07-19 10:56:16 re/_trace.py:47 close.complete
DEBUG 2026-07-19 10:56:16 re/_trace.py:47 close.started
DEBUG 2026-07-19 10:56:16 re/_trace.py:47 close.complete
DEBUG 2026-07-19 10:56:16 re/_trace.py:47 close.started
DEBUG 2026-07-19 10:56:16 re/_trace.py:47 close.complete
DEBUG 2026-07-19 10:56:16 re/_trace.py:47 close.started
DEBUG 2026-07-19 10:56:16 re/_trace.py:47 close.complete
DEBUG 2026-07-19 10:56:16 re/_trace.py:47 close.started
DEBUG 2026-07-19 10:56:16 re/_trace.py:47 close.complete
DEBUG 2026-07-19 11:05:44 re/_trace.py:47 close.started
DEBUG 2026-07-19 11:05:44 re/_trace.py:47 close.complete
DEBUG 2026-07-19 11:05:44 re/_trace.py:47 close.started
DEBUG 2026-07-19 11:05:44 re/_trace.py:47 close.complete
DEBUG 2026-07-19 11:05:45 re/_trace.py:47 close.started
DEBUG 2026-07-19 11:05:45 re/_trace.py:47 close.complete
DEBUG 2026-07-19 11:05:45 re/_trace.py:47 close.started
DEBUG 2026-07-19 11:05:45 re/_trace.py:47 close.complete
DEBUG 2026-07-19 11:05:45 re/_trace.py:47 close.started
DEBUG 2026-07-19 11:05:45 re/_trace.py:47 close.complete
DEBUG 2026-07-19 11:05:45 re/_trace.py:47 close.started
DEBUG 2026-07-19 11:05:45 re/_trace.py:47 close.complete
DEBUG 2026-07-19 11:05:45 re/_trace.py:47 close.started
DEBUG 2026-07-19 11:05:45 re/_trace.py:47 close.complete
DEBUG 2026-07-19 11:05:45 re/_trace.py:47 close.started
DEBUG 2026-07-19 11:05:45 re/_trace.py:47 close.complete
DEBUG 2026-07-19 11:05:45 re/_trace.py:47 close.started
DEBUG 2026-07-19 11:05:45 re/_trace.py:47 close.complete
DEBUG 2026-07-19 11:05:45 re/_trace.py:47 close.started
DEBUG 2026-07-19 11:05:45 re/_trace.py:47 close.complete
INFO 2026-07-19 11:08:41 ot_train.py:459 step:2K smpl:821K ep:566 epch:11.31 loss:0.028 grdn:0.160 lr:9.3e-05 updt_s:3.319 data_s:0.405
DEBUG 2026-07-19 11:15:19 re/_trace.py:47 close.started
DEBUG 2026-07-19 11:15:19 re/_trace.py:47 close.complete
DEBUG 2026-07-19 11:15:19 re/_trace.py:47 close.started
DEBUG 2026-07-19 11:15:19 re/_trace.py:47 close.complete
DEBUG 2026-07-19 11:15:19 re/_trace.py:47 close.started
DEBUG 2026-07-19 11:15:19 re/_trace.py:47 close.complete
DEBUG 2026-07-19 11:15:20 re/_trace.py:47 close.started
DEBUG 2026-07-19 11:15:20 re/_trace.py:47 close.complete
DEBUG 2026-07-19 11:15:20 re/_trace.py:47 close.started
DEBUG 2026-07-19 11:15:20 re/_trace.py:47 close.complete
DEBUG 2026-07-19 11:15:20 re/_trace.py:47 close.started
DEBUG 2026-07-19 11:15:20 re/_trace.py:47 close.complete
DEBUG 2026-07-19 11:15:20 re/_trace.py:47 close.started
DEBUG 2026-07-19 11:15:20 re/_trace.py:47 close.complete
DEBUG 2026-07-19 11:15:20 re/_trace.py:47 close.started
DEBUG 2026-07-19 11:15:20 re/_trace.py:47 close.complete
DEBUG 2026-07-19 11:15:20 re/_trace.py:47 close.started
DEBUG 2026-07-19 11:15:20 re/_trace.py:47 close.complete
DEBUG 2026-07-19 11:15:20 re/_trace.py:47 close.started
DEBUG 2026-07-19 11:15:20 re/_trace.py:47 close.complete
INFO 2026-07-19 11:20:28 ot_train.py:459 step:2K smpl:912K ep:629 epch:12.57 loss:0.024 grdn:0.139 lr:9.3e-05 updt_s:3.293 data_s:0.238
DEBUG 2026-07-19 11:24:54 re/_trace.py:47 close.started
DEBUG 2026-07-19 11:24:54 re/_trace.py:47 close.complete
DEBUG 2026-07-19 11:24:55 re/_trace.py:47 close.started
DEBUG 2026-07-19 11:24:55 re/_trace.py:47 close.complete
DEBUG 2026-07-19 11:24:55 re/_trace.py:47 close.started
DEBUG 2026-07-19 11:24:55 re/_trace.py:47 close.complete
DEBUG 2026-07-19 11:24:55 re/_trace.py:47 close.started
DEBUG 2026-07-19 11:24:55 re/_trace.py:47 close.complete
DEBUG 2026-07-19 11:24:55 re/_trace.py:47 close.started
DEBUG 2026-07-19 11:24:55 re/_trace.py:47 close.complete
DEBUG 2026-07-19 11:24:55 re/_trace.py:47 close.started
DEBUG 2026-07-19 11:24:55 re/_trace.py:47 close.complete
DEBUG 2026-07-19 11:24:55 re/_trace.py:47 close.started
DEBUG 2026-07-19 11:24:55 re/_trace.py:47 close.complete
DEBUG 2026-07-19 11:24:55 re/_trace.py:47 close.started
DEBUG 2026-07-19 11:24:55 re/_trace.py:47 close.complete
DEBUG 2026-07-19 11:24:55 re/_trace.py:47 close.started
DEBUG 2026-07-19 11:24:55 re/_trace.py:47 close.complete
DEBUG 2026-07-19 11:24:56 re/_trace.py:47 close.started
DEBUG 2026-07-19 11:24:56 re/_trace.py:47 close.complete
INFO 2026-07-19 11:32:15 ot_train.py:459 step:2K smpl:1M ep:691 epch:13.83 loss:0.021 grdn:0.127 lr:9.3e-05 updt_s:3.308 data_s:0.222
DEBUG 2026-07-19 11:34:28 re/_trace.py:47 close.started
DEBUG 2026-07-19 11:34:28 re/_trace.py:47 close.complete
DEBUG 2026-07-19 11:34:28 re/_trace.py:47 close.started
DEBUG 2026-07-19 11:34:28 re/_trace.py:47 close.complete
DEBUG 2026-07-19 11:34:28 re/_trace.py:47 close.started
DEBUG 2026-07-19 11:34:28 re/_trace.py:47 close.complete
DEBUG 2026-07-19 11:34:28 re/_trace.py:47 close.started
DEBUG 2026-07-19 11:34:28 re/_trace.py:47 close.complete
DEBUG 2026-07-19 11:34:28 re/_trace.py:47 close.started
DEBUG 2026-07-19 11:34:28 re/_trace.py:47 close.complete
DEBUG 2026-07-19 11:34:28 re/_trace.py:47 close.started
DEBUG 2026-07-19 11:34:28 re/_trace.py:47 close.complete
DEBUG 2026-07-19 11:34:28 re/_trace.py:47 close.started
DEBUG 2026-07-19 11:34:28 re/_trace.py:47 close.complete
DEBUG 2026-07-19 11:34:28 re/_trace.py:47 close.started
DEBUG 2026-07-19 11:34:28 re/_trace.py:47 close.complete
DEBUG 2026-07-19 11:34:29 re/_trace.py:47 close.started
DEBUG 2026-07-19 11:34:29 re/_trace.py:47 close.complete
DEBUG 2026-07-19 11:34:29 re/_trace.py:47 close.started
DEBUG 2026-07-19 11:34:29 re/_trace.py:47 close.complete
INFO 2026-07-19 11:43:58 ot_train.py:459 step:2K smpl:1M ep:754 epch:15.09 loss:0.020 grdn:0.119 lr:9.3e-05 updt_s:3.291 data_s:0.219
DEBUG 2026-07-19 11:43:58 re/_trace.py:47 close.started
DEBUG 2026-07-19 11:43:58 re/_trace.py:47 close.complete
DEBUG 2026-07-19 11:43:58 re/_trace.py:47 close.started
DEBUG 2026-07-19 11:43:58 re/_trace.py:47 close.complete
DEBUG 2026-07-19 11:43:58 re/_trace.py:47 close.started
DEBUG 2026-07-19 11:43:58 re/_trace.py:47 close.complete
DEBUG 2026-07-19 11:43:58 re/_trace.py:47 close.started
DEBUG 2026-07-19 11:43:58 re/_trace.py:47 close.complete
DEBUG 2026-07-19 11:43:59 re/_trace.py:47 close.started
DEBUG 2026-07-19 11:43:59 re/_trace.py:47 close.complete
DEBUG 2026-07-19 11:43:59 re/_trace.py:47 close.started
DEBUG 2026-07-19 11:43:59 re/_trace.py:47 close.complete
DEBUG 2026-07-19 11:43:59 re/_trace.py:47 close.started
DEBUG 2026-07-19 11:43:59 re/_trace.py:47 close.complete
DEBUG 2026-07-19 11:43:59 re/_trace.py:47 close.started
DEBUG 2026-07-19 11:43:59 re/_trace.py:47 close.complete
DEBUG 2026-07-19 11:43:59 re/_trace.py:47 close.started
DEBUG 2026-07-19 11:43:59 re/_trace.py:47 close.complete
DEBUG 2026-07-19 11:43:59 re/_trace.py:47 close.started
DEBUG 2026-07-19 11:43:59 re/_trace.py:47 close.complete
DEBUG 2026-07-19 11:53:31 re/_trace.py:47 close.started
DEBUG 2026-07-19 11:53:31 re/_trace.py:47 close.complete
DEBUG 2026-07-19 11:53:31 re/_trace.py:47 close.started
DEBUG 2026-07-19 11:53:31 re/_trace.py:47 close.complete
DEBUG 2026-07-19 11:53:31 re/_trace.py:47 close.started
DEBUG 2026-07-19 11:53:31 re/_trace.py:47 close.complete
DEBUG 2026-07-19 11:53:31 re/_trace.py:47 close.started
DEBUG 2026-07-19 11:53:31 re/_trace.py:47 close.complete
DEBUG 2026-07-19 11:53:31 re/_trace.py:47 close.started
DEBUG 2026-07-19 11:53:31 re/_trace.py:47 close.complete
DEBUG 2026-07-19 11:53:32 re/_trace.py:47 close.started
DEBUG 2026-07-19 11:53:32 re/_trace.py:47 close.complete
DEBUG 2026-07-19 11:53:32 re/_trace.py:47 close.started
DEBUG 2026-07-19 11:53:32 re/_trace.py:47 close.complete
DEBUG 2026-07-19 11:53:32 re/_trace.py:47 close.started
DEBUG 2026-07-19 11:53:32 re/_trace.py:47 close.complete
DEBUG 2026-07-19 11:53:32 re/_trace.py:47 close.started
DEBUG 2026-07-19 11:53:32 re/_trace.py:47 close.complete
DEBUG 2026-07-19 11:53:32 re/_trace.py:47 close.started
DEBUG 2026-07-19 11:53:32 re/_trace.py:47 close.complete
INFO 2026-07-19 11:56:27 ot_train.py:459 step:3K smpl:1M ep:817 epch:16.34 loss:0.018 grdn:0.117 lr:9.2e-05 updt_s:3.332 data_s:0.408
DEBUG 2026-07-19 12:03:06 re/_trace.py:47 close.started
DEBUG 2026-07-19 12:03:06 re/_trace.py:47 close.complete
DEBUG 2026-07-19 12:03:07 re/_trace.py:47 close.started
DEBUG 2026-07-19 12:03:07 re/_trace.py:47 close.complete
DEBUG 2026-07-19 12:03:07 re/_trace.py:47 close.started
DEBUG 2026-07-19 12:03:07 re/_trace.py:47 close.complete
DEBUG 2026-07-19 12:03:07 re/_trace.py:47 close.started
DEBUG 2026-07-19 12:03:07 re/_trace.py:47 close.complete
DEBUG 2026-07-19 12:03:07 re/_trace.py:47 close.started
DEBUG 2026-07-19 12:03:07 re/_trace.py:47 close.complete
DEBUG 2026-07-19 12:03:07 re/_trace.py:47 close.started
DEBUG 2026-07-19 12:03:07 re/_trace.py:47 close.complete
DEBUG 2026-07-19 12:03:07 re/_trace.py:47 close.started
DEBUG 2026-07-19 12:03:07 re/_trace.py:47 close.complete
DEBUG 2026-07-19 12:03:07 re/_trace.py:47 close.started
DEBUG 2026-07-19 12:03:07 re/_trace.py:47 close.complete
DEBUG 2026-07-19 12:03:07 re/_trace.py:47 close.started
DEBUG 2026-07-19 12:03:07 re/_trace.py:47 close.complete
DEBUG 2026-07-19 12:03:08 re/_trace.py:47 close.started
DEBUG 2026-07-19 12:03:08 re/_trace.py:47 close.complete
INFO 2026-07-19 12:08:11 ot_train.py:459 step:3K smpl:1M ep:880 epch:17.60 loss:0.018 grdn:0.110 lr:9.2e-05 updt_s:3.293 data_s:0.224
DEBUG 2026-07-19 12:12:36 re/_trace.py:47 close.started
DEBUG 2026-07-19 12:12:36 re/_trace.py:47 close.complete
DEBUG 2026-07-19 12:12:36 re/_trace.py:47 close.started
DEBUG 2026-07-19 12:12:36 re/_trace.py:47 close.complete
DEBUG 2026-07-19 12:12:36 re/_trace.py:47 close.started
DEBUG 2026-07-19 12:12:36 re/_trace.py:47 close.complete
DEBUG 2026-07-19 12:12:37 re/_trace.py:47 close.started
DEBUG 2026-07-19 12:12:37 re/_trace.py:47 close.complete
DEBUG 2026-07-19 12:12:37 re/_trace.py:47 close.started
DEBUG 2026-07-19 12:12:37 re/_trace.py:47 close.complete
DEBUG 2026-07-19 12:12:37 re/_trace.py:47 close.started
DEBUG 2026-07-19 12:12:37 re/_trace.py:47 close.complete
DEBUG 2026-07-19 12:12:37 re/_trace.py:47 close.started
DEBUG 2026-07-19 12:12:37 re/_trace.py:47 close.complete
DEBUG 2026-07-19 12:12:37 re/_trace.py:47 close.started
DEBUG 2026-07-19 12:12:37 re/_trace.py:47 close.complete
DEBUG 2026-07-19 12:12:37 re/_trace.py:47 close.started
DEBUG 2026-07-19 12:12:37 re/_trace.py:47 close.complete
DEBUG 2026-07-19 12:12:37 re/_trace.py:47 close.started
DEBUG 2026-07-19 12:12:37 re/_trace.py:47 close.complete
INFO 2026-07-19 12:19:56 ot_train.py:459 step:3K smpl:1M ep:943 epch:18.86 loss:0.017 grdn:0.104 lr:9.2e-05 updt_s:3.297 data_s:0.226
INFO 2026-07-19 12:19:56 ot_train.py:479 Checkpoint policy after step 3000
DEBUG 2026-07-19 12:22:29 re/_trace.py:47 close.started
DEBUG 2026-07-19 12:22:29 re/_trace.py:47 close.complete
DEBUG 2026-07-19 12:22:29 re/_trace.py:47 close.started
DEBUG 2026-07-19 12:22:29 re/_trace.py:47 close.complete
DEBUG 2026-07-19 12:22:30 re/_trace.py:47 close.started
DEBUG 2026-07-19 12:22:30 re/_trace.py:47 close.complete
DEBUG 2026-07-19 12:22:30 re/_trace.py:47 close.started
DEBUG 2026-07-19 12:22:30 re/_trace.py:47 close.complete
DEBUG 2026-07-19 12:22:30 re/_trace.py:47 close.started
DEBUG 2026-07-19 12:22:30 re/_trace.py:47 close.complete
DEBUG 2026-07-19 12:22:30 re/_trace.py:47 close.started
DEBUG 2026-07-19 12:22:30 re/_trace.py:47 close.complete
DEBUG 2026-07-19 12:22:30 re/_trace.py:47 close.started
DEBUG 2026-07-19 12:22:30 re/_trace.py:47 close.complete
DEBUG 2026-07-19 12:22:30 re/_trace.py:47 close.started
DEBUG 2026-07-19 12:22:30 re/_trace.py:47 close.complete
DEBUG 2026-07-19 12:22:30 re/_trace.py:47 close.started
DEBUG 2026-07-19 12:22:30 re/_trace.py:47 close.complete
DEBUG 2026-07-19 12:22:30 re/_trace.py:47 close.started
DEBUG 2026-07-19 12:22:30 re/_trace.py:47 close.complete
INFO 2026-07-19 12:32:02 ot_train.py:459 step:3K smpl:1M ep:1K epch:20.12 loss:0.016 grdn:0.105 lr:9.2e-05 updt_s:3.293 data_s:0.227
DEBUG 2026-07-19 12:32:02 re/_trace.py:47 close.started
DEBUG 2026-07-19 12:32:02 re/_trace.py:47 close.complete
DEBUG 2026-07-19 12:32:02 re/_trace.py:47 close.started
DEBUG 2026-07-19 12:32:02 re/_trace.py:47 close.complete
DEBUG 2026-07-19 12:32:02 re/_trace.py:47 close.started
DEBUG 2026-07-19 12:32:02 re/_trace.py:47 close.complete
DEBUG 2026-07-19 12:32:02 re/_trace.py:47 close.started
DEBUG 2026-07-19 12:32:02 re/_trace.py:47 close.complete
DEBUG 2026-07-19 12:32:02 re/_trace.py:47 close.started
DEBUG 2026-07-19 12:32:02 re/_trace.py:47 close.complete
DEBUG 2026-07-19 12:32:02 re/_trace.py:47 close.started
DEBUG 2026-07-19 12:32:02 re/_trace.py:47 close.complete
DEBUG 2026-07-19 12:32:03 re/_trace.py:47 close.started
DEBUG 2026-07-19 12:32:03 re/_trace.py:47 close.complete
DEBUG 2026-07-19 12:32:03 re/_trace.py:47 close.started
DEBUG 2026-07-19 12:32:03 re/_trace.py:47 close.complete
DEBUG 2026-07-19 12:32:03 re/_trace.py:47 close.started
DEBUG 2026-07-19 12:32:03 re/_trace.py:47 close.complete
DEBUG 2026-07-19 12:32:03 re/_trace.py:47 close.started
DEBUG 2026-07-19 12:32:03 re/_trace.py:47 close.complete
DEBUG 2026-07-19 12:41:33 re/_trace.py:47 close.started
DEBUG 2026-07-19 12:41:33 re/_trace.py:47 close.complete
DEBUG 2026-07-19 12:41:33 re/_trace.py:47 close.started
DEBUG 2026-07-19 12:41:33 re/_trace.py:47 close.complete
DEBUG 2026-07-19 12:41:33 re/_trace.py:47 close.started
DEBUG 2026-07-19 12:41:33 re/_trace.py:47 close.complete
DEBUG 2026-07-19 12:41:34 re/_trace.py:47 close.started
DEBUG 2026-07-19 12:41:34 re/_trace.py:47 close.complete
DEBUG 2026-07-19 12:41:34 re/_trace.py:47 close.started
DEBUG 2026-07-19 12:41:34 re/_trace.py:47 close.complete
DEBUG 2026-07-19 12:41:34 re/_trace.py:47 close.started
DEBUG 2026-07-19 12:41:34 re/_trace.py:47 close.complete
DEBUG 2026-07-19 12:41:34 re/_trace.py:47 close.started
DEBUG 2026-07-19 12:41:34 re/_trace.py:47 close.complete
DEBUG 2026-07-19 12:41:34 re/_trace.py:47 close.started
DEBUG 2026-07-19 12:41:34 re/_trace.py:47 close.complete
DEBUG 2026-07-19 12:41:34 re/_trace.py:47 close.started
DEBUG 2026-07-19 12:41:34 re/_trace.py:47 close.complete
DEBUG 2026-07-19 12:41:34 re/_trace.py:47 close.started
DEBUG 2026-07-19 12:41:34 re/_trace.py:47 close.complete
INFO 2026-07-19 12:44:27 ot_train.py:459 step:3K smpl:2M ep:1K epch:21.37 loss:0.015 grdn:0.096 lr:9.1e-05 updt_s:3.351 data_s:0.369
DEBUG 2026-07-19 12:51:05 re/_trace.py:47 close.started
DEBUG 2026-07-19 12:51:05 re/_trace.py:47 close.complete
DEBUG 2026-07-19 12:51:05 re/_trace.py:47 close.started
DEBUG 2026-07-19 12:51:05 re/_trace.py:47 close.complete
DEBUG 2026-07-19 12:51:05 re/_trace.py:47 close.started
DEBUG 2026-07-19 12:51:05 re/_trace.py:47 close.complete
DEBUG 2026-07-19 12:51:05 re/_trace.py:47 close.started
DEBUG 2026-07-19 12:51:05 re/_trace.py:47 close.complete
DEBUG 2026-07-19 12:51:05 re/_trace.py:47 close.started
DEBUG 2026-07-19 12:51:05 re/_trace.py:47 close.complete
DEBUG 2026-07-19 12:51:05 re/_trace.py:47 close.started
DEBUG 2026-07-19 12:51:05 re/_trace.py:47 close.complete
DEBUG 2026-07-19 12:51:05 re/_trace.py:47 close.started
DEBUG 2026-07-19 12:51:05 re/_trace.py:47 close.complete
DEBUG 2026-07-19 12:51:05 re/_trace.py:47 close.started
DEBUG 2026-07-19 12:51:05 re/_trace.py:47 close.complete
DEBUG 2026-07-19 12:51:05 re/_trace.py:47 close.started
DEBUG 2026-07-19 12:51:05 re/_trace.py:47 close.complete
DEBUG 2026-07-19 12:51:06 re/_trace.py:47 close.started
DEBUG 2026-07-19 12:51:06 re/_trace.py:47 close.complete
INFO 2026-07-19 12:56:10 ot_train.py:459 step:4K smpl:2M ep:1K epch:22.63 loss:0.014 grdn:0.094 lr:9.1e-05 updt_s:3.295 data_s:0.217
DEBUG 2026-07-19 13:00:35 re/_trace.py:47 close.started
DEBUG 2026-07-19 13:00:35 re/_trace.py:47 close.complete
DEBUG 2026-07-19 13:00:35 re/_trace.py:47 close.started
DEBUG 2026-07-19 13:00:35 re/_trace.py:47 close.complete
DEBUG 2026-07-19 13:00:35 re/_trace.py:47 close.started
DEBUG 2026-07-19 13:00:35 re/_trace.py:47 close.complete
DEBUG 2026-07-19 13:00:36 re/_trace.py:47 close.started
DEBUG 2026-07-19 13:00:36 re/_trace.py:47 close.complete
DEBUG 2026-07-19 13:00:36 re/_trace.py:47 close.started
DEBUG 2026-07-19 13:00:36 re/_trace.py:47 close.complete
DEBUG 2026-07-19 13:00:36 re/_trace.py:47 close.started
DEBUG 2026-07-19 13:00:36 re/_trace.py:47 close.complete
DEBUG 2026-07-19 13:00:36 re/_trace.py:47 close.started
DEBUG 2026-07-19 13:00:36 re/_trace.py:47 close.complete
DEBUG 2026-07-19 13:00:36 re/_trace.py:47 close.started
DEBUG 2026-07-19 13:00:36 re/_trace.py:47 close.complete
DEBUG 2026-07-19 13:00:36 re/_trace.py:47 close.started
DEBUG 2026-07-19 13:00:36 re/_trace.py:47 close.complete
DEBUG 2026-07-19 13:00:36 re/_trace.py:47 close.started
DEBUG 2026-07-19 13:00:36 re/_trace.py:47 close.complete
INFO 2026-07-19 13:07:53 ot_train.py:459 step:4K smpl:2M ep:1K epch:23.89 loss:0.014 grdn:0.096 lr:9.1e-05 updt_s:3.287 data_s:0.226
DEBUG 2026-07-19 13:10:06 re/_trace.py:47 close.started
DEBUG 2026-07-19 13:10:06 re/_trace.py:47 close.complete
DEBUG 2026-07-19 13:10:06 re/_trace.py:47 close.started
DEBUG 2026-07-19 13:10:06 re/_trace.py:47 close.complete
DEBUG 2026-07-19 13:10:06 re/_trace.py:47 close.started
DEBUG 2026-07-19 13:10:06 re/_trace.py:47 close.complete
DEBUG 2026-07-19 13:10:06 re/_trace.py:47 close.started
DEBUG 2026-07-19 13:10:06 re/_trace.py:47 close.complete
DEBUG 2026-07-19 13:10:06 re/_trace.py:47 close.started
DEBUG 2026-07-19 13:10:06 re/_trace.py:47 close.complete
DEBUG 2026-07-19 13:10:06 re/_trace.py:47 close.started
DEBUG 2026-07-19 13:10:06 re/_trace.py:47 close.complete
DEBUG 2026-07-19 13:10:07 re/_trace.py:47 close.started
DEBUG 2026-07-19 13:10:07 re/_trace.py:47 close.complete
DEBUG 2026-07-19 13:10:07 re/_trace.py:47 close.started
DEBUG 2026-07-19 13:10:07 re/_trace.py:47 close.complete
DEBUG 2026-07-19 13:10:07 re/_trace.py:47 close.started
DEBUG 2026-07-19 13:10:07 re/_trace.py:47 close.complete
DEBUG 2026-07-19 13:10:07 re/_trace.py:47 close.started
DEBUG 2026-07-19 13:10:07 re/_trace.py:47 close.complete
INFO 2026-07-19 13:19:36 ot_train.py:459 step:4K smpl:2M ep:1K epch:25.14 loss:0.013 grdn:0.092 lr:9.0e-05 updt_s:3.314 data_s:0.198
DEBUG 2026-07-19 13:19:36 re/_trace.py:47 close.started
DEBUG 2026-07-19 13:19:36 re/_trace.py:47 close.complete
DEBUG 2026-07-19 13:19:36 re/_trace.py:47 close.started
DEBUG 2026-07-19 13:19:36 re/_trace.py:47 close.complete
DEBUG 2026-07-19 13:19:36 re/_trace.py:47 close.started
DEBUG 2026-07-19 13:19:36 re/_trace.py:47 close.complete
DEBUG 2026-07-19 13:19:37 re/_trace.py:47 close.started
DEBUG 2026-07-19 13:19:37 re/_trace.py:47 close.complete
DEBUG 2026-07-19 13:19:37 re/_trace.py:47 close.started
DEBUG 2026-07-19 13:19:37 re/_trace.py:47 close.complete
DEBUG 2026-07-19 13:19:37 re/_trace.py:47 close.started
DEBUG 2026-07-19 13:19:37 re/_trace.py:47 close.complete
DEBUG 2026-07-19 13:19:37 re/_trace.py:47 close.started
DEBUG 2026-07-19 13:19:37 re/_trace.py:47 close.complete
DEBUG 2026-07-19 13:19:37 re/_trace.py:47 close.started
DEBUG 2026-07-19 13:19:37 re/_trace.py:47 close.complete
DEBUG 2026-07-19 13:19:37 re/_trace.py:47 close.started
DEBUG 2026-07-19 13:19:37 re/_trace.py:47 close.complete
DEBUG 2026-07-19 13:19:37 re/_trace.py:47 close.started
DEBUG 2026-07-19 13:19:37 re/_trace.py:47 close.complete
DEBUG 2026-07-19 13:29:07 re/_trace.py:47 close.started
DEBUG 2026-07-19 13:29:07 re/_trace.py:47 close.complete
DEBUG 2026-07-19 13:29:07 re/_trace.py:47 close.started
DEBUG 2026-07-19 13:29:07 re/_trace.py:47 close.complete
DEBUG 2026-07-19 13:29:07 re/_trace.py:47 close.started
DEBUG 2026-07-19 13:29:07 re/_trace.py:47 close.complete
DEBUG 2026-07-19 13:29:08 re/_trace.py:47 close.started
DEBUG 2026-07-19 13:29:08 re/_trace.py:47 close.complete
DEBUG 2026-07-19 13:29:08 re/_trace.py:47 close.started
DEBUG 2026-07-19 13:29:08 re/_trace.py:47 close.complete
DEBUG 2026-07-19 13:29:08 re/_trace.py:47 close.started
DEBUG 2026-07-19 13:29:08 re/_trace.py:47 close.complete
DEBUG 2026-07-19 13:29:08 re/_trace.py:47 close.started
DEBUG 2026-07-19 13:29:08 re/_trace.py:47 close.complete
DEBUG 2026-07-19 13:29:08 re/_trace.py:47 close.started
DEBUG 2026-07-19 13:29:08 re/_trace.py:47 close.complete
DEBUG 2026-07-19 13:29:08 re/_trace.py:47 close.started
DEBUG 2026-07-19 13:29:08 re/_trace.py:47 close.complete
DEBUG 2026-07-19 13:29:08 re/_trace.py:47 close.started
DEBUG 2026-07-19 13:29:08 re/_trace.py:47 close.complete
INFO 2026-07-19 13:31:59 ot_train.py:459 step:4K smpl:2M ep:1K epch:26.40 loss:0.013 grdn:0.089 lr:9.0e-05 updt_s:3.317 data_s:0.391
DEBUG 2026-07-19 13:38:39 re/_trace.py:47 close.started
DEBUG 2026-07-19 13:38:39 re/_trace.py:47 close.complete
DEBUG 2026-07-19 13:38:39 re/_trace.py:47 close.started
DEBUG 2026-07-19 13:38:39 re/_trace.py:47 close.complete
DEBUG 2026-07-19 13:38:39 re/_trace.py:47 close.started
DEBUG 2026-07-19 13:38:39 re/_trace.py:47 close.complete
DEBUG 2026-07-19 13:38:39 re/_trace.py:47 close.started
DEBUG 2026-07-19 13:38:39 re/_trace.py:47 close.complete
DEBUG 2026-07-19 13:38:39 re/_trace.py:47 close.started
DEBUG 2026-07-19 13:38:39 re/_trace.py:47 close.complete
DEBUG 2026-07-19 13:38:39 re/_trace.py:47 close.started
DEBUG 2026-07-19 13:38:39 re/_trace.py:47 close.complete
DEBUG 2026-07-19 13:38:39 re/_trace.py:47 close.started
DEBUG 2026-07-19 13:38:39 re/_trace.py:47 close.complete
DEBUG 2026-07-19 13:38:39 re/_trace.py:47 close.started
DEBUG 2026-07-19 13:38:39 re/_trace.py:47 close.complete
DEBUG 2026-07-19 13:38:40 re/_trace.py:47 close.started
DEBUG 2026-07-19 13:38:40 re/_trace.py:47 close.complete
DEBUG 2026-07-19 13:38:40 re/_trace.py:47 close.started
DEBUG 2026-07-19 13:38:40 re/_trace.py:47 close.complete
INFO 2026-07-19 13:43:42 ot_train.py:459 step:4K smpl:2M ep:1K epch:27.66 loss:0.012 grdn:0.087 lr:8.9e-05 updt_s:3.296 data_s:0.217
DEBUG 2026-07-19 13:48:08 re/_trace.py:47 close.started
DEBUG 2026-07-19 13:48:08 re/_trace.py:47 close.complete
DEBUG 2026-07-19 13:48:08 re/_trace.py:47 close.started
DEBUG 2026-07-19 13:48:08 re/_trace.py:47 close.complete
DEBUG 2026-07-19 13:48:08 re/_trace.py:47 close.started
DEBUG 2026-07-19 13:48:08 re/_trace.py:47 close.complete
DEBUG 2026-07-19 13:48:08 re/_trace.py:47 close.started
DEBUG 2026-07-19 13:48:08 re/_trace.py:47 close.complete
DEBUG 2026-07-19 13:48:08 re/_trace.py:47 close.started
DEBUG 2026-07-19 13:48:08 re/_trace.py:47 close.complete
DEBUG 2026-07-19 13:48:08 re/_trace.py:47 close.started
DEBUG 2026-07-19 13:48:08 re/_trace.py:47 close.complete
DEBUG 2026-07-19 13:48:08 re/_trace.py:47 close.started
DEBUG 2026-07-19 13:48:08 re/_trace.py:47 close.complete
DEBUG 2026-07-19 13:48:08 re/_trace.py:47 close.started
DEBUG 2026-07-19 13:48:08 re/_trace.py:47 close.complete
DEBUG 2026-07-19 13:48:09 re/_trace.py:47 close.started
DEBUG 2026-07-19 13:48:09 re/_trace.py:47 close.complete
DEBUG 2026-07-19 13:48:09 re/_trace.py:47 close.started
DEBUG 2026-07-19 13:48:09 re/_trace.py:47 close.complete
INFO 2026-07-19 13:55:28 ot_train.py:459 step:5K smpl:2M ep:1K epch:28.92 loss:0.012 grdn:0.087 lr:8.9e-05 updt_s:3.326 data_s:0.199
DEBUG 2026-07-19 13:57:40 re/_trace.py:47 close.started
DEBUG 2026-07-19 13:57:40 re/_trace.py:47 close.complete
DEBUG 2026-07-19 13:57:40 re/_trace.py:47 close.started
DEBUG 2026-07-19 13:57:40 re/_trace.py:47 close.complete
DEBUG 2026-07-19 13:57:40 re/_trace.py:47 close.started
DEBUG 2026-07-19 13:57:40 re/_trace.py:47 close.complete
DEBUG 2026-07-19 13:57:41 re/_trace.py:47 close.started
DEBUG 2026-07-19 13:57:41 re/_trace.py:47 close.complete
DEBUG 2026-07-19 13:57:41 re/_trace.py:47 close.started
DEBUG 2026-07-19 13:57:41 re/_trace.py:47 close.complete
DEBUG 2026-07-19 13:57:41 re/_trace.py:47 close.started
DEBUG 2026-07-19 13:57:41 re/_trace.py:47 close.complete
DEBUG 2026-07-19 13:57:41 re/_trace.py:47 close.started
DEBUG 2026-07-19 13:57:41 re/_trace.py:47 close.complete
DEBUG 2026-07-19 13:57:41 re/_trace.py:47 close.started
DEBUG 2026-07-19 13:57:41 re/_trace.py:47 close.complete
DEBUG 2026-07-19 13:57:41 re/_trace.py:47 close.started
DEBUG 2026-07-19 13:57:41 re/_trace.py:47 close.complete
DEBUG 2026-07-19 13:57:41 re/_trace.py:47 close.started
DEBUG 2026-07-19 13:57:41 re/_trace.py:47 close.complete
INFO 2026-07-19 14:07:16 ot_train.py:459 step:5K smpl:2M ep:2K epch:30.17 loss:0.012 grdn:0.086 lr:8.9e-05 updt_s:3.318 data_s:0.222
DEBUG 2026-07-19 14:07:16 re/_trace.py:47 close.started
DEBUG 2026-07-19 14:07:16 re/_trace.py:47 close.complete
DEBUG 2026-07-19 14:07:16 re/_trace.py:47 close.started
DEBUG 2026-07-19 14:07:16 re/_trace.py:47 close.complete
DEBUG 2026-07-19 14:07:17 re/_trace.py:47 close.started
DEBUG 2026-07-19 14:07:17 re/_trace.py:47 close.complete
DEBUG 2026-07-19 14:07:17 re/_trace.py:47 close.started
DEBUG 2026-07-19 14:07:17 re/_trace.py:47 close.complete
DEBUG 2026-07-19 14:07:17 re/_trace.py:47 close.started
DEBUG 2026-07-19 14:07:17 re/_trace.py:47 close.complete
DEBUG 2026-07-19 14:07:17 re/_trace.py:47 close.started
DEBUG 2026-07-19 14:07:17 re/_trace.py:47 close.complete
DEBUG 2026-07-19 14:07:17 re/_trace.py:47 close.started
DEBUG 2026-07-19 14:07:17 re/_trace.py:47 close.complete
DEBUG 2026-07-19 14:07:17 re/_trace.py:47 close.started
DEBUG 2026-07-19 14:07:17 re/_trace.py:47 close.complete
DEBUG 2026-07-19 14:07:17 re/_trace.py:47 close.started
DEBUG 2026-07-19 14:07:17 re/_trace.py:47 close.complete
DEBUG 2026-07-19 14:07:17 re/_trace.py:47 close.started
DEBUG 2026-07-19 14:07:17 re/_trace.py:47 close.complete
DEBUG 2026-07-19 14:16:49 re/_trace.py:47 close.started
DEBUG 2026-07-19 14:16:49 re/_trace.py:47 close.complete
DEBUG 2026-07-19 14:16:50 re/_trace.py:47 close.started
DEBUG 2026-07-19 14:16:50 re/_trace.py:47 close.complete
DEBUG 2026-07-19 14:16:50 re/_trace.py:47 close.started
DEBUG 2026-07-19 14:16:50 re/_trace.py:47 close.complete
DEBUG 2026-07-19 14:16:50 re/_trace.py:47 close.started
DEBUG 2026-07-19 14:16:50 re/_trace.py:47 close.complete
DEBUG 2026-07-19 14:16:50 re/_trace.py:47 close.started
DEBUG 2026-07-19 14:16:50 re/_trace.py:47 close.complete
DEBUG 2026-07-19 14:16:50 re/_trace.py:47 close.started
DEBUG 2026-07-19 14:16:50 re/_trace.py:47 close.complete
DEBUG 2026-07-19 14:16:50 re/_trace.py:47 close.started
DEBUG 2026-07-19 14:16:50 re/_trace.py:47 close.complete
DEBUG 2026-07-19 14:16:50 re/_trace.py:47 close.started
DEBUG 2026-07-19 14:16:50 re/_trace.py:47 close.complete
DEBUG 2026-07-19 14:16:50 re/_trace.py:47 close.started
DEBUG 2026-07-19 14:16:50 re/_trace.py:47 close.complete
DEBUG 2026-07-19 14:16:51 re/_trace.py:47 close.started
DEBUG 2026-07-19 14:16:51 re/_trace.py:47 close.complete
INFO 2026-07-19 14:19:42 ot_train.py:459 step:5K smpl:2M ep:2K epch:31.43 loss:0.011 grdn:0.083 lr:8.8e-05 updt_s:3.358 data_s:0.369
DEBUG 2026-07-19 14:26:22 re/_trace.py:47 close.started
DEBUG 2026-07-19 14:26:22 re/_trace.py:47 close.complete
DEBUG 2026-07-19 14:26:22 re/_trace.py:47 close.started
DEBUG 2026-07-19 14:26:22 re/_trace.py:47 close.complete
DEBUG 2026-07-19 14:26:22 re/_trace.py:47 close.started
DEBUG 2026-07-19 14:26:22 re/_trace.py:47 close.complete
DEBUG 2026-07-19 14:26:22 re/_trace.py:47 close.started
DEBUG 2026-07-19 14:26:22 re/_trace.py:47 close.complete
DEBUG 2026-07-19 14:26:22 re/_trace.py:47 close.started
DEBUG 2026-07-19 14:26:22 re/_trace.py:47 close.complete
DEBUG 2026-07-19 14:26:23 re/_trace.py:47 close.started
DEBUG 2026-07-19 14:26:23 re/_trace.py:47 close.complete
DEBUG 2026-07-19 14:26:23 re/_trace.py:47 close.started
DEBUG 2026-07-19 14:26:23 re/_trace.py:47 close.complete
DEBUG 2026-07-19 14:26:23 re/_trace.py:47 close.started
DEBUG 2026-07-19 14:26:23 re/_trace.py:47 close.complete
DEBUG 2026-07-19 14:26:23 re/_trace.py:47 close.started
DEBUG 2026-07-19 14:26:23 re/_trace.py:47 close.complete
DEBUG 2026-07-19 14:26:23 re/_trace.py:47 close.started
DEBUG 2026-07-19 14:26:23 re/_trace.py:47 close.complete
INFO 2026-07-19 14:31:30 ot_train.py:459 step:5K smpl:2M ep:2K epch:32.69 loss:0.011 grdn:0.083 lr:8.8e-05 updt_s:3.336 data_s:0.197
DEBUG 2026-07-19 14:35:57 re/_trace.py:47 close.started
DEBUG 2026-07-19 14:35:57 re/_trace.py:47 close.complete
DEBUG 2026-07-19 14:35:58 re/_trace.py:47 close.started
DEBUG 2026-07-19 14:35:58 re/_trace.py:47 close.complete
DEBUG 2026-07-19 14:35:58 re/_trace.py:47 close.started
DEBUG 2026-07-19 14:35:58 re/_trace.py:47 close.complete
DEBUG 2026-07-19 14:35:58 re/_trace.py:47 close.started
DEBUG 2026-07-19 14:35:58 re/_trace.py:47 close.complete
DEBUG 2026-07-19 14:35:58 re/_trace.py:47 close.started
DEBUG 2026-07-19 14:35:58 re/_trace.py:47 close.complete
DEBUG 2026-07-19 14:35:58 re/_trace.py:47 close.started
DEBUG 2026-07-19 14:35:58 re/_trace.py:47 close.complete
DEBUG 2026-07-19 14:35:58 re/_trace.py:47 close.started
DEBUG 2026-07-19 14:35:58 re/_trace.py:47 close.complete
DEBUG 2026-07-19 14:35:58 re/_trace.py:47 close.started
DEBUG 2026-07-19 14:35:58 re/_trace.py:47 close.complete
DEBUG 2026-07-19 14:35:58 re/_trace.py:47 close.started
DEBUG 2026-07-19 14:35:58 re/_trace.py:47 close.complete
DEBUG 2026-07-19 14:35:59 re/_trace.py:47 close.started
DEBUG 2026-07-19 14:35:59 re/_trace.py:47 close.complete
INFO 2026-07-19 14:43:16 ot_train.py:459 step:5K smpl:2M ep:2K epch:33.94 loss:0.011 grdn:0.082 lr:8.7e-05 updt_s:3.315 data_s:0.212
DEBUG 2026-07-19 14:45:28 re/_trace.py:47 close.started
DEBUG 2026-07-19 14:45:28 re/_trace.py:47 close.complete
DEBUG 2026-07-19 14:45:28 re/_trace.py:47 close.started
DEBUG 2026-07-19 14:45:28 re/_trace.py:47 close.complete
DEBUG 2026-07-19 14:45:28 re/_trace.py:47 close.started
DEBUG 2026-07-19 14:45:28 re/_trace.py:47 close.complete
DEBUG 2026-07-19 14:45:29 re/_trace.py:47 close.started
DEBUG 2026-07-19 14:45:29 re/_trace.py:47 close.complete
DEBUG 2026-07-19 14:45:29 re/_trace.py:47 close.started
DEBUG 2026-07-19 14:45:29 re/_trace.py:47 close.complete
DEBUG 2026-07-19 14:45:29 re/_trace.py:47 close.started
DEBUG 2026-07-19 14:45:29 re/_trace.py:47 close.complete
DEBUG 2026-07-19 14:45:29 re/_trace.py:47 close.started
DEBUG 2026-07-19 14:45:29 re/_trace.py:47 close.complete
DEBUG 2026-07-19 14:45:29 re/_trace.py:47 close.started
DEBUG 2026-07-19 14:45:29 re/_trace.py:47 close.complete
DEBUG 2026-07-19 14:45:29 re/_trace.py:47 close.started
DEBUG 2026-07-19 14:45:29 re/_trace.py:47 close.complete
DEBUG 2026-07-19 14:45:29 re/_trace.py:47 close.started
DEBUG 2026-07-19 14:45:29 re/_trace.py:47 close.complete
INFO 2026-07-19 14:55:02 ot_train.py:459 step:6K smpl:3M ep:2K epch:35.20 loss:0.011 grdn:0.080 lr:8.7e-05 updt_s:3.306 data_s:0.223
DEBUG 2026-07-19 14:55:03 re/_trace.py:47 close.started
DEBUG 2026-07-19 14:55:03 re/_trace.py:47 close.complete
DEBUG 2026-07-19 14:55:03 re/_trace.py:47 close.started
DEBUG 2026-07-19 14:55:03 re/_trace.py:47 close.complete
DEBUG 2026-07-19 14:55:03 re/_trace.py:47 close.started
DEBUG 2026-07-19 14:55:03 re/_trace.py:47 close.complete
DEBUG 2026-07-19 14:55:03 re/_trace.py:47 close.started
DEBUG 2026-07-19 14:55:03 re/_trace.py:47 close.complete
DEBUG 2026-07-19 14:55:03 re/_trace.py:47 close.started
DEBUG 2026-07-19 14:55:03 re/_trace.py:47 close.complete
DEBUG 2026-07-19 14:55:03 re/_trace.py:47 close.started
DEBUG 2026-07-19 14:55:03 re/_trace.py:47 close.complete
DEBUG 2026-07-19 14:55:03 re/_trace.py:47 close.started
DEBUG 2026-07-19 14:55:03 re/_trace.py:47 close.complete
DEBUG 2026-07-19 14:55:03 re/_trace.py:47 close.started
DEBUG 2026-07-19 14:55:03 re/_trace.py:47 close.complete
DEBUG 2026-07-19 14:55:04 re/_trace.py:47 close.started
DEBUG 2026-07-19 14:55:04 re/_trace.py:47 close.complete
DEBUG 2026-07-19 14:55:04 re/_trace.py:47 close.started
DEBUG 2026-07-19 14:55:04 re/_trace.py:47 close.complete
DEBUG 2026-07-19 15:04:36 re/_trace.py:47 close.started
DEBUG 2026-07-19 15:04:36 re/_trace.py:47 close.complete
DEBUG 2026-07-19 15:04:36 re/_trace.py:47 close.started
DEBUG 2026-07-19 15:04:36 re/_trace.py:47 close.complete
DEBUG 2026-07-19 15:04:36 re/_trace.py:47 close.started
DEBUG 2026-07-19 15:04:36 re/_trace.py:47 close.complete
DEBUG 2026-07-19 15:04:36 re/_trace.py:47 close.started
DEBUG 2026-07-19 15:04:36 re/_trace.py:47 close.complete
DEBUG 2026-07-19 15:04:36 re/_trace.py:47 close.started
DEBUG 2026-07-19 15:04:36 re/_trace.py:47 close.complete
DEBUG 2026-07-19 15:04:37 re/_trace.py:47 close.started
DEBUG 2026-07-19 15:04:37 re/_trace.py:47 close.complete
DEBUG 2026-07-19 15:04:37 re/_trace.py:47 close.started
DEBUG 2026-07-19 15:04:37 re/_trace.py:47 close.complete
DEBUG 2026-07-19 15:04:37 re/_trace.py:47 close.started
DEBUG 2026-07-19 15:04:37 re/_trace.py:47 close.complete
DEBUG 2026-07-19 15:04:37 re/_trace.py:47 close.started
DEBUG 2026-07-19 15:04:37 re/_trace.py:47 close.complete
DEBUG 2026-07-19 15:04:37 re/_trace.py:47 close.started
DEBUG 2026-07-19 15:04:37 re/_trace.py:47 close.complete
INFO 2026-07-19 15:07:29 ot_train.py:459 step:6K smpl:3M ep:2K epch:36.46 loss:0.010 grdn:0.078 lr:8.6e-05 updt_s:3.349 data_s:0.380
DEBUG 2026-07-19 15:14:07 re/_trace.py:47 close.started
DEBUG 2026-07-19 15:14:07 re/_trace.py:47 close.complete
DEBUG 2026-07-19 15:14:07 re/_trace.py:47 close.started
DEBUG 2026-07-19 15:14:07 re/_trace.py:47 close.complete
DEBUG 2026-07-19 15:14:07 re/_trace.py:47 close.started
DEBUG 2026-07-19 15:14:07 re/_trace.py:47 close.complete
DEBUG 2026-07-19 15:14:07 re/_trace.py:47 close.started
DEBUG 2026-07-19 15:14:07 re/_trace.py:47 close.complete
DEBUG 2026-07-19 15:14:08 re/_trace.py:47 close.started
DEBUG 2026-07-19 15:14:08 re/_trace.py:47 close.complete
DEBUG 2026-07-19 15:14:08 re/_trace.py:47 close.started
DEBUG 2026-07-19 15:14:08 re/_trace.py:47 close.complete
DEBUG 2026-07-19 15:14:08 re/_trace.py:47 close.started
DEBUG 2026-07-19 15:14:08 re/_trace.py:47 close.complete
DEBUG 2026-07-19 15:14:08 re/_trace.py:47 close.started
DEBUG 2026-07-19 15:14:08 re/_trace.py:47 close.complete
DEBUG 2026-07-19 15:14:08 re/_trace.py:47 close.started
DEBUG 2026-07-19 15:14:08 re/_trace.py:47 close.complete
DEBUG 2026-07-19 15:14:08 re/_trace.py:47 close.started
DEBUG 2026-07-19 15:14:08 re/_trace.py:47 close.complete
INFO 2026-07-19 15:19:12 ot_train.py:459 step:6K smpl:3M ep:2K epch:37.72 loss:0.010 grdn:0.080 lr:8.6e-05 updt_s:3.318 data_s:0.195
INFO 2026-07-19 15:19:12 ot_train.py:479 Checkpoint policy after step 6000
DEBUG 2026-07-19 15:23:57 re/_trace.py:47 close.started
DEBUG 2026-07-19 15:23:57 re/_trace.py:47 close.complete
DEBUG 2026-07-19 15:23:58 re/_trace.py:47 close.started
DEBUG 2026-07-19 15:23:58 re/_trace.py:47 close.complete
DEBUG 2026-07-19 15:23:58 re/_trace.py:47 close.started
DEBUG 2026-07-19 15:23:58 re/_trace.py:47 close.complete
DEBUG 2026-07-19 15:23:58 re/_trace.py:47 close.started
DEBUG 2026-07-19 15:23:58 re/_trace.py:47 close.complete
DEBUG 2026-07-19 15:23:58 re/_trace.py:47 close.started
DEBUG 2026-07-19 15:23:58 re/_trace.py:47 close.complete
DEBUG 2026-07-19 15:23:58 re/_trace.py:47 close.started
DEBUG 2026-07-19 15:23:58 re/_trace.py:47 close.complete
DEBUG 2026-07-19 15:23:58 re/_trace.py:47 close.started
DEBUG 2026-07-19 15:23:58 re/_trace.py:47 close.complete
DEBUG 2026-07-19 15:23:58 re/_trace.py:47 close.started
DEBUG 2026-07-19 15:23:58 re/_trace.py:47 close.complete
DEBUG 2026-07-19 15:23:58 re/_trace.py:47 close.started
DEBUG 2026-07-19 15:23:58 re/_trace.py:47 close.complete
DEBUG 2026-07-19 15:23:58 re/_trace.py:47 close.started
DEBUG 2026-07-19 15:23:58 re/_trace.py:47 close.complete
INFO 2026-07-19 15:31:21 ot_train.py:459 step:6K smpl:3M ep:2K epch:38.97 loss:0.010 grdn:0.077 lr:8.5e-05 updt_s:3.344 data_s:0.198
DEBUG 2026-07-19 15:33:33 re/_trace.py:47 close.started
DEBUG 2026-07-19 15:33:33 re/_trace.py:47 close.complete
DEBUG 2026-07-19 15:33:33 re/_trace.py:47 close.started
DEBUG 2026-07-19 15:33:33 re/_trace.py:47 close.complete
DEBUG 2026-07-19 15:33:33 re/_trace.py:47 close.started
DEBUG 2026-07-19 15:33:33 re/_trace.py:47 close.complete
DEBUG 2026-07-19 15:33:33 re/_trace.py:47 close.started
DEBUG 2026-07-19 15:33:33 re/_trace.py:47 close.complete
DEBUG 2026-07-19 15:33:33 re/_trace.py:47 close.started
DEBUG 2026-07-19 15:33:33 re/_trace.py:47 close.complete
DEBUG 2026-07-19 15:33:33 re/_trace.py:47 close.started
DEBUG 2026-07-19 15:33:33 re/_trace.py:47 close.complete
DEBUG 2026-07-19 15:33:33 re/_trace.py:47 close.started
DEBUG 2026-07-19 15:33:33 re/_trace.py:47 close.complete
DEBUG 2026-07-19 15:33:34 re/_trace.py:47 close.started
DEBUG 2026-07-19 15:33:34 re/_trace.py:47 close.complete
DEBUG 2026-07-19 15:33:34 re/_trace.py:47 close.started
DEBUG 2026-07-19 15:33:34 re/_trace.py:47 close.complete
DEBUG 2026-07-19 15:33:34 re/_trace.py:47 close.started
DEBUG 2026-07-19 15:33:34 re/_trace.py:47 close.complete
INFO 2026-07-19 15:43:02 ot_train.py:459 step:6K smpl:3M ep:2K epch:40.23 loss:0.009 grdn:0.076 lr:8.4e-05 updt_s:3.278 data_s:0.222
DEBUG 2026-07-19 15:43:03 re/_trace.py:47 close.started
DEBUG 2026-07-19 15:43:03 re/_trace.py:47 close.complete
DEBUG 2026-07-19 15:43:03 re/_trace.py:47 close.started
DEBUG 2026-07-19 15:43:03 re/_trace.py:47 close.complete
DEBUG 2026-07-19 15:43:03 re/_trace.py:47 close.started
DEBUG 2026-07-19 15:43:03 re/_trace.py:47 close.complete
DEBUG 2026-07-19 15:43:03 re/_trace.py:47 close.started
DEBUG 2026-07-19 15:43:03 re/_trace.py:47 close.complete
DEBUG 2026-07-19 15:43:03 re/_trace.py:47 close.started
DEBUG 2026-07-19 15:43:03 re/_trace.py:47 close.complete
DEBUG 2026-07-19 15:43:03 re/_trace.py:47 close.started
DEBUG 2026-07-19 15:43:03 re/_trace.py:47 close.complete
DEBUG 2026-07-19 15:43:03 re/_trace.py:47 close.started
DEBUG 2026-07-19 15:43:03 re/_trace.py:47 close.complete
DEBUG 2026-07-19 15:43:03 re/_trace.py:47 close.started
DEBUG 2026-07-19 15:43:03 re/_trace.py:47 close.complete
DEBUG 2026-07-19 15:43:03 re/_trace.py:47 close.started
DEBUG 2026-07-19 15:43:03 re/_trace.py:47 close.complete
DEBUG 2026-07-19 15:43:03 re/_trace.py:47 close.started
DEBUG 2026-07-19 15:43:03 re/_trace.py:47 close.complete
DEBUG 2026-07-19 15:52:34 re/_trace.py:47 close.started
DEBUG 2026-07-19 15:52:34 re/_trace.py:47 close.complete
DEBUG 2026-07-19 15:52:35 re/_trace.py:47 close.started
DEBUG 2026-07-19 15:52:35 re/_trace.py:47 close.complete
DEBUG 2026-07-19 15:52:35 re/_trace.py:47 close.started
DEBUG 2026-07-19 15:52:35 re/_trace.py:47 close.complete
DEBUG 2026-07-19 15:52:35 re/_trace.py:47 close.started
DEBUG 2026-07-19 15:52:35 re/_trace.py:47 close.complete
DEBUG 2026-07-19 15:52:35 re/_trace.py:47 close.started
DEBUG 2026-07-19 15:52:35 re/_trace.py:47 close.complete
DEBUG 2026-07-19 15:52:35 re/_trace.py:47 close.started
DEBUG 2026-07-19 15:52:35 re/_trace.py:47 close.complete
DEBUG 2026-07-19 15:52:35 re/_trace.py:47 close.started
DEBUG 2026-07-19 15:52:35 re/_trace.py:47 close.complete
DEBUG 2026-07-19 15:52:35 re/_trace.py:47 close.started
DEBUG 2026-07-19 15:52:35 re/_trace.py:47 close.complete
DEBUG 2026-07-19 15:52:35 re/_trace.py:47 close.started
DEBUG 2026-07-19 15:52:35 re/_trace.py:47 close.complete
DEBUG 2026-07-19 15:52:35 re/_trace.py:47 close.started
DEBUG 2026-07-19 15:52:35 re/_trace.py:47 close.complete
INFO 2026-07-19 15:55:26 ot_train.py:459 step:7K smpl:3M ep:2K epch:41.49 loss:0.009 grdn:0.075 lr:8.4e-05 updt_s:3.349 data_s:0.366
DEBUG 2026-07-19 16:02:05 re/_trace.py:47 close.started
DEBUG 2026-07-19 16:02:05 re/_trace.py:47 close.complete
DEBUG 2026-07-19 16:02:05 re/_trace.py:47 close.started
DEBUG 2026-07-19 16:02:05 re/_trace.py:47 close.complete
DEBUG 2026-07-19 16:02:05 re/_trace.py:47 close.started
DEBUG 2026-07-19 16:02:05 re/_trace.py:47 close.complete
DEBUG 2026-07-19 16:02:05 re/_trace.py:47 close.started
DEBUG 2026-07-19 16:02:05 re/_trace.py:47 close.complete
DEBUG 2026-07-19 16:02:05 re/_trace.py:47 close.started
DEBUG 2026-07-19 16:02:05 re/_trace.py:47 close.complete
DEBUG 2026-07-19 16:02:05 re/_trace.py:47 close.started
DEBUG 2026-07-19 16:02:05 re/_trace.py:47 close.complete
DEBUG 2026-07-19 16:02:05 re/_trace.py:47 close.started
DEBUG 2026-07-19 16:02:05 re/_trace.py:47 close.complete
DEBUG 2026-07-19 16:02:05 re/_trace.py:47 close.started
DEBUG 2026-07-19 16:02:05 re/_trace.py:47 close.complete
DEBUG 2026-07-19 16:02:05 re/_trace.py:47 close.started
DEBUG 2026-07-19 16:02:05 re/_trace.py:47 close.complete
DEBUG 2026-07-19 16:02:06 re/_trace.py:47 close.started
DEBUG 2026-07-19 16:02:06 re/_trace.py:47 close.complete
INFO 2026-07-19 16:07:12 ot_train.py:459 step:7K smpl:3M ep:2K epch:42.75 loss:0.009 grdn:0.072 lr:8.3e-05 updt_s:3.296 data_s:0.231
DEBUG 2026-07-19 16:11:38 re/_trace.py:47 close.started
DEBUG 2026-07-19 16:11:38 re/_trace.py:47 close.complete
DEBUG 2026-07-19 16:11:38 re/_trace.py:47 close.started
DEBUG 2026-07-19 16:11:38 re/_trace.py:47 close.complete
DEBUG 2026-07-19 16:11:39 re/_trace.py:47 close.started
DEBUG 2026-07-19 16:11:39 re/_trace.py:47 close.complete
DEBUG 2026-07-19 16:11:39 re/_trace.py:47 close.started
DEBUG 2026-07-19 16:11:39 re/_trace.py:47 close.complete
DEBUG 2026-07-19 16:11:39 re/_trace.py:47 close.started
DEBUG 2026-07-19 16:11:39 re/_trace.py:47 close.complete
DEBUG 2026-07-19 16:11:39 re/_trace.py:47 close.started
DEBUG 2026-07-19 16:11:39 re/_trace.py:47 close.complete
DEBUG 2026-07-19 16:11:39 re/_trace.py:47 close.started
DEBUG 2026-07-19 16:11:39 re/_trace.py:47 close.complete
DEBUG 2026-07-19 16:11:39 re/_trace.py:47 close.started
DEBUG 2026-07-19 16:11:39 re/_trace.py:47 close.complete
DEBUG 2026-07-19 16:11:39 re/_trace.py:47 close.started
DEBUG 2026-07-19 16:11:39 re/_trace.py:47 close.complete
DEBUG 2026-07-19 16:11:39 re/_trace.py:47 close.started
DEBUG 2026-07-19 16:11:39 re/_trace.py:47 close.complete
INFO 2026-07-19 16:18:58 ot_train.py:459 step:7K smpl:3M ep:2K epch:44.00 loss:0.009 grdn:0.074 lr:8.3e-05 updt_s:3.309 data_s:0.217
DEBUG 2026-07-19 16:21:10 re/_trace.py:47 close.started
DEBUG 2026-07-19 16:21:10 re/_trace.py:47 close.complete
DEBUG 2026-07-19 16:21:10 re/_trace.py:47 close.started
DEBUG 2026-07-19 16:21:10 re/_trace.py:47 close.complete
DEBUG 2026-07-19 16:21:10 re/_trace.py:47 close.started
DEBUG 2026-07-19 16:21:10 re/_trace.py:47 close.complete
DEBUG 2026-07-19 16:21:11 re/_trace.py:47 close.started
DEBUG 2026-07-19 16:21:11 re/_trace.py:47 close.complete
DEBUG 2026-07-19 16:21:11 re/_trace.py:47 close.started
DEBUG 2026-07-19 16:21:11 re/_trace.py:47 close.complete
DEBUG 2026-07-19 16:21:11 re/_trace.py:47 close.started
DEBUG 2026-07-19 16:21:11 re/_trace.py:47 close.complete
DEBUG 2026-07-19 16:21:11 re/_trace.py:47 close.started
DEBUG 2026-07-19 16:21:11 re/_trace.py:47 close.complete
DEBUG 2026-07-19 16:21:11 re/_trace.py:47 close.started
DEBUG 2026-07-19 16:21:11 re/_trace.py:47 close.complete
DEBUG 2026-07-19 16:21:11 re/_trace.py:47 close.started
DEBUG 2026-07-19 16:21:11 re/_trace.py:47 close.complete
DEBUG 2026-07-19 16:21:11 re/_trace.py:47 close.started
DEBUG 2026-07-19 16:21:11 re/_trace.py:47 close.complete
INFO 2026-07-19 16:30:44 ot_train.py:459 step:7K smpl:3M ep:2K epch:45.26 loss:0.009 grdn:0.073 lr:8.2e-05 updt_s:3.297 data_s:0.229
DEBUG 2026-07-19 16:30:44 re/_trace.py:47 close.started
DEBUG 2026-07-19 16:30:44 re/_trace.py:47 close.complete
DEBUG 2026-07-19 16:30:45 re/_trace.py:47 close.started
DEBUG 2026-07-19 16:30:45 re/_trace.py:47 close.complete
DEBUG 2026-07-19 16:30:45 re/_trace.py:47 close.started
DEBUG 2026-07-19 16:30:45 re/_trace.py:47 close.complete
DEBUG 2026-07-19 16:30:45 re/_trace.py:47 close.started
DEBUG 2026-07-19 16:30:45 re/_trace.py:47 close.complete
DEBUG 2026-07-19 16:30:45 re/_trace.py:47 close.started
DEBUG 2026-07-19 16:30:45 re/_trace.py:47 close.complete
DEBUG 2026-07-19 16:30:45 re/_trace.py:47 close.started
DEBUG 2026-07-19 16:30:45 re/_trace.py:47 close.complete
DEBUG 2026-07-19 16:30:45 re/_trace.py:47 close.started
DEBUG 2026-07-19 16:30:45 re/_trace.py:47 close.complete
DEBUG 2026-07-19 16:30:45 re/_trace.py:47 close.started
DEBUG 2026-07-19 16:30:45 re/_trace.py:47 close.complete
DEBUG 2026-07-19 16:30:45 re/_trace.py:47 close.started
DEBUG 2026-07-19 16:30:45 re/_trace.py:47 close.complete
DEBUG 2026-07-19 16:30:45 re/_trace.py:47 close.started
DEBUG 2026-07-19 16:30:45 re/_trace.py:47 close.complete
DEBUG 2026-07-19 16:40:15 re/_trace.py:47 close.started
DEBUG 2026-07-19 16:40:15 re/_trace.py:47 close.complete
DEBUG 2026-07-19 16:40:15 re/_trace.py:47 close.started
DEBUG 2026-07-19 16:40:15 re/_trace.py:47 close.complete
DEBUG 2026-07-19 16:40:15 re/_trace.py:47 close.started
DEBUG 2026-07-19 16:40:15 re/_trace.py:47 close.complete
DEBUG 2026-07-19 16:40:16 re/_trace.py:47 close.started
DEBUG 2026-07-19 16:40:16 re/_trace.py:47 close.complete
DEBUG 2026-07-19 16:40:16 re/_trace.py:47 close.started
DEBUG 2026-07-19 16:40:16 re/_trace.py:47 close.complete
DEBUG 2026-07-19 16:40:16 re/_trace.py:47 close.started
DEBUG 2026-07-19 16:40:16 re/_trace.py:47 close.complete
DEBUG 2026-07-19 16:40:16 re/_trace.py:47 close.started
DEBUG 2026-07-19 16:40:16 re/_trace.py:47 close.complete
DEBUG 2026-07-19 16:40:16 re/_trace.py:47 close.started
DEBUG 2026-07-19 16:40:16 re/_trace.py:47 close.complete
DEBUG 2026-07-19 16:40:16 re/_trace.py:47 close.started
DEBUG 2026-07-19 16:40:16 re/_trace.py:47 close.complete
DEBUG 2026-07-19 16:40:16 re/_trace.py:47 close.started
DEBUG 2026-07-19 16:40:16 re/_trace.py:47 close.complete
INFO 2026-07-19 16:43:07 ot_train.py:459 step:7K smpl:3M ep:2K epch:46.52 loss:0.009 grdn:0.077 lr:8.1e-05 updt_s:3.352 data_s:0.359
DEBUG 2026-07-19 16:49:48 re/_trace.py:47 close.started
DEBUG 2026-07-19 16:49:48 re/_trace.py:47 close.complete
DEBUG 2026-07-19 16:49:49 re/_trace.py:47 close.started
DEBUG 2026-07-19 16:49:49 re/_trace.py:47 close.complete
DEBUG 2026-07-19 16:49:49 re/_trace.py:47 close.started
DEBUG 2026-07-19 16:49:49 re/_trace.py:47 close.complete
DEBUG 2026-07-19 16:49:49 re/_trace.py:47 close.started
DEBUG 2026-07-19 16:49:49 re/_trace.py:47 close.complete
DEBUG 2026-07-19 16:49:49 re/_trace.py:47 close.started
DEBUG 2026-07-19 16:49:49 re/_trace.py:47 close.complete
DEBUG 2026-07-19 16:49:49 re/_trace.py:47 close.started
DEBUG 2026-07-19 16:49:49 re/_trace.py:47 close.complete
DEBUG 2026-07-19 16:49:49 re/_trace.py:47 close.started
DEBUG 2026-07-19 16:49:49 re/_trace.py:47 close.complete
DEBUG 2026-07-19 16:49:49 re/_trace.py:47 close.started
DEBUG 2026-07-19 16:49:49 re/_trace.py:47 close.complete
DEBUG 2026-07-19 16:49:49 re/_trace.py:47 close.started
DEBUG 2026-07-19 16:49:49 re/_trace.py:47 close.complete
DEBUG 2026-07-19 16:49:49 re/_trace.py:47 close.started
DEBUG 2026-07-19 16:49:49 re/_trace.py:47 close.complete
INFO 2026-07-19 16:54:55 ot_train.py:459 step:8K smpl:3M ep:2K epch:47.77 loss:0.008 grdn:0.070 lr:8.1e-05 updt_s:3.339 data_s:0.198
DEBUG 2026-07-19 16:59:19 re/_trace.py:47 close.started
DEBUG 2026-07-19 16:59:19 re/_trace.py:47 close.complete
DEBUG 2026-07-19 16:59:19 re/_trace.py:47 close.started
DEBUG 2026-07-19 16:59:19 re/_trace.py:47 close.complete
DEBUG 2026-07-19 16:59:19 re/_trace.py:47 close.started
DEBUG 2026-07-19 16:59:19 re/_trace.py:47 close.complete
DEBUG 2026-07-19 16:59:20 re/_trace.py:47 close.started
DEBUG 2026-07-19 16:59:20 re/_trace.py:47 close.complete
DEBUG 2026-07-19 16:59:20 re/_trace.py:47 close.started
DEBUG 2026-07-19 16:59:20 re/_trace.py:47 close.complete
DEBUG 2026-07-19 16:59:20 re/_trace.py:47 close.started
DEBUG 2026-07-19 16:59:20 re/_trace.py:47 close.complete
DEBUG 2026-07-19 16:59:20 re/_trace.py:47 close.started
DEBUG 2026-07-19 16:59:20 re/_trace.py:47 close.complete
DEBUG 2026-07-19 16:59:20 re/_trace.py:47 close.started
DEBUG 2026-07-19 16:59:20 re/_trace.py:47 close.complete
DEBUG 2026-07-19 16:59:20 re/_trace.py:47 close.started
DEBUG 2026-07-19 16:59:20 re/_trace.py:47 close.complete
DEBUG 2026-07-19 16:59:20 re/_trace.py:47 close.started
DEBUG 2026-07-19 16:59:20 re/_trace.py:47 close.complete
INFO 2026-07-19 17:06:41 ot_train.py:459 step:8K smpl:4M ep:2K epch:49.03 loss:0.008 grdn:0.073 lr:8.0e-05 updt_s:3.304 data_s:0.222
DEBUG 2026-07-19 17:08:54 re/_trace.py:47 close.started
DEBUG 2026-07-19 17:08:54 re/_trace.py:47 close.complete
DEBUG 2026-07-19 17:08:54 re/_trace.py:47 close.started
DEBUG 2026-07-19 17:08:54 re/_trace.py:47 close.complete
DEBUG 2026-07-19 17:08:54 re/_trace.py:47 close.started
DEBUG 2026-07-19 17:08:54 re/_trace.py:47 close.complete
DEBUG 2026-07-19 17:08:54 re/_trace.py:47 close.started
DEBUG 2026-07-19 17:08:54 re/_trace.py:47 close.complete
DEBUG 2026-07-19 17:08:54 re/_trace.py:47 close.started
DEBUG 2026-07-19 17:08:54 re/_trace.py:47 close.complete
DEBUG 2026-07-19 17:08:55 re/_trace.py:47 close.started
DEBUG 2026-07-19 17:08:55 re/_trace.py:47 close.complete
DEBUG 2026-07-19 17:08:55 re/_trace.py:47 close.started
DEBUG 2026-07-19 17:08:55 re/_trace.py:47 close.complete
DEBUG 2026-07-19 17:08:55 re/_trace.py:47 close.started
DEBUG 2026-07-19 17:08:55 re/_trace.py:47 close.complete
DEBUG 2026-07-19 17:08:55 re/_trace.py:47 close.started
DEBUG 2026-07-19 17:08:55 re/_trace.py:47 close.complete
DEBUG 2026-07-19 17:08:55 re/_trace.py:47 close.started
DEBUG 2026-07-19 17:08:55 re/_trace.py:47 close.complete
INFO 2026-07-19 17:18:26 ot_train.py:459 step:8K smpl:4M ep:3K epch:50.29 loss:0.008 grdn:0.073 lr:7.9e-05 updt_s:3.304 data_s:0.215
DEBUG 2026-07-19 17:18:26 re/_trace.py:47 close.started
DEBUG 2026-07-19 17:18:26 re/_trace.py:47 close.complete
DEBUG 2026-07-19 17:18:26 re/_trace.py:47 close.started
DEBUG 2026-07-19 17:18:26 re/_trace.py:47 close.complete
DEBUG 2026-07-19 17:18:26 re/_trace.py:47 close.started
DEBUG 2026-07-19 17:18:26 re/_trace.py:47 close.complete
DEBUG 2026-07-19 17:18:26 re/_trace.py:47 close.started
DEBUG 2026-07-19 17:18:26 re/_trace.py:47 close.complete
DEBUG 2026-07-19 17:18:26 re/_trace.py:47 close.started
DEBUG 2026-07-19 17:18:26 re/_trace.py:47 close.complete
DEBUG 2026-07-19 17:18:27 re/_trace.py:47 close.started
DEBUG 2026-07-19 17:18:27 re/_trace.py:47 close.complete
DEBUG 2026-07-19 17:18:27 re/_trace.py:47 close.started
DEBUG 2026-07-19 17:18:27 re/_trace.py:47 close.complete
DEBUG 2026-07-19 17:18:27 re/_trace.py:47 close.started
DEBUG 2026-07-19 17:18:27 re/_trace.py:47 close.complete
DEBUG 2026-07-19 17:18:27 re/_trace.py:47 close.started
DEBUG 2026-07-19 17:18:27 re/_trace.py:47 close.complete
DEBUG 2026-07-19 17:18:27 re/_trace.py:47 close.started
DEBUG 2026-07-19 17:18:27 re/_trace.py:47 close.complete
DEBUG 2026-07-19 17:27:58 re/_trace.py:47 close.started
DEBUG 2026-07-19 17:27:58 re/_trace.py:47 close.complete
DEBUG 2026-07-19 17:27:58 re/_trace.py:47 close.started
DEBUG 2026-07-19 17:27:58 re/_trace.py:47 close.complete
DEBUG 2026-07-19 17:27:58 re/_trace.py:47 close.started
DEBUG 2026-07-19 17:27:58 re/_trace.py:47 close.complete
DEBUG 2026-07-19 17:27:58 re/_trace.py:47 close.started
DEBUG 2026-07-19 17:27:58 re/_trace.py:47 close.complete
DEBUG 2026-07-19 17:27:58 re/_trace.py:47 close.started
DEBUG 2026-07-19 17:27:58 re/_trace.py:47 close.complete
DEBUG 2026-07-19 17:27:58 re/_trace.py:47 close.started
DEBUG 2026-07-19 17:27:58 re/_trace.py:47 close.complete
DEBUG 2026-07-19 17:27:59 re/_trace.py:47 close.started
DEBUG 2026-07-19 17:27:59 re/_trace.py:47 close.complete
DEBUG 2026-07-19 17:27:59 re/_trace.py:47 close.started
DEBUG 2026-07-19 17:27:59 re/_trace.py:47 close.complete
DEBUG 2026-07-19 17:27:59 re/_trace.py:47 close.started
DEBUG 2026-07-19 17:27:59 re/_trace.py:47 close.complete
DEBUG 2026-07-19 17:27:59 re/_trace.py:47 close.started
DEBUG 2026-07-19 17:27:59 re/_trace.py:47 close.complete
INFO 2026-07-19 17:30:52 ot_train.py:459 step:8K smpl:4M ep:3K epch:51.55 loss:0.008 grdn:0.068 lr:7.9e-05 updt_s:3.352 data_s:0.372
DEBUG 2026-07-19 17:37:30 re/_trace.py:47 close.started
DEBUG 2026-07-19 17:37:30 re/_trace.py:47 close.complete
DEBUG 2026-07-19 17:37:30 re/_trace.py:47 close.started
DEBUG 2026-07-19 17:37:30 re/_trace.py:47 close.complete
DEBUG 2026-07-19 17:37:30 re/_trace.py:47 close.started
DEBUG 2026-07-19 17:37:30 re/_trace.py:47 close.complete
DEBUG 2026-07-19 17:37:30 re/_trace.py:47 close.started
DEBUG 2026-07-19 17:37:30 re/_trace.py:47 close.complete
DEBUG 2026-07-19 17:37:30 re/_trace.py:47 close.started
DEBUG 2026-07-19 17:37:30 re/_trace.py:47 close.complete
DEBUG 2026-07-19 17:37:30 re/_trace.py:47 close.started
DEBUG 2026-07-19 17:37:30 re/_trace.py:47 close.complete
DEBUG 2026-07-19 17:37:30 re/_trace.py:47 close.started
DEBUG 2026-07-19 17:37:30 re/_trace.py:47 close.complete
DEBUG 2026-07-19 17:37:30 re/_trace.py:47 close.started
DEBUG 2026-07-19 17:37:30 re/_trace.py:47 close.complete
DEBUG 2026-07-19 17:37:31 re/_trace.py:47 close.started
DEBUG 2026-07-19 17:37:31 re/_trace.py:47 close.complete
DEBUG 2026-07-19 17:37:31 re/_trace.py:47 close.started
DEBUG 2026-07-19 17:37:31 re/_trace.py:47 close.complete
INFO 2026-07-19 17:42:33 ot_train.py:459 step:8K smpl:4M ep:3K epch:52.80 loss:0.008 grdn:0.070 lr:7.8e-05 updt_s:3.301 data_s:0.204
DEBUG 2026-07-19 17:46:59 re/_trace.py:47 close.started
DEBUG 2026-07-19 17:46:59 re/_trace.py:47 close.complete
DEBUG 2026-07-19 17:46:59 re/_trace.py:47 close.started
DEBUG 2026-07-19 17:46:59 re/_trace.py:47 close.complete
DEBUG 2026-07-19 17:46:59 re/_trace.py:47 close.started
DEBUG 2026-07-19 17:46:59 re/_trace.py:47 close.complete
DEBUG 2026-07-19 17:46:59 re/_trace.py:47 close.started
DEBUG 2026-07-19 17:46:59 re/_trace.py:47 close.complete
DEBUG 2026-07-19 17:46:59 re/_trace.py:47 close.started
DEBUG 2026-07-19 17:46:59 re/_trace.py:47 close.complete
DEBUG 2026-07-19 17:47:00 re/_trace.py:47 close.started
DEBUG 2026-07-19 17:47:00 re/_trace.py:47 close.complete
DEBUG 2026-07-19 17:47:00 re/_trace.py:47 close.started
DEBUG 2026-07-19 17:47:00 re/_trace.py:47 close.complete
DEBUG 2026-07-19 17:47:00 re/_trace.py:47 close.started
DEBUG 2026-07-19 17:47:00 re/_trace.py:47 close.complete
DEBUG 2026-07-19 17:47:00 re/_trace.py:47 close.started
DEBUG 2026-07-19 17:47:00 re/_trace.py:47 close.complete
DEBUG 2026-07-19 17:47:00 re/_trace.py:47 close.started
DEBUG 2026-07-19 17:47:00 re/_trace.py:47 close.complete
INFO 2026-07-19 17:54:19 ot_train.py:459 step:9K smpl:4M ep:3K epch:54.06 loss:0.007 grdn:0.070 lr:7.7e-05 updt_s:3.338 data_s:0.191
DEBUG 2026-07-19 17:56:32 re/_trace.py:47 close.started
DEBUG 2026-07-19 17:56:32 re/_trace.py:47 close.complete
DEBUG 2026-07-19 17:56:32 re/_trace.py:47 close.started
DEBUG 2026-07-19 17:56:32 re/_trace.py:47 close.complete
DEBUG 2026-07-19 17:56:32 re/_trace.py:47 close.started
DEBUG 2026-07-19 17:56:32 re/_trace.py:47 close.complete
DEBUG 2026-07-19 17:56:32 re/_trace.py:47 close.started
DEBUG 2026-07-19 17:56:32 re/_trace.py:47 close.complete
DEBUG 2026-07-19 17:56:32 re/_trace.py:47 close.started
DEBUG 2026-07-19 17:56:32 re/_trace.py:47 close.complete
DEBUG 2026-07-19 17:56:33 re/_trace.py:47 close.started
DEBUG 2026-07-19 17:56:33 re/_trace.py:47 close.complete
DEBUG 2026-07-19 17:56:33 re/_trace.py:47 close.started
DEBUG 2026-07-19 17:56:33 re/_trace.py:47 close.complete
DEBUG 2026-07-19 17:56:33 re/_trace.py:47 close.started
DEBUG 2026-07-19 17:56:33 re/_trace.py:47 close.complete
DEBUG 2026-07-19 17:56:33 re/_trace.py:47 close.started
DEBUG 2026-07-19 17:56:33 re/_trace.py:47 close.complete
DEBUG 2026-07-19 17:56:33 re/_trace.py:47 close.started
DEBUG 2026-07-19 17:56:33 re/_trace.py:47 close.complete
INFO 2026-07-19 18:06:03 ot_train.py:459 step:9K smpl:4M ep:3K epch:55.32 loss:0.008 grdn:0.068 lr:7.6e-05 updt_s:3.331 data_s:0.184
DEBUG 2026-07-19 18:06:03 re/_trace.py:47 close.started
DEBUG 2026-07-19 18:06:03 re/_trace.py:47 close.complete
DEBUG 2026-07-19 18:06:03 re/_trace.py:47 close.started
DEBUG 2026-07-19 18:06:03 re/_trace.py:47 close.complete
DEBUG 2026-07-19 18:06:03 re/_trace.py:47 close.started
DEBUG 2026-07-19 18:06:03 re/_trace.py:47 close.complete
DEBUG 2026-07-19 18:06:03 re/_trace.py:47 close.started
DEBUG 2026-07-19 18:06:03 re/_trace.py:47 close.complete
DEBUG 2026-07-19 18:06:03 re/_trace.py:47 close.started
DEBUG 2026-07-19 18:06:03 re/_trace.py:47 close.complete
DEBUG 2026-07-19 18:06:03 re/_trace.py:47 close.started
DEBUG 2026-07-19 18:06:03 re/_trace.py:47 close.complete
DEBUG 2026-07-19 18:06:04 re/_trace.py:47 close.started
DEBUG 2026-07-19 18:06:04 re/_trace.py:47 close.complete
DEBUG 2026-07-19 18:06:04 re/_trace.py:47 close.started
DEBUG 2026-07-19 18:06:04 re/_trace.py:47 close.complete
DEBUG 2026-07-19 18:06:04 re/_trace.py:47 close.started
DEBUG 2026-07-19 18:06:04 re/_trace.py:47 close.complete
DEBUG 2026-07-19 18:06:04 re/_trace.py:47 close.started
DEBUG 2026-07-19 18:06:04 re/_trace.py:47 close.complete
DEBUG 2026-07-19 18:15:34 re/_trace.py:47 close.started
DEBUG 2026-07-19 18:15:34 re/_trace.py:47 close.complete
DEBUG 2026-07-19 18:15:34 re/_trace.py:47 close.started
DEBUG 2026-07-19 18:15:34 re/_trace.py:47 close.complete
DEBUG 2026-07-19 18:15:34 re/_trace.py:47 close.started
DEBUG 2026-07-19 18:15:34 re/_trace.py:47 close.complete
DEBUG 2026-07-19 18:15:35 re/_trace.py:47 close.started
DEBUG 2026-07-19 18:15:35 re/_trace.py:47 close.complete
DEBUG 2026-07-19 18:15:35 re/_trace.py:47 close.started
DEBUG 2026-07-19 18:15:35 re/_trace.py:47 close.complete
DEBUG 2026-07-19 18:15:35 re/_trace.py:47 close.started
DEBUG 2026-07-19 18:15:35 re/_trace.py:47 close.complete
DEBUG 2026-07-19 18:15:35 re/_trace.py:47 close.started
DEBUG 2026-07-19 18:15:35 re/_trace.py:47 close.complete
DEBUG 2026-07-19 18:15:35 re/_trace.py:47 close.started
DEBUG 2026-07-19 18:15:35 re/_trace.py:47 close.complete
DEBUG 2026-07-19 18:15:35 re/_trace.py:47 close.started
DEBUG 2026-07-19 18:15:35 re/_trace.py:47 close.complete
DEBUG 2026-07-19 18:15:35 re/_trace.py:47 close.started
DEBUG 2026-07-19 18:15:35 re/_trace.py:47 close.complete
INFO 2026-07-19 18:18:25 ot_train.py:459 step:9K smpl:4M ep:3K epch:56.57 loss:0.007 grdn:0.068 lr:7.6e-05 updt_s:3.343 data_s:0.364
INFO 2026-07-19 18:18:25 ot_train.py:479 Checkpoint policy after step 9000
DEBUG 2026-07-19 18:25:22 re/_trace.py:47 close.started
DEBUG 2026-07-19 18:25:22 re/_trace.py:47 close.complete
DEBUG 2026-07-19 18:25:22 re/_trace.py:47 close.started
DEBUG 2026-07-19 18:25:22 re/_trace.py:47 close.complete
DEBUG 2026-07-19 18:25:22 re/_trace.py:47 close.started
DEBUG 2026-07-19 18:25:22 re/_trace.py:47 close.complete
DEBUG 2026-07-19 18:25:22 re/_trace.py:47 close.started
DEBUG 2026-07-19 18:25:22 re/_trace.py:47 close.complete
DEBUG 2026-07-19 18:25:23 re/_trace.py:47 close.started
DEBUG 2026-07-19 18:25:23 re/_trace.py:47 close.complete
DEBUG 2026-07-19 18:25:23 re/_trace.py:47 close.started
DEBUG 2026-07-19 18:25:23 re/_trace.py:47 close.complete
DEBUG 2026-07-19 18:25:23 re/_trace.py:47 close.started
DEBUG 2026-07-19 18:25:23 re/_trace.py:47 close.complete
DEBUG 2026-07-19 18:25:23 re/_trace.py:47 close.started
DEBUG 2026-07-19 18:25:23 re/_trace.py:47 close.complete
DEBUG 2026-07-19 18:25:23 re/_trace.py:47 close.started
DEBUG 2026-07-19 18:25:23 re/_trace.py:47 close.complete
DEBUG 2026-07-19 18:25:23 re/_trace.py:47 close.started
DEBUG 2026-07-19 18:25:23 re/_trace.py:47 close.complete
INFO 2026-07-19 18:30:28 ot_train.py:459 step:9K smpl:4M ep:3K epch:57.83 loss:0.007 grdn:0.072 lr:7.5e-05 updt_s:3.302 data_s:0.216
DEBUG 2026-07-19 18:34:54 re/_trace.py:47 close.started
DEBUG 2026-07-19 18:34:54 re/_trace.py:47 close.complete
DEBUG 2026-07-19 18:34:54 re/_trace.py:47 close.started
DEBUG 2026-07-19 18:34:54 re/_trace.py:47 close.complete
DEBUG 2026-07-19 18:34:54 re/_trace.py:47 close.started
DEBUG 2026-07-19 18:34:54 re/_trace.py:47 close.complete
DEBUG 2026-07-19 18:34:54 re/_trace.py:47 close.started
DEBUG 2026-07-19 18:34:54 re/_trace.py:47 close.complete
DEBUG 2026-07-19 18:34:54 re/_trace.py:47 close.started
DEBUG 2026-07-19 18:34:54 re/_trace.py:47 close.complete
DEBUG 2026-07-19 18:34:54 re/_trace.py:47 close.started
DEBUG 2026-07-19 18:34:54 re/_trace.py:47 close.complete
DEBUG 2026-07-19 18:34:54 re/_trace.py:47 close.started
DEBUG 2026-07-19 18:34:54 re/_trace.py:47 close.complete
DEBUG 2026-07-19 18:34:55 re/_trace.py:47 close.started
DEBUG 2026-07-19 18:34:55 re/_trace.py:47 close.complete
DEBUG 2026-07-19 18:34:55 re/_trace.py:47 close.started
DEBUG 2026-07-19 18:34:55 re/_trace.py:47 close.complete
DEBUG 2026-07-19 18:34:55 re/_trace.py:47 close.started
DEBUG 2026-07-19 18:34:55 re/_trace.py:47 close.complete
INFO 2026-07-19 18:42:11 ot_train.py:459 step:9K smpl:4M ep:3K epch:59.09 loss:0.007 grdn:0.068 lr:7.4e-05 updt_s:3.297 data_s:0.212
DEBUG 2026-07-19 18:44:24 re/_trace.py:47 close.started
DEBUG 2026-07-19 18:44:24 re/_trace.py:47 close.complete
DEBUG 2026-07-19 18:44:24 re/_trace.py:47 close.started
DEBUG 2026-07-19 18:44:24 re/_trace.py:47 close.complete
DEBUG 2026-07-19 18:44:24 re/_trace.py:47 close.started
DEBUG 2026-07-19 18:44:24 re/_trace.py:47 close.complete
DEBUG 2026-07-19 18:44:24 re/_trace.py:47 close.started
DEBUG 2026-07-19 18:44:24 re/_trace.py:47 close.complete
DEBUG 2026-07-19 18:44:24 re/_trace.py:47 close.started
DEBUG 2026-07-19 18:44:24 re/_trace.py:47 close.complete
DEBUG 2026-07-19 18:44:24 re/_trace.py:47 close.started
DEBUG 2026-07-19 18:44:24 re/_trace.py:47 close.complete
DEBUG 2026-07-19 18:44:24 re/_trace.py:47 close.started
DEBUG 2026-07-19 18:44:24 re/_trace.py:47 close.complete
DEBUG 2026-07-19 18:44:24 re/_trace.py:47 close.started
DEBUG 2026-07-19 18:44:24 re/_trace.py:47 close.complete
DEBUG 2026-07-19 18:44:24 re/_trace.py:47 close.started
DEBUG 2026-07-19 18:44:24 re/_trace.py:47 close.complete
DEBUG 2026-07-19 18:44:25 re/_trace.py:47 close.started
DEBUG 2026-07-19 18:44:25 re/_trace.py:47 close.complete
INFO 2026-07-19 18:54:01 ot_train.py:459 step:10K smpl:4M ep:3K epch:60.35 loss:0.007 grdn:0.066 lr:7.3e-05 updt_s:3.356 data_s:0.191
DEBUG 2026-07-19 18:54:01 re/_trace.py:47 close.started
DEBUG 2026-07-19 18:54:01 re/_trace.py:47 close.complete
DEBUG 2026-07-19 18:54:01 re/_trace.py:47 close.started
DEBUG 2026-07-19 18:54:01 re/_trace.py:47 close.complete
DEBUG 2026-07-19 18:54:01 re/_trace.py:47 close.started
DEBUG 2026-07-19 18:54:01 re/_trace.py:47 close.complete
DEBUG 2026-07-19 18:54:01 re/_trace.py:47 close.started
DEBUG 2026-07-19 18:54:01 re/_trace.py:47 close.complete
DEBUG 2026-07-19 18:54:01 re/_trace.py:47 close.started
DEBUG 2026-07-19 18:54:01 re/_trace.py:47 close.complete
DEBUG 2026-07-19 18:54:01 re/_trace.py:47 close.started
DEBUG 2026-07-19 18:54:01 re/_trace.py:47 close.complete
DEBUG 2026-07-19 18:54:02 re/_trace.py:47 close.started
DEBUG 2026-07-19 18:54:02 re/_trace.py:47 close.complete
DEBUG 2026-07-19 18:54:02 re/_trace.py:47 close.started
DEBUG 2026-07-19 18:54:02 re/_trace.py:47 close.complete
DEBUG 2026-07-19 18:54:02 re/_trace.py:47 close.started
DEBUG 2026-07-19 18:54:02 re/_trace.py:47 close.complete
DEBUG 2026-07-19 18:54:02 re/_trace.py:47 close.started
DEBUG 2026-07-19 18:54:02 re/_trace.py:47 close.complete
DEBUG 2026-07-19 19:03:31 re/_trace.py:47 close.started
DEBUG 2026-07-19 19:03:31 re/_trace.py:47 close.complete
DEBUG 2026-07-19 19:03:32 re/_trace.py:47 close.started
DEBUG 2026-07-19 19:03:32 re/_trace.py:47 close.complete
DEBUG 2026-07-19 19:03:32 re/_trace.py:47 close.started
DEBUG 2026-07-19 19:03:32 re/_trace.py:47 close.complete
DEBUG 2026-07-19 19:03:32 re/_trace.py:47 close.started
DEBUG 2026-07-19 19:03:32 re/_trace.py:47 close.complete
DEBUG 2026-07-19 19:03:32 re/_trace.py:47 close.started
DEBUG 2026-07-19 19:03:32 re/_trace.py:47 close.complete
DEBUG 2026-07-19 19:03:32 re/_trace.py:47 close.started
DEBUG 2026-07-19 19:03:32 re/_trace.py:47 close.complete
DEBUG 2026-07-19 19:03:32 re/_trace.py:47 close.started
DEBUG 2026-07-19 19:03:32 re/_trace.py:47 close.complete
DEBUG 2026-07-19 19:03:32 re/_trace.py:47 close.started
DEBUG 2026-07-19 19:03:32 re/_trace.py:47 close.complete
DEBUG 2026-07-19 19:03:32 re/_trace.py:47 close.started
DEBUG 2026-07-19 19:03:32 re/_trace.py:47 close.complete
DEBUG 2026-07-19 19:03:32 re/_trace.py:47 close.started
DEBUG 2026-07-19 19:03:32 re/_trace.py:47 close.complete
INFO 2026-07-19 19:06:27 ot_train.py:459 step:10K smpl:4M ep:3K epch:61.60 loss:0.007 grdn:0.065 lr:7.2e-05 updt_s:3.358 data_s:0.369
DEBUG 2026-07-19 19:13:04 re/_trace.py:47 close.started
DEBUG 2026-07-19 19:13:04 re/_trace.py:47 close.complete
DEBUG 2026-07-19 19:13:04 re/_trace.py:47 close.started
DEBUG 2026-07-19 19:13:04 re/_trace.py:47 close.complete
DEBUG 2026-07-19 19:13:04 re/_trace.py:47 close.started
DEBUG 2026-07-19 19:13:04 re/_trace.py:47 close.complete
DEBUG 2026-07-19 19:13:04 re/_trace.py:47 close.started
DEBUG 2026-07-19 19:13:04 re/_trace.py:47 close.complete
DEBUG 2026-07-19 19:13:05 re/_trace.py:47 close.started
DEBUG 2026-07-19 19:13:05 re/_trace.py:47 close.complete
DEBUG 2026-07-19 19:13:05 re/_trace.py:47 close.started
DEBUG 2026-07-19 19:13:05 re/_trace.py:47 close.complete
DEBUG 2026-07-19 19:13:05 re/_trace.py:47 close.started
DEBUG 2026-07-19 19:13:05 re/_trace.py:47 close.complete
DEBUG 2026-07-19 19:13:05 re/_trace.py:47 close.started
DEBUG 2026-07-19 19:13:05 re/_trace.py:47 close.complete
DEBUG 2026-07-19 19:13:05 re/_trace.py:47 close.started
DEBUG 2026-07-19 19:13:05 re/_trace.py:47 close.complete
DEBUG 2026-07-19 19:13:05 re/_trace.py:47 close.started
DEBUG 2026-07-19 19:13:05 re/_trace.py:47 close.complete
INFO 2026-07-19 19:18:08 ot_train.py:459 step:10K smpl:5M ep:3K epch:62.86 loss:0.007 grdn:0.069 lr:7.2e-05 updt_s:3.313 data_s:0.186
DEBUG 2026-07-19 19:22:33 re/_trace.py:47 close.started
DEBUG 2026-07-19 19:22:33 re/_trace.py:47 close.complete
DEBUG 2026-07-19 19:22:34 re/_trace.py:47 close.started
DEBUG 2026-07-19 19:22:34 re/_trace.py:47 close.complete
DEBUG 2026-07-19 19:22:34 re/_trace.py:47 close.started
DEBUG 2026-07-19 19:22:34 re/_trace.py:47 close.complete
DEBUG 2026-07-19 19:22:34 re/_trace.py:47 close.started
DEBUG 2026-07-19 19:22:34 re/_trace.py:47 close.complete
DEBUG 2026-07-19 19:22:34 re/_trace.py:47 close.started
DEBUG 2026-07-19 19:22:34 re/_trace.py:47 close.complete
DEBUG 2026-07-19 19:22:34 re/_trace.py:47 close.started
DEBUG 2026-07-19 19:22:34 re/_trace.py:47 close.complete
DEBUG 2026-07-19 19:22:34 re/_trace.py:47 close.started
DEBUG 2026-07-19 19:22:34 re/_trace.py:47 close.complete
DEBUG 2026-07-19 19:22:34 re/_trace.py:47 close.started
DEBUG 2026-07-19 19:22:34 re/_trace.py:47 close.complete
DEBUG 2026-07-19 19:22:34 re/_trace.py:47 close.started
DEBUG 2026-07-19 19:22:34 re/_trace.py:47 close.complete
DEBUG 2026-07-19 19:22:34 re/_trace.py:47 close.started
DEBUG 2026-07-19 19:22:34 re/_trace.py:47 close.complete
INFO 2026-07-19 19:29:53 ot_train.py:459 step:10K smpl:5M ep:3K epch:64.12 loss:0.006 grdn:0.068 lr:7.1e-05 updt_s:3.315 data_s:0.207
DEBUG 2026-07-19 19:32:05 re/_trace.py:47 close.started
DEBUG 2026-07-19 19:32:05 re/_trace.py:47 close.complete
DEBUG 2026-07-19 19:32:05 re/_trace.py:47 close.started
DEBUG 2026-07-19 19:32:05 re/_trace.py:47 close.complete
DEBUG 2026-07-19 19:32:06 re/_trace.py:47 close.started
DEBUG 2026-07-19 19:32:06 re/_trace.py:47 close.complete
DEBUG 2026-07-19 19:32:06 re/_trace.py:47 close.started
DEBUG 2026-07-19 19:32:06 re/_trace.py:47 close.complete
DEBUG 2026-07-19 19:32:06 re/_trace.py:47 close.started
DEBUG 2026-07-19 19:32:06 re/_trace.py:47 close.complete
DEBUG 2026-07-19 19:32:06 re/_trace.py:47 close.started
DEBUG 2026-07-19 19:32:06 re/_trace.py:47 close.complete
DEBUG 2026-07-19 19:32:06 re/_trace.py:47 close.started
DEBUG 2026-07-19 19:32:06 re/_trace.py:47 close.complete
DEBUG 2026-07-19 19:32:06 re/_trace.py:47 close.started
DEBUG 2026-07-19 19:32:06 re/_trace.py:47 close.complete
DEBUG 2026-07-19 19:32:06 re/_trace.py:47 close.started
DEBUG 2026-07-19 19:32:06 re/_trace.py:47 close.complete
DEBUG 2026-07-19 19:32:06 re/_trace.py:47 close.started
DEBUG 2026-07-19 19:32:06 re/_trace.py:47 close.complete
INFO 2026-07-19 19:41:33 ot_train.py:459 step:10K smpl:5M ep:3K epch:65.38 loss:0.006 grdn:0.069 lr:7.0e-05 updt_s:3.282 data_s:0.217
DEBUG 2026-07-19 19:41:33 re/_trace.py:47 close.started
DEBUG 2026-07-19 19:41:33 re/_trace.py:47 close.complete
DEBUG 2026-07-19 19:41:34 re/_trace.py:47 close.started
DEBUG 2026-07-19 19:41:34 re/_trace.py:47 close.complete
DEBUG 2026-07-19 19:41:34 re/_trace.py:47 close.started
DEBUG 2026-07-19 19:41:34 re/_trace.py:47 close.complete
DEBUG 2026-07-19 19:41:34 re/_trace.py:47 close.started
DEBUG 2026-07-19 19:41:34 re/_trace.py:47 close.complete
DEBUG 2026-07-19 19:41:34 re/_trace.py:47 close.started
DEBUG 2026-07-19 19:41:34 re/_trace.py:47 close.complete
DEBUG 2026-07-19 19:41:34 re/_trace.py:47 close.started
DEBUG 2026-07-19 19:41:34 re/_trace.py:47 close.complete
DEBUG 2026-07-19 19:41:34 re/_trace.py:47 close.started
DEBUG 2026-07-19 19:41:34 re/_trace.py:47 close.complete
DEBUG 2026-07-19 19:41:34 re/_trace.py:47 close.started
DEBUG 2026-07-19 19:41:34 re/_trace.py:47 close.complete
DEBUG 2026-07-19 19:41:34 re/_trace.py:47 close.started
DEBUG 2026-07-19 19:41:34 re/_trace.py:47 close.complete
DEBUG 2026-07-19 19:41:34 re/_trace.py:47 close.started
DEBUG 2026-07-19 19:41:34 re/_trace.py:47 close.complete
DEBUG 2026-07-19 19:51:06 re/_trace.py:47 close.started
DEBUG 2026-07-19 19:51:06 re/_trace.py:47 close.complete
DEBUG 2026-07-19 19:51:06 re/_trace.py:47 close.started
DEBUG 2026-07-19 19:51:06 re/_trace.py:47 close.complete
DEBUG 2026-07-19 19:51:06 re/_trace.py:47 close.started
DEBUG 2026-07-19 19:51:06 re/_trace.py:47 close.complete
DEBUG 2026-07-19 19:51:06 re/_trace.py:47 close.started
DEBUG 2026-07-19 19:51:06 re/_trace.py:47 close.complete
DEBUG 2026-07-19 19:51:06 re/_trace.py:47 close.started
DEBUG 2026-07-19 19:51:06 re/_trace.py:47 close.complete
DEBUG 2026-07-19 19:51:06 re/_trace.py:47 close.started
DEBUG 2026-07-19 19:51:06 re/_trace.py:47 close.complete
DEBUG 2026-07-19 19:51:06 re/_trace.py:47 close.started
DEBUG 2026-07-19 19:51:06 re/_trace.py:47 close.complete
DEBUG 2026-07-19 19:51:06 re/_trace.py:47 close.started
DEBUG 2026-07-19 19:51:06 re/_trace.py:47 close.complete
DEBUG 2026-07-19 19:51:06 re/_trace.py:47 close.started
DEBUG 2026-07-19 19:51:06 re/_trace.py:47 close.complete
DEBUG 2026-07-19 19:51:07 re/_trace.py:47 close.started
DEBUG 2026-07-19 19:51:07 re/_trace.py:47 close.complete
INFO 2026-07-19 19:53:57 ot_train.py:459 step:11K smpl:5M ep:3K epch:66.63 loss:0.006 grdn:0.066 lr:6.9e-05 updt_s:3.338 data_s:0.377
DEBUG 2026-07-19 20:00:37 re/_trace.py:47 close.started
DEBUG 2026-07-19 20:00:37 re/_trace.py:47 close.complete
DEBUG 2026-07-19 20:00:37 re/_trace.py:47 close.started
DEBUG 2026-07-19 20:00:37 re/_trace.py:47 close.complete
DEBUG 2026-07-19 20:00:37 re/_trace.py:47 close.started
DEBUG 2026-07-19 20:00:37 re/_trace.py:47 close.complete
DEBUG 2026-07-19 20:00:38 re/_trace.py:47 close.started
DEBUG 2026-07-19 20:00:38 re/_trace.py:47 close.complete
DEBUG 2026-07-19 20:00:38 re/_trace.py:47 close.started
DEBUG 2026-07-19 20:00:38 re/_trace.py:47 close.complete
DEBUG 2026-07-19 20:00:38 re/_trace.py:47 close.started
DEBUG 2026-07-19 20:00:38 re/_trace.py:47 close.complete
DEBUG 2026-07-19 20:00:38 re/_trace.py:47 close.started
DEBUG 2026-07-19 20:00:38 re/_trace.py:47 close.complete
DEBUG 2026-07-19 20:00:38 re/_trace.py:47 close.started
DEBUG 2026-07-19 20:00:38 re/_trace.py:47 close.complete
DEBUG 2026-07-19 20:00:38 re/_trace.py:47 close.started
DEBUG 2026-07-19 20:00:38 re/_trace.py:47 close.complete
DEBUG 2026-07-19 20:00:38 re/_trace.py:47 close.started
DEBUG 2026-07-19 20:00:38 re/_trace.py:47 close.complete
INFO 2026-07-19 20:05:44 ot_train.py:459 step:11K smpl:5M ep:3K epch:67.89 loss:0.006 grdn:0.065 lr:6.8e-05 updt_s:3.322 data_s:0.205
DEBUG 2026-07-19 20:10:10 re/_trace.py:47 close.started
DEBUG 2026-07-19 20:10:10 re/_trace.py:47 close.complete
DEBUG 2026-07-19 20:10:10 re/_trace.py:47 close.started
DEBUG 2026-07-19 20:10:10 re/_trace.py:47 close.complete
DEBUG 2026-07-19 20:10:10 re/_trace.py:47 close.started
DEBUG 2026-07-19 20:10:10 re/_trace.py:47 close.complete
DEBUG 2026-07-19 20:10:11 re/_trace.py:47 close.started
DEBUG 2026-07-19 20:10:11 re/_trace.py:47 close.complete
DEBUG 2026-07-19 20:10:11 re/_trace.py:47 close.started
DEBUG 2026-07-19 20:10:11 re/_trace.py:47 close.complete
DEBUG 2026-07-19 20:10:11 re/_trace.py:47 close.started
DEBUG 2026-07-19 20:10:11 re/_trace.py:47 close.complete
DEBUG 2026-07-19 20:10:11 re/_trace.py:47 close.started
DEBUG 2026-07-19 20:10:11 re/_trace.py:47 close.complete
DEBUG 2026-07-19 20:10:11 re/_trace.py:47 close.started
DEBUG 2026-07-19 20:10:11 re/_trace.py:47 close.complete
DEBUG 2026-07-19 20:10:11 re/_trace.py:47 close.started
DEBUG 2026-07-19 20:10:11 re/_trace.py:47 close.complete
DEBUG 2026-07-19 20:10:11 re/_trace.py:47 close.started
DEBUG 2026-07-19 20:10:11 re/_trace.py:47 close.complete
INFO 2026-07-19 20:17:28 ot_train.py:459 step:11K smpl:5M ep:3K epch:69.15 loss:0.006 grdn:0.065 lr:6.7e-05 updt_s:3.309 data_s:0.209
DEBUG 2026-07-19 20:19:41 re/_trace.py:47 close.started
DEBUG 2026-07-19 20:19:41 re/_trace.py:47 close.complete
DEBUG 2026-07-19 20:19:41 re/_trace.py:47 close.started
DEBUG 2026-07-19 20:19:41 re/_trace.py:47 close.complete
DEBUG 2026-07-19 20:19:41 re/_trace.py:47 close.started
DEBUG 2026-07-19 20:19:41 re/_trace.py:47 close.complete
DEBUG 2026-07-19 20:19:41 re/_trace.py:47 close.started
DEBUG 2026-07-19 20:19:41 re/_trace.py:47 close.complete
DEBUG 2026-07-19 20:19:41 re/_trace.py:47 close.started
DEBUG 2026-07-19 20:19:41 re/_trace.py:47 close.complete
DEBUG 2026-07-19 20:19:42 re/_trace.py:47 close.started
DEBUG 2026-07-19 20:19:42 re/_trace.py:47 close.complete
DEBUG 2026-07-19 20:19:42 re/_trace.py:47 close.started
DEBUG 2026-07-19 20:19:42 re/_trace.py:47 close.complete
DEBUG 2026-07-19 20:19:42 re/_trace.py:47 close.started
DEBUG 2026-07-19 20:19:42 re/_trace.py:47 close.complete
DEBUG 2026-07-19 20:19:42 re/_trace.py:47 close.started
DEBUG 2026-07-19 20:19:42 re/_trace.py:47 close.complete
DEBUG 2026-07-19 20:19:42 re/_trace.py:47 close.started
DEBUG 2026-07-19 20:19:42 re/_trace.py:47 close.complete
INFO 2026-07-19 20:29:13 ot_train.py:459 step:11K smpl:5M ep:4K epch:70.40 loss:0.006 grdn:0.065 lr:6.6e-05 updt_s:3.300 data_s:0.221
DEBUG 2026-07-19 20:29:13 re/_trace.py:47 close.started
DEBUG 2026-07-19 20:29:13 re/_trace.py:47 close.complete
DEBUG 2026-07-19 20:29:13 re/_trace.py:47 close.started
DEBUG 2026-07-19 20:29:13 re/_trace.py:47 close.complete
DEBUG 2026-07-19 20:29:13 re/_trace.py:47 close.started
DEBUG 2026-07-19 20:29:13 re/_trace.py:47 close.complete
DEBUG 2026-07-19 20:29:14 re/_trace.py:47 close.started
DEBUG 2026-07-19 20:29:14 re/_trace.py:47 close.complete
DEBUG 2026-07-19 20:29:14 re/_trace.py:47 close.started
DEBUG 2026-07-19 20:29:14 re/_trace.py:47 close.complete
DEBUG 2026-07-19 20:29:14 re/_trace.py:47 close.started
DEBUG 2026-07-19 20:29:14 re/_trace.py:47 close.complete
DEBUG 2026-07-19 20:29:14 re/_trace.py:47 close.started
DEBUG 2026-07-19 20:29:14 re/_trace.py:47 close.complete
DEBUG 2026-07-19 20:29:14 re/_trace.py:47 close.started
DEBUG 2026-07-19 20:29:14 re/_trace.py:47 close.complete
DEBUG 2026-07-19 20:29:14 re/_trace.py:47 close.started
DEBUG 2026-07-19 20:29:14 re/_trace.py:47 close.complete
DEBUG 2026-07-19 20:29:14 re/_trace.py:47 close.started
DEBUG 2026-07-19 20:29:14 re/_trace.py:47 close.complete
DEBUG 2026-07-19 20:38:45 re/_trace.py:47 close.started
DEBUG 2026-07-19 20:38:45 re/_trace.py:47 close.complete
DEBUG 2026-07-19 20:38:45 re/_trace.py:47 close.started
DEBUG 2026-07-19 20:38:45 re/_trace.py:47 close.complete
DEBUG 2026-07-19 20:38:45 re/_trace.py:47 close.started
DEBUG 2026-07-19 20:38:45 re/_trace.py:47 close.complete
DEBUG 2026-07-19 20:38:46 re/_trace.py:47 close.started
DEBUG 2026-07-19 20:38:46 re/_trace.py:47 close.complete
DEBUG 2026-07-19 20:38:46 re/_trace.py:47 close.started
DEBUG 2026-07-19 20:38:46 re/_trace.py:47 close.complete
DEBUG 2026-07-19 20:38:46 re/_trace.py:47 close.started
DEBUG 2026-07-19 20:38:46 re/_trace.py:47 close.complete
DEBUG 2026-07-19 20:38:46 re/_trace.py:47 close.started
DEBUG 2026-07-19 20:38:46 re/_trace.py:47 close.complete
DEBUG 2026-07-19 20:38:46 re/_trace.py:47 close.started
DEBUG 2026-07-19 20:38:46 re/_trace.py:47 close.complete
DEBUG 2026-07-19 20:38:46 re/_trace.py:47 close.started
DEBUG 2026-07-19 20:38:46 re/_trace.py:47 close.complete
DEBUG 2026-07-19 20:38:46 re/_trace.py:47 close.started
DEBUG 2026-07-19 20:38:46 re/_trace.py:47 close.complete
INFO 2026-07-19 20:41:41 ot_train.py:459 step:11K smpl:5M ep:4K epch:71.66 loss:0.006 grdn:0.061 lr:6.6e-05 updt_s:3.353 data_s:0.382
DEBUG 2026-07-19 20:48:24 re/_trace.py:47 close.started
DEBUG 2026-07-19 20:48:24 re/_trace.py:47 close.complete
DEBUG 2026-07-19 20:48:24 re/_trace.py:47 close.started
DEBUG 2026-07-19 20:48:24 re/_trace.py:47 close.complete
DEBUG 2026-07-19 20:48:24 re/_trace.py:47 close.started
DEBUG 2026-07-19 20:48:24 re/_trace.py:47 close.complete
DEBUG 2026-07-19 20:48:24 re/_trace.py:47 close.started
DEBUG 2026-07-19 20:48:24 re/_trace.py:47 close.complete
DEBUG 2026-07-19 20:48:24 re/_trace.py:47 close.started
DEBUG 2026-07-19 20:48:24 re/_trace.py:47 close.complete
DEBUG 2026-07-19 20:48:24 re/_trace.py:47 close.started
DEBUG 2026-07-19 20:48:24 re/_trace.py:47 close.complete
DEBUG 2026-07-19 20:48:24 re/_trace.py:47 close.started
DEBUG 2026-07-19 20:48:24 re/_trace.py:47 close.complete
DEBUG 2026-07-19 20:48:25 re/_trace.py:47 close.started
DEBUG 2026-07-19 20:48:25 re/_trace.py:47 close.complete
DEBUG 2026-07-19 20:48:25 re/_trace.py:47 close.started
DEBUG 2026-07-19 20:48:25 re/_trace.py:47 close.complete
DEBUG 2026-07-19 20:48:25 re/_trace.py:47 close.started
DEBUG 2026-07-19 20:48:25 re/_trace.py:47 close.complete
INFO 2026-07-19 20:53:30 ot_train.py:459 step:12K smpl:5M ep:4K epch:72.92 loss:0.006 grdn:0.066 lr:6.5e-05 updt_s:3.327 data_s:0.216
DEBUG 2026-07-19 20:57:58 re/_trace.py:47 close.started
DEBUG 2026-07-19 20:57:58 re/_trace.py:47 close.complete
DEBUG 2026-07-19 20:57:58 re/_trace.py:47 close.started
DEBUG 2026-07-19 20:57:58 re/_trace.py:47 close.complete
DEBUG 2026-07-19 20:57:58 re/_trace.py:47 close.started
DEBUG 2026-07-19 20:57:58 re/_trace.py:47 close.complete
DEBUG 2026-07-19 20:57:58 re/_trace.py:47 close.started
DEBUG 2026-07-19 20:57:58 re/_trace.py:47 close.complete
DEBUG 2026-07-19 20:57:58 re/_trace.py:47 close.started
DEBUG 2026-07-19 20:57:58 re/_trace.py:47 close.complete
DEBUG 2026-07-19 20:57:58 re/_trace.py:47 close.started
DEBUG 2026-07-19 20:57:58 re/_trace.py:47 close.complete
DEBUG 2026-07-19 20:57:58 re/_trace.py:47 close.started
DEBUG 2026-07-19 20:57:58 re/_trace.py:47 close.complete
DEBUG 2026-07-19 20:57:58 re/_trace.py:47 close.started
DEBUG 2026-07-19 20:57:58 re/_trace.py:47 close.complete
DEBUG 2026-07-19 20:57:58 re/_trace.py:47 close.started
DEBUG 2026-07-19 20:57:58 re/_trace.py:47 close.complete
DEBUG 2026-07-19 20:57:58 re/_trace.py:47 close.started
DEBUG 2026-07-19 20:57:58 re/_trace.py:47 close.complete
INFO 2026-07-19 21:05:20 ot_train.py:459 step:12K smpl:5M ep:4K epch:74.18 loss:0.006 grdn:0.064 lr:6.4e-05 updt_s:3.314 data_s:0.233
DEBUG 2026-07-19 21:07:33 re/_trace.py:47 close.started
DEBUG 2026-07-19 21:07:33 re/_trace.py:47 close.complete
DEBUG 2026-07-19 21:07:33 re/_trace.py:47 close.started
DEBUG 2026-07-19 21:07:33 re/_trace.py:47 close.complete
DEBUG 2026-07-19 21:07:33 re/_trace.py:47 close.started
DEBUG 2026-07-19 21:07:33 re/_trace.py:47 close.complete
DEBUG 2026-07-19 21:07:33 re/_trace.py:47 close.started
DEBUG 2026-07-19 21:07:33 re/_trace.py:47 close.complete
DEBUG 2026-07-19 21:07:34 re/_trace.py:47 close.started
DEBUG 2026-07-19 21:07:34 re/_trace.py:47 close.complete
DEBUG 2026-07-19 21:07:34 re/_trace.py:47 close.started
DEBUG 2026-07-19 21:07:34 re/_trace.py:47 close.complete
DEBUG 2026-07-19 21:07:34 re/_trace.py:47 close.started
DEBUG 2026-07-19 21:07:34 re/_trace.py:47 close.complete
DEBUG 2026-07-19 21:07:34 re/_trace.py:47 close.started
DEBUG 2026-07-19 21:07:34 re/_trace.py:47 close.complete
DEBUG 2026-07-19 21:07:34 re/_trace.py:47 close.started
DEBUG 2026-07-19 21:07:34 re/_trace.py:47 close.complete
DEBUG 2026-07-19 21:07:34 re/_trace.py:47 close.started
DEBUG 2026-07-19 21:07:34 re/_trace.py:47 close.complete
INFO 2026-07-19 21:17:09 ot_train.py:459 step:12K smpl:5M ep:4K epch:75.43 loss:0.006 grdn:0.062 lr:6.3e-05 updt_s:3.306 data_s:0.233
INFO 2026-07-19 21:17:09 ot_train.py:479 Checkpoint policy after step 12000
DEBUG 2026-07-19 21:17:29 re/_trace.py:47 close.started
DEBUG 2026-07-19 21:17:29 re/_trace.py:47 close.complete
DEBUG 2026-07-19 21:17:30 re/_trace.py:47 close.started
DEBUG 2026-07-19 21:17:30 re/_trace.py:47 close.complete
DEBUG 2026-07-19 21:17:30 re/_trace.py:47 close.started
DEBUG 2026-07-19 21:17:30 re/_trace.py:47 close.complete
DEBUG 2026-07-19 21:17:30 re/_trace.py:47 close.started
DEBUG 2026-07-19 21:17:30 re/_trace.py:47 close.complete
DEBUG 2026-07-19 21:17:30 re/_trace.py:47 close.started
DEBUG 2026-07-19 21:17:30 re/_trace.py:47 close.complete
DEBUG 2026-07-19 21:17:30 re/_trace.py:47 close.started
DEBUG 2026-07-19 21:17:30 re/_trace.py:47 close.complete
DEBUG 2026-07-19 21:17:30 re/_trace.py:47 close.started
DEBUG 2026-07-19 21:17:30 re/_trace.py:47 close.complete
DEBUG 2026-07-19 21:17:30 re/_trace.py:47 close.started
DEBUG 2026-07-19 21:17:30 re/_trace.py:47 close.complete
DEBUG 2026-07-19 21:17:30 re/_trace.py:47 close.started
DEBUG 2026-07-19 21:17:30 re/_trace.py:47 close.complete
DEBUG 2026-07-19 21:17:30 re/_trace.py:47 close.started
DEBUG 2026-07-19 21:17:30 re/_trace.py:47 close.complete
DEBUG 2026-07-19 21:27:02 re/_trace.py:47 close.started
DEBUG 2026-07-19 21:27:02 re/_trace.py:47 close.complete
DEBUG 2026-07-19 21:27:02 re/_trace.py:47 close.started
DEBUG 2026-07-19 21:27:02 re/_trace.py:47 close.complete
DEBUG 2026-07-19 21:27:02 re/_trace.py:47 close.started
DEBUG 2026-07-19 21:27:02 re/_trace.py:47 close.complete
DEBUG 2026-07-19 21:27:02 re/_trace.py:47 close.started
DEBUG 2026-07-19 21:27:02 re/_trace.py:47 close.complete
DEBUG 2026-07-19 21:27:02 re/_trace.py:47 close.started
DEBUG 2026-07-19 21:27:02 re/_trace.py:47 close.complete
DEBUG 2026-07-19 21:27:02 re/_trace.py:47 close.started
DEBUG 2026-07-19 21:27:02 re/_trace.py:47 close.complete
DEBUG 2026-07-19 21:27:02 re/_trace.py:47 close.started
DEBUG 2026-07-19 21:27:02 re/_trace.py:47 close.complete
DEBUG 2026-07-19 21:27:02 re/_trace.py:47 close.started
DEBUG 2026-07-19 21:27:02 re/_trace.py:47 close.complete
DEBUG 2026-07-19 21:27:03 re/_trace.py:47 close.started
DEBUG 2026-07-19 21:27:03 re/_trace.py:47 close.complete
DEBUG 2026-07-19 21:27:03 re/_trace.py:47 close.started
DEBUG 2026-07-19 21:27:03 re/_trace.py:47 close.complete
INFO 2026-07-19 21:29:56 ot_train.py:459 step:12K smpl:6M ep:4K epch:76.69 loss:0.006 grdn:0.063 lr:6.2e-05 updt_s:3.384 data_s:0.349
DEBUG 2026-07-19 21:36:36 re/_trace.py:47 close.started
DEBUG 2026-07-19 21:36:36 re/_trace.py:47 close.complete
DEBUG 2026-07-19 21:36:36 re/_trace.py:47 close.started
DEBUG 2026-07-19 21:36:36 re/_trace.py:47 close.complete
DEBUG 2026-07-19 21:36:36 re/_trace.py:47 close.started
DEBUG 2026-07-19 21:36:36 re/_trace.py:47 close.complete
DEBUG 2026-07-19 21:36:36 re/_trace.py:47 close.started
DEBUG 2026-07-19 21:36:36 re/_trace.py:47 close.complete
DEBUG 2026-07-19 21:36:36 re/_trace.py:47 close.started
DEBUG 2026-07-19 21:36:36 re/_trace.py:47 close.complete
DEBUG 2026-07-19 21:36:36 re/_trace.py:47 close.started
DEBUG 2026-07-19 21:36:36 re/_trace.py:47 close.complete
DEBUG 2026-07-19 21:36:36 re/_trace.py:47 close.started
DEBUG 2026-07-19 21:36:36 re/_trace.py:47 close.complete
DEBUG 2026-07-19 21:36:36 re/_trace.py:47 close.started
DEBUG 2026-07-19 21:36:36 re/_trace.py:47 close.complete
DEBUG 2026-07-19 21:36:36 re/_trace.py:47 close.started
DEBUG 2026-07-19 21:36:36 re/_trace.py:47 close.complete
DEBUG 2026-07-19 21:36:37 re/_trace.py:47 close.started
DEBUG 2026-07-19 21:36:37 re/_trace.py:47 close.complete
INFO 2026-07-19 21:41:41 ot_train.py:459 step:12K smpl:6M ep:4K epch:77.95 loss:0.006 grdn:0.064 lr:6.1e-05 updt_s:3.325 data_s:0.197
DEBUG 2026-07-19 21:46:06 re/_trace.py:47 close.started
DEBUG 2026-07-19 21:46:06 re/_trace.py:47 close.complete
DEBUG 2026-07-19 21:46:06 re/_trace.py:47 close.started
DEBUG 2026-07-19 21:46:06 re/_trace.py:47 close.complete
DEBUG 2026-07-19 21:46:06 re/_trace.py:47 close.started
DEBUG 2026-07-19 21:46:06 re/_trace.py:47 close.complete
DEBUG 2026-07-19 21:46:06 re/_trace.py:47 close.started
DEBUG 2026-07-19 21:46:06 re/_trace.py:47 close.complete
DEBUG 2026-07-19 21:46:06 re/_trace.py:47 close.started
DEBUG 2026-07-19 21:46:06 re/_trace.py:47 close.complete
DEBUG 2026-07-19 21:46:06 re/_trace.py:47 close.started
DEBUG 2026-07-19 21:46:06 re/_trace.py:47 close.complete
DEBUG 2026-07-19 21:46:07 re/_trace.py:47 close.started
DEBUG 2026-07-19 21:46:07 re/_trace.py:47 close.complete
DEBUG 2026-07-19 21:46:07 re/_trace.py:47 close.started
DEBUG 2026-07-19 21:46:07 re/_trace.py:47 close.complete
DEBUG 2026-07-19 21:46:07 re/_trace.py:47 close.started
DEBUG 2026-07-19 21:46:07 re/_trace.py:47 close.complete
DEBUG 2026-07-19 21:46:07 re/_trace.py:47 close.started
DEBUG 2026-07-19 21:46:07 re/_trace.py:47 close.complete
INFO 2026-07-19 21:53:25 ot_train.py:459 step:13K smpl:6M ep:4K epch:79.20 loss:0.005 grdn:0.064 lr:6.0e-05 updt_s:3.303 data_s:0.212
DEBUG 2026-07-19 21:55:37 re/_trace.py:47 close.started
DEBUG 2026-07-19 21:55:37 re/_trace.py:47 close.complete
DEBUG 2026-07-19 21:55:37 re/_trace.py:47 close.started
DEBUG 2026-07-19 21:55:37 re/_trace.py:47 close.complete
DEBUG 2026-07-19 21:55:37 re/_trace.py:47 close.started
DEBUG 2026-07-19 21:55:37 re/_trace.py:47 close.complete
DEBUG 2026-07-19 21:55:37 re/_trace.py:47 close.started
DEBUG 2026-07-19 21:55:37 re/_trace.py:47 close.complete
DEBUG 2026-07-19 21:55:37 re/_trace.py:47 close.started
DEBUG 2026-07-19 21:55:37 re/_trace.py:47 close.complete
DEBUG 2026-07-19 21:55:37 re/_trace.py:47 close.started
DEBUG 2026-07-19 21:55:37 re/_trace.py:47 close.complete
DEBUG 2026-07-19 21:55:37 re/_trace.py:47 close.started
DEBUG 2026-07-19 21:55:37 re/_trace.py:47 close.complete
DEBUG 2026-07-19 21:55:37 re/_trace.py:47 close.started
DEBUG 2026-07-19 21:55:37 re/_trace.py:47 close.complete
DEBUG 2026-07-19 21:55:38 re/_trace.py:47 close.started
DEBUG 2026-07-19 21:55:38 re/_trace.py:47 close.complete
DEBUG 2026-07-19 21:55:38 re/_trace.py:47 close.started
DEBUG 2026-07-19 21:55:38 re/_trace.py:47 close.complete
INFO 2026-07-19 22:05:07 ot_train.py:459 step:13K smpl:6M ep:4K epch:80.46 loss:0.005 grdn:0.065 lr:5.9e-05 updt_s:3.308 data_s:0.200
DEBUG 2026-07-19 22:05:07 re/_trace.py:47 close.started
DEBUG 2026-07-19 22:05:07 re/_trace.py:47 close.complete
DEBUG 2026-07-19 22:05:07 re/_trace.py:47 close.started
DEBUG 2026-07-19 22:05:07 re/_trace.py:47 close.complete
DEBUG 2026-07-19 22:05:07 re/_trace.py:47 close.started
DEBUG 2026-07-19 22:05:07 re/_trace.py:47 close.complete
DEBUG 2026-07-19 22:05:07 re/_trace.py:47 close.started
DEBUG 2026-07-19 22:05:07 re/_trace.py:47 close.complete
DEBUG 2026-07-19 22:05:08 re/_trace.py:47 close.started
DEBUG 2026-07-19 22:05:08 re/_trace.py:47 close.complete
DEBUG 2026-07-19 22:05:08 re/_trace.py:47 close.started
DEBUG 2026-07-19 22:05:08 re/_trace.py:47 close.complete
DEBUG 2026-07-19 22:05:08 re/_trace.py:47 close.started
DEBUG 2026-07-19 22:05:08 re/_trace.py:47 close.complete
DEBUG 2026-07-19 22:05:08 re/_trace.py:47 close.started
DEBUG 2026-07-19 22:05:08 re/_trace.py:47 close.complete
DEBUG 2026-07-19 22:05:08 re/_trace.py:47 close.started
DEBUG 2026-07-19 22:05:08 re/_trace.py:47 close.complete
DEBUG 2026-07-19 22:05:08 re/_trace.py:47 close.started
DEBUG 2026-07-19 22:05:08 re/_trace.py:47 close.complete
DEBUG 2026-07-19 22:14:38 re/_trace.py:47 close.started
DEBUG 2026-07-19 22:14:38 re/_trace.py:47 close.complete
DEBUG 2026-07-19 22:14:38 re/_trace.py:47 close.started
DEBUG 2026-07-19 22:14:38 re/_trace.py:47 close.complete
DEBUG 2026-07-19 22:14:38 re/_trace.py:47 close.started
DEBUG 2026-07-19 22:14:38 re/_trace.py:47 close.complete
DEBUG 2026-07-19 22:14:38 re/_trace.py:47 close.started
DEBUG 2026-07-19 22:14:38 re/_trace.py:47 close.complete
DEBUG 2026-07-19 22:14:38 re/_trace.py:47 close.started
DEBUG 2026-07-19 22:14:38 re/_trace.py:47 close.complete
DEBUG 2026-07-19 22:14:38 re/_trace.py:47 close.started
DEBUG 2026-07-19 22:14:38 re/_trace.py:47 close.complete
DEBUG 2026-07-19 22:14:38 re/_trace.py:47 close.started
DEBUG 2026-07-19 22:14:38 re/_trace.py:47 close.complete
DEBUG 2026-07-19 22:14:38 re/_trace.py:47 close.started
DEBUG 2026-07-19 22:14:38 re/_trace.py:47 close.complete
DEBUG 2026-07-19 22:14:38 re/_trace.py:47 close.started
DEBUG 2026-07-19 22:14:38 re/_trace.py:47 close.complete
DEBUG 2026-07-19 22:14:38 re/_trace.py:47 close.started
DEBUG 2026-07-19 22:14:38 re/_trace.py:47 close.complete
INFO 2026-07-19 22:17:33 ot_train.py:459 step:13K smpl:6M ep:4K epch:81.72 loss:0.005 grdn:0.061 lr:5.8e-05 updt_s:3.368 data_s:0.356
DEBUG 2026-07-19 22:24:16 re/_trace.py:47 close.started
DEBUG 2026-07-19 22:24:16 re/_trace.py:47 close.complete
DEBUG 2026-07-19 22:24:16 re/_trace.py:47 close.started
DEBUG 2026-07-19 22:24:16 re/_trace.py:47 close.complete
DEBUG 2026-07-19 22:24:16 re/_trace.py:47 close.started
DEBUG 2026-07-19 22:24:16 re/_trace.py:47 close.complete
DEBUG 2026-07-19 22:24:16 re/_trace.py:47 close.started
DEBUG 2026-07-19 22:24:16 re/_trace.py:47 close.complete
DEBUG 2026-07-19 22:24:16 re/_trace.py:47 close.started
DEBUG 2026-07-19 22:24:16 re/_trace.py:47 close.complete
DEBUG 2026-07-19 22:24:16 re/_trace.py:47 close.started
DEBUG 2026-07-19 22:24:16 re/_trace.py:47 close.complete
DEBUG 2026-07-19 22:24:16 re/_trace.py:47 close.started
DEBUG 2026-07-19 22:24:16 re/_trace.py:47 close.complete
DEBUG 2026-07-19 22:24:16 re/_trace.py:47 close.started
DEBUG 2026-07-19 22:24:16 re/_trace.py:47 close.complete
DEBUG 2026-07-19 22:24:16 re/_trace.py:47 close.started
DEBUG 2026-07-19 22:24:16 re/_trace.py:47 close.complete
DEBUG 2026-07-19 22:24:17 re/_trace.py:47 close.started
DEBUG 2026-07-19 22:24:17 re/_trace.py:47 close.complete
INFO 2026-07-19 22:29:26 ot_train.py:459 step:13K smpl:6M ep:4K epch:82.98 loss:0.005 grdn:0.062 lr:5.7e-05 updt_s:3.353 data_s:0.207
DEBUG 2026-07-19 22:33:54 re/_trace.py:47 close.started
DEBUG 2026-07-19 22:33:54 re/_trace.py:47 close.complete
DEBUG 2026-07-19 22:33:54 re/_trace.py:47 close.started
DEBUG 2026-07-19 22:33:54 re/_trace.py:47 close.complete
DEBUG 2026-07-19 22:33:54 re/_trace.py:47 close.started
DEBUG 2026-07-19 22:33:54 re/_trace.py:47 close.complete
DEBUG 2026-07-19 22:33:54 re/_trace.py:47 close.started
DEBUG 2026-07-19 22:33:54 re/_trace.py:47 close.complete
DEBUG 2026-07-19 22:33:54 re/_trace.py:47 close.started
DEBUG 2026-07-19 22:33:54 re/_trace.py:47 close.complete
DEBUG 2026-07-19 22:33:54 re/_trace.py:47 close.started
DEBUG 2026-07-19 22:33:54 re/_trace.py:47 close.complete
DEBUG 2026-07-19 22:33:54 re/_trace.py:47 close.started
DEBUG 2026-07-19 22:33:54 re/_trace.py:47 close.complete
DEBUG 2026-07-19 22:33:55 re/_trace.py:47 close.started
DEBUG 2026-07-19 22:33:55 re/_trace.py:47 close.complete
DEBUG 2026-07-19 22:33:55 re/_trace.py:47 close.started
DEBUG 2026-07-19 22:33:55 re/_trace.py:47 close.complete
DEBUG 2026-07-19 22:33:55 re/_trace.py:47 close.started
DEBUG 2026-07-19 22:33:55 re/_trace.py:47 close.complete
INFO 2026-07-19 22:41:15 ot_train.py:459 step:13K smpl:6M ep:4K epch:84.23 loss:0.005 grdn:0.063 lr:5.6e-05 updt_s:3.329 data_s:0.213
DEBUG 2026-07-19 22:43:27 re/_trace.py:47 close.started
DEBUG 2026-07-19 22:43:27 re/_trace.py:47 close.complete
DEBUG 2026-07-19 22:43:27 re/_trace.py:47 close.started
DEBUG 2026-07-19 22:43:27 re/_trace.py:47 close.complete
DEBUG 2026-07-19 22:43:28 re/_trace.py:47 close.started
DEBUG 2026-07-19 22:43:28 re/_trace.py:47 close.complete
DEBUG 2026-07-19 22:43:28 re/_trace.py:47 close.started
DEBUG 2026-07-19 22:43:28 re/_trace.py:47 close.complete
DEBUG 2026-07-19 22:43:28 re/_trace.py:47 close.started
DEBUG 2026-07-19 22:43:28 re/_trace.py:47 close.complete
DEBUG 2026-07-19 22:43:28 re/_trace.py:47 close.started
DEBUG 2026-07-19 22:43:28 re/_trace.py:47 close.complete
DEBUG 2026-07-19 22:43:28 re/_trace.py:47 close.started
DEBUG 2026-07-19 22:43:28 re/_trace.py:47 close.complete
DEBUG 2026-07-19 22:43:28 re/_trace.py:47 close.started
DEBUG 2026-07-19 22:43:28 re/_trace.py:47 close.complete
DEBUG 2026-07-19 22:43:28 re/_trace.py:47 close.started
DEBUG 2026-07-19 22:43:28 re/_trace.py:47 close.complete
DEBUG 2026-07-19 22:43:28 re/_trace.py:47 close.started
DEBUG 2026-07-19 22:43:28 re/_trace.py:47 close.complete
INFO 2026-07-19 22:53:02 ot_train.py:459 step:14K smpl:6M ep:4K epch:85.49 loss:0.005 grdn:0.059 lr:5.5e-05 updt_s:3.325 data_s:0.208
DEBUG 2026-07-19 22:53:02 re/_trace.py:47 close.started
DEBUG 2026-07-19 22:53:02 re/_trace.py:47 close.complete
DEBUG 2026-07-19 22:53:02 re/_trace.py:47 close.started
DEBUG 2026-07-19 22:53:02 re/_trace.py:47 close.complete
DEBUG 2026-07-19 22:53:02 re/_trace.py:47 close.started
DEBUG 2026-07-19 22:53:02 re/_trace.py:47 close.complete
DEBUG 2026-07-19 22:53:02 re/_trace.py:47 close.started
DEBUG 2026-07-19 22:53:02 re/_trace.py:47 close.complete
DEBUG 2026-07-19 22:53:02 re/_trace.py:47 close.started
DEBUG 2026-07-19 22:53:02 re/_trace.py:47 close.complete
DEBUG 2026-07-19 22:53:03 re/_trace.py:47 close.started
DEBUG 2026-07-19 22:53:03 re/_trace.py:47 close.complete
DEBUG 2026-07-19 22:53:03 re/_trace.py:47 close.started
DEBUG 2026-07-19 22:53:03 re/_trace.py:47 close.complete
DEBUG 2026-07-19 22:53:03 re/_trace.py:47 close.started
DEBUG 2026-07-19 22:53:03 re/_trace.py:47 close.complete
DEBUG 2026-07-19 22:53:03 re/_trace.py:47 close.started
DEBUG 2026-07-19 22:53:03 re/_trace.py:47 close.complete
DEBUG 2026-07-19 22:53:03 re/_trace.py:47 close.started
DEBUG 2026-07-19 22:53:03 re/_trace.py:47 close.complete
DEBUG 2026-07-19 23:02:34 re/_trace.py:47 close.started
DEBUG 2026-07-19 23:02:34 re/_trace.py:47 close.complete
DEBUG 2026-07-19 23:02:34 re/_trace.py:47 close.started
DEBUG 2026-07-19 23:02:34 re/_trace.py:47 close.complete
DEBUG 2026-07-19 23:02:34 re/_trace.py:47 close.started
DEBUG 2026-07-19 23:02:34 re/_trace.py:47 close.complete
DEBUG 2026-07-19 23:02:34 re/_trace.py:47 close.started
DEBUG 2026-07-19 23:02:34 re/_trace.py:47 close.complete
DEBUG 2026-07-19 23:02:35 re/_trace.py:47 close.started
DEBUG 2026-07-19 23:02:35 re/_trace.py:47 close.complete
DEBUG 2026-07-19 23:02:35 re/_trace.py:47 close.started
DEBUG 2026-07-19 23:02:35 re/_trace.py:47 close.complete
DEBUG 2026-07-19 23:02:35 re/_trace.py:47 close.started
DEBUG 2026-07-19 23:02:35 re/_trace.py:47 close.complete
DEBUG 2026-07-19 23:02:35 re/_trace.py:47 close.started
DEBUG 2026-07-19 23:02:35 re/_trace.py:47 close.complete
DEBUG 2026-07-19 23:02:35 re/_trace.py:47 close.started
DEBUG 2026-07-19 23:02:35 re/_trace.py:47 close.complete
DEBUG 2026-07-19 23:02:35 re/_trace.py:47 close.started
DEBUG 2026-07-19 23:02:35 re/_trace.py:47 close.complete
INFO 2026-07-19 23:05:28 ot_train.py:459 step:14K smpl:6M ep:4K epch:86.75 loss:0.005 grdn:0.065 lr:5.4e-05 updt_s:3.348 data_s:0.379
DEBUG 2026-07-19 23:12:07 re/_trace.py:47 close.started
DEBUG 2026-07-19 23:12:07 re/_trace.py:47 close.complete
DEBUG 2026-07-19 23:12:07 re/_trace.py:47 close.started
DEBUG 2026-07-19 23:12:07 re/_trace.py:47 close.complete
DEBUG 2026-07-19 23:12:07 re/_trace.py:47 close.started
DEBUG 2026-07-19 23:12:07 re/_trace.py:47 close.complete
DEBUG 2026-07-19 23:12:07 re/_trace.py:47 close.started
DEBUG 2026-07-19 23:12:07 re/_trace.py:47 close.complete
DEBUG 2026-07-19 23:12:07 re/_trace.py:47 close.started
DEBUG 2026-07-19 23:12:07 re/_trace.py:47 close.complete
DEBUG 2026-07-19 23:12:08 re/_trace.py:47 close.started
DEBUG 2026-07-19 23:12:08 re/_trace.py:47 close.complete
DEBUG 2026-07-19 23:12:08 re/_trace.py:47 close.started
DEBUG 2026-07-19 23:12:08 re/_trace.py:47 close.complete
DEBUG 2026-07-19 23:12:08 re/_trace.py:47 close.started
DEBUG 2026-07-19 23:12:08 re/_trace.py:47 close.complete
DEBUG 2026-07-19 23:12:08 re/_trace.py:47 close.started
DEBUG 2026-07-19 23:12:08 re/_trace.py:47 close.complete
DEBUG 2026-07-19 23:12:08 re/_trace.py:47 close.started
DEBUG 2026-07-19 23:12:08 re/_trace.py:47 close.complete
INFO 2026-07-19 23:17:14 ot_train.py:459 step:14K smpl:6M ep:4K epch:88.01 loss:0.005 grdn:0.059 lr:5.4e-05 updt_s:3.319 data_s:0.210
DEBUG 2026-07-19 23:21:41 re/_trace.py:47 close.started
DEBUG 2026-07-19 23:21:41 re/_trace.py:47 close.complete
DEBUG 2026-07-19 23:21:41 re/_trace.py:47 close.started
DEBUG 2026-07-19 23:21:41 re/_trace.py:47 close.complete
DEBUG 2026-07-19 23:21:41 re/_trace.py:47 close.started
DEBUG 2026-07-19 23:21:41 re/_trace.py:47 close.complete
DEBUG 2026-07-19 23:21:41 re/_trace.py:47 close.started
DEBUG 2026-07-19 23:21:41 re/_trace.py:47 close.complete
DEBUG 2026-07-19 23:21:41 re/_trace.py:47 close.started
DEBUG 2026-07-19 23:21:41 re/_trace.py:47 close.complete
DEBUG 2026-07-19 23:21:41 re/_trace.py:47 close.started
DEBUG 2026-07-19 23:21:41 re/_trace.py:47 close.complete
DEBUG 2026-07-19 23:21:41 re/_trace.py:47 close.started
DEBUG 2026-07-19 23:21:41 re/_trace.py:47 close.complete
DEBUG 2026-07-19 23:21:42 re/_trace.py:47 close.started
DEBUG 2026-07-19 23:21:42 re/_trace.py:47 close.complete
DEBUG 2026-07-19 23:21:42 re/_trace.py:47 close.started
DEBUG 2026-07-19 23:21:42 re/_trace.py:47 close.complete
DEBUG 2026-07-19 23:21:42 re/_trace.py:47 close.started
DEBUG 2026-07-19 23:21:42 re/_trace.py:47 close.complete
INFO 2026-07-19 23:29:04 ot_train.py:459 step:14K smpl:6M ep:4K epch:89.26 loss:0.005 grdn:0.059 lr:5.3e-05 updt_s:3.327 data_s:0.216
DEBUG 2026-07-19 23:31:16 re/_trace.py:47 close.started
DEBUG 2026-07-19 23:31:16 re/_trace.py:47 close.complete
DEBUG 2026-07-19 23:31:16 re/_trace.py:47 close.started
DEBUG 2026-07-19 23:31:16 re/_trace.py:47 close.complete
DEBUG 2026-07-19 23:31:17 re/_trace.py:47 close.started
DEBUG 2026-07-19 23:31:17 re/_trace.py:47 close.complete
DEBUG 2026-07-19 23:31:17 re/_trace.py:47 close.started
DEBUG 2026-07-19 23:31:17 re/_trace.py:47 close.complete
DEBUG 2026-07-19 23:31:17 re/_trace.py:47 close.started
DEBUG 2026-07-19 23:31:17 re/_trace.py:47 close.complete
DEBUG 2026-07-19 23:31:17 re/_trace.py:47 close.started
DEBUG 2026-07-19 23:31:17 re/_trace.py:47 close.complete
DEBUG 2026-07-19 23:31:17 re/_trace.py:47 close.started
DEBUG 2026-07-19 23:31:17 re/_trace.py:47 close.complete
DEBUG 2026-07-19 23:31:17 re/_trace.py:47 close.started
DEBUG 2026-07-19 23:31:17 re/_trace.py:47 close.complete
DEBUG 2026-07-19 23:31:17 re/_trace.py:47 close.started
DEBUG 2026-07-19 23:31:17 re/_trace.py:47 close.complete
DEBUG 2026-07-19 23:31:17 re/_trace.py:47 close.started
DEBUG 2026-07-19 23:31:17 re/_trace.py:47 close.complete
INFO 2026-07-19 23:40:51 ot_train.py:459 step:14K smpl:7M ep:5K epch:90.52 loss:0.005 grdn:0.059 lr:5.2e-05 updt_s:3.329 data_s:0.206
DEBUG 2026-07-19 23:40:52 re/_trace.py:47 close.started
DEBUG 2026-07-19 23:40:52 re/_trace.py:47 close.complete
DEBUG 2026-07-19 23:40:52 re/_trace.py:47 close.started
DEBUG 2026-07-19 23:40:52 re/_trace.py:47 close.complete
DEBUG 2026-07-19 23:40:52 re/_trace.py:47 close.started
DEBUG 2026-07-19 23:40:52 re/_trace.py:47 close.complete
DEBUG 2026-07-19 23:40:52 re/_trace.py:47 close.started
DEBUG 2026-07-19 23:40:52 re/_trace.py:47 close.complete
DEBUG 2026-07-19 23:40:52 re/_trace.py:47 close.started
DEBUG 2026-07-19 23:40:52 re/_trace.py:47 close.complete
DEBUG 2026-07-19 23:40:52 re/_trace.py:47 close.started
DEBUG 2026-07-19 23:40:52 re/_trace.py:47 close.complete
DEBUG 2026-07-19 23:40:52 re/_trace.py:47 close.started
DEBUG 2026-07-19 23:40:52 re/_trace.py:47 close.complete
DEBUG 2026-07-19 23:40:52 re/_trace.py:47 close.started
DEBUG 2026-07-19 23:40:52 re/_trace.py:47 close.complete
DEBUG 2026-07-19 23:40:52 re/_trace.py:47 close.started
DEBUG 2026-07-19 23:40:52 re/_trace.py:47 close.complete
DEBUG 2026-07-19 23:40:53 re/_trace.py:47 close.started
DEBUG 2026-07-19 23:40:53 re/_trace.py:47 close.complete
DEBUG 2026-07-19 23:50:25 re/_trace.py:47 close.started
DEBUG 2026-07-19 23:50:25 re/_trace.py:47 close.complete
DEBUG 2026-07-19 23:50:25 re/_trace.py:47 close.started
DEBUG 2026-07-19 23:50:25 re/_trace.py:47 close.complete
DEBUG 2026-07-19 23:50:26 re/_trace.py:47 close.started
DEBUG 2026-07-19 23:50:26 re/_trace.py:47 close.complete
DEBUG 2026-07-19 23:50:26 re/_trace.py:47 close.started
DEBUG 2026-07-19 23:50:26 re/_trace.py:47 close.complete
DEBUG 2026-07-19 23:50:26 re/_trace.py:47 close.started
DEBUG 2026-07-19 23:50:26 re/_trace.py:47 close.complete
DEBUG 2026-07-19 23:50:26 re/_trace.py:47 close.started
DEBUG 2026-07-19 23:50:26 re/_trace.py:47 close.complete
DEBUG 2026-07-19 23:50:26 re/_trace.py:47 close.started
DEBUG 2026-07-19 23:50:26 re/_trace.py:47 close.complete
DEBUG 2026-07-19 23:50:26 re/_trace.py:47 close.started
DEBUG 2026-07-19 23:50:26 re/_trace.py:47 close.complete
DEBUG 2026-07-19 23:50:26 re/_trace.py:47 close.started
DEBUG 2026-07-19 23:50:26 re/_trace.py:47 close.complete
DEBUG 2026-07-19 23:50:26 re/_trace.py:47 close.started
DEBUG 2026-07-19 23:50:26 re/_trace.py:47 close.complete
INFO 2026-07-19 23:53:20 ot_train.py:459 step:15K smpl:7M ep:5K epch:91.78 loss:0.005 grdn:0.059 lr:5.1e-05 updt_s:3.377 data_s:0.361
DEBUG 2026-07-20 00:00:00 re/_trace.py:47 close.started
DEBUG 2026-07-20 00:00:00 re/_trace.py:47 close.complete
DEBUG 2026-07-20 00:00:00 re/_trace.py:47 close.started
DEBUG 2026-07-20 00:00:00 re/_trace.py:47 close.complete
DEBUG 2026-07-20 00:00:00 re/_trace.py:47 close.started
DEBUG 2026-07-20 00:00:00 re/_trace.py:47 close.complete
DEBUG 2026-07-20 00:00:00 re/_trace.py:47 close.started
DEBUG 2026-07-20 00:00:00 re/_trace.py:47 close.complete
DEBUG 2026-07-20 00:00:00 re/_trace.py:47 close.started
DEBUG 2026-07-20 00:00:00 re/_trace.py:47 close.complete
DEBUG 2026-07-20 00:00:00 re/_trace.py:47 close.started
DEBUG 2026-07-20 00:00:00 re/_trace.py:47 close.complete
DEBUG 2026-07-20 00:00:00 re/_trace.py:47 close.started
DEBUG 2026-07-20 00:00:00 re/_trace.py:47 close.complete
DEBUG 2026-07-20 00:00:00 re/_trace.py:47 close.started
DEBUG 2026-07-20 00:00:00 re/_trace.py:47 close.complete
DEBUG 2026-07-20 00:00:00 re/_trace.py:47 close.started
DEBUG 2026-07-20 00:00:00 re/_trace.py:47 close.complete
DEBUG 2026-07-20 00:00:01 re/_trace.py:47 close.started
DEBUG 2026-07-20 00:00:01 re/_trace.py:47 close.complete
INFO 2026-07-20 00:05:08 ot_train.py:459 step:15K smpl:7M ep:5K epch:93.03 loss:0.005 grdn:0.061 lr:5.0e-05 updt_s:3.325 data_s:0.210
DEBUG 2026-07-20 00:09:33 re/_trace.py:47 close.started
DEBUG 2026-07-20 00:09:33 re/_trace.py:47 close.complete
DEBUG 2026-07-20 00:09:34 re/_trace.py:47 close.started
DEBUG 2026-07-20 00:09:34 re/_trace.py:47 close.complete
DEBUG 2026-07-20 00:09:34 re/_trace.py:47 close.started
DEBUG 2026-07-20 00:09:34 re/_trace.py:47 close.complete
DEBUG 2026-07-20 00:09:34 re/_trace.py:47 close.started
DEBUG 2026-07-20 00:09:34 re/_trace.py:47 close.complete
DEBUG 2026-07-20 00:09:34 re/_trace.py:47 close.started
DEBUG 2026-07-20 00:09:34 re/_trace.py:47 close.complete
DEBUG 2026-07-20 00:09:34 re/_trace.py:47 close.started
DEBUG 2026-07-20 00:09:34 re/_trace.py:47 close.complete
DEBUG 2026-07-20 00:09:34 re/_trace.py:47 close.started
DEBUG 2026-07-20 00:09:34 re/_trace.py:47 close.complete
DEBUG 2026-07-20 00:09:34 re/_trace.py:47 close.started
DEBUG 2026-07-20 00:09:34 re/_trace.py:47 close.complete
DEBUG 2026-07-20 00:09:34 re/_trace.py:47 close.started
DEBUG 2026-07-20 00:09:34 re/_trace.py:47 close.complete
DEBUG 2026-07-20 00:09:34 re/_trace.py:47 close.started
DEBUG 2026-07-20 00:09:34 re/_trace.py:47 close.complete
INFO 2026-07-20 00:16:56 ot_train.py:459 step:15K smpl:7M ep:5K epch:94.29 loss:0.005 grdn:0.059 lr:4.9e-05 updt_s:3.317 data_s:0.219
INFO 2026-07-20 00:16:56 ot_train.py:479 Checkpoint policy after step 15000
DEBUG 2026-07-20 00:19:28 re/_trace.py:47 close.started
DEBUG 2026-07-20 00:19:28 re/_trace.py:47 close.complete
DEBUG 2026-07-20 00:19:28 re/_trace.py:47 close.started
DEBUG 2026-07-20 00:19:28 re/_trace.py:47 close.complete
DEBUG 2026-07-20 00:19:28 re/_trace.py:47 close.started
DEBUG 2026-07-20 00:19:28 re/_trace.py:47 close.complete
DEBUG 2026-07-20 00:19:29 re/_trace.py:47 close.started
DEBUG 2026-07-20 00:19:29 re/_trace.py:47 close.complete
DEBUG 2026-07-20 00:19:29 re/_trace.py:47 close.started
DEBUG 2026-07-20 00:19:29 re/_trace.py:47 close.complete
DEBUG 2026-07-20 00:19:29 re/_trace.py:47 close.started
DEBUG 2026-07-20 00:19:29 re/_trace.py:47 close.complete
DEBUG 2026-07-20 00:19:29 re/_trace.py:47 close.started
DEBUG 2026-07-20 00:19:29 re/_trace.py:47 close.complete
DEBUG 2026-07-20 00:19:29 re/_trace.py:47 close.started
DEBUG 2026-07-20 00:19:29 re/_trace.py:47 close.complete
DEBUG 2026-07-20 00:19:29 re/_trace.py:47 close.started
DEBUG 2026-07-20 00:19:29 re/_trace.py:47 close.complete
DEBUG 2026-07-20 00:19:29 re/_trace.py:47 close.started
DEBUG 2026-07-20 00:19:29 re/_trace.py:47 close.complete
INFO 2026-07-20 00:29:02 ot_train.py:459 step:15K smpl:7M ep:5K epch:95.55 loss:0.004 grdn:0.058 lr:4.8e-05 updt_s:3.319 data_s:0.209
DEBUG 2026-07-20 00:29:02 re/_trace.py:47 close.started
DEBUG 2026-07-20 00:29:02 re/_trace.py:47 close.complete
DEBUG 2026-07-20 00:29:02 re/_trace.py:47 close.started
DEBUG 2026-07-20 00:29:02 re/_trace.py:47 close.complete
DEBUG 2026-07-20 00:29:03 re/_trace.py:47 close.started
DEBUG 2026-07-20 00:29:03 re/_trace.py:47 close.complete
DEBUG 2026-07-20 00:29:03 re/_trace.py:47 close.started
DEBUG 2026-07-20 00:29:03 re/_trace.py:47 close.complete
DEBUG 2026-07-20 00:29:03 re/_trace.py:47 close.started
DEBUG 2026-07-20 00:29:03 re/_trace.py:47 close.complete
DEBUG 2026-07-20 00:29:03 re/_trace.py:47 close.started
DEBUG 2026-07-20 00:29:03 re/_trace.py:47 close.complete
DEBUG 2026-07-20 00:29:03 re/_trace.py:47 close.started
DEBUG 2026-07-20 00:29:03 re/_trace.py:47 close.complete
DEBUG 2026-07-20 00:29:03 re/_trace.py:47 close.started
DEBUG 2026-07-20 00:29:03 re/_trace.py:47 close.complete
DEBUG 2026-07-20 00:29:03 re/_trace.py:47 close.started
DEBUG 2026-07-20 00:29:03 re/_trace.py:47 close.complete
DEBUG 2026-07-20 00:29:03 re/_trace.py:47 close.started
DEBUG 2026-07-20 00:29:03 re/_trace.py:47 close.complete
DEBUG 2026-07-20 00:38:38 re/_trace.py:47 close.started
DEBUG 2026-07-20 00:38:38 re/_trace.py:47 close.complete
DEBUG 2026-07-20 00:38:38 re/_trace.py:47 close.started
DEBUG 2026-07-20 00:38:38 re/_trace.py:47 close.complete
DEBUG 2026-07-20 00:38:38 re/_trace.py:47 close.started
DEBUG 2026-07-20 00:38:38 re/_trace.py:47 close.complete
DEBUG 2026-07-20 00:38:38 re/_trace.py:47 close.started
DEBUG 2026-07-20 00:38:38 re/_trace.py:47 close.complete
DEBUG 2026-07-20 00:38:38 re/_trace.py:47 close.started
DEBUG 2026-07-20 00:38:38 re/_trace.py:47 close.complete
DEBUG 2026-07-20 00:38:38 re/_trace.py:47 close.started
DEBUG 2026-07-20 00:38:38 re/_trace.py:47 close.complete
DEBUG 2026-07-20 00:38:38 re/_trace.py:47 close.started
DEBUG 2026-07-20 00:38:38 re/_trace.py:47 close.complete
DEBUG 2026-07-20 00:38:39 re/_trace.py:47 close.started
DEBUG 2026-07-20 00:38:39 re/_trace.py:47 close.complete
DEBUG 2026-07-20 00:38:39 re/_trace.py:47 close.started
DEBUG 2026-07-20 00:38:39 re/_trace.py:47 close.complete
DEBUG 2026-07-20 00:38:39 re/_trace.py:47 close.started
DEBUG 2026-07-20 00:38:39 re/_trace.py:47 close.complete
INFO 2026-07-20 00:41:32 ot_train.py:459 step:15K smpl:7M ep:5K epch:96.81 loss:0.004 grdn:0.058 lr:4.7e-05 updt_s:3.386 data_s:0.362
DEBUG 2026-07-20 00:48:11 re/_trace.py:47 close.started
DEBUG 2026-07-20 00:48:11 re/_trace.py:47 close.complete
DEBUG 2026-07-20 00:48:11 re/_trace.py:47 close.started
DEBUG 2026-07-20 00:48:11 re/_trace.py:47 close.complete
DEBUG 2026-07-20 00:48:11 re/_trace.py:47 close.started
DEBUG 2026-07-20 00:48:11 re/_trace.py:47 close.complete
DEBUG 2026-07-20 00:48:11 re/_trace.py:47 close.started
DEBUG 2026-07-20 00:48:11 re/_trace.py:47 close.complete
DEBUG 2026-07-20 00:48:11 re/_trace.py:47 close.started
DEBUG 2026-07-20 00:48:11 re/_trace.py:47 close.complete
DEBUG 2026-07-20 00:48:11 re/_trace.py:47 close.started
DEBUG 2026-07-20 00:48:11 re/_trace.py:47 close.complete
DEBUG 2026-07-20 00:48:11 re/_trace.py:47 close.started
DEBUG 2026-07-20 00:48:11 re/_trace.py:47 close.complete
DEBUG 2026-07-20 00:48:11 re/_trace.py:47 close.started
DEBUG 2026-07-20 00:48:11 re/_trace.py:47 close.complete
DEBUG 2026-07-20 00:48:12 re/_trace.py:47 close.started
DEBUG 2026-07-20 00:48:12 re/_trace.py:47 close.complete
DEBUG 2026-07-20 00:48:12 re/_trace.py:47 close.started
DEBUG 2026-07-20 00:48:12 re/_trace.py:47 close.complete
INFO 2026-07-20 00:53:19 ot_train.py:459 step:16K smpl:7M ep:5K epch:98.06 loss:0.004 grdn:0.058 lr:4.6e-05 updt_s:3.332 data_s:0.198
DEBUG 2026-07-20 00:57:46 re/_trace.py:47 close.started
DEBUG 2026-07-20 00:57:46 re/_trace.py:47 close.complete
DEBUG 2026-07-20 00:57:46 re/_trace.py:47 close.started
DEBUG 2026-07-20 00:57:46 re/_trace.py:47 close.complete
DEBUG 2026-07-20 00:57:46 re/_trace.py:47 close.started
DEBUG 2026-07-20 00:57:46 re/_trace.py:47 close.complete
DEBUG 2026-07-20 00:57:46 re/_trace.py:47 close.started
DEBUG 2026-07-20 00:57:46 re/_trace.py:47 close.complete
DEBUG 2026-07-20 00:57:46 re/_trace.py:47 close.started
DEBUG 2026-07-20 00:57:46 re/_trace.py:47 close.complete
DEBUG 2026-07-20 00:57:47 re/_trace.py:47 close.started
DEBUG 2026-07-20 00:57:47 re/_trace.py:47 close.complete
DEBUG 2026-07-20 00:57:47 re/_trace.py:47 close.started
DEBUG 2026-07-20 00:57:47 re/_trace.py:47 close.complete
DEBUG 2026-07-20 00:57:47 re/_trace.py:47 close.started
DEBUG 2026-07-20 00:57:47 re/_trace.py:47 close.complete
DEBUG 2026-07-20 00:57:47 re/_trace.py:47 close.started
DEBUG 2026-07-20 00:57:47 re/_trace.py:47 close.complete
DEBUG 2026-07-20 00:57:47 re/_trace.py:47 close.started
DEBUG 2026-07-20 00:57:47 re/_trace.py:47 close.complete
INFO 2026-07-20 01:05:10 ot_train.py:459 step:16K smpl:7M ep:5K epch:99.32 loss:0.004 grdn:0.060 lr:4.5e-05 updt_s:3.330 data_s:0.220
DEBUG 2026-07-20 01:07:23 re/_trace.py:47 close.started
DEBUG 2026-07-20 01:07:23 re/_trace.py:47 close.complete
DEBUG 2026-07-20 01:07:23 re/_trace.py:47 close.started
DEBUG 2026-07-20 01:07:23 re/_trace.py:47 close.complete
DEBUG 2026-07-20 01:07:23 re/_trace.py:47 close.started
DEBUG 2026-07-20 01:07:23 re/_trace.py:47 close.complete
DEBUG 2026-07-20 01:07:23 re/_trace.py:47 close.started
DEBUG 2026-07-20 01:07:23 re/_trace.py:47 close.complete
DEBUG 2026-07-20 01:07:23 re/_trace.py:47 close.started
DEBUG 2026-07-20 01:07:23 re/_trace.py:47 close.complete
DEBUG 2026-07-20 01:07:23 re/_trace.py:47 close.started
DEBUG 2026-07-20 01:07:23 re/_trace.py:47 close.complete
DEBUG 2026-07-20 01:07:24 re/_trace.py:47 close.started
DEBUG 2026-07-20 01:07:24 re/_trace.py:47 close.complete
DEBUG 2026-07-20 01:07:24 re/_trace.py:47 close.started
DEBUG 2026-07-20 01:07:24 re/_trace.py:47 close.complete
DEBUG 2026-07-20 01:07:24 re/_trace.py:47 close.started
DEBUG 2026-07-20 01:07:24 re/_trace.py:47 close.complete
DEBUG 2026-07-20 01:07:24 re/_trace.py:47 close.started
DEBUG 2026-07-20 01:07:24 re/_trace.py:47 close.complete
INFO 2026-07-20 01:16:56 ot_train.py:459 step:16K smpl:7M ep:5K epch:100.58 loss:0.004 grdn:0.057 lr:4.4e-05 updt_s:3.324 data_s:0.205
DEBUG 2026-07-20 01:16:57 re/_trace.py:47 close.started
DEBUG 2026-07-20 01:16:57 re/_trace.py:47 close.complete
DEBUG 2026-07-20 01:16:57 re/_trace.py:47 close.started
DEBUG 2026-07-20 01:16:57 re/_trace.py:47 close.complete
DEBUG 2026-07-20 01:16:57 re/_trace.py:47 close.started
DEBUG 2026-07-20 01:16:57 re/_trace.py:47 close.complete
DEBUG 2026-07-20 01:16:57 re/_trace.py:47 close.started
DEBUG 2026-07-20 01:16:57 re/_trace.py:47 close.complete
DEBUG 2026-07-20 01:16:57 re/_trace.py:47 close.started
DEBUG 2026-07-20 01:16:57 re/_trace.py:47 close.complete
DEBUG 2026-07-20 01:16:57 re/_trace.py:47 close.started
DEBUG 2026-07-20 01:16:57 re/_trace.py:47 close.complete
DEBUG 2026-07-20 01:16:57 re/_trace.py:47 close.started
DEBUG 2026-07-20 01:16:57 re/_trace.py:47 close.complete
DEBUG 2026-07-20 01:16:57 re/_trace.py:47 close.started
DEBUG 2026-07-20 01:16:57 re/_trace.py:47 close.complete
DEBUG 2026-07-20 01:16:58 re/_trace.py:47 close.started
DEBUG 2026-07-20 01:16:58 re/_trace.py:47 close.complete
DEBUG 2026-07-20 01:16:58 re/_trace.py:47 close.started
DEBUG 2026-07-20 01:16:58 re/_trace.py:47 close.complete
DEBUG 2026-07-20 01:26:31 re/_trace.py:47 close.started
DEBUG 2026-07-20 01:26:31 re/_trace.py:47 close.complete
DEBUG 2026-07-20 01:26:31 re/_trace.py:47 close.started
DEBUG 2026-07-20 01:26:31 re/_trace.py:47 close.complete
DEBUG 2026-07-20 01:26:31 re/_trace.py:47 close.started
DEBUG 2026-07-20 01:26:31 re/_trace.py:47 close.complete
DEBUG 2026-07-20 01:26:31 re/_trace.py:47 close.started
DEBUG 2026-07-20 01:26:31 re/_trace.py:47 close.complete
DEBUG 2026-07-20 01:26:31 re/_trace.py:47 close.started
DEBUG 2026-07-20 01:26:31 re/_trace.py:47 close.complete
DEBUG 2026-07-20 01:26:31 re/_trace.py:47 close.started
DEBUG 2026-07-20 01:26:31 re/_trace.py:47 close.complete
DEBUG 2026-07-20 01:26:31 re/_trace.py:47 close.started
DEBUG 2026-07-20 01:26:31 re/_trace.py:47 close.complete
DEBUG 2026-07-20 01:26:32 re/_trace.py:47 close.started
DEBUG 2026-07-20 01:26:32 re/_trace.py:47 close.complete
DEBUG 2026-07-20 01:26:32 re/_trace.py:47 close.started
DEBUG 2026-07-20 01:26:32 re/_trace.py:47 close.complete
DEBUG 2026-07-20 01:26:32 re/_trace.py:47 close.started
DEBUG 2026-07-20 01:26:32 re/_trace.py:47 close.complete
INFO 2026-07-20 01:29:24 ot_train.py:459 step:16K smpl:7M ep:5K epch:101.83 loss:0.004 grdn:0.055 lr:4.3e-05 updt_s:3.363 data_s:0.373
DEBUG 2026-07-20 01:36:07 re/_trace.py:47 close.started
DEBUG 2026-07-20 01:36:07 re/_trace.py:47 close.complete
DEBUG 2026-07-20 01:36:07 re/_trace.py:47 close.started
DEBUG 2026-07-20 01:36:07 re/_trace.py:47 close.complete
DEBUG 2026-07-20 01:36:08 re/_trace.py:47 close.started
DEBUG 2026-07-20 01:36:08 re/_trace.py:47 close.complete
DEBUG 2026-07-20 01:36:08 re/_trace.py:47 close.started
DEBUG 2026-07-20 01:36:08 re/_trace.py:47 close.complete
DEBUG 2026-07-20 01:36:08 re/_trace.py:47 close.started
DEBUG 2026-07-20 01:36:08 re/_trace.py:47 close.complete
DEBUG 2026-07-20 01:36:08 re/_trace.py:47 close.started
DEBUG 2026-07-20 01:36:08 re/_trace.py:47 close.complete
DEBUG 2026-07-20 01:36:08 re/_trace.py:47 close.started
DEBUG 2026-07-20 01:36:08 re/_trace.py:47 close.complete
DEBUG 2026-07-20 01:36:08 re/_trace.py:47 close.started
DEBUG 2026-07-20 01:36:08 re/_trace.py:47 close.complete
DEBUG 2026-07-20 01:36:08 re/_trace.py:47 close.started
DEBUG 2026-07-20 01:36:08 re/_trace.py:47 close.complete
DEBUG 2026-07-20 01:36:08 re/_trace.py:47 close.started
DEBUG 2026-07-20 01:36:08 re/_trace.py:47 close.complete
INFO 2026-07-20 01:41:16 ot_train.py:459 step:16K smpl:7M ep:5K epch:103.09 loss:0.004 grdn:0.056 lr:4.2e-05 updt_s:3.337 data_s:0.215
DEBUG 2026-07-20 01:45:43 re/_trace.py:47 close.started
DEBUG 2026-07-20 01:45:43 re/_trace.py:47 close.complete
DEBUG 2026-07-20 01:45:43 re/_trace.py:47 close.started
DEBUG 2026-07-20 01:45:43 re/_trace.py:47 close.complete
DEBUG 2026-07-20 01:45:43 re/_trace.py:47 close.started
DEBUG 2026-07-20 01:45:43 re/_trace.py:47 close.complete
DEBUG 2026-07-20 01:45:43 re/_trace.py:47 close.started
DEBUG 2026-07-20 01:45:43 re/_trace.py:47 close.complete
DEBUG 2026-07-20 01:45:43 re/_trace.py:47 close.started
DEBUG 2026-07-20 01:45:43 re/_trace.py:47 close.complete
DEBUG 2026-07-20 01:45:43 re/_trace.py:47 close.started
DEBUG 2026-07-20 01:45:43 re/_trace.py:47 close.complete
DEBUG 2026-07-20 01:45:44 re/_trace.py:47 close.started
DEBUG 2026-07-20 01:45:44 re/_trace.py:47 close.complete
DEBUG 2026-07-20 01:45:44 re/_trace.py:47 close.started
DEBUG 2026-07-20 01:45:44 re/_trace.py:47 close.complete
DEBUG 2026-07-20 01:45:44 re/_trace.py:47 close.started
DEBUG 2026-07-20 01:45:44 re/_trace.py:47 close.complete
DEBUG 2026-07-20 01:45:44 re/_trace.py:47 close.started
DEBUG 2026-07-20 01:45:44 re/_trace.py:47 close.complete
INFO 2026-07-20 01:53:04 ot_train.py:459 step:17K smpl:8M ep:5K epch:104.35 loss:0.004 grdn:0.058 lr:4.1e-05 updt_s:3.306 data_s:0.232
DEBUG 2026-07-20 01:55:16 re/_trace.py:47 close.started
DEBUG 2026-07-20 01:55:16 re/_trace.py:47 close.complete
DEBUG 2026-07-20 01:55:16 re/_trace.py:47 close.started
DEBUG 2026-07-20 01:55:16 re/_trace.py:47 close.complete
DEBUG 2026-07-20 01:55:16 re/_trace.py:47 close.started
DEBUG 2026-07-20 01:55:16 re/_trace.py:47 close.complete
DEBUG 2026-07-20 01:55:16 re/_trace.py:47 close.started
DEBUG 2026-07-20 01:55:16 re/_trace.py:47 close.complete
DEBUG 2026-07-20 01:55:16 re/_trace.py:47 close.started
DEBUG 2026-07-20 01:55:16 re/_trace.py:47 close.complete
DEBUG 2026-07-20 01:55:16 re/_trace.py:47 close.started
DEBUG 2026-07-20 01:55:16 re/_trace.py:47 close.complete
DEBUG 2026-07-20 01:55:17 re/_trace.py:47 close.started
DEBUG 2026-07-20 01:55:17 re/_trace.py:47 close.complete
DEBUG 2026-07-20 01:55:17 re/_trace.py:47 close.started
DEBUG 2026-07-20 01:55:17 re/_trace.py:47 close.complete
DEBUG 2026-07-20 01:55:17 re/_trace.py:47 close.started
DEBUG 2026-07-20 01:55:17 re/_trace.py:47 close.complete
DEBUG 2026-07-20 01:55:17 re/_trace.py:47 close.started
DEBUG 2026-07-20 01:55:17 re/_trace.py:47 close.complete
INFO 2026-07-20 02:04:49 ot_train.py:459 step:17K smpl:8M ep:5K epch:105.61 loss:0.004 grdn:0.057 lr:4.0e-05 updt_s:3.292 data_s:0.229
DEBUG 2026-07-20 02:04:49 re/_trace.py:47 close.started
DEBUG 2026-07-20 02:04:49 re/_trace.py:47 close.complete
DEBUG 2026-07-20 02:04:49 re/_trace.py:47 close.started
DEBUG 2026-07-20 02:04:49 re/_trace.py:47 close.complete
DEBUG 2026-07-20 02:04:49 re/_trace.py:47 close.started
DEBUG 2026-07-20 02:04:49 re/_trace.py:47 close.complete
DEBUG 2026-07-20 02:04:49 re/_trace.py:47 close.started
DEBUG 2026-07-20 02:04:49 re/_trace.py:47 close.complete
DEBUG 2026-07-20 02:04:50 re/_trace.py:47 close.started
DEBUG 2026-07-20 02:04:50 re/_trace.py:47 close.complete
DEBUG 2026-07-20 02:04:50 re/_trace.py:47 close.started
DEBUG 2026-07-20 02:04:50 re/_trace.py:47 close.complete
DEBUG 2026-07-20 02:04:50 re/_trace.py:47 close.started
DEBUG 2026-07-20 02:04:50 re/_trace.py:47 close.complete
DEBUG 2026-07-20 02:04:50 re/_trace.py:47 close.started
DEBUG 2026-07-20 02:04:50 re/_trace.py:47 close.complete
DEBUG 2026-07-20 02:04:50 re/_trace.py:47 close.started
DEBUG 2026-07-20 02:04:50 re/_trace.py:47 close.complete
DEBUG 2026-07-20 02:04:50 re/_trace.py:47 close.started
DEBUG 2026-07-20 02:04:50 re/_trace.py:47 close.complete
DEBUG 2026-07-20 02:14:22 re/_trace.py:47 close.started
DEBUG 2026-07-20 02:14:22 re/_trace.py:47 close.complete
DEBUG 2026-07-20 02:14:22 re/_trace.py:47 close.started
DEBUG 2026-07-20 02:14:22 re/_trace.py:47 close.complete
DEBUG 2026-07-20 02:14:22 re/_trace.py:47 close.started
DEBUG 2026-07-20 02:14:22 re/_trace.py:47 close.complete
DEBUG 2026-07-20 02:14:23 re/_trace.py:47 close.started
DEBUG 2026-07-20 02:14:23 re/_trace.py:47 close.complete
DEBUG 2026-07-20 02:14:23 re/_trace.py:47 close.started
DEBUG 2026-07-20 02:14:23 re/_trace.py:47 close.complete
DEBUG 2026-07-20 02:14:23 re/_trace.py:47 close.started
DEBUG 2026-07-20 02:14:23 re/_trace.py:47 close.complete
DEBUG 2026-07-20 02:14:23 re/_trace.py:47 close.started
DEBUG 2026-07-20 02:14:23 re/_trace.py:47 close.complete
DEBUG 2026-07-20 02:14:23 re/_trace.py:47 close.started
DEBUG 2026-07-20 02:14:23 re/_trace.py:47 close.complete
DEBUG 2026-07-20 02:14:23 re/_trace.py:47 close.started
DEBUG 2026-07-20 02:14:23 re/_trace.py:47 close.complete
DEBUG 2026-07-20 02:14:23 re/_trace.py:47 close.started
DEBUG 2026-07-20 02:14:23 re/_trace.py:47 close.complete
INFO 2026-07-20 02:17:16 ot_train.py:459 step:17K smpl:8M ep:5K epch:106.86 loss:0.004 grdn:0.054 lr:3.9e-05 updt_s:3.349 data_s:0.382
DEBUG 2026-07-20 02:23:57 re/_trace.py:47 close.started
DEBUG 2026-07-20 02:23:57 re/_trace.py:47 close.complete
DEBUG 2026-07-20 02:23:57 re/_trace.py:47 close.started
DEBUG 2026-07-20 02:23:57 re/_trace.py:47 close.complete
DEBUG 2026-07-20 02:23:57 re/_trace.py:47 close.started
DEBUG 2026-07-20 02:23:57 re/_trace.py:47 close.complete
DEBUG 2026-07-20 02:23:57 re/_trace.py:47 close.started
DEBUG 2026-07-20 02:23:57 re/_trace.py:47 close.complete
DEBUG 2026-07-20 02:23:57 re/_trace.py:47 close.started
DEBUG 2026-07-20 02:23:57 re/_trace.py:47 close.complete
DEBUG 2026-07-20 02:23:58 re/_trace.py:47 close.started
DEBUG 2026-07-20 02:23:58 re/_trace.py:47 close.complete
DEBUG 2026-07-20 02:23:58 re/_trace.py:47 close.started
DEBUG 2026-07-20 02:23:58 re/_trace.py:47 close.complete
DEBUG 2026-07-20 02:23:58 re/_trace.py:47 close.started
DEBUG 2026-07-20 02:23:58 re/_trace.py:47 close.complete
DEBUG 2026-07-20 02:23:58 re/_trace.py:47 close.started
DEBUG 2026-07-20 02:23:58 re/_trace.py:47 close.complete
DEBUG 2026-07-20 02:23:58 re/_trace.py:47 close.started
DEBUG 2026-07-20 02:23:58 re/_trace.py:47 close.complete
INFO 2026-07-20 02:29:05 ot_train.py:459 step:17K smpl:8M ep:5K epch:108.12 loss:0.004 grdn:0.059 lr:3.8e-05 updt_s:3.350 data_s:0.194
DEBUG 2026-07-20 02:33:32 re/_trace.py:47 close.started
DEBUG 2026-07-20 02:33:32 re/_trace.py:47 close.complete
DEBUG 2026-07-20 02:33:32 re/_trace.py:47 close.started
DEBUG 2026-07-20 02:33:32 re/_trace.py:47 close.complete
DEBUG 2026-07-20 02:33:33 re/_trace.py:47 close.started
DEBUG 2026-07-20 02:33:33 re/_trace.py:47 close.complete
DEBUG 2026-07-20 02:33:33 re/_trace.py:47 close.started
DEBUG 2026-07-20 02:33:33 re/_trace.py:47 close.complete
DEBUG 2026-07-20 02:33:33 re/_trace.py:47 close.started
DEBUG 2026-07-20 02:33:33 re/_trace.py:47 close.complete
DEBUG 2026-07-20 02:33:33 re/_trace.py:47 close.started
DEBUG 2026-07-20 02:33:33 re/_trace.py:47 close.complete
DEBUG 2026-07-20 02:33:33 re/_trace.py:47 close.started
DEBUG 2026-07-20 02:33:33 re/_trace.py:47 close.complete
DEBUG 2026-07-20 02:33:33 re/_trace.py:47 close.started
DEBUG 2026-07-20 02:33:33 re/_trace.py:47 close.complete
DEBUG 2026-07-20 02:33:33 re/_trace.py:47 close.started
DEBUG 2026-07-20 02:33:33 re/_trace.py:47 close.complete
DEBUG 2026-07-20 02:33:33 re/_trace.py:47 close.started
DEBUG 2026-07-20 02:33:33 re/_trace.py:47 close.complete
INFO 2026-07-20 02:40:55 ot_train.py:459 step:17K smpl:8M ep:5K epch:109.38 loss:0.004 grdn:0.055 lr:3.7e-05 updt_s:3.336 data_s:0.211
DEBUG 2026-07-20 02:43:07 re/_trace.py:47 close.started
DEBUG 2026-07-20 02:43:07 re/_trace.py:47 close.complete
DEBUG 2026-07-20 02:43:07 re/_trace.py:47 close.started
DEBUG 2026-07-20 02:43:07 re/_trace.py:47 close.complete
DEBUG 2026-07-20 02:43:07 re/_trace.py:47 close.started
DEBUG 2026-07-20 02:43:07 re/_trace.py:47 close.complete
DEBUG 2026-07-20 02:43:08 re/_trace.py:47 close.started
DEBUG 2026-07-20 02:43:08 re/_trace.py:47 close.complete
DEBUG 2026-07-20 02:43:08 re/_trace.py:47 close.started
DEBUG 2026-07-20 02:43:08 re/_trace.py:47 close.complete
DEBUG 2026-07-20 02:43:08 re/_trace.py:47 close.started
DEBUG 2026-07-20 02:43:08 re/_trace.py:47 close.complete
DEBUG 2026-07-20 02:43:08 re/_trace.py:47 close.started
DEBUG 2026-07-20 02:43:08 re/_trace.py:47 close.complete
DEBUG 2026-07-20 02:43:08 re/_trace.py:47 close.started
DEBUG 2026-07-20 02:43:08 re/_trace.py:47 close.complete
DEBUG 2026-07-20 02:43:08 re/_trace.py:47 close.started
DEBUG 2026-07-20 02:43:08 re/_trace.py:47 close.complete
DEBUG 2026-07-20 02:43:08 re/_trace.py:47 close.started
DEBUG 2026-07-20 02:43:08 re/_trace.py:47 close.complete
INFO 2026-07-20 02:52:40 ot_train.py:459 step:18K smpl:8M ep:6K epch:110.64 loss:0.004 grdn:0.057 lr:3.6e-05 updt_s:3.285 data_s:0.235
DEBUG 2026-07-20 02:52:40 re/_trace.py:47 close.started
DEBUG 2026-07-20 02:52:40 re/_trace.py:47 close.complete
DEBUG 2026-07-20 02:52:41 re/_trace.py:47 close.started
DEBUG 2026-07-20 02:52:41 re/_trace.py:47 close.complete
DEBUG 2026-07-20 02:52:41 re/_trace.py:47 close.started
DEBUG 2026-07-20 02:52:41 re/_trace.py:47 close.complete
DEBUG 2026-07-20 02:52:41 re/_trace.py:47 close.started
DEBUG 2026-07-20 02:52:41 re/_trace.py:47 close.complete
DEBUG 2026-07-20 02:52:41 re/_trace.py:47 close.started
DEBUG 2026-07-20 02:52:41 re/_trace.py:47 close.complete
DEBUG 2026-07-20 02:52:41 re/_trace.py:47 close.started
DEBUG 2026-07-20 02:52:41 re/_trace.py:47 close.complete
DEBUG 2026-07-20 02:52:41 re/_trace.py:47 close.started
DEBUG 2026-07-20 02:52:41 re/_trace.py:47 close.complete
DEBUG 2026-07-20 02:52:41 re/_trace.py:47 close.started
DEBUG 2026-07-20 02:52:41 re/_trace.py:47 close.complete
DEBUG 2026-07-20 02:52:41 re/_trace.py:47 close.started
DEBUG 2026-07-20 02:52:41 re/_trace.py:47 close.complete
DEBUG 2026-07-20 02:52:42 re/_trace.py:47 close.started
DEBUG 2026-07-20 02:52:42 re/_trace.py:47 close.complete
DEBUG 2026-07-20 03:02:13 re/_trace.py:47 close.started
DEBUG 2026-07-20 03:02:13 re/_trace.py:47 close.complete
DEBUG 2026-07-20 03:02:14 re/_trace.py:47 close.started
DEBUG 2026-07-20 03:02:14 re/_trace.py:47 close.complete
DEBUG 2026-07-20 03:02:14 re/_trace.py:47 close.started
DEBUG 2026-07-20 03:02:14 re/_trace.py:47 close.complete
DEBUG 2026-07-20 03:02:14 re/_trace.py:47 close.started
DEBUG 2026-07-20 03:02:14 re/_trace.py:47 close.complete
DEBUG 2026-07-20 03:02:14 re/_trace.py:47 close.started
DEBUG 2026-07-20 03:02:14 re/_trace.py:47 close.complete
DEBUG 2026-07-20 03:02:14 re/_trace.py:47 close.started
DEBUG 2026-07-20 03:02:14 re/_trace.py:47 close.complete
DEBUG 2026-07-20 03:02:14 re/_trace.py:47 close.started
DEBUG 2026-07-20 03:02:14 re/_trace.py:47 close.complete
DEBUG 2026-07-20 03:02:14 re/_trace.py:47 close.started
DEBUG 2026-07-20 03:02:14 re/_trace.py:47 close.complete
DEBUG 2026-07-20 03:02:14 re/_trace.py:47 close.started
DEBUG 2026-07-20 03:02:14 re/_trace.py:47 close.complete
DEBUG 2026-07-20 03:02:14 re/_trace.py:47 close.started
DEBUG 2026-07-20 03:02:14 re/_trace.py:47 close.complete
INFO 2026-07-20 03:05:08 ot_train.py:459 step:18K smpl:8M ep:6K epch:111.89 loss:0.003 grdn:0.055 lr:3.5e-05 updt_s:3.363 data_s:0.372
DEBUG 2026-07-20 03:11:47 re/_trace.py:47 close.started
DEBUG 2026-07-20 03:11:47 re/_trace.py:47 close.complete
DEBUG 2026-07-20 03:11:47 re/_trace.py:47 close.started
DEBUG 2026-07-20 03:11:47 re/_trace.py:47 close.complete
DEBUG 2026-07-20 03:11:47 re/_trace.py:47 close.started
DEBUG 2026-07-20 03:11:47 re/_trace.py:47 close.complete
DEBUG 2026-07-20 03:11:47 re/_trace.py:47 close.started
DEBUG 2026-07-20 03:11:47 re/_trace.py:47 close.complete
DEBUG 2026-07-20 03:11:48 re/_trace.py:47 close.started
DEBUG 2026-07-20 03:11:48 re/_trace.py:47 close.complete
DEBUG 2026-07-20 03:11:48 re/_trace.py:47 close.started
DEBUG 2026-07-20 03:11:48 re/_trace.py:47 close.complete
DEBUG 2026-07-20 03:11:48 re/_trace.py:47 close.started
DEBUG 2026-07-20 03:11:48 re/_trace.py:47 close.complete
DEBUG 2026-07-20 03:11:48 re/_trace.py:47 close.started
DEBUG 2026-07-20 03:11:48 re/_trace.py:47 close.complete
DEBUG 2026-07-20 03:11:48 re/_trace.py:47 close.started
DEBUG 2026-07-20 03:11:48 re/_trace.py:47 close.complete
DEBUG 2026-07-20 03:11:48 re/_trace.py:47 close.started
DEBUG 2026-07-20 03:11:48 re/_trace.py:47 close.complete
INFO 2026-07-20 03:16:55 ot_train.py:459 step:18K smpl:8M ep:6K epch:113.15 loss:0.004 grdn:0.055 lr:3.5e-05 updt_s:3.335 data_s:0.198
INFO 2026-07-20 03:16:55 ot_train.py:479 Checkpoint policy after step 18000
DEBUG 2026-07-20 03:21:41 re/_trace.py:47 close.started
DEBUG 2026-07-20 03:21:41 re/_trace.py:47 close.complete
DEBUG 2026-07-20 03:21:42 re/_trace.py:47 close.started
DEBUG 2026-07-20 03:21:42 re/_trace.py:47 close.complete
DEBUG 2026-07-20 03:21:42 re/_trace.py:47 close.started
DEBUG 2026-07-20 03:21:42 re/_trace.py:47 close.complete
DEBUG 2026-07-20 03:21:42 re/_trace.py:47 close.started
DEBUG 2026-07-20 03:21:42 re/_trace.py:47 close.complete
DEBUG 2026-07-20 03:21:42 re/_trace.py:47 close.started
DEBUG 2026-07-20 03:21:42 re/_trace.py:47 close.complete
DEBUG 2026-07-20 03:21:42 re/_trace.py:47 close.started
DEBUG 2026-07-20 03:21:42 re/_trace.py:47 close.complete
DEBUG 2026-07-20 03:21:42 re/_trace.py:47 close.started
DEBUG 2026-07-20 03:21:42 re/_trace.py:47 close.complete
DEBUG 2026-07-20 03:21:42 re/_trace.py:47 close.started
DEBUG 2026-07-20 03:21:42 re/_trace.py:47 close.complete
DEBUG 2026-07-20 03:21:42 re/_trace.py:47 close.started
DEBUG 2026-07-20 03:21:42 re/_trace.py:47 close.complete
DEBUG 2026-07-20 03:21:42 re/_trace.py:47 close.started
DEBUG 2026-07-20 03:21:42 re/_trace.py:47 close.complete
INFO 2026-07-20 03:29:03 ot_train.py:459 step:18K smpl:8M ep:6K epch:114.41 loss:0.004 grdn:0.055 lr:3.4e-05 updt_s:3.328 data_s:0.209
DEBUG 2026-07-20 03:31:17 re/_trace.py:47 close.started
DEBUG 2026-07-20 03:31:17 re/_trace.py:47 close.complete
DEBUG 2026-07-20 03:31:17 re/_trace.py:47 close.started
DEBUG 2026-07-20 03:31:17 re/_trace.py:47 close.complete
DEBUG 2026-07-20 03:31:17 re/_trace.py:47 close.started
DEBUG 2026-07-20 03:31:17 re/_trace.py:47 close.complete
DEBUG 2026-07-20 03:31:17 re/_trace.py:47 close.started
DEBUG 2026-07-20 03:31:17 re/_trace.py:47 close.complete
DEBUG 2026-07-20 03:31:17 re/_trace.py:47 close.started
DEBUG 2026-07-20 03:31:17 re/_trace.py:47 close.complete
DEBUG 2026-07-20 03:31:17 re/_trace.py:47 close.started
DEBUG 2026-07-20 03:31:17 re/_trace.py:47 close.complete
DEBUG 2026-07-20 03:31:17 re/_trace.py:47 close.started
DEBUG 2026-07-20 03:31:17 re/_trace.py:47 close.complete
DEBUG 2026-07-20 03:31:17 re/_trace.py:47 close.started
DEBUG 2026-07-20 03:31:17 re/_trace.py:47 close.complete
DEBUG 2026-07-20 03:31:18 re/_trace.py:47 close.started
DEBUG 2026-07-20 03:31:18 re/_trace.py:47 close.complete
DEBUG 2026-07-20 03:31:18 re/_trace.py:47 close.started
DEBUG 2026-07-20 03:31:18 re/_trace.py:47 close.complete
INFO 2026-07-20 03:40:52 ot_train.py:459 step:18K smpl:8M ep:6K epch:115.66 loss:0.004 grdn:0.053 lr:3.3e-05 updt_s:3.326 data_s:0.213
DEBUG 2026-07-20 03:40:52 re/_trace.py:47 close.started
DEBUG 2026-07-20 03:40:52 re/_trace.py:47 close.complete
DEBUG 2026-07-20 03:40:52 re/_trace.py:47 close.started
DEBUG 2026-07-20 03:40:52 re/_trace.py:47 close.complete
DEBUG 2026-07-20 03:40:52 re/_trace.py:47 close.started
DEBUG 2026-07-20 03:40:52 re/_trace.py:47 close.complete
DEBUG 2026-07-20 03:40:52 re/_trace.py:47 close.started
DEBUG 2026-07-20 03:40:52 re/_trace.py:47 close.complete
DEBUG 2026-07-20 03:40:52 re/_trace.py:47 close.started
DEBUG 2026-07-20 03:40:52 re/_trace.py:47 close.complete
DEBUG 2026-07-20 03:40:53 re/_trace.py:47 close.started
DEBUG 2026-07-20 03:40:53 re/_trace.py:47 close.complete
DEBUG 2026-07-20 03:40:53 re/_trace.py:47 close.started
DEBUG 2026-07-20 03:40:53 re/_trace.py:47 close.complete
DEBUG 2026-07-20 03:40:53 re/_trace.py:47 close.started
DEBUG 2026-07-20 03:40:53 re/_trace.py:47 close.complete
DEBUG 2026-07-20 03:40:53 re/_trace.py:47 close.started
DEBUG 2026-07-20 03:40:53 re/_trace.py:47 close.complete
DEBUG 2026-07-20 03:40:53 re/_trace.py:47 close.started
DEBUG 2026-07-20 03:40:53 re/_trace.py:47 close.complete
DEBUG 2026-07-20 03:50:28 re/_trace.py:47 close.started
DEBUG 2026-07-20 03:50:28 re/_trace.py:47 close.complete
DEBUG 2026-07-20 03:50:28 re/_trace.py:47 close.started
DEBUG 2026-07-20 03:50:28 re/_trace.py:47 close.complete
DEBUG 2026-07-20 03:50:28 re/_trace.py:47 close.started
DEBUG 2026-07-20 03:50:28 re/_trace.py:47 close.complete
DEBUG 2026-07-20 03:50:28 re/_trace.py:47 close.started
DEBUG 2026-07-20 03:50:28 re/_trace.py:47 close.complete
DEBUG 2026-07-20 03:50:28 re/_trace.py:47 close.started
DEBUG 2026-07-20 03:50:28 re/_trace.py:47 close.complete
DEBUG 2026-07-20 03:50:28 re/_trace.py:47 close.started
DEBUG 2026-07-20 03:50:28 re/_trace.py:47 close.complete
DEBUG 2026-07-20 03:50:28 re/_trace.py:47 close.started
DEBUG 2026-07-20 03:50:28 re/_trace.py:47 close.complete
DEBUG 2026-07-20 03:50:28 re/_trace.py:47 close.started
DEBUG 2026-07-20 03:50:28 re/_trace.py:47 close.complete
DEBUG 2026-07-20 03:50:28 re/_trace.py:47 close.started
DEBUG 2026-07-20 03:50:28 re/_trace.py:47 close.complete
DEBUG 2026-07-20 03:50:29 re/_trace.py:47 close.started
DEBUG 2026-07-20 03:50:29 re/_trace.py:47 close.complete
INFO 2026-07-20 03:53:21 ot_train.py:459 step:19K smpl:8M ep:6K epch:116.92 loss:0.003 grdn:0.055 lr:3.2e-05 updt_s:3.393 data_s:0.350
DEBUG 2026-07-20 04:00:02 re/_trace.py:47 close.started
DEBUG 2026-07-20 04:00:02 re/_trace.py:47 close.complete
DEBUG 2026-07-20 04:00:02 re/_trace.py:47 close.started
DEBUG 2026-07-20 04:00:02 re/_trace.py:47 close.complete
DEBUG 2026-07-20 04:00:02 re/_trace.py:47 close.started
DEBUG 2026-07-20 04:00:02 re/_trace.py:47 close.complete
DEBUG 2026-07-20 04:00:02 re/_trace.py:47 close.started
DEBUG 2026-07-20 04:00:02 re/_trace.py:47 close.complete
DEBUG 2026-07-20 04:00:02 re/_trace.py:47 close.started
DEBUG 2026-07-20 04:00:02 re/_trace.py:47 close.complete
DEBUG 2026-07-20 04:00:02 re/_trace.py:47 close.started
DEBUG 2026-07-20 04:00:02 re/_trace.py:47 close.complete
DEBUG 2026-07-20 04:00:03 re/_trace.py:47 close.started
DEBUG 2026-07-20 04:00:03 re/_trace.py:47 close.complete
DEBUG 2026-07-20 04:00:03 re/_trace.py:47 close.started
DEBUG 2026-07-20 04:00:03 re/_trace.py:47 close.complete
DEBUG 2026-07-20 04:00:03 re/_trace.py:47 close.started
DEBUG 2026-07-20 04:00:03 re/_trace.py:47 close.complete
DEBUG 2026-07-20 04:00:03 re/_trace.py:47 close.started
DEBUG 2026-07-20 04:00:03 re/_trace.py:47 close.complete
INFO 2026-07-20 04:05:10 ot_train.py:459 step:19K smpl:9M ep:6K epch:118.18 loss:0.003 grdn:0.053 lr:3.1e-05 updt_s:3.329 data_s:0.208
DEBUG 2026-07-20 04:09:35 re/_trace.py:47 close.started
DEBUG 2026-07-20 04:09:35 re/_trace.py:47 close.complete
DEBUG 2026-07-20 04:09:35 re/_trace.py:47 close.started
DEBUG 2026-07-20 04:09:35 re/_trace.py:47 close.complete
DEBUG 2026-07-20 04:09:35 re/_trace.py:47 close.started
DEBUG 2026-07-20 04:09:35 re/_trace.py:47 close.complete
DEBUG 2026-07-20 04:09:36 re/_trace.py:47 close.started
DEBUG 2026-07-20 04:09:36 re/_trace.py:47 close.complete
DEBUG 2026-07-20 04:09:36 re/_trace.py:47 close.started
DEBUG 2026-07-20 04:09:36 re/_trace.py:47 close.complete
DEBUG 2026-07-20 04:09:36 re/_trace.py:47 close.started
DEBUG 2026-07-20 04:09:36 re/_trace.py:47 close.complete
DEBUG 2026-07-20 04:09:36 re/_trace.py:47 close.started
DEBUG 2026-07-20 04:09:36 re/_trace.py:47 close.complete
DEBUG 2026-07-20 04:09:36 re/_trace.py:47 close.started
DEBUG 2026-07-20 04:09:36 re/_trace.py:47 close.complete
DEBUG 2026-07-20 04:09:36 re/_trace.py:47 close.started
DEBUG 2026-07-20 04:09:36 re/_trace.py:47 close.complete
DEBUG 2026-07-20 04:09:36 re/_trace.py:47 close.started
DEBUG 2026-07-20 04:09:36 re/_trace.py:47 close.complete
INFO 2026-07-20 04:16:56 ot_train.py:459 step:19K smpl:9M ep:6K epch:119.44 loss:0.003 grdn:0.052 lr:3.0e-05 updt_s:3.309 data_s:0.218
DEBUG 2026-07-20 04:19:08 re/_trace.py:47 close.started
DEBUG 2026-07-20 04:19:08 re/_trace.py:47 close.complete
DEBUG 2026-07-20 04:19:08 re/_trace.py:47 close.started
DEBUG 2026-07-20 04:19:08 re/_trace.py:47 close.complete
DEBUG 2026-07-20 04:19:08 re/_trace.py:47 close.started
DEBUG 2026-07-20 04:19:08 re/_trace.py:47 close.complete
DEBUG 2026-07-20 04:19:08 re/_trace.py:47 close.started
DEBUG 2026-07-20 04:19:08 re/_trace.py:47 close.complete
DEBUG 2026-07-20 04:19:09 re/_trace.py:47 close.started
DEBUG 2026-07-20 04:19:09 re/_trace.py:47 close.complete
DEBUG 2026-07-20 04:19:09 re/_trace.py:47 close.started
DEBUG 2026-07-20 04:19:09 re/_trace.py:47 close.complete
DEBUG 2026-07-20 04:19:09 re/_trace.py:47 close.started
DEBUG 2026-07-20 04:19:09 re/_trace.py:47 close.complete
DEBUG 2026-07-20 04:19:09 re/_trace.py:47 close.started
DEBUG 2026-07-20 04:19:09 re/_trace.py:47 close.complete
DEBUG 2026-07-20 04:19:09 re/_trace.py:47 close.started
DEBUG 2026-07-20 04:19:09 re/_trace.py:47 close.complete
DEBUG 2026-07-20 04:19:09 re/_trace.py:47 close.started
DEBUG 2026-07-20 04:19:09 re/_trace.py:47 close.complete
INFO 2026-07-20 04:28:42 ot_train.py:459 step:19K smpl:9M ep:6K epch:120.69 loss:0.003 grdn:0.055 lr:2.9e-05 updt_s:3.313 data_s:0.216
DEBUG 2026-07-20 04:28:42 re/_trace.py:47 close.started
DEBUG 2026-07-20 04:28:42 re/_trace.py:47 close.complete
DEBUG 2026-07-20 04:28:42 re/_trace.py:47 close.started
DEBUG 2026-07-20 04:28:42 re/_trace.py:47 close.complete
DEBUG 2026-07-20 04:28:43 re/_trace.py:47 close.started
DEBUG 2026-07-20 04:28:43 re/_trace.py:47 close.complete
DEBUG 2026-07-20 04:28:43 re/_trace.py:47 close.started
DEBUG 2026-07-20 04:28:43 re/_trace.py:47 close.complete
DEBUG 2026-07-20 04:28:43 re/_trace.py:47 close.started
DEBUG 2026-07-20 04:28:43 re/_trace.py:47 close.complete
DEBUG 2026-07-20 04:28:43 re/_trace.py:47 close.started
DEBUG 2026-07-20 04:28:43 re/_trace.py:47 close.complete
DEBUG 2026-07-20 04:28:43 re/_trace.py:47 close.started
DEBUG 2026-07-20 04:28:43 re/_trace.py:47 close.complete
DEBUG 2026-07-20 04:28:43 re/_trace.py:47 close.started
DEBUG 2026-07-20 04:28:43 re/_trace.py:47 close.complete
DEBUG 2026-07-20 04:28:43 re/_trace.py:47 close.started
DEBUG 2026-07-20 04:28:43 re/_trace.py:47 close.complete
DEBUG 2026-07-20 04:28:43 re/_trace.py:47 close.started
DEBUG 2026-07-20 04:28:43 re/_trace.py:47 close.complete
DEBUG 2026-07-20 04:38:16 re/_trace.py:47 close.started
DEBUG 2026-07-20 04:38:16 re/_trace.py:47 close.complete
DEBUG 2026-07-20 04:38:16 re/_trace.py:47 close.started
DEBUG 2026-07-20 04:38:16 re/_trace.py:47 close.complete
DEBUG 2026-07-20 04:38:16 re/_trace.py:47 close.started
DEBUG 2026-07-20 04:38:16 re/_trace.py:47 close.complete
DEBUG 2026-07-20 04:38:16 re/_trace.py:47 close.started
DEBUG 2026-07-20 04:38:16 re/_trace.py:47 close.complete
DEBUG 2026-07-20 04:38:16 re/_trace.py:47 close.started
DEBUG 2026-07-20 04:38:16 re/_trace.py:47 close.complete
DEBUG 2026-07-20 04:38:17 re/_trace.py:47 close.started
DEBUG 2026-07-20 04:38:17 re/_trace.py:47 close.complete
DEBUG 2026-07-20 04:38:17 re/_trace.py:47 close.started
DEBUG 2026-07-20 04:38:17 re/_trace.py:47 close.complete
DEBUG 2026-07-20 04:38:17 re/_trace.py:47 close.started
DEBUG 2026-07-20 04:38:17 re/_trace.py:47 close.complete
DEBUG 2026-07-20 04:38:17 re/_trace.py:47 close.started
DEBUG 2026-07-20 04:38:17 re/_trace.py:47 close.complete
DEBUG 2026-07-20 04:38:17 re/_trace.py:47 close.started
DEBUG 2026-07-20 04:38:17 re/_trace.py:47 close.complete
INFO 2026-07-20 04:41:09 ot_train.py:459 step:19K smpl:9M ep:6K epch:121.95 loss:0.003 grdn:0.052 lr:2.8e-05 updt_s:3.358 data_s:0.373
DEBUG 2026-07-20 04:47:49 re/_trace.py:47 close.started
DEBUG 2026-07-20 04:47:49 re/_trace.py:47 close.complete
DEBUG 2026-07-20 04:47:49 re/_trace.py:47 close.started
DEBUG 2026-07-20 04:47:49 re/_trace.py:47 close.complete
DEBUG 2026-07-20 04:47:49 re/_trace.py:47 close.started
DEBUG 2026-07-20 04:47:49 re/_trace.py:47 close.complete
DEBUG 2026-07-20 04:47:49 re/_trace.py:47 close.started
DEBUG 2026-07-20 04:47:49 re/_trace.py:47 close.complete
DEBUG 2026-07-20 04:47:49 re/_trace.py:47 close.started
DEBUG 2026-07-20 04:47:49 re/_trace.py:47 close.complete
DEBUG 2026-07-20 04:47:50 re/_trace.py:47 close.started
DEBUG 2026-07-20 04:47:50 re/_trace.py:47 close.complete
DEBUG 2026-07-20 04:47:50 re/_trace.py:47 close.started
DEBUG 2026-07-20 04:47:50 re/_trace.py:47 close.complete
DEBUG 2026-07-20 04:47:50 re/_trace.py:47 close.started
DEBUG 2026-07-20 04:47:50 re/_trace.py:47 close.complete
DEBUG 2026-07-20 04:47:50 re/_trace.py:47 close.started
DEBUG 2026-07-20 04:47:50 re/_trace.py:47 close.complete
DEBUG 2026-07-20 04:47:50 re/_trace.py:47 close.started
DEBUG 2026-07-20 04:47:50 re/_trace.py:47 close.complete
INFO 2026-07-20 04:52:57 ot_train.py:459 step:20K smpl:9M ep:6K epch:123.21 loss:0.003 grdn:0.050 lr:2.7e-05 updt_s:3.323 data_s:0.214
DEBUG 2026-07-20 04:57:24 re/_trace.py:47 close.started
DEBUG 2026-07-20 04:57:24 re/_trace.py:47 close.complete
DEBUG 2026-07-20 04:57:24 re/_trace.py:47 close.started
DEBUG 2026-07-20 04:57:24 re/_trace.py:47 close.complete
DEBUG 2026-07-20 04:57:24 re/_trace.py:47 close.started
DEBUG 2026-07-20 04:57:24 re/_trace.py:47 close.complete
DEBUG 2026-07-20 04:57:25 re/_trace.py:47 close.started
DEBUG 2026-07-20 04:57:25 re/_trace.py:47 close.complete
DEBUG 2026-07-20 04:57:25 re/_trace.py:47 close.started
DEBUG 2026-07-20 04:57:25 re/_trace.py:47 close.complete
DEBUG 2026-07-20 04:57:25 re/_trace.py:47 close.started
DEBUG 2026-07-20 04:57:25 re/_trace.py:47 close.complete
DEBUG 2026-07-20 04:57:25 re/_trace.py:47 close.started
DEBUG 2026-07-20 04:57:25 re/_trace.py:47 close.complete
DEBUG 2026-07-20 04:57:25 re/_trace.py:47 close.started
DEBUG 2026-07-20 04:57:25 re/_trace.py:47 close.complete
DEBUG 2026-07-20 04:57:25 re/_trace.py:47 close.started
DEBUG 2026-07-20 04:57:25 re/_trace.py:47 close.complete
DEBUG 2026-07-20 04:57:25 re/_trace.py:47 close.started
DEBUG 2026-07-20 04:57:25 re/_trace.py:47 close.complete
INFO 2026-07-20 05:04:46 ot_train.py:459 step:20K smpl:9M ep:6K epch:124.46 loss:0.003 grdn:0.051 lr:2.7e-05 updt_s:3.327 data_s:0.215
DEBUG 2026-07-20 05:06:59 re/_trace.py:47 close.started
DEBUG 2026-07-20 05:06:59 re/_trace.py:47 close.complete
DEBUG 2026-07-20 05:06:59 re/_trace.py:47 close.started
DEBUG 2026-07-20 05:06:59 re/_trace.py:47 close.complete
DEBUG 2026-07-20 05:06:59 re/_trace.py:47 close.started
DEBUG 2026-07-20 05:06:59 re/_trace.py:47 close.complete
DEBUG 2026-07-20 05:06:59 re/_trace.py:47 close.started
DEBUG 2026-07-20 05:06:59 re/_trace.py:47 close.complete
DEBUG 2026-07-20 05:06:59 re/_trace.py:47 close.started
DEBUG 2026-07-20 05:06:59 re/_trace.py:47 close.complete
DEBUG 2026-07-20 05:07:00 re/_trace.py:47 close.started
DEBUG 2026-07-20 05:07:00 re/_trace.py:47 close.complete
DEBUG 2026-07-20 05:07:00 re/_trace.py:47 close.started
DEBUG 2026-07-20 05:07:00 re/_trace.py:47 close.complete
DEBUG 2026-07-20 05:07:00 re/_trace.py:47 close.started
DEBUG 2026-07-20 05:07:00 re/_trace.py:47 close.complete
DEBUG 2026-07-20 05:07:00 re/_trace.py:47 close.started
DEBUG 2026-07-20 05:07:00 re/_trace.py:47 close.complete
DEBUG 2026-07-20 05:07:00 re/_trace.py:47 close.started
DEBUG 2026-07-20 05:07:00 re/_trace.py:47 close.complete
INFO 2026-07-20 05:16:35 ot_train.py:459 step:20K smpl:9M ep:6K epch:125.72 loss:0.003 grdn:0.056 lr:2.6e-05 updt_s:3.335 data_s:0.205
DEBUG 2026-07-20 05:16:35 re/_trace.py:47 close.started
DEBUG 2026-07-20 05:16:35 re/_trace.py:47 close.complete
DEBUG 2026-07-20 05:16:35 re/_trace.py:47 close.started
DEBUG 2026-07-20 05:16:35 re/_trace.py:47 close.complete
DEBUG 2026-07-20 05:16:35 re/_trace.py:47 close.started
DEBUG 2026-07-20 05:16:35 re/_trace.py:47 close.complete
DEBUG 2026-07-20 05:16:35 re/_trace.py:47 close.started
DEBUG 2026-07-20 05:16:35 re/_trace.py:47 close.complete
DEBUG 2026-07-20 05:16:35 re/_trace.py:47 close.started
DEBUG 2026-07-20 05:16:35 re/_trace.py:47 close.complete
DEBUG 2026-07-20 05:16:35 re/_trace.py:47 close.started
DEBUG 2026-07-20 05:16:35 re/_trace.py:47 close.complete
DEBUG 2026-07-20 05:16:35 re/_trace.py:47 close.started
DEBUG 2026-07-20 05:16:35 re/_trace.py:47 close.complete
DEBUG 2026-07-20 05:16:36 re/_trace.py:47 close.started
DEBUG 2026-07-20 05:16:36 re/_trace.py:47 close.complete
DEBUG 2026-07-20 05:16:36 re/_trace.py:47 close.started
DEBUG 2026-07-20 05:16:36 re/_trace.py:47 close.complete
DEBUG 2026-07-20 05:16:36 re/_trace.py:47 close.started
DEBUG 2026-07-20 05:16:36 re/_trace.py:47 close.complete
DEBUG 2026-07-20 05:26:08 re/_trace.py:47 close.started
DEBUG 2026-07-20 05:26:08 re/_trace.py:47 close.complete
DEBUG 2026-07-20 05:26:08 re/_trace.py:47 close.started
DEBUG 2026-07-20 05:26:08 re/_trace.py:47 close.complete
DEBUG 2026-07-20 05:26:08 re/_trace.py:47 close.started
DEBUG 2026-07-20 05:26:08 re/_trace.py:47 close.complete
DEBUG 2026-07-20 05:26:09 re/_trace.py:47 close.started
DEBUG 2026-07-20 05:26:09 re/_trace.py:47 close.complete
DEBUG 2026-07-20 05:26:09 re/_trace.py:47 close.started
DEBUG 2026-07-20 05:26:09 re/_trace.py:47 close.complete
DEBUG 2026-07-20 05:26:09 re/_trace.py:47 close.started
DEBUG 2026-07-20 05:26:09 re/_trace.py:47 close.complete
DEBUG 2026-07-20 05:26:09 re/_trace.py:47 close.started
DEBUG 2026-07-20 05:26:09 re/_trace.py:47 close.complete
DEBUG 2026-07-20 05:26:09 re/_trace.py:47 close.started
DEBUG 2026-07-20 05:26:09 re/_trace.py:47 close.complete
DEBUG 2026-07-20 05:26:09 re/_trace.py:47 close.started
DEBUG 2026-07-20 05:26:09 re/_trace.py:47 close.complete
DEBUG 2026-07-20 05:26:09 re/_trace.py:47 close.started
DEBUG 2026-07-20 05:26:09 re/_trace.py:47 close.complete
INFO 2026-07-20 05:29:05 ot_train.py:459 step:20K smpl:9M ep:6K epch:126.98 loss:0.003 grdn:0.050 lr:2.5e-05 updt_s:3.350 data_s:0.396
DEBUG 2026-07-20 05:35:44 re/_trace.py:47 close.started
DEBUG 2026-07-20 05:35:44 re/_trace.py:47 close.complete
DEBUG 2026-07-20 05:35:44 re/_trace.py:47 close.started
DEBUG 2026-07-20 05:35:44 re/_trace.py:47 close.complete
DEBUG 2026-07-20 05:35:45 re/_trace.py:47 close.started
DEBUG 2026-07-20 05:35:45 re/_trace.py:47 close.complete
DEBUG 2026-07-20 05:35:45 re/_trace.py:47 close.started
DEBUG 2026-07-20 05:35:45 re/_trace.py:47 close.complete
DEBUG 2026-07-20 05:35:45 re/_trace.py:47 close.started
DEBUG 2026-07-20 05:35:45 re/_trace.py:47 close.complete
DEBUG 2026-07-20 05:35:45 re/_trace.py:47 close.started
DEBUG 2026-07-20 05:35:45 re/_trace.py:47 close.complete
DEBUG 2026-07-20 05:35:45 re/_trace.py:47 close.started
DEBUG 2026-07-20 05:35:45 re/_trace.py:47 close.complete
DEBUG 2026-07-20 05:35:45 re/_trace.py:47 close.started
DEBUG 2026-07-20 05:35:45 re/_trace.py:47 close.complete
DEBUG 2026-07-20 05:35:45 re/_trace.py:47 close.started
DEBUG 2026-07-20 05:35:45 re/_trace.py:47 close.complete
DEBUG 2026-07-20 05:35:45 re/_trace.py:47 close.started
DEBUG 2026-07-20 05:35:45 re/_trace.py:47 close.complete
INFO 2026-07-20 05:40:52 ot_train.py:459 step:20K smpl:9M ep:6K epch:128.24 loss:0.003 grdn:0.050 lr:2.4e-05 updt_s:3.310 data_s:0.225
DEBUG 2026-07-20 05:45:20 re/_trace.py:47 close.started
DEBUG 2026-07-20 05:45:20 re/_trace.py:47 close.complete
DEBUG 2026-07-20 05:45:20 re/_trace.py:47 close.started
DEBUG 2026-07-20 05:45:20 re/_trace.py:47 close.complete
DEBUG 2026-07-20 05:45:20 re/_trace.py:47 close.started
DEBUG 2026-07-20 05:45:20 re/_trace.py:47 close.complete
DEBUG 2026-07-20 05:45:20 re/_trace.py:47 close.started
DEBUG 2026-07-20 05:45:20 re/_trace.py:47 close.complete
DEBUG 2026-07-20 05:45:20 re/_trace.py:47 close.started
DEBUG 2026-07-20 05:45:20 re/_trace.py:47 close.complete
DEBUG 2026-07-20 05:45:20 re/_trace.py:47 close.started
DEBUG 2026-07-20 05:45:20 re/_trace.py:47 close.complete
DEBUG 2026-07-20 05:45:21 re/_trace.py:47 close.started
DEBUG 2026-07-20 05:45:21 re/_trace.py:47 close.complete
DEBUG 2026-07-20 05:45:21 re/_trace.py:47 close.started
DEBUG 2026-07-20 05:45:21 re/_trace.py:47 close.complete
DEBUG 2026-07-20 05:45:21 re/_trace.py:47 close.started
DEBUG 2026-07-20 05:45:21 re/_trace.py:47 close.complete
DEBUG 2026-07-20 05:45:21 re/_trace.py:47 close.started
DEBUG 2026-07-20 05:45:21 re/_trace.py:47 close.complete
INFO 2026-07-20 05:52:43 ot_train.py:459 step:21K smpl:9M ep:6K epch:129.49 loss:0.003 grdn:0.049 lr:2.3e-05 updt_s:3.331 data_s:0.216
DEBUG 2026-07-20 05:54:55 re/_trace.py:47 close.started
DEBUG 2026-07-20 05:54:55 re/_trace.py:47 close.complete
DEBUG 2026-07-20 05:54:55 re/_trace.py:47 close.started
DEBUG 2026-07-20 05:54:55 re/_trace.py:47 close.complete
DEBUG 2026-07-20 05:54:55 re/_trace.py:47 close.started
DEBUG 2026-07-20 05:54:55 re/_trace.py:47 close.complete
DEBUG 2026-07-20 05:54:55 re/_trace.py:47 close.started
DEBUG 2026-07-20 05:54:55 re/_trace.py:47 close.complete
DEBUG 2026-07-20 05:54:55 re/_trace.py:47 close.started
DEBUG 2026-07-20 05:54:55 re/_trace.py:47 close.complete
DEBUG 2026-07-20 05:54:55 re/_trace.py:47 close.started
DEBUG 2026-07-20 05:54:55 re/_trace.py:47 close.complete
DEBUG 2026-07-20 05:54:56 re/_trace.py:47 close.started
DEBUG 2026-07-20 05:54:56 re/_trace.py:47 close.complete
DEBUG 2026-07-20 05:54:56 re/_trace.py:47 close.started
DEBUG 2026-07-20 05:54:56 re/_trace.py:47 close.complete
DEBUG 2026-07-20 05:54:56 re/_trace.py:47 close.started
DEBUG 2026-07-20 05:54:56 re/_trace.py:47 close.complete
DEBUG 2026-07-20 05:54:56 re/_trace.py:47 close.started
DEBUG 2026-07-20 05:54:56 re/_trace.py:47 close.complete
INFO 2026-07-20 06:04:26 ot_train.py:459 step:21K smpl:9M ep:7K epch:130.75 loss:0.003 grdn:0.052 lr:2.3e-05 updt_s:3.297 data_s:0.219
DEBUG 2026-07-20 06:04:27 re/_trace.py:47 close.started
DEBUG 2026-07-20 06:04:27 re/_trace.py:47 close.complete
DEBUG 2026-07-20 06:04:27 re/_trace.py:47 close.started
DEBUG 2026-07-20 06:04:27 re/_trace.py:47 close.complete
DEBUG 2026-07-20 06:04:27 re/_trace.py:47 close.started
DEBUG 2026-07-20 06:04:27 re/_trace.py:47 close.complete
DEBUG 2026-07-20 06:04:27 re/_trace.py:47 close.started
DEBUG 2026-07-20 06:04:27 re/_trace.py:47 close.complete
DEBUG 2026-07-20 06:04:27 re/_trace.py:47 close.started
DEBUG 2026-07-20 06:04:27 re/_trace.py:47 close.complete
DEBUG 2026-07-20 06:04:27 re/_trace.py:47 close.started
DEBUG 2026-07-20 06:04:27 re/_trace.py:47 close.complete
DEBUG 2026-07-20 06:04:27 re/_trace.py:47 close.started
DEBUG 2026-07-20 06:04:27 re/_trace.py:47 close.complete
DEBUG 2026-07-20 06:04:27 re/_trace.py:47 close.started
DEBUG 2026-07-20 06:04:27 re/_trace.py:47 close.complete
DEBUG 2026-07-20 06:04:27 re/_trace.py:47 close.started
DEBUG 2026-07-20 06:04:27 re/_trace.py:47 close.complete
DEBUG 2026-07-20 06:04:28 re/_trace.py:47 close.started
DEBUG 2026-07-20 06:04:28 re/_trace.py:47 close.complete
DEBUG 2026-07-20 06:14:03 re/_trace.py:47 close.started
DEBUG 2026-07-20 06:14:03 re/_trace.py:47 close.complete
DEBUG 2026-07-20 06:14:03 re/_trace.py:47 close.started
DEBUG 2026-07-20 06:14:03 re/_trace.py:47 close.complete
DEBUG 2026-07-20 06:14:03 re/_trace.py:47 close.started
DEBUG 2026-07-20 06:14:03 re/_trace.py:47 close.complete
DEBUG 2026-07-20 06:14:03 re/_trace.py:47 close.started
DEBUG 2026-07-20 06:14:03 re/_trace.py:47 close.complete
DEBUG 2026-07-20 06:14:03 re/_trace.py:47 close.started
DEBUG 2026-07-20 06:14:03 re/_trace.py:47 close.complete
DEBUG 2026-07-20 06:14:03 re/_trace.py:47 close.started
DEBUG 2026-07-20 06:14:03 re/_trace.py:47 close.complete
DEBUG 2026-07-20 06:14:03 re/_trace.py:47 close.started
DEBUG 2026-07-20 06:14:03 re/_trace.py:47 close.complete
DEBUG 2026-07-20 06:14:04 re/_trace.py:47 close.started
DEBUG 2026-07-20 06:14:04 re/_trace.py:47 close.complete
DEBUG 2026-07-20 06:14:04 re/_trace.py:47 close.started
DEBUG 2026-07-20 06:14:04 re/_trace.py:47 close.complete
DEBUG 2026-07-20 06:14:04 re/_trace.py:47 close.started
DEBUG 2026-07-20 06:14:04 re/_trace.py:47 close.complete
INFO 2026-07-20 06:16:57 ot_train.py:459 step:21K smpl:10M ep:7K epch:132.01 loss:0.003 grdn:0.049 lr:2.2e-05 updt_s:3.349 data_s:0.402
INFO 2026-07-20 06:16:57 ot_train.py:479 Checkpoint policy after step 21000
DEBUG 2026-07-20 06:23:58 re/_trace.py:47 close.started
DEBUG 2026-07-20 06:23:58 re/_trace.py:47 close.complete
DEBUG 2026-07-20 06:23:58 re/_trace.py:47 close.started
DEBUG 2026-07-20 06:23:58 re/_trace.py:47 close.complete
DEBUG 2026-07-20 06:23:58 re/_trace.py:47 close.started
DEBUG 2026-07-20 06:23:58 re/_trace.py:47 close.complete
DEBUG 2026-07-20 06:23:59 re/_trace.py:47 close.started
DEBUG 2026-07-20 06:23:59 re/_trace.py:47 close.complete
DEBUG 2026-07-20 06:23:59 re/_trace.py:47 close.started
DEBUG 2026-07-20 06:23:59 re/_trace.py:47 close.complete
DEBUG 2026-07-20 06:23:59 re/_trace.py:47 close.started
DEBUG 2026-07-20 06:23:59 re/_trace.py:47 close.complete
DEBUG 2026-07-20 06:23:59 re/_trace.py:47 close.started
DEBUG 2026-07-20 06:23:59 re/_trace.py:47 close.complete
DEBUG 2026-07-20 06:23:59 re/_trace.py:47 close.started
DEBUG 2026-07-20 06:23:59 re/_trace.py:47 close.complete
DEBUG 2026-07-20 06:23:59 re/_trace.py:47 close.started
DEBUG 2026-07-20 06:23:59 re/_trace.py:47 close.complete
DEBUG 2026-07-20 06:23:59 re/_trace.py:47 close.started
DEBUG 2026-07-20 06:23:59 re/_trace.py:47 close.complete
INFO 2026-07-20 06:29:05 ot_train.py:459 step:21K smpl:10M ep:7K epch:133.27 loss:0.003 grdn:0.049 lr:2.1e-05 updt_s:3.305 data_s:0.225
DEBUG 2026-07-20 06:33:31 re/_trace.py:47 close.started
DEBUG 2026-07-20 06:33:31 re/_trace.py:47 close.complete
DEBUG 2026-07-20 06:33:31 re/_trace.py:47 close.started
DEBUG 2026-07-20 06:33:31 re/_trace.py:47 close.complete
DEBUG 2026-07-20 06:33:32 re/_trace.py:47 close.started
DEBUG 2026-07-20 06:33:32 re/_trace.py:47 close.complete
DEBUG 2026-07-20 06:33:32 re/_trace.py:47 close.started
DEBUG 2026-07-20 06:33:32 re/_trace.py:47 close.complete
DEBUG 2026-07-20 06:33:32 re/_trace.py:47 close.started
DEBUG 2026-07-20 06:33:32 re/_trace.py:47 close.complete
DEBUG 2026-07-20 06:33:32 re/_trace.py:47 close.started
DEBUG 2026-07-20 06:33:32 re/_trace.py:47 close.complete
DEBUG 2026-07-20 06:33:32 re/_trace.py:47 close.started
DEBUG 2026-07-20 06:33:32 re/_trace.py:47 close.complete
DEBUG 2026-07-20 06:33:32 re/_trace.py:47 close.started
DEBUG 2026-07-20 06:33:32 re/_trace.py:47 close.complete
DEBUG 2026-07-20 06:33:32 re/_trace.py:47 close.started
DEBUG 2026-07-20 06:33:32 re/_trace.py:47 close.complete
DEBUG 2026-07-20 06:33:32 re/_trace.py:47 close.started
DEBUG 2026-07-20 06:33:32 re/_trace.py:47 close.complete
INFO 2026-07-20 06:40:54 ot_train.py:459 step:21K smpl:10M ep:7K epch:134.52 loss:0.003 grdn:0.049 lr:2.0e-05 updt_s:3.335 data_s:0.206
DEBUG 2026-07-20 06:43:08 re/_trace.py:47 close.started
DEBUG 2026-07-20 06:43:08 re/_trace.py:47 close.complete
DEBUG 2026-07-20 06:43:08 re/_trace.py:47 close.started
DEBUG 2026-07-20 06:43:08 re/_trace.py:47 close.complete
DEBUG 2026-07-20 06:43:08 re/_trace.py:47 close.started
DEBUG 2026-07-20 06:43:08 re/_trace.py:47 close.complete
DEBUG 2026-07-20 06:43:08 re/_trace.py:47 close.started
DEBUG 2026-07-20 06:43:08 re/_trace.py:47 close.complete
DEBUG 2026-07-20 06:43:08 re/_trace.py:47 close.started
DEBUG 2026-07-20 06:43:08 re/_trace.py:47 close.complete
DEBUG 2026-07-20 06:43:08 re/_trace.py:47 close.started
DEBUG 2026-07-20 06:43:08 re/_trace.py:47 close.complete
DEBUG 2026-07-20 06:43:08 re/_trace.py:47 close.started
DEBUG 2026-07-20 06:43:08 re/_trace.py:47 close.complete
DEBUG 2026-07-20 06:43:09 re/_trace.py:47 close.started
DEBUG 2026-07-20 06:43:09 re/_trace.py:47 close.complete
DEBUG 2026-07-20 06:43:09 re/_trace.py:47 close.started
DEBUG 2026-07-20 06:43:09 re/_trace.py:47 close.complete
DEBUG 2026-07-20 06:43:09 re/_trace.py:47 close.started
DEBUG 2026-07-20 06:43:09 re/_trace.py:47 close.complete
INFO 2026-07-20 06:52:45 ot_train.py:459 step:22K smpl:10M ep:7K epch:135.78 loss:0.003 grdn:0.048 lr:1.9e-05 updt_s:3.316 data_s:0.237
DEBUG 2026-07-20 06:52:46 re/_trace.py:47 close.started
DEBUG 2026-07-20 06:52:46 re/_trace.py:47 close.complete
DEBUG 2026-07-20 06:52:46 re/_trace.py:47 close.started
DEBUG 2026-07-20 06:52:46 re/_trace.py:47 close.complete
DEBUG 2026-07-20 06:52:46 re/_trace.py:47 close.started
DEBUG 2026-07-20 06:52:46 re/_trace.py:47 close.complete
DEBUG 2026-07-20 06:52:46 re/_trace.py:47 close.started
DEBUG 2026-07-20 06:52:46 re/_trace.py:47 close.complete
DEBUG 2026-07-20 06:52:46 re/_trace.py:47 close.started
DEBUG 2026-07-20 06:52:46 re/_trace.py:47 close.complete
DEBUG 2026-07-20 06:52:46 re/_trace.py:47 close.started
DEBUG 2026-07-20 06:52:46 re/_trace.py:47 close.complete
DEBUG 2026-07-20 06:52:46 re/_trace.py:47 close.started
DEBUG 2026-07-20 06:52:46 re/_trace.py:47 close.complete
DEBUG 2026-07-20 06:52:46 re/_trace.py:47 close.started
DEBUG 2026-07-20 06:52:46 re/_trace.py:47 close.complete
DEBUG 2026-07-20 06:52:47 re/_trace.py:47 close.started
DEBUG 2026-07-20 06:52:47 re/_trace.py:47 close.complete
DEBUG 2026-07-20 06:52:47 re/_trace.py:47 close.started
DEBUG 2026-07-20 06:52:47 re/_trace.py:47 close.complete
DEBUG 2026-07-20 07:02:18 re/_trace.py:47 close.started
DEBUG 2026-07-20 07:02:18 re/_trace.py:47 close.complete
DEBUG 2026-07-20 07:02:18 re/_trace.py:47 close.started
DEBUG 2026-07-20 07:02:18 re/_trace.py:47 close.complete
DEBUG 2026-07-20 07:02:18 re/_trace.py:47 close.started
DEBUG 2026-07-20 07:02:18 re/_trace.py:47 close.complete
DEBUG 2026-07-20 07:02:19 re/_trace.py:47 close.started
DEBUG 2026-07-20 07:02:19 re/_trace.py:47 close.complete
DEBUG 2026-07-20 07:02:19 re/_trace.py:47 close.started
DEBUG 2026-07-20 07:02:19 re/_trace.py:47 close.complete
DEBUG 2026-07-20 07:02:19 re/_trace.py:47 close.started
DEBUG 2026-07-20 07:02:19 re/_trace.py:47 close.complete
DEBUG 2026-07-20 07:02:19 re/_trace.py:47 close.started
DEBUG 2026-07-20 07:02:19 re/_trace.py:47 close.complete
DEBUG 2026-07-20 07:02:19 re/_trace.py:47 close.started
DEBUG 2026-07-20 07:02:19 re/_trace.py:47 close.complete
DEBUG 2026-07-20 07:02:19 re/_trace.py:47 close.started
DEBUG 2026-07-20 07:02:19 re/_trace.py:47 close.complete
DEBUG 2026-07-20 07:02:19 re/_trace.py:47 close.started
DEBUG 2026-07-20 07:02:19 re/_trace.py:47 close.complete
INFO 2026-07-20 07:05:13 ot_train.py:459 step:22K smpl:10M ep:7K epch:137.04 loss:0.003 grdn:0.050 lr:1.9e-05 updt_s:3.370 data_s:0.362
DEBUG 2026-07-20 07:11:52 re/_trace.py:47 close.started
DEBUG 2026-07-20 07:11:52 re/_trace.py:47 close.complete
DEBUG 2026-07-20 07:11:52 re/_trace.py:47 close.started
DEBUG 2026-07-20 07:11:52 re/_trace.py:47 close.complete
DEBUG 2026-07-20 07:11:53 re/_trace.py:47 close.started
DEBUG 2026-07-20 07:11:53 re/_trace.py:47 close.complete
DEBUG 2026-07-20 07:11:53 re/_trace.py:47 close.started
DEBUG 2026-07-20 07:11:53 re/_trace.py:47 close.complete
DEBUG 2026-07-20 07:11:53 re/_trace.py:47 close.started
DEBUG 2026-07-20 07:11:53 re/_trace.py:47 close.complete
DEBUG 2026-07-20 07:11:53 re/_trace.py:47 close.started
DEBUG 2026-07-20 07:11:53 re/_trace.py:47 close.complete
DEBUG 2026-07-20 07:11:53 re/_trace.py:47 close.started
DEBUG 2026-07-20 07:11:53 re/_trace.py:47 close.complete
DEBUG 2026-07-20 07:11:53 re/_trace.py:47 close.started
DEBUG 2026-07-20 07:11:53 re/_trace.py:47 close.complete
DEBUG 2026-07-20 07:11:53 re/_trace.py:47 close.started
DEBUG 2026-07-20 07:11:53 re/_trace.py:47 close.complete
DEBUG 2026-07-20 07:11:53 re/_trace.py:47 close.started
DEBUG 2026-07-20 07:11:53 re/_trace.py:47 close.complete
INFO 2026-07-20 07:17:00 ot_train.py:459 step:22K smpl:10M ep:7K epch:138.29 loss:0.003 grdn:0.051 lr:1.8e-05 updt_s:3.320 data_s:0.213
DEBUG 2026-07-20 07:21:27 re/_trace.py:47 close.started
DEBUG 2026-07-20 07:21:27 re/_trace.py:47 close.complete
DEBUG 2026-07-20 07:21:27 re/_trace.py:47 close.started
DEBUG 2026-07-20 07:21:27 re/_trace.py:47 close.complete
DEBUG 2026-07-20 07:21:27 re/_trace.py:47 close.started
DEBUG 2026-07-20 07:21:27 re/_trace.py:47 close.complete
DEBUG 2026-07-20 07:21:27 re/_trace.py:47 close.started
DEBUG 2026-07-20 07:21:27 re/_trace.py:47 close.complete
DEBUG 2026-07-20 07:21:27 re/_trace.py:47 close.started
DEBUG 2026-07-20 07:21:27 re/_trace.py:47 close.complete
DEBUG 2026-07-20 07:21:27 re/_trace.py:47 close.started
DEBUG 2026-07-20 07:21:27 re/_trace.py:47 close.complete
DEBUG 2026-07-20 07:21:27 re/_trace.py:47 close.started
DEBUG 2026-07-20 07:21:27 re/_trace.py:47 close.complete
DEBUG 2026-07-20 07:21:27 re/_trace.py:47 close.started
DEBUG 2026-07-20 07:21:27 re/_trace.py:47 close.complete
DEBUG 2026-07-20 07:21:28 re/_trace.py:47 close.started
DEBUG 2026-07-20 07:21:28 re/_trace.py:47 close.complete
DEBUG 2026-07-20 07:21:28 re/_trace.py:47 close.started
DEBUG 2026-07-20 07:21:28 re/_trace.py:47 close.complete
INFO 2026-07-20 07:28:53 ot_train.py:459 step:22K smpl:10M ep:7K epch:139.55 loss:0.003 grdn:0.048 lr:1.7e-05 updt_s:3.341 data_s:0.219
DEBUG 2026-07-20 07:31:06 re/_trace.py:47 close.started
DEBUG 2026-07-20 07:31:06 re/_trace.py:47 close.complete
DEBUG 2026-07-20 07:31:06 re/_trace.py:47 close.started
DEBUG 2026-07-20 07:31:06 re/_trace.py:47 close.complete
DEBUG 2026-07-20 07:31:07 re/_trace.py:47 close.started
DEBUG 2026-07-20 07:31:07 re/_trace.py:47 close.complete
DEBUG 2026-07-20 07:31:07 re/_trace.py:47 close.started
DEBUG 2026-07-20 07:31:07 re/_trace.py:47 close.complete
DEBUG 2026-07-20 07:31:07 re/_trace.py:47 close.started
DEBUG 2026-07-20 07:31:07 re/_trace.py:47 close.complete
DEBUG 2026-07-20 07:31:07 re/_trace.py:47 close.started
DEBUG 2026-07-20 07:31:07 re/_trace.py:47 close.complete
DEBUG 2026-07-20 07:31:07 re/_trace.py:47 close.started
DEBUG 2026-07-20 07:31:07 re/_trace.py:47 close.complete
DEBUG 2026-07-20 07:31:07 re/_trace.py:47 close.started
DEBUG 2026-07-20 07:31:07 re/_trace.py:47 close.complete
DEBUG 2026-07-20 07:31:07 re/_trace.py:47 close.started
DEBUG 2026-07-20 07:31:07 re/_trace.py:47 close.complete
DEBUG 2026-07-20 07:31:07 re/_trace.py:47 close.started
DEBUG 2026-07-20 07:31:07 re/_trace.py:47 close.complete
INFO 2026-07-20 07:40:40 ot_train.py:459 step:22K smpl:10M ep:7K epch:140.81 loss:0.002 grdn:0.046 lr:1.7e-05 updt_s:3.298 data_s:0.232
DEBUG 2026-07-20 07:40:40 re/_trace.py:47 close.started
DEBUG 2026-07-20 07:40:40 re/_trace.py:47 close.complete
DEBUG 2026-07-20 07:40:40 re/_trace.py:47 close.started
DEBUG 2026-07-20 07:40:40 re/_trace.py:47 close.complete
DEBUG 2026-07-20 07:40:40 re/_trace.py:47 close.started
DEBUG 2026-07-20 07:40:40 re/_trace.py:47 close.complete
DEBUG 2026-07-20 07:40:40 re/_trace.py:47 close.started
DEBUG 2026-07-20 07:40:40 re/_trace.py:47 close.complete
DEBUG 2026-07-20 07:40:40 re/_trace.py:47 close.started
DEBUG 2026-07-20 07:40:40 re/_trace.py:47 close.complete
DEBUG 2026-07-20 07:40:41 re/_trace.py:47 close.started
DEBUG 2026-07-20 07:40:41 re/_trace.py:47 close.complete
DEBUG 2026-07-20 07:40:41 re/_trace.py:47 close.started
DEBUG 2026-07-20 07:40:41 re/_trace.py:47 close.complete
DEBUG 2026-07-20 07:40:41 re/_trace.py:47 close.started
DEBUG 2026-07-20 07:40:41 re/_trace.py:47 close.complete
DEBUG 2026-07-20 07:40:41 re/_trace.py:47 close.started
DEBUG 2026-07-20 07:40:41 re/_trace.py:47 close.complete
DEBUG 2026-07-20 07:40:41 re/_trace.py:47 close.started
DEBUG 2026-07-20 07:40:41 re/_trace.py:47 close.complete
DEBUG 2026-07-20 07:50:12 re/_trace.py:47 close.started
DEBUG 2026-07-20 07:50:12 re/_trace.py:47 close.complete
DEBUG 2026-07-20 07:50:12 re/_trace.py:47 close.started
DEBUG 2026-07-20 07:50:12 re/_trace.py:47 close.complete
DEBUG 2026-07-20 07:50:13 re/_trace.py:47 close.started
DEBUG 2026-07-20 07:50:13 re/_trace.py:47 close.complete
DEBUG 2026-07-20 07:50:13 re/_trace.py:47 close.started
DEBUG 2026-07-20 07:50:13 re/_trace.py:47 close.complete
DEBUG 2026-07-20 07:50:13 re/_trace.py:47 close.started
DEBUG 2026-07-20 07:50:13 re/_trace.py:47 close.complete
DEBUG 2026-07-20 07:50:13 re/_trace.py:47 close.started
DEBUG 2026-07-20 07:50:13 re/_trace.py:47 close.complete
DEBUG 2026-07-20 07:50:13 re/_trace.py:47 close.started
DEBUG 2026-07-20 07:50:13 re/_trace.py:47 close.complete
DEBUG 2026-07-20 07:50:13 re/_trace.py:47 close.started
DEBUG 2026-07-20 07:50:13 re/_trace.py:47 close.complete
DEBUG 2026-07-20 07:50:13 re/_trace.py:47 close.started
DEBUG 2026-07-20 07:50:13 re/_trace.py:47 close.complete
DEBUG 2026-07-20 07:50:13 re/_trace.py:47 close.started
DEBUG 2026-07-20 07:50:13 re/_trace.py:47 close.complete
INFO 2026-07-20 07:53:04 ot_train.py:459 step:23K smpl:10M ep:7K epch:142.07 loss:0.003 grdn:0.049 lr:1.6e-05 updt_s:3.370 data_s:0.350
DEBUG 2026-07-20 07:59:43 re/_trace.py:47 close.started
DEBUG 2026-07-20 07:59:43 re/_trace.py:47 close.complete
DEBUG 2026-07-20 07:59:43 re/_trace.py:47 close.started
DEBUG 2026-07-20 07:59:43 re/_trace.py:47 close.complete
DEBUG 2026-07-20 07:59:44 re/_trace.py:47 close.started
DEBUG 2026-07-20 07:59:44 re/_trace.py:47 close.complete
DEBUG 2026-07-20 07:59:44 re/_trace.py:47 close.started
DEBUG 2026-07-20 07:59:44 re/_trace.py:47 close.complete
DEBUG 2026-07-20 07:59:44 re/_trace.py:47 close.started
DEBUG 2026-07-20 07:59:44 re/_trace.py:47 close.complete
DEBUG 2026-07-20 07:59:44 re/_trace.py:47 close.started
DEBUG 2026-07-20 07:59:44 re/_trace.py:47 close.complete
DEBUG 2026-07-20 07:59:44 re/_trace.py:47 close.started
DEBUG 2026-07-20 07:59:44 re/_trace.py:47 close.complete
DEBUG 2026-07-20 07:59:44 re/_trace.py:47 close.started
DEBUG 2026-07-20 07:59:44 re/_trace.py:47 close.complete
DEBUG 2026-07-20 07:59:44 re/_trace.py:47 close.started
DEBUG 2026-07-20 07:59:44 re/_trace.py:47 close.complete
DEBUG 2026-07-20 07:59:44 re/_trace.py:47 close.started
DEBUG 2026-07-20 07:59:44 re/_trace.py:47 close.complete
INFO 2026-07-20 08:04:51 ot_train.py:459 step:23K smpl:10M ep:7K epch:143.32 loss:0.002 grdn:0.046 lr:1.5e-05 updt_s:3.312 data_s:0.215
DEBUG 2026-07-20 08:09:17 re/_trace.py:47 close.started
DEBUG 2026-07-20 08:09:17 re/_trace.py:47 close.complete
DEBUG 2026-07-20 08:09:17 re/_trace.py:47 close.started
DEBUG 2026-07-20 08:09:17 re/_trace.py:47 close.complete
DEBUG 2026-07-20 08:09:17 re/_trace.py:47 close.started
DEBUG 2026-07-20 08:09:17 re/_trace.py:47 close.complete
DEBUG 2026-07-20 08:09:18 re/_trace.py:47 close.started
DEBUG 2026-07-20 08:09:18 re/_trace.py:47 close.complete
DEBUG 2026-07-20 08:09:18 re/_trace.py:47 close.started
DEBUG 2026-07-20 08:09:18 re/_trace.py:47 close.complete
DEBUG 2026-07-20 08:09:18 re/_trace.py:47 close.started
DEBUG 2026-07-20 08:09:18 re/_trace.py:47 close.complete
DEBUG 2026-07-20 08:09:18 re/_trace.py:47 close.started
DEBUG 2026-07-20 08:09:18 re/_trace.py:47 close.complete
DEBUG 2026-07-20 08:09:18 re/_trace.py:47 close.started
DEBUG 2026-07-20 08:09:18 re/_trace.py:47 close.complete
DEBUG 2026-07-20 08:09:18 re/_trace.py:47 close.started
DEBUG 2026-07-20 08:09:18 re/_trace.py:47 close.complete
DEBUG 2026-07-20 08:09:18 re/_trace.py:47 close.started
DEBUG 2026-07-20 08:09:18 re/_trace.py:47 close.complete
INFO 2026-07-20 08:16:39 ot_train.py:459 step:23K smpl:10M ep:7K epch:144.58 loss:0.002 grdn:0.045 lr:1.5e-05 updt_s:3.319 data_s:0.217
DEBUG 2026-07-20 08:18:51 re/_trace.py:47 close.started
DEBUG 2026-07-20 08:18:51 re/_trace.py:47 close.complete
DEBUG 2026-07-20 08:18:51 re/_trace.py:47 close.started
DEBUG 2026-07-20 08:18:51 re/_trace.py:47 close.complete
DEBUG 2026-07-20 08:18:51 re/_trace.py:47 close.started
DEBUG 2026-07-20 08:18:51 re/_trace.py:47 close.complete
DEBUG 2026-07-20 08:18:51 re/_trace.py:47 close.started
DEBUG 2026-07-20 08:18:51 re/_trace.py:47 close.complete
DEBUG 2026-07-20 08:18:52 re/_trace.py:47 close.started
DEBUG 2026-07-20 08:18:52 re/_trace.py:47 close.complete
DEBUG 2026-07-20 08:18:52 re/_trace.py:47 close.started
DEBUG 2026-07-20 08:18:52 re/_trace.py:47 close.complete
DEBUG 2026-07-20 08:18:52 re/_trace.py:47 close.started
DEBUG 2026-07-20 08:18:52 re/_trace.py:47 close.complete
DEBUG 2026-07-20 08:18:52 re/_trace.py:47 close.started
DEBUG 2026-07-20 08:18:52 re/_trace.py:47 close.complete
DEBUG 2026-07-20 08:18:52 re/_trace.py:47 close.started
DEBUG 2026-07-20 08:18:52 re/_trace.py:47 close.complete
DEBUG 2026-07-20 08:18:52 re/_trace.py:47 close.started
DEBUG 2026-07-20 08:18:52 re/_trace.py:47 close.complete
INFO 2026-07-20 08:28:24 ot_train.py:459 step:23K smpl:11M ep:7K epch:145.84 loss:0.002 grdn:0.048 lr:1.4e-05 updt_s:3.310 data_s:0.210
DEBUG 2026-07-20 08:28:24 re/_trace.py:47 close.started
DEBUG 2026-07-20 08:28:24 re/_trace.py:47 close.complete
DEBUG 2026-07-20 08:28:24 re/_trace.py:47 close.started
DEBUG 2026-07-20 08:28:24 re/_trace.py:47 close.complete
DEBUG 2026-07-20 08:28:24 re/_trace.py:47 close.started
DEBUG 2026-07-20 08:28:24 re/_trace.py:47 close.complete
DEBUG 2026-07-20 08:28:24 re/_trace.py:47 close.started
DEBUG 2026-07-20 08:28:24 re/_trace.py:47 close.complete
DEBUG 2026-07-20 08:28:24 re/_trace.py:47 close.started
DEBUG 2026-07-20 08:28:24 re/_trace.py:47 close.complete
DEBUG 2026-07-20 08:28:24 re/_trace.py:47 close.started
DEBUG 2026-07-20 08:28:24 re/_trace.py:47 close.complete
DEBUG 2026-07-20 08:28:25 re/_trace.py:47 close.started
DEBUG 2026-07-20 08:28:25 re/_trace.py:47 close.complete
DEBUG 2026-07-20 08:28:25 re/_trace.py:47 close.started
DEBUG 2026-07-20 08:28:25 re/_trace.py:47 close.complete
DEBUG 2026-07-20 08:28:25 re/_trace.py:47 close.started
DEBUG 2026-07-20 08:28:25 re/_trace.py:47 close.complete
DEBUG 2026-07-20 08:28:25 re/_trace.py:47 close.started
DEBUG 2026-07-20 08:28:25 re/_trace.py:47 close.complete
DEBUG 2026-07-20 08:37:59 re/_trace.py:47 close.started
DEBUG 2026-07-20 08:37:59 re/_trace.py:47 close.complete
DEBUG 2026-07-20 08:37:59 re/_trace.py:47 close.started
DEBUG 2026-07-20 08:37:59 re/_trace.py:47 close.complete
DEBUG 2026-07-20 08:37:59 re/_trace.py:47 close.started
DEBUG 2026-07-20 08:37:59 re/_trace.py:47 close.complete
DEBUG 2026-07-20 08:37:59 re/_trace.py:47 close.started
DEBUG 2026-07-20 08:37:59 re/_trace.py:47 close.complete
DEBUG 2026-07-20 08:37:59 re/_trace.py:47 close.started
DEBUG 2026-07-20 08:37:59 re/_trace.py:47 close.complete
DEBUG 2026-07-20 08:37:59 re/_trace.py:47 close.started
DEBUG 2026-07-20 08:37:59 re/_trace.py:47 close.complete
DEBUG 2026-07-20 08:37:59 re/_trace.py:47 close.started
DEBUG 2026-07-20 08:37:59 re/_trace.py:47 close.complete
DEBUG 2026-07-20 08:37:59 re/_trace.py:47 close.started
DEBUG 2026-07-20 08:37:59 re/_trace.py:47 close.complete
DEBUG 2026-07-20 08:38:00 re/_trace.py:47 close.started
DEBUG 2026-07-20 08:38:00 re/_trace.py:47 close.complete
DEBUG 2026-07-20 08:38:00 re/_trace.py:47 close.started
DEBUG 2026-07-20 08:38:00 re/_trace.py:47 close.complete
INFO 2026-07-20 08:40:55 ot_train.py:459 step:23K smpl:11M ep:7K epch:147.09 loss:0.002 grdn:0.045 lr:1.3e-05 updt_s:3.361 data_s:0.391
DEBUG 2026-07-20 08:47:34 re/_trace.py:47 close.started
DEBUG 2026-07-20 08:47:34 re/_trace.py:47 close.complete
DEBUG 2026-07-20 08:47:34 re/_trace.py:47 close.started
DEBUG 2026-07-20 08:47:34 re/_trace.py:47 close.complete
DEBUG 2026-07-20 08:47:34 re/_trace.py:47 close.started
DEBUG 2026-07-20 08:47:34 re/_trace.py:47 close.complete
DEBUG 2026-07-20 08:47:34 re/_trace.py:47 close.started
DEBUG 2026-07-20 08:47:34 re/_trace.py:47 close.complete
DEBUG 2026-07-20 08:47:34 re/_trace.py:47 close.started
DEBUG 2026-07-20 08:47:34 re/_trace.py:47 close.complete
DEBUG 2026-07-20 08:47:34 re/_trace.py:47 close.started
DEBUG 2026-07-20 08:47:34 re/_trace.py:47 close.complete
DEBUG 2026-07-20 08:47:34 re/_trace.py:47 close.started
DEBUG 2026-07-20 08:47:34 re/_trace.py:47 close.complete
DEBUG 2026-07-20 08:47:35 re/_trace.py:47 close.started
DEBUG 2026-07-20 08:47:35 re/_trace.py:47 close.complete
DEBUG 2026-07-20 08:47:35 re/_trace.py:47 close.started
DEBUG 2026-07-20 08:47:35 re/_trace.py:47 close.complete
DEBUG 2026-07-20 08:47:35 re/_trace.py:47 close.started
DEBUG 2026-07-20 08:47:35 re/_trace.py:47 close.complete
INFO 2026-07-20 08:52:41 ot_train.py:459 step:24K smpl:11M ep:7K epch:148.35 loss:0.002 grdn:0.044 lr:1.3e-05 updt_s:3.335 data_s:0.194
DEBUG 2026-07-20 08:57:07 re/_trace.py:47 close.started
DEBUG 2026-07-20 08:57:07 re/_trace.py:47 close.complete
DEBUG 2026-07-20 08:57:07 re/_trace.py:47 close.started
DEBUG 2026-07-20 08:57:07 re/_trace.py:47 close.complete
DEBUG 2026-07-20 08:57:07 re/_trace.py:47 close.started
DEBUG 2026-07-20 08:57:07 re/_trace.py:47 close.complete
DEBUG 2026-07-20 08:57:07 re/_trace.py:47 close.started
DEBUG 2026-07-20 08:57:07 re/_trace.py:47 close.complete
DEBUG 2026-07-20 08:57:07 re/_trace.py:47 close.started
DEBUG 2026-07-20 08:57:07 re/_trace.py:47 close.complete
DEBUG 2026-07-20 08:57:07 re/_trace.py:47 close.started
DEBUG 2026-07-20 08:57:07 re/_trace.py:47 close.complete
DEBUG 2026-07-20 08:57:07 re/_trace.py:47 close.started
DEBUG 2026-07-20 08:57:07 re/_trace.py:47 close.complete
DEBUG 2026-07-20 08:57:07 re/_trace.py:47 close.started
DEBUG 2026-07-20 08:57:07 re/_trace.py:47 close.complete
DEBUG 2026-07-20 08:57:08 re/_trace.py:47 close.started
DEBUG 2026-07-20 08:57:08 re/_trace.py:47 close.complete
DEBUG 2026-07-20 08:57:08 re/_trace.py:47 close.started
DEBUG 2026-07-20 08:57:08 re/_trace.py:47 close.complete
INFO 2026-07-20 09:04:27 ot_train.py:459 step:24K smpl:11M ep:7K epch:149.61 loss:0.002 grdn:0.045 lr:1.2e-05 updt_s:3.311 data_s:0.214
DEBUG 2026-07-20 09:06:39 re/_trace.py:47 close.started
DEBUG 2026-07-20 09:06:39 re/_trace.py:47 close.complete
DEBUG 2026-07-20 09:06:39 re/_trace.py:47 close.started
DEBUG 2026-07-20 09:06:39 re/_trace.py:47 close.complete
DEBUG 2026-07-20 09:06:40 re/_trace.py:47 close.started
DEBUG 2026-07-20 09:06:40 re/_trace.py:47 close.complete
DEBUG 2026-07-20 09:06:40 re/_trace.py:47 close.started
DEBUG 2026-07-20 09:06:40 re/_trace.py:47 close.complete
DEBUG 2026-07-20 09:06:40 re/_trace.py:47 close.started
DEBUG 2026-07-20 09:06:40 re/_trace.py:47 close.complete
DEBUG 2026-07-20 09:06:40 re/_trace.py:47 close.started
DEBUG 2026-07-20 09:06:40 re/_trace.py:47 close.complete
DEBUG 2026-07-20 09:06:40 re/_trace.py:47 close.started
DEBUG 2026-07-20 09:06:40 re/_trace.py:47 close.complete
DEBUG 2026-07-20 09:06:40 re/_trace.py:47 close.started
DEBUG 2026-07-20 09:06:40 re/_trace.py:47 close.complete
DEBUG 2026-07-20 09:06:40 re/_trace.py:47 close.started
DEBUG 2026-07-20 09:06:40 re/_trace.py:47 close.complete
DEBUG 2026-07-20 09:06:40 re/_trace.py:47 close.started
DEBUG 2026-07-20 09:06:40 re/_trace.py:47 close.complete
INFO 2026-07-20 09:16:13 ot_train.py:459 step:24K smpl:11M ep:8K epch:150.87 loss:0.002 grdn:0.044 lr:1.2e-05 updt_s:3.296 data_s:0.229
INFO 2026-07-20 09:16:13 ot_train.py:479 Checkpoint policy after step 24000
DEBUG 2026-07-20 09:16:33 re/_trace.py:47 close.started
DEBUG 2026-07-20 09:16:33 re/_trace.py:47 close.complete
DEBUG 2026-07-20 09:16:33 re/_trace.py:47 close.started
DEBUG 2026-07-20 09:16:33 re/_trace.py:47 close.complete
DEBUG 2026-07-20 09:16:33 re/_trace.py:47 close.started
DEBUG 2026-07-20 09:16:33 re/_trace.py:47 close.complete
DEBUG 2026-07-20 09:16:34 re/_trace.py:47 close.started
DEBUG 2026-07-20 09:16:34 re/_trace.py:47 close.complete
DEBUG 2026-07-20 09:16:34 re/_trace.py:47 close.started
DEBUG 2026-07-20 09:16:34 re/_trace.py:47 close.complete
DEBUG 2026-07-20 09:16:34 re/_trace.py:47 close.started
DEBUG 2026-07-20 09:16:34 re/_trace.py:47 close.complete
DEBUG 2026-07-20 09:16:34 re/_trace.py:47 close.started
DEBUG 2026-07-20 09:16:34 re/_trace.py:47 close.complete
DEBUG 2026-07-20 09:16:34 re/_trace.py:47 close.started
DEBUG 2026-07-20 09:16:34 re/_trace.py:47 close.complete
DEBUG 2026-07-20 09:16:34 re/_trace.py:47 close.started
DEBUG 2026-07-20 09:16:34 re/_trace.py:47 close.complete
DEBUG 2026-07-20 09:16:34 re/_trace.py:47 close.started
DEBUG 2026-07-20 09:16:34 re/_trace.py:47 close.complete
DEBUG 2026-07-20 09:26:03 re/_trace.py:47 close.started
DEBUG 2026-07-20 09:26:03 re/_trace.py:47 close.complete
DEBUG 2026-07-20 09:26:03 re/_trace.py:47 close.started
DEBUG 2026-07-20 09:26:03 re/_trace.py:47 close.complete
DEBUG 2026-07-20 09:26:03 re/_trace.py:47 close.started
DEBUG 2026-07-20 09:26:03 re/_trace.py:47 close.complete
DEBUG 2026-07-20 09:26:04 re/_trace.py:47 close.started
DEBUG 2026-07-20 09:26:04 re/_trace.py:47 close.complete
DEBUG 2026-07-20 09:26:04 re/_trace.py:47 close.started
DEBUG 2026-07-20 09:26:04 re/_trace.py:47 close.complete
DEBUG 2026-07-20 09:26:04 re/_trace.py:47 close.started
DEBUG 2026-07-20 09:26:04 re/_trace.py:47 close.complete
DEBUG 2026-07-20 09:26:04 re/_trace.py:47 close.started
DEBUG 2026-07-20 09:26:04 re/_trace.py:47 close.complete
DEBUG 2026-07-20 09:26:04 re/_trace.py:47 close.started
DEBUG 2026-07-20 09:26:04 re/_trace.py:47 close.complete
DEBUG 2026-07-20 09:26:04 re/_trace.py:47 close.started
DEBUG 2026-07-20 09:26:04 re/_trace.py:47 close.complete
DEBUG 2026-07-20 09:26:04 re/_trace.py:47 close.started
DEBUG 2026-07-20 09:26:04 re/_trace.py:47 close.complete
INFO 2026-07-20 09:28:56 ot_train.py:459 step:24K smpl:11M ep:8K epch:152.12 loss:0.002 grdn:0.045 lr:1.1e-05 updt_s:3.337 data_s:0.374
DEBUG 2026-07-20 09:35:34 re/_trace.py:47 close.started
DEBUG 2026-07-20 09:35:34 re/_trace.py:47 close.complete
DEBUG 2026-07-20 09:35:35 re/_trace.py:47 close.started
DEBUG 2026-07-20 09:35:35 re/_trace.py:47 close.complete
DEBUG 2026-07-20 09:35:35 re/_trace.py:47 close.started
DEBUG 2026-07-20 09:35:35 re/_trace.py:47 close.complete
DEBUG 2026-07-20 09:35:35 re/_trace.py:47 close.started
DEBUG 2026-07-20 09:35:35 re/_trace.py:47 close.complete
DEBUG 2026-07-20 09:35:35 re/_trace.py:47 close.started
DEBUG 2026-07-20 09:35:35 re/_trace.py:47 close.complete
DEBUG 2026-07-20 09:35:35 re/_trace.py:47 close.started
DEBUG 2026-07-20 09:35:35 re/_trace.py:47 close.complete
DEBUG 2026-07-20 09:35:35 re/_trace.py:47 close.started
DEBUG 2026-07-20 09:35:35 re/_trace.py:47 close.complete
DEBUG 2026-07-20 09:35:35 re/_trace.py:47 close.started
DEBUG 2026-07-20 09:35:35 re/_trace.py:47 close.complete
DEBUG 2026-07-20 09:35:35 re/_trace.py:47 close.started
DEBUG 2026-07-20 09:35:35 re/_trace.py:47 close.complete
DEBUG 2026-07-20 09:35:36 re/_trace.py:47 close.started
DEBUG 2026-07-20 09:35:36 re/_trace.py:47 close.complete
INFO 2026-07-20 09:40:41 ot_train.py:459 step:24K smpl:11M ep:8K epch:153.38 loss:0.002 grdn:0.043 lr:1.0e-05 updt_s:3.310 data_s:0.215
DEBUG 2026-07-20 09:45:07 re/_trace.py:47 close.started
DEBUG 2026-07-20 09:45:07 re/_trace.py:47 close.complete
DEBUG 2026-07-20 09:45:07 re/_trace.py:47 close.started
DEBUG 2026-07-20 09:45:07 re/_trace.py:47 close.complete
DEBUG 2026-07-20 09:45:07 re/_trace.py:47 close.started
DEBUG 2026-07-20 09:45:07 re/_trace.py:47 close.complete
DEBUG 2026-07-20 09:45:07 re/_trace.py:47 close.started
DEBUG 2026-07-20 09:45:07 re/_trace.py:47 close.complete
DEBUG 2026-07-20 09:45:07 re/_trace.py:47 close.started
DEBUG 2026-07-20 09:45:07 re/_trace.py:47 close.complete
DEBUG 2026-07-20 09:45:07 re/_trace.py:47 close.started
DEBUG 2026-07-20 09:45:07 re/_trace.py:47 close.complete
DEBUG 2026-07-20 09:45:07 re/_trace.py:47 close.started
DEBUG 2026-07-20 09:45:07 re/_trace.py:47 close.complete
DEBUG 2026-07-20 09:45:07 re/_trace.py:47 close.started
DEBUG 2026-07-20 09:45:07 re/_trace.py:47 close.complete
DEBUG 2026-07-20 09:45:08 re/_trace.py:47 close.started
DEBUG 2026-07-20 09:45:08 re/_trace.py:47 close.complete
DEBUG 2026-07-20 09:45:08 re/_trace.py:47 close.started
DEBUG 2026-07-20 09:45:08 re/_trace.py:47 close.complete
INFO 2026-07-20 09:52:25 ot_train.py:459 step:25K smpl:11M ep:8K epch:154.64 loss:0.002 grdn:0.043 lr:9.9e-06 updt_s:3.306 data_s:0.210
DEBUG 2026-07-20 09:54:37 re/_trace.py:47 close.started
DEBUG 2026-07-20 09:54:37 re/_trace.py:47 close.complete
DEBUG 2026-07-20 09:54:37 re/_trace.py:47 close.started
DEBUG 2026-07-20 09:54:37 re/_trace.py:47 close.complete
DEBUG 2026-07-20 09:54:37 re/_trace.py:47 close.started
DEBUG 2026-07-20 09:54:37 re/_trace.py:47 close.complete
DEBUG 2026-07-20 09:54:37 re/_trace.py:47 close.started
DEBUG 2026-07-20 09:54:37 re/_trace.py:47 close.complete
DEBUG 2026-07-20 09:54:37 re/_trace.py:47 close.started
DEBUG 2026-07-20 09:54:37 re/_trace.py:47 close.complete
DEBUG 2026-07-20 09:54:37 re/_trace.py:47 close.started
DEBUG 2026-07-20 09:54:37 re/_trace.py:47 close.complete
DEBUG 2026-07-20 09:54:38 re/_trace.py:47 close.started
DEBUG 2026-07-20 09:54:38 re/_trace.py:47 close.complete
DEBUG 2026-07-20 09:54:38 re/_trace.py:47 close.started
DEBUG 2026-07-20 09:54:38 re/_trace.py:47 close.complete
DEBUG 2026-07-20 09:54:38 re/_trace.py:47 close.started
DEBUG 2026-07-20 09:54:38 re/_trace.py:47 close.complete
DEBUG 2026-07-20 09:54:38 re/_trace.py:47 close.started
DEBUG 2026-07-20 09:54:38 re/_trace.py:47 close.complete
INFO 2026-07-20 10:04:09 ot_train.py:459 step:25K smpl:11M ep:8K epch:155.90 loss:0.002 grdn:0.044 lr:9.4e-06 updt_s:3.307 data_s:0.211
DEBUG 2026-07-20 10:04:09 re/_trace.py:47 close.started
DEBUG 2026-07-20 10:04:09 re/_trace.py:47 close.complete
DEBUG 2026-07-20 10:04:09 re/_trace.py:47 close.started
DEBUG 2026-07-20 10:04:09 re/_trace.py:47 close.complete
DEBUG 2026-07-20 10:04:10 re/_trace.py:47 close.started
DEBUG 2026-07-20 10:04:10 re/_trace.py:47 close.complete
DEBUG 2026-07-20 10:04:10 re/_trace.py:47 close.started
DEBUG 2026-07-20 10:04:10 re/_trace.py:47 close.complete
DEBUG 2026-07-20 10:04:10 re/_trace.py:47 close.started
DEBUG 2026-07-20 10:04:10 re/_trace.py:47 close.complete
DEBUG 2026-07-20 10:04:10 re/_trace.py:47 close.started
DEBUG 2026-07-20 10:04:10 re/_trace.py:47 close.complete
DEBUG 2026-07-20 10:04:10 re/_trace.py:47 close.started
DEBUG 2026-07-20 10:04:10 re/_trace.py:47 close.complete
DEBUG 2026-07-20 10:04:10 re/_trace.py:47 close.started
DEBUG 2026-07-20 10:04:10 re/_trace.py:47 close.complete
DEBUG 2026-07-20 10:04:10 re/_trace.py:47 close.started
DEBUG 2026-07-20 10:04:10 re/_trace.py:47 close.complete
DEBUG 2026-07-20 10:04:10 re/_trace.py:47 close.started
DEBUG 2026-07-20 10:04:10 re/_trace.py:47 close.complete
DEBUG 2026-07-20 10:13:42 re/_trace.py:47 close.started
DEBUG 2026-07-20 10:13:42 re/_trace.py:47 close.complete
DEBUG 2026-07-20 10:13:42 re/_trace.py:47 close.started
DEBUG 2026-07-20 10:13:42 re/_trace.py:47 close.complete
DEBUG 2026-07-20 10:13:43 re/_trace.py:47 close.started
DEBUG 2026-07-20 10:13:43 re/_trace.py:47 close.complete
DEBUG 2026-07-20 10:13:43 re/_trace.py:47 close.started
DEBUG 2026-07-20 10:13:43 re/_trace.py:47 close.complete
DEBUG 2026-07-20 10:13:43 re/_trace.py:47 close.started
DEBUG 2026-07-20 10:13:43 re/_trace.py:47 close.complete
DEBUG 2026-07-20 10:13:43 re/_trace.py:47 close.started
DEBUG 2026-07-20 10:13:43 re/_trace.py:47 close.complete
DEBUG 2026-07-20 10:13:43 re/_trace.py:47 close.started
DEBUG 2026-07-20 10:13:43 re/_trace.py:47 close.complete
DEBUG 2026-07-20 10:13:43 re/_trace.py:47 close.started
DEBUG 2026-07-20 10:13:43 re/_trace.py:47 close.complete
DEBUG 2026-07-20 10:13:43 re/_trace.py:47 close.started
DEBUG 2026-07-20 10:13:43 re/_trace.py:47 close.complete
DEBUG 2026-07-20 10:13:43 re/_trace.py:47 close.started
DEBUG 2026-07-20 10:13:43 re/_trace.py:47 close.complete
INFO 2026-07-20 10:16:36 ot_train.py:459 step:25K smpl:11M ep:8K epch:157.15 loss:0.002 grdn:0.042 lr:8.9e-06 updt_s:3.405 data_s:0.326
DEBUG 2026-07-20 10:23:14 re/_trace.py:47 close.started
DEBUG 2026-07-20 10:23:14 re/_trace.py:47 close.complete
DEBUG 2026-07-20 10:23:14 re/_trace.py:47 close.started
DEBUG 2026-07-20 10:23:14 re/_trace.py:47 close.complete
DEBUG 2026-07-20 10:23:14 re/_trace.py:47 close.started
DEBUG 2026-07-20 10:23:14 re/_trace.py:47 close.complete
DEBUG 2026-07-20 10:23:14 re/_trace.py:47 close.started
DEBUG 2026-07-20 10:23:14 re/_trace.py:47 close.complete
DEBUG 2026-07-20 10:23:14 re/_trace.py:47 close.started
DEBUG 2026-07-20 10:23:14 re/_trace.py:47 close.complete
DEBUG 2026-07-20 10:23:14 re/_trace.py:47 close.started
DEBUG 2026-07-20 10:23:14 re/_trace.py:47 close.complete
DEBUG 2026-07-20 10:23:15 re/_trace.py:47 close.started
DEBUG 2026-07-20 10:23:15 re/_trace.py:47 close.complete
DEBUG 2026-07-20 10:23:15 re/_trace.py:47 close.started
DEBUG 2026-07-20 10:23:15 re/_trace.py:47 close.complete
DEBUG 2026-07-20 10:23:15 re/_trace.py:47 close.started
DEBUG 2026-07-20 10:23:15 re/_trace.py:47 close.complete
DEBUG 2026-07-20 10:23:15 re/_trace.py:47 close.started
DEBUG 2026-07-20 10:23:15 re/_trace.py:47 close.complete
INFO 2026-07-20 10:28:22 ot_train.py:459 step:25K smpl:11M ep:8K epch:158.41 loss:0.002 grdn:0.042 lr:8.4e-06 updt_s:3.303 data_s:0.223
DEBUG 2026-07-20 10:32:49 re/_trace.py:47 close.started
DEBUG 2026-07-20 10:32:49 re/_trace.py:47 close.complete
DEBUG 2026-07-20 10:32:49 re/_trace.py:47 close.started
DEBUG 2026-07-20 10:32:49 re/_trace.py:47 close.complete
DEBUG 2026-07-20 10:32:49 re/_trace.py:47 close.started
DEBUG 2026-07-20 10:32:49 re/_trace.py:47 close.complete
DEBUG 2026-07-20 10:32:49 re/_trace.py:47 close.started
DEBUG 2026-07-20 10:32:49 re/_trace.py:47 close.complete
DEBUG 2026-07-20 10:32:49 re/_trace.py:47 close.started
DEBUG 2026-07-20 10:32:49 re/_trace.py:47 close.complete
DEBUG 2026-07-20 10:32:50 re/_trace.py:47 close.started
DEBUG 2026-07-20 10:32:50 re/_trace.py:47 close.complete
DEBUG 2026-07-20 10:32:50 re/_trace.py:47 close.started
DEBUG 2026-07-20 10:32:50 re/_trace.py:47 close.complete
DEBUG 2026-07-20 10:32:50 re/_trace.py:47 close.started
DEBUG 2026-07-20 10:32:50 re/_trace.py:47 close.complete
DEBUG 2026-07-20 10:32:50 re/_trace.py:47 close.started
DEBUG 2026-07-20 10:32:50 re/_trace.py:47 close.complete
DEBUG 2026-07-20 10:32:50 re/_trace.py:47 close.started
DEBUG 2026-07-20 10:32:50 re/_trace.py:47 close.complete
INFO 2026-07-20 10:40:11 ot_train.py:459 step:25K smpl:12M ep:8K epch:159.67 loss:0.002 grdn:0.041 lr:7.9e-06 updt_s:3.338 data_s:0.204
DEBUG 2026-07-20 10:42:24 re/_trace.py:47 close.started
DEBUG 2026-07-20 10:42:24 re/_trace.py:47 close.complete
DEBUG 2026-07-20 10:42:24 re/_trace.py:47 close.started
DEBUG 2026-07-20 10:42:24 re/_trace.py:47 close.complete
DEBUG 2026-07-20 10:42:24 re/_trace.py:47 close.started
DEBUG 2026-07-20 10:42:24 re/_trace.py:47 close.complete
DEBUG 2026-07-20 10:42:25 re/_trace.py:47 close.started
DEBUG 2026-07-20 10:42:25 re/_trace.py:47 close.complete
DEBUG 2026-07-20 10:42:25 re/_trace.py:47 close.started
DEBUG 2026-07-20 10:42:25 re/_trace.py:47 close.complete
DEBUG 2026-07-20 10:42:25 re/_trace.py:47 close.started
DEBUG 2026-07-20 10:42:25 re/_trace.py:47 close.complete
DEBUG 2026-07-20 10:42:25 re/_trace.py:47 close.started
DEBUG 2026-07-20 10:42:25 re/_trace.py:47 close.complete
DEBUG 2026-07-20 10:42:25 re/_trace.py:47 close.started
DEBUG 2026-07-20 10:42:25 re/_trace.py:47 close.complete
DEBUG 2026-07-20 10:42:25 re/_trace.py:47 close.started
DEBUG 2026-07-20 10:42:25 re/_trace.py:47 close.complete
DEBUG 2026-07-20 10:42:25 re/_trace.py:47 close.started
DEBUG 2026-07-20 10:42:25 re/_trace.py:47 close.complete
INFO 2026-07-20 10:52:01 ot_train.py:459 step:26K smpl:12M ep:8K epch:160.92 loss:0.002 grdn:0.042 lr:7.5e-06 updt_s:3.329 data_s:0.219
DEBUG 2026-07-20 10:52:01 re/_trace.py:47 close.started
DEBUG 2026-07-20 10:52:01 re/_trace.py:47 close.complete
DEBUG 2026-07-20 10:52:01 re/_trace.py:47 close.started
DEBUG 2026-07-20 10:52:01 re/_trace.py:47 close.complete
DEBUG 2026-07-20 10:52:02 re/_trace.py:47 close.started
DEBUG 2026-07-20 10:52:02 re/_trace.py:47 close.complete
DEBUG 2026-07-20 10:52:02 re/_trace.py:47 close.started
DEBUG 2026-07-20 10:52:02 re/_trace.py:47 close.complete
DEBUG 2026-07-20 10:52:02 re/_trace.py:47 close.started
DEBUG 2026-07-20 10:52:02 re/_trace.py:47 close.complete
DEBUG 2026-07-20 10:52:02 re/_trace.py:47 close.started
DEBUG 2026-07-20 10:52:02 re/_trace.py:47 close.complete
DEBUG 2026-07-20 10:52:02 re/_trace.py:47 close.started
DEBUG 2026-07-20 10:52:02 re/_trace.py:47 close.complete
DEBUG 2026-07-20 10:52:02 re/_trace.py:47 close.started
DEBUG 2026-07-20 10:52:02 re/_trace.py:47 close.complete
DEBUG 2026-07-20 10:52:02 re/_trace.py:47 close.started
DEBUG 2026-07-20 10:52:02 re/_trace.py:47 close.complete
DEBUG 2026-07-20 10:52:02 re/_trace.py:47 close.started
DEBUG 2026-07-20 10:52:02 re/_trace.py:47 close.complete
DEBUG 2026-07-20 11:01:37 re/_trace.py:47 close.started
DEBUG 2026-07-20 11:01:37 re/_trace.py:47 close.complete
DEBUG 2026-07-20 11:01:37 re/_trace.py:47 close.started
DEBUG 2026-07-20 11:01:37 re/_trace.py:47 close.complete
DEBUG 2026-07-20 11:01:37 re/_trace.py:47 close.started
DEBUG 2026-07-20 11:01:37 re/_trace.py:47 close.complete
DEBUG 2026-07-20 11:01:38 re/_trace.py:47 close.started
DEBUG 2026-07-20 11:01:38 re/_trace.py:47 close.complete
DEBUG 2026-07-20 11:01:38 re/_trace.py:47 close.started
DEBUG 2026-07-20 11:01:38 re/_trace.py:47 close.complete
DEBUG 2026-07-20 11:01:38 re/_trace.py:47 close.started
DEBUG 2026-07-20 11:01:38 re/_trace.py:47 close.complete
DEBUG 2026-07-20 11:01:38 re/_trace.py:47 close.started
DEBUG 2026-07-20 11:01:38 re/_trace.py:47 close.complete
DEBUG 2026-07-20 11:01:38 re/_trace.py:47 close.started
DEBUG 2026-07-20 11:01:38 re/_trace.py:47 close.complete
DEBUG 2026-07-20 11:01:38 re/_trace.py:47 close.started
DEBUG 2026-07-20 11:01:38 re/_trace.py:47 close.complete
DEBUG 2026-07-20 11:01:38 re/_trace.py:47 close.started
DEBUG 2026-07-20 11:01:38 re/_trace.py:47 close.complete
INFO 2026-07-20 11:04:35 ot_train.py:459 step:26K smpl:12M ep:8K epch:162.18 loss:0.002 grdn:0.042 lr:7.1e-06 updt_s:3.361 data_s:0.401
DEBUG 2026-07-20 11:11:18 re/_trace.py:47 close.started
DEBUG 2026-07-20 11:11:18 re/_trace.py:47 close.complete
DEBUG 2026-07-20 11:11:18 re/_trace.py:47 close.started
DEBUG 2026-07-20 11:11:18 re/_trace.py:47 close.complete
DEBUG 2026-07-20 11:11:18 re/_trace.py:47 close.started
DEBUG 2026-07-20 11:11:18 re/_trace.py:47 close.complete
DEBUG 2026-07-20 11:11:18 re/_trace.py:47 close.started
DEBUG 2026-07-20 11:11:18 re/_trace.py:47 close.complete
DEBUG 2026-07-20 11:11:18 re/_trace.py:47 close.started
DEBUG 2026-07-20 11:11:18 re/_trace.py:47 close.complete
DEBUG 2026-07-20 11:11:18 re/_trace.py:47 close.started
DEBUG 2026-07-20 11:11:18 re/_trace.py:47 close.complete
DEBUG 2026-07-20 11:11:18 re/_trace.py:47 close.started
DEBUG 2026-07-20 11:11:18 re/_trace.py:47 close.complete
DEBUG 2026-07-20 11:11:19 re/_trace.py:47 close.started
DEBUG 2026-07-20 11:11:19 re/_trace.py:47 close.complete
DEBUG 2026-07-20 11:11:19 re/_trace.py:47 close.started
DEBUG 2026-07-20 11:11:19 re/_trace.py:47 close.complete
DEBUG 2026-07-20 11:11:19 re/_trace.py:47 close.started
DEBUG 2026-07-20 11:11:19 re/_trace.py:47 close.complete
INFO 2026-07-20 11:16:26 ot_train.py:459 step:26K smpl:12M ep:8K epch:163.44 loss:0.002 grdn:0.041 lr:6.7e-06 updt_s:3.343 data_s:0.208
DEBUG 2026-07-20 11:20:55 re/_trace.py:47 close.started
DEBUG 2026-07-20 11:20:55 re/_trace.py:47 close.complete
DEBUG 2026-07-20 11:20:55 re/_trace.py:47 close.started
DEBUG 2026-07-20 11:20:55 re/_trace.py:47 close.complete
DEBUG 2026-07-20 11:20:55 re/_trace.py:47 close.started
DEBUG 2026-07-20 11:20:55 re/_trace.py:47 close.complete
DEBUG 2026-07-20 11:20:55 re/_trace.py:47 close.started
DEBUG 2026-07-20 11:20:55 re/_trace.py:47 close.complete
DEBUG 2026-07-20 11:20:55 re/_trace.py:47 close.started
DEBUG 2026-07-20 11:20:55 re/_trace.py:47 close.complete
DEBUG 2026-07-20 11:20:55 re/_trace.py:47 close.started
DEBUG 2026-07-20 11:20:55 re/_trace.py:47 close.complete
DEBUG 2026-07-20 11:20:55 re/_trace.py:47 close.started
DEBUG 2026-07-20 11:20:55 re/_trace.py:47 close.complete
DEBUG 2026-07-20 11:20:55 re/_trace.py:47 close.started
DEBUG 2026-07-20 11:20:55 re/_trace.py:47 close.complete
DEBUG 2026-07-20 11:20:55 re/_trace.py:47 close.started
DEBUG 2026-07-20 11:20:55 re/_trace.py:47 close.complete
DEBUG 2026-07-20 11:20:56 re/_trace.py:47 close.started
DEBUG 2026-07-20 11:20:56 re/_trace.py:47 close.complete
INFO 2026-07-20 11:28:20 ot_train.py:459 step:26K smpl:12M ep:8K epch:164.70 loss:0.002 grdn:0.041 lr:6.3e-06 updt_s:3.342 data_s:0.224
DEBUG 2026-07-20 11:30:33 re/_trace.py:47 close.started
DEBUG 2026-07-20 11:30:33 re/_trace.py:47 close.complete
DEBUG 2026-07-20 11:30:33 re/_trace.py:47 close.started
DEBUG 2026-07-20 11:30:33 re/_trace.py:47 close.complete
DEBUG 2026-07-20 11:30:33 re/_trace.py:47 close.started
DEBUG 2026-07-20 11:30:33 re/_trace.py:47 close.complete
DEBUG 2026-07-20 11:30:33 re/_trace.py:47 close.started
DEBUG 2026-07-20 11:30:33 re/_trace.py:47 close.complete
DEBUG 2026-07-20 11:30:33 re/_trace.py:47 close.started
DEBUG 2026-07-20 11:30:33 re/_trace.py:47 close.complete
DEBUG 2026-07-20 11:30:33 re/_trace.py:47 close.started
DEBUG 2026-07-20 11:30:33 re/_trace.py:47 close.complete
DEBUG 2026-07-20 11:30:34 re/_trace.py:47 close.started
DEBUG 2026-07-20 11:30:34 re/_trace.py:47 close.complete
DEBUG 2026-07-20 11:30:34 re/_trace.py:47 close.started
DEBUG 2026-07-20 11:30:34 re/_trace.py:47 close.complete
DEBUG 2026-07-20 11:30:34 re/_trace.py:47 close.started
DEBUG 2026-07-20 11:30:34 re/_trace.py:47 close.complete
DEBUG 2026-07-20 11:30:34 re/_trace.py:47 close.started
DEBUG 2026-07-20 11:30:34 re/_trace.py:47 close.complete
INFO 2026-07-20 11:40:06 ot_train.py:459 step:26K smpl:12M ep:8K epch:165.95 loss:0.002 grdn:0.040 lr:5.9e-06 updt_s:3.303 data_s:0.225
DEBUG 2026-07-20 11:40:06 re/_trace.py:47 close.started
DEBUG 2026-07-20 11:40:06 re/_trace.py:47 close.complete
DEBUG 2026-07-20 11:40:06 re/_trace.py:47 close.started
DEBUG 2026-07-20 11:40:06 re/_trace.py:47 close.complete
DEBUG 2026-07-20 11:40:06 re/_trace.py:47 close.started
DEBUG 2026-07-20 11:40:06 re/_trace.py:47 close.complete
DEBUG 2026-07-20 11:40:06 re/_trace.py:47 close.started
DEBUG 2026-07-20 11:40:06 re/_trace.py:47 close.complete
DEBUG 2026-07-20 11:40:06 re/_trace.py:47 close.started
DEBUG 2026-07-20 11:40:06 re/_trace.py:47 close.complete
DEBUG 2026-07-20 11:40:07 re/_trace.py:47 close.started
DEBUG 2026-07-20 11:40:07 re/_trace.py:47 close.complete
DEBUG 2026-07-20 11:40:07 re/_trace.py:47 close.started
DEBUG 2026-07-20 11:40:07 re/_trace.py:47 close.complete
DEBUG 2026-07-20 11:40:07 re/_trace.py:47 close.started
DEBUG 2026-07-20 11:40:07 re/_trace.py:47 close.complete
DEBUG 2026-07-20 11:40:07 re/_trace.py:47 close.started
DEBUG 2026-07-20 11:40:07 re/_trace.py:47 close.complete
DEBUG 2026-07-20 11:40:07 re/_trace.py:47 close.started
DEBUG 2026-07-20 11:40:07 re/_trace.py:47 close.complete
DEBUG 2026-07-20 11:49:43 re/_trace.py:47 close.started
DEBUG 2026-07-20 11:49:43 re/_trace.py:47 close.complete
DEBUG 2026-07-20 11:49:43 re/_trace.py:47 close.started
DEBUG 2026-07-20 11:49:43 re/_trace.py:47 close.complete
DEBUG 2026-07-20 11:49:43 re/_trace.py:47 close.started
DEBUG 2026-07-20 11:49:43 re/_trace.py:47 close.complete
DEBUG 2026-07-20 11:49:43 re/_trace.py:47 close.started
DEBUG 2026-07-20 11:49:43 re/_trace.py:47 close.complete
DEBUG 2026-07-20 11:49:43 re/_trace.py:47 close.started
DEBUG 2026-07-20 11:49:43 re/_trace.py:47 close.complete
DEBUG 2026-07-20 11:49:43 re/_trace.py:47 close.started
DEBUG 2026-07-20 11:49:44 re/_trace.py:47 close.complete
DEBUG 2026-07-20 11:49:44 re/_trace.py:47 close.started
DEBUG 2026-07-20 11:49:44 re/_trace.py:47 close.complete
DEBUG 2026-07-20 11:49:44 re/_trace.py:47 close.started
DEBUG 2026-07-20 11:49:44 re/_trace.py:47 close.complete
DEBUG 2026-07-20 11:49:44 re/_trace.py:47 close.started
DEBUG 2026-07-20 11:49:44 re/_trace.py:47 close.complete
DEBUG 2026-07-20 11:49:44 re/_trace.py:47 close.started
DEBUG 2026-07-20 11:49:44 re/_trace.py:47 close.complete
INFO 2026-07-20 11:52:39 ot_train.py:459 step:27K smpl:12M ep:8K epch:167.21 loss:0.002 grdn:0.040 lr:5.5e-06 updt_s:3.362 data_s:0.398
DEBUG 2026-07-20 11:59:21 re/_trace.py:47 close.started
DEBUG 2026-07-20 11:59:21 re/_trace.py:47 close.complete
DEBUG 2026-07-20 11:59:21 re/_trace.py:47 close.started
DEBUG 2026-07-20 11:59:21 re/_trace.py:47 close.complete
DEBUG 2026-07-20 11:59:22 re/_trace.py:47 close.started
DEBUG 2026-07-20 11:59:22 re/_trace.py:47 close.complete
DEBUG 2026-07-20 11:59:22 re/_trace.py:47 close.started
DEBUG 2026-07-20 11:59:22 re/_trace.py:47 close.complete
DEBUG 2026-07-20 11:59:22 re/_trace.py:47 close.started
DEBUG 2026-07-20 11:59:22 re/_trace.py:47 close.complete
DEBUG 2026-07-20 11:59:22 re/_trace.py:47 close.started
DEBUG 2026-07-20 11:59:22 re/_trace.py:47 close.complete
DEBUG 2026-07-20 11:59:22 re/_trace.py:47 close.started
DEBUG 2026-07-20 11:59:22 re/_trace.py:47 close.complete
DEBUG 2026-07-20 11:59:22 re/_trace.py:47 close.started
DEBUG 2026-07-20 11:59:22 re/_trace.py:47 close.complete
DEBUG 2026-07-20 11:59:22 re/_trace.py:47 close.started
DEBUG 2026-07-20 11:59:22 re/_trace.py:47 close.complete
DEBUG 2026-07-20 11:59:22 re/_trace.py:47 close.started
DEBUG 2026-07-20 11:59:22 re/_trace.py:47 close.complete
INFO 2026-07-20 12:04:29 ot_train.py:459 step:27K smpl:12M ep:8K epch:168.47 loss:0.002 grdn:0.040 lr:5.2e-06 updt_s:3.318 data_s:0.230
DEBUG 2026-07-20 12:08:56 re/_trace.py:47 close.started
DEBUG 2026-07-20 12:08:56 re/_trace.py:47 close.complete
DEBUG 2026-07-20 12:08:56 re/_trace.py:47 close.started
DEBUG 2026-07-20 12:08:56 re/_trace.py:47 close.complete
DEBUG 2026-07-20 12:08:56 re/_trace.py:47 close.started
DEBUG 2026-07-20 12:08:56 re/_trace.py:47 close.complete
DEBUG 2026-07-20 12:08:56 re/_trace.py:47 close.started
DEBUG 2026-07-20 12:08:56 re/_trace.py:47 close.complete
DEBUG 2026-07-20 12:08:56 re/_trace.py:47 close.started
DEBUG 2026-07-20 12:08:56 re/_trace.py:47 close.complete
DEBUG 2026-07-20 12:08:57 re/_trace.py:47 close.started
DEBUG 2026-07-20 12:08:57 re/_trace.py:47 close.complete
DEBUG 2026-07-20 12:08:57 re/_trace.py:47 close.started
DEBUG 2026-07-20 12:08:57 re/_trace.py:47 close.complete
DEBUG 2026-07-20 12:08:57 re/_trace.py:47 close.started
DEBUG 2026-07-20 12:08:57 re/_trace.py:47 close.complete
DEBUG 2026-07-20 12:08:57 re/_trace.py:47 close.started
DEBUG 2026-07-20 12:08:57 re/_trace.py:47 close.complete
DEBUG 2026-07-20 12:08:57 re/_trace.py:47 close.started
DEBUG 2026-07-20 12:08:57 re/_trace.py:47 close.complete
INFO 2026-07-20 12:16:20 ot_train.py:459 step:27K smpl:12M ep:8K epch:169.72 loss:0.002 grdn:0.042 lr:4.9e-06 updt_s:3.367 data_s:0.183
INFO 2026-07-20 12:16:20 ot_train.py:479 Checkpoint policy after step 27000
DEBUG 2026-07-20 12:18:52 re/_trace.py:47 close.started
DEBUG 2026-07-20 12:18:52 re/_trace.py:47 close.complete
DEBUG 2026-07-20 12:18:53 re/_trace.py:47 close.started
DEBUG 2026-07-20 12:18:53 re/_trace.py:47 close.complete
DEBUG 2026-07-20 12:18:53 re/_trace.py:47 close.started
DEBUG 2026-07-20 12:18:53 re/_trace.py:47 close.complete
DEBUG 2026-07-20 12:18:53 re/_trace.py:47 close.started
DEBUG 2026-07-20 12:18:53 re/_trace.py:47 close.complete
DEBUG 2026-07-20 12:18:53 re/_trace.py:47 close.started
DEBUG 2026-07-20 12:18:53 re/_trace.py:47 close.complete
DEBUG 2026-07-20 12:18:53 re/_trace.py:47 close.started
DEBUG 2026-07-20 12:18:53 re/_trace.py:47 close.complete
DEBUG 2026-07-20 12:18:53 re/_trace.py:47 close.started
DEBUG 2026-07-20 12:18:53 re/_trace.py:47 close.complete
DEBUG 2026-07-20 12:18:53 re/_trace.py:47 close.started
DEBUG 2026-07-20 12:18:53 re/_trace.py:47 close.complete
DEBUG 2026-07-20 12:18:53 re/_trace.py:47 close.started
DEBUG 2026-07-20 12:18:53 re/_trace.py:47 close.complete
DEBUG 2026-07-20 12:18:53 re/_trace.py:47 close.started
DEBUG 2026-07-20 12:18:53 re/_trace.py:47 close.complete
INFO 2026-07-20 12:28:23 ot_train.py:459 step:27K smpl:12M ep:9K epch:170.98 loss:0.002 grdn:0.040 lr:4.6e-06 updt_s:3.308 data_s:0.205
DEBUG 2026-07-20 12:28:23 re/_trace.py:47 close.started
DEBUG 2026-07-20 12:28:23 re/_trace.py:47 close.complete
DEBUG 2026-07-20 12:28:24 re/_trace.py:47 close.started
DEBUG 2026-07-20 12:28:24 re/_trace.py:47 close.complete
DEBUG 2026-07-20 12:28:24 re/_trace.py:47 close.started
DEBUG 2026-07-20 12:28:24 re/_trace.py:47 close.complete
DEBUG 2026-07-20 12:28:24 re/_trace.py:47 close.started
DEBUG 2026-07-20 12:28:24 re/_trace.py:47 close.complete
DEBUG 2026-07-20 12:28:24 re/_trace.py:47 close.started
DEBUG 2026-07-20 12:28:24 re/_trace.py:47 close.complete
DEBUG 2026-07-20 12:28:24 re/_trace.py:47 close.started
DEBUG 2026-07-20 12:28:24 re/_trace.py:47 close.complete
DEBUG 2026-07-20 12:28:24 re/_trace.py:47 close.started
DEBUG 2026-07-20 12:28:24 re/_trace.py:47 close.complete
DEBUG 2026-07-20 12:28:24 re/_trace.py:47 close.started
DEBUG 2026-07-20 12:28:24 re/_trace.py:47 close.complete
DEBUG 2026-07-20 12:28:24 re/_trace.py:47 close.started
DEBUG 2026-07-20 12:28:24 re/_trace.py:47 close.complete
DEBUG 2026-07-20 12:28:24 re/_trace.py:47 close.started
DEBUG 2026-07-20 12:28:24 re/_trace.py:47 close.complete
DEBUG 2026-07-20 12:37:56 re/_trace.py:47 close.started
DEBUG 2026-07-20 12:37:56 re/_trace.py:47 close.complete
DEBUG 2026-07-20 12:37:56 re/_trace.py:47 close.started
DEBUG 2026-07-20 12:37:56 re/_trace.py:47 close.complete
DEBUG 2026-07-20 12:37:56 re/_trace.py:47 close.started
DEBUG 2026-07-20 12:37:56 re/_trace.py:47 close.complete
DEBUG 2026-07-20 12:37:56 re/_trace.py:47 close.started
DEBUG 2026-07-20 12:37:56 re/_trace.py:47 close.complete
DEBUG 2026-07-20 12:37:56 re/_trace.py:47 close.started
DEBUG 2026-07-20 12:37:56 re/_trace.py:47 close.complete
DEBUG 2026-07-20 12:37:56 re/_trace.py:47 close.started
DEBUG 2026-07-20 12:37:56 re/_trace.py:47 close.complete
DEBUG 2026-07-20 12:37:56 re/_trace.py:47 close.started
DEBUG 2026-07-20 12:37:56 re/_trace.py:47 close.complete
DEBUG 2026-07-20 12:37:56 re/_trace.py:47 close.started
DEBUG 2026-07-20 12:37:56 re/_trace.py:47 close.complete
DEBUG 2026-07-20 12:37:57 re/_trace.py:47 close.started
DEBUG 2026-07-20 12:37:57 re/_trace.py:47 close.complete
DEBUG 2026-07-20 12:37:57 re/_trace.py:47 close.started
DEBUG 2026-07-20 12:37:57 re/_trace.py:47 close.complete
INFO 2026-07-20 12:40:49 ot_train.py:459 step:27K smpl:12M ep:9K epch:172.24 loss:0.002 grdn:0.040 lr:4.3e-06 updt_s:3.323 data_s:0.400
DEBUG 2026-07-20 12:47:30 re/_trace.py:47 close.started
DEBUG 2026-07-20 12:47:30 re/_trace.py:47 close.complete
DEBUG 2026-07-20 12:47:30 re/_trace.py:47 close.started
DEBUG 2026-07-20 12:47:30 re/_trace.py:47 close.complete
DEBUG 2026-07-20 12:47:30 re/_trace.py:47 close.started
DEBUG 2026-07-20 12:47:30 re/_trace.py:47 close.complete
DEBUG 2026-07-20 12:47:31 re/_trace.py:47 close.started
DEBUG 2026-07-20 12:47:31 re/_trace.py:47 close.complete
DEBUG 2026-07-20 12:47:31 re/_trace.py:47 close.started
DEBUG 2026-07-20 12:47:31 re/_trace.py:47 close.complete
DEBUG 2026-07-20 12:47:31 re/_trace.py:47 close.started
DEBUG 2026-07-20 12:47:31 re/_trace.py:47 close.complete
DEBUG 2026-07-20 12:47:31 re/_trace.py:47 close.started
DEBUG 2026-07-20 12:47:31 re/_trace.py:47 close.complete
DEBUG 2026-07-20 12:47:31 re/_trace.py:47 close.started
DEBUG 2026-07-20 12:47:31 re/_trace.py:47 close.complete
DEBUG 2026-07-20 12:47:31 re/_trace.py:47 close.started
DEBUG 2026-07-20 12:47:31 re/_trace.py:47 close.complete
DEBUG 2026-07-20 12:47:31 re/_trace.py:47 close.started
DEBUG 2026-07-20 12:47:31 re/_trace.py:47 close.complete
INFO 2026-07-20 12:52:35 ot_train.py:459 step:28K smpl:13M ep:9K epch:173.50 loss:0.002 grdn:0.040 lr:4.1e-06 updt_s:3.312 data_s:0.214
DEBUG 2026-07-20 12:57:01 re/_trace.py:47 close.started
DEBUG 2026-07-20 12:57:01 re/_trace.py:47 close.complete
DEBUG 2026-07-20 12:57:01 re/_trace.py:47 close.started
DEBUG 2026-07-20 12:57:01 re/_trace.py:47 close.complete
DEBUG 2026-07-20 12:57:01 re/_trace.py:47 close.started
DEBUG 2026-07-20 12:57:01 re/_trace.py:47 close.complete
DEBUG 2026-07-20 12:57:01 re/_trace.py:47 close.started
DEBUG 2026-07-20 12:57:01 re/_trace.py:47 close.complete
DEBUG 2026-07-20 12:57:01 re/_trace.py:47 close.started
DEBUG 2026-07-20 12:57:01 re/_trace.py:47 close.complete
DEBUG 2026-07-20 12:57:01 re/_trace.py:47 close.started
DEBUG 2026-07-20 12:57:01 re/_trace.py:47 close.complete
DEBUG 2026-07-20 12:57:02 re/_trace.py:47 close.started
DEBUG 2026-07-20 12:57:02 re/_trace.py:47 close.complete
DEBUG 2026-07-20 12:57:02 re/_trace.py:47 close.started
DEBUG 2026-07-20 12:57:02 re/_trace.py:47 close.complete
DEBUG 2026-07-20 12:57:02 re/_trace.py:47 close.started
DEBUG 2026-07-20 12:57:02 re/_trace.py:47 close.complete
DEBUG 2026-07-20 12:57:02 re/_trace.py:47 close.started
DEBUG 2026-07-20 12:57:02 re/_trace.py:47 close.complete
INFO 2026-07-20 13:04:22 ot_train.py:459 step:28K smpl:13M ep:9K epch:174.75 loss:0.002 grdn:0.039 lr:3.8e-06 updt_s:3.306 data_s:0.224
DEBUG 2026-07-20 13:06:35 re/_trace.py:47 close.started
DEBUG 2026-07-20 13:06:35 re/_trace.py:47 close.complete
DEBUG 2026-07-20 13:06:35 re/_trace.py:47 close.started
DEBUG 2026-07-20 13:06:35 re/_trace.py:47 close.complete
DEBUG 2026-07-20 13:06:35 re/_trace.py:47 close.started
DEBUG 2026-07-20 13:06:35 re/_trace.py:47 close.complete
DEBUG 2026-07-20 13:06:35 re/_trace.py:47 close.started
DEBUG 2026-07-20 13:06:35 re/_trace.py:47 close.complete
DEBUG 2026-07-20 13:06:35 re/_trace.py:47 close.started
DEBUG 2026-07-20 13:06:35 re/_trace.py:47 close.complete
DEBUG 2026-07-20 13:06:35 re/_trace.py:47 close.started
DEBUG 2026-07-20 13:06:35 re/_trace.py:47 close.complete
DEBUG 2026-07-20 13:06:35 re/_trace.py:47 close.started
DEBUG 2026-07-20 13:06:35 re/_trace.py:47 close.complete
DEBUG 2026-07-20 13:06:35 re/_trace.py:47 close.started
DEBUG 2026-07-20 13:06:35 re/_trace.py:47 close.complete
DEBUG 2026-07-20 13:06:36 re/_trace.py:47 close.started
DEBUG 2026-07-20 13:06:36 re/_trace.py:47 close.complete
DEBUG 2026-07-20 13:06:36 re/_trace.py:47 close.started
DEBUG 2026-07-20 13:06:36 re/_trace.py:47 close.complete
INFO 2026-07-20 13:16:07 ot_train.py:459 step:28K smpl:13M ep:9K epch:176.01 loss:0.002 grdn:0.039 lr:3.6e-06 updt_s:3.295 data_s:0.226
DEBUG 2026-07-20 13:16:07 re/_trace.py:47 close.started
DEBUG 2026-07-20 13:16:07 re/_trace.py:47 close.complete
DEBUG 2026-07-20 13:16:07 re/_trace.py:47 close.started
DEBUG 2026-07-20 13:16:07 re/_trace.py:47 close.complete
DEBUG 2026-07-20 13:16:07 re/_trace.py:47 close.started
DEBUG 2026-07-20 13:16:07 re/_trace.py:47 close.complete
DEBUG 2026-07-20 13:16:07 re/_trace.py:47 close.started
DEBUG 2026-07-20 13:16:07 re/_trace.py:47 close.complete
DEBUG 2026-07-20 13:16:07 re/_trace.py:47 close.started
DEBUG 2026-07-20 13:16:07 re/_trace.py:47 close.complete
DEBUG 2026-07-20 13:16:08 re/_trace.py:47 close.started
DEBUG 2026-07-20 13:16:08 re/_trace.py:47 close.complete
DEBUG 2026-07-20 13:16:08 re/_trace.py:47 close.started
DEBUG 2026-07-20 13:16:08 re/_trace.py:47 close.complete
DEBUG 2026-07-20 13:16:08 re/_trace.py:47 close.started
DEBUG 2026-07-20 13:16:08 re/_trace.py:47 close.complete
DEBUG 2026-07-20 13:16:08 re/_trace.py:47 close.started
DEBUG 2026-07-20 13:16:08 re/_trace.py:47 close.complete
DEBUG 2026-07-20 13:16:08 re/_trace.py:47 close.started
DEBUG 2026-07-20 13:16:08 re/_trace.py:47 close.complete
DEBUG 2026-07-20 13:25:42 re/_trace.py:47 close.started
DEBUG 2026-07-20 13:25:42 re/_trace.py:47 close.complete
DEBUG 2026-07-20 13:25:42 re/_trace.py:47 close.started
DEBUG 2026-07-20 13:25:42 re/_trace.py:47 close.complete
DEBUG 2026-07-20 13:25:42 re/_trace.py:47 close.started
DEBUG 2026-07-20 13:25:42 re/_trace.py:47 close.complete
DEBUG 2026-07-20 13:25:42 re/_trace.py:47 close.started
DEBUG 2026-07-20 13:25:42 re/_trace.py:47 close.complete
DEBUG 2026-07-20 13:25:42 re/_trace.py:47 close.started
DEBUG 2026-07-20 13:25:42 re/_trace.py:47 close.complete
DEBUG 2026-07-20 13:25:42 re/_trace.py:47 close.started
DEBUG 2026-07-20 13:25:42 re/_trace.py:47 close.complete
DEBUG 2026-07-20 13:25:43 re/_trace.py:47 close.started
DEBUG 2026-07-20 13:25:43 re/_trace.py:47 close.complete
DEBUG 2026-07-20 13:25:43 re/_trace.py:47 close.started
DEBUG 2026-07-20 13:25:43 re/_trace.py:47 close.complete
DEBUG 2026-07-20 13:25:43 re/_trace.py:47 close.started
DEBUG 2026-07-20 13:25:43 re/_trace.py:47 close.complete
DEBUG 2026-07-20 13:25:43 re/_trace.py:47 close.started
DEBUG 2026-07-20 13:25:43 re/_trace.py:47 close.complete
INFO 2026-07-20 13:28:36 ot_train.py:459 step:28K smpl:13M ep:9K epch:177.27 loss:0.002 grdn:0.040 lr:3.4e-06 updt_s:3.341 data_s:0.402
DEBUG 2026-07-20 13:35:19 re/_trace.py:47 close.started
DEBUG 2026-07-20 13:35:19 re/_trace.py:47 close.complete
DEBUG 2026-07-20 13:35:19 re/_trace.py:47 close.started
DEBUG 2026-07-20 13:35:19 re/_trace.py:47 close.complete
DEBUG 2026-07-20 13:35:19 re/_trace.py:47 close.started
DEBUG 2026-07-20 13:35:19 re/_trace.py:47 close.complete
DEBUG 2026-07-20 13:35:19 re/_trace.py:47 close.started
DEBUG 2026-07-20 13:35:19 re/_trace.py:47 close.complete
DEBUG 2026-07-20 13:35:19 re/_trace.py:47 close.started
DEBUG 2026-07-20 13:35:19 re/_trace.py:47 close.complete
DEBUG 2026-07-20 13:35:19 re/_trace.py:47 close.started
DEBUG 2026-07-20 13:35:19 re/_trace.py:47 close.complete
DEBUG 2026-07-20 13:35:19 re/_trace.py:47 close.started
DEBUG 2026-07-20 13:35:19 re/_trace.py:47 close.complete
DEBUG 2026-07-20 13:35:19 re/_trace.py:47 close.started
DEBUG 2026-07-20 13:35:19 re/_trace.py:47 close.complete
DEBUG 2026-07-20 13:35:19 re/_trace.py:47 close.started
DEBUG 2026-07-20 13:35:19 re/_trace.py:47 close.complete
DEBUG 2026-07-20 13:35:20 re/_trace.py:47 close.started
DEBUG 2026-07-20 13:35:20 re/_trace.py:47 close.complete
INFO 2026-07-20 13:40:25 ot_train.py:459 step:28K smpl:13M ep:9K epch:178.53 loss:0.002 grdn:0.040 lr:3.2e-06 updt_s:3.326 data_s:0.215
DEBUG 2026-07-20 13:44:52 re/_trace.py:47 close.started
DEBUG 2026-07-20 13:44:52 re/_trace.py:47 close.complete
DEBUG 2026-07-20 13:44:52 re/_trace.py:47 close.started
DEBUG 2026-07-20 13:44:52 re/_trace.py:47 close.complete
DEBUG 2026-07-20 13:44:52 re/_trace.py:47 close.started
DEBUG 2026-07-20 13:44:52 re/_trace.py:47 close.complete
DEBUG 2026-07-20 13:44:52 re/_trace.py:47 close.started
DEBUG 2026-07-20 13:44:52 re/_trace.py:47 close.complete
DEBUG 2026-07-20 13:44:52 re/_trace.py:47 close.started
DEBUG 2026-07-20 13:44:52 re/_trace.py:47 close.complete
DEBUG 2026-07-20 13:44:52 re/_trace.py:47 close.started
DEBUG 2026-07-20 13:44:52 re/_trace.py:47 close.complete
DEBUG 2026-07-20 13:44:52 re/_trace.py:47 close.started
DEBUG 2026-07-20 13:44:52 re/_trace.py:47 close.complete
DEBUG 2026-07-20 13:44:52 re/_trace.py:47 close.started
DEBUG 2026-07-20 13:44:52 re/_trace.py:47 close.complete
DEBUG 2026-07-20 13:44:53 re/_trace.py:47 close.started
DEBUG 2026-07-20 13:44:53 re/_trace.py:47 close.complete
DEBUG 2026-07-20 13:44:53 re/_trace.py:47 close.started
DEBUG 2026-07-20 13:44:53 re/_trace.py:47 close.complete
INFO 2026-07-20 13:52:13 ot_train.py:459 step:29K smpl:13M ep:9K epch:179.78 loss:0.002 grdn:0.039 lr:3.1e-06 updt_s:3.329 data_s:0.207
DEBUG 2026-07-20 13:54:26 re/_trace.py:47 close.started
DEBUG 2026-07-20 13:54:26 re/_trace.py:47 close.complete
DEBUG 2026-07-20 13:54:26 re/_trace.py:47 close.started
DEBUG 2026-07-20 13:54:26 re/_trace.py:47 close.complete
DEBUG 2026-07-20 13:54:26 re/_trace.py:47 close.started
DEBUG 2026-07-20 13:54:26 re/_trace.py:47 close.complete
DEBUG 2026-07-20 13:54:26 re/_trace.py:47 close.started
DEBUG 2026-07-20 13:54:26 re/_trace.py:47 close.complete
DEBUG 2026-07-20 13:54:26 re/_trace.py:47 close.started
DEBUG 2026-07-20 13:54:26 re/_trace.py:47 close.complete
DEBUG 2026-07-20 13:54:27 re/_trace.py:47 close.started
DEBUG 2026-07-20 13:54:27 re/_trace.py:47 close.complete
DEBUG 2026-07-20 13:54:27 re/_trace.py:47 close.started
DEBUG 2026-07-20 13:54:27 re/_trace.py:47 close.complete
DEBUG 2026-07-20 13:54:27 re/_trace.py:47 close.started
DEBUG 2026-07-20 13:54:27 re/_trace.py:47 close.complete
DEBUG 2026-07-20 13:54:27 re/_trace.py:47 close.started
DEBUG 2026-07-20 13:54:27 re/_trace.py:47 close.complete
DEBUG 2026-07-20 13:54:27 re/_trace.py:47 close.started
DEBUG 2026-07-20 13:54:27 re/_trace.py:47 close.complete
INFO 2026-07-20 14:03:57 ot_train.py:459 step:29K smpl:13M ep:9K epch:181.04 loss:0.002 grdn:0.038 lr:2.9e-06 updt_s:3.307 data_s:0.211
DEBUG 2026-07-20 14:03:58 re/_trace.py:47 close.started
DEBUG 2026-07-20 14:03:58 re/_trace.py:47 close.complete
DEBUG 2026-07-20 14:03:58 re/_trace.py:47 close.started
DEBUG 2026-07-20 14:03:58 re/_trace.py:47 close.complete
DEBUG 2026-07-20 14:03:58 re/_trace.py:47 close.started
DEBUG 2026-07-20 14:03:58 re/_trace.py:47 close.complete
DEBUG 2026-07-20 14:03:58 re/_trace.py:47 close.started
DEBUG 2026-07-20 14:03:58 re/_trace.py:47 close.complete
DEBUG 2026-07-20 14:03:58 re/_trace.py:47 close.started
DEBUG 2026-07-20 14:03:58 re/_trace.py:47 close.complete
DEBUG 2026-07-20 14:03:58 re/_trace.py:47 close.started
DEBUG 2026-07-20 14:03:58 re/_trace.py:47 close.complete
DEBUG 2026-07-20 14:03:58 re/_trace.py:47 close.started
DEBUG 2026-07-20 14:03:58 re/_trace.py:47 close.complete
DEBUG 2026-07-20 14:03:58 re/_trace.py:47 close.started
DEBUG 2026-07-20 14:03:58 re/_trace.py:47 close.complete
DEBUG 2026-07-20 14:03:59 re/_trace.py:47 close.started
DEBUG 2026-07-20 14:03:59 re/_trace.py:47 close.complete
DEBUG 2026-07-20 14:03:59 re/_trace.py:47 close.started
DEBUG 2026-07-20 14:03:59 re/_trace.py:47 close.complete
DEBUG 2026-07-20 14:13:33 re/_trace.py:47 close.started
DEBUG 2026-07-20 14:13:33 re/_trace.py:47 close.complete
DEBUG 2026-07-20 14:13:33 re/_trace.py:47 close.started
DEBUG 2026-07-20 14:13:33 re/_trace.py:47 close.complete
DEBUG 2026-07-20 14:13:33 re/_trace.py:47 close.started
DEBUG 2026-07-20 14:13:33 re/_trace.py:47 close.complete
DEBUG 2026-07-20 14:13:33 re/_trace.py:47 close.started
DEBUG 2026-07-20 14:13:33 re/_trace.py:47 close.complete
DEBUG 2026-07-20 14:13:33 re/_trace.py:47 close.started
DEBUG 2026-07-20 14:13:33 re/_trace.py:47 close.complete
DEBUG 2026-07-20 14:13:34 re/_trace.py:47 close.started
DEBUG 2026-07-20 14:13:34 re/_trace.py:47 close.complete
DEBUG 2026-07-20 14:13:34 re/_trace.py:47 close.started
DEBUG 2026-07-20 14:13:34 re/_trace.py:47 close.complete
DEBUG 2026-07-20 14:13:34 re/_trace.py:47 close.started
DEBUG 2026-07-20 14:13:34 re/_trace.py:47 close.complete
DEBUG 2026-07-20 14:13:34 re/_trace.py:47 close.started
DEBUG 2026-07-20 14:13:34 re/_trace.py:47 close.complete
DEBUG 2026-07-20 14:13:34 re/_trace.py:47 close.started
DEBUG 2026-07-20 14:13:34 re/_trace.py:47 close.complete
INFO 2026-07-20 14:16:23 ot_train.py:459 step:29K smpl:13M ep:9K epch:182.30 loss:0.002 grdn:0.040 lr:2.8e-06 updt_s:3.347 data_s:0.375
DEBUG 2026-07-20 14:23:02 re/_trace.py:47 close.started
DEBUG 2026-07-20 14:23:02 re/_trace.py:47 close.complete
DEBUG 2026-07-20 14:23:02 re/_trace.py:47 close.started
DEBUG 2026-07-20 14:23:02 re/_trace.py:47 close.complete
DEBUG 2026-07-20 14:23:03 re/_trace.py:47 close.started
DEBUG 2026-07-20 14:23:03 re/_trace.py:47 close.complete
DEBUG 2026-07-20 14:23:03 re/_trace.py:47 close.started
DEBUG 2026-07-20 14:23:03 re/_trace.py:47 close.complete
DEBUG 2026-07-20 14:23:03 re/_trace.py:47 close.started
DEBUG 2026-07-20 14:23:03 re/_trace.py:47 close.complete
DEBUG 2026-07-20 14:23:03 re/_trace.py:47 close.started
DEBUG 2026-07-20 14:23:03 re/_trace.py:47 close.complete
DEBUG 2026-07-20 14:23:03 re/_trace.py:47 close.started
DEBUG 2026-07-20 14:23:03 re/_trace.py:47 close.complete
DEBUG 2026-07-20 14:23:03 re/_trace.py:47 close.started
DEBUG 2026-07-20 14:23:03 re/_trace.py:47 close.complete
DEBUG 2026-07-20 14:23:03 re/_trace.py:47 close.started
DEBUG 2026-07-20 14:23:03 re/_trace.py:47 close.complete
DEBUG 2026-07-20 14:23:03 re/_trace.py:47 close.started
DEBUG 2026-07-20 14:23:03 re/_trace.py:47 close.complete
INFO 2026-07-20 14:28:10 ot_train.py:459 step:29K smpl:13M ep:9K epch:183.55 loss:0.002 grdn:0.039 lr:2.7e-06 updt_s:3.303 data_s:0.227
DEBUG 2026-07-20 14:32:35 re/_trace.py:47 close.started
DEBUG 2026-07-20 14:32:35 re/_trace.py:47 close.complete
DEBUG 2026-07-20 14:32:35 re/_trace.py:47 close.started
DEBUG 2026-07-20 14:32:35 re/_trace.py:47 close.complete
DEBUG 2026-07-20 14:32:35 re/_trace.py:47 close.started
DEBUG 2026-07-20 14:32:35 re/_trace.py:47 close.complete
DEBUG 2026-07-20 14:32:35 re/_trace.py:47 close.started
DEBUG 2026-07-20 14:32:35 re/_trace.py:47 close.complete
DEBUG 2026-07-20 14:32:35 re/_trace.py:47 close.started
DEBUG 2026-07-20 14:32:35 re/_trace.py:47 close.complete
DEBUG 2026-07-20 14:32:35 re/_trace.py:47 close.started
DEBUG 2026-07-20 14:32:35 re/_trace.py:47 close.complete
DEBUG 2026-07-20 14:32:36 re/_trace.py:47 close.started
DEBUG 2026-07-20 14:32:36 re/_trace.py:47 close.complete
DEBUG 2026-07-20 14:32:36 re/_trace.py:47 close.started
DEBUG 2026-07-20 14:32:36 re/_trace.py:47 close.complete
DEBUG 2026-07-20 14:32:36 re/_trace.py:47 close.started
DEBUG 2026-07-20 14:32:36 re/_trace.py:47 close.complete
DEBUG 2026-07-20 14:32:36 re/_trace.py:47 close.started
DEBUG 2026-07-20 14:32:36 re/_trace.py:47 close.complete
INFO 2026-07-20 14:39:56 ot_train.py:459 step:29K smpl:13M ep:9K epch:184.81 loss:0.002 grdn:0.039 lr:2.6e-06 updt_s:3.307 data_s:0.221
DEBUG 2026-07-20 14:42:09 re/_trace.py:47 close.started
DEBUG 2026-07-20 14:42:09 re/_trace.py:47 close.complete
DEBUG 2026-07-20 14:42:09 re/_trace.py:47 close.started
DEBUG 2026-07-20 14:42:09 re/_trace.py:47 close.complete
DEBUG 2026-07-20 14:42:09 re/_trace.py:47 close.started
DEBUG 2026-07-20 14:42:09 re/_trace.py:47 close.complete
DEBUG 2026-07-20 14:42:09 re/_trace.py:47 close.started
DEBUG 2026-07-20 14:42:09 re/_trace.py:47 close.complete
DEBUG 2026-07-20 14:42:09 re/_trace.py:47 close.started
DEBUG 2026-07-20 14:42:09 re/_trace.py:47 close.complete
DEBUG 2026-07-20 14:42:09 re/_trace.py:47 close.started
DEBUG 2026-07-20 14:42:09 re/_trace.py:47 close.complete
DEBUG 2026-07-20 14:42:10 re/_trace.py:47 close.started
DEBUG 2026-07-20 14:42:10 re/_trace.py:47 close.complete
DEBUG 2026-07-20 14:42:10 re/_trace.py:47 close.started
DEBUG 2026-07-20 14:42:10 re/_trace.py:47 close.complete
DEBUG 2026-07-20 14:42:10 re/_trace.py:47 close.started
DEBUG 2026-07-20 14:42:10 re/_trace.py:47 close.complete
DEBUG 2026-07-20 14:42:10 re/_trace.py:47 close.started
DEBUG 2026-07-20 14:42:10 re/_trace.py:47 close.complete
INFO 2026-07-20 14:51:44 ot_train.py:459 step:30K smpl:13M ep:9K epch:186.07 loss:0.002 grdn:0.039 lr:2.6e-06 updt_s:3.301 data_s:0.233
DEBUG 2026-07-20 14:51:44 re/_trace.py:47 close.started
DEBUG 2026-07-20 14:51:44 re/_trace.py:47 close.complete
DEBUG 2026-07-20 14:51:44 re/_trace.py:47 close.started
DEBUG 2026-07-20 14:51:44 re/_trace.py:47 close.complete
DEBUG 2026-07-20 14:51:44 re/_trace.py:47 close.started
DEBUG 2026-07-20 14:51:44 re/_trace.py:47 close.complete
DEBUG 2026-07-20 14:51:44 re/_trace.py:47 close.started
DEBUG 2026-07-20 14:51:44 re/_trace.py:47 close.complete
DEBUG 2026-07-20 14:51:45 re/_trace.py:47 close.started
DEBUG 2026-07-20 14:51:45 re/_trace.py:47 close.complete
DEBUG 2026-07-20 14:51:45 re/_trace.py:47 close.started
DEBUG 2026-07-20 14:51:45 re/_trace.py:47 close.complete
DEBUG 2026-07-20 14:51:45 re/_trace.py:47 close.started
DEBUG 2026-07-20 14:51:45 re/_trace.py:47 close.complete
DEBUG 2026-07-20 14:51:45 re/_trace.py:47 close.started
DEBUG 2026-07-20 14:51:45 re/_trace.py:47 close.complete
DEBUG 2026-07-20 14:51:45 re/_trace.py:47 close.started
DEBUG 2026-07-20 14:51:45 re/_trace.py:47 close.complete
DEBUG 2026-07-20 14:51:45 re/_trace.py:47 close.started
DEBUG 2026-07-20 14:51:45 re/_trace.py:47 close.complete
DEBUG 2026-07-20 15:01:20 re/_trace.py:47 close.started
DEBUG 2026-07-20 15:01:20 re/_trace.py:47 close.complete
DEBUG 2026-07-20 15:01:21 re/_trace.py:47 close.started
DEBUG 2026-07-20 15:01:21 re/_trace.py:47 close.complete
DEBUG 2026-07-20 15:01:21 re/_trace.py:47 close.started
DEBUG 2026-07-20 15:01:21 re/_trace.py:47 close.complete
DEBUG 2026-07-20 15:01:21 re/_trace.py:47 close.started
DEBUG 2026-07-20 15:01:21 re/_trace.py:47 close.complete
DEBUG 2026-07-20 15:01:21 re/_trace.py:47 close.started
DEBUG 2026-07-20 15:01:21 re/_trace.py:47 close.complete
DEBUG 2026-07-20 15:01:21 re/_trace.py:47 close.started
DEBUG 2026-07-20 15:01:21 re/_trace.py:47 close.complete
DEBUG 2026-07-20 15:01:21 re/_trace.py:47 close.started
DEBUG 2026-07-20 15:01:21 re/_trace.py:47 close.complete
DEBUG 2026-07-20 15:01:21 re/_trace.py:47 close.started
DEBUG 2026-07-20 15:01:21 re/_trace.py:47 close.complete
DEBUG 2026-07-20 15:01:21 re/_trace.py:47 close.started
DEBUG 2026-07-20 15:01:21 re/_trace.py:47 close.complete
DEBUG 2026-07-20 15:01:21 re/_trace.py:47 close.started
DEBUG 2026-07-20 15:01:21 re/_trace.py:47 close.complete
INFO 2026-07-20 15:04:18 ot_train.py:459 step:30K smpl:14M ep:9K epch:187.33 loss:0.002 grdn:0.039 lr:2.5e-06 updt_s:3.373 data_s:0.395
DEBUG 2026-07-20 15:10:59 re/_trace.py:47 close.started
DEBUG 2026-07-20 15:10:59 re/_trace.py:47 close.complete
DEBUG 2026-07-20 15:10:59 re/_trace.py:47 close.started
DEBUG 2026-07-20 15:10:59 re/_trace.py:47 close.complete
DEBUG 2026-07-20 15:10:59 re/_trace.py:47 close.started
DEBUG 2026-07-20 15:10:59 re/_trace.py:47 close.complete
DEBUG 2026-07-20 15:10:59 re/_trace.py:47 close.started
DEBUG 2026-07-20 15:10:59 re/_trace.py:47 close.complete
DEBUG 2026-07-20 15:10:59 re/_trace.py:47 close.started
DEBUG 2026-07-20 15:10:59 re/_trace.py:47 close.complete
DEBUG 2026-07-20 15:11:00 re/_trace.py:47 close.started
DEBUG 2026-07-20 15:11:00 re/_trace.py:47 close.complete
DEBUG 2026-07-20 15:11:00 re/_trace.py:47 close.started
DEBUG 2026-07-20 15:11:00 re/_trace.py:47 close.complete
DEBUG 2026-07-20 15:11:00 re/_trace.py:47 close.started
DEBUG 2026-07-20 15:11:00 re/_trace.py:47 close.complete
DEBUG 2026-07-20 15:11:00 re/_trace.py:47 close.started
DEBUG 2026-07-20 15:11:00 re/_trace.py:47 close.complete
DEBUG 2026-07-20 15:11:00 re/_trace.py:47 close.started
DEBUG 2026-07-20 15:11:00 re/_trace.py:47 close.complete
INFO 2026-07-20 15:16:08 ot_train.py:459 step:30K smpl:14M ep:9K epch:188.58 loss:0.002 grdn:0.041 lr:2.5e-06 updt_s:3.309 data_s:0.235
INFO 2026-07-20 15:16:08 ot_train.py:479 Checkpoint policy after step 30000
INFO 2026-07-20 15:16:28 ot_train.py:553 End of training
DEBUG 2026-07-20 15:16:29 re/_trace.py:47 close.started
DEBUG 2026-07-20 15:16:29 re/_trace.py:47 close.complete
