INFO 2026-06-30 07:09:20 ot_train.py:217 {'batch_size': 248,
 'checkpoint_path': None,
 'cudnn_deterministic': False,
 'dataset': {'episodes': None,
             'image_transforms': {'enable': False,
                                  'max_num_transforms': 3,
                                  'random_order': False,
                                  'tfs': {'affine': {'kwargs': {'degrees': [-5.0,
                                                                            5.0],
                                                                'translate': [0.05,
                                                                              0.05]},
                                                     'type': 'RandomAffine',
                                                     'weight': 1.0},
                                          'brightness': {'kwargs': {'brightness': [0.8,
                                                                                   1.2]},
                                                         'type': 'ColorJitter',
                                                         'weight': 1.0},
                                          'contrast': {'kwargs': {'contrast': [0.8,
                                                                               1.2]},
                                                       'type': 'ColorJitter',
                                                       'weight': 1.0},
                                          'hue': {'kwargs': {'hue': [-0.05,
                                                                     0.05]},
                                                  'type': 'ColorJitter',
                                                  'weight': 1.0},
                                          'saturation': {'kwargs': {'saturation': [0.5,
                                                                                   1.5]},
                                                         'type': 'ColorJitter',
                                                         'weight': 1.0},
                                          'sharpness': {'kwargs': {'sharpness': [0.5,
                                                                                 1.5]},
                                                        'type': 'SharpnessJitter',
                                                        'weight': 1.0}}},
             'repo_id': 'coport-uni/FR5_task3_turn_the_sliver_air_valve_90_degress_counterclockwise_100',
             'revision': None,
             'root': None,
             'streaming': False,
             'use_imagenet_stats': True,
             'video_backend': 'pyav'},
 'env': None,
 'eval': {'batch_size': 50, 'n_episodes': 50, 'use_async_envs': False},
 'eval_freq': 20000,
 'job_name': 'FR5_task3_turn_the_sliver_air_valve_90_degress_counterclockwise_100_act_h200',
 'log_freq': 200,
 'num_workers': 4,
 'optimizer': {'betas': [0.9, 0.999],
               'eps': 1e-08,
               'grad_clip_norm': 10.0,
               'lr': 4.5e-05,
               'type': 'adamw',
               'weight_decay': 0.0001},
 'output_dir': 'outputs/train/FR5_task3_turn_the_sliver_air_valve_90_degress_counterclockwise_100_act_h200',
 'peft': None,
 'policy': {'chunk_size': 100,
            'device': 'cuda',
            'dim_feedforward': 3200,
            'dim_model': 512,
            'dropout': 0.1,
            'feedforward_activation': 'relu',
            'input_features': {},
            'kl_weight': 10.0,
            'latent_dim': 32,
            'license': None,
            'n_action_steps': 100,
            'n_decoder_layers': 1,
            'n_encoder_layers': 4,
            'n_heads': 8,
            'n_obs_steps': 1,
            'n_vae_encoder_layers': 4,
            'normalization_mapping': {'ACTION': <NormalizationMode.MEAN_STD: 'MEAN_STD'>,
                                      'STATE': <NormalizationMode.MEAN_STD: 'MEAN_STD'>,
                                      'VISUAL': <NormalizationMode.MEAN_STD: 'MEAN_STD'>},
            'optimizer_lr': 4.5e-05,
            'optimizer_lr_backbone': 4.5e-05,
            'optimizer_weight_decay': 0.0001,
            'output_features': {},
            'pre_norm': False,
            'pretrained_backbone_weights': 'ResNet18_Weights.IMAGENET1K_V1',
            'pretrained_path': None,
            'private': None,
            'push_to_hub': True,
            'replace_final_stride_with_dilation': False,
            'repo_id': 'coport-uni/FR5_task3_turn_the_sliver_air_valve_90_degress_counterclockwise_100_act_h200_model',
            'tags': None,
            'temporal_ensemble_coeff': None,
            'type': 'act',
            'use_amp': False,
            'use_peft': False,
            'use_vae': True,
            'vision_backbone': 'resnet18'},
 'rabc_epsilon': 1e-06,
 'rabc_head_mode': 'sparse',
 'rabc_kappa': 0.01,
 'rabc_progress_path': None,
 'rename_map': {},
 'resume': False,
 'save_checkpoint': True,
 'save_freq': 10000,
 'scheduler': None,
 'seed': 55,
 'steps': 100000,
 'tolerance_s': 0.1,
 'use_policy_training_preset': True,
 'use_rabc': False,
 'wandb': {'add_tags': True,
           'disable_artifact': False,
           'enable': True,
           'entity': None,
           'mode': None,
           'notes': None,
           'project': 'lerobot',
           'run_id': None}}
DEBUG 2026-06-30 07:09:20 or_events.py:64 Using selector: EpollSelector
DEBUG 2026-06-30 07:09:20 git/cmd.py:1286 Popen(['git', 'version'], cwd=/workspace/VLARelated/FR5ControllerVLA, stdin=None, shell=False, universal_newlines=False)
DEBUG 2026-06-30 07:09:20 git/cmd.py:1286 Popen(['git', 'version'], cwd=/workspace/VLARelated/FR5ControllerVLA, stdin=None, shell=False, universal_newlines=False)
DEBUG 2026-06-30 07:09:20 git/util.py:494 sys.platform='linux', git_executable='git'
DEBUG 2026-06-30 07:09:20 git/cmd.py:1286 Popen(['git', 'rev-parse', '--show-toplevel'], cwd=/workspace/VLARelated/FR5ControllerVLA, stdin=None, shell=False, universal_newlines=False)
DEBUG 2026-06-30 07:09:21 git/util.py:494 sys.platform='linux', git_executable='git'
DEBUG 2026-06-30 07:09:21 git/cmd.py:1286 Popen(['git', 'cat-file', '--batch-check'], cwd=/workspace/VLARelated/FR5ControllerVLA, stdin=<valid stream>, shell=False, universal_newlines=False)
INFO 2026-06-30 07:09:22 db_utils.py:117 [1m[34mLogs will be synced with wandb.[0m
INFO 2026-06-30 07:09:22 db_utils.py:118 Track this run --> [1m[33mhttps://wandb.ai/ohsungwoo-unist/lerobot/runs/6f8qiefn[0m
INFO 2026-06-30 07:09:22 ot_train.py:241 Creating dataset
DEBUG 2026-06-30 07:09:22 re/_trace.py:47 connect_tcp.started host='huggingface.co' port=443 local_address=None timeout=None socket_options=None
DEBUG 2026-06-30 07:09:22 re/_trace.py:47 connect_tcp.complete return_value=<httpcore._backends.sync.SyncStream object at 0x789c18190950>
DEBUG 2026-06-30 07:09:22 re/_trace.py:47 start_tls.started ssl_context=<ssl.SSLContext object at 0x789c1818c450> server_hostname='huggingface.co' timeout=None
DEBUG 2026-06-30 07:09:22 re/_trace.py:47 start_tls.complete return_value=<httpcore._backends.sync.SyncStream object at 0x789c18190860>
DEBUG 2026-06-30 07:09:22 re/_trace.py:47 send_request_headers.started request=<Request [b'GET']>
DEBUG 2026-06-30 07:09:22 re/_trace.py:47 send_request_headers.complete
DEBUG 2026-06-30 07:09:22 re/_trace.py:47 send_request_body.started request=<Request [b'GET']>
DEBUG 2026-06-30 07:09:22 re/_trace.py:47 send_request_body.complete
DEBUG 2026-06-30 07:09:22 re/_trace.py:47 receive_response_headers.started request=<Request [b'GET']>
DEBUG 2026-06-30 07:09:22 re/_trace.py:47 receive_response_headers.complete return_value=(b'HTTP/1.1', 200, b'OK', [(b'Content-Type', b'application/json; charset=utf-8'), (b'Content-Length', b'337'), (b'Connection', b'keep-alive'), (b'Date', b'Tue, 30 Jun 2026 07:09:22 GMT'), (b'ETag', b'W/"151-QL2xVBMkGnkWUtnypRnhLUCZxnc"'), (b'X-Powered-By', b'huggingface-moon'), (b'X-Request-Id', b'Root=1-6a436ba2-422b853709ec2544269bfdb0;4e0849be-5d3a-4517-8517-c85a4b6e06a0'), (b'RateLimit', b'"api";r=994;t=260'), (b'RateLimit-Policy', b'"fixed window";"api";q=1000;w=300'), (b'cross-origin-opener-policy', b'same-origin'), (b'Referrer-Policy', b'strict-origin-when-cross-origin'), (b'Access-Control-Max-Age', b'86400'), (b'Access-Control-Allow-Origin', b'https://huggingface.co'), (b'Vary', b'Origin'), (b'Access-Control-Expose-Headers', b'X-Repo-Commit,X-Request-Id,X-Error-Code,X-Error-Message,X-Total-Count,ETag,Link,Accept-Ranges,Content-Range,X-Linked-Size,X-Linked-ETag,X-Xet-Hash'), (b'X-Cache', b'Miss from cloudfront'), (b'Via', b'1.1 de6fd68c70ca3c12cb609faad680c294.cloudfront.net (CloudFront)'), (b'X-Amz-Cf-Pop', b'ICN57-P5'), (b'X-Amz-Cf-Id', b'H8mzwD1DCYTxGAClQiWkCMx1SkECqxGTZlMGZTRYDe-a_vtK_4knHg==')])
INFO 2026-06-30 07:09:22 _client.py:1025 HTTP Request: GET https://huggingface.co/api/datasets/coport-uni/FR5_task3_turn_the_sliver_air_valve_90_degress_counterclockwise_100/refs "HTTP/1.1 200 OK"
DEBUG 2026-06-30 07:09:22 re/_trace.py:47 receive_response_body.started request=<Request [b'GET']>
DEBUG 2026-06-30 07:09:22 re/_trace.py:47 receive_response_body.complete
DEBUG 2026-06-30 07:09:22 re/_trace.py:47 response_closed.started
DEBUG 2026-06-30 07:09:22 re/_trace.py:47 response_closed.complete
DEBUG 2026-06-30 07:09:22 re/_trace.py:47 send_request_headers.started request=<Request [b'GET']>
DEBUG 2026-06-30 07:09:22 re/_trace.py:47 send_request_headers.complete
DEBUG 2026-06-30 07:09:22 re/_trace.py:47 send_request_body.started request=<Request [b'GET']>
DEBUG 2026-06-30 07:09:22 re/_trace.py:47 send_request_body.complete
DEBUG 2026-06-30 07:09:22 re/_trace.py:47 receive_response_headers.started request=<Request [b'GET']>
DEBUG 2026-06-30 07:09:22 re/_trace.py:47 receive_response_headers.complete return_value=(b'HTTP/1.1', 200, b'OK', [(b'Content-Type', b'application/json; charset=utf-8'), (b'Transfer-Encoding', b'chunked'), (b'Connection', b'keep-alive'), (b'Date', b'Tue, 30 Jun 2026 07:09:22 GMT'), (b'content-encoding', b'gzip'), (b'ETag', b'W/"168b-0DtQ4OlOWtN5tN5AKLhAeG+7YDM"'), (b'X-Powered-By', b'huggingface-moon'), (b'X-Request-Id', b'Root=1-6a436ba2-750ff0f6122d264216a1578e;84a55b3d-45e3-4aeb-b4f2-ca8830fdeb08'), (b'RateLimit', b'"api";r=993;t=260'), (b'RateLimit-Policy', b'"fixed window";"api";q=1000;w=300'), (b'cross-origin-opener-policy', b'same-origin'), (b'Referrer-Policy', b'strict-origin-when-cross-origin'), (b'Access-Control-Max-Age', b'86400'), (b'Access-Control-Allow-Origin', b'https://huggingface.co'), (b'Vary', b'Origin'), (b'vary', b'Accept-Encoding'), (b'Access-Control-Expose-Headers', b'X-Repo-Commit,X-Request-Id,X-Error-Code,X-Error-Message,X-Total-Count,ETag,Link,Accept-Ranges,Content-Range,X-Linked-Size,X-Linked-ETag,X-Xet-Hash'), (b'X-Cache', b'Miss from cloudfront'), (b'Via', b'1.1 de6fd68c70ca3c12cb609faad680c294.cloudfront.net (CloudFront)'), (b'X-Amz-Cf-Pop', b'ICN57-P5'), (b'X-Amz-Cf-Id', b'3RiMHgf2WymSRhfHTozDqy4GbKw_j3V2JSjXdEco8ZYmcjKXBSKsIA==')])
INFO 2026-06-30 07:09:22 _client.py:1025 HTTP Request: GET https://huggingface.co/api/datasets/coport-uni/FR5_task3_turn_the_sliver_air_valve_90_degress_counterclockwise_100/revision/v3.0 "HTTP/1.1 200 OK"
DEBUG 2026-06-30 07:09:22 re/_trace.py:47 receive_response_body.started request=<Request [b'GET']>
DEBUG 2026-06-30 07:09:22 re/_trace.py:47 receive_response_body.complete
DEBUG 2026-06-30 07:09:22 re/_trace.py:47 response_closed.started
DEBUG 2026-06-30 07:09:22 re/_trace.py:47 response_closed.complete
DEBUG 2026-06-30 07:09:22 ock/_api.py:501 Attempting to acquire lock 132611814529776 on /root/.cache/huggingface/lerobot/coport-uni/FR5_task3_turn_the_sliver_air_valve_90_degress_counterclockwise_100/.cache/huggingface/.gitignore.lock
DEBUG 2026-06-30 07:09:22 ock/_api.py:501 Attempting to acquire lock 132611814525936 on /root/.cache/huggingface/lerobot/coport-uni/FR5_task3_turn_the_sliver_air_valve_90_degress_counterclockwise_100/.cache/huggingface/.gitignore.lock
DEBUG 2026-06-30 07:09:22 ock/_api.py:501 Attempting to acquire lock 132611814527712 on /root/.cache/huggingface/lerobot/coport-uni/FR5_task3_turn_the_sliver_air_valve_90_degress_counterclockwise_100/.cache/huggingface/.gitignore.lock
DEBUG 2026-06-30 07:09:22 ock/_api.py:501 Attempting to acquire lock 132611814524592 on /root/.cache/huggingface/lerobot/coport-uni/FR5_task3_turn_the_sliver_air_valve_90_degress_counterclockwise_100/.cache/huggingface/.gitignore.lock
DEBUG 2026-06-30 07:09:22 ock/_api.py:501 Attempting to acquire lock 132611814528672 on /root/.cache/huggingface/lerobot/coport-uni/FR5_task3_turn_the_sliver_air_valve_90_degress_counterclockwise_100/.cache/huggingface/.gitignore.lock
DEBUG 2026-06-30 07:09:22 ock/_api.py:501 Attempting to acquire lock 132611814530400 on /root/.cache/huggingface/lerobot/coport-uni/FR5_task3_turn_the_sliver_air_valve_90_degress_counterclockwise_100/.cache/huggingface/.gitignore.lock
DEBUG 2026-06-30 07:09:22 ock/_api.py:501 Attempting to acquire lock 132611814531360 on /root/.cache/huggingface/lerobot/coport-uni/FR5_task3_turn_the_sliver_air_valve_90_degress_counterclockwise_100/.cache/huggingface/.gitignore.lock
DEBUG 2026-06-30 07:09:22 ock/_api.py:504 Lock 132611814529776 acquired on /root/.cache/huggingface/lerobot/coport-uni/FR5_task3_turn_the_sliver_air_valve_90_degress_counterclockwise_100/.cache/huggingface/.gitignore.lock
DEBUG 2026-06-30 07:09:22 ock/_api.py:516 Lock 132611814527712 not acquired on /root/.cache/huggingface/lerobot/coport-uni/FR5_task3_turn_the_sliver_air_valve_90_degress_counterclockwise_100/.cache/huggingface/.gitignore.lock, waiting 0.05 seconds ...
DEBUG 2026-06-30 07:09:22 ock/_api.py:501 Attempting to acquire lock 132611814523920 on /root/.cache/huggingface/lerobot/coport-uni/FR5_task3_turn_the_sliver_air_valve_90_degress_counterclockwise_100/.cache/huggingface/.gitignore.lock
DEBUG 2026-06-30 07:09:22 ock/_api.py:516 Lock 132611814524592 not acquired on /root/.cache/huggingface/lerobot/coport-uni/FR5_task3_turn_the_sliver_air_valve_90_degress_counterclockwise_100/.cache/huggingface/.gitignore.lock, waiting 0.05 seconds ...
DEBUG 2026-06-30 07:09:22 ock/_api.py:516 Lock 132611814525936 not acquired on /root/.cache/huggingface/lerobot/coport-uni/FR5_task3_turn_the_sliver_air_valve_90_degress_counterclockwise_100/.cache/huggingface/.gitignore.lock, waiting 0.05 seconds ...
DEBUG 2026-06-30 07:09:22 ock/_api.py:516 Lock 132611814530400 not acquired on /root/.cache/huggingface/lerobot/coport-uni/FR5_task3_turn_the_sliver_air_valve_90_degress_counterclockwise_100/.cache/huggingface/.gitignore.lock, waiting 0.05 seconds ...
DEBUG 2026-06-30 07:09:22 ock/_api.py:516 Lock 132611814528672 not acquired on /root/.cache/huggingface/lerobot/coport-uni/FR5_task3_turn_the_sliver_air_valve_90_degress_counterclockwise_100/.cache/huggingface/.gitignore.lock, waiting 0.05 seconds ...
DEBUG 2026-06-30 07:09:22 ock/_api.py:516 Lock 132611814531360 not acquired on /root/.cache/huggingface/lerobot/coport-uni/FR5_task3_turn_the_sliver_air_valve_90_degress_counterclockwise_100/.cache/huggingface/.gitignore.lock, waiting 0.05 seconds ...
DEBUG 2026-06-30 07:09:22 ock/_api.py:541 Attempting to release lock 132611814529776 on /root/.cache/huggingface/lerobot/coport-uni/FR5_task3_turn_the_sliver_air_valve_90_degress_counterclockwise_100/.cache/huggingface/.gitignore.lock
DEBUG 2026-06-30 07:09:22 ock/_api.py:516 Lock 132611814523920 not acquired on /root/.cache/huggingface/lerobot/coport-uni/FR5_task3_turn_the_sliver_air_valve_90_degress_counterclockwise_100/.cache/huggingface/.gitignore.lock, waiting 0.05 seconds ...
DEBUG 2026-06-30 07:09:22 ock/_api.py:545 Lock 132611814529776 released on /root/.cache/huggingface/lerobot/coport-uni/FR5_task3_turn_the_sliver_air_valve_90_degress_counterclockwise_100/.cache/huggingface/.gitignore.lock
DEBUG 2026-06-30 07:09:22 ock/_api.py:501 Attempting to acquire lock 132611814527232 on /root/.cache/huggingface/lerobot/coport-uni/FR5_task3_turn_the_sliver_air_valve_90_degress_counterclockwise_100/.cache/huggingface/download/meta/episodes/chunk-000/file-000.parquet.lock
DEBUG 2026-06-30 07:09:22 ock/_api.py:504 Lock 132611814527232 acquired on /root/.cache/huggingface/lerobot/coport-uni/FR5_task3_turn_the_sliver_air_valve_90_degress_counterclockwise_100/.cache/huggingface/download/meta/episodes/chunk-000/file-000.parquet.lock
DEBUG 2026-06-30 07:09:22 ock/_api.py:541 Attempting to release lock 132611814527232 on /root/.cache/huggingface/lerobot/coport-uni/FR5_task3_turn_the_sliver_air_valve_90_degress_counterclockwise_100/.cache/huggingface/download/meta/episodes/chunk-000/file-000.parquet.lock
DEBUG 2026-06-30 07:09:22 ock/_api.py:545 Lock 132611814527232 released on /root/.cache/huggingface/lerobot/coport-uni/FR5_task3_turn_the_sliver_air_valve_90_degress_counterclockwise_100/.cache/huggingface/download/meta/episodes/chunk-000/file-000.parquet.lock
DEBUG 2026-06-30 07:09:22 re/_trace.py:47 send_request_headers.started request=<Request [b'HEAD']>
DEBUG 2026-06-30 07:09:22 re/_trace.py:47 send_request_headers.complete
DEBUG 2026-06-30 07:09:22 re/_trace.py:47 send_request_body.started request=<Request [b'HEAD']>
DEBUG 2026-06-30 07:09:22 re/_trace.py:47 send_request_body.complete
DEBUG 2026-06-30 07:09:22 re/_trace.py:47 receive_response_headers.started request=<Request [b'HEAD']>
DEBUG 2026-06-30 07:09:22 ock/_api.py:501 Attempting to acquire lock 132611814524592 on /root/.cache/huggingface/lerobot/coport-uni/FR5_task3_turn_the_sliver_air_valve_90_degress_counterclockwise_100/.cache/huggingface/.gitignore.lock
DEBUG 2026-06-30 07:09:22 ock/_api.py:501 Attempting to acquire lock 132611814530400 on /root/.cache/huggingface/lerobot/coport-uni/FR5_task3_turn_the_sliver_air_valve_90_degress_counterclockwise_100/.cache/huggingface/.gitignore.lock
DEBUG 2026-06-30 07:09:22 ock/_api.py:501 Attempting to acquire lock 132611814531360 on /root/.cache/huggingface/lerobot/coport-uni/FR5_task3_turn_the_sliver_air_valve_90_degress_counterclockwise_100/.cache/huggingface/.gitignore.lock
DEBUG 2026-06-30 07:09:22 ock/_api.py:501 Attempting to acquire lock 132611814527712 on /root/.cache/huggingface/lerobot/coport-uni/FR5_task3_turn_the_sliver_air_valve_90_degress_counterclockwise_100/.cache/huggingface/.gitignore.lock
DEBUG 2026-06-30 07:09:22 ock/_api.py:501 Attempting to acquire lock 132611814528672 on /root/.cache/huggingface/lerobot/coport-uni/FR5_task3_turn_the_sliver_air_valve_90_degress_counterclockwise_100/.cache/huggingface/.gitignore.lock
DEBUG 2026-06-30 07:09:22 ock/_api.py:501 Attempting to acquire lock 132611814525936 on /root/.cache/huggingface/lerobot/coport-uni/FR5_task3_turn_the_sliver_air_valve_90_degress_counterclockwise_100/.cache/huggingface/.gitignore.lock
DEBUG 2026-06-30 07:09:22 ock/_api.py:504 Lock 132611814530400 acquired on /root/.cache/huggingface/lerobot/coport-uni/FR5_task3_turn_the_sliver_air_valve_90_degress_counterclockwise_100/.cache/huggingface/.gitignore.lock
DEBUG 2026-06-30 07:09:22 ock/_api.py:501 Attempting to acquire lock 132611814523920 on /root/.cache/huggingface/lerobot/coport-uni/FR5_task3_turn_the_sliver_air_valve_90_degress_counterclockwise_100/.cache/huggingface/.gitignore.lock
DEBUG 2026-06-30 07:09:22 ock/_api.py:516 Lock 132611814524592 not acquired on /root/.cache/huggingface/lerobot/coport-uni/FR5_task3_turn_the_sliver_air_valve_90_degress_counterclockwise_100/.cache/huggingface/.gitignore.lock, waiting 0.05 seconds ...
DEBUG 2026-06-30 07:09:22 ock/_api.py:516 Lock 132611814531360 not acquired on /root/.cache/huggingface/lerobot/coport-uni/FR5_task3_turn_the_sliver_air_valve_90_degress_counterclockwise_100/.cache/huggingface/.gitignore.lock, waiting 0.05 seconds ...
DEBUG 2026-06-30 07:09:22 ock/_api.py:516 Lock 132611814527712 not acquired on /root/.cache/huggingface/lerobot/coport-uni/FR5_task3_turn_the_sliver_air_valve_90_degress_counterclockwise_100/.cache/huggingface/.gitignore.lock, waiting 0.05 seconds ...
DEBUG 2026-06-30 07:09:22 ock/_api.py:516 Lock 132611814528672 not acquired on /root/.cache/huggingface/lerobot/coport-uni/FR5_task3_turn_the_sliver_air_valve_90_degress_counterclockwise_100/.cache/huggingface/.gitignore.lock, waiting 0.05 seconds ...
DEBUG 2026-06-30 07:09:22 ock/_api.py:541 Attempting to release lock 132611814530400 on /root/.cache/huggingface/lerobot/coport-uni/FR5_task3_turn_the_sliver_air_valve_90_degress_counterclockwise_100/.cache/huggingface/.gitignore.lock
DEBUG 2026-06-30 07:09:22 ock/_api.py:516 Lock 132611814525936 not acquired on /root/.cache/huggingface/lerobot/coport-uni/FR5_task3_turn_the_sliver_air_valve_90_degress_counterclockwise_100/.cache/huggingface/.gitignore.lock, waiting 0.05 seconds ...
DEBUG 2026-06-30 07:09:22 ock/_api.py:516 Lock 132611814523920 not acquired on /root/.cache/huggingface/lerobot/coport-uni/FR5_task3_turn_the_sliver_air_valve_90_degress_counterclockwise_100/.cache/huggingface/.gitignore.lock, waiting 0.05 seconds ...
DEBUG 2026-06-30 07:09:22 ock/_api.py:545 Lock 132611814530400 released on /root/.cache/huggingface/lerobot/coport-uni/FR5_task3_turn_the_sliver_air_valve_90_degress_counterclockwise_100/.cache/huggingface/.gitignore.lock
DEBUG 2026-06-30 07:09:22 ock/_api.py:501 Attempting to acquire lock 132611814526608 on /root/.cache/huggingface/lerobot/coport-uni/FR5_task3_turn_the_sliver_air_valve_90_degress_counterclockwise_100/.cache/huggingface/download/meta/episodes/chunk-000/file-004.parquet.lock
DEBUG 2026-06-30 07:09:22 ock/_api.py:504 Lock 132611814526608 acquired on /root/.cache/huggingface/lerobot/coport-uni/FR5_task3_turn_the_sliver_air_valve_90_degress_counterclockwise_100/.cache/huggingface/download/meta/episodes/chunk-000/file-004.parquet.lock
DEBUG 2026-06-30 07:09:22 ock/_api.py:541 Attempting to release lock 132611814526608 on /root/.cache/huggingface/lerobot/coport-uni/FR5_task3_turn_the_sliver_air_valve_90_degress_counterclockwise_100/.cache/huggingface/download/meta/episodes/chunk-000/file-004.parquet.lock
DEBUG 2026-06-30 07:09:22 ock/_api.py:545 Lock 132611814526608 released on /root/.cache/huggingface/lerobot/coport-uni/FR5_task3_turn_the_sliver_air_valve_90_degress_counterclockwise_100/.cache/huggingface/download/meta/episodes/chunk-000/file-004.parquet.lock
DEBUG 2026-06-30 07:09:22 re/_trace.py:47 connect_tcp.started host='huggingface.co' port=443 local_address=None timeout=10 socket_options=None
DEBUG 2026-06-30 07:09:22 re/_trace.py:47 connect_tcp.complete return_value=<httpcore._backends.sync.SyncStream object at 0x789c181a1550>
DEBUG 2026-06-30 07:09:22 re/_trace.py:47 start_tls.started ssl_context=<ssl.SSLContext object at 0x789c1818c450> server_hostname='huggingface.co' timeout=10
DEBUG 2026-06-30 07:09:22 re/_trace.py:47 start_tls.complete return_value=<httpcore._backends.sync.SyncStream object at 0x789c181a09b0>
DEBUG 2026-06-30 07:09:22 re/_trace.py:47 send_request_headers.started request=<Request [b'HEAD']>
DEBUG 2026-06-30 07:09:22 re/_trace.py:47 send_request_headers.complete
DEBUG 2026-06-30 07:09:22 re/_trace.py:47 send_request_body.started request=<Request [b'HEAD']>
DEBUG 2026-06-30 07:09:22 re/_trace.py:47 send_request_body.complete
DEBUG 2026-06-30 07:09:22 re/_trace.py:47 receive_response_headers.started request=<Request [b'HEAD']>
DEBUG 2026-06-30 07:09:22 ock/_api.py:501 Attempting to acquire lock 132611814525936 on /root/.cache/huggingface/lerobot/coport-uni/FR5_task3_turn_the_sliver_air_valve_90_degress_counterclockwise_100/.cache/huggingface/.gitignore.lock
DEBUG 2026-06-30 07:09:22 ock/_api.py:501 Attempting to acquire lock 132611814531360 on /root/.cache/huggingface/lerobot/coport-uni/FR5_task3_turn_the_sliver_air_valve_90_degress_counterclockwise_100/.cache/huggingface/.gitignore.lock
DEBUG 2026-06-30 07:09:22 ock/_api.py:501 Attempting to acquire lock 132611814527712 on /root/.cache/huggingface/lerobot/coport-uni/FR5_task3_turn_the_sliver_air_valve_90_degress_counterclockwise_100/.cache/huggingface/.gitignore.lock
DEBUG 2026-06-30 07:09:22 ock/_api.py:501 Attempting to acquire lock 132611814524592 on /root/.cache/huggingface/lerobot/coport-uni/FR5_task3_turn_the_sliver_air_valve_90_degress_counterclockwise_100/.cache/huggingface/.gitignore.lock
DEBUG 2026-06-30 07:09:22 ock/_api.py:501 Attempting to acquire lock 132611814523920 on /root/.cache/huggingface/lerobot/coport-uni/FR5_task3_turn_the_sliver_air_valve_90_degress_counterclockwise_100/.cache/huggingface/.gitignore.lock
DEBUG 2026-06-30 07:09:22 ock/_api.py:501 Attempting to acquire lock 132611814528672 on /root/.cache/huggingface/lerobot/coport-uni/FR5_task3_turn_the_sliver_air_valve_90_degress_counterclockwise_100/.cache/huggingface/.gitignore.lock
DEBUG 2026-06-30 07:09:22 ock/_api.py:504 Lock 132611814525936 acquired on /root/.cache/huggingface/lerobot/coport-uni/FR5_task3_turn_the_sliver_air_valve_90_degress_counterclockwise_100/.cache/huggingface/.gitignore.lock
DEBUG 2026-06-30 07:09:22 ock/_api.py:416 Timeout on acquiring lock 132611814527712 on /root/.cache/huggingface/lerobot/coport-uni/FR5_task3_turn_the_sliver_air_valve_90_degress_counterclockwise_100/.cache/huggingface/.gitignore.lock
DEBUG 2026-06-30 07:09:22 ock/_api.py:416 Timeout on acquiring lock 132611814531360 on /root/.cache/huggingface/lerobot/coport-uni/FR5_task3_turn_the_sliver_air_valve_90_degress_counterclockwise_100/.cache/huggingface/.gitignore.lock
DEBUG 2026-06-30 07:09:22 ock/_api.py:416 Timeout on acquiring lock 132611814524592 on /root/.cache/huggingface/lerobot/coport-uni/FR5_task3_turn_the_sliver_air_valve_90_degress_counterclockwise_100/.cache/huggingface/.gitignore.lock
DEBUG 2026-06-30 07:09:22 ock/_api.py:416 Timeout on acquiring lock 132611814523920 on /root/.cache/huggingface/lerobot/coport-uni/FR5_task3_turn_the_sliver_air_valve_90_degress_counterclockwise_100/.cache/huggingface/.gitignore.lock
DEBUG 2026-06-30 07:09:22 ock/_api.py:416 Timeout on acquiring lock 132611814528672 on /root/.cache/huggingface/lerobot/coport-uni/FR5_task3_turn_the_sliver_air_valve_90_degress_counterclockwise_100/.cache/huggingface/.gitignore.lock
DEBUG 2026-06-30 07:09:22 ock/_api.py:541 Attempting to release lock 132611814525936 on /root/.cache/huggingface/lerobot/coport-uni/FR5_task3_turn_the_sliver_air_valve_90_degress_counterclockwise_100/.cache/huggingface/.gitignore.lock
DEBUG 2026-06-30 07:09:22 ock/_api.py:501 Attempting to acquire lock 132611814523920 on /root/.cache/huggingface/lerobot/coport-uni/FR5_task3_turn_the_sliver_air_valve_90_degress_counterclockwise_100/.cache/huggingface/download/meta/episodes/chunk-000/file-002.parquet.lock
DEBUG 2026-06-30 07:09:22 ock/_api.py:501 Attempting to acquire lock 132611814595168 on /root/.cache/huggingface/lerobot/coport-uni/FR5_task3_turn_the_sliver_air_valve_90_degress_counterclockwise_100/.cache/huggingface/download/meta/episodes/chunk-000/file-005.parquet.lock
DEBUG 2026-06-30 07:09:22 ock/_api.py:545 Lock 132611814525936 released on /root/.cache/huggingface/lerobot/coport-uni/FR5_task3_turn_the_sliver_air_valve_90_degress_counterclockwise_100/.cache/huggingface/.gitignore.lock
DEBUG 2026-06-30 07:09:22 ock/_api.py:504 Lock 132611814523920 acquired on /root/.cache/huggingface/lerobot/coport-uni/FR5_task3_turn_the_sliver_air_valve_90_degress_counterclockwise_100/.cache/huggingface/download/meta/episodes/chunk-000/file-002.parquet.lock
DEBUG 2026-06-30 07:09:22 ock/_api.py:501 Attempting to acquire lock 132611814595072 on /root/.cache/huggingface/lerobot/coport-uni/FR5_task3_turn_the_sliver_air_valve_90_degress_counterclockwise_100/.cache/huggingface/download/meta/episodes/chunk-000/file-006.parquet.lock
DEBUG 2026-06-30 07:09:22 ock/_api.py:541 Attempting to release lock 132611814523920 on /root/.cache/huggingface/lerobot/coport-uni/FR5_task3_turn_the_sliver_air_valve_90_degress_counterclockwise_100/.cache/huggingface/download/meta/episodes/chunk-000/file-002.parquet.lock
DEBUG 2026-06-30 07:09:22 ock/_api.py:504 Lock 132611814595168 acquired on /root/.cache/huggingface/lerobot/coport-uni/FR5_task3_turn_the_sliver_air_valve_90_degress_counterclockwise_100/.cache/huggingface/download/meta/episodes/chunk-000/file-005.parquet.lock
DEBUG 2026-06-30 07:09:22 ock/_api.py:501 Attempting to acquire lock 132611814594256 on /root/.cache/huggingface/lerobot/coport-uni/FR5_task3_turn_the_sliver_air_valve_90_degress_counterclockwise_100/.cache/huggingface/download/meta/episodes/chunk-000/file-007.parquet.lock
DEBUG 2026-06-30 07:09:22 ock/_api.py:541 Attempting to release lock 132611814595168 on /root/.cache/huggingface/lerobot/coport-uni/FR5_task3_turn_the_sliver_air_valve_90_degress_counterclockwise_100/.cache/huggingface/download/meta/episodes/chunk-000/file-005.parquet.lock
DEBUG 2026-06-30 07:09:22 ock/_api.py:504 Lock 132611814595072 acquired on /root/.cache/huggingface/lerobot/coport-uni/FR5_task3_turn_the_sliver_air_valve_90_degress_counterclockwise_100/.cache/huggingface/download/meta/episodes/chunk-000/file-006.parquet.lock
DEBUG 2026-06-30 07:09:22 ock/_api.py:501 Attempting to acquire lock 132611814594352 on /root/.cache/huggingface/lerobot/coport-uni/FR5_task3_turn_the_sliver_air_valve_90_degress_counterclockwise_100/.cache/huggingface/download/meta/episodes/chunk-000/file-001.parquet.lock
DEBUG 2026-06-30 07:09:22 ock/_api.py:501 Attempting to acquire lock 132611814594448 on /root/.cache/huggingface/lerobot/coport-uni/FR5_task3_turn_the_sliver_air_valve_90_degress_counterclockwise_100/.cache/huggingface/download/meta/episodes/chunk-000/file-003.parquet.lock
DEBUG 2026-06-30 07:09:22 ock/_api.py:504 Lock 132611814594256 acquired on /root/.cache/huggingface/lerobot/coport-uni/FR5_task3_turn_the_sliver_air_valve_90_degress_counterclockwise_100/.cache/huggingface/download/meta/episodes/chunk-000/file-007.parquet.lock
DEBUG 2026-06-30 07:09:22 ock/_api.py:541 Attempting to release lock 132611814595072 on /root/.cache/huggingface/lerobot/coport-uni/FR5_task3_turn_the_sliver_air_valve_90_degress_counterclockwise_100/.cache/huggingface/download/meta/episodes/chunk-000/file-006.parquet.lock
DEBUG 2026-06-30 07:09:22 ock/_api.py:541 Attempting to release lock 132611814594256 on /root/.cache/huggingface/lerobot/coport-uni/FR5_task3_turn_the_sliver_air_valve_90_degress_counterclockwise_100/.cache/huggingface/download/meta/episodes/chunk-000/file-007.parquet.lock
DEBUG 2026-06-30 07:09:22 ock/_api.py:545 Lock 132611814595168 released on /root/.cache/huggingface/lerobot/coport-uni/FR5_task3_turn_the_sliver_air_valve_90_degress_counterclockwise_100/.cache/huggingface/download/meta/episodes/chunk-000/file-005.parquet.lock
DEBUG 2026-06-30 07:09:22 ock/_api.py:504 Lock 132611814594352 acquired on /root/.cache/huggingface/lerobot/coport-uni/FR5_task3_turn_the_sliver_air_valve_90_degress_counterclockwise_100/.cache/huggingface/download/meta/episodes/chunk-000/file-001.parquet.lock
DEBUG 2026-06-30 07:09:22 ock/_api.py:545 Lock 132611814523920 released on /root/.cache/huggingface/lerobot/coport-uni/FR5_task3_turn_the_sliver_air_valve_90_degress_counterclockwise_100/.cache/huggingface/download/meta/episodes/chunk-000/file-002.parquet.lock
DEBUG 2026-06-30 07:09:22 ock/_api.py:504 Lock 132611814594448 acquired on /root/.cache/huggingface/lerobot/coport-uni/FR5_task3_turn_the_sliver_air_valve_90_degress_counterclockwise_100/.cache/huggingface/download/meta/episodes/chunk-000/file-003.parquet.lock
DEBUG 2026-06-30 07:09:22 ock/_api.py:541 Attempting to release lock 132611814594352 on /root/.cache/huggingface/lerobot/coport-uni/FR5_task3_turn_the_sliver_air_valve_90_degress_counterclockwise_100/.cache/huggingface/download/meta/episodes/chunk-000/file-001.parquet.lock
DEBUG 2026-06-30 07:09:22 ock/_api.py:545 Lock 132611814594256 released on /root/.cache/huggingface/lerobot/coport-uni/FR5_task3_turn_the_sliver_air_valve_90_degress_counterclockwise_100/.cache/huggingface/download/meta/episodes/chunk-000/file-007.parquet.lock
DEBUG 2026-06-30 07:09:22 re/_trace.py:47 connect_tcp.started host='huggingface.co' port=443 local_address=None timeout=10 socket_options=None
DEBUG 2026-06-30 07:09:22 ock/_api.py:541 Attempting to release lock 132611814594448 on /root/.cache/huggingface/lerobot/coport-uni/FR5_task3_turn_the_sliver_air_valve_90_degress_counterclockwise_100/.cache/huggingface/download/meta/episodes/chunk-000/file-003.parquet.lock
DEBUG 2026-06-30 07:09:22 ock/_api.py:545 Lock 132611814595072 released on /root/.cache/huggingface/lerobot/coport-uni/FR5_task3_turn_the_sliver_air_valve_90_degress_counterclockwise_100/.cache/huggingface/download/meta/episodes/chunk-000/file-006.parquet.lock
DEBUG 2026-06-30 07:09:22 ock/_api.py:545 Lock 132611814594352 released on /root/.cache/huggingface/lerobot/coport-uni/FR5_task3_turn_the_sliver_air_valve_90_degress_counterclockwise_100/.cache/huggingface/download/meta/episodes/chunk-000/file-001.parquet.lock
DEBUG 2026-06-30 07:09:22 re/_trace.py:47 connect_tcp.started host='huggingface.co' port=443 local_address=None timeout=10 socket_options=None
DEBUG 2026-06-30 07:09:22 re/_trace.py:47 connect_tcp.started host='huggingface.co' port=443 local_address=None timeout=10 socket_options=None
DEBUG 2026-06-30 07:09:22 re/_trace.py:47 connect_tcp.started host='huggingface.co' port=443 local_address=None timeout=10 socket_options=None
DEBUG 2026-06-30 07:09:22 ock/_api.py:545 Lock 132611814594448 released on /root/.cache/huggingface/lerobot/coport-uni/FR5_task3_turn_the_sliver_air_valve_90_degress_counterclockwise_100/.cache/huggingface/download/meta/episodes/chunk-000/file-003.parquet.lock
DEBUG 2026-06-30 07:09:22 re/_trace.py:47 connect_tcp.started host='huggingface.co' port=443 local_address=None timeout=10 socket_options=None
DEBUG 2026-06-30 07:09:22 re/_trace.py:47 connect_tcp.started host='huggingface.co' port=443 local_address=None timeout=10 socket_options=None
DEBUG 2026-06-30 07:09:22 re/_trace.py:47 connect_tcp.complete return_value=<httpcore._backends.sync.SyncStream object at 0x789c181a2480>
DEBUG 2026-06-30 07:09:22 re/_trace.py:47 start_tls.started ssl_context=<ssl.SSLContext object at 0x789c1818c450> server_hostname='huggingface.co' timeout=10
DEBUG 2026-06-30 07:09:22 re/_trace.py:47 connect_tcp.complete return_value=<httpcore._backends.sync.SyncStream object at 0x789c18190410>
DEBUG 2026-06-30 07:09:22 re/_trace.py:47 start_tls.started ssl_context=<ssl.SSLContext object at 0x789c1818c450> server_hostname='huggingface.co' timeout=10
DEBUG 2026-06-30 07:09:22 re/_trace.py:47 connect_tcp.complete return_value=<httpcore._backends.sync.SyncStream object at 0x789c181a3410>
DEBUG 2026-06-30 07:09:22 re/_trace.py:47 start_tls.started ssl_context=<ssl.SSLContext object at 0x789c1818c450> server_hostname='huggingface.co' timeout=10
DEBUG 2026-06-30 07:09:22 re/_trace.py:47 connect_tcp.complete return_value=<httpcore._backends.sync.SyncStream object at 0x789c181a17f0>
DEBUG 2026-06-30 07:09:22 re/_trace.py:47 start_tls.started ssl_context=<ssl.SSLContext object at 0x789c1818c450> server_hostname='huggingface.co' timeout=10
DEBUG 2026-06-30 07:09:22 re/_trace.py:47 connect_tcp.complete return_value=<httpcore._backends.sync.SyncStream object at 0x789c181a3b30>
DEBUG 2026-06-30 07:09:22 re/_trace.py:47 start_tls.started ssl_context=<ssl.SSLContext object at 0x789c1818c450> server_hostname='huggingface.co' timeout=10
DEBUG 2026-06-30 07:09:22 re/_trace.py:47 connect_tcp.complete return_value=<httpcore._backends.sync.SyncStream object at 0x789c181a3b60>
DEBUG 2026-06-30 07:09:22 re/_trace.py:47 start_tls.started ssl_context=<ssl.SSLContext object at 0x789c1818c450> server_hostname='huggingface.co' timeout=10
DEBUG 2026-06-30 07:09:22 re/_trace.py:47 start_tls.complete return_value=<httpcore._backends.sync.SyncStream object at 0x789c181a3320>
DEBUG 2026-06-30 07:09:22 re/_trace.py:47 send_request_headers.started request=<Request [b'HEAD']>
DEBUG 2026-06-30 07:09:22 re/_trace.py:47 send_request_headers.complete
DEBUG 2026-06-30 07:09:22 re/_trace.py:47 send_request_body.started request=<Request [b'HEAD']>
DEBUG 2026-06-30 07:09:22 re/_trace.py:47 send_request_body.complete
DEBUG 2026-06-30 07:09:22 re/_trace.py:47 receive_response_headers.started request=<Request [b'HEAD']>
DEBUG 2026-06-30 07:09:22 re/_trace.py:47 start_tls.complete return_value=<httpcore._backends.sync.SyncStream object at 0x789c181a2390>
DEBUG 2026-06-30 07:09:22 re/_trace.py:47 send_request_headers.started request=<Request [b'HEAD']>
DEBUG 2026-06-30 07:09:22 re/_trace.py:47 send_request_headers.complete
DEBUG 2026-06-30 07:09:22 re/_trace.py:47 send_request_body.started request=<Request [b'HEAD']>
DEBUG 2026-06-30 07:09:22 re/_trace.py:47 send_request_body.complete
DEBUG 2026-06-30 07:09:22 re/_trace.py:47 receive_response_headers.started request=<Request [b'HEAD']>
DEBUG 2026-06-30 07:09:22 re/_trace.py:47 start_tls.complete return_value=<httpcore._backends.sync.SyncStream object at 0x789c181a3b00>
DEBUG 2026-06-30 07:09:22 re/_trace.py:47 send_request_headers.started request=<Request [b'HEAD']>
DEBUG 2026-06-30 07:09:22 re/_trace.py:47 send_request_headers.complete
DEBUG 2026-06-30 07:09:22 re/_trace.py:47 start_tls.complete return_value=<httpcore._backends.sync.SyncStream object at 0x789c181a2a50>
DEBUG 2026-06-30 07:09:22 re/_trace.py:47 send_request_body.started request=<Request [b'HEAD']>
DEBUG 2026-06-30 07:09:22 re/_trace.py:47 start_tls.complete return_value=<httpcore._backends.sync.SyncStream object at 0x789c181a3a70>
DEBUG 2026-06-30 07:09:22 re/_trace.py:47 send_request_headers.started request=<Request [b'HEAD']>
DEBUG 2026-06-30 07:09:22 re/_trace.py:47 send_request_body.complete
DEBUG 2026-06-30 07:09:22 re/_trace.py:47 send_request_headers.started request=<Request [b'HEAD']>
DEBUG 2026-06-30 07:09:22 re/_trace.py:47 receive_response_headers.started request=<Request [b'HEAD']>
DEBUG 2026-06-30 07:09:22 re/_trace.py:47 send_request_headers.complete
DEBUG 2026-06-30 07:09:22 re/_trace.py:47 send_request_headers.complete
DEBUG 2026-06-30 07:09:22 re/_trace.py:47 send_request_body.started request=<Request [b'HEAD']>
DEBUG 2026-06-30 07:09:22 re/_trace.py:47 send_request_body.started request=<Request [b'HEAD']>
DEBUG 2026-06-30 07:09:22 re/_trace.py:47 send_request_body.complete
DEBUG 2026-06-30 07:09:22 re/_trace.py:47 send_request_body.complete
DEBUG 2026-06-30 07:09:22 re/_trace.py:47 receive_response_headers.started request=<Request [b'HEAD']>
DEBUG 2026-06-30 07:09:22 re/_trace.py:47 receive_response_headers.started request=<Request [b'HEAD']>
DEBUG 2026-06-30 07:09:22 re/_trace.py:47 start_tls.complete return_value=<httpcore._backends.sync.SyncStream object at 0x789c181a19a0>
DEBUG 2026-06-30 07:09:22 re/_trace.py:47 send_request_headers.started request=<Request [b'HEAD']>
DEBUG 2026-06-30 07:09:22 re/_trace.py:47 send_request_headers.complete
DEBUG 2026-06-30 07:09:22 re/_trace.py:47 send_request_body.started request=<Request [b'HEAD']>
DEBUG 2026-06-30 07:09:22 re/_trace.py:47 send_request_body.complete
DEBUG 2026-06-30 07:09:22 re/_trace.py:47 receive_response_headers.started request=<Request [b'HEAD']>
DEBUG 2026-06-30 07:09:22 re/_trace.py:47 receive_response_headers.complete return_value=(b'HTTP/1.1', 302, b'Found', [(b'Content-Type', b'text/plain; charset=utf-8'), (b'Content-Length', b'1026'), (b'Connection', b'keep-alive'), (b'Date', b'Tue, 30 Jun 2026 07:09:22 GMT'), (b'Location', b'https://cas-bridge.xethub.hf.co/xet-bridge-us/6a4276dae074855e8c8cddb1/2d7627ae681c177c1c33787d2ed1519d158b4091524deabca3fb19f43ae47226?Expires=1782806962&Policy=eyJTdGF0ZW1lbnQiOlt7IlJlc291cmNlIjoiaHR0cHM6Ly9jYXMtYnJpZGdlLnhldGh1Yi5oZi5jby94ZXQtYnJpZGdlLXVzLzZhNDI3NmRhZTA3NDg1NWU4YzhjZGRiMS8yZDc2MjdhZTY4MWMxNzdjMWMzMzc4N2QyZWQxNTE5ZDE1OGI0MDkxNTI0ZGVhYmNhM2ZiMTlmNDNhZTQ3MjI2KiIsIkNvbmRpdGlvbiI6eyJEYXRlTGVzc1RoYW4iOnsiQVdTOkVwb2NoVGltZSI6MTc4MjgwNjk2Mn19fV19&Signature=MEUCIDHkugQhiJAEXS2nBaK1UDx0dnIZ6DJxdwlqPHGCQE4dAiEAs7RxETaypENjBEcwnPcNTixCEvdpJ4NdDW-oToEEp5g_&Key-Pair-Id=K1LYXO563TGWFU&response-content-disposition=inline%3B+filename*%3DUTF-8%27%27file-000.parquet%3B+filename%3D%22file-000.parquet%22%3B&X-Xet-Cas-Uid=6968a8befacf9a9b049da27a&X-Amz-Algorithm=AWS4-HMAC-SHA256&X-Amz-Credential=cas%2F20260630%2Fus-east-1%2Fs3%2Faws4_request&X-Amz-Date=20260630T070922Z&X-Amz-Expires=3600&X-Amz-SignedHeaders=host&X-Amz-Signature=1c12db55357c818bf3d2a6c8565b88efb1ab9bb27d4037cd0644c175f20cff63'), (b'X-Powered-By', b'huggingface-moon'), (b'X-Request-Id', b'Root=1-6a436ba2-425c6891027c922a3608456b;b49211a8-21d9-44dd-a92e-89e75d823e6f'), (b'RateLimit', b'"resolvers";r=4995;t=260'), (b'RateLimit-Policy', b'"fixed window";"resolvers";q=5000;w=300'), (b'cross-origin-opener-policy', b'same-origin'), (b'Referrer-Policy', b'strict-origin-when-cross-origin'), (b'Access-Control-Max-Age', b'86400'), (b'Access-Control-Allow-Origin', b'https://huggingface.co'), (b'Vary', b'Origin, Accept'), (b'Access-Control-Expose-Headers', b'X-Repo-Commit,X-Request-Id,X-Error-Code,X-Error-Message,X-Total-Count,ETag,Link,Accept-Ranges,Content-Range,X-Linked-Size,X-Linked-ETag,X-Xet-Hash'), (b'X-Repo-Commit', b'1f7ed68357ecdbd8e31415414359f4e43a355b15'), (b'Accept-Ranges', b'bytes'), (b'X-Hub-Cache', b'MISS'), (b'X-Linked-Size', b'78700'), (b'X-Linked-ETag', b'"3da33956f2b6d2993e6757ff3c62ff7c9003c536b235a646a264cc9862773a5c"'), (b'X-Xet-Hash', b'2d7627ae681c177c1c33787d2ed1519d158b4091524deabca3fb19f43ae47226'), (b'Link', b'<https://huggingface.co/api/datasets/coport-uni/FR5_task3_turn_the_sliver_air_valve_90_degress_counterclockwise_100/xet-read-token/1f7ed68357ecdbd8e31415414359f4e43a355b15>; rel="xet-auth", <https://cas-server.xethub.hf.co/v1/reconstructions/2d7627ae681c177c1c33787d2ed1519d158b4091524deabca3fb19f43ae47226>; rel="xet-reconstruction-info"'), (b'X-Cache', b'Miss from cloudfront'), (b'Via', b'1.1 de6fd68c70ca3c12cb609faad680c294.cloudfront.net (CloudFront)'), (b'X-Amz-Cf-Pop', b'ICN57-P5'), (b'X-Amz-Cf-Id', b'LYGkhpprOv4txoXIdqzGigTBKd7uCnRZ_ZLnhdimoukb9YTIt3h0gA==')])
INFO 2026-06-30 07:09:22 _client.py:1025 HTTP Request: HEAD https://huggingface.co/datasets/coport-uni/FR5_task3_turn_the_sliver_air_valve_90_degress_counterclockwise_100/resolve/1f7ed68357ecdbd8e31415414359f4e43a355b15/meta/episodes/chunk-000/file-000.parquet "HTTP/1.1 302 Found"
DEBUG 2026-06-30 07:09:22 re/_trace.py:47 receive_response_body.started request=<Request [b'HEAD']>
DEBUG 2026-06-30 07:09:22 re/_trace.py:47 receive_response_body.complete
DEBUG 2026-06-30 07:09:22 re/_trace.py:47 response_closed.started
DEBUG 2026-06-30 07:09:22 re/_trace.py:47 response_closed.complete
DEBUG 2026-06-30 07:09:22 ock/_api.py:501 Attempting to acquire lock 132611814527664 on /root/.cache/huggingface/lerobot/coport-uni/FR5_task3_turn_the_sliver_air_valve_90_degress_counterclockwise_100/.cache/huggingface/download/meta/episodes/chunk-000/file-000.parquet.lock
DEBUG 2026-06-30 07:09:22 ock/_api.py:504 Lock 132611814527664 acquired on /root/.cache/huggingface/lerobot/coport-uni/FR5_task3_turn_the_sliver_air_valve_90_degress_counterclockwise_100/.cache/huggingface/download/meta/episodes/chunk-000/file-000.parquet.lock
DEBUG 2026-06-30 07:09:22 re/_trace.py:47 receive_response_headers.complete return_value=(b'HTTP/1.1', 302, b'Found', [(b'Content-Type', b'text/plain; charset=utf-8'), (b'Content-Length', b'1028'), (b'Connection', b'keep-alive'), (b'Date', b'Tue, 30 Jun 2026 07:09:22 GMT'), (b'Location', b'https://cas-bridge.xethub.hf.co/xet-bridge-us/6a4276dae074855e8c8cddb1/4095ece378362c10e6a2def898dd3cb63a47f485dd7198642f8b729f7eec8381?Expires=1782806962&Policy=eyJTdGF0ZW1lbnQiOlt7IlJlc291cmNlIjoiaHR0cHM6Ly9jYXMtYnJpZGdlLnhldGh1Yi5oZi5jby94ZXQtYnJpZGdlLXVzLzZhNDI3NmRhZTA3NDg1NWU4YzhjZGRiMS80MDk1ZWNlMzc4MzYyYzEwZTZhMmRlZjg5OGRkM2NiNjNhNDdmNDg1ZGQ3MTk4NjQyZjhiNzI5ZjdlZWM4MzgxKiIsIkNvbmRpdGlvbiI6eyJEYXRlTGVzc1RoYW4iOnsiQVdTOkVwb2NoVGltZSI6MTc4MjgwNjk2Mn19fV19&Signature=MEUCIQDVLJUvcgxx2hIN92KyAQ2-geXNDSBoJtv-%7EKSX2awUhgIgLeW5bguMtbAthgoFmBVOGEywKbLEA-psq95TCS5ipro_&Key-Pair-Id=K1LYXO563TGWFU&response-content-disposition=inline%3B+filename*%3DUTF-8%27%27file-004.parquet%3B+filename%3D%22file-004.parquet%22%3B&X-Xet-Cas-Uid=6968a8befacf9a9b049da27a&X-Amz-Algorithm=AWS4-HMAC-SHA256&X-Amz-Credential=cas%2F20260630%2Fus-east-1%2Fs3%2Faws4_request&X-Amz-Date=20260630T070922Z&X-Amz-Expires=3600&X-Amz-SignedHeaders=host&X-Amz-Signature=683a8db6a04714eefe0081c343319baa9a0366a54c27deb035bb62ba65d91148'), (b'X-Powered-By', b'huggingface-moon'), (b'X-Request-Id', b'Root=1-6a436ba2-1fc30aed7e527e9b739cfc87;82682eeb-f391-4ed8-a45b-ed63e167fa41'), (b'RateLimit', b'"resolvers";r=4994;t=260'), (b'RateLimit-Policy', b'"fixed window";"resolvers";q=5000;w=300'), (b'cross-origin-opener-policy', b'same-origin'), (b'Referrer-Policy', b'strict-origin-when-cross-origin'), (b'Access-Control-Max-Age', b'86400'), (b'Access-Control-Allow-Origin', b'https://huggingface.co'), (b'Vary', b'Origin, Accept'), (b'Access-Control-Expose-Headers', b'X-Repo-Commit,X-Request-Id,X-Error-Code,X-Error-Message,X-Total-Count,ETag,Link,Accept-Ranges,Content-Range,X-Linked-Size,X-Linked-ETag,X-Xet-Hash'), (b'X-Repo-Commit', b'1f7ed68357ecdbd8e31415414359f4e43a355b15'), (b'Accept-Ranges', b'bytes'), (b'X-Hub-Cache', b'MISS'), (b'X-Linked-Size', b'78442'), (b'X-Linked-ETag', b'"1d9738a18576535b657e797330cf8af2970a78635825e6a3d4085d64a7d73586"'), (b'X-Xet-Hash', b'4095ece378362c10e6a2def898dd3cb63a47f485dd7198642f8b729f7eec8381'), (b'Link', b'<https://huggingface.co/api/datasets/coport-uni/FR5_task3_turn_the_sliver_air_valve_90_degress_counterclockwise_100/xet-read-token/1f7ed68357ecdbd8e31415414359f4e43a355b15>; rel="xet-auth", <https://cas-server.xethub.hf.co/v1/reconstructions/4095ece378362c10e6a2def898dd3cb63a47f485dd7198642f8b729f7eec8381>; rel="xet-reconstruction-info"'), (b'X-Cache', b'Miss from cloudfront'), (b'Via', b'1.1 c84f725aa1244c57e6ad6d1072d23c54.cloudfront.net (CloudFront)'), (b'X-Amz-Cf-Pop', b'ICN57-P5'), (b'X-Amz-Cf-Id', b'4LHbi9TGGH6K98t0ya1-tUEZx1JWSbrHaZo88Bo64DGsa7VsfkVd-A==')])
INFO 2026-06-30 07:09:22 _client.py:1025 HTTP Request: HEAD https://huggingface.co/datasets/coport-uni/FR5_task3_turn_the_sliver_air_valve_90_degress_counterclockwise_100/resolve/1f7ed68357ecdbd8e31415414359f4e43a355b15/meta/episodes/chunk-000/file-004.parquet "HTTP/1.1 302 Found"
DEBUG 2026-06-30 07:09:22 re/_trace.py:47 receive_response_body.started request=<Request [b'HEAD']>
DEBUG 2026-06-30 07:09:22 re/_trace.py:47 receive_response_body.complete
DEBUG 2026-06-30 07:09:22 re/_trace.py:47 response_closed.started
DEBUG 2026-06-30 07:09:22 re/_trace.py:47 response_closed.complete
DEBUG 2026-06-30 07:09:22 ock/_api.py:501 Attempting to acquire lock 132611814528816 on /root/.cache/huggingface/lerobot/coport-uni/FR5_task3_turn_the_sliver_air_valve_90_degress_counterclockwise_100/.cache/huggingface/download/meta/episodes/chunk-000/file-004.parquet.lock
DEBUG 2026-06-30 07:09:22 ock/_api.py:504 Lock 132611814528816 acquired on /root/.cache/huggingface/lerobot/coport-uni/FR5_task3_turn_the_sliver_air_valve_90_degress_counterclockwise_100/.cache/huggingface/download/meta/episodes/chunk-000/file-004.parquet.lock
DEBUG 2026-06-30 07:09:22 re/_trace.py:47 receive_response_headers.complete return_value=(b'HTTP/1.1', 302, b'Found', [(b'Content-Type', b'text/plain; charset=utf-8'), (b'Content-Length', b'1030'), (b'Connection', b'keep-alive'), (b'Date', b'Tue, 30 Jun 2026 07:09:22 GMT'), (b'Location', b'https://cas-bridge.xethub.hf.co/xet-bridge-us/6a4276dae074855e8c8cddb1/731d17f968346440e36d0580b5f9861357d7535118b076fc564820aaf69b6e9c?Expires=1782806962&Policy=eyJTdGF0ZW1lbnQiOlt7IlJlc291cmNlIjoiaHR0cHM6Ly9jYXMtYnJpZGdlLnhldGh1Yi5oZi5jby94ZXQtYnJpZGdlLXVzLzZhNDI3NmRhZTA3NDg1NWU4YzhjZGRiMS83MzFkMTdmOTY4MzQ2NDQwZTM2ZDA1ODBiNWY5ODYxMzU3ZDc1MzUxMThiMDc2ZmM1NjQ4MjBhYWY2OWI2ZTljKiIsIkNvbmRpdGlvbiI6eyJEYXRlTGVzc1RoYW4iOnsiQVdTOkVwb2NoVGltZSI6MTc4MjgwNjk2Mn19fV19&Signature=MEUCIH516KZyUREMEsW5tyg%7E56PTKXCRWjz%7EgbkNCQCFiuDxAiEA47o5rIDmGBSfbWAHUDxYd7Mp1lTxcPm2AS11QURoTc0_&Key-Pair-Id=K1LYXO563TGWFU&X-Xet-Cas-Uid=6968a8befacf9a9b049da27a&response-content-disposition=inline%3B+filename*%3DUTF-8%27%27file-007.parquet%3B+filename%3D%22file-007.parquet%22%3B&X-Amz-Algorithm=AWS4-HMAC-SHA256&X-Amz-Credential=cas%2F20260630%2Fus-east-1%2Fs3%2Faws4_request&X-Amz-Date=20260630T070922Z&X-Amz-Expires=3600&X-Amz-SignedHeaders=host&X-Amz-Signature=fba5e87336db11ffca086564553e1c4604bf123df5ff8a2b73f1c1070e5f4521'), (b'X-Powered-By', b'huggingface-moon'), (b'X-Request-Id', b'Root=1-6a436ba2-26ae2a1c77f5b1495ec21160;f0bb95b4-717e-4075-81e1-911bd377c7dd'), (b'RateLimit', b'"resolvers";r=4993;t=260'), (b'RateLimit-Policy', b'"fixed window";"resolvers";q=5000;w=300'), (b'cross-origin-opener-policy', b'same-origin'), (b'Referrer-Policy', b'strict-origin-when-cross-origin'), (b'Access-Control-Max-Age', b'86400'), (b'Access-Control-Allow-Origin', b'https://huggingface.co'), (b'Vary', b'Origin, Accept'), (b'Access-Control-Expose-Headers', b'X-Repo-Commit,X-Request-Id,X-Error-Code,X-Error-Message,X-Total-Count,ETag,Link,Accept-Ranges,Content-Range,X-Linked-Size,X-Linked-ETag,X-Xet-Hash'), (b'X-Repo-Commit', b'1f7ed68357ecdbd8e31415414359f4e43a355b15'), (b'Accept-Ranges', b'bytes'), (b'X-Hub-Cache', b'MISS'), (b'X-Linked-Size', b'78466'), (b'X-Linked-ETag', b'"bdf5634f83bfa4cc593c348c0d8d4f72797ed4140fd82ef3e1edbfc0ba38a214"'), (b'X-Xet-Hash', b'731d17f968346440e36d0580b5f9861357d7535118b076fc564820aaf69b6e9c'), (b'Link', b'<https://huggingface.co/api/datasets/coport-uni/FR5_task3_turn_the_sliver_air_valve_90_degress_counterclockwise_100/xet-read-token/1f7ed68357ecdbd8e31415414359f4e43a355b15>; rel="xet-auth", <https://cas-server.xethub.hf.co/v1/reconstructions/731d17f968346440e36d0580b5f9861357d7535118b076fc564820aaf69b6e9c>; rel="xet-reconstruction-info"'), (b'X-Cache', b'Miss from cloudfront'), (b'Via', b'1.1 79bf4a07aaeb21e827979e065b1a3d7e.cloudfront.net (CloudFront)'), (b'X-Amz-Cf-Pop', b'ICN57-P5'), (b'X-Amz-Cf-Id', b'PXTheuKatbKDQKopD0ly15NjB6NkDjeblRUHH5B-rlMSpqr4ftd9Tg==')])
INFO 2026-06-30 07:09:22 _client.py:1025 HTTP Request: HEAD https://huggingface.co/datasets/coport-uni/FR5_task3_turn_the_sliver_air_valve_90_degress_counterclockwise_100/resolve/1f7ed68357ecdbd8e31415414359f4e43a355b15/meta/episodes/chunk-000/file-007.parquet "HTTP/1.1 302 Found"
DEBUG 2026-06-30 07:09:22 re/_trace.py:47 receive_response_body.started request=<Request [b'HEAD']>
DEBUG 2026-06-30 07:09:22 re/_trace.py:47 receive_response_body.complete
DEBUG 2026-06-30 07:09:22 re/_trace.py:47 response_closed.started
DEBUG 2026-06-30 07:09:22 re/_trace.py:47 response_closed.complete
DEBUG 2026-06-30 07:09:22 ock/_api.py:501 Attempting to acquire lock 132611814601744 on /root/.cache/huggingface/lerobot/coport-uni/FR5_task3_turn_the_sliver_air_valve_90_degress_counterclockwise_100/.cache/huggingface/download/meta/episodes/chunk-000/file-007.parquet.lock
DEBUG 2026-06-30 07:09:22 ock/_api.py:504 Lock 132611814601744 acquired on /root/.cache/huggingface/lerobot/coport-uni/FR5_task3_turn_the_sliver_air_valve_90_degress_counterclockwise_100/.cache/huggingface/download/meta/episodes/chunk-000/file-007.parquet.lock
DEBUG 2026-06-30 07:09:22 re/_trace.py:47 receive_response_headers.complete return_value=(b'HTTP/1.1', 302, b'Found', [(b'Content-Type', b'text/plain; charset=utf-8'), (b'Content-Length', b'1028'), (b'Connection', b'keep-alive'), (b'Date', b'Tue, 30 Jun 2026 07:09:22 GMT'), (b'Location', b'https://cas-bridge.xethub.hf.co/xet-bridge-us/6a4276dae074855e8c8cddb1/0223d90601cf2eeda058eb7450b24023bbf5efb85cb779b53afd46536d46a7a0?Expires=1782806962&Policy=eyJTdGF0ZW1lbnQiOlt7IlJlc291cmNlIjoiaHR0cHM6Ly9jYXMtYnJpZGdlLnhldGh1Yi5oZi5jby94ZXQtYnJpZGdlLXVzLzZhNDI3NmRhZTA3NDg1NWU4YzhjZGRiMS8wMjIzZDkwNjAxY2YyZWVkYTA1OGViNzQ1MGIyNDAyM2JiZjVlZmI4NWNiNzc5YjUzYWZkNDY1MzZkNDZhN2EwKiIsIkNvbmRpdGlvbiI6eyJEYXRlTGVzc1RoYW4iOnsiQVdTOkVwb2NoVGltZSI6MTc4MjgwNjk2Mn19fV19&Signature=MEUCIQCxrTMV3RumAE06eFVy6GeY4liMyL4ddtbw86KHJmBnZAIgXUZMsV-SHNq8ytz8F7X11BFFhRQD37t-dh8OGwt8%7Emw_&Key-Pair-Id=K1LYXO563TGWFU&X-Xet-Cas-Uid=6968a8befacf9a9b049da27a&response-content-disposition=inline%3B+filename*%3DUTF-8%27%27file-003.parquet%3B+filename%3D%22file-003.parquet%22%3B&X-Amz-Algorithm=AWS4-HMAC-SHA256&X-Amz-Credential=cas%2F20260630%2Fus-east-1%2Fs3%2Faws4_request&X-Amz-Date=20260630T070922Z&X-Amz-Expires=3600&X-Amz-SignedHeaders=host&X-Amz-Signature=ae41ca0a480af7b9b0b3f7f7efde0edece6442fd91accf79e4621bcf9ba014ff'), (b'X-Powered-By', b'huggingface-moon'), (b'X-Request-Id', b'Root=1-6a436ba2-78b16ed662060144113de052;6b49d257-0b26-491f-ac0b-40d55163ef8c'), (b'RateLimit', b'"resolvers";r=4990;t=260'), (b'RateLimit-Policy', b'"fixed window";"resolvers";q=5000;w=300'), (b'cross-origin-opener-policy', b'same-origin'), (b'Referrer-Policy', b'strict-origin-when-cross-origin'), (b'Access-Control-Max-Age', b'86400'), (b'Access-Control-Allow-Origin', b'https://huggingface.co'), (b'Vary', b'Origin, Accept'), (b'Access-Control-Expose-Headers', b'X-Repo-Commit,X-Request-Id,X-Error-Code,X-Error-Message,X-Total-Count,ETag,Link,Accept-Ranges,Content-Range,X-Linked-Size,X-Linked-ETag,X-Xet-Hash'), (b'X-Repo-Commit', b'1f7ed68357ecdbd8e31415414359f4e43a355b15'), (b'Accept-Ranges', b'bytes'), (b'X-Hub-Cache', b'MISS'), (b'X-Linked-Size', b'78557'), (b'X-Linked-ETag', b'"245967ba9847f71cd7cfd471c2d9a6a27ad7363005bea61cd9b2b77a55539b25"'), (b'X-Xet-Hash', b'0223d90601cf2eeda058eb7450b24023bbf5efb85cb779b53afd46536d46a7a0'), (b'Link', b'<https://huggingface.co/api/datasets/coport-uni/FR5_task3_turn_the_sliver_air_valve_90_degress_counterclockwise_100/xet-read-token/1f7ed68357ecdbd8e31415414359f4e43a355b15>; rel="xet-auth", <https://cas-server.xethub.hf.co/v1/reconstructions/0223d90601cf2eeda058eb7450b24023bbf5efb85cb779b53afd46536d46a7a0>; rel="xet-reconstruction-info"'), (b'X-Cache', b'Miss from cloudfront'), (b'Via', b'1.1 afd804e010ec1531be9d0e90bf49f60e.cloudfront.net (CloudFront)'), (b'X-Amz-Cf-Pop', b'ICN57-P5'), (b'X-Amz-Cf-Id', b'kmoA0isPc_38qfFBW1_ecz6UZpEvuBoy5Yzz_6X-5X0P_6wmscgEMA==')])
INFO 2026-06-30 07:09:22 _client.py:1025 HTTP Request: HEAD https://huggingface.co/datasets/coport-uni/FR5_task3_turn_the_sliver_air_valve_90_degress_counterclockwise_100/resolve/1f7ed68357ecdbd8e31415414359f4e43a355b15/meta/episodes/chunk-000/file-003.parquet "HTTP/1.1 302 Found"
DEBUG 2026-06-30 07:09:22 re/_trace.py:47 receive_response_body.started request=<Request [b'HEAD']>
DEBUG 2026-06-30 07:09:22 re/_trace.py:47 receive_response_body.complete
DEBUG 2026-06-30 07:09:22 re/_trace.py:47 response_closed.started
DEBUG 2026-06-30 07:09:22 re/_trace.py:47 response_closed.complete
DEBUG 2026-06-30 07:09:22 ock/_api.py:501 Attempting to acquire lock 132611814800752 on /root/.cache/huggingface/lerobot/coport-uni/FR5_task3_turn_the_sliver_air_valve_90_degress_counterclockwise_100/.cache/huggingface/download/meta/episodes/chunk-000/file-003.parquet.lock
DEBUG 2026-06-30 07:09:22 ock/_api.py:504 Lock 132611814800752 acquired on /root/.cache/huggingface/lerobot/coport-uni/FR5_task3_turn_the_sliver_air_valve_90_degress_counterclockwise_100/.cache/huggingface/download/meta/episodes/chunk-000/file-003.parquet.lock
DEBUG 2026-06-30 07:09:22 re/_trace.py:47 receive_response_headers.complete return_value=(b'HTTP/1.1', 302, b'Found', [(b'Content-Type', b'text/plain; charset=utf-8'), (b'Content-Length', b'1026'), (b'Connection', b'keep-alive'), (b'Date', b'Tue, 30 Jun 2026 07:09:22 GMT'), (b'Location', b'https://cas-bridge.xethub.hf.co/xet-bridge-us/6a4276dae074855e8c8cddb1/c4ce63105e5c32670af2b56c0fc17e88f24c8f2bd563b2f458c9f871da015b9a?Expires=1782806962&Policy=eyJTdGF0ZW1lbnQiOlt7IlJlc291cmNlIjoiaHR0cHM6Ly9jYXMtYnJpZGdlLnhldGh1Yi5oZi5jby94ZXQtYnJpZGdlLXVzLzZhNDI3NmRhZTA3NDg1NWU4YzhjZGRiMS9jNGNlNjMxMDVlNWMzMjY3MGFmMmI1NmMwZmMxN2U4OGYyNGM4ZjJiZDU2M2IyZjQ1OGM5Zjg3MWRhMDE1YjlhKiIsIkNvbmRpdGlvbiI6eyJEYXRlTGVzc1RoYW4iOnsiQVdTOkVwb2NoVGltZSI6MTc4MjgwNjk2Mn19fV19&Signature=MEQCIHEHjx7JxTTTtBy8nvKpQw-iObWnRgi4OsnzDQ0bjmxnAiBmu6TOEn3s90psGow9hmLllyw4q2IPzJBIRPuoy2OKyQ__&Key-Pair-Id=K1LYXO563TGWFU&response-content-disposition=inline%3B+filename*%3DUTF-8%27%27file-005.parquet%3B+filename%3D%22file-005.parquet%22%3B&X-Xet-Cas-Uid=6968a8befacf9a9b049da27a&X-Amz-Algorithm=AWS4-HMAC-SHA256&X-Amz-Credential=cas%2F20260630%2Fus-east-1%2Fs3%2Faws4_request&X-Amz-Date=20260630T070922Z&X-Amz-Expires=3600&X-Amz-SignedHeaders=host&X-Amz-Signature=9c40b5c1d2f761a08d387dd65c9e2b4ec72dba59063de1c2c4338abb259ba640'), (b'X-Powered-By', b'huggingface-moon'), (b'X-Request-Id', b'Root=1-6a436ba2-79ce7a251f44989237376eb8;69c08490-6eb6-496d-8316-b3017d65f854'), (b'RateLimit', b'"resolvers";r=4991;t=260'), (b'RateLimit-Policy', b'"fixed window";"resolvers";q=5000;w=300'), (b'cross-origin-opener-policy', b'same-origin'), (b'Referrer-Policy', b'strict-origin-when-cross-origin'), (b'Access-Control-Max-Age', b'86400'), (b'Access-Control-Allow-Origin', b'https://huggingface.co'), (b'Vary', b'Origin, Accept'), (b'Access-Control-Expose-Headers', b'X-Repo-Commit,X-Request-Id,X-Error-Code,X-Error-Message,X-Total-Count,ETag,Link,Accept-Ranges,Content-Range,X-Linked-Size,X-Linked-ETag,X-Xet-Hash'), (b'X-Repo-Commit', b'1f7ed68357ecdbd8e31415414359f4e43a355b15'), (b'Accept-Ranges', b'bytes'), (b'X-Hub-Cache', b'MISS'), (b'X-Linked-Size', b'78468'), (b'X-Linked-ETag', b'"e94c66d73bfe38e42d1794960f7a230abb9e3eb9f0c86aee63aabe705a65dc2e"'), (b'X-Xet-Hash', b'c4ce63105e5c32670af2b56c0fc17e88f24c8f2bd563b2f458c9f871da015b9a'), (b'Link', b'<https://huggingface.co/api/datasets/coport-uni/FR5_task3_turn_the_sliver_air_valve_90_degress_counterclockwise_100/xet-read-token/1f7ed68357ecdbd8e31415414359f4e43a355b15>; rel="xet-auth", <https://cas-server.xethub.hf.co/v1/reconstructions/c4ce63105e5c32670af2b56c0fc17e88f24c8f2bd563b2f458c9f871da015b9a>; rel="xet-reconstruction-info"'), (b'X-Cache', b'Miss from cloudfront'), (b'Via', b'1.1 801cd5a1ed5abecf586d9f00fbf82766.cloudfront.net (CloudFront)'), (b'X-Amz-Cf-Pop', b'ICN57-P5'), (b'X-Amz-Cf-Id', b'GZ3erX2fPGAE-ymz3oJK5zxtLXoOVYd8fpdAsJ9E2OQBeV3VJHTa5A==')])
INFO 2026-06-30 07:09:22 _client.py:1025 HTTP Request: HEAD https://huggingface.co/datasets/coport-uni/FR5_task3_turn_the_sliver_air_valve_90_degress_counterclockwise_100/resolve/1f7ed68357ecdbd8e31415414359f4e43a355b15/meta/episodes/chunk-000/file-005.parquet "HTTP/1.1 302 Found"
DEBUG 2026-06-30 07:09:22 re/_trace.py:47 receive_response_body.started request=<Request [b'HEAD']>
DEBUG 2026-06-30 07:09:22 re/_trace.py:47 receive_response_body.complete
DEBUG 2026-06-30 07:09:22 re/_trace.py:47 response_closed.started
DEBUG 2026-06-30 07:09:22 re/_trace.py:47 response_closed.complete
DEBUG 2026-06-30 07:09:22 ock/_api.py:501 Attempting to acquire lock 132611814595552 on /root/.cache/huggingface/lerobot/coport-uni/FR5_task3_turn_the_sliver_air_valve_90_degress_counterclockwise_100/.cache/huggingface/download/meta/episodes/chunk-000/file-005.parquet.lock
DEBUG 2026-06-30 07:09:22 ock/_api.py:504 Lock 132611814595552 acquired on /root/.cache/huggingface/lerobot/coport-uni/FR5_task3_turn_the_sliver_air_valve_90_degress_counterclockwise_100/.cache/huggingface/download/meta/episodes/chunk-000/file-005.parquet.lock
DEBUG 2026-06-30 07:09:22 re/_trace.py:47 receive_response_headers.complete return_value=(b'HTTP/1.1', 302, b'Found', [(b'Content-Type', b'text/plain; charset=utf-8'), (b'Content-Length', b'1026'), (b'Connection', b'keep-alive'), (b'Date', b'Tue, 30 Jun 2026 07:09:22 GMT'), (b'Location', b'https://cas-bridge.xethub.hf.co/xet-bridge-us/6a4276dae074855e8c8cddb1/549b98e1ecbb44559de37e63d0866036426c99929ae6beb96b0b2c0f67775118?Expires=1782806962&Policy=eyJTdGF0ZW1lbnQiOlt7IlJlc291cmNlIjoiaHR0cHM6Ly9jYXMtYnJpZGdlLnhldGh1Yi5oZi5jby94ZXQtYnJpZGdlLXVzLzZhNDI3NmRhZTA3NDg1NWU4YzhjZGRiMS81NDliOThlMWVjYmI0NDU1OWRlMzdlNjNkMDg2NjAzNjQyNmM5OTkyOWFlNmJlYjk2YjBiMmMwZjY3Nzc1MTE4KiIsIkNvbmRpdGlvbiI6eyJEYXRlTGVzc1RoYW4iOnsiQVdTOkVwb2NoVGltZSI6MTc4MjgwNjk2Mn19fV19&Signature=MEUCIFZoCxEH0c3bSPcuCxAf5T0S81-xWleDzLcCgJII7WdEAiEAlLQX7wvnP8U0DCSToSjQI8lckmDzLc8NdQht-wyBsRA_&Key-Pair-Id=K1LYXO563TGWFU&response-content-disposition=inline%3B+filename*%3DUTF-8%27%27file-006.parquet%3B+filename%3D%22file-006.parquet%22%3B&X-Xet-Cas-Uid=6968a8befacf9a9b049da27a&X-Amz-Algorithm=AWS4-HMAC-SHA256&X-Amz-Credential=cas%2F20260630%2Fus-east-1%2Fs3%2Faws4_request&X-Amz-Date=20260630T070922Z&X-Amz-Expires=3600&X-Amz-SignedHeaders=host&X-Amz-Signature=973d2bd6d1e08fe551424368871378ae15083e5c0e0349a1e3a5c004aba2180e'), (b'X-Powered-By', b'huggingface-moon'), (b'X-Request-Id', b'Root=1-6a436ba2-56d0a5e839060a417f132762;ddb91c91-3168-424e-ab60-0cbb302bd8fa'), (b'RateLimit', b'"resolvers";r=4988;t=260'), (b'RateLimit-Policy', b'"fixed window";"resolvers";q=5000;w=300'), (b'cross-origin-opener-policy', b'same-origin'), (b'Referrer-Policy', b'strict-origin-when-cross-origin'), (b'Access-Control-Max-Age', b'86400'), (b'Access-Control-Allow-Origin', b'https://huggingface.co'), (b'Vary', b'Origin, Accept'), (b'Access-Control-Expose-Headers', b'X-Repo-Commit,X-Request-Id,X-Error-Code,X-Error-Message,X-Total-Count,ETag,Link,Accept-Ranges,Content-Range,X-Linked-Size,X-Linked-ETag,X-Xet-Hash'), (b'X-Repo-Commit', b'1f7ed68357ecdbd8e31415414359f4e43a355b15'), (b'Accept-Ranges', b'bytes'), (b'X-Hub-Cache', b'MISS'), (b'X-Linked-Size', b'78617'), (b'X-Linked-ETag', b'"5ad3b6510be36be8443412bac10d8a93595c286aff1c0914259e6d52ee4ca430"'), (b'X-Xet-Hash', b'549b98e1ecbb44559de37e63d0866036426c99929ae6beb96b0b2c0f67775118'), (b'Link', b'<https://huggingface.co/api/datasets/coport-uni/FR5_task3_turn_the_sliver_air_valve_90_degress_counterclockwise_100/xet-read-token/1f7ed68357ecdbd8e31415414359f4e43a355b15>; rel="xet-auth", <https://cas-server.xethub.hf.co/v1/reconstructions/549b98e1ecbb44559de37e63d0866036426c99929ae6beb96b0b2c0f67775118>; rel="xet-reconstruction-info"'), (b'X-Cache', b'Miss from cloudfront'), (b'Via', b'1.1 537fb246a629e70727949aab939451c6.cloudfront.net (CloudFront)'), (b'X-Amz-Cf-Pop', b'ICN57-P5'), (b'X-Amz-Cf-Id', b'tqtZnNJk0H1KU4egj_afaaj09a81Q6raSoHtjA3TR2CuA3KeqRWNaQ==')])
INFO 2026-06-30 07:09:22 _client.py:1025 HTTP Request: HEAD https://huggingface.co/datasets/coport-uni/FR5_task3_turn_the_sliver_air_valve_90_degress_counterclockwise_100/resolve/1f7ed68357ecdbd8e31415414359f4e43a355b15/meta/episodes/chunk-000/file-006.parquet "HTTP/1.1 302 Found"
DEBUG 2026-06-30 07:09:22 re/_trace.py:47 receive_response_body.started request=<Request [b'HEAD']>
DEBUG 2026-06-30 07:09:22 re/_trace.py:47 receive_response_body.complete
DEBUG 2026-06-30 07:09:22 re/_trace.py:47 response_closed.started
DEBUG 2026-06-30 07:09:22 re/_trace.py:47 response_closed.complete
DEBUG 2026-06-30 07:09:22 ock/_api.py:501 Attempting to acquire lock 132611814905984 on /root/.cache/huggingface/lerobot/coport-uni/FR5_task3_turn_the_sliver_air_valve_90_degress_counterclockwise_100/.cache/huggingface/download/meta/episodes/chunk-000/file-006.parquet.lock
DEBUG 2026-06-30 07:09:22 ock/_api.py:504 Lock 132611814905984 acquired on /root/.cache/huggingface/lerobot/coport-uni/FR5_task3_turn_the_sliver_air_valve_90_degress_counterclockwise_100/.cache/huggingface/download/meta/episodes/chunk-000/file-006.parquet.lock
DEBUG 2026-06-30 07:09:23 re/_trace.py:47 receive_response_headers.complete return_value=(b'HTTP/1.1', 302, b'Found', [(b'Content-Type', b'text/plain; charset=utf-8'), (b'Content-Length', b'1030'), (b'Connection', b'keep-alive'), (b'Date', b'Tue, 30 Jun 2026 07:09:22 GMT'), (b'Location', b'https://cas-bridge.xethub.hf.co/xet-bridge-us/6a4276dae074855e8c8cddb1/b27b75fc31675dd6b70d8718ee5f1c8e279f1169528d061c7f26e58d0cdd556d?Expires=1782806962&Policy=eyJTdGF0ZW1lbnQiOlt7IlJlc291cmNlIjoiaHR0cHM6Ly9jYXMtYnJpZGdlLnhldGh1Yi5oZi5jby94ZXQtYnJpZGdlLXVzLzZhNDI3NmRhZTA3NDg1NWU4YzhjZGRiMS9iMjdiNzVmYzMxNjc1ZGQ2YjcwZDg3MThlZTVmMWM4ZTI3OWYxMTY5NTI4ZDA2MWM3ZjI2ZTU4ZDBjZGQ1NTZkKiIsIkNvbmRpdGlvbiI6eyJEYXRlTGVzc1RoYW4iOnsiQVdTOkVwb2NoVGltZSI6MTc4MjgwNjk2Mn19fV19&Signature=MEUCIFMfutbbKy60Js0pBaEWL5qtLuBFBBU-AxILSddRtSb8AiEA9TyrIsFZYoQf9OeSFeRN%7ENg%7Eoc9juuwjquczAc7torI_&Key-Pair-Id=K1LYXO563TGWFU&X-Xet-Cas-Uid=6968a8befacf9a9b049da27a&response-content-disposition=inline%3B+filename*%3DUTF-8%27%27file-002.parquet%3B+filename%3D%22file-002.parquet%22%3B&X-Amz-Algorithm=AWS4-HMAC-SHA256&X-Amz-Credential=cas%2F20260630%2Fus-east-1%2Fs3%2Faws4_request&X-Amz-Date=20260630T070922Z&X-Amz-Expires=3600&X-Amz-SignedHeaders=host&X-Amz-Signature=3d378a987d47cce6bda7fcb341e1d10d36d509dad021b2fca40834cd3abb6303'), (b'X-Powered-By', b'huggingface-moon'), (b'X-Request-Id', b'Root=1-6a436ba2-7e25815710ba9389209c4b37;962bc7cf-d76c-4aff-9532-bf3bb6a6acab'), (b'RateLimit', b'"resolvers";r=4992;t=260'), (b'RateLimit-Policy', b'"fixed window";"resolvers";q=5000;w=300'), (b'cross-origin-opener-policy', b'same-origin'), (b'Referrer-Policy', b'strict-origin-when-cross-origin'), (b'Access-Control-Max-Age', b'86400'), (b'Access-Control-Allow-Origin', b'https://huggingface.co'), (b'Vary', b'Origin, Accept'), (b'Access-Control-Expose-Headers', b'X-Repo-Commit,X-Request-Id,X-Error-Code,X-Error-Message,X-Total-Count,ETag,Link,Accept-Ranges,Content-Range,X-Linked-Size,X-Linked-ETag,X-Xet-Hash'), (b'X-Repo-Commit', b'1f7ed68357ecdbd8e31415414359f4e43a355b15'), (b'Accept-Ranges', b'bytes'), (b'X-Hub-Cache', b'MISS'), (b'X-Linked-Size', b'78617'), (b'X-Linked-ETag', b'"3c11f3827240153e69a973bd2a19834ff94673c355459ac2ccf6c584c8f01912"'), (b'X-Xet-Hash', b'b27b75fc31675dd6b70d8718ee5f1c8e279f1169528d061c7f26e58d0cdd556d'), (b'Link', b'<https://huggingface.co/api/datasets/coport-uni/FR5_task3_turn_the_sliver_air_valve_90_degress_counterclockwise_100/xet-read-token/1f7ed68357ecdbd8e31415414359f4e43a355b15>; rel="xet-auth", <https://cas-server.xethub.hf.co/v1/reconstructions/b27b75fc31675dd6b70d8718ee5f1c8e279f1169528d061c7f26e58d0cdd556d>; rel="xet-reconstruction-info"'), (b'X-Cache', b'Miss from cloudfront'), (b'Via', b'1.1 81b42f343b25b1a9020e798df069ea90.cloudfront.net (CloudFront)'), (b'X-Amz-Cf-Pop', b'ICN57-P5'), (b'X-Amz-Cf-Id', b'VGOBJztJwMtBgB-kwZsK9mwgUYDgm7cGcBW3m8Rj40IHXZC_0qJyew==')])
INFO 2026-06-30 07:09:23 _client.py:1025 HTTP Request: HEAD https://huggingface.co/datasets/coport-uni/FR5_task3_turn_the_sliver_air_valve_90_degress_counterclockwise_100/resolve/1f7ed68357ecdbd8e31415414359f4e43a355b15/meta/episodes/chunk-000/file-002.parquet "HTTP/1.1 302 Found"
DEBUG 2026-06-30 07:09:23 re/_trace.py:47 receive_response_body.started request=<Request [b'HEAD']>
DEBUG 2026-06-30 07:09:23 re/_trace.py:47 receive_response_body.complete
DEBUG 2026-06-30 07:09:23 re/_trace.py:47 response_closed.started
DEBUG 2026-06-30 07:09:23 re/_trace.py:47 response_closed.complete
DEBUG 2026-06-30 07:09:23 ock/_api.py:501 Attempting to acquire lock 132611814909392 on /root/.cache/huggingface/lerobot/coport-uni/FR5_task3_turn_the_sliver_air_valve_90_degress_counterclockwise_100/.cache/huggingface/download/meta/episodes/chunk-000/file-002.parquet.lock
DEBUG 2026-06-30 07:09:23 ock/_api.py:504 Lock 132611814909392 acquired on /root/.cache/huggingface/lerobot/coport-uni/FR5_task3_turn_the_sliver_air_valve_90_degress_counterclockwise_100/.cache/huggingface/download/meta/episodes/chunk-000/file-002.parquet.lock
DEBUG 2026-06-30 07:09:23 re/_trace.py:47 receive_response_headers.complete return_value=(b'HTTP/1.1', 302, b'Found', [(b'Content-Type', b'text/plain; charset=utf-8'), (b'Content-Length', b'1064'), (b'Connection', b'keep-alive'), (b'Date', b'Tue, 30 Jun 2026 07:09:22 GMT'), (b'Location', b'https://us.aws.cdn.hf.co/xet-bridge-us/6a4276dae074855e8c8cddb1/9bfac4d3d1bf73b58ca941c98f9da375a7a4d386aaebc86b47f27cab65a1221f?response-content-disposition=inline%3B+filename*%3DUTF-8%27%27file-001.parquet%3B+filename%3D%22file-001.parquet%22%3B&X-Xet-Cas-Uid=6968a8befacf9a9b049da27a&user_id=6968a8befacf9a9b049da27a&Expires=1782806962&Policy=eyJTdGF0ZW1lbnQiOlt7IlJlc291cmNlIjoiaHR0cHM6Ly91cy5hd3MuY2RuLmhmLmNvL3hldC1icmlkZ2UtdXMvNmE0Mjc2ZGFlMDc0ODU1ZThjOGNkZGIxLzliZmFjNGQzZDFiZjczYjU4Y2E5NDFjOThmOWRhMzc1YTdhNGQzODZhYWViYzg2YjQ3ZjI3Y2FiNjVhMTIyMWZcXD9yZXNwb25zZS1jb250ZW50LWRpc3Bvc2l0aW9uPWlubGluZSUzQitmaWxlbmFtZSUyQSUzRFVURi04JTI3JTI3ZmlsZS0wMDEucGFycXVldCUzQitmaWxlbmFtZSUzRCUyMmZpbGUtMDAxLnBhcnF1ZXQlMjIlM0ImWC1YZXQtQ2FzLVVpZD02OTY4YThiZWZhY2Y5YTliMDQ5ZGEyN2EmdXNlcl9pZD02OTY4YThiZWZhY2Y5YTliMDQ5ZGEyN2EiLCJDb25kaXRpb24iOnsiRGF0ZUxlc3NUaGFuIjp7IkVwb2NoVGltZSI6MTc4MjgwNjk2Mn19fV19&Signature=MEUCIQCB%7EDOf7IjMKV18-xzrM2AWPkoGbvoqHiuNhB-r5LjRrgIgUgZb26St-anr%7EH3qe74F%7ERlK0b-UuJh2yz8usY-SHkw_&Key-Pair-Id=01KAYHXK2CBJSW0YZTMNXK9W1M'), (b'X-Powered-By', b'huggingface-moon'), (b'X-Request-Id', b'Root=1-6a436ba2-7245c12649e0fdcd4ddd9114;ef788c1c-4858-4e1c-b7ef-29b993930f01'), (b'RateLimit', b'"resolvers";r=4989;t=260'), (b'RateLimit-Policy', b'"fixed window";"resolvers";q=5000;w=300'), (b'cross-origin-opener-policy', b'same-origin'), (b'Referrer-Policy', b'strict-origin-when-cross-origin'), (b'Access-Control-Max-Age', b'86400'), (b'Access-Control-Allow-Origin', b'https://huggingface.co'), (b'Vary', b'Origin, Accept'), (b'Access-Control-Expose-Headers', b'X-Repo-Commit,X-Request-Id,X-Error-Code,X-Error-Message,X-Total-Count,ETag,Link,Accept-Ranges,Content-Range,X-Linked-Size,X-Linked-ETag,X-Xet-Hash'), (b'X-Repo-Commit', b'1f7ed68357ecdbd8e31415414359f4e43a355b15'), (b'Accept-Ranges', b'bytes'), (b'X-Hub-Cache', b'MISS'), (b'X-Linked-Size', b'78575'), (b'X-Linked-ETag', b'"70cf359d3e90f44827d2ba76dc3fd2afa810eee17c89eba2d412ac0f715b009c"'), (b'X-Xet-Hash', b'9bfac4d3d1bf73b58ca941c98f9da375a7a4d386aaebc86b47f27cab65a1221f'), (b'Link', b'<https://huggingface.co/api/datasets/coport-uni/FR5_task3_turn_the_sliver_air_valve_90_degress_counterclockwise_100/xet-read-token/1f7ed68357ecdbd8e31415414359f4e43a355b15>; rel="xet-auth", <https://cas-server.xethub.hf.co/v1/reconstructions/9bfac4d3d1bf73b58ca941c98f9da375a7a4d386aaebc86b47f27cab65a1221f>; rel="xet-reconstruction-info"'), (b'X-Cache', b'Miss from cloudfront'), (b'Via', b'1.1 70e4ff437f2c6bb785a394fae7848aac.cloudfront.net (CloudFront)'), (b'X-Amz-Cf-Pop', b'ICN57-P5'), (b'X-Amz-Cf-Id', b'F5Q_h3pgJlbMBZooDiLjJxL0-0OjgHso1_eEETuWlYvW4nRr75CB3A==')])
INFO 2026-06-30 07:09:23 _client.py:1025 HTTP Request: HEAD https://huggingface.co/datasets/coport-uni/FR5_task3_turn_the_sliver_air_valve_90_degress_counterclockwise_100/resolve/1f7ed68357ecdbd8e31415414359f4e43a355b15/meta/episodes/chunk-000/file-001.parquet "HTTP/1.1 302 Found"
DEBUG 2026-06-30 07:09:23 re/_trace.py:47 receive_response_body.started request=<Request [b'HEAD']>
DEBUG 2026-06-30 07:09:23 re/_trace.py:47 receive_response_body.complete
DEBUG 2026-06-30 07:09:23 re/_trace.py:47 response_closed.started
DEBUG 2026-06-30 07:09:23 re/_trace.py:47 response_closed.complete
DEBUG 2026-06-30 07:09:23 ock/_api.py:501 Attempting to acquire lock 132611814912800 on /root/.cache/huggingface/lerobot/coport-uni/FR5_task3_turn_the_sliver_air_valve_90_degress_counterclockwise_100/.cache/huggingface/download/meta/episodes/chunk-000/file-001.parquet.lock
DEBUG 2026-06-30 07:09:23 ock/_api.py:504 Lock 132611814912800 acquired on /root/.cache/huggingface/lerobot/coport-uni/FR5_task3_turn_the_sliver_air_valve_90_degress_counterclockwise_100/.cache/huggingface/download/meta/episodes/chunk-000/file-001.parquet.lock
DEBUG 2026-06-30 07:09:24 ock/_api.py:541 Attempting to release lock 132611814800752 on /root/.cache/huggingface/lerobot/coport-uni/FR5_task3_turn_the_sliver_air_valve_90_degress_counterclockwise_100/.cache/huggingface/download/meta/episodes/chunk-000/file-003.parquet.lock
DEBUG 2026-06-30 07:09:24 ock/_api.py:545 Lock 132611814800752 released on /root/.cache/huggingface/lerobot/coport-uni/FR5_task3_turn_the_sliver_air_valve_90_degress_counterclockwise_100/.cache/huggingface/download/meta/episodes/chunk-000/file-003.parquet.lock
DEBUG 2026-06-30 07:09:24 ock/_api.py:541 Attempting to release lock 132611814528816 on /root/.cache/huggingface/lerobot/coport-uni/FR5_task3_turn_the_sliver_air_valve_90_degress_counterclockwise_100/.cache/huggingface/download/meta/episodes/chunk-000/file-004.parquet.lock
DEBUG 2026-06-30 07:09:24 ock/_api.py:501 Attempting to acquire lock 132611814786304 on /root/.cache/huggingface/lerobot/coport-uni/FR5_task3_turn_the_sliver_air_valve_90_degress_counterclockwise_100/.cache/huggingface/download/meta/episodes/chunk-000/file-003.parquet.lock
DEBUG 2026-06-30 07:09:24 ock/_api.py:545 Lock 132611814528816 released on /root/.cache/huggingface/lerobot/coport-uni/FR5_task3_turn_the_sliver_air_valve_90_degress_counterclockwise_100/.cache/huggingface/download/meta/episodes/chunk-000/file-004.parquet.lock
DEBUG 2026-06-30 07:09:24 ock/_api.py:504 Lock 132611814786304 acquired on /root/.cache/huggingface/lerobot/coport-uni/FR5_task3_turn_the_sliver_air_valve_90_degress_counterclockwise_100/.cache/huggingface/download/meta/episodes/chunk-000/file-003.parquet.lock
DEBUG 2026-06-30 07:09:24 ock/_api.py:541 Attempting to release lock 132611814786304 on /root/.cache/huggingface/lerobot/coport-uni/FR5_task3_turn_the_sliver_air_valve_90_degress_counterclockwise_100/.cache/huggingface/download/meta/episodes/chunk-000/file-003.parquet.lock
DEBUG 2026-06-30 07:09:24 ock/_api.py:501 Attempting to acquire lock 132611814912272 on /root/.cache/huggingface/lerobot/coport-uni/FR5_task3_turn_the_sliver_air_valve_90_degress_counterclockwise_100/.cache/huggingface/download/meta/episodes/chunk-000/file-004.parquet.lock
DEBUG 2026-06-30 07:09:24 ock/_api.py:545 Lock 132611814786304 released on /root/.cache/huggingface/lerobot/coport-uni/FR5_task3_turn_the_sliver_air_valve_90_degress_counterclockwise_100/.cache/huggingface/download/meta/episodes/chunk-000/file-003.parquet.lock
DEBUG 2026-06-30 07:09:24 ock/_api.py:504 Lock 132611814912272 acquired on /root/.cache/huggingface/lerobot/coport-uni/FR5_task3_turn_the_sliver_air_valve_90_degress_counterclockwise_100/.cache/huggingface/download/meta/episodes/chunk-000/file-004.parquet.lock
DEBUG 2026-06-30 07:09:24 ock/_api.py:541 Attempting to release lock 132611814912272 on /root/.cache/huggingface/lerobot/coport-uni/FR5_task3_turn_the_sliver_air_valve_90_degress_counterclockwise_100/.cache/huggingface/download/meta/episodes/chunk-000/file-004.parquet.lock
DEBUG 2026-06-30 07:09:24 ock/_api.py:545 Lock 132611814912272 released on /root/.cache/huggingface/lerobot/coport-uni/FR5_task3_turn_the_sliver_air_valve_90_degress_counterclockwise_100/.cache/huggingface/download/meta/episodes/chunk-000/file-004.parquet.lock
DEBUG 2026-06-30 07:09:24 ock/_api.py:501 Attempting to acquire lock 132611814524448 on /root/.cache/huggingface/lerobot/coport-uni/FR5_task3_turn_the_sliver_air_valve_90_degress_counterclockwise_100/.cache/huggingface/download/meta/episodes/chunk-000/file-008.parquet.lock
DEBUG 2026-06-30 07:09:24 ock/_api.py:504 Lock 132611814524448 acquired on /root/.cache/huggingface/lerobot/coport-uni/FR5_task3_turn_the_sliver_air_valve_90_degress_counterclockwise_100/.cache/huggingface/download/meta/episodes/chunk-000/file-008.parquet.lock
DEBUG 2026-06-30 07:09:24 ock/_api.py:541 Attempting to release lock 132611814524448 on /root/.cache/huggingface/lerobot/coport-uni/FR5_task3_turn_the_sliver_air_valve_90_degress_counterclockwise_100/.cache/huggingface/download/meta/episodes/chunk-000/file-008.parquet.lock
DEBUG 2026-06-30 07:09:24 ock/_api.py:545 Lock 132611814524448 released on /root/.cache/huggingface/lerobot/coport-uni/FR5_task3_turn_the_sliver_air_valve_90_degress_counterclockwise_100/.cache/huggingface/download/meta/episodes/chunk-000/file-008.parquet.lock
DEBUG 2026-06-30 07:09:24 ock/_api.py:501 Attempting to acquire lock 132611814524544 on /root/.cache/huggingface/lerobot/coport-uni/FR5_task3_turn_the_sliver_air_valve_90_degress_counterclockwise_100/.cache/huggingface/download/meta/episodes/chunk-000/file-009.parquet.lock
DEBUG 2026-06-30 07:09:24 re/_trace.py:47 send_request_headers.started request=<Request [b'HEAD']>
DEBUG 2026-06-30 07:09:24 ock/_api.py:504 Lock 132611814524544 acquired on /root/.cache/huggingface/lerobot/coport-uni/FR5_task3_turn_the_sliver_air_valve_90_degress_counterclockwise_100/.cache/huggingface/download/meta/episodes/chunk-000/file-009.parquet.lock
DEBUG 2026-06-30 07:09:24 ock/_api.py:541 Attempting to release lock 132611814524544 on /root/.cache/huggingface/lerobot/coport-uni/FR5_task3_turn_the_sliver_air_valve_90_degress_counterclockwise_100/.cache/huggingface/download/meta/episodes/chunk-000/file-009.parquet.lock
DEBUG 2026-06-30 07:09:24 re/_trace.py:47 send_request_headers.complete
DEBUG 2026-06-30 07:09:24 re/_trace.py:47 send_request_body.started request=<Request [b'HEAD']>
DEBUG 2026-06-30 07:09:24 re/_trace.py:47 send_request_body.complete
DEBUG 2026-06-30 07:09:24 re/_trace.py:47 receive_response_headers.started request=<Request [b'HEAD']>
DEBUG 2026-06-30 07:09:24 ock/_api.py:545 Lock 132611814524544 released on /root/.cache/huggingface/lerobot/coport-uni/FR5_task3_turn_the_sliver_air_valve_90_degress_counterclockwise_100/.cache/huggingface/download/meta/episodes/chunk-000/file-009.parquet.lock
DEBUG 2026-06-30 07:09:24 ock/_api.py:541 Attempting to release lock 132611814909392 on /root/.cache/huggingface/lerobot/coport-uni/FR5_task3_turn_the_sliver_air_valve_90_degress_counterclockwise_100/.cache/huggingface/download/meta/episodes/chunk-000/file-002.parquet.lock
DEBUG 2026-06-30 07:09:24 re/_trace.py:47 send_request_headers.started request=<Request [b'HEAD']>
DEBUG 2026-06-30 07:09:24 re/_trace.py:47 send_request_headers.complete
DEBUG 2026-06-30 07:09:24 ock/_api.py:545 Lock 132611814909392 released on /root/.cache/huggingface/lerobot/coport-uni/FR5_task3_turn_the_sliver_air_valve_90_degress_counterclockwise_100/.cache/huggingface/download/meta/episodes/chunk-000/file-002.parquet.lock
DEBUG 2026-06-30 07:09:24 re/_trace.py:47 send_request_body.started request=<Request [b'HEAD']>
DEBUG 2026-06-30 07:09:24 re/_trace.py:47 send_request_body.complete
DEBUG 2026-06-30 07:09:24 re/_trace.py:47 receive_response_headers.started request=<Request [b'HEAD']>
DEBUG 2026-06-30 07:09:24 ock/_api.py:501 Attempting to acquire lock 132611814915872 on /root/.cache/huggingface/lerobot/coport-uni/FR5_task3_turn_the_sliver_air_valve_90_degress_counterclockwise_100/.cache/huggingface/download/meta/episodes/chunk-000/file-002.parquet.lock
DEBUG 2026-06-30 07:09:24 ock/_api.py:504 Lock 132611814915872 acquired on /root/.cache/huggingface/lerobot/coport-uni/FR5_task3_turn_the_sliver_air_valve_90_degress_counterclockwise_100/.cache/huggingface/download/meta/episodes/chunk-000/file-002.parquet.lock
DEBUG 2026-06-30 07:09:24 ock/_api.py:541 Attempting to release lock 132611814915872 on /root/.cache/huggingface/lerobot/coport-uni/FR5_task3_turn_the_sliver_air_valve_90_degress_counterclockwise_100/.cache/huggingface/download/meta/episodes/chunk-000/file-002.parquet.lock
DEBUG 2026-06-30 07:09:24 ock/_api.py:545 Lock 132611814915872 released on /root/.cache/huggingface/lerobot/coport-uni/FR5_task3_turn_the_sliver_air_valve_90_degress_counterclockwise_100/.cache/huggingface/download/meta/episodes/chunk-000/file-002.parquet.lock
DEBUG 2026-06-30 07:09:24 ock/_api.py:501 Attempting to acquire lock 132611814915536 on /root/.cache/huggingface/lerobot/coport-uni/FR5_task3_turn_the_sliver_air_valve_90_degress_counterclockwise_100/.cache/huggingface/download/meta/info.json.lock
DEBUG 2026-06-30 07:09:24 ock/_api.py:504 Lock 132611814915536 acquired on /root/.cache/huggingface/lerobot/coport-uni/FR5_task3_turn_the_sliver_air_valve_90_degress_counterclockwise_100/.cache/huggingface/download/meta/info.json.lock
DEBUG 2026-06-30 07:09:24 ock/_api.py:541 Attempting to release lock 132611814915536 on /root/.cache/huggingface/lerobot/coport-uni/FR5_task3_turn_the_sliver_air_valve_90_degress_counterclockwise_100/.cache/huggingface/download/meta/info.json.lock
DEBUG 2026-06-30 07:09:24 ock/_api.py:545 Lock 132611814915536 released on /root/.cache/huggingface/lerobot/coport-uni/FR5_task3_turn_the_sliver_air_valve_90_degress_counterclockwise_100/.cache/huggingface/download/meta/info.json.lock
DEBUG 2026-06-30 07:09:24 re/_trace.py:47 send_request_headers.started request=<Request [b'HEAD']>
DEBUG 2026-06-30 07:09:24 re/_trace.py:47 send_request_headers.complete
DEBUG 2026-06-30 07:09:24 re/_trace.py:47 send_request_body.started request=<Request [b'HEAD']>
DEBUG 2026-06-30 07:09:24 re/_trace.py:47 send_request_body.complete
DEBUG 2026-06-30 07:09:24 re/_trace.py:47 receive_response_headers.started request=<Request [b'HEAD']>
DEBUG 2026-06-30 07:09:24 ock/_api.py:541 Attempting to release lock 132611814527664 on /root/.cache/huggingface/lerobot/coport-uni/FR5_task3_turn_the_sliver_air_valve_90_degress_counterclockwise_100/.cache/huggingface/download/meta/episodes/chunk-000/file-000.parquet.lock
DEBUG 2026-06-30 07:09:24 ock/_api.py:545 Lock 132611814527664 released on /root/.cache/huggingface/lerobot/coport-uni/FR5_task3_turn_the_sliver_air_valve_90_degress_counterclockwise_100/.cache/huggingface/download/meta/episodes/chunk-000/file-000.parquet.lock
DEBUG 2026-06-30 07:09:24 ock/_api.py:501 Attempting to acquire lock 132611814967104 on /root/.cache/huggingface/lerobot/coport-uni/FR5_task3_turn_the_sliver_air_valve_90_degress_counterclockwise_100/.cache/huggingface/download/meta/episodes/chunk-000/file-000.parquet.lock
DEBUG 2026-06-30 07:09:24 ock/_api.py:504 Lock 132611814967104 acquired on /root/.cache/huggingface/lerobot/coport-uni/FR5_task3_turn_the_sliver_air_valve_90_degress_counterclockwise_100/.cache/huggingface/download/meta/episodes/chunk-000/file-000.parquet.lock
DEBUG 2026-06-30 07:09:24 ock/_api.py:541 Attempting to release lock 132611814967104 on /root/.cache/huggingface/lerobot/coport-uni/FR5_task3_turn_the_sliver_air_valve_90_degress_counterclockwise_100/.cache/huggingface/download/meta/episodes/chunk-000/file-000.parquet.lock
DEBUG 2026-06-30 07:09:24 ock/_api.py:545 Lock 132611814967104 released on /root/.cache/huggingface/lerobot/coport-uni/FR5_task3_turn_the_sliver_air_valve_90_degress_counterclockwise_100/.cache/huggingface/download/meta/episodes/chunk-000/file-000.parquet.lock
DEBUG 2026-06-30 07:09:24 ock/_api.py:501 Attempting to acquire lock 132611814530448 on /root/.cache/huggingface/lerobot/coport-uni/FR5_task3_turn_the_sliver_air_valve_90_degress_counterclockwise_100/.cache/huggingface/download/meta/stats.json.lock
DEBUG 2026-06-30 07:09:24 ock/_api.py:541 Attempting to release lock 132611814912800 on /root/.cache/huggingface/lerobot/coport-uni/FR5_task3_turn_the_sliver_air_valve_90_degress_counterclockwise_100/.cache/huggingface/download/meta/episodes/chunk-000/file-001.parquet.lock
DEBUG 2026-06-30 07:09:24 ock/_api.py:504 Lock 132611814530448 acquired on /root/.cache/huggingface/lerobot/coport-uni/FR5_task3_turn_the_sliver_air_valve_90_degress_counterclockwise_100/.cache/huggingface/download/meta/stats.json.lock
DEBUG 2026-06-30 07:09:24 ock/_api.py:541 Attempting to release lock 132611814530448 on /root/.cache/huggingface/lerobot/coport-uni/FR5_task3_turn_the_sliver_air_valve_90_degress_counterclockwise_100/.cache/huggingface/download/meta/stats.json.lock
DEBUG 2026-06-30 07:09:24 ock/_api.py:545 Lock 132611814912800 released on /root/.cache/huggingface/lerobot/coport-uni/FR5_task3_turn_the_sliver_air_valve_90_degress_counterclockwise_100/.cache/huggingface/download/meta/episodes/chunk-000/file-001.parquet.lock
DEBUG 2026-06-30 07:09:24 ock/_api.py:545 Lock 132611814530448 released on /root/.cache/huggingface/lerobot/coport-uni/FR5_task3_turn_the_sliver_air_valve_90_degress_counterclockwise_100/.cache/huggingface/download/meta/stats.json.lock
DEBUG 2026-06-30 07:09:24 ock/_api.py:501 Attempting to acquire lock 132611814912752 on /root/.cache/huggingface/lerobot/coport-uni/FR5_task3_turn_the_sliver_air_valve_90_degress_counterclockwise_100/.cache/huggingface/download/meta/episodes/chunk-000/file-001.parquet.lock
DEBUG 2026-06-30 07:09:24 re/_trace.py:47 send_request_headers.started request=<Request [b'HEAD']>
DEBUG 2026-06-30 07:09:24 ock/_api.py:504 Lock 132611814912752 acquired on /root/.cache/huggingface/lerobot/coport-uni/FR5_task3_turn_the_sliver_air_valve_90_degress_counterclockwise_100/.cache/huggingface/download/meta/episodes/chunk-000/file-001.parquet.lock
DEBUG 2026-06-30 07:09:24 re/_trace.py:47 send_request_headers.complete
DEBUG 2026-06-30 07:09:24 re/_trace.py:47 send_request_body.started request=<Request [b'HEAD']>
DEBUG 2026-06-30 07:09:24 re/_trace.py:47 send_request_body.complete
DEBUG 2026-06-30 07:09:24 re/_trace.py:47 receive_response_headers.started request=<Request [b'HEAD']>
DEBUG 2026-06-30 07:09:24 ock/_api.py:541 Attempting to release lock 132611814912752 on /root/.cache/huggingface/lerobot/coport-uni/FR5_task3_turn_the_sliver_air_valve_90_degress_counterclockwise_100/.cache/huggingface/download/meta/episodes/chunk-000/file-001.parquet.lock
DEBUG 2026-06-30 07:09:24 ock/_api.py:545 Lock 132611814912752 released on /root/.cache/huggingface/lerobot/coport-uni/FR5_task3_turn_the_sliver_air_valve_90_degress_counterclockwise_100/.cache/huggingface/download/meta/episodes/chunk-000/file-001.parquet.lock
DEBUG 2026-06-30 07:09:24 ock/_api.py:501 Attempting to acquire lock 132611814603808 on /root/.cache/huggingface/lerobot/coport-uni/FR5_task3_turn_the_sliver_air_valve_90_degress_counterclockwise_100/.cache/huggingface/download/meta/tasks.parquet.lock
DEBUG 2026-06-30 07:09:24 ock/_api.py:504 Lock 132611814603808 acquired on /root/.cache/huggingface/lerobot/coport-uni/FR5_task3_turn_the_sliver_air_valve_90_degress_counterclockwise_100/.cache/huggingface/download/meta/tasks.parquet.lock
DEBUG 2026-06-30 07:09:24 ock/_api.py:541 Attempting to release lock 132611814603808 on /root/.cache/huggingface/lerobot/coport-uni/FR5_task3_turn_the_sliver_air_valve_90_degress_counterclockwise_100/.cache/huggingface/download/meta/tasks.parquet.lock
DEBUG 2026-06-30 07:09:24 ock/_api.py:545 Lock 132611814603808 released on /root/.cache/huggingface/lerobot/coport-uni/FR5_task3_turn_the_sliver_air_valve_90_degress_counterclockwise_100/.cache/huggingface/download/meta/tasks.parquet.lock
DEBUG 2026-06-30 07:09:24 re/_trace.py:47 send_request_headers.started request=<Request [b'HEAD']>
DEBUG 2026-06-30 07:09:24 re/_trace.py:47 send_request_headers.complete
DEBUG 2026-06-30 07:09:24 re/_trace.py:47 send_request_body.started request=<Request [b'HEAD']>
DEBUG 2026-06-30 07:09:24 re/_trace.py:47 send_request_body.complete
DEBUG 2026-06-30 07:09:24 re/_trace.py:47 receive_response_headers.started request=<Request [b'HEAD']>
DEBUG 2026-06-30 07:09:24 ock/_api.py:541 Attempting to release lock 132611814601744 on /root/.cache/huggingface/lerobot/coport-uni/FR5_task3_turn_the_sliver_air_valve_90_degress_counterclockwise_100/.cache/huggingface/download/meta/episodes/chunk-000/file-007.parquet.lock
DEBUG 2026-06-30 07:09:24 ock/_api.py:545 Lock 132611814601744 released on /root/.cache/huggingface/lerobot/coport-uni/FR5_task3_turn_the_sliver_air_valve_90_degress_counterclockwise_100/.cache/huggingface/download/meta/episodes/chunk-000/file-007.parquet.lock
DEBUG 2026-06-30 07:09:24 ock/_api.py:501 Attempting to acquire lock 132611814970176 on /root/.cache/huggingface/lerobot/coport-uni/FR5_task3_turn_the_sliver_air_valve_90_degress_counterclockwise_100/.cache/huggingface/download/meta/episodes/chunk-000/file-007.parquet.lock
DEBUG 2026-06-30 07:09:24 ock/_api.py:504 Lock 132611814970176 acquired on /root/.cache/huggingface/lerobot/coport-uni/FR5_task3_turn_the_sliver_air_valve_90_degress_counterclockwise_100/.cache/huggingface/download/meta/episodes/chunk-000/file-007.parquet.lock
DEBUG 2026-06-30 07:09:24 ock/_api.py:541 Attempting to release lock 132611814970176 on /root/.cache/huggingface/lerobot/coport-uni/FR5_task3_turn_the_sliver_air_valve_90_degress_counterclockwise_100/.cache/huggingface/download/meta/episodes/chunk-000/file-007.parquet.lock
DEBUG 2026-06-30 07:09:24 ock/_api.py:545 Lock 132611814970176 released on /root/.cache/huggingface/lerobot/coport-uni/FR5_task3_turn_the_sliver_air_valve_90_degress_counterclockwise_100/.cache/huggingface/download/meta/episodes/chunk-000/file-007.parquet.lock
DEBUG 2026-06-30 07:09:24 re/_trace.py:47 receive_response_headers.complete return_value=(b'HTTP/1.1', 307, b'Temporary Redirect', [(b'Content-Type', b'text/plain; charset=utf-8'), (b'Content-Length', b'419'), (b'Connection', b'keep-alive'), (b'Date', b'Tue, 30 Jun 2026 07:09:24 GMT'), (b'Location', b'/api/resolve-cache/datasets/coport-uni/FR5_task3_turn_the_sliver_air_valve_90_degress_counterclockwise_100/1f7ed68357ecdbd8e31415414359f4e43a355b15/meta%2Finfo.json?%2Fdatasets%2Fcoport-uni%2FFR5_task3_turn_the_sliver_air_valve_90_degress_counterclockwise_100%2Fresolve%2F1f7ed68357ecdbd8e31415414359f4e43a355b15%2Fmeta%2Finfo.json=&etag=%22a4f13940cca2a01e468d70b504b6998227be5168%22'), (b'X-Powered-By', b'huggingface-moon'), (b'X-Request-Id', b'Root=1-6a436ba4-32bcf62b0099940f5e68ce2f;561846bf-4007-44a6-8338-ed9e438ab2bd'), (b'RateLimit', b'"resolvers";r=4985;t=258'), (b'RateLimit-Policy', b'"fixed window";"resolvers";q=5000;w=300'), (b'cross-origin-opener-policy', b'same-origin'), (b'Referrer-Policy', b'strict-origin-when-cross-origin'), (b'Access-Control-Max-Age', b'86400'), (b'Access-Control-Allow-Origin', b'https://huggingface.co'), (b'Vary', b'Origin, Accept'), (b'Access-Control-Expose-Headers', b'X-Repo-Commit,X-Request-Id,X-Error-Code,X-Error-Message,X-Total-Count,ETag,Link,Accept-Ranges,Content-Range,X-Linked-Size,X-Linked-ETag,X-Xet-Hash'), (b'X-Repo-Commit', b'1f7ed68357ecdbd8e31415414359f4e43a355b15'), (b'Accept-Ranges', b'bytes'), (b'X-Hub-Cache', b'MISS'), (b'Content-Disposition', b'inline; filename*=UTF-8\'\'info.json; filename="info.json";'), (b'Content-Security-Policy', b"default-src 'none'; sandbox"), (b'X-Linked-ETag', b'"a4f13940cca2a01e468d70b504b6998227be5168"'), (b'X-Cache', b'Miss from cloudfront'), (b'Via', b'1.1 801cd5a1ed5abecf586d9f00fbf82766.cloudfront.net (CloudFront)'), (b'X-Amz-Cf-Pop', b'ICN57-P5'), (b'X-Amz-Cf-Id', b'beiqCx_jz3KdxCPk6HVGCZ5E5Mz0q3SrjIBR97PIR-jmLCBBUXpJng==')])
INFO 2026-06-30 07:09:24 _client.py:1025 HTTP Request: HEAD https://huggingface.co/datasets/coport-uni/FR5_task3_turn_the_sliver_air_valve_90_degress_counterclockwise_100/resolve/1f7ed68357ecdbd8e31415414359f4e43a355b15/meta/info.json "HTTP/1.1 307 Temporary Redirect"
DEBUG 2026-06-30 07:09:24 re/_trace.py:47 receive_response_body.started request=<Request [b'HEAD']>
DEBUG 2026-06-30 07:09:24 re/_trace.py:47 receive_response_headers.complete return_value=(b'HTTP/1.1', 302, b'Found', [(b'Content-Type', b'text/plain; charset=utf-8'), (b'Content-Length', b'1030'), (b'Connection', b'keep-alive'), (b'Date', b'Tue, 30 Jun 2026 07:09:24 GMT'), (b'Location', b'https://cas-bridge.xethub.hf.co/xet-bridge-us/6a4276dae074855e8c8cddb1/1880d1ff687c841273cc13f08398afaf5124ec26e0b69dff891ed7415451327a?Expires=1782806964&Policy=eyJTdGF0ZW1lbnQiOlt7IlJlc291cmNlIjoiaHR0cHM6Ly9jYXMtYnJpZGdlLnhldGh1Yi5oZi5jby94ZXQtYnJpZGdlLXVzLzZhNDI3NmRhZTA3NDg1NWU4YzhjZGRiMS8xODgwZDFmZjY4N2M4NDEyNzNjYzEzZjA4Mzk4YWZhZjUxMjRlYzI2ZTBiNjlkZmY4OTFlZDc0MTU0NTEzMjdhKiIsIkNvbmRpdGlvbiI6eyJEYXRlTGVzc1RoYW4iOnsiQVdTOkVwb2NoVGltZSI6MTc4MjgwNjk2NH19fV19&Signature=MEQCID50AKovcyU7IcNZqm1AhGG%7Ecm-5kVvoeVX6gr%7EMxvZ7AiB6lJtn12qi6DzwXl7RDem8Ag-Tm8Mc-U93FTXF1wXbcA__&Key-Pair-Id=K1LYXO563TGWFU&response-content-disposition=inline%3B+filename*%3DUTF-8%27%27file-008.parquet%3B+filename%3D%22file-008.parquet%22%3B&X-Xet-Cas-Uid=6968a8befacf9a9b049da27a&X-Amz-Algorithm=AWS4-HMAC-SHA256&X-Amz-Credential=cas%2F20260630%2Fus-east-1%2Fs3%2Faws4_request&X-Amz-Date=20260630T070924Z&X-Amz-Expires=3600&X-Amz-SignedHeaders=host&X-Amz-Signature=4a7e07b59ab5c439a2672fe364401ea6bd26f6fbac360e03e07011b0f2f2d701'), (b'X-Powered-By', b'huggingface-moon'), (b'X-Request-Id', b'Root=1-6a436ba4-0ac32128596cf7ff279f4143;4ca54a2a-ca61-46d4-b640-6acedc5bf00d'), (b'RateLimit', b'"resolvers";r=4987;t=258'), (b'RateLimit-Policy', b'"fixed window";"resolvers";q=5000;w=300'), (b'cross-origin-opener-policy', b'same-origin'), (b'Referrer-Policy', b'strict-origin-when-cross-origin'), (b'Access-Control-Max-Age', b'86400'), (b'Access-Control-Allow-Origin', b'https://huggingface.co'), (b'Vary', b'Origin, Accept'), (b'Access-Control-Expose-Headers', b'X-Repo-Commit,X-Request-Id,X-Error-Code,X-Error-Message,X-Total-Count,ETag,Link,Accept-Ranges,Content-Range,X-Linked-Size,X-Linked-ETag,X-Xet-Hash'), (b'X-Repo-Commit', b'1f7ed68357ecdbd8e31415414359f4e43a355b15'), (b'Accept-Ranges', b'bytes'), (b'X-Hub-Cache', b'MISS'), (b'X-Linked-Size', b'78546'), (b'X-Linked-ETag', b'"1671ad9e14618676182d512cb7e7b7c7420dd1e703f26beb2aaf9f733ba18615"'), (b'X-Xet-Hash', b'1880d1ff687c841273cc13f08398afaf5124ec26e0b69dff891ed7415451327a'), (b'Link', b'<https://huggingface.co/api/datasets/coport-uni/FR5_task3_turn_the_sliver_air_valve_90_degress_counterclockwise_100/xet-read-token/1f7ed68357ecdbd8e31415414359f4e43a355b15>; rel="xet-auth", <https://cas-server.xethub.hf.co/v1/reconstructions/1880d1ff687c841273cc13f08398afaf5124ec26e0b69dff891ed7415451327a>; rel="xet-reconstruction-info"'), (b'X-Cache', b'Miss from cloudfront'), (b'Via', b'1.1 de6fd68c70ca3c12cb609faad680c294.cloudfront.net (CloudFront)'), (b'X-Amz-Cf-Pop', b'ICN57-P5'), (b'X-Amz-Cf-Id', b'V9UYUJCewHlC9Pz54JCVEc4PzuJMQhHsjwSA4ZZzA9K_i69gOIZudQ==')])
DEBUG 2026-06-30 07:09:24 re/_trace.py:47 receive_response_body.complete
DEBUG 2026-06-30 07:09:24 re/_trace.py:47 response_closed.started
INFO 2026-06-30 07:09:24 _client.py:1025 HTTP Request: HEAD https://huggingface.co/datasets/coport-uni/FR5_task3_turn_the_sliver_air_valve_90_degress_counterclockwise_100/resolve/1f7ed68357ecdbd8e31415414359f4e43a355b15/meta/episodes/chunk-000/file-008.parquet "HTTP/1.1 302 Found"
DEBUG 2026-06-30 07:09:24 re/_trace.py:47 response_closed.complete
DEBUG 2026-06-30 07:09:24 re/_trace.py:47 receive_response_body.started request=<Request [b'HEAD']>
DEBUG 2026-06-30 07:09:24 re/_trace.py:47 send_request_headers.started request=<Request [b'HEAD']>
DEBUG 2026-06-30 07:09:24 re/_trace.py:47 receive_response_body.complete
DEBUG 2026-06-30 07:09:24 re/_trace.py:47 response_closed.started
DEBUG 2026-06-30 07:09:24 re/_trace.py:47 send_request_headers.complete
DEBUG 2026-06-30 07:09:24 re/_trace.py:47 response_closed.complete
DEBUG 2026-06-30 07:09:24 re/_trace.py:47 send_request_body.started request=<Request [b'HEAD']>
DEBUG 2026-06-30 07:09:24 re/_trace.py:47 send_request_body.complete
DEBUG 2026-06-30 07:09:24 re/_trace.py:47 receive_response_headers.started request=<Request [b'HEAD']>
DEBUG 2026-06-30 07:09:24 ock/_api.py:501 Attempting to acquire lock 132611814977712 on /root/.cache/huggingface/lerobot/coport-uni/FR5_task3_turn_the_sliver_air_valve_90_degress_counterclockwise_100/.cache/huggingface/download/meta/episodes/chunk-000/file-008.parquet.lock
DEBUG 2026-06-30 07:09:24 ock/_api.py:504 Lock 132611814977712 acquired on /root/.cache/huggingface/lerobot/coport-uni/FR5_task3_turn_the_sliver_air_valve_90_degress_counterclockwise_100/.cache/huggingface/download/meta/episodes/chunk-000/file-008.parquet.lock
DEBUG 2026-06-30 07:09:24 re/_trace.py:47 receive_response_headers.complete return_value=(b'HTTP/1.1', 302, b'Found', [(b'Content-Type', b'text/plain; charset=utf-8'), (b'Content-Length', b'1028'), (b'Connection', b'keep-alive'), (b'Date', b'Tue, 30 Jun 2026 07:09:24 GMT'), (b'Location', b'https://cas-bridge.xethub.hf.co/xet-bridge-us/6a4276dae074855e8c8cddb1/ef7a89740a61a8bd13d2bbad49bf6d6a12f90bfb1f14f47545e1380c7ff0e9a1?Expires=1782806964&Policy=eyJTdGF0ZW1lbnQiOlt7IlJlc291cmNlIjoiaHR0cHM6Ly9jYXMtYnJpZGdlLnhldGh1Yi5oZi5jby94ZXQtYnJpZGdlLXVzLzZhNDI3NmRhZTA3NDg1NWU4YzhjZGRiMS9lZjdhODk3NDBhNjFhOGJkMTNkMmJiYWQ0OWJmNmQ2YTEyZjkwYmZiMWYxNGY0NzU0NWUxMzgwYzdmZjBlOWExKiIsIkNvbmRpdGlvbiI6eyJEYXRlTGVzc1RoYW4iOnsiQVdTOkVwb2NoVGltZSI6MTc4MjgwNjk2NH19fV19&Signature=MEQCIBCTFT7dswKPCPPI1S-tzbZBHCqVP3v73BANrg1AiBROAiArI9%7ECrfMJovKFPQPTLfSXXlPleOXgtcDe36rky8gUUg__&Key-Pair-Id=K1LYXO563TGWFU&X-Xet-Cas-Uid=6968a8befacf9a9b049da27a&response-content-disposition=inline%3B+filename*%3DUTF-8%27%27file-009.parquet%3B+filename%3D%22file-009.parquet%22%3B&X-Amz-Algorithm=AWS4-HMAC-SHA256&X-Amz-Credential=cas%2F20260630%2Fus-east-1%2Fs3%2Faws4_request&X-Amz-Date=20260630T070924Z&X-Amz-Expires=3600&X-Amz-SignedHeaders=host&X-Amz-Signature=c442d7ced072439cc28983f120af8511c25df5d7f7f134d524d86e7005838406'), (b'X-Powered-By', b'huggingface-moon'), (b'X-Request-Id', b'Root=1-6a436ba4-6a66ced4533b5b6c262a4707;f6b553ae-31fd-485b-8463-dc39b67f7d45'), (b'RateLimit', b'"resolvers";r=4986;t=258'), (b'RateLimit-Policy', b'"fixed window";"resolvers";q=5000;w=300'), (b'cross-origin-opener-policy', b'same-origin'), (b'Referrer-Policy', b'strict-origin-when-cross-origin'), (b'Access-Control-Max-Age', b'86400'), (b'Access-Control-Allow-Origin', b'https://huggingface.co'), (b'Vary', b'Origin, Accept'), (b'Access-Control-Expose-Headers', b'X-Repo-Commit,X-Request-Id,X-Error-Code,X-Error-Message,X-Total-Count,ETag,Link,Accept-Ranges,Content-Range,X-Linked-Size,X-Linked-ETag,X-Xet-Hash'), (b'X-Repo-Commit', b'1f7ed68357ecdbd8e31415414359f4e43a355b15'), (b'Accept-Ranges', b'bytes'), (b'X-Hub-Cache', b'MISS'), (b'X-Linked-Size', b'78486'), (b'X-Linked-ETag', b'"9176b2cb97ccca823bf37bad1bdd4046537bf33d69d0589c0e43902ed0e42d1b"'), (b'X-Xet-Hash', b'ef7a89740a61a8bd13d2bbad49bf6d6a12f90bfb1f14f47545e1380c7ff0e9a1'), (b'Link', b'<https://huggingface.co/api/datasets/coport-uni/FR5_task3_turn_the_sliver_air_valve_90_degress_counterclockwise_100/xet-read-token/1f7ed68357ecdbd8e31415414359f4e43a355b15>; rel="xet-auth", <https://cas-server.xethub.hf.co/v1/reconstructions/ef7a89740a61a8bd13d2bbad49bf6d6a12f90bfb1f14f47545e1380c7ff0e9a1>; rel="xet-reconstruction-info"'), (b'X-Cache', b'Miss from cloudfront'), (b'Via', b'1.1 c84f725aa1244c57e6ad6d1072d23c54.cloudfront.net (CloudFront)'), (b'X-Amz-Cf-Pop', b'ICN57-P5'), (b'X-Amz-Cf-Id', b'xoN3bVwL38L0gE5LwrQi04lHb65mg4Kb7bLfPJdoSzQul7ZzKpaWUQ==')])
INFO 2026-06-30 07:09:24 _client.py:1025 HTTP Request: HEAD https://huggingface.co/datasets/coport-uni/FR5_task3_turn_the_sliver_air_valve_90_degress_counterclockwise_100/resolve/1f7ed68357ecdbd8e31415414359f4e43a355b15/meta/episodes/chunk-000/file-009.parquet "HTTP/1.1 302 Found"
DEBUG 2026-06-30 07:09:24 re/_trace.py:47 receive_response_body.started request=<Request [b'HEAD']>
DEBUG 2026-06-30 07:09:24 re/_trace.py:47 receive_response_body.complete
DEBUG 2026-06-30 07:09:24 re/_trace.py:47 response_closed.started
DEBUG 2026-06-30 07:09:24 re/_trace.py:47 response_closed.complete
DEBUG 2026-06-30 07:09:24 ock/_api.py:501 Attempting to acquire lock 132611814599968 on /root/.cache/huggingface/lerobot/coport-uni/FR5_task3_turn_the_sliver_air_valve_90_degress_counterclockwise_100/.cache/huggingface/download/meta/episodes/chunk-000/file-009.parquet.lock
DEBUG 2026-06-30 07:09:24 ock/_api.py:504 Lock 132611814599968 acquired on /root/.cache/huggingface/lerobot/coport-uni/FR5_task3_turn_the_sliver_air_valve_90_degress_counterclockwise_100/.cache/huggingface/download/meta/episodes/chunk-000/file-009.parquet.lock
DEBUG 2026-06-30 07:09:24 ock/_api.py:541 Attempting to release lock 132611814595552 on /root/.cache/huggingface/lerobot/coport-uni/FR5_task3_turn_the_sliver_air_valve_90_degress_counterclockwise_100/.cache/huggingface/download/meta/episodes/chunk-000/file-005.parquet.lock
DEBUG 2026-06-30 07:09:24 ock/_api.py:545 Lock 132611814595552 released on /root/.cache/huggingface/lerobot/coport-uni/FR5_task3_turn_the_sliver_air_valve_90_degress_counterclockwise_100/.cache/huggingface/download/meta/episodes/chunk-000/file-005.parquet.lock
DEBUG 2026-06-30 07:09:24 ock/_api.py:501 Attempting to acquire lock 132611814980400 on /root/.cache/huggingface/lerobot/coport-uni/FR5_task3_turn_the_sliver_air_valve_90_degress_counterclockwise_100/.cache/huggingface/download/meta/episodes/chunk-000/file-005.parquet.lock
DEBUG 2026-06-30 07:09:24 ock/_api.py:504 Lock 132611814980400 acquired on /root/.cache/huggingface/lerobot/coport-uni/FR5_task3_turn_the_sliver_air_valve_90_degress_counterclockwise_100/.cache/huggingface/download/meta/episodes/chunk-000/file-005.parquet.lock
DEBUG 2026-06-30 07:09:24 ock/_api.py:541 Attempting to release lock 132611814980400 on /root/.cache/huggingface/lerobot/coport-uni/FR5_task3_turn_the_sliver_air_valve_90_degress_counterclockwise_100/.cache/huggingface/download/meta/episodes/chunk-000/file-005.parquet.lock
DEBUG 2026-06-30 07:09:24 ock/_api.py:545 Lock 132611814980400 released on /root/.cache/huggingface/lerobot/coport-uni/FR5_task3_turn_the_sliver_air_valve_90_degress_counterclockwise_100/.cache/huggingface/download/meta/episodes/chunk-000/file-005.parquet.lock
DEBUG 2026-06-30 07:09:24 ock/_api.py:541 Attempting to release lock 132611814905984 on /root/.cache/huggingface/lerobot/coport-uni/FR5_task3_turn_the_sliver_air_valve_90_degress_counterclockwise_100/.cache/huggingface/download/meta/episodes/chunk-000/file-006.parquet.lock
DEBUG 2026-06-30 07:09:24 ock/_api.py:545 Lock 132611814905984 released on /root/.cache/huggingface/lerobot/coport-uni/FR5_task3_turn_the_sliver_air_valve_90_degress_counterclockwise_100/.cache/huggingface/download/meta/episodes/chunk-000/file-006.parquet.lock
DEBUG 2026-06-30 07:09:24 ock/_api.py:501 Attempting to acquire lock 132611814905984 on /root/.cache/huggingface/lerobot/coport-uni/FR5_task3_turn_the_sliver_air_valve_90_degress_counterclockwise_100/.cache/huggingface/download/meta/episodes/chunk-000/file-006.parquet.lock
DEBUG 2026-06-30 07:09:24 ock/_api.py:504 Lock 132611814905984 acquired on /root/.cache/huggingface/lerobot/coport-uni/FR5_task3_turn_the_sliver_air_valve_90_degress_counterclockwise_100/.cache/huggingface/download/meta/episodes/chunk-000/file-006.parquet.lock
DEBUG 2026-06-30 07:09:24 ock/_api.py:541 Attempting to release lock 132611814905984 on /root/.cache/huggingface/lerobot/coport-uni/FR5_task3_turn_the_sliver_air_valve_90_degress_counterclockwise_100/.cache/huggingface/download/meta/episodes/chunk-000/file-006.parquet.lock
DEBUG 2026-06-30 07:09:24 ock/_api.py:545 Lock 132611814905984 released on /root/.cache/huggingface/lerobot/coport-uni/FR5_task3_turn_the_sliver_air_valve_90_degress_counterclockwise_100/.cache/huggingface/download/meta/episodes/chunk-000/file-006.parquet.lock
DEBUG 2026-06-30 07:09:24 re/_trace.py:47 receive_response_headers.complete return_value=(b'HTTP/1.1', 307, b'Temporary Redirect', [(b'Content-Type', b'text/plain; charset=utf-8'), (b'Content-Length', b'421'), (b'Connection', b'keep-alive'), (b'Date', b'Tue, 30 Jun 2026 07:09:24 GMT'), (b'Location', b'/api/resolve-cache/datasets/coport-uni/FR5_task3_turn_the_sliver_air_valve_90_degress_counterclockwise_100/1f7ed68357ecdbd8e31415414359f4e43a355b15/meta%2Fstats.json?%2Fdatasets%2Fcoport-uni%2FFR5_task3_turn_the_sliver_air_valve_90_degress_counterclockwise_100%2Fresolve%2F1f7ed68357ecdbd8e31415414359f4e43a355b15%2Fmeta%2Fstats.json=&etag=%22c56022d89537064851587ffd9409f38de2e0e8e0%22'), (b'X-Powered-By', b'huggingface-moon'), (b'X-Request-Id', b'Root=1-6a436ba4-3b5cd85765bb5fea4d311a54;f94425b7-3411-48a0-9b42-a657143b6940'), (b'RateLimit', b'"resolvers";r=4984;t=258'), (b'RateLimit-Policy', b'"fixed window";"resolvers";q=5000;w=300'), (b'cross-origin-opener-policy', b'same-origin'), (b'Referrer-Policy', b'strict-origin-when-cross-origin'), (b'Access-Control-Max-Age', b'86400'), (b'Access-Control-Allow-Origin', b'https://huggingface.co'), (b'Vary', b'Origin, Accept'), (b'Access-Control-Expose-Headers', b'X-Repo-Commit,X-Request-Id,X-Error-Code,X-Error-Message,X-Total-Count,ETag,Link,Accept-Ranges,Content-Range,X-Linked-Size,X-Linked-ETag,X-Xet-Hash'), (b'X-Repo-Commit', b'1f7ed68357ecdbd8e31415414359f4e43a355b15'), (b'Accept-Ranges', b'bytes'), (b'X-Hub-Cache', b'MISS'), (b'Content-Disposition', b'inline; filename*=UTF-8\'\'stats.json; filename="stats.json";'), (b'Content-Security-Policy', b"default-src 'none'; sandbox"), (b'X-Linked-ETag', b'"c56022d89537064851587ffd9409f38de2e0e8e0"'), (b'X-Cache', b'Miss from cloudfront'), (b'Via', b'1.1 81b42f343b25b1a9020e798df069ea90.cloudfront.net (CloudFront)'), (b'X-Amz-Cf-Pop', b'ICN57-P5'), (b'X-Amz-Cf-Id', b'6Yg5I8k5KbUVAh-_qpnuG8XO79LM_Mdsd6IcfoWBXn1G_rssVL3hpg==')])
INFO 2026-06-30 07:09:24 _client.py:1025 HTTP Request: HEAD https://huggingface.co/datasets/coport-uni/FR5_task3_turn_the_sliver_air_valve_90_degress_counterclockwise_100/resolve/1f7ed68357ecdbd8e31415414359f4e43a355b15/meta/stats.json "HTTP/1.1 307 Temporary Redirect"
DEBUG 2026-06-30 07:09:24 re/_trace.py:47 receive_response_body.started request=<Request [b'HEAD']>
DEBUG 2026-06-30 07:09:24 re/_trace.py:47 receive_response_body.complete
DEBUG 2026-06-30 07:09:24 re/_trace.py:47 response_closed.started
DEBUG 2026-06-30 07:09:24 re/_trace.py:47 response_closed.complete
DEBUG 2026-06-30 07:09:24 re/_trace.py:47 send_request_headers.started request=<Request [b'HEAD']>
DEBUG 2026-06-30 07:09:24 re/_trace.py:47 send_request_headers.complete
DEBUG 2026-06-30 07:09:24 re/_trace.py:47 send_request_body.started request=<Request [b'HEAD']>
DEBUG 2026-06-30 07:09:24 re/_trace.py:47 send_request_body.complete
DEBUG 2026-06-30 07:09:24 re/_trace.py:47 receive_response_headers.started request=<Request [b'HEAD']>
DEBUG 2026-06-30 07:09:24 re/_trace.py:47 receive_response_headers.complete return_value=(b'HTTP/1.1', 200, b'OK', [(b'Content-Type', b'text/plain; charset=utf-8'), (b'Content-Length', b'3884'), (b'Connection', b'keep-alive'), (b'Date', b'Tue, 30 Jun 2026 07:08:47 GMT'), (b'ETag', b'"a4f13940cca2a01e468d70b504b6998227be5168"'), (b'X-Powered-By', b'huggingface-moon'), (b'X-Request-Id', b'Root=1-6a436b7f-1fc858f15d06d4785c683669;5928b8f9-a02d-4bb3-b6be-b0b7062b0bfa'), (b'RateLimit', b'"resolvers";r=4998;t=295'), (b'RateLimit-Policy', b'"fixed window";"resolvers";q=5000;w=300'), (b'cross-origin-opener-policy', b'same-origin'), (b'Referrer-Policy', b'strict-origin-when-cross-origin'), (b'Access-Control-Max-Age', b'86400'), (b'Access-Control-Allow-Origin', b'https://huggingface.co'), (b'Access-Control-Expose-Headers', b'X-Repo-Commit,X-Request-Id,X-Error-Code,X-Error-Message,X-Total-Count,ETag,Link,Accept-Ranges,Content-Range,X-Linked-Size,X-Linked-ETag,X-Xet-Hash'), (b'X-Repo-Commit', b'1f7ed68357ecdbd8e31415414359f4e43a355b15'), (b'Accept-Ranges', b'bytes'), (b'X-Hub-Cache', b'MISS'), (b'Content-Disposition', b'inline; filename*=UTF-8\'\'info.json; filename="info.json";'), (b'Content-Security-Policy', b"default-src 'none'; sandbox"), (b'Vary', b'Origin'), (b'X-Cache', b'Hit from cloudfront'), (b'Via', b'1.1 801cd5a1ed5abecf586d9f00fbf82766.cloudfront.net (CloudFront)'), (b'X-Amz-Cf-Pop', b'ICN57-P5'), (b'X-Amz-Cf-Id', b'dEze3St8ZN_4fkenbxKVTGlo2__9JDR6NBk1e5fgUSITDIgaDL8xxA=='), (b'Age', b'37')])
INFO 2026-06-30 07:09:24 _client.py:1025 HTTP Request: HEAD https://huggingface.co/api/resolve-cache/datasets/coport-uni/FR5_task3_turn_the_sliver_air_valve_90_degress_counterclockwise_100/1f7ed68357ecdbd8e31415414359f4e43a355b15/meta%2Finfo.json "HTTP/1.1 200 OK"
DEBUG 2026-06-30 07:09:24 re/_trace.py:47 receive_response_body.started request=<Request [b'HEAD']>
DEBUG 2026-06-30 07:09:24 re/_trace.py:47 receive_response_body.complete
DEBUG 2026-06-30 07:09:24 re/_trace.py:47 response_closed.started
DEBUG 2026-06-30 07:09:24 re/_trace.py:47 response_closed.complete
DEBUG 2026-06-30 07:09:24 ock/_api.py:501 Attempting to acquire lock 132611814915536 on /root/.cache/huggingface/lerobot/coport-uni/FR5_task3_turn_the_sliver_air_valve_90_degress_counterclockwise_100/.cache/huggingface/download/meta/info.json.lock
DEBUG 2026-06-30 07:09:24 ock/_api.py:504 Lock 132611814915536 acquired on /root/.cache/huggingface/lerobot/coport-uni/FR5_task3_turn_the_sliver_air_valve_90_degress_counterclockwise_100/.cache/huggingface/download/meta/info.json.lock
DEBUG 2026-06-30 07:09:24 ock/_api.py:541 Attempting to release lock 132611814915536 on /root/.cache/huggingface/lerobot/coport-uni/FR5_task3_turn_the_sliver_air_valve_90_degress_counterclockwise_100/.cache/huggingface/download/meta/info.json.lock
DEBUG 2026-06-30 07:09:24 ock/_api.py:545 Lock 132611814915536 released on /root/.cache/huggingface/lerobot/coport-uni/FR5_task3_turn_the_sliver_air_valve_90_degress_counterclockwise_100/.cache/huggingface/download/meta/info.json.lock
DEBUG 2026-06-30 07:09:24 ock/_api.py:501 Attempting to acquire lock 132611814915536 on /root/.cache/huggingface/lerobot/coport-uni/FR5_task3_turn_the_sliver_air_valve_90_degress_counterclockwise_100/.cache/huggingface/download/meta/info.json.lock
DEBUG 2026-06-30 07:09:24 ock/_api.py:504 Lock 132611814915536 acquired on /root/.cache/huggingface/lerobot/coport-uni/FR5_task3_turn_the_sliver_air_valve_90_degress_counterclockwise_100/.cache/huggingface/download/meta/info.json.lock
DEBUG 2026-06-30 07:09:24 ock/_api.py:541 Attempting to release lock 132611814915536 on /root/.cache/huggingface/lerobot/coport-uni/FR5_task3_turn_the_sliver_air_valve_90_degress_counterclockwise_100/.cache/huggingface/download/meta/info.json.lock
DEBUG 2026-06-30 07:09:24 ock/_api.py:545 Lock 132611814915536 released on /root/.cache/huggingface/lerobot/coport-uni/FR5_task3_turn_the_sliver_air_valve_90_degress_counterclockwise_100/.cache/huggingface/download/meta/info.json.lock
DEBUG 2026-06-30 07:09:24 re/_trace.py:47 receive_response_headers.complete return_value=(b'HTTP/1.1', 302, b'Found', [(b'Content-Type', b'text/plain; charset=utf-8'), (b'Content-Length', b'1022'), (b'Connection', b'keep-alive'), (b'Date', b'Tue, 30 Jun 2026 07:09:24 GMT'), (b'Location', b'https://cas-bridge.xethub.hf.co/xet-bridge-us/6a4276dae074855e8c8cddb1/2083492ed451b10443045e999bebc1fbe0171647de4071498a13ae128120e731?Expires=1782806964&Policy=eyJTdGF0ZW1lbnQiOlt7IlJlc291cmNlIjoiaHR0cHM6Ly9jYXMtYnJpZGdlLnhldGh1Yi5oZi5jby94ZXQtYnJpZGdlLXVzLzZhNDI3NmRhZTA3NDg1NWU4YzhjZGRiMS8yMDgzNDkyZWQ0NTFiMTA0NDMwNDVlOTk5YmViYzFmYmUwMTcxNjQ3ZGU0MDcxNDk4YTEzYWUxMjgxMjBlNzMxKiIsIkNvbmRpdGlvbiI6eyJEYXRlTGVzc1RoYW4iOnsiQVdTOkVwb2NoVGltZSI6MTc4MjgwNjk2NH19fV19&Signature=MEYCIQDT0mYFeqkziV1B5VxXyzpkid3r-UksT6VTrx%7EHX6i-AwIhAObwxeTjnYOaOyE-okqTd1GIRw-aHkqj9dybjJP6x5cc&Key-Pair-Id=K1LYXO563TGWFU&response-content-disposition=inline%3B+filename*%3DUTF-8%27%27tasks.parquet%3B+filename%3D%22tasks.parquet%22%3B&X-Xet-Cas-Uid=6968a8befacf9a9b049da27a&X-Amz-Algorithm=AWS4-HMAC-SHA256&X-Amz-Credential=cas%2F20260630%2Fus-east-1%2Fs3%2Faws4_request&X-Amz-Date=20260630T070924Z&X-Amz-Expires=3600&X-Amz-SignedHeaders=host&X-Amz-Signature=a91cf4acd6af3cd0851df49731fb5697ac611e024d67b0ca583e97f4f840bd7f'), (b'X-Powered-By', b'huggingface-moon'), (b'X-Request-Id', b'Root=1-6a436ba4-1d5988036587dbd01a9faa6e;b1ad6555-2142-47b0-986e-bbf7a3358b80'), (b'RateLimit', b'"resolvers";r=4983;t=258'), (b'RateLimit-Policy', b'"fixed window";"resolvers";q=5000;w=300'), (b'cross-origin-opener-policy', b'same-origin'), (b'Referrer-Policy', b'strict-origin-when-cross-origin'), (b'Access-Control-Max-Age', b'86400'), (b'Access-Control-Allow-Origin', b'https://huggingface.co'), (b'Vary', b'Origin, Accept'), (b'Access-Control-Expose-Headers', b'X-Repo-Commit,X-Request-Id,X-Error-Code,X-Error-Message,X-Total-Count,ETag,Link,Accept-Ranges,Content-Range,X-Linked-Size,X-Linked-ETag,X-Xet-Hash'), (b'X-Repo-Commit', b'1f7ed68357ecdbd8e31415414359f4e43a355b15'), (b'Accept-Ranges', b'bytes'), (b'X-Hub-Cache', b'MISS'), (b'X-Linked-Size', b'2248'), (b'X-Linked-ETag', b'"50473705a3e2ebeba21fa6653126337d0c97bf9dc175861f180febcfc74b03b8"'), (b'X-Xet-Hash', b'2083492ed451b10443045e999bebc1fbe0171647de4071498a13ae128120e731'), (b'Link', b'<https://huggingface.co/api/datasets/coport-uni/FR5_task3_turn_the_sliver_air_valve_90_degress_counterclockwise_100/xet-read-token/1f7ed68357ecdbd8e31415414359f4e43a355b15>; rel="xet-auth", <https://cas-server.xethub.hf.co/v1/reconstructions/2083492ed451b10443045e999bebc1fbe0171647de4071498a13ae128120e731>; rel="xet-reconstruction-info"'), (b'X-Cache', b'Miss from cloudfront'), (b'Via', b'1.1 79bf4a07aaeb21e827979e065b1a3d7e.cloudfront.net (CloudFront)'), (b'X-Amz-Cf-Pop', b'ICN57-P5'), (b'X-Amz-Cf-Id', b'hBm2LYVl0zW_ReJBrbabQ_auSSIsg8qkLP2XRuwKH0s2_HCLSuP87w==')])
INFO 2026-06-30 07:09:24 _client.py:1025 HTTP Request: HEAD https://huggingface.co/datasets/coport-uni/FR5_task3_turn_the_sliver_air_valve_90_degress_counterclockwise_100/resolve/1f7ed68357ecdbd8e31415414359f4e43a355b15/meta/tasks.parquet "HTTP/1.1 302 Found"
DEBUG 2026-06-30 07:09:24 re/_trace.py:47 receive_response_body.started request=<Request [b'HEAD']>
DEBUG 2026-06-30 07:09:24 re/_trace.py:47 receive_response_body.complete
DEBUG 2026-06-30 07:09:24 re/_trace.py:47 response_closed.started
DEBUG 2026-06-30 07:09:24 re/_trace.py:47 response_closed.complete
DEBUG 2026-06-30 07:09:24 ock/_api.py:501 Attempting to acquire lock 132611814591760 on /root/.cache/huggingface/lerobot/coport-uni/FR5_task3_turn_the_sliver_air_valve_90_degress_counterclockwise_100/.cache/huggingface/download/meta/tasks.parquet.lock
DEBUG 2026-06-30 07:09:24 ock/_api.py:504 Lock 132611814591760 acquired on /root/.cache/huggingface/lerobot/coport-uni/FR5_task3_turn_the_sliver_air_valve_90_degress_counterclockwise_100/.cache/huggingface/download/meta/tasks.parquet.lock
DEBUG 2026-06-30 07:09:24 re/_trace.py:47 receive_response_headers.complete return_value=(b'HTTP/1.1', 200, b'OK', [(b'Content-Type', b'text/plain; charset=utf-8'), (b'Content-Length', b'16660'), (b'Connection', b'keep-alive'), (b'Date', b'Tue, 30 Jun 2026 07:09:24 GMT'), (b'ETag', b'"c56022d89537064851587ffd9409f38de2e0e8e0"'), (b'X-Powered-By', b'huggingface-moon'), (b'X-Request-Id', b'Root=1-6a436ba4-067fa212634379f35f510f63;abbeb208-2506-4d20-9e59-d4a4764046b5'), (b'RateLimit', b'"resolvers";r=4982;t=258'), (b'RateLimit-Policy', b'"fixed window";"resolvers";q=5000;w=300'), (b'cross-origin-opener-policy', b'same-origin'), (b'Referrer-Policy', b'strict-origin-when-cross-origin'), (b'Access-Control-Max-Age', b'86400'), (b'Access-Control-Allow-Origin', b'https://huggingface.co'), (b'Access-Control-Expose-Headers', b'X-Repo-Commit,X-Request-Id,X-Error-Code,X-Error-Message,X-Total-Count,ETag,Link,Accept-Ranges,Content-Range,X-Linked-Size,X-Linked-ETag,X-Xet-Hash'), (b'X-Repo-Commit', b'1f7ed68357ecdbd8e31415414359f4e43a355b15'), (b'Accept-Ranges', b'bytes'), (b'X-Hub-Cache', b'MISS'), (b'Content-Disposition', b'inline; filename*=UTF-8\'\'stats.json; filename="stats.json";'), (b'Content-Security-Policy', b"default-src 'none'; sandbox"), (b'Vary', b'Origin'), (b'X-Cache', b'Miss from cloudfront'), (b'Via', b'1.1 de6fd68c70ca3c12cb609faad680c294.cloudfront.net (CloudFront)'), (b'X-Amz-Cf-Pop', b'ICN57-P5'), (b'X-Amz-Cf-Id', b'LelufXmOQa159cXv7qfDEyYp1NqTMffYVqMtMnguS4EAzYeoSZLE3w==')])
INFO 2026-06-30 07:09:24 _client.py:1025 HTTP Request: HEAD https://huggingface.co/api/resolve-cache/datasets/coport-uni/FR5_task3_turn_the_sliver_air_valve_90_degress_counterclockwise_100/1f7ed68357ecdbd8e31415414359f4e43a355b15/meta%2Fstats.json "HTTP/1.1 200 OK"
DEBUG 2026-06-30 07:09:24 re/_trace.py:47 receive_response_body.started request=<Request [b'HEAD']>
DEBUG 2026-06-30 07:09:24 re/_trace.py:47 receive_response_body.complete
DEBUG 2026-06-30 07:09:24 re/_trace.py:47 response_closed.started
DEBUG 2026-06-30 07:09:24 re/_trace.py:47 response_closed.complete
DEBUG 2026-06-30 07:09:24 ock/_api.py:501 Attempting to acquire lock 132611814526992 on /root/.cache/huggingface/lerobot/coport-uni/FR5_task3_turn_the_sliver_air_valve_90_degress_counterclockwise_100/.cache/huggingface/download/meta/stats.json.lock
DEBUG 2026-06-30 07:09:24 ock/_api.py:504 Lock 132611814526992 acquired on /root/.cache/huggingface/lerobot/coport-uni/FR5_task3_turn_the_sliver_air_valve_90_degress_counterclockwise_100/.cache/huggingface/download/meta/stats.json.lock
DEBUG 2026-06-30 07:09:24 re/_trace.py:47 send_request_headers.started request=<Request [b'GET']>
DEBUG 2026-06-30 07:09:24 re/_trace.py:47 send_request_headers.complete
DEBUG 2026-06-30 07:09:24 re/_trace.py:47 send_request_body.started request=<Request [b'GET']>
DEBUG 2026-06-30 07:09:24 re/_trace.py:47 send_request_body.complete
DEBUG 2026-06-30 07:09:24 re/_trace.py:47 receive_response_headers.started request=<Request [b'GET']>
DEBUG 2026-06-30 07:09:25 re/_trace.py:47 receive_response_headers.complete return_value=(b'HTTP/1.1', 200, b'OK', [(b'Content-Type', b'text/plain; charset=utf-8'), (b'Transfer-Encoding', b'chunked'), (b'Connection', b'keep-alive'), (b'Date', b'Tue, 30 Jun 2026 07:09:24 GMT'), (b'Content-Encoding', b'gzip'), (b'ETag', b'W/"c56022d89537064851587ffd9409f38de2e0e8e0"'), (b'X-Powered-By', b'huggingface-moon'), (b'X-Request-Id', b'Root=1-6a436ba4-355c9bd71d39a5d32c0b3e82;ac70de8e-32c5-4f53-b1ca-80a8dc011a85'), (b'RateLimit', b'"resolvers";r=4981;t=258'), (b'RateLimit-Policy', b'"fixed window";"resolvers";q=5000;w=300'), (b'cross-origin-opener-policy', b'same-origin'), (b'Referrer-Policy', b'strict-origin-when-cross-origin'), (b'Access-Control-Max-Age', b'86400'), (b'Access-Control-Allow-Origin', b'https://huggingface.co'), (b'Access-Control-Expose-Headers', b'X-Repo-Commit,X-Request-Id,X-Error-Code,X-Error-Message,X-Total-Count,ETag,Link,Accept-Ranges,Content-Range,X-Linked-Size,X-Linked-ETag,X-Xet-Hash'), (b'X-Repo-Commit', b'1f7ed68357ecdbd8e31415414359f4e43a355b15'), (b'Content-Security-Policy', b"default-src 'none'; sandbox"), (b'Content-Disposition', b'inline; filename*=UTF-8\'\'stats.json; filename="stats.json";'), (b'Vary', b'Origin,Accept-Encoding'), (b'X-Cache', b'Miss from cloudfront'), (b'Via', b'1.1 de6fd68c70ca3c12cb609faad680c294.cloudfront.net (CloudFront)'), (b'X-Amz-Cf-Pop', b'ICN57-P5'), (b'X-Amz-Cf-Id', b'm2quzgkS3dcd8CBxvkZTcRdrVYlXWwJBGqBso56oei0b67Oxps5WQw==')])
INFO 2026-06-30 07:09:25 _client.py:1025 HTTP Request: GET https://huggingface.co/api/resolve-cache/datasets/coport-uni/FR5_task3_turn_the_sliver_air_valve_90_degress_counterclockwise_100/1f7ed68357ecdbd8e31415414359f4e43a355b15/meta%2Fstats.json "HTTP/1.1 200 OK"
DEBUG 2026-06-30 07:09:25 re/_trace.py:47 receive_response_body.started request=<Request [b'GET']>
DEBUG 2026-06-30 07:09:25 re/_trace.py:47 receive_response_body.complete
DEBUG 2026-06-30 07:09:25 re/_trace.py:47 response_closed.started
DEBUG 2026-06-30 07:09:25 re/_trace.py:47 response_closed.complete
DEBUG 2026-06-30 07:09:25 ock/_api.py:541 Attempting to release lock 132611814526992 on /root/.cache/huggingface/lerobot/coport-uni/FR5_task3_turn_the_sliver_air_valve_90_degress_counterclockwise_100/.cache/huggingface/download/meta/stats.json.lock
DEBUG 2026-06-30 07:09:25 ock/_api.py:545 Lock 132611814526992 released on /root/.cache/huggingface/lerobot/coport-uni/FR5_task3_turn_the_sliver_air_valve_90_degress_counterclockwise_100/.cache/huggingface/download/meta/stats.json.lock
DEBUG 2026-06-30 07:09:25 ock/_api.py:501 Attempting to acquire lock 132611814526608 on /root/.cache/huggingface/lerobot/coport-uni/FR5_task3_turn_the_sliver_air_valve_90_degress_counterclockwise_100/.cache/huggingface/download/meta/stats.json.lock
DEBUG 2026-06-30 07:09:25 ock/_api.py:504 Lock 132611814526608 acquired on /root/.cache/huggingface/lerobot/coport-uni/FR5_task3_turn_the_sliver_air_valve_90_degress_counterclockwise_100/.cache/huggingface/download/meta/stats.json.lock
DEBUG 2026-06-30 07:09:25 ock/_api.py:541 Attempting to release lock 132611814526608 on /root/.cache/huggingface/lerobot/coport-uni/FR5_task3_turn_the_sliver_air_valve_90_degress_counterclockwise_100/.cache/huggingface/download/meta/stats.json.lock
DEBUG 2026-06-30 07:09:25 ock/_api.py:545 Lock 132611814526608 released on /root/.cache/huggingface/lerobot/coport-uni/FR5_task3_turn_the_sliver_air_valve_90_degress_counterclockwise_100/.cache/huggingface/download/meta/stats.json.lock
DEBUG 2026-06-30 07:09:26 ock/_api.py:541 Attempting to release lock 132611814599968 on /root/.cache/huggingface/lerobot/coport-uni/FR5_task3_turn_the_sliver_air_valve_90_degress_counterclockwise_100/.cache/huggingface/download/meta/episodes/chunk-000/file-009.parquet.lock
DEBUG 2026-06-30 07:09:26 ock/_api.py:545 Lock 132611814599968 released on /root/.cache/huggingface/lerobot/coport-uni/FR5_task3_turn_the_sliver_air_valve_90_degress_counterclockwise_100/.cache/huggingface/download/meta/episodes/chunk-000/file-009.parquet.lock
DEBUG 2026-06-30 07:09:26 ock/_api.py:501 Attempting to acquire lock 132611814604096 on /root/.cache/huggingface/lerobot/coport-uni/FR5_task3_turn_the_sliver_air_valve_90_degress_counterclockwise_100/.cache/huggingface/download/meta/episodes/chunk-000/file-009.parquet.lock
DEBUG 2026-06-30 07:09:26 ock/_api.py:504 Lock 132611814604096 acquired on /root/.cache/huggingface/lerobot/coport-uni/FR5_task3_turn_the_sliver_air_valve_90_degress_counterclockwise_100/.cache/huggingface/download/meta/episodes/chunk-000/file-009.parquet.lock
DEBUG 2026-06-30 07:09:26 ock/_api.py:541 Attempting to release lock 132611814604096 on /root/.cache/huggingface/lerobot/coport-uni/FR5_task3_turn_the_sliver_air_valve_90_degress_counterclockwise_100/.cache/huggingface/download/meta/episodes/chunk-000/file-009.parquet.lock
DEBUG 2026-06-30 07:09:26 ock/_api.py:545 Lock 132611814604096 released on /root/.cache/huggingface/lerobot/coport-uni/FR5_task3_turn_the_sliver_air_valve_90_degress_counterclockwise_100/.cache/huggingface/download/meta/episodes/chunk-000/file-009.parquet.lock
DEBUG 2026-06-30 07:09:26 ock/_api.py:541 Attempting to release lock 132611814591760 on /root/.cache/huggingface/lerobot/coport-uni/FR5_task3_turn_the_sliver_air_valve_90_degress_counterclockwise_100/.cache/huggingface/download/meta/tasks.parquet.lock
DEBUG 2026-06-30 07:09:26 ock/_api.py:545 Lock 132611814591760 released on /root/.cache/huggingface/lerobot/coport-uni/FR5_task3_turn_the_sliver_air_valve_90_degress_counterclockwise_100/.cache/huggingface/download/meta/tasks.parquet.lock
DEBUG 2026-06-30 07:09:26 ock/_api.py:501 Attempting to acquire lock 132611814593728 on /root/.cache/huggingface/lerobot/coport-uni/FR5_task3_turn_the_sliver_air_valve_90_degress_counterclockwise_100/.cache/huggingface/download/meta/tasks.parquet.lock
DEBUG 2026-06-30 07:09:26 ock/_api.py:504 Lock 132611814593728 acquired on /root/.cache/huggingface/lerobot/coport-uni/FR5_task3_turn_the_sliver_air_valve_90_degress_counterclockwise_100/.cache/huggingface/download/meta/tasks.parquet.lock
DEBUG 2026-06-30 07:09:26 ock/_api.py:541 Attempting to release lock 132611814593728 on /root/.cache/huggingface/lerobot/coport-uni/FR5_task3_turn_the_sliver_air_valve_90_degress_counterclockwise_100/.cache/huggingface/download/meta/tasks.parquet.lock
DEBUG 2026-06-30 07:09:26 ock/_api.py:545 Lock 132611814593728 released on /root/.cache/huggingface/lerobot/coport-uni/FR5_task3_turn_the_sliver_air_valve_90_degress_counterclockwise_100/.cache/huggingface/download/meta/tasks.parquet.lock
DEBUG 2026-06-30 07:09:26 ock/_api.py:541 Attempting to release lock 132611814977712 on /root/.cache/huggingface/lerobot/coport-uni/FR5_task3_turn_the_sliver_air_valve_90_degress_counterclockwise_100/.cache/huggingface/download/meta/episodes/chunk-000/file-008.parquet.lock
DEBUG 2026-06-30 07:09:26 ock/_api.py:545 Lock 132611814977712 released on /root/.cache/huggingface/lerobot/coport-uni/FR5_task3_turn_the_sliver_air_valve_90_degress_counterclockwise_100/.cache/huggingface/download/meta/episodes/chunk-000/file-008.parquet.lock
DEBUG 2026-06-30 07:09:26 ock/_api.py:501 Attempting to acquire lock 132611814977664 on /root/.cache/huggingface/lerobot/coport-uni/FR5_task3_turn_the_sliver_air_valve_90_degress_counterclockwise_100/.cache/huggingface/download/meta/episodes/chunk-000/file-008.parquet.lock
DEBUG 2026-06-30 07:09:26 ock/_api.py:504 Lock 132611814977664 acquired on /root/.cache/huggingface/lerobot/coport-uni/FR5_task3_turn_the_sliver_air_valve_90_degress_counterclockwise_100/.cache/huggingface/download/meta/episodes/chunk-000/file-008.parquet.lock
DEBUG 2026-06-30 07:09:26 ock/_api.py:541 Attempting to release lock 132611814977664 on /root/.cache/huggingface/lerobot/coport-uni/FR5_task3_turn_the_sliver_air_valve_90_degress_counterclockwise_100/.cache/huggingface/download/meta/episodes/chunk-000/file-008.parquet.lock
DEBUG 2026-06-30 07:09:26 ock/_api.py:545 Lock 132611814977664 released on /root/.cache/huggingface/lerobot/coport-uni/FR5_task3_turn_the_sliver_air_valve_90_degress_counterclockwise_100/.cache/huggingface/download/meta/episodes/chunk-000/file-008.parquet.lock
DEBUG 2026-06-30 07:09:26 ock/_api.py:501 Attempting to acquire lock 132611815013456 on /root/.cache/huggingface/datasets/_root_.cache_huggingface_datasets_parquet_default-a911a4948f7a8e94_0.0.0_ec3958b52035e87929642b609b5a781870321434b151a14fbe8fd5a26ff494bb.lock
DEBUG 2026-06-30 07:09:26 ock/_api.py:504 Lock 132611815013456 acquired on /root/.cache/huggingface/datasets/_root_.cache_huggingface_datasets_parquet_default-a911a4948f7a8e94_0.0.0_ec3958b52035e87929642b609b5a781870321434b151a14fbe8fd5a26ff494bb.lock
DEBUG 2026-06-30 07:09:26 ock/_api.py:541 Attempting to release lock 132611815013456 on /root/.cache/huggingface/datasets/_root_.cache_huggingface_datasets_parquet_default-a911a4948f7a8e94_0.0.0_ec3958b52035e87929642b609b5a781870321434b151a14fbe8fd5a26ff494bb.lock
DEBUG 2026-06-30 07:09:26 ock/_api.py:545 Lock 132611815013456 released on /root/.cache/huggingface/datasets/_root_.cache_huggingface_datasets_parquet_default-a911a4948f7a8e94_0.0.0_ec3958b52035e87929642b609b5a781870321434b151a14fbe8fd5a26ff494bb.lock
DEBUG 2026-06-30 07:09:26 ock/_api.py:501 Attempting to acquire lock 132620758073568 on /root/.cache/huggingface/datasets/parquet/default-a911a4948f7a8e94/0.0.0/ec3958b52035e87929642b609b5a781870321434b151a14fbe8fd5a26ff494bb_builder.lock
DEBUG 2026-06-30 07:09:26 ock/_api.py:504 Lock 132620758073568 acquired on /root/.cache/huggingface/datasets/parquet/default-a911a4948f7a8e94/0.0.0/ec3958b52035e87929642b609b5a781870321434b151a14fbe8fd5a26ff494bb_builder.lock
DEBUG 2026-06-30 07:09:26 ns/local.py:383 open file: /root/.cache/huggingface/datasets/parquet/default-a911a4948f7a8e94/0.0.0/ec3958b52035e87929642b609b5a781870321434b151a14fbe8fd5a26ff494bb.incomplete/parquet-train-00000-00000-of-NNNNN.arrow
DEBUG 2026-06-30 07:09:26 ock/_api.py:501 Attempting to acquire lock 132611814596608 on /root/.cache/huggingface/datasets/parquet/default-a911a4948f7a8e94/0.0.0/ec3958b52035e87929642b609b5a781870321434b151a14fbe8fd5a26ff494bb.incomplete_info.lock
DEBUG 2026-06-30 07:09:26 ock/_api.py:504 Lock 132611814596608 acquired on /root/.cache/huggingface/datasets/parquet/default-a911a4948f7a8e94/0.0.0/ec3958b52035e87929642b609b5a781870321434b151a14fbe8fd5a26ff494bb.incomplete_info.lock
DEBUG 2026-06-30 07:09:26 ns/local.py:383 open file: /root/.cache/huggingface/datasets/parquet/default-a911a4948f7a8e94/0.0.0/ec3958b52035e87929642b609b5a781870321434b151a14fbe8fd5a26ff494bb.incomplete/dataset_info.json
DEBUG 2026-06-30 07:09:26 ock/_api.py:541 Attempting to release lock 132611814596608 on /root/.cache/huggingface/datasets/parquet/default-a911a4948f7a8e94/0.0.0/ec3958b52035e87929642b609b5a781870321434b151a14fbe8fd5a26ff494bb.incomplete_info.lock
DEBUG 2026-06-30 07:09:26 ock/_api.py:545 Lock 132611814596608 released on /root/.cache/huggingface/datasets/parquet/default-a911a4948f7a8e94/0.0.0/ec3958b52035e87929642b609b5a781870321434b151a14fbe8fd5a26ff494bb.incomplete_info.lock
DEBUG 2026-06-30 07:09:26 ock/_api.py:541 Attempting to release lock 132620758073568 on /root/.cache/huggingface/datasets/parquet/default-a911a4948f7a8e94/0.0.0/ec3958b52035e87929642b609b5a781870321434b151a14fbe8fd5a26ff494bb_builder.lock
DEBUG 2026-06-30 07:09:26 ock/_api.py:545 Lock 132620758073568 released on /root/.cache/huggingface/datasets/parquet/default-a911a4948f7a8e94/0.0.0/ec3958b52035e87929642b609b5a781870321434b151a14fbe8fd5a26ff494bb_builder.lock
INFO 2026-06-30 07:09:26 eo_utils.py:108 Using video codec: libsvtav1
DEBUG 2026-06-30 07:09:26 ock/_api.py:501 Attempting to acquire lock 132620750658768 on /root/.cache/huggingface/datasets/_root_.cache_huggingface_datasets_parquet_default-a911a4948f7a8e94_0.0.0_ec3958b52035e87929642b609b5a781870321434b151a14fbe8fd5a26ff494bb.lock
DEBUG 2026-06-30 07:09:26 ock/_api.py:504 Lock 132620750658768 acquired on /root/.cache/huggingface/datasets/_root_.cache_huggingface_datasets_parquet_default-a911a4948f7a8e94_0.0.0_ec3958b52035e87929642b609b5a781870321434b151a14fbe8fd5a26ff494bb.lock
DEBUG 2026-06-30 07:09:26 ns/local.py:383 open file: /root/.cache/huggingface/datasets/parquet/default-a911a4948f7a8e94/0.0.0/ec3958b52035e87929642b609b5a781870321434b151a14fbe8fd5a26ff494bb/dataset_info.json
DEBUG 2026-06-30 07:09:26 ock/_api.py:541 Attempting to release lock 132620750658768 on /root/.cache/huggingface/datasets/_root_.cache_huggingface_datasets_parquet_default-a911a4948f7a8e94_0.0.0_ec3958b52035e87929642b609b5a781870321434b151a14fbe8fd5a26ff494bb.lock
DEBUG 2026-06-30 07:09:26 ock/_api.py:545 Lock 132620750658768 released on /root/.cache/huggingface/datasets/_root_.cache_huggingface_datasets_parquet_default-a911a4948f7a8e94_0.0.0_ec3958b52035e87929642b609b5a781870321434b151a14fbe8fd5a26ff494bb.lock
DEBUG 2026-06-30 07:09:26 ock/_api.py:501 Attempting to acquire lock 132620758079040 on /root/.cache/huggingface/datasets/parquet/default-a911a4948f7a8e94/0.0.0/ec3958b52035e87929642b609b5a781870321434b151a14fbe8fd5a26ff494bb_builder.lock
DEBUG 2026-06-30 07:09:26 ock/_api.py:504 Lock 132620758079040 acquired on /root/.cache/huggingface/datasets/parquet/default-a911a4948f7a8e94/0.0.0/ec3958b52035e87929642b609b5a781870321434b151a14fbe8fd5a26ff494bb_builder.lock
DEBUG 2026-06-30 07:09:26 ns/local.py:383 open file: /root/.cache/huggingface/datasets/parquet/default-a911a4948f7a8e94/0.0.0/ec3958b52035e87929642b609b5a781870321434b151a14fbe8fd5a26ff494bb/dataset_info.json
DEBUG 2026-06-30 07:09:26 ock/_api.py:541 Attempting to release lock 132620758079040 on /root/.cache/huggingface/datasets/parquet/default-a911a4948f7a8e94/0.0.0/ec3958b52035e87929642b609b5a781870321434b151a14fbe8fd5a26ff494bb_builder.lock
DEBUG 2026-06-30 07:09:26 ock/_api.py:545 Lock 132620758079040 released on /root/.cache/huggingface/datasets/parquet/default-a911a4948f7a8e94/0.0.0/ec3958b52035e87929642b609b5a781870321434b151a14fbe8fd5a26ff494bb_builder.lock
DEBUG 2026-06-30 07:09:26 re/_trace.py:47 send_request_headers.started request=<Request [b'GET']>
DEBUG 2026-06-30 07:09:26 re/_trace.py:47 send_request_headers.complete
DEBUG 2026-06-30 07:09:26 re/_trace.py:47 send_request_body.started request=<Request [b'GET']>
DEBUG 2026-06-30 07:09:26 re/_trace.py:47 send_request_body.complete
DEBUG 2026-06-30 07:09:26 re/_trace.py:47 receive_response_headers.started request=<Request [b'GET']>
DEBUG 2026-06-30 07:09:26 re/_trace.py:47 receive_response_headers.complete return_value=(b'HTTP/1.1', 200, b'OK', [(b'Content-Type', b'application/json; charset=utf-8'), (b'Content-Length', b'337'), (b'Connection', b'keep-alive'), (b'Date', b'Tue, 30 Jun 2026 07:09:26 GMT'), (b'ETag', b'W/"151-QL2xVBMkGnkWUtnypRnhLUCZxnc"'), (b'X-Powered-By', b'huggingface-moon'), (b'X-Request-Id', b'Root=1-6a436ba6-15c62d597726fb8528bb24ee;9ae61883-eb27-480d-a20c-a0e3c07d4a1d'), (b'RateLimit', b'"api";r=981;t=256'), (b'RateLimit-Policy', b'"fixed window";"api";q=1000;w=300'), (b'cross-origin-opener-policy', b'same-origin'), (b'Referrer-Policy', b'strict-origin-when-cross-origin'), (b'Access-Control-Max-Age', b'86400'), (b'Access-Control-Allow-Origin', b'https://huggingface.co'), (b'Vary', b'Origin'), (b'Access-Control-Expose-Headers', b'X-Repo-Commit,X-Request-Id,X-Error-Code,X-Error-Message,X-Total-Count,ETag,Link,Accept-Ranges,Content-Range,X-Linked-Size,X-Linked-ETag,X-Xet-Hash'), (b'X-Cache', b'Miss from cloudfront'), (b'Via', b'1.1 de6fd68c70ca3c12cb609faad680c294.cloudfront.net (CloudFront)'), (b'X-Amz-Cf-Pop', b'ICN57-P5'), (b'X-Amz-Cf-Id', b'DoLnKIQ6WD0jhWxZ9W_Jx4CrqQGWtrP0teoDyuRuYkptGyT6q9lGqw==')])
INFO 2026-06-30 07:09:26 _client.py:1025 HTTP Request: GET https://huggingface.co/api/datasets/coport-uni/FR5_task3_turn_the_sliver_air_valve_90_degress_counterclockwise_100/refs "HTTP/1.1 200 OK"
DEBUG 2026-06-30 07:09:26 re/_trace.py:47 receive_response_body.started request=<Request [b'GET']>
DEBUG 2026-06-30 07:09:26 re/_trace.py:47 receive_response_body.complete
DEBUG 2026-06-30 07:09:26 re/_trace.py:47 response_closed.started
DEBUG 2026-06-30 07:09:26 re/_trace.py:47 response_closed.complete
DEBUG 2026-06-30 07:09:26 re/_trace.py:47 send_request_headers.started request=<Request [b'GET']>
DEBUG 2026-06-30 07:09:26 re/_trace.py:47 send_request_headers.complete
DEBUG 2026-06-30 07:09:26 re/_trace.py:47 send_request_body.started request=<Request [b'GET']>
DEBUG 2026-06-30 07:09:26 re/_trace.py:47 send_request_body.complete
DEBUG 2026-06-30 07:09:26 re/_trace.py:47 receive_response_headers.started request=<Request [b'GET']>
DEBUG 2026-06-30 07:09:26 re/_trace.py:47 receive_response_headers.complete return_value=(b'HTTP/1.1', 200, b'OK', [(b'Content-Type', b'application/json; charset=utf-8'), (b'Transfer-Encoding', b'chunked'), (b'Connection', b'keep-alive'), (b'Date', b'Tue, 30 Jun 2026 07:09:26 GMT'), (b'content-encoding', b'gzip'), (b'ETag', b'W/"168b-0DtQ4OlOWtN5tN5AKLhAeG+7YDM"'), (b'X-Powered-By', b'huggingface-moon'), (b'X-Request-Id', b'Root=1-6a436ba6-10ee58e511c0c3ad15000e8c;f1b5fed4-f6be-4878-afd3-988057472706'), (b'RateLimit', b'"api";r=980;t=256'), (b'RateLimit-Policy', b'"fixed window";"api";q=1000;w=300'), (b'cross-origin-opener-policy', b'same-origin'), (b'Referrer-Policy', b'strict-origin-when-cross-origin'), (b'Access-Control-Max-Age', b'86400'), (b'Access-Control-Allow-Origin', b'https://huggingface.co'), (b'Vary', b'Origin'), (b'vary', b'Accept-Encoding'), (b'Access-Control-Expose-Headers', b'X-Repo-Commit,X-Request-Id,X-Error-Code,X-Error-Message,X-Total-Count,ETag,Link,Accept-Ranges,Content-Range,X-Linked-Size,X-Linked-ETag,X-Xet-Hash'), (b'X-Cache', b'Miss from cloudfront'), (b'Via', b'1.1 de6fd68c70ca3c12cb609faad680c294.cloudfront.net (CloudFront)'), (b'X-Amz-Cf-Pop', b'ICN57-P5'), (b'X-Amz-Cf-Id', b'D5JqcSNjznJZf4ZDdEYRb4_MJuXEh25hfe-0074t8tjlhWHTDvPB4g==')])
INFO 2026-06-30 07:09:26 _client.py:1025 HTTP Request: GET https://huggingface.co/api/datasets/coport-uni/FR5_task3_turn_the_sliver_air_valve_90_degress_counterclockwise_100/revision/v3.0 "HTTP/1.1 200 OK"
DEBUG 2026-06-30 07:09:26 re/_trace.py:47 receive_response_body.started request=<Request [b'GET']>
DEBUG 2026-06-30 07:09:26 re/_trace.py:47 receive_response_body.complete
DEBUG 2026-06-30 07:09:26 re/_trace.py:47 response_closed.started
DEBUG 2026-06-30 07:09:26 re/_trace.py:47 response_closed.complete
DEBUG 2026-06-30 07:09:26 ock/_api.py:501 Attempting to acquire lock 132611813476832 on /root/.cache/huggingface/lerobot/coport-uni/FR5_task3_turn_the_sliver_air_valve_90_degress_counterclockwise_100/.cache/huggingface/download/data/chunk-000/file-000.parquet.lock
DEBUG 2026-06-30 07:09:26 ock/_api.py:501 Attempting to acquire lock 132611813476784 on /root/.cache/huggingface/lerobot/coport-uni/FR5_task3_turn_the_sliver_air_valve_90_degress_counterclockwise_100/.cache/huggingface/download/data/chunk-000/file-002.parquet.lock
DEBUG 2026-06-30 07:09:26 ock/_api.py:504 Lock 132611813476832 acquired on /root/.cache/huggingface/lerobot/coport-uni/FR5_task3_turn_the_sliver_air_valve_90_degress_counterclockwise_100/.cache/huggingface/download/data/chunk-000/file-000.parquet.lock
DEBUG 2026-06-30 07:09:26 ock/_api.py:501 Attempting to acquire lock 132611813484944 on /root/.cache/huggingface/lerobot/coport-uni/FR5_task3_turn_the_sliver_air_valve_90_degress_counterclockwise_100/.cache/huggingface/download/.gitattributes.lock
DEBUG 2026-06-30 07:09:26 ock/_api.py:501 Attempting to acquire lock 132611813484224 on /root/.cache/huggingface/lerobot/coport-uni/FR5_task3_turn_the_sliver_air_valve_90_degress_counterclockwise_100/.cache/huggingface/download/data/chunk-000/file-001.parquet.lock
DEBUG 2026-06-30 07:09:26 ock/_api.py:541 Attempting to release lock 132611813476832 on /root/.cache/huggingface/lerobot/coport-uni/FR5_task3_turn_the_sliver_air_valve_90_degress_counterclockwise_100/.cache/huggingface/download/data/chunk-000/file-000.parquet.lock
DEBUG 2026-06-30 07:09:26 ock/_api.py:504 Lock 132611813476784 acquired on /root/.cache/huggingface/lerobot/coport-uni/FR5_task3_turn_the_sliver_air_valve_90_degress_counterclockwise_100/.cache/huggingface/download/data/chunk-000/file-002.parquet.lock
DEBUG 2026-06-30 07:09:26 ock/_api.py:501 Attempting to acquire lock 132611813478656 on /root/.cache/huggingface/lerobot/coport-uni/FR5_task3_turn_the_sliver_air_valve_90_degress_counterclockwise_100/.cache/huggingface/download/data/chunk-000/file-005.parquet.lock
DEBUG 2026-06-30 07:09:26 ock/_api.py:504 Lock 132611813484944 acquired on /root/.cache/huggingface/lerobot/coport-uni/FR5_task3_turn_the_sliver_air_valve_90_degress_counterclockwise_100/.cache/huggingface/download/.gitattributes.lock
DEBUG 2026-06-30 07:09:26 ock/_api.py:541 Attempting to release lock 132611813476784 on /root/.cache/huggingface/lerobot/coport-uni/FR5_task3_turn_the_sliver_air_valve_90_degress_counterclockwise_100/.cache/huggingface/download/data/chunk-000/file-002.parquet.lock
DEBUG 2026-06-30 07:09:26 ock/_api.py:541 Attempting to release lock 132611813484944 on /root/.cache/huggingface/lerobot/coport-uni/FR5_task3_turn_the_sliver_air_valve_90_degress_counterclockwise_100/.cache/huggingface/download/.gitattributes.lock
DEBUG 2026-06-30 07:09:26 ock/_api.py:504 Lock 132611813484224 acquired on /root/.cache/huggingface/lerobot/coport-uni/FR5_task3_turn_the_sliver_air_valve_90_degress_counterclockwise_100/.cache/huggingface/download/data/chunk-000/file-001.parquet.lock
DEBUG 2026-06-30 07:09:26 ock/_api.py:545 Lock 132611813476832 released on /root/.cache/huggingface/lerobot/coport-uni/FR5_task3_turn_the_sliver_air_valve_90_degress_counterclockwise_100/.cache/huggingface/download/data/chunk-000/file-000.parquet.lock
DEBUG 2026-06-30 07:09:26 ock/_api.py:501 Attempting to acquire lock 132611813477360 on /root/.cache/huggingface/lerobot/coport-uni/FR5_task3_turn_the_sliver_air_valve_90_degress_counterclockwise_100/.cache/huggingface/download/data/chunk-000/file-004.parquet.lock
DEBUG 2026-06-30 07:09:26 ock/_api.py:501 Attempting to acquire lock 132611813483456 on /root/.cache/huggingface/lerobot/coport-uni/FR5_task3_turn_the_sliver_air_valve_90_degress_counterclockwise_100/.cache/huggingface/download/README.md.lock
DEBUG 2026-06-30 07:09:26 ock/_api.py:504 Lock 132611813478656 acquired on /root/.cache/huggingface/lerobot/coport-uni/FR5_task3_turn_the_sliver_air_valve_90_degress_counterclockwise_100/.cache/huggingface/download/data/chunk-000/file-005.parquet.lock
DEBUG 2026-06-30 07:09:26 ock/_api.py:501 Attempting to acquire lock 132611813478368 on /root/.cache/huggingface/lerobot/coport-uni/FR5_task3_turn_the_sliver_air_valve_90_degress_counterclockwise_100/.cache/huggingface/download/data/chunk-000/file-003.parquet.lock
DEBUG 2026-06-30 07:09:26 ock/_api.py:545 Lock 132611813484944 released on /root/.cache/huggingface/lerobot/coport-uni/FR5_task3_turn_the_sliver_air_valve_90_degress_counterclockwise_100/.cache/huggingface/download/.gitattributes.lock
DEBUG 2026-06-30 07:09:26 ock/_api.py:541 Attempting to release lock 132611813484224 on /root/.cache/huggingface/lerobot/coport-uni/FR5_task3_turn_the_sliver_air_valve_90_degress_counterclockwise_100/.cache/huggingface/download/data/chunk-000/file-001.parquet.lock
DEBUG 2026-06-30 07:09:26 ock/_api.py:545 Lock 132611813476784 released on /root/.cache/huggingface/lerobot/coport-uni/FR5_task3_turn_the_sliver_air_valve_90_degress_counterclockwise_100/.cache/huggingface/download/data/chunk-000/file-002.parquet.lock
DEBUG 2026-06-30 07:09:26 re/_trace.py:47 send_request_headers.started request=<Request [b'HEAD']>
DEBUG 2026-06-30 07:09:26 ock/_api.py:541 Attempting to release lock 132611813478656 on /root/.cache/huggingface/lerobot/coport-uni/FR5_task3_turn_the_sliver_air_valve_90_degress_counterclockwise_100/.cache/huggingface/download/data/chunk-000/file-005.parquet.lock
DEBUG 2026-06-30 07:09:26 ock/_api.py:504 Lock 132611813477360 acquired on /root/.cache/huggingface/lerobot/coport-uni/FR5_task3_turn_the_sliver_air_valve_90_degress_counterclockwise_100/.cache/huggingface/download/data/chunk-000/file-004.parquet.lock
DEBUG 2026-06-30 07:09:26 ock/_api.py:504 Lock 132611813478368 acquired on /root/.cache/huggingface/lerobot/coport-uni/FR5_task3_turn_the_sliver_air_valve_90_degress_counterclockwise_100/.cache/huggingface/download/data/chunk-000/file-003.parquet.lock
DEBUG 2026-06-30 07:09:26 ock/_api.py:504 Lock 132611813483456 acquired on /root/.cache/huggingface/lerobot/coport-uni/FR5_task3_turn_the_sliver_air_valve_90_degress_counterclockwise_100/.cache/huggingface/download/README.md.lock
DEBUG 2026-06-30 07:09:26 re/_trace.py:47 send_request_headers.complete
DEBUG 2026-06-30 07:09:26 ock/_api.py:545 Lock 132611813484224 released on /root/.cache/huggingface/lerobot/coport-uni/FR5_task3_turn_the_sliver_air_valve_90_degress_counterclockwise_100/.cache/huggingface/download/data/chunk-000/file-001.parquet.lock
DEBUG 2026-06-30 07:09:26 re/_trace.py:47 send_request_headers.started request=<Request [b'HEAD']>
DEBUG 2026-06-30 07:09:26 ock/_api.py:541 Attempting to release lock 132611813477360 on /root/.cache/huggingface/lerobot/coport-uni/FR5_task3_turn_the_sliver_air_valve_90_degress_counterclockwise_100/.cache/huggingface/download/data/chunk-000/file-004.parquet.lock
DEBUG 2026-06-30 07:09:26 re/_trace.py:47 send_request_headers.started request=<Request [b'HEAD']>
DEBUG 2026-06-30 07:09:26 ock/_api.py:541 Attempting to release lock 132611813478368 on /root/.cache/huggingface/lerobot/coport-uni/FR5_task3_turn_the_sliver_air_valve_90_degress_counterclockwise_100/.cache/huggingface/download/data/chunk-000/file-003.parquet.lock
DEBUG 2026-06-30 07:09:26 ock/_api.py:541 Attempting to release lock 132611813483456 on /root/.cache/huggingface/lerobot/coport-uni/FR5_task3_turn_the_sliver_air_valve_90_degress_counterclockwise_100/.cache/huggingface/download/README.md.lock
DEBUG 2026-06-30 07:09:26 ock/_api.py:545 Lock 132611813478656 released on /root/.cache/huggingface/lerobot/coport-uni/FR5_task3_turn_the_sliver_air_valve_90_degress_counterclockwise_100/.cache/huggingface/download/data/chunk-000/file-005.parquet.lock
DEBUG 2026-06-30 07:09:26 re/_trace.py:47 send_request_body.started request=<Request [b'HEAD']>
DEBUG 2026-06-30 07:09:26 re/_trace.py:47 send_request_headers.complete
DEBUG 2026-06-30 07:09:26 re/_trace.py:47 send_request_headers.started request=<Request [b'HEAD']>
DEBUG 2026-06-30 07:09:26 re/_trace.py:47 send_request_headers.complete
DEBUG 2026-06-30 07:09:26 ock/_api.py:545 Lock 132611813477360 released on /root/.cache/huggingface/lerobot/coport-uni/FR5_task3_turn_the_sliver_air_valve_90_degress_counterclockwise_100/.cache/huggingface/download/data/chunk-000/file-004.parquet.lock
DEBUG 2026-06-30 07:09:26 re/_trace.py:47 send_request_body.complete
DEBUG 2026-06-30 07:09:26 ock/_api.py:545 Lock 132611813483456 released on /root/.cache/huggingface/lerobot/coport-uni/FR5_task3_turn_the_sliver_air_valve_90_degress_counterclockwise_100/.cache/huggingface/download/README.md.lock
DEBUG 2026-06-30 07:09:26 re/_trace.py:47 send_request_body.started request=<Request [b'HEAD']>
DEBUG 2026-06-30 07:09:26 re/_trace.py:47 send_request_headers.started request=<Request [b'HEAD']>
DEBUG 2026-06-30 07:09:26 ock/_api.py:545 Lock 132611813478368 released on /root/.cache/huggingface/lerobot/coport-uni/FR5_task3_turn_the_sliver_air_valve_90_degress_counterclockwise_100/.cache/huggingface/download/data/chunk-000/file-003.parquet.lock
DEBUG 2026-06-30 07:09:26 re/_trace.py:47 send_request_headers.complete
DEBUG 2026-06-30 07:09:26 re/_trace.py:47 send_request_body.started request=<Request [b'HEAD']>
DEBUG 2026-06-30 07:09:26 re/_trace.py:47 receive_response_headers.started request=<Request [b'HEAD']>
DEBUG 2026-06-30 07:09:26 re/_trace.py:47 send_request_headers.started request=<Request [b'HEAD']>
DEBUG 2026-06-30 07:09:26 re/_trace.py:47 send_request_body.complete
DEBUG 2026-06-30 07:09:26 re/_trace.py:47 send_request_headers.started request=<Request [b'HEAD']>
DEBUG 2026-06-30 07:09:26 re/_trace.py:47 send_request_headers.complete
DEBUG 2026-06-30 07:09:26 re/_trace.py:47 send_request_body.started request=<Request [b'HEAD']>
DEBUG 2026-06-30 07:09:26 re/_trace.py:47 send_request_headers.started request=<Request [b'HEAD']>
DEBUG 2026-06-30 07:09:26 re/_trace.py:47 send_request_body.complete
DEBUG 2026-06-30 07:09:26 re/_trace.py:47 receive_response_headers.started request=<Request [b'HEAD']>
DEBUG 2026-06-30 07:09:26 re/_trace.py:47 send_request_headers.complete
DEBUG 2026-06-30 07:09:26 re/_trace.py:47 send_request_body.started request=<Request [b'HEAD']>
DEBUG 2026-06-30 07:09:26 re/_trace.py:47 send_request_headers.complete
DEBUG 2026-06-30 07:09:26 re/_trace.py:47 send_request_body.complete
DEBUG 2026-06-30 07:09:26 re/_trace.py:47 receive_response_headers.started request=<Request [b'HEAD']>
DEBUG 2026-06-30 07:09:26 re/_trace.py:47 send_request_headers.complete
DEBUG 2026-06-30 07:09:26 re/_trace.py:47 send_request_body.started request=<Request [b'HEAD']>
DEBUG 2026-06-30 07:09:26 re/_trace.py:47 send_request_body.complete
DEBUG 2026-06-30 07:09:26 re/_trace.py:47 send_request_body.started request=<Request [b'HEAD']>
DEBUG 2026-06-30 07:09:26 re/_trace.py:47 receive_response_headers.started request=<Request [b'HEAD']>
DEBUG 2026-06-30 07:09:26 re/_trace.py:47 send_request_body.started request=<Request [b'HEAD']>
DEBUG 2026-06-30 07:09:26 re/_trace.py:47 send_request_body.complete
DEBUG 2026-06-30 07:09:26 re/_trace.py:47 receive_response_headers.started request=<Request [b'HEAD']>
DEBUG 2026-06-30 07:09:26 re/_trace.py:47 send_request_body.complete
DEBUG 2026-06-30 07:09:26 re/_trace.py:47 send_request_body.complete
DEBUG 2026-06-30 07:09:26 re/_trace.py:47 receive_response_headers.started request=<Request [b'HEAD']>
DEBUG 2026-06-30 07:09:26 re/_trace.py:47 receive_response_headers.started request=<Request [b'HEAD']>
DEBUG 2026-06-30 07:09:26 re/_trace.py:47 receive_response_headers.started request=<Request [b'HEAD']>
DEBUG 2026-06-30 07:09:27 re/_trace.py:47 receive_response_headers.complete return_value=(b'HTTP/1.1', 307, b'Temporary Redirect', [(b'Content-Type', b'text/plain; charset=utf-8'), (b'Content-Length', b'415'), (b'Connection', b'keep-alive'), (b'Date', b'Tue, 30 Jun 2026 07:09:27 GMT'), (b'Location', b'/api/resolve-cache/datasets/coport-uni/FR5_task3_turn_the_sliver_air_valve_90_degress_counterclockwise_100/1f7ed68357ecdbd8e31415414359f4e43a355b15/.gitattributes?%2Fdatasets%2Fcoport-uni%2FFR5_task3_turn_the_sliver_air_valve_90_degress_counterclockwise_100%2Fresolve%2F1f7ed68357ecdbd8e31415414359f4e43a355b15%2F.gitattributes=&etag=%22bed0738c7eeb449bca98b5d2f33c89a1ee56349a%22'), (b'X-Powered-By', b'huggingface-moon'), (b'X-Request-Id', b'Root=1-6a436ba7-34ec18646fd3f09a5ccc9179;5082fa06-5487-45b9-9578-79be9917282e'), (b'RateLimit', b'"resolvers";r=4979;t=255'), (b'RateLimit-Policy', b'"fixed window";"resolvers";q=5000;w=300'), (b'cross-origin-opener-policy', b'same-origin'), (b'Referrer-Policy', b'strict-origin-when-cross-origin'), (b'Access-Control-Max-Age', b'86400'), (b'Access-Control-Allow-Origin', b'https://huggingface.co'), (b'Vary', b'Origin, Accept'), (b'Access-Control-Expose-Headers', b'X-Repo-Commit,X-Request-Id,X-Error-Code,X-Error-Message,X-Total-Count,ETag,Link,Accept-Ranges,Content-Range,X-Linked-Size,X-Linked-ETag,X-Xet-Hash'), (b'X-Repo-Commit', b'1f7ed68357ecdbd8e31415414359f4e43a355b15'), (b'Accept-Ranges', b'bytes'), (b'X-Hub-Cache', b'MISS'), (b'Content-Disposition', b'inline; filename*=UTF-8\'\'.gitattributes; filename=".gitattributes";'), (b'Content-Security-Policy', b"default-src 'none'; sandbox"), (b'X-Linked-ETag', b'"bed0738c7eeb449bca98b5d2f33c89a1ee56349a"'), (b'X-Cache', b'Miss from cloudfront'), (b'Via', b'1.1 801cd5a1ed5abecf586d9f00fbf82766.cloudfront.net (CloudFront)'), (b'X-Amz-Cf-Pop', b'ICN57-P5'), (b'X-Amz-Cf-Id', b'oIzJ466g0NlMZNaZC3Hzvajze6o0axsdzfWF_P_m6ZKbdI37xTIlbw==')])
DEBUG 2026-06-30 07:09:27 re/_trace.py:47 receive_response_headers.complete return_value=(b'HTTP/1.1', 302, b'Found', [(b'Content-Type', b'text/plain; charset=utf-8'), (b'Content-Length', b'1030'), (b'Connection', b'keep-alive'), (b'Date', b'Tue, 30 Jun 2026 07:09:27 GMT'), (b'Location', b'https://cas-bridge.xethub.hf.co/xet-bridge-us/6a4276dae074855e8c8cddb1/25c5030eec94ac3b698b27f1120a7d7f7a51268b2c1e6ca2fac770072792d4d8?Expires=1782806967&Policy=eyJTdGF0ZW1lbnQiOlt7IlJlc291cmNlIjoiaHR0cHM6Ly9jYXMtYnJpZGdlLnhldGh1Yi5oZi5jby94ZXQtYnJpZGdlLXVzLzZhNDI3NmRhZTA3NDg1NWU4YzhjZGRiMS8yNWM1MDMwZWVjOTRhYzNiNjk4YjI3ZjExMjBhN2Q3ZjdhNTEyNjhiMmMxZTZjYTJmYWM3NzAwNzI3OTJkNGQ4KiIsIkNvbmRpdGlvbiI6eyJEYXRlTGVzc1RoYW4iOnsiQVdTOkVwb2NoVGltZSI6MTc4MjgwNjk2N319fV19&Signature=MEQCIDhocOmkzsm285nOzLX-WrS4%7EZl%7EknckDhk04ze2npBdAiA9IqkJHilKRQtPYoxkLfvx4nWchGh6HeryUyl9TN4nqA__&Key-Pair-Id=K1LYXO563TGWFU&X-Xet-Cas-Uid=6968a8befacf9a9b049da27a&response-content-disposition=inline%3B+filename*%3DUTF-8%27%27file-000.parquet%3B+filename%3D%22file-000.parquet%22%3B&X-Amz-Algorithm=AWS4-HMAC-SHA256&X-Amz-Credential=cas%2F20260630%2Fus-east-1%2Fs3%2Faws4_request&X-Amz-Date=20260630T070927Z&X-Amz-Expires=3600&X-Amz-SignedHeaders=host&X-Amz-Signature=d8dfa347806a99132a1f70ce8ed412ef05b101cb844cb6d67393b71da3b0d502'), (b'X-Powered-By', b'huggingface-moon'), (b'X-Request-Id', b'Root=1-6a436ba7-630df29c4f8f9f205d68b2d3;654dd25c-ccf6-4269-92d5-061178642320'), (b'RateLimit', b'"resolvers";r=4980;t=255'), (b'RateLimit-Policy', b'"fixed window";"resolvers";q=5000;w=300'), (b'cross-origin-opener-policy', b'same-origin'), (b'Referrer-Policy', b'strict-origin-when-cross-origin'), (b'Access-Control-Max-Age', b'86400'), (b'Access-Control-Allow-Origin', b'https://huggingface.co'), (b'Vary', b'Origin, Accept'), (b'Access-Control-Expose-Headers', b'X-Repo-Commit,X-Request-Id,X-Error-Code,X-Error-Message,X-Total-Count,ETag,Link,Accept-Ranges,Content-Range,X-Linked-Size,X-Linked-ETag,X-Xet-Hash'), (b'X-Repo-Commit', b'1f7ed68357ecdbd8e31415414359f4e43a355b15'), (b'Accept-Ranges', b'bytes'), (b'X-Hub-Cache', b'MISS'), (b'X-Linked-Size', b'454700'), (b'X-Linked-ETag', b'"38227dba7a5c945210dc3f814ca3afcd93e297df5f4f67abd5c1a9cd56770cb2"'), (b'X-Xet-Hash', b'25c5030eec94ac3b698b27f1120a7d7f7a51268b2c1e6ca2fac770072792d4d8'), (b'Link', b'<https://huggingface.co/api/datasets/coport-uni/FR5_task3_turn_the_sliver_air_valve_90_degress_counterclockwise_100/xet-read-token/1f7ed68357ecdbd8e31415414359f4e43a355b15>; rel="xet-auth", <https://cas-server.xethub.hf.co/v1/reconstructions/25c5030eec94ac3b698b27f1120a7d7f7a51268b2c1e6ca2fac770072792d4d8>; rel="xet-reconstruction-info"'), (b'X-Cache', b'Miss from cloudfront'), (b'Via', b'1.1 de6fd68c70ca3c12cb609faad680c294.cloudfront.net (CloudFront)'), (b'X-Amz-Cf-Pop', b'ICN57-P5'), (b'X-Amz-Cf-Id', b'kd5Aps95ImEriFaZni6lYixAxX5IcSfJCLu0besP0riMRzkjAN9WsA==')])
INFO 2026-06-30 07:09:27 _client.py:1025 HTTP Request: HEAD https://huggingface.co/datasets/coport-uni/FR5_task3_turn_the_sliver_air_valve_90_degress_counterclockwise_100/resolve/1f7ed68357ecdbd8e31415414359f4e43a355b15/.gitattributes "HTTP/1.1 307 Temporary Redirect"
DEBUG 2026-06-30 07:09:27 re/_trace.py:47 receive_response_body.started request=<Request [b'HEAD']>
DEBUG 2026-06-30 07:09:27 re/_trace.py:47 receive_response_headers.complete return_value=(b'HTTP/1.1', 307, b'Temporary Redirect', [(b'Content-Type', b'text/plain; charset=utf-8'), (b'Content-Length', b'405'), (b'Connection', b'keep-alive'), (b'Date', b'Tue, 30 Jun 2026 07:09:27 GMT'), (b'Location', b'/api/resolve-cache/datasets/coport-uni/FR5_task3_turn_the_sliver_air_valve_90_degress_counterclockwise_100/1f7ed68357ecdbd8e31415414359f4e43a355b15/README.md?%2Fdatasets%2Fcoport-uni%2FFR5_task3_turn_the_sliver_air_valve_90_degress_counterclockwise_100%2Fresolve%2F1f7ed68357ecdbd8e31415414359f4e43a355b15%2FREADME.md=&etag=%22fec882f5660084734c197d9d281cf5ec581e67a8%22'), (b'X-Powered-By', b'huggingface-moon'), (b'X-Request-Id', b'Root=1-6a436ba7-39e5c6b57eedf941240c1751;22085794-7b9a-47c4-bf61-eb56a27f2c98'), (b'RateLimit', b'"resolvers";r=4975;t=255'), (b'RateLimit-Policy', b'"fixed window";"resolvers";q=5000;w=300'), (b'cross-origin-opener-policy', b'same-origin'), (b'Referrer-Policy', b'strict-origin-when-cross-origin'), (b'Access-Control-Max-Age', b'86400'), (b'Access-Control-Allow-Origin', b'https://huggingface.co'), (b'Vary', b'Origin, Accept'), (b'Access-Control-Expose-Headers', b'X-Repo-Commit,X-Request-Id,X-Error-Code,X-Error-Message,X-Total-Count,ETag,Link,Accept-Ranges,Content-Range,X-Linked-Size,X-Linked-ETag,X-Xet-Hash'), (b'X-Repo-Commit', b'1f7ed68357ecdbd8e31415414359f4e43a355b15'), (b'Accept-Ranges', b'bytes'), (b'X-Hub-Cache', b'MISS'), (b'Content-Disposition', b'inline; filename*=UTF-8\'\'README.md; filename="README.md";'), (b'Content-Security-Policy', b"default-src 'none'; sandbox"), (b'X-Linked-ETag', b'"fec882f5660084734c197d9d281cf5ec581e67a8"'), (b'X-Cache', b'Miss from cloudfront'), (b'Via', b'1.1 70e4ff437f2c6bb785a394fae7848aac.cloudfront.net (CloudFront)'), (b'X-Amz-Cf-Pop', b'ICN57-P5'), (b'X-Amz-Cf-Id', b'nN-nxkW8CGQiiNkjzlcAiF8JFLDdDJd0RSH16FBqPzn9EWaJFq4NPw==')])
INFO 2026-06-30 07:09:27 _client.py:1025 HTTP Request: HEAD https://huggingface.co/datasets/coport-uni/FR5_task3_turn_the_sliver_air_valve_90_degress_counterclockwise_100/resolve/1f7ed68357ecdbd8e31415414359f4e43a355b15/data/chunk-000/file-000.parquet "HTTP/1.1 302 Found"
DEBUG 2026-06-30 07:09:27 re/_trace.py:47 receive_response_body.complete
INFO 2026-06-30 07:09:27 _client.py:1025 HTTP Request: HEAD https://huggingface.co/datasets/coport-uni/FR5_task3_turn_the_sliver_air_valve_90_degress_counterclockwise_100/resolve/1f7ed68357ecdbd8e31415414359f4e43a355b15/README.md "HTTP/1.1 307 Temporary Redirect"
DEBUG 2026-06-30 07:09:27 re/_trace.py:47 receive_response_body.started request=<Request [b'HEAD']>
DEBUG 2026-06-30 07:09:27 re/_trace.py:47 response_closed.started
DEBUG 2026-06-30 07:09:27 re/_trace.py:47 receive_response_body.started request=<Request [b'HEAD']>
DEBUG 2026-06-30 07:09:27 re/_trace.py:47 receive_response_body.complete
DEBUG 2026-06-30 07:09:27 re/_trace.py:47 receive_response_headers.complete return_value=(b'HTTP/1.1', 302, b'Found', [(b'Content-Type', b'text/plain; charset=utf-8'), (b'Content-Length', b'1032'), (b'Connection', b'keep-alive'), (b'Date', b'Tue, 30 Jun 2026 07:09:27 GMT'), (b'Location', b'https://cas-bridge.xethub.hf.co/xet-bridge-us/6a4276dae074855e8c8cddb1/386576509d15482eeda3e3999b245c80cf05d8b9b3b7392d181f05264f8aa57e?Expires=1782806967&Policy=eyJTdGF0ZW1lbnQiOlt7IlJlc291cmNlIjoiaHR0cHM6Ly9jYXMtYnJpZGdlLnhldGh1Yi5oZi5jby94ZXQtYnJpZGdlLXVzLzZhNDI3NmRhZTA3NDg1NWU4YzhjZGRiMS8zODY1NzY1MDlkMTU0ODJlZWRhM2UzOTk5YjI0NWM4MGNmMDVkOGI5YjNiNzM5MmQxODFmMDUyNjRmOGFhNTdlKiIsIkNvbmRpdGlvbiI6eyJEYXRlTGVzc1RoYW4iOnsiQVdTOkVwb2NoVGltZSI6MTc4MjgwNjk2N319fV19&Signature=MEQCIBZII8%7EeNDZXsi86Ojdo3T7Cwt9ZjutB%7EDPhCl3uP4VNAiBlv1RC%7EWyLcXzDdRnXmNA-TOQljuaFAj-H3qi6aV5qEg__&Key-Pair-Id=K1LYXO563TGWFU&response-content-disposition=inline%3B+filename*%3DUTF-8%27%27file-001.parquet%3B+filename%3D%22file-001.parquet%22%3B&X-Xet-Cas-Uid=6968a8befacf9a9b049da27a&X-Amz-Algorithm=AWS4-HMAC-SHA256&X-Amz-Credential=cas%2F20260630%2Fus-east-1%2Fs3%2Faws4_request&X-Amz-Date=20260630T070927Z&X-Amz-Expires=3600&X-Amz-SignedHeaders=host&X-Amz-Signature=d9b3274fe4ce0c6981c65065d43eb5ab9001ed1f4f5cbc6cd012d81281f12c82'), (b'X-Powered-By', b'huggingface-moon'), (b'X-Request-Id', b'Root=1-6a436ba7-4d178baf6b77ded9077dd859;19cace82-2649-4c84-8548-3ea7710cc09f'), (b'RateLimit', b'"resolvers";r=4977;t=255'), (b'RateLimit-Policy', b'"fixed window";"resolvers";q=5000;w=300'), (b'cross-origin-opener-policy', b'same-origin'), (b'Referrer-Policy', b'strict-origin-when-cross-origin'), (b'Access-Control-Max-Age', b'86400'), (b'Access-Control-Allow-Origin', b'https://huggingface.co'), (b'Vary', b'Origin, Accept'), (b'Access-Control-Expose-Headers', b'X-Repo-Commit,X-Request-Id,X-Error-Code,X-Error-Message,X-Total-Count,ETag,Link,Accept-Ranges,Content-Range,X-Linked-Size,X-Linked-ETag,X-Xet-Hash'), (b'X-Repo-Commit', b'1f7ed68357ecdbd8e31415414359f4e43a355b15'), (b'Accept-Ranges', b'bytes'), (b'X-Hub-Cache', b'MISS'), (b'X-Linked-Size', b'408540'), (b'X-Linked-ETag', b'"f2562af5a84a7ca9355b236efbbff864f667842f3297368728f96d70da6bedab"'), (b'X-Xet-Hash', b'386576509d15482eeda3e3999b245c80cf05d8b9b3b7392d181f05264f8aa57e'), (b'Link', b'<https://huggingface.co/api/datasets/coport-uni/FR5_task3_turn_the_sliver_air_valve_90_degress_counterclockwise_100/xet-read-token/1f7ed68357ecdbd8e31415414359f4e43a355b15>; rel="xet-auth", <https://cas-server.xethub.hf.co/v1/reconstructions/386576509d15482eeda3e3999b245c80cf05d8b9b3b7392d181f05264f8aa57e>; rel="xet-reconstruction-info"'), (b'X-Cache', b'Miss from cloudfront'), (b'Via', b'1.1 81b42f343b25b1a9020e798df069ea90.cloudfront.net (CloudFront)'), (b'X-Amz-Cf-Pop', b'ICN57-P5'), (b'X-Amz-Cf-Id', b'5ULznSmXjr40n86SPZIX1FArMYYWjXwUnt0Y0B9Y-p9SfbdckjlZtw==')])
DEBUG 2026-06-30 07:09:27 re/_trace.py:47 response_closed.complete
DEBUG 2026-06-30 07:09:27 re/_trace.py:47 receive_response_headers.complete return_value=(b'HTTP/1.1', 302, b'Found', [(b'Content-Type', b'text/plain; charset=utf-8'), (b'Content-Length', b'1032'), (b'Connection', b'keep-alive'), (b'Date', b'Tue, 30 Jun 2026 07:09:27 GMT'), (b'Location', b'https://cas-bridge.xethub.hf.co/xet-bridge-us/6a4276dae074855e8c8cddb1/3439790ff4060eecae08873e8beb6ecdd9990acb965637c1ed9a619152f9cdb1?Expires=1782806967&Policy=eyJTdGF0ZW1lbnQiOlt7IlJlc291cmNlIjoiaHR0cHM6Ly9jYXMtYnJpZGdlLnhldGh1Yi5oZi5jby94ZXQtYnJpZGdlLXVzLzZhNDI3NmRhZTA3NDg1NWU4YzhjZGRiMS8zNDM5NzkwZmY0MDYwZWVjYWUwODg3M2U4YmViNmVjZGQ5OTkwYWNiOTY1NjM3YzFlZDlhNjE5MTUyZjljZGIxKiIsIkNvbmRpdGlvbiI6eyJEYXRlTGVzc1RoYW4iOnsiQVdTOkVwb2NoVGltZSI6MTc4MjgwNjk2N319fV19&Signature=MEUCID8H-MPGE%7E%7ElhJtLKEtoeRam%7EGxXbsJwoVmqWdC7ytW1AiEAqeP8D7fmm9A6cFWxwJyc8ZgrcS2z77ibERApzSB5k40_&Key-Pair-Id=K1LYXO563TGWFU&X-Xet-Cas-Uid=6968a8befacf9a9b049da27a&response-content-disposition=inline%3B+filename*%3DUTF-8%27%27file-004.parquet%3B+filename%3D%22file-004.parquet%22%3B&X-Amz-Algorithm=AWS4-HMAC-SHA256&X-Amz-Credential=cas%2F20260630%2Fus-east-1%2Fs3%2Faws4_request&X-Amz-Date=20260630T070927Z&X-Amz-Expires=3600&X-Amz-SignedHeaders=host&X-Amz-Signature=12d8faa80d3de2af4207ec01581c1e0afa972bc62597d4557100af022eb5d12b'), (b'X-Powered-By', b'huggingface-moon'), (b'X-Request-Id', b'Root=1-6a436ba7-063d418c3b46881c7191b18f;16785ed7-6b30-46d9-ad4d-96dd331c8501'), (b'RateLimit', b'"resolvers";r=4976;t=255'), (b'RateLimit-Policy', b'"fixed window";"resolvers";q=5000;w=300'), (b'cross-origin-opener-policy', b'same-origin'), (b'Referrer-Policy', b'strict-origin-when-cross-origin'), (b'Access-Control-Max-Age', b'86400'), (b'Access-Control-Allow-Origin', b'https://huggingface.co'), (b'Vary', b'Origin, Accept'), (b'Access-Control-Expose-Headers', b'X-Repo-Commit,X-Request-Id,X-Error-Code,X-Error-Message,X-Total-Count,ETag,Link,Accept-Ranges,Content-Range,X-Linked-Size,X-Linked-ETag,X-Xet-Hash'), (b'X-Repo-Commit', b'1f7ed68357ecdbd8e31415414359f4e43a355b15'), (b'Accept-Ranges', b'bytes'), (b'X-Hub-Cache', b'MISS'), (b'X-Linked-Size', b'405061'), (b'X-Linked-ETag', b'"dd11dbcf4618ffb79599d35aff36e28c2817868f5db834db4e933d598ff8a9f8"'), (b'X-Xet-Hash', b'3439790ff4060eecae08873e8beb6ecdd9990acb965637c1ed9a619152f9cdb1'), (b'Link', b'<https://huggingface.co/api/datasets/coport-uni/FR5_task3_turn_the_sliver_air_valve_90_degress_counterclockwise_100/xet-read-token/1f7ed68357ecdbd8e31415414359f4e43a355b15>; rel="xet-auth", <https://cas-server.xethub.hf.co/v1/reconstructions/3439790ff4060eecae08873e8beb6ecdd9990acb965637c1ed9a619152f9cdb1>; rel="xet-reconstruction-info"'), (b'X-Cache', b'Miss from cloudfront'), (b'Via', b'1.1 537fb246a629e70727949aab939451c6.cloudfront.net (CloudFront)'), (b'X-Amz-Cf-Pop', b'ICN57-P5'), (b'X-Amz-Cf-Id', b'qPTyh_z3cMdDMO2hGn65jGRDz4qQL1sDwWPJ9_1BkpMiXmsRtX50Hg==')])
DEBUG 2026-06-30 07:09:27 re/_trace.py:47 receive_response_body.complete
DEBUG 2026-06-30 07:09:27 re/_trace.py:47 response_closed.started
DEBUG 2026-06-30 07:09:27 re/_trace.py:47 send_request_headers.started request=<Request [b'HEAD']>
INFO 2026-06-30 07:09:27 _client.py:1025 HTTP Request: HEAD https://huggingface.co/datasets/coport-uni/FR5_task3_turn_the_sliver_air_valve_90_degress_counterclockwise_100/resolve/1f7ed68357ecdbd8e31415414359f4e43a355b15/data/chunk-000/file-001.parquet "HTTP/1.1 302 Found"
DEBUG 2026-06-30 07:09:27 re/_trace.py:47 response_closed.started
INFO 2026-06-30 07:09:27 _client.py:1025 HTTP Request: HEAD https://huggingface.co/datasets/coport-uni/FR5_task3_turn_the_sliver_air_valve_90_degress_counterclockwise_100/resolve/1f7ed68357ecdbd8e31415414359f4e43a355b15/data/chunk-000/file-004.parquet "HTTP/1.1 302 Found"
DEBUG 2026-06-30 07:09:27 re/_trace.py:47 response_closed.complete
DEBUG 2026-06-30 07:09:27 re/_trace.py:47 receive_response_body.started request=<Request [b'HEAD']>
DEBUG 2026-06-30 07:09:27 re/_trace.py:47 send_request_headers.complete
DEBUG 2026-06-30 07:09:27 re/_trace.py:47 response_closed.complete
DEBUG 2026-06-30 07:09:27 re/_trace.py:47 receive_response_body.started request=<Request [b'HEAD']>
DEBUG 2026-06-30 07:09:27 re/_trace.py:47 receive_response_body.complete
DEBUG 2026-06-30 07:09:27 re/_trace.py:47 send_request_body.started request=<Request [b'HEAD']>
DEBUG 2026-06-30 07:09:27 re/_trace.py:47 send_request_headers.started request=<Request [b'HEAD']>
DEBUG 2026-06-30 07:09:27 re/_trace.py:47 receive_response_body.complete
DEBUG 2026-06-30 07:09:27 ock/_api.py:501 Attempting to acquire lock 132611813505360 on /root/.cache/huggingface/lerobot/coport-uni/FR5_task3_turn_the_sliver_air_valve_90_degress_counterclockwise_100/.cache/huggingface/download/data/chunk-000/file-000.parquet.lock
DEBUG 2026-06-30 07:09:27 re/_trace.py:47 response_closed.started
DEBUG 2026-06-30 07:09:27 re/_trace.py:47 receive_response_headers.complete return_value=(b'HTTP/1.1', 302, b'Found', [(b'Content-Type', b'text/plain; charset=utf-8'), (b'Content-Length', b'1030'), (b'Connection', b'keep-alive'), (b'Date', b'Tue, 30 Jun 2026 07:09:27 GMT'), (b'Location', b'https://cas-bridge.xethub.hf.co/xet-bridge-us/6a4276dae074855e8c8cddb1/4df70cc1e6b1414731882932533140f1819dfe01f0b3b7f2fb19c0b28e12b917?Expires=1782806967&Policy=eyJTdGF0ZW1lbnQiOlt7IlJlc291cmNlIjoiaHR0cHM6Ly9jYXMtYnJpZGdlLnhldGh1Yi5oZi5jby94ZXQtYnJpZGdlLXVzLzZhNDI3NmRhZTA3NDg1NWU4YzhjZGRiMS80ZGY3MGNjMWU2YjE0MTQ3MzE4ODI5MzI1MzMxNDBmMTgxOWRmZTAxZjBiM2I3ZjJmYjE5YzBiMjhlMTJiOTE3KiIsIkNvbmRpdGlvbiI6eyJEYXRlTGVzc1RoYW4iOnsiQVdTOkVwb2NoVGltZSI6MTc4MjgwNjk2N319fV19&Signature=MEUCIQCzVZqAmcrSNhasqepXpZ2YoXGhCpjKMyNh2%7Eio%7EJrtegIgSdZwIVFNogCKyP56nyjSH71vGR8LHZvyi1SQJRUV9KM_&Key-Pair-Id=K1LYXO563TGWFU&response-content-disposition=inline%3B+filename*%3DUTF-8%27%27file-002.parquet%3B+filename%3D%22file-002.parquet%22%3B&X-Xet-Cas-Uid=6968a8befacf9a9b049da27a&X-Amz-Algorithm=AWS4-HMAC-SHA256&X-Amz-Credential=cas%2F20260630%2Fus-east-1%2Fs3%2Faws4_request&X-Amz-Date=20260630T070927Z&X-Amz-Expires=3600&X-Amz-SignedHeaders=host&X-Amz-Signature=d4d519d9d3b554e2424bc92d794bd708903f4306edae94b4113c4b820a2c230d'), (b'X-Powered-By', b'huggingface-moon'), (b'X-Request-Id', b'Root=1-6a436ba7-2aa2f15a612d91dc35ee2a1c;19452e00-83d6-462b-83e2-a1b7656d9dfa'), (b'RateLimit', b'"resolvers";r=4974;t=255'), (b'RateLimit-Policy', b'"fixed window";"resolvers";q=5000;w=300'), (b'cross-origin-opener-policy', b'same-origin'), (b'Referrer-Policy', b'strict-origin-when-cross-origin'), (b'Access-Control-Max-Age', b'86400'), (b'Access-Control-Allow-Origin', b'https://huggingface.co'), (b'Vary', b'Origin, Accept'), (b'Access-Control-Expose-Headers', b'X-Repo-Commit,X-Request-Id,X-Error-Code,X-Error-Message,X-Total-Count,ETag,Link,Accept-Ranges,Content-Range,X-Linked-Size,X-Linked-ETag,X-Xet-Hash'), (b'X-Repo-Commit', b'1f7ed68357ecdbd8e31415414359f4e43a355b15'), (b'Accept-Ranges', b'bytes'), (b'X-Hub-Cache', b'MISS'), (b'X-Linked-Size', b'426718'), (b'X-Linked-ETag', b'"9fa9194262b3ba5e860ac04756528d216be91ff27499dd3696724889104c881d"'), (b'X-Xet-Hash', b'4df70cc1e6b1414731882932533140f1819dfe01f0b3b7f2fb19c0b28e12b917'), (b'Link', b'<https://huggingface.co/api/datasets/coport-uni/FR5_task3_turn_the_sliver_air_valve_90_degress_counterclockwise_100/xet-read-token/1f7ed68357ecdbd8e31415414359f4e43a355b15>; rel="xet-auth", <https://cas-server.xethub.hf.co/v1/reconstructions/4df70cc1e6b1414731882932533140f1819dfe01f0b3b7f2fb19c0b28e12b917>; rel="xet-reconstruction-info"'), (b'X-Cache', b'Miss from cloudfront'), (b'Via', b'1.1 c84f725aa1244c57e6ad6d1072d23c54.cloudfront.net (CloudFront)'), (b'X-Amz-Cf-Pop', b'ICN57-P5'), (b'X-Amz-Cf-Id', b'q1yev56nJAwzTf9kfiVkC4lyY0ymKJ1jmWfsqR3D_WdE2y4H5U-RRQ==')])
DEBUG 2026-06-30 07:09:27 re/_trace.py:47 send_request_body.complete
DEBUG 2026-06-30 07:09:27 re/_trace.py:47 response_closed.started
DEBUG 2026-06-30 07:09:27 re/_trace.py:47 send_request_headers.complete
DEBUG 2026-06-30 07:09:27 re/_trace.py:47 response_closed.complete
DEBUG 2026-06-30 07:09:27 ock/_api.py:504 Lock 132611813505360 acquired on /root/.cache/huggingface/lerobot/coport-uni/FR5_task3_turn_the_sliver_air_valve_90_degress_counterclockwise_100/.cache/huggingface/download/data/chunk-000/file-000.parquet.lock
DEBUG 2026-06-30 07:09:27 re/_trace.py:47 receive_response_headers.started request=<Request [b'HEAD']>
INFO 2026-06-30 07:09:27 _client.py:1025 HTTP Request: HEAD https://huggingface.co/datasets/coport-uni/FR5_task3_turn_the_sliver_air_valve_90_degress_counterclockwise_100/resolve/1f7ed68357ecdbd8e31415414359f4e43a355b15/data/chunk-000/file-002.parquet "HTTP/1.1 302 Found"
DEBUG 2026-06-30 07:09:27 re/_trace.py:47 response_closed.complete
DEBUG 2026-06-30 07:09:27 re/_trace.py:47 send_request_body.started request=<Request [b'HEAD']>
DEBUG 2026-06-30 07:09:27 re/_trace.py:47 receive_response_body.started request=<Request [b'HEAD']>
DEBUG 2026-06-30 07:09:27 re/_trace.py:47 send_request_body.complete
DEBUG 2026-06-30 07:09:27 re/_trace.py:47 receive_response_body.complete
DEBUG 2026-06-30 07:09:27 re/_trace.py:47 receive_response_headers.started request=<Request [b'HEAD']>
DEBUG 2026-06-30 07:09:27 ock/_api.py:501 Attempting to acquire lock 132620748957616 on /root/.cache/huggingface/lerobot/coport-uni/FR5_task3_turn_the_sliver_air_valve_90_degress_counterclockwise_100/.cache/huggingface/download/data/chunk-000/file-001.parquet.lock
DEBUG 2026-06-30 07:09:27 re/_trace.py:47 receive_response_headers.complete return_value=(b'HTTP/1.1', 302, b'Found', [(b'Content-Type', b'text/plain; charset=utf-8'), (b'Content-Length', b'1034'), (b'Connection', b'keep-alive'), (b'Date', b'Tue, 30 Jun 2026 07:09:27 GMT'), (b'Location', b'https://cas-bridge.xethub.hf.co/xet-bridge-us/6a4276dae074855e8c8cddb1/0f98e9949faaeecd825995c4e224aa3bcb401019fc21514c23666f259569319d?Expires=1782806967&Policy=eyJTdGF0ZW1lbnQiOlt7IlJlc291cmNlIjoiaHR0cHM6Ly9jYXMtYnJpZGdlLnhldGh1Yi5oZi5jby94ZXQtYnJpZGdlLXVzLzZhNDI3NmRhZTA3NDg1NWU4YzhjZGRiMS8wZjk4ZTk5NDlmYWFlZWNkODI1OTk1YzRlMjI0YWEzYmNiNDAxMDE5ZmMyMTUxNGMyMzY2NmYyNTk1NjkzMTlkKiIsIkNvbmRpdGlvbiI6eyJEYXRlTGVzc1RoYW4iOnsiQVdTOkVwb2NoVGltZSI6MTc4MjgwNjk2N319fV19&Signature=MEYCIQD1oNLvn3Qtwk-ooaDAGdJg9DjNu4H4gzdn%7EtApU5R-xgIhAPVQnScqRsVki42MQAw%7E87SAO1%7ED3mD1cRGYQpvzv6A%7E&Key-Pair-Id=K1LYXO563TGWFU&X-Xet-Cas-Uid=6968a8befacf9a9b049da27a&response-content-disposition=inline%3B+filename*%3DUTF-8%27%27file-005.parquet%3B+filename%3D%22file-005.parquet%22%3B&X-Amz-Algorithm=AWS4-HMAC-SHA256&X-Amz-Credential=cas%2F20260630%2Fus-east-1%2Fs3%2Faws4_request&X-Amz-Date=20260630T070927Z&X-Amz-Expires=3600&X-Amz-SignedHeaders=host&X-Amz-Signature=0eeb1948faa33487d2fcb25c40b75348cfc2aaa1a75a38ea615a0d77bba6c2ee'), (b'X-Powered-By', b'huggingface-moon'), (b'X-Request-Id', b'Root=1-6a436ba7-1dacec427ec04e624031f85a;5cebaae0-f6c7-40f6-918e-2c59e04c9c68'), (b'RateLimit', b'"resolvers";r=4978;t=255'), (b'RateLimit-Policy', b'"fixed window";"resolvers";q=5000;w=300'), (b'cross-origin-opener-policy', b'same-origin'), (b'Referrer-Policy', b'strict-origin-when-cross-origin'), (b'Access-Control-Max-Age', b'86400'), (b'Access-Control-Allow-Origin', b'https://huggingface.co'), (b'Vary', b'Origin, Accept'), (b'Access-Control-Expose-Headers', b'X-Repo-Commit,X-Request-Id,X-Error-Code,X-Error-Message,X-Total-Count,ETag,Link,Accept-Ranges,Content-Range,X-Linked-Size,X-Linked-ETag,X-Xet-Hash'), (b'X-Repo-Commit', b'1f7ed68357ecdbd8e31415414359f4e43a355b15'), (b'Accept-Ranges', b'bytes'), (b'X-Hub-Cache', b'MISS'), (b'X-Linked-Size', b'467868'), (b'X-Linked-ETag', b'"21b138afac1bfd1def9e3b1a49e19771fbca0e5f277eaa9219ef0f1e6392cd0d"'), (b'X-Xet-Hash', b'0f98e9949faaeecd825995c4e224aa3bcb401019fc21514c23666f259569319d'), (b'Link', b'<https://huggingface.co/api/datasets/coport-uni/FR5_task3_turn_the_sliver_air_valve_90_degress_counterclockwise_100/xet-read-token/1f7ed68357ecdbd8e31415414359f4e43a355b15>; rel="xet-auth", <https://cas-server.xethub.hf.co/v1/reconstructions/0f98e9949faaeecd825995c4e224aa3bcb401019fc21514c23666f259569319d>; rel="xet-reconstruction-info"'), (b'X-Cache', b'Miss from cloudfront'), (b'Via', b'1.1 79bf4a07aaeb21e827979e065b1a3d7e.cloudfront.net (CloudFront)'), (b'X-Amz-Cf-Pop', b'ICN57-P5'), (b'X-Amz-Cf-Id', b'NGAPe01EebXTS7baQqLP-yQfCv0Txq9QtaHgaLQXM0GLOV8qPrGuZg==')])
DEBUG 2026-06-30 07:09:27 re/_trace.py:47 response_closed.started
DEBUG 2026-06-30 07:09:27 ock/_api.py:501 Attempting to acquire lock 132611813477360 on /root/.cache/huggingface/lerobot/coport-uni/FR5_task3_turn_the_sliver_air_valve_90_degress_counterclockwise_100/.cache/huggingface/download/data/chunk-000/file-004.parquet.lock
DEBUG 2026-06-30 07:09:27 re/_trace.py:47 response_closed.complete
INFO 2026-06-30 07:09:27 _client.py:1025 HTTP Request: HEAD https://huggingface.co/datasets/coport-uni/FR5_task3_turn_the_sliver_air_valve_90_degress_counterclockwise_100/resolve/1f7ed68357ecdbd8e31415414359f4e43a355b15/data/chunk-000/file-005.parquet "HTTP/1.1 302 Found"
DEBUG 2026-06-30 07:09:27 ock/_api.py:504 Lock 132620748957616 acquired on /root/.cache/huggingface/lerobot/coport-uni/FR5_task3_turn_the_sliver_air_valve_90_degress_counterclockwise_100/.cache/huggingface/download/data/chunk-000/file-001.parquet.lock
DEBUG 2026-06-30 07:09:27 re/_trace.py:47 receive_response_body.started request=<Request [b'HEAD']>
DEBUG 2026-06-30 07:09:27 re/_trace.py:47 receive_response_body.complete
DEBUG 2026-06-30 07:09:27 re/_trace.py:47 response_closed.started
DEBUG 2026-06-30 07:09:27 ock/_api.py:501 Attempting to acquire lock 132611815128912 on /root/.cache/huggingface/lerobot/coport-uni/FR5_task3_turn_the_sliver_air_valve_90_degress_counterclockwise_100/.cache/huggingface/download/data/chunk-000/file-002.parquet.lock
DEBUG 2026-06-30 07:09:27 re/_trace.py:47 response_closed.complete
DEBUG 2026-06-30 07:09:27 ock/_api.py:504 Lock 132611813477360 acquired on /root/.cache/huggingface/lerobot/coport-uni/FR5_task3_turn_the_sliver_air_valve_90_degress_counterclockwise_100/.cache/huggingface/download/data/chunk-000/file-004.parquet.lock
DEBUG 2026-06-30 07:09:27 ock/_api.py:504 Lock 132611815128912 acquired on /root/.cache/huggingface/lerobot/coport-uni/FR5_task3_turn_the_sliver_air_valve_90_degress_counterclockwise_100/.cache/huggingface/download/data/chunk-000/file-002.parquet.lock
DEBUG 2026-06-30 07:09:27 ock/_api.py:501 Attempting to acquire lock 132611813500992 on /root/.cache/huggingface/lerobot/coport-uni/FR5_task3_turn_the_sliver_air_valve_90_degress_counterclockwise_100/.cache/huggingface/download/data/chunk-000/file-005.parquet.lock
DEBUG 2026-06-30 07:09:27 ock/_api.py:504 Lock 132611813500992 acquired on /root/.cache/huggingface/lerobot/coport-uni/FR5_task3_turn_the_sliver_air_valve_90_degress_counterclockwise_100/.cache/huggingface/download/data/chunk-000/file-005.parquet.lock
DEBUG 2026-06-30 07:09:27 re/_trace.py:47 receive_response_headers.complete return_value=(b'HTTP/1.1', 302, b'Found', [(b'Content-Type', b'text/plain; charset=utf-8'), (b'Content-Length', b'1036'), (b'Connection', b'keep-alive'), (b'Date', b'Tue, 30 Jun 2026 07:09:27 GMT'), (b'Location', b'https://cas-bridge.xethub.hf.co/xet-bridge-us/6a4276dae074855e8c8cddb1/ef034c2ce94f3a45f185c934b6460cacc81d07206301f76de717500b687f6ea1?Expires=1782806967&Policy=eyJTdGF0ZW1lbnQiOlt7IlJlc291cmNlIjoiaHR0cHM6Ly9jYXMtYnJpZGdlLnhldGh1Yi5oZi5jby94ZXQtYnJpZGdlLXVzLzZhNDI3NmRhZTA3NDg1NWU4YzhjZGRiMS9lZjAzNGMyY2U5NGYzYTQ1ZjE4NWM5MzRiNjQ2MGNhY2M4MWQwNzIwNjMwMWY3NmRlNzE3NTAwYjY4N2Y2ZWExKiIsIkNvbmRpdGlvbiI6eyJEYXRlTGVzc1RoYW4iOnsiQVdTOkVwb2NoVGltZSI6MTc4MjgwNjk2N319fV19&Signature=MEYCIQCqwo72ecLe84sHcbIQoB13d1gd7TvKdgpTr8LDuLtc9AIhANGec0%7EwmS4yM92ltM%7EX%7E-3DiLv%7EvKVtgNbmzlj7%7Egwp&Key-Pair-Id=K1LYXO563TGWFU&response-content-disposition=inline%3B+filename*%3DUTF-8%27%27file-003.parquet%3B+filename%3D%22file-003.parquet%22%3B&X-Xet-Cas-Uid=6968a8befacf9a9b049da27a&X-Amz-Algorithm=AWS4-HMAC-SHA256&X-Amz-Credential=cas%2F20260630%2Fus-east-1%2Fs3%2Faws4_request&X-Amz-Date=20260630T070927Z&X-Amz-Expires=3600&X-Amz-SignedHeaders=host&X-Amz-Signature=96f4d6597e3e79b0f5ae711fe791cded1853f519dd982f08de8e7af6a4d68cfa'), (b'X-Powered-By', b'huggingface-moon'), (b'X-Request-Id', b'Root=1-6a436ba7-60ec93725e252dbe5e699822;02cec305-f389-4018-9e2c-8c1fb01b64cc'), (b'RateLimit', b'"resolvers";r=4973;t=255'), (b'RateLimit-Policy', b'"fixed window";"resolvers";q=5000;w=300'), (b'cross-origin-opener-policy', b'same-origin'), (b'Referrer-Policy', b'strict-origin-when-cross-origin'), (b'Access-Control-Max-Age', b'86400'), (b'Access-Control-Allow-Origin', b'https://huggingface.co'), (b'Vary', b'Origin, Accept'), (b'Access-Control-Expose-Headers', b'X-Repo-Commit,X-Request-Id,X-Error-Code,X-Error-Message,X-Total-Count,ETag,Link,Accept-Ranges,Content-Range,X-Linked-Size,X-Linked-ETag,X-Xet-Hash'), (b'X-Repo-Commit', b'1f7ed68357ecdbd8e31415414359f4e43a355b15'), (b'Accept-Ranges', b'bytes'), (b'X-Hub-Cache', b'MISS'), (b'X-Linked-Size', b'409880'), (b'X-Linked-ETag', b'"2cda62697541592445e2f43fbde1c16330c07ad08867ad476e53e4b3038108e2"'), (b'X-Xet-Hash', b'ef034c2ce94f3a45f185c934b6460cacc81d07206301f76de717500b687f6ea1'), (b'Link', b'<https://huggingface.co/api/datasets/coport-uni/FR5_task3_turn_the_sliver_air_valve_90_degress_counterclockwise_100/xet-read-token/1f7ed68357ecdbd8e31415414359f4e43a355b15>; rel="xet-auth", <https://cas-server.xethub.hf.co/v1/reconstructions/ef034c2ce94f3a45f185c934b6460cacc81d07206301f76de717500b687f6ea1>; rel="xet-reconstruction-info"'), (b'X-Cache', b'Miss from cloudfront'), (b'Via', b'1.1 afd804e010ec1531be9d0e90bf49f60e.cloudfront.net (CloudFront)'), (b'X-Amz-Cf-Pop', b'ICN57-P5'), (b'X-Amz-Cf-Id', b'OcH8pyemBmgOuxM97FjwQMbt9HIkqD0JrXNN70VzVQH3aLY17Tvq7A==')])
INFO 2026-06-30 07:09:27 _client.py:1025 HTTP Request: HEAD https://huggingface.co/datasets/coport-uni/FR5_task3_turn_the_sliver_air_valve_90_degress_counterclockwise_100/resolve/1f7ed68357ecdbd8e31415414359f4e43a355b15/data/chunk-000/file-003.parquet "HTTP/1.1 302 Found"
DEBUG 2026-06-30 07:09:27 re/_trace.py:47 receive_response_body.started request=<Request [b'HEAD']>
DEBUG 2026-06-30 07:09:27 re/_trace.py:47 receive_response_body.complete
DEBUG 2026-06-30 07:09:27 re/_trace.py:47 response_closed.started
DEBUG 2026-06-30 07:09:27 re/_trace.py:47 response_closed.complete
DEBUG 2026-06-30 07:09:27 ock/_api.py:501 Attempting to acquire lock 132620748948256 on /root/.cache/huggingface/lerobot/coport-uni/FR5_task3_turn_the_sliver_air_valve_90_degress_counterclockwise_100/.cache/huggingface/download/data/chunk-000/file-003.parquet.lock
DEBUG 2026-06-30 07:09:27 ock/_api.py:504 Lock 132620748948256 acquired on /root/.cache/huggingface/lerobot/coport-uni/FR5_task3_turn_the_sliver_air_valve_90_degress_counterclockwise_100/.cache/huggingface/download/data/chunk-000/file-003.parquet.lock
DEBUG 2026-06-30 07:09:27 re/_trace.py:47 receive_response_headers.complete return_value=(b'HTTP/1.1', 200, b'OK', [(b'Content-Type', b'text/plain; charset=utf-8'), (b'Content-Length', b'2504'), (b'Connection', b'keep-alive'), (b'Date', b'Tue, 30 Jun 2026 07:09:27 GMT'), (b'ETag', b'"bed0738c7eeb449bca98b5d2f33c89a1ee56349a"'), (b'X-Powered-By', b'huggingface-moon'), (b'X-Request-Id', b'Root=1-6a436ba7-58fba29771696da704c0c21a;4bfd7890-22d3-4ebe-b96b-24e53e5c4a37'), (b'RateLimit', b'"resolvers";r=4972;t=255'), (b'RateLimit-Policy', b'"fixed window";"resolvers";q=5000;w=300'), (b'cross-origin-opener-policy', b'same-origin'), (b'Referrer-Policy', b'strict-origin-when-cross-origin'), (b'Access-Control-Max-Age', b'86400'), (b'Access-Control-Allow-Origin', b'https://huggingface.co'), (b'Access-Control-Expose-Headers', b'X-Repo-Commit,X-Request-Id,X-Error-Code,X-Error-Message,X-Total-Count,ETag,Link,Accept-Ranges,Content-Range,X-Linked-Size,X-Linked-ETag,X-Xet-Hash'), (b'X-Repo-Commit', b'1f7ed68357ecdbd8e31415414359f4e43a355b15'), (b'Accept-Ranges', b'bytes'), (b'X-Hub-Cache', b'MISS'), (b'Content-Disposition', b'inline; filename*=UTF-8\'\'.gitattributes; filename=".gitattributes";'), (b'Content-Security-Policy', b"default-src 'none'; sandbox"), (b'Vary', b'Origin'), (b'X-Cache', b'Miss from cloudfront'), (b'Via', b'1.1 801cd5a1ed5abecf586d9f00fbf82766.cloudfront.net (CloudFront)'), (b'X-Amz-Cf-Pop', b'ICN57-P5'), (b'X-Amz-Cf-Id', b'NAKQpO2NVDzjvL0AwVNTxD7i8c6J42M9urKy7lDtFTIVqaL_2piGfQ==')])
INFO 2026-06-30 07:09:27 _client.py:1025 HTTP Request: HEAD https://huggingface.co/api/resolve-cache/datasets/coport-uni/FR5_task3_turn_the_sliver_air_valve_90_degress_counterclockwise_100/1f7ed68357ecdbd8e31415414359f4e43a355b15/.gitattributes "HTTP/1.1 200 OK"
DEBUG 2026-06-30 07:09:27 re/_trace.py:47 receive_response_body.started request=<Request [b'HEAD']>
DEBUG 2026-06-30 07:09:27 re/_trace.py:47 receive_response_body.complete
DEBUG 2026-06-30 07:09:27 re/_trace.py:47 response_closed.started
DEBUG 2026-06-30 07:09:27 re/_trace.py:47 response_closed.complete
DEBUG 2026-06-30 07:09:27 ock/_api.py:501 Attempting to acquire lock 132611813483408 on /root/.cache/huggingface/lerobot/coport-uni/FR5_task3_turn_the_sliver_air_valve_90_degress_counterclockwise_100/.cache/huggingface/download/.gitattributes.lock
DEBUG 2026-06-30 07:09:27 ock/_api.py:504 Lock 132611813483408 acquired on /root/.cache/huggingface/lerobot/coport-uni/FR5_task3_turn_the_sliver_air_valve_90_degress_counterclockwise_100/.cache/huggingface/download/.gitattributes.lock
DEBUG 2026-06-30 07:09:27 re/_trace.py:47 send_request_headers.started request=<Request [b'GET']>
DEBUG 2026-06-30 07:09:27 re/_trace.py:47 send_request_headers.complete
DEBUG 2026-06-30 07:09:27 re/_trace.py:47 send_request_body.started request=<Request [b'GET']>
DEBUG 2026-06-30 07:09:27 re/_trace.py:47 send_request_body.complete
DEBUG 2026-06-30 07:09:27 re/_trace.py:47 receive_response_headers.started request=<Request [b'GET']>
DEBUG 2026-06-30 07:09:27 re/_trace.py:47 receive_response_headers.complete return_value=(b'HTTP/1.1', 200, b'OK', [(b'Content-Type', b'text/plain; charset=utf-8'), (b'Content-Length', b'4812'), (b'Connection', b'keep-alive'), (b'Date', b'Tue, 30 Jun 2026 07:09:27 GMT'), (b'ETag', b'"fec882f5660084734c197d9d281cf5ec581e67a8"'), (b'X-Powered-By', b'huggingface-moon'), (b'X-Request-Id', b'Root=1-6a436ba7-1d7efdeb66048fc050373adb;d7f93cbb-3bcd-49b7-adf4-edfe39e1440c'), (b'RateLimit', b'"resolvers";r=4971;t=255'), (b'RateLimit-Policy', b'"fixed window";"resolvers";q=5000;w=300'), (b'cross-origin-opener-policy', b'same-origin'), (b'Referrer-Policy', b'strict-origin-when-cross-origin'), (b'Access-Control-Max-Age', b'86400'), (b'Access-Control-Allow-Origin', b'https://huggingface.co'), (b'Access-Control-Expose-Headers', b'X-Repo-Commit,X-Request-Id,X-Error-Code,X-Error-Message,X-Total-Count,ETag,Link,Accept-Ranges,Content-Range,X-Linked-Size,X-Linked-ETag,X-Xet-Hash'), (b'X-Repo-Commit', b'1f7ed68357ecdbd8e31415414359f4e43a355b15'), (b'Accept-Ranges', b'bytes'), (b'X-Hub-Cache', b'MISS'), (b'Content-Disposition', b'inline; filename*=UTF-8\'\'README.md; filename="README.md";'), (b'Content-Security-Policy', b"default-src 'none'; sandbox"), (b'Vary', b'Origin'), (b'X-Cache', b'Miss from cloudfront'), (b'Via', b'1.1 de6fd68c70ca3c12cb609faad680c294.cloudfront.net (CloudFront)'), (b'X-Amz-Cf-Pop', b'ICN57-P5'), (b'X-Amz-Cf-Id', b'uRo1PNWWryORDtDsi-pn-5OrS4cYjXFiSU99EvR0YU8qEytAa2In8Q==')])
INFO 2026-06-30 07:09:27 _client.py:1025 HTTP Request: HEAD https://huggingface.co/api/resolve-cache/datasets/coport-uni/FR5_task3_turn_the_sliver_air_valve_90_degress_counterclockwise_100/1f7ed68357ecdbd8e31415414359f4e43a355b15/README.md "HTTP/1.1 200 OK"
DEBUG 2026-06-30 07:09:27 re/_trace.py:47 receive_response_body.started request=<Request [b'HEAD']>
DEBUG 2026-06-30 07:09:27 re/_trace.py:47 receive_response_body.complete
DEBUG 2026-06-30 07:09:27 re/_trace.py:47 response_closed.started
DEBUG 2026-06-30 07:09:27 re/_trace.py:47 response_closed.complete
DEBUG 2026-06-30 07:09:27 ock/_api.py:501 Attempting to acquire lock 132611813483072 on /root/.cache/huggingface/lerobot/coport-uni/FR5_task3_turn_the_sliver_air_valve_90_degress_counterclockwise_100/.cache/huggingface/download/README.md.lock
DEBUG 2026-06-30 07:09:27 ock/_api.py:504 Lock 132611813483072 acquired on /root/.cache/huggingface/lerobot/coport-uni/FR5_task3_turn_the_sliver_air_valve_90_degress_counterclockwise_100/.cache/huggingface/download/README.md.lock
DEBUG 2026-06-30 07:09:27 re/_trace.py:47 send_request_headers.started request=<Request [b'GET']>
DEBUG 2026-06-30 07:09:27 re/_trace.py:47 send_request_headers.complete
DEBUG 2026-06-30 07:09:27 re/_trace.py:47 send_request_body.started request=<Request [b'GET']>
DEBUG 2026-06-30 07:09:27 re/_trace.py:47 send_request_body.complete
DEBUG 2026-06-30 07:09:27 re/_trace.py:47 receive_response_headers.started request=<Request [b'GET']>
DEBUG 2026-06-30 07:09:27 re/_trace.py:47 receive_response_headers.complete return_value=(b'HTTP/1.1', 200, b'OK', [(b'Content-Type', b'text/plain; charset=utf-8'), (b'Transfer-Encoding', b'chunked'), (b'Connection', b'keep-alive'), (b'Date', b'Tue, 30 Jun 2026 07:09:27 GMT'), (b'Content-Encoding', b'gzip'), (b'ETag', b'W/"fec882f5660084734c197d9d281cf5ec581e67a8"'), (b'X-Powered-By', b'huggingface-moon'), (b'X-Request-Id', b'Root=1-6a436ba7-167159f0470005407a7f33ac;c362da9f-2fa8-4e4b-8065-8bf5c19d63d3'), (b'RateLimit', b'"resolvers";r=4969;t=255'), (b'RateLimit-Policy', b'"fixed window";"resolvers";q=5000;w=300'), (b'cross-origin-opener-policy', b'same-origin'), (b'Referrer-Policy', b'strict-origin-when-cross-origin'), (b'Access-Control-Max-Age', b'86400'), (b'Access-Control-Allow-Origin', b'https://huggingface.co'), (b'Access-Control-Expose-Headers', b'X-Repo-Commit,X-Request-Id,X-Error-Code,X-Error-Message,X-Total-Count,ETag,Link,Accept-Ranges,Content-Range,X-Linked-Size,X-Linked-ETag,X-Xet-Hash'), (b'X-Repo-Commit', b'1f7ed68357ecdbd8e31415414359f4e43a355b15'), (b'Content-Security-Policy', b"default-src 'none'; sandbox"), (b'Content-Disposition', b'inline; filename*=UTF-8\'\'README.md; filename="README.md";'), (b'Vary', b'Origin,Accept-Encoding'), (b'X-Cache', b'Miss from cloudfront'), (b'Via', b'1.1 de6fd68c70ca3c12cb609faad680c294.cloudfront.net (CloudFront)'), (b'X-Amz-Cf-Pop', b'ICN57-P5'), (b'X-Amz-Cf-Id', b'cqYy_E5zw-9yTmp3xDQ7ILaHbO54JEKPH8vYB3qdfzlNOwUtDNO4xg==')])
INFO 2026-06-30 07:09:27 _client.py:1025 HTTP Request: GET https://huggingface.co/api/resolve-cache/datasets/coport-uni/FR5_task3_turn_the_sliver_air_valve_90_degress_counterclockwise_100/1f7ed68357ecdbd8e31415414359f4e43a355b15/README.md "HTTP/1.1 200 OK"
DEBUG 2026-06-30 07:09:27 re/_trace.py:47 receive_response_body.started request=<Request [b'GET']>
DEBUG 2026-06-30 07:09:27 re/_trace.py:47 receive_response_body.complete
DEBUG 2026-06-30 07:09:27 re/_trace.py:47 response_closed.started
DEBUG 2026-06-30 07:09:27 re/_trace.py:47 response_closed.complete
DEBUG 2026-06-30 07:09:27 ock/_api.py:541 Attempting to release lock 132611813483072 on /root/.cache/huggingface/lerobot/coport-uni/FR5_task3_turn_the_sliver_air_valve_90_degress_counterclockwise_100/.cache/huggingface/download/README.md.lock
DEBUG 2026-06-30 07:09:27 ock/_api.py:545 Lock 132611813483072 released on /root/.cache/huggingface/lerobot/coport-uni/FR5_task3_turn_the_sliver_air_valve_90_degress_counterclockwise_100/.cache/huggingface/download/README.md.lock
DEBUG 2026-06-30 07:09:27 ock/_api.py:501 Attempting to acquire lock 132611813484656 on /root/.cache/huggingface/lerobot/coport-uni/FR5_task3_turn_the_sliver_air_valve_90_degress_counterclockwise_100/.cache/huggingface/download/README.md.lock
DEBUG 2026-06-30 07:09:27 ock/_api.py:504 Lock 132611813484656 acquired on /root/.cache/huggingface/lerobot/coport-uni/FR5_task3_turn_the_sliver_air_valve_90_degress_counterclockwise_100/.cache/huggingface/download/README.md.lock
DEBUG 2026-06-30 07:09:27 ock/_api.py:541 Attempting to release lock 132611813484656 on /root/.cache/huggingface/lerobot/coport-uni/FR5_task3_turn_the_sliver_air_valve_90_degress_counterclockwise_100/.cache/huggingface/download/README.md.lock
DEBUG 2026-06-30 07:09:27 ock/_api.py:545 Lock 132611813484656 released on /root/.cache/huggingface/lerobot/coport-uni/FR5_task3_turn_the_sliver_air_valve_90_degress_counterclockwise_100/.cache/huggingface/download/README.md.lock
DEBUG 2026-06-30 07:09:27 ock/_api.py:501 Attempting to acquire lock 132611815116048 on /root/.cache/huggingface/lerobot/coport-uni/FR5_task3_turn_the_sliver_air_valve_90_degress_counterclockwise_100/.cache/huggingface/download/data/chunk-000/file-006.parquet.lock
DEBUG 2026-06-30 07:09:27 ock/_api.py:504 Lock 132611815116048 acquired on /root/.cache/huggingface/lerobot/coport-uni/FR5_task3_turn_the_sliver_air_valve_90_degress_counterclockwise_100/.cache/huggingface/download/data/chunk-000/file-006.parquet.lock
DEBUG 2026-06-30 07:09:27 ock/_api.py:541 Attempting to release lock 132611815116048 on /root/.cache/huggingface/lerobot/coport-uni/FR5_task3_turn_the_sliver_air_valve_90_degress_counterclockwise_100/.cache/huggingface/download/data/chunk-000/file-006.parquet.lock
DEBUG 2026-06-30 07:09:27 ock/_api.py:545 Lock 132611815116048 released on /root/.cache/huggingface/lerobot/coport-uni/FR5_task3_turn_the_sliver_air_valve_90_degress_counterclockwise_100/.cache/huggingface/download/data/chunk-000/file-006.parquet.lock
DEBUG 2026-06-30 07:09:27 re/_trace.py:47 send_request_headers.started request=<Request [b'HEAD']>
DEBUG 2026-06-30 07:09:27 re/_trace.py:47 send_request_headers.complete
DEBUG 2026-06-30 07:09:27 re/_trace.py:47 send_request_body.started request=<Request [b'HEAD']>
DEBUG 2026-06-30 07:09:27 re/_trace.py:47 send_request_body.complete
DEBUG 2026-06-30 07:09:27 re/_trace.py:47 receive_response_headers.started request=<Request [b'HEAD']>
DEBUG 2026-06-30 07:09:27 re/_trace.py:47 receive_response_headers.complete return_value=(b'HTTP/1.1', 200, b'OK', [(b'Content-Type', b'text/plain; charset=utf-8'), (b'Transfer-Encoding', b'chunked'), (b'Connection', b'keep-alive'), (b'Date', b'Tue, 30 Jun 2026 07:09:27 GMT'), (b'Content-Encoding', b'gzip'), (b'ETag', b'W/"bed0738c7eeb449bca98b5d2f33c89a1ee56349a"'), (b'X-Powered-By', b'huggingface-moon'), (b'X-Request-Id', b'Root=1-6a436ba7-27bce7d37c06a7bb6d57ef9d;8aa44cf4-c77c-4469-9ce8-9adb0ab439d5'), (b'RateLimit', b'"resolvers";r=4970;t=255'), (b'RateLimit-Policy', b'"fixed window";"resolvers";q=5000;w=300'), (b'cross-origin-opener-policy', b'same-origin'), (b'Referrer-Policy', b'strict-origin-when-cross-origin'), (b'Access-Control-Max-Age', b'86400'), (b'Access-Control-Allow-Origin', b'https://huggingface.co'), (b'Access-Control-Expose-Headers', b'X-Repo-Commit,X-Request-Id,X-Error-Code,X-Error-Message,X-Total-Count,ETag,Link,Accept-Ranges,Content-Range,X-Linked-Size,X-Linked-ETag,X-Xet-Hash'), (b'X-Repo-Commit', b'1f7ed68357ecdbd8e31415414359f4e43a355b15'), (b'Content-Security-Policy', b"default-src 'none'; sandbox"), (b'Content-Disposition', b'inline; filename*=UTF-8\'\'.gitattributes; filename=".gitattributes";'), (b'Vary', b'Origin,Accept-Encoding'), (b'X-Cache', b'Miss from cloudfront'), (b'Via', b'1.1 c84f725aa1244c57e6ad6d1072d23c54.cloudfront.net (CloudFront)'), (b'X-Amz-Cf-Pop', b'ICN57-P5'), (b'X-Amz-Cf-Id', b'A29BNL5zVlU-cTMwC2FdrLJyQoNte_eBTqLGH4pnFXsxLUvWiMd3fA==')])
INFO 2026-06-30 07:09:27 _client.py:1025 HTTP Request: GET https://huggingface.co/api/resolve-cache/datasets/coport-uni/FR5_task3_turn_the_sliver_air_valve_90_degress_counterclockwise_100/1f7ed68357ecdbd8e31415414359f4e43a355b15/.gitattributes "HTTP/1.1 200 OK"
DEBUG 2026-06-30 07:09:27 re/_trace.py:47 receive_response_body.started request=<Request [b'GET']>
DEBUG 2026-06-30 07:09:27 re/_trace.py:47 receive_response_body.complete
DEBUG 2026-06-30 07:09:27 re/_trace.py:47 response_closed.started
DEBUG 2026-06-30 07:09:27 re/_trace.py:47 response_closed.complete
DEBUG 2026-06-30 07:09:27 ock/_api.py:541 Attempting to release lock 132611813483408 on /root/.cache/huggingface/lerobot/coport-uni/FR5_task3_turn_the_sliver_air_valve_90_degress_counterclockwise_100/.cache/huggingface/download/.gitattributes.lock
DEBUG 2026-06-30 07:09:27 ock/_api.py:545 Lock 132611813483408 released on /root/.cache/huggingface/lerobot/coport-uni/FR5_task3_turn_the_sliver_air_valve_90_degress_counterclockwise_100/.cache/huggingface/download/.gitattributes.lock
DEBUG 2026-06-30 07:09:27 ock/_api.py:501 Attempting to acquire lock 132611813483408 on /root/.cache/huggingface/lerobot/coport-uni/FR5_task3_turn_the_sliver_air_valve_90_degress_counterclockwise_100/.cache/huggingface/download/.gitattributes.lock
DEBUG 2026-06-30 07:09:27 ock/_api.py:504 Lock 132611813483408 acquired on /root/.cache/huggingface/lerobot/coport-uni/FR5_task3_turn_the_sliver_air_valve_90_degress_counterclockwise_100/.cache/huggingface/download/.gitattributes.lock
DEBUG 2026-06-30 07:09:27 ock/_api.py:541 Attempting to release lock 132611813483408 on /root/.cache/huggingface/lerobot/coport-uni/FR5_task3_turn_the_sliver_air_valve_90_degress_counterclockwise_100/.cache/huggingface/download/.gitattributes.lock
DEBUG 2026-06-30 07:09:27 ock/_api.py:545 Lock 132611813483408 released on /root/.cache/huggingface/lerobot/coport-uni/FR5_task3_turn_the_sliver_air_valve_90_degress_counterclockwise_100/.cache/huggingface/download/.gitattributes.lock
DEBUG 2026-06-30 07:09:27 ock/_api.py:501 Attempting to acquire lock 132611814798784 on /root/.cache/huggingface/lerobot/coport-uni/FR5_task3_turn_the_sliver_air_valve_90_degress_counterclockwise_100/.cache/huggingface/download/data/chunk-000/file-007.parquet.lock
DEBUG 2026-06-30 07:09:27 ock/_api.py:504 Lock 132611814798784 acquired on /root/.cache/huggingface/lerobot/coport-uni/FR5_task3_turn_the_sliver_air_valve_90_degress_counterclockwise_100/.cache/huggingface/download/data/chunk-000/file-007.parquet.lock
DEBUG 2026-06-30 07:09:27 ock/_api.py:541 Attempting to release lock 132611814798784 on /root/.cache/huggingface/lerobot/coport-uni/FR5_task3_turn_the_sliver_air_valve_90_degress_counterclockwise_100/.cache/huggingface/download/data/chunk-000/file-007.parquet.lock
DEBUG 2026-06-30 07:09:27 ock/_api.py:545 Lock 132611814798784 released on /root/.cache/huggingface/lerobot/coport-uni/FR5_task3_turn_the_sliver_air_valve_90_degress_counterclockwise_100/.cache/huggingface/download/data/chunk-000/file-007.parquet.lock
DEBUG 2026-06-30 07:09:27 re/_trace.py:47 send_request_headers.started request=<Request [b'HEAD']>
DEBUG 2026-06-30 07:09:27 re/_trace.py:47 send_request_headers.complete
DEBUG 2026-06-30 07:09:27 re/_trace.py:47 send_request_body.started request=<Request [b'HEAD']>
DEBUG 2026-06-30 07:09:27 re/_trace.py:47 send_request_body.complete
DEBUG 2026-06-30 07:09:27 re/_trace.py:47 receive_response_headers.started request=<Request [b'HEAD']>
DEBUG 2026-06-30 07:09:27 re/_trace.py:47 receive_response_headers.complete return_value=(b'HTTP/1.1', 302, b'Found', [(b'Content-Type', b'text/plain; charset=utf-8'), (b'Content-Length', b'1026'), (b'Connection', b'keep-alive'), (b'Date', b'Tue, 30 Jun 2026 07:09:27 GMT'), (b'Location', b'https://cas-bridge.xethub.hf.co/xet-bridge-us/6a4276dae074855e8c8cddb1/14a0ae9243c25d32d5248c45f81d101dd07bce57bd17cbe49f8b769c81f29217?Expires=1782806967&Policy=eyJTdGF0ZW1lbnQiOlt7IlJlc291cmNlIjoiaHR0cHM6Ly9jYXMtYnJpZGdlLnhldGh1Yi5oZi5jby94ZXQtYnJpZGdlLXVzLzZhNDI3NmRhZTA3NDg1NWU4YzhjZGRiMS8xNGEwYWU5MjQzYzI1ZDMyZDUyNDhjNDVmODFkMTAxZGQwN2JjZTU3YmQxN2NiZTQ5ZjhiNzY5YzgxZjI5MjE3KiIsIkNvbmRpdGlvbiI6eyJEYXRlTGVzc1RoYW4iOnsiQVdTOkVwb2NoVGltZSI6MTc4MjgwNjk2N319fV19&Signature=MEUCIDGqRqxFSelbIS6oV9ykkYu8gk0P2e8WOWw3pZQZEes9AiEA6aA893M7aGXvNeah-jHtMeXfcjgaZzioX70mGocfq4g_&Key-Pair-Id=K1LYXO563TGWFU&X-Xet-Cas-Uid=6968a8befacf9a9b049da27a&response-content-disposition=inline%3B+filename*%3DUTF-8%27%27file-006.parquet%3B+filename%3D%22file-006.parquet%22%3B&X-Amz-Algorithm=AWS4-HMAC-SHA256&X-Amz-Credential=cas%2F20260630%2Fus-east-1%2Fs3%2Faws4_request&X-Amz-Date=20260630T070927Z&X-Amz-Expires=3600&X-Amz-SignedHeaders=host&X-Amz-Signature=9556e79f8247dc49f698a2f8caf01ca94e52e498cb14543f8ee190414fb1301b'), (b'X-Powered-By', b'huggingface-moon'), (b'X-Request-Id', b'Root=1-6a436ba7-5cfea47f005f5eef0a2f05a3;1c1770bf-44ac-4aec-acce-50c57ef95088'), (b'RateLimit', b'"resolvers";r=4968;t=255'), (b'RateLimit-Policy', b'"fixed window";"resolvers";q=5000;w=300'), (b'cross-origin-opener-policy', b'same-origin'), (b'Referrer-Policy', b'strict-origin-when-cross-origin'), (b'Access-Control-Max-Age', b'86400'), (b'Access-Control-Allow-Origin', b'https://huggingface.co'), (b'Vary', b'Origin, Accept'), (b'Access-Control-Expose-Headers', b'X-Repo-Commit,X-Request-Id,X-Error-Code,X-Error-Message,X-Total-Count,ETag,Link,Accept-Ranges,Content-Range,X-Linked-Size,X-Linked-ETag,X-Xet-Hash'), (b'X-Repo-Commit', b'1f7ed68357ecdbd8e31415414359f4e43a355b15'), (b'Accept-Ranges', b'bytes'), (b'X-Hub-Cache', b'MISS'), (b'X-Linked-Size', b'528083'), (b'X-Linked-ETag', b'"1f81aeb3aad239543a73b69f084422599142940dbf5ab5f67fce78674f6aef8a"'), (b'X-Xet-Hash', b'14a0ae9243c25d32d5248c45f81d101dd07bce57bd17cbe49f8b769c81f29217'), (b'Link', b'<https://huggingface.co/api/datasets/coport-uni/FR5_task3_turn_the_sliver_air_valve_90_degress_counterclockwise_100/xet-read-token/1f7ed68357ecdbd8e31415414359f4e43a355b15>; rel="xet-auth", <https://cas-server.xethub.hf.co/v1/reconstructions/14a0ae9243c25d32d5248c45f81d101dd07bce57bd17cbe49f8b769c81f29217>; rel="xet-reconstruction-info"'), (b'X-Cache', b'Miss from cloudfront'), (b'Via', b'1.1 de6fd68c70ca3c12cb609faad680c294.cloudfront.net (CloudFront)'), (b'X-Amz-Cf-Pop', b'ICN57-P5'), (b'X-Amz-Cf-Id', b'EBpvAO7tJCzb6hLIslIOY-idENYMd8IduURa1E2qAEMzzzLOHilKFA==')])
INFO 2026-06-30 07:09:27 _client.py:1025 HTTP Request: HEAD https://huggingface.co/datasets/coport-uni/FR5_task3_turn_the_sliver_air_valve_90_degress_counterclockwise_100/resolve/1f7ed68357ecdbd8e31415414359f4e43a355b15/data/chunk-000/file-006.parquet "HTTP/1.1 302 Found"
DEBUG 2026-06-30 07:09:27 re/_trace.py:47 receive_response_body.started request=<Request [b'HEAD']>
DEBUG 2026-06-30 07:09:27 re/_trace.py:47 receive_response_body.complete
DEBUG 2026-06-30 07:09:27 re/_trace.py:47 response_closed.started
DEBUG 2026-06-30 07:09:27 re/_trace.py:47 response_closed.complete
DEBUG 2026-06-30 07:09:27 ock/_api.py:501 Attempting to acquire lock 132611814790480 on /root/.cache/huggingface/lerobot/coport-uni/FR5_task3_turn_the_sliver_air_valve_90_degress_counterclockwise_100/.cache/huggingface/download/data/chunk-000/file-006.parquet.lock
DEBUG 2026-06-30 07:09:27 ock/_api.py:504 Lock 132611814790480 acquired on /root/.cache/huggingface/lerobot/coport-uni/FR5_task3_turn_the_sliver_air_valve_90_degress_counterclockwise_100/.cache/huggingface/download/data/chunk-000/file-006.parquet.lock
DEBUG 2026-06-30 07:09:27 re/_trace.py:47 receive_response_headers.complete return_value=(b'HTTP/1.1', 302, b'Found', [(b'Content-Type', b'text/plain; charset=utf-8'), (b'Content-Length', b'1026'), (b'Connection', b'keep-alive'), (b'Date', b'Tue, 30 Jun 2026 07:09:27 GMT'), (b'Location', b'https://cas-bridge.xethub.hf.co/xet-bridge-us/6a4276dae074855e8c8cddb1/c20ecfd0de73d9c7bceee58ad6678e9796430e76cce6477f4d1d5b64231ed1b7?Expires=1782806967&Policy=eyJTdGF0ZW1lbnQiOlt7IlJlc291cmNlIjoiaHR0cHM6Ly9jYXMtYnJpZGdlLnhldGh1Yi5oZi5jby94ZXQtYnJpZGdlLXVzLzZhNDI3NmRhZTA3NDg1NWU4YzhjZGRiMS9jMjBlY2ZkMGRlNzNkOWM3YmNlZWU1OGFkNjY3OGU5Nzk2NDMwZTc2Y2NlNjQ3N2Y0ZDFkNWI2NDIzMWVkMWI3KiIsIkNvbmRpdGlvbiI6eyJEYXRlTGVzc1RoYW4iOnsiQVdTOkVwb2NoVGltZSI6MTc4MjgwNjk2N319fV19&Signature=MEQCIGHWAw8cJJEAT13TjClaW5FVBLkYgWhfOXkDDOBeHeI1AiBM-KF-rTvrC9NfFvZyvicjt7OeDVttGPzKvErzSl8Adg__&Key-Pair-Id=K1LYXO563TGWFU&X-Xet-Cas-Uid=6968a8befacf9a9b049da27a&response-content-disposition=inline%3B+filename*%3DUTF-8%27%27file-007.parquet%3B+filename%3D%22file-007.parquet%22%3B&X-Amz-Algorithm=AWS4-HMAC-SHA256&X-Amz-Credential=cas%2F20260630%2Fus-east-1%2Fs3%2Faws4_request&X-Amz-Date=20260630T070927Z&X-Amz-Expires=3600&X-Amz-SignedHeaders=host&X-Amz-Signature=432ef917ae96eaa2cc669fc014b1bf085340e121c5407e63ef8b4a8b03f05db1'), (b'X-Powered-By', b'huggingface-moon'), (b'X-Request-Id', b'Root=1-6a436ba7-759389417dc4a81e0d748ab2;4eb69e6c-b86e-4686-adb9-a0e4f0997097'), (b'RateLimit', b'"resolvers";r=4967;t=255'), (b'RateLimit-Policy', b'"fixed window";"resolvers";q=5000;w=300'), (b'cross-origin-opener-policy', b'same-origin'), (b'Referrer-Policy', b'strict-origin-when-cross-origin'), (b'Access-Control-Max-Age', b'86400'), (b'Access-Control-Allow-Origin', b'https://huggingface.co'), (b'Vary', b'Origin, Accept'), (b'Access-Control-Expose-Headers', b'X-Repo-Commit,X-Request-Id,X-Error-Code,X-Error-Message,X-Total-Count,ETag,Link,Accept-Ranges,Content-Range,X-Linked-Size,X-Linked-ETag,X-Xet-Hash'), (b'X-Repo-Commit', b'1f7ed68357ecdbd8e31415414359f4e43a355b15'), (b'Accept-Ranges', b'bytes'), (b'X-Hub-Cache', b'MISS'), (b'X-Linked-Size', b'485404'), (b'X-Linked-ETag', b'"10d55dbcdc58b43ab639c01f5789fabacf1600df16a0aad3bf05b523eff62ea9"'), (b'X-Xet-Hash', b'c20ecfd0de73d9c7bceee58ad6678e9796430e76cce6477f4d1d5b64231ed1b7'), (b'Link', b'<https://huggingface.co/api/datasets/coport-uni/FR5_task3_turn_the_sliver_air_valve_90_degress_counterclockwise_100/xet-read-token/1f7ed68357ecdbd8e31415414359f4e43a355b15>; rel="xet-auth", <https://cas-server.xethub.hf.co/v1/reconstructions/c20ecfd0de73d9c7bceee58ad6678e9796430e76cce6477f4d1d5b64231ed1b7>; rel="xet-reconstruction-info"'), (b'X-Cache', b'Miss from cloudfront'), (b'Via', b'1.1 c84f725aa1244c57e6ad6d1072d23c54.cloudfront.net (CloudFront)'), (b'X-Amz-Cf-Pop', b'ICN57-P5'), (b'X-Amz-Cf-Id', b'gjQNv60guI1j0h1XXDjureR7GumLoX96s8l6EUo3LbQLLsYqrDK1Fg==')])
INFO 2026-06-30 07:09:27 _client.py:1025 HTTP Request: HEAD https://huggingface.co/datasets/coport-uni/FR5_task3_turn_the_sliver_air_valve_90_degress_counterclockwise_100/resolve/1f7ed68357ecdbd8e31415414359f4e43a355b15/data/chunk-000/file-007.parquet "HTTP/1.1 302 Found"
DEBUG 2026-06-30 07:09:27 re/_trace.py:47 receive_response_body.started request=<Request [b'HEAD']>
DEBUG 2026-06-30 07:09:27 re/_trace.py:47 receive_response_body.complete
DEBUG 2026-06-30 07:09:27 re/_trace.py:47 response_closed.started
DEBUG 2026-06-30 07:09:27 re/_trace.py:47 response_closed.complete
DEBUG 2026-06-30 07:09:27 ock/_api.py:501 Attempting to acquire lock 132611813475824 on /root/.cache/huggingface/lerobot/coport-uni/FR5_task3_turn_the_sliver_air_valve_90_degress_counterclockwise_100/.cache/huggingface/download/data/chunk-000/file-007.parquet.lock
DEBUG 2026-06-30 07:09:27 ock/_api.py:504 Lock 132611813475824 acquired on /root/.cache/huggingface/lerobot/coport-uni/FR5_task3_turn_the_sliver_air_valve_90_degress_counterclockwise_100/.cache/huggingface/download/data/chunk-000/file-007.parquet.lock
DEBUG 2026-06-30 07:09:28 ock/_api.py:541 Attempting to release lock 132611813505360 on /root/.cache/huggingface/lerobot/coport-uni/FR5_task3_turn_the_sliver_air_valve_90_degress_counterclockwise_100/.cache/huggingface/download/data/chunk-000/file-000.parquet.lock
DEBUG 2026-06-30 07:09:28 ock/_api.py:545 Lock 132611813505360 released on /root/.cache/huggingface/lerobot/coport-uni/FR5_task3_turn_the_sliver_air_valve_90_degress_counterclockwise_100/.cache/huggingface/download/data/chunk-000/file-000.parquet.lock
DEBUG 2026-06-30 07:09:28 ock/_api.py:501 Attempting to acquire lock 132611814537648 on /root/.cache/huggingface/lerobot/coport-uni/FR5_task3_turn_the_sliver_air_valve_90_degress_counterclockwise_100/.cache/huggingface/download/data/chunk-000/file-000.parquet.lock
DEBUG 2026-06-30 07:09:28 ock/_api.py:504 Lock 132611814537648 acquired on /root/.cache/huggingface/lerobot/coport-uni/FR5_task3_turn_the_sliver_air_valve_90_degress_counterclockwise_100/.cache/huggingface/download/data/chunk-000/file-000.parquet.lock
DEBUG 2026-06-30 07:09:28 ock/_api.py:541 Attempting to release lock 132611814537648 on /root/.cache/huggingface/lerobot/coport-uni/FR5_task3_turn_the_sliver_air_valve_90_degress_counterclockwise_100/.cache/huggingface/download/data/chunk-000/file-000.parquet.lock
DEBUG 2026-06-30 07:09:28 ock/_api.py:545 Lock 132611814537648 released on /root/.cache/huggingface/lerobot/coport-uni/FR5_task3_turn_the_sliver_air_valve_90_degress_counterclockwise_100/.cache/huggingface/download/data/chunk-000/file-000.parquet.lock
DEBUG 2026-06-30 07:09:28 ock/_api.py:501 Attempting to acquire lock 132611813505360 on /root/.cache/huggingface/lerobot/coport-uni/FR5_task3_turn_the_sliver_air_valve_90_degress_counterclockwise_100/.cache/huggingface/download/data/chunk-000/file-008.parquet.lock
DEBUG 2026-06-30 07:09:28 ock/_api.py:504 Lock 132611813505360 acquired on /root/.cache/huggingface/lerobot/coport-uni/FR5_task3_turn_the_sliver_air_valve_90_degress_counterclockwise_100/.cache/huggingface/download/data/chunk-000/file-008.parquet.lock
DEBUG 2026-06-30 07:09:28 ock/_api.py:541 Attempting to release lock 132611813505360 on /root/.cache/huggingface/lerobot/coport-uni/FR5_task3_turn_the_sliver_air_valve_90_degress_counterclockwise_100/.cache/huggingface/download/data/chunk-000/file-008.parquet.lock
DEBUG 2026-06-30 07:09:28 ock/_api.py:545 Lock 132611813505360 released on /root/.cache/huggingface/lerobot/coport-uni/FR5_task3_turn_the_sliver_air_valve_90_degress_counterclockwise_100/.cache/huggingface/download/data/chunk-000/file-008.parquet.lock
DEBUG 2026-06-30 07:09:28 re/_trace.py:47 send_request_headers.started request=<Request [b'HEAD']>
DEBUG 2026-06-30 07:09:28 re/_trace.py:47 send_request_headers.complete
DEBUG 2026-06-30 07:09:28 re/_trace.py:47 send_request_body.started request=<Request [b'HEAD']>
DEBUG 2026-06-30 07:09:28 re/_trace.py:47 send_request_body.complete
DEBUG 2026-06-30 07:09:28 re/_trace.py:47 receive_response_headers.started request=<Request [b'HEAD']>
DEBUG 2026-06-30 07:09:28 ock/_api.py:541 Attempting to release lock 132611813477360 on /root/.cache/huggingface/lerobot/coport-uni/FR5_task3_turn_the_sliver_air_valve_90_degress_counterclockwise_100/.cache/huggingface/download/data/chunk-000/file-004.parquet.lock
DEBUG 2026-06-30 07:09:28 ock/_api.py:545 Lock 132611813477360 released on /root/.cache/huggingface/lerobot/coport-uni/FR5_task3_turn_the_sliver_air_valve_90_degress_counterclockwise_100/.cache/huggingface/download/data/chunk-000/file-004.parquet.lock
DEBUG 2026-06-30 07:09:28 ock/_api.py:501 Attempting to acquire lock 132611813485472 on /root/.cache/huggingface/lerobot/coport-uni/FR5_task3_turn_the_sliver_air_valve_90_degress_counterclockwise_100/.cache/huggingface/download/data/chunk-000/file-004.parquet.lock
DEBUG 2026-06-30 07:09:28 ock/_api.py:504 Lock 132611813485472 acquired on /root/.cache/huggingface/lerobot/coport-uni/FR5_task3_turn_the_sliver_air_valve_90_degress_counterclockwise_100/.cache/huggingface/download/data/chunk-000/file-004.parquet.lock
DEBUG 2026-06-30 07:09:28 ock/_api.py:541 Attempting to release lock 132611813485472 on /root/.cache/huggingface/lerobot/coport-uni/FR5_task3_turn_the_sliver_air_valve_90_degress_counterclockwise_100/.cache/huggingface/download/data/chunk-000/file-004.parquet.lock
DEBUG 2026-06-30 07:09:28 ock/_api.py:545 Lock 132611813485472 released on /root/.cache/huggingface/lerobot/coport-uni/FR5_task3_turn_the_sliver_air_valve_90_degress_counterclockwise_100/.cache/huggingface/download/data/chunk-000/file-004.parquet.lock
DEBUG 2026-06-30 07:09:28 ock/_api.py:501 Attempting to acquire lock 132611813487632 on /root/.cache/huggingface/lerobot/coport-uni/FR5_task3_turn_the_sliver_air_valve_90_degress_counterclockwise_100/.cache/huggingface/download/data/chunk-000/file-009.parquet.lock
DEBUG 2026-06-30 07:09:28 ock/_api.py:504 Lock 132611813487632 acquired on /root/.cache/huggingface/lerobot/coport-uni/FR5_task3_turn_the_sliver_air_valve_90_degress_counterclockwise_100/.cache/huggingface/download/data/chunk-000/file-009.parquet.lock
DEBUG 2026-06-30 07:09:28 ock/_api.py:541 Attempting to release lock 132611813487632 on /root/.cache/huggingface/lerobot/coport-uni/FR5_task3_turn_the_sliver_air_valve_90_degress_counterclockwise_100/.cache/huggingface/download/data/chunk-000/file-009.parquet.lock
DEBUG 2026-06-30 07:09:28 ock/_api.py:545 Lock 132611813487632 released on /root/.cache/huggingface/lerobot/coport-uni/FR5_task3_turn_the_sliver_air_valve_90_degress_counterclockwise_100/.cache/huggingface/download/data/chunk-000/file-009.parquet.lock
DEBUG 2026-06-30 07:09:28 re/_trace.py:47 send_request_headers.started request=<Request [b'HEAD']>
DEBUG 2026-06-30 07:09:28 re/_trace.py:47 send_request_headers.complete
DEBUG 2026-06-30 07:09:28 re/_trace.py:47 send_request_body.started request=<Request [b'HEAD']>
DEBUG 2026-06-30 07:09:28 re/_trace.py:47 send_request_body.complete
DEBUG 2026-06-30 07:09:28 re/_trace.py:47 receive_response_headers.started request=<Request [b'HEAD']>
DEBUG 2026-06-30 07:09:28 ock/_api.py:541 Attempting to release lock 132611813500992 on /root/.cache/huggingface/lerobot/coport-uni/FR5_task3_turn_the_sliver_air_valve_90_degress_counterclockwise_100/.cache/huggingface/download/data/chunk-000/file-005.parquet.lock
DEBUG 2026-06-30 07:09:28 ock/_api.py:545 Lock 132611813500992 released on /root/.cache/huggingface/lerobot/coport-uni/FR5_task3_turn_the_sliver_air_valve_90_degress_counterclockwise_100/.cache/huggingface/download/data/chunk-000/file-005.parquet.lock
DEBUG 2026-06-30 07:09:28 ock/_api.py:501 Attempting to acquire lock 132620748955168 on /root/.cache/huggingface/lerobot/coport-uni/FR5_task3_turn_the_sliver_air_valve_90_degress_counterclockwise_100/.cache/huggingface/download/data/chunk-000/file-005.parquet.lock
DEBUG 2026-06-30 07:09:28 ock/_api.py:504 Lock 132620748955168 acquired on /root/.cache/huggingface/lerobot/coport-uni/FR5_task3_turn_the_sliver_air_valve_90_degress_counterclockwise_100/.cache/huggingface/download/data/chunk-000/file-005.parquet.lock
DEBUG 2026-06-30 07:09:28 ock/_api.py:541 Attempting to release lock 132620748955168 on /root/.cache/huggingface/lerobot/coport-uni/FR5_task3_turn_the_sliver_air_valve_90_degress_counterclockwise_100/.cache/huggingface/download/data/chunk-000/file-005.parquet.lock
DEBUG 2026-06-30 07:09:28 ock/_api.py:545 Lock 132620748955168 released on /root/.cache/huggingface/lerobot/coport-uni/FR5_task3_turn_the_sliver_air_valve_90_degress_counterclockwise_100/.cache/huggingface/download/data/chunk-000/file-005.parquet.lock
DEBUG 2026-06-30 07:09:28 ock/_api.py:501 Attempting to acquire lock 132611813477840 on /root/.cache/huggingface/lerobot/coport-uni/FR5_task3_turn_the_sliver_air_valve_90_degress_counterclockwise_100/.cache/huggingface/download/meta/episodes/chunk-000/file-000.parquet.lock
DEBUG 2026-06-30 07:09:28 ock/_api.py:504 Lock 132611813477840 acquired on /root/.cache/huggingface/lerobot/coport-uni/FR5_task3_turn_the_sliver_air_valve_90_degress_counterclockwise_100/.cache/huggingface/download/meta/episodes/chunk-000/file-000.parquet.lock
DEBUG 2026-06-30 07:09:28 ock/_api.py:541 Attempting to release lock 132611813477840 on /root/.cache/huggingface/lerobot/coport-uni/FR5_task3_turn_the_sliver_air_valve_90_degress_counterclockwise_100/.cache/huggingface/download/meta/episodes/chunk-000/file-000.parquet.lock
DEBUG 2026-06-30 07:09:28 ock/_api.py:545 Lock 132611813477840 released on /root/.cache/huggingface/lerobot/coport-uni/FR5_task3_turn_the_sliver_air_valve_90_degress_counterclockwise_100/.cache/huggingface/download/meta/episodes/chunk-000/file-000.parquet.lock
DEBUG 2026-06-30 07:09:28 ock/_api.py:501 Attempting to acquire lock 132611813484416 on /root/.cache/huggingface/lerobot/coport-uni/FR5_task3_turn_the_sliver_air_valve_90_degress_counterclockwise_100/.cache/huggingface/download/meta/episodes/chunk-000/file-001.parquet.lock
DEBUG 2026-06-30 07:09:28 ock/_api.py:504 Lock 132611813484416 acquired on /root/.cache/huggingface/lerobot/coport-uni/FR5_task3_turn_the_sliver_air_valve_90_degress_counterclockwise_100/.cache/huggingface/download/meta/episodes/chunk-000/file-001.parquet.lock
DEBUG 2026-06-30 07:09:28 ock/_api.py:541 Attempting to release lock 132611813484416 on /root/.cache/huggingface/lerobot/coport-uni/FR5_task3_turn_the_sliver_air_valve_90_degress_counterclockwise_100/.cache/huggingface/download/meta/episodes/chunk-000/file-001.parquet.lock
DEBUG 2026-06-30 07:09:28 ock/_api.py:545 Lock 132611813484416 released on /root/.cache/huggingface/lerobot/coport-uni/FR5_task3_turn_the_sliver_air_valve_90_degress_counterclockwise_100/.cache/huggingface/download/meta/episodes/chunk-000/file-001.parquet.lock
DEBUG 2026-06-30 07:09:28 ock/_api.py:501 Attempting to acquire lock 132611813479232 on /root/.cache/huggingface/lerobot/coport-uni/FR5_task3_turn_the_sliver_air_valve_90_degress_counterclockwise_100/.cache/huggingface/download/meta/episodes/chunk-000/file-002.parquet.lock
DEBUG 2026-06-30 07:09:28 ock/_api.py:504 Lock 132611813479232 acquired on /root/.cache/huggingface/lerobot/coport-uni/FR5_task3_turn_the_sliver_air_valve_90_degress_counterclockwise_100/.cache/huggingface/download/meta/episodes/chunk-000/file-002.parquet.lock
DEBUG 2026-06-30 07:09:28 ock/_api.py:541 Attempting to release lock 132611813479232 on /root/.cache/huggingface/lerobot/coport-uni/FR5_task3_turn_the_sliver_air_valve_90_degress_counterclockwise_100/.cache/huggingface/download/meta/episodes/chunk-000/file-002.parquet.lock
DEBUG 2026-06-30 07:09:28 ock/_api.py:545 Lock 132611813479232 released on /root/.cache/huggingface/lerobot/coport-uni/FR5_task3_turn_the_sliver_air_valve_90_degress_counterclockwise_100/.cache/huggingface/download/meta/episodes/chunk-000/file-002.parquet.lock
DEBUG 2026-06-30 07:09:28 ock/_api.py:501 Attempting to acquire lock 132611813479424 on /root/.cache/huggingface/lerobot/coport-uni/FR5_task3_turn_the_sliver_air_valve_90_degress_counterclockwise_100/.cache/huggingface/download/meta/episodes/chunk-000/file-003.parquet.lock
DEBUG 2026-06-30 07:09:28 ock/_api.py:504 Lock 132611813479424 acquired on /root/.cache/huggingface/lerobot/coport-uni/FR5_task3_turn_the_sliver_air_valve_90_degress_counterclockwise_100/.cache/huggingface/download/meta/episodes/chunk-000/file-003.parquet.lock
DEBUG 2026-06-30 07:09:28 ock/_api.py:541 Attempting to release lock 132611813479424 on /root/.cache/huggingface/lerobot/coport-uni/FR5_task3_turn_the_sliver_air_valve_90_degress_counterclockwise_100/.cache/huggingface/download/meta/episodes/chunk-000/file-003.parquet.lock
DEBUG 2026-06-30 07:09:28 ock/_api.py:545 Lock 132611813479424 released on /root/.cache/huggingface/lerobot/coport-uni/FR5_task3_turn_the_sliver_air_valve_90_degress_counterclockwise_100/.cache/huggingface/download/meta/episodes/chunk-000/file-003.parquet.lock
DEBUG 2026-06-30 07:09:28 ock/_api.py:501 Attempting to acquire lock 132620748957088 on /root/.cache/huggingface/lerobot/coport-uni/FR5_task3_turn_the_sliver_air_valve_90_degress_counterclockwise_100/.cache/huggingface/download/meta/episodes/chunk-000/file-004.parquet.lock
DEBUG 2026-06-30 07:09:28 ock/_api.py:504 Lock 132620748957088 acquired on /root/.cache/huggingface/lerobot/coport-uni/FR5_task3_turn_the_sliver_air_valve_90_degress_counterclockwise_100/.cache/huggingface/download/meta/episodes/chunk-000/file-004.parquet.lock
DEBUG 2026-06-30 07:09:28 ock/_api.py:541 Attempting to release lock 132620748957088 on /root/.cache/huggingface/lerobot/coport-uni/FR5_task3_turn_the_sliver_air_valve_90_degress_counterclockwise_100/.cache/huggingface/download/meta/episodes/chunk-000/file-004.parquet.lock
DEBUG 2026-06-30 07:09:28 ock/_api.py:545 Lock 132620748957088 released on /root/.cache/huggingface/lerobot/coport-uni/FR5_task3_turn_the_sliver_air_valve_90_degress_counterclockwise_100/.cache/huggingface/download/meta/episodes/chunk-000/file-004.parquet.lock
DEBUG 2026-06-30 07:09:28 ock/_api.py:501 Attempting to acquire lock 132611813500992 on /root/.cache/huggingface/lerobot/coport-uni/FR5_task3_turn_the_sliver_air_valve_90_degress_counterclockwise_100/.cache/huggingface/download/meta/episodes/chunk-000/file-005.parquet.lock
DEBUG 2026-06-30 07:09:28 ock/_api.py:504 Lock 132611813500992 acquired on /root/.cache/huggingface/lerobot/coport-uni/FR5_task3_turn_the_sliver_air_valve_90_degress_counterclockwise_100/.cache/huggingface/download/meta/episodes/chunk-000/file-005.parquet.lock
DEBUG 2026-06-30 07:09:28 ock/_api.py:541 Attempting to release lock 132611813500992 on /root/.cache/huggingface/lerobot/coport-uni/FR5_task3_turn_the_sliver_air_valve_90_degress_counterclockwise_100/.cache/huggingface/download/meta/episodes/chunk-000/file-005.parquet.lock
DEBUG 2026-06-30 07:09:28 ock/_api.py:545 Lock 132611813500992 released on /root/.cache/huggingface/lerobot/coport-uni/FR5_task3_turn_the_sliver_air_valve_90_degress_counterclockwise_100/.cache/huggingface/download/meta/episodes/chunk-000/file-005.parquet.lock
DEBUG 2026-06-30 07:09:28 ock/_api.py:501 Attempting to acquire lock 132620748957088 on /root/.cache/huggingface/lerobot/coport-uni/FR5_task3_turn_the_sliver_air_valve_90_degress_counterclockwise_100/.cache/huggingface/download/meta/episodes/chunk-000/file-006.parquet.lock
DEBUG 2026-06-30 07:09:28 ock/_api.py:504 Lock 132620748957088 acquired on /root/.cache/huggingface/lerobot/coport-uni/FR5_task3_turn_the_sliver_air_valve_90_degress_counterclockwise_100/.cache/huggingface/download/meta/episodes/chunk-000/file-006.parquet.lock
DEBUG 2026-06-30 07:09:28 ock/_api.py:541 Attempting to release lock 132620748957088 on /root/.cache/huggingface/lerobot/coport-uni/FR5_task3_turn_the_sliver_air_valve_90_degress_counterclockwise_100/.cache/huggingface/download/meta/episodes/chunk-000/file-006.parquet.lock
DEBUG 2026-06-30 07:09:28 ock/_api.py:545 Lock 132620748957088 released on /root/.cache/huggingface/lerobot/coport-uni/FR5_task3_turn_the_sliver_air_valve_90_degress_counterclockwise_100/.cache/huggingface/download/meta/episodes/chunk-000/file-006.parquet.lock
DEBUG 2026-06-30 07:09:28 ock/_api.py:501 Attempting to acquire lock 132611813500224 on /root/.cache/huggingface/lerobot/coport-uni/FR5_task3_turn_the_sliver_air_valve_90_degress_counterclockwise_100/.cache/huggingface/download/meta/episodes/chunk-000/file-007.parquet.lock
DEBUG 2026-06-30 07:09:28 ock/_api.py:504 Lock 132611813500224 acquired on /root/.cache/huggingface/lerobot/coport-uni/FR5_task3_turn_the_sliver_air_valve_90_degress_counterclockwise_100/.cache/huggingface/download/meta/episodes/chunk-000/file-007.parquet.lock
DEBUG 2026-06-30 07:09:28 ock/_api.py:541 Attempting to release lock 132611813500224 on /root/.cache/huggingface/lerobot/coport-uni/FR5_task3_turn_the_sliver_air_valve_90_degress_counterclockwise_100/.cache/huggingface/download/meta/episodes/chunk-000/file-007.parquet.lock
DEBUG 2026-06-30 07:09:28 ock/_api.py:545 Lock 132611813500224 released on /root/.cache/huggingface/lerobot/coport-uni/FR5_task3_turn_the_sliver_air_valve_90_degress_counterclockwise_100/.cache/huggingface/download/meta/episodes/chunk-000/file-007.parquet.lock
DEBUG 2026-06-30 07:09:28 ock/_api.py:501 Attempting to acquire lock 132620758734256 on /root/.cache/huggingface/lerobot/coport-uni/FR5_task3_turn_the_sliver_air_valve_90_degress_counterclockwise_100/.cache/huggingface/download/meta/episodes/chunk-000/file-008.parquet.lock
DEBUG 2026-06-30 07:09:28 ock/_api.py:504 Lock 132620758734256 acquired on /root/.cache/huggingface/lerobot/coport-uni/FR5_task3_turn_the_sliver_air_valve_90_degress_counterclockwise_100/.cache/huggingface/download/meta/episodes/chunk-000/file-008.parquet.lock
DEBUG 2026-06-30 07:09:28 ock/_api.py:541 Attempting to release lock 132620758734256 on /root/.cache/huggingface/lerobot/coport-uni/FR5_task3_turn_the_sliver_air_valve_90_degress_counterclockwise_100/.cache/huggingface/download/meta/episodes/chunk-000/file-008.parquet.lock
DEBUG 2026-06-30 07:09:28 ock/_api.py:545 Lock 132620758734256 released on /root/.cache/huggingface/lerobot/coport-uni/FR5_task3_turn_the_sliver_air_valve_90_degress_counterclockwise_100/.cache/huggingface/download/meta/episodes/chunk-000/file-008.parquet.lock
DEBUG 2026-06-30 07:09:28 ock/_api.py:501 Attempting to acquire lock 132611813491776 on /root/.cache/huggingface/lerobot/coport-uni/FR5_task3_turn_the_sliver_air_valve_90_degress_counterclockwise_100/.cache/huggingface/download/meta/episodes/chunk-000/file-009.parquet.lock
DEBUG 2026-06-30 07:09:28 ock/_api.py:504 Lock 132611813491776 acquired on /root/.cache/huggingface/lerobot/coport-uni/FR5_task3_turn_the_sliver_air_valve_90_degress_counterclockwise_100/.cache/huggingface/download/meta/episodes/chunk-000/file-009.parquet.lock
DEBUG 2026-06-30 07:09:28 ock/_api.py:541 Attempting to release lock 132611813491776 on /root/.cache/huggingface/lerobot/coport-uni/FR5_task3_turn_the_sliver_air_valve_90_degress_counterclockwise_100/.cache/huggingface/download/meta/episodes/chunk-000/file-009.parquet.lock
DEBUG 2026-06-30 07:09:28 ock/_api.py:545 Lock 132611813491776 released on /root/.cache/huggingface/lerobot/coport-uni/FR5_task3_turn_the_sliver_air_valve_90_degress_counterclockwise_100/.cache/huggingface/download/meta/episodes/chunk-000/file-009.parquet.lock
DEBUG 2026-06-30 07:09:28 ock/_api.py:501 Attempting to acquire lock 132620748955168 on /root/.cache/huggingface/lerobot/coport-uni/FR5_task3_turn_the_sliver_air_valve_90_degress_counterclockwise_100/.cache/huggingface/download/meta/info.json.lock
DEBUG 2026-06-30 07:09:28 ock/_api.py:504 Lock 132620748955168 acquired on /root/.cache/huggingface/lerobot/coport-uni/FR5_task3_turn_the_sliver_air_valve_90_degress_counterclockwise_100/.cache/huggingface/download/meta/info.json.lock
DEBUG 2026-06-30 07:09:28 ock/_api.py:541 Attempting to release lock 132620748955168 on /root/.cache/huggingface/lerobot/coport-uni/FR5_task3_turn_the_sliver_air_valve_90_degress_counterclockwise_100/.cache/huggingface/download/meta/info.json.lock
DEBUG 2026-06-30 07:09:28 ock/_api.py:545 Lock 132620748955168 released on /root/.cache/huggingface/lerobot/coport-uni/FR5_task3_turn_the_sliver_air_valve_90_degress_counterclockwise_100/.cache/huggingface/download/meta/info.json.lock
DEBUG 2026-06-30 07:09:28 ock/_api.py:501 Attempting to acquire lock 132620758074144 on /root/.cache/huggingface/lerobot/coport-uni/FR5_task3_turn_the_sliver_air_valve_90_degress_counterclockwise_100/.cache/huggingface/download/meta/stats.json.lock
DEBUG 2026-06-30 07:09:28 ock/_api.py:504 Lock 132620758074144 acquired on /root/.cache/huggingface/lerobot/coport-uni/FR5_task3_turn_the_sliver_air_valve_90_degress_counterclockwise_100/.cache/huggingface/download/meta/stats.json.lock
DEBUG 2026-06-30 07:09:28 ock/_api.py:541 Attempting to release lock 132620758074144 on /root/.cache/huggingface/lerobot/coport-uni/FR5_task3_turn_the_sliver_air_valve_90_degress_counterclockwise_100/.cache/huggingface/download/meta/stats.json.lock
DEBUG 2026-06-30 07:09:28 ock/_api.py:545 Lock 132620758074144 released on /root/.cache/huggingface/lerobot/coport-uni/FR5_task3_turn_the_sliver_air_valve_90_degress_counterclockwise_100/.cache/huggingface/download/meta/stats.json.lock
DEBUG 2026-06-30 07:09:28 ock/_api.py:501 Attempting to acquire lock 132620748955168 on /root/.cache/huggingface/lerobot/coport-uni/FR5_task3_turn_the_sliver_air_valve_90_degress_counterclockwise_100/.cache/huggingface/download/meta/tasks.parquet.lock
DEBUG 2026-06-30 07:09:28 ock/_api.py:504 Lock 132620748955168 acquired on /root/.cache/huggingface/lerobot/coport-uni/FR5_task3_turn_the_sliver_air_valve_90_degress_counterclockwise_100/.cache/huggingface/download/meta/tasks.parquet.lock
DEBUG 2026-06-30 07:09:28 ock/_api.py:541 Attempting to release lock 132620748955168 on /root/.cache/huggingface/lerobot/coport-uni/FR5_task3_turn_the_sliver_air_valve_90_degress_counterclockwise_100/.cache/huggingface/download/meta/tasks.parquet.lock
DEBUG 2026-06-30 07:09:28 ock/_api.py:545 Lock 132620748955168 released on /root/.cache/huggingface/lerobot/coport-uni/FR5_task3_turn_the_sliver_air_valve_90_degress_counterclockwise_100/.cache/huggingface/download/meta/tasks.parquet.lock
DEBUG 2026-06-30 07:09:28 ock/_api.py:501 Attempting to acquire lock 132620748957088 on /root/.cache/huggingface/lerobot/coport-uni/FR5_task3_turn_the_sliver_air_valve_90_degress_counterclockwise_100/.cache/huggingface/download/videos/observation.images.hand/chunk-000/file-000.mp4.lock
DEBUG 2026-06-30 07:09:28 ock/_api.py:504 Lock 132620748957088 acquired on /root/.cache/huggingface/lerobot/coport-uni/FR5_task3_turn_the_sliver_air_valve_90_degress_counterclockwise_100/.cache/huggingface/download/videos/observation.images.hand/chunk-000/file-000.mp4.lock
DEBUG 2026-06-30 07:09:28 ock/_api.py:541 Attempting to release lock 132620748957088 on /root/.cache/huggingface/lerobot/coport-uni/FR5_task3_turn_the_sliver_air_valve_90_degress_counterclockwise_100/.cache/huggingface/download/videos/observation.images.hand/chunk-000/file-000.mp4.lock
DEBUG 2026-06-30 07:09:28 ock/_api.py:545 Lock 132620748957088 released on /root/.cache/huggingface/lerobot/coport-uni/FR5_task3_turn_the_sliver_air_valve_90_degress_counterclockwise_100/.cache/huggingface/download/videos/observation.images.hand/chunk-000/file-000.mp4.lock
DEBUG 2026-06-30 07:09:28 re/_trace.py:47 send_request_headers.started request=<Request [b'HEAD']>
DEBUG 2026-06-30 07:09:28 re/_trace.py:47 send_request_headers.complete
DEBUG 2026-06-30 07:09:28 re/_trace.py:47 send_request_body.started request=<Request [b'HEAD']>
DEBUG 2026-06-30 07:09:28 re/_trace.py:47 send_request_body.complete
DEBUG 2026-06-30 07:09:28 re/_trace.py:47 receive_response_headers.started request=<Request [b'HEAD']>
DEBUG 2026-06-30 07:09:28 ock/_api.py:541 Attempting to release lock 132611815128912 on /root/.cache/huggingface/lerobot/coport-uni/FR5_task3_turn_the_sliver_air_valve_90_degress_counterclockwise_100/.cache/huggingface/download/data/chunk-000/file-002.parquet.lock
DEBUG 2026-06-30 07:09:28 ock/_api.py:545 Lock 132611815128912 released on /root/.cache/huggingface/lerobot/coport-uni/FR5_task3_turn_the_sliver_air_valve_90_degress_counterclockwise_100/.cache/huggingface/download/data/chunk-000/file-002.parquet.lock
DEBUG 2026-06-30 07:09:28 ock/_api.py:501 Attempting to acquire lock 132620748959968 on /root/.cache/huggingface/lerobot/coport-uni/FR5_task3_turn_the_sliver_air_valve_90_degress_counterclockwise_100/.cache/huggingface/download/data/chunk-000/file-002.parquet.lock
DEBUG 2026-06-30 07:09:28 ock/_api.py:504 Lock 132620748959968 acquired on /root/.cache/huggingface/lerobot/coport-uni/FR5_task3_turn_the_sliver_air_valve_90_degress_counterclockwise_100/.cache/huggingface/download/data/chunk-000/file-002.parquet.lock
DEBUG 2026-06-30 07:09:28 ock/_api.py:541 Attempting to release lock 132620748959968 on /root/.cache/huggingface/lerobot/coport-uni/FR5_task3_turn_the_sliver_air_valve_90_degress_counterclockwise_100/.cache/huggingface/download/data/chunk-000/file-002.parquet.lock
DEBUG 2026-06-30 07:09:28 ock/_api.py:545 Lock 132620748959968 released on /root/.cache/huggingface/lerobot/coport-uni/FR5_task3_turn_the_sliver_air_valve_90_degress_counterclockwise_100/.cache/huggingface/download/data/chunk-000/file-002.parquet.lock
DEBUG 2026-06-30 07:09:28 ock/_api.py:501 Attempting to acquire lock 132611813474432 on /root/.cache/huggingface/lerobot/coport-uni/FR5_task3_turn_the_sliver_air_valve_90_degress_counterclockwise_100/.cache/huggingface/download/videos/observation.images.hand/chunk-000/file-001.mp4.lock
DEBUG 2026-06-30 07:09:28 ock/_api.py:504 Lock 132611813474432 acquired on /root/.cache/huggingface/lerobot/coport-uni/FR5_task3_turn_the_sliver_air_valve_90_degress_counterclockwise_100/.cache/huggingface/download/videos/observation.images.hand/chunk-000/file-001.mp4.lock
DEBUG 2026-06-30 07:09:28 ock/_api.py:541 Attempting to release lock 132611813474432 on /root/.cache/huggingface/lerobot/coport-uni/FR5_task3_turn_the_sliver_air_valve_90_degress_counterclockwise_100/.cache/huggingface/download/videos/observation.images.hand/chunk-000/file-001.mp4.lock
DEBUG 2026-06-30 07:09:28 ock/_api.py:545 Lock 132611813474432 released on /root/.cache/huggingface/lerobot/coport-uni/FR5_task3_turn_the_sliver_air_valve_90_degress_counterclockwise_100/.cache/huggingface/download/videos/observation.images.hand/chunk-000/file-001.mp4.lock
DEBUG 2026-06-30 07:09:28 re/_trace.py:47 send_request_headers.started request=<Request [b'HEAD']>
DEBUG 2026-06-30 07:09:28 re/_trace.py:47 send_request_headers.complete
DEBUG 2026-06-30 07:09:28 re/_trace.py:47 send_request_body.started request=<Request [b'HEAD']>
DEBUG 2026-06-30 07:09:28 re/_trace.py:47 send_request_body.complete
DEBUG 2026-06-30 07:09:28 re/_trace.py:47 receive_response_headers.started request=<Request [b'HEAD']>
DEBUG 2026-06-30 07:09:28 ock/_api.py:541 Attempting to release lock 132620748957616 on /root/.cache/huggingface/lerobot/coport-uni/FR5_task3_turn_the_sliver_air_valve_90_degress_counterclockwise_100/.cache/huggingface/download/data/chunk-000/file-001.parquet.lock
DEBUG 2026-06-30 07:09:28 ock/_api.py:545 Lock 132620748957616 released on /root/.cache/huggingface/lerobot/coport-uni/FR5_task3_turn_the_sliver_air_valve_90_degress_counterclockwise_100/.cache/huggingface/download/data/chunk-000/file-001.parquet.lock
DEBUG 2026-06-30 07:09:28 ock/_api.py:501 Attempting to acquire lock 132611815128960 on /root/.cache/huggingface/lerobot/coport-uni/FR5_task3_turn_the_sliver_air_valve_90_degress_counterclockwise_100/.cache/huggingface/download/data/chunk-000/file-001.parquet.lock
DEBUG 2026-06-30 07:09:28 ock/_api.py:504 Lock 132611815128960 acquired on /root/.cache/huggingface/lerobot/coport-uni/FR5_task3_turn_the_sliver_air_valve_90_degress_counterclockwise_100/.cache/huggingface/download/data/chunk-000/file-001.parquet.lock
DEBUG 2026-06-30 07:09:28 ock/_api.py:541 Attempting to release lock 132611815128960 on /root/.cache/huggingface/lerobot/coport-uni/FR5_task3_turn_the_sliver_air_valve_90_degress_counterclockwise_100/.cache/huggingface/download/data/chunk-000/file-001.parquet.lock
DEBUG 2026-06-30 07:09:28 ock/_api.py:545 Lock 132611815128960 released on /root/.cache/huggingface/lerobot/coport-uni/FR5_task3_turn_the_sliver_air_valve_90_degress_counterclockwise_100/.cache/huggingface/download/data/chunk-000/file-001.parquet.lock
DEBUG 2026-06-30 07:09:28 ock/_api.py:501 Attempting to acquire lock 132620748617008 on /root/.cache/huggingface/lerobot/coport-uni/FR5_task3_turn_the_sliver_air_valve_90_degress_counterclockwise_100/.cache/huggingface/download/videos/observation.images.hand/chunk-000/file-002.mp4.lock
DEBUG 2026-06-30 07:09:28 ock/_api.py:504 Lock 132620748617008 acquired on /root/.cache/huggingface/lerobot/coport-uni/FR5_task3_turn_the_sliver_air_valve_90_degress_counterclockwise_100/.cache/huggingface/download/videos/observation.images.hand/chunk-000/file-002.mp4.lock
DEBUG 2026-06-30 07:09:28 ock/_api.py:541 Attempting to release lock 132620748617008 on /root/.cache/huggingface/lerobot/coport-uni/FR5_task3_turn_the_sliver_air_valve_90_degress_counterclockwise_100/.cache/huggingface/download/videos/observation.images.hand/chunk-000/file-002.mp4.lock
DEBUG 2026-06-30 07:09:28 ock/_api.py:545 Lock 132620748617008 released on /root/.cache/huggingface/lerobot/coport-uni/FR5_task3_turn_the_sliver_air_valve_90_degress_counterclockwise_100/.cache/huggingface/download/videos/observation.images.hand/chunk-000/file-002.mp4.lock
DEBUG 2026-06-30 07:09:28 re/_trace.py:47 send_request_headers.started request=<Request [b'HEAD']>
DEBUG 2026-06-30 07:09:28 re/_trace.py:47 send_request_headers.complete
DEBUG 2026-06-30 07:09:28 re/_trace.py:47 send_request_body.started request=<Request [b'HEAD']>
DEBUG 2026-06-30 07:09:28 re/_trace.py:47 send_request_body.complete
DEBUG 2026-06-30 07:09:28 re/_trace.py:47 receive_response_headers.started request=<Request [b'HEAD']>
DEBUG 2026-06-30 07:09:28 ock/_api.py:541 Attempting to release lock 132620748948256 on /root/.cache/huggingface/lerobot/coport-uni/FR5_task3_turn_the_sliver_air_valve_90_degress_counterclockwise_100/.cache/huggingface/download/data/chunk-000/file-003.parquet.lock
DEBUG 2026-06-30 07:09:28 ock/_api.py:545 Lock 132620748948256 released on /root/.cache/huggingface/lerobot/coport-uni/FR5_task3_turn_the_sliver_air_valve_90_degress_counterclockwise_100/.cache/huggingface/download/data/chunk-000/file-003.parquet.lock
DEBUG 2026-06-30 07:09:28 ock/_api.py:501 Attempting to acquire lock 132620748948880 on /root/.cache/huggingface/lerobot/coport-uni/FR5_task3_turn_the_sliver_air_valve_90_degress_counterclockwise_100/.cache/huggingface/download/data/chunk-000/file-003.parquet.lock
DEBUG 2026-06-30 07:09:28 ock/_api.py:504 Lock 132620748948880 acquired on /root/.cache/huggingface/lerobot/coport-uni/FR5_task3_turn_the_sliver_air_valve_90_degress_counterclockwise_100/.cache/huggingface/download/data/chunk-000/file-003.parquet.lock
DEBUG 2026-06-30 07:09:28 ock/_api.py:541 Attempting to release lock 132620748948880 on /root/.cache/huggingface/lerobot/coport-uni/FR5_task3_turn_the_sliver_air_valve_90_degress_counterclockwise_100/.cache/huggingface/download/data/chunk-000/file-003.parquet.lock
DEBUG 2026-06-30 07:09:28 ock/_api.py:545 Lock 132620748948880 released on /root/.cache/huggingface/lerobot/coport-uni/FR5_task3_turn_the_sliver_air_valve_90_degress_counterclockwise_100/.cache/huggingface/download/data/chunk-000/file-003.parquet.lock
DEBUG 2026-06-30 07:09:28 ock/_api.py:501 Attempting to acquire lock 132611813478176 on /root/.cache/huggingface/lerobot/coport-uni/FR5_task3_turn_the_sliver_air_valve_90_degress_counterclockwise_100/.cache/huggingface/download/videos/observation.images.hand/chunk-000/file-003.mp4.lock
DEBUG 2026-06-30 07:09:28 ock/_api.py:504 Lock 132611813478176 acquired on /root/.cache/huggingface/lerobot/coport-uni/FR5_task3_turn_the_sliver_air_valve_90_degress_counterclockwise_100/.cache/huggingface/download/videos/observation.images.hand/chunk-000/file-003.mp4.lock
DEBUG 2026-06-30 07:09:28 ock/_api.py:541 Attempting to release lock 132611813478176 on /root/.cache/huggingface/lerobot/coport-uni/FR5_task3_turn_the_sliver_air_valve_90_degress_counterclockwise_100/.cache/huggingface/download/videos/observation.images.hand/chunk-000/file-003.mp4.lock
DEBUG 2026-06-30 07:09:28 ock/_api.py:545 Lock 132611813478176 released on /root/.cache/huggingface/lerobot/coport-uni/FR5_task3_turn_the_sliver_air_valve_90_degress_counterclockwise_100/.cache/huggingface/download/videos/observation.images.hand/chunk-000/file-003.mp4.lock
DEBUG 2026-06-30 07:09:28 re/_trace.py:47 send_request_headers.started request=<Request [b'HEAD']>
DEBUG 2026-06-30 07:09:28 re/_trace.py:47 send_request_headers.complete
DEBUG 2026-06-30 07:09:28 re/_trace.py:47 send_request_body.started request=<Request [b'HEAD']>
DEBUG 2026-06-30 07:09:28 re/_trace.py:47 send_request_body.complete
DEBUG 2026-06-30 07:09:28 re/_trace.py:47 receive_response_headers.started request=<Request [b'HEAD']>
DEBUG 2026-06-30 07:09:28 re/_trace.py:47 receive_response_headers.complete return_value=(b'HTTP/1.1', 302, b'Found', [(b'Content-Type', b'text/plain; charset=utf-8'), (b'Content-Length', b'1030'), (b'Connection', b'keep-alive'), (b'Date', b'Tue, 30 Jun 2026 07:09:28 GMT'), (b'Location', b'https://cas-bridge.xethub.hf.co/xet-bridge-us/6a4276dae074855e8c8cddb1/17a6c56dfa4447f2920d504c6d9dc8b8fcddf6d5f8c3f7c44d6551d2ddd21cd5?Expires=1782806968&Policy=eyJTdGF0ZW1lbnQiOlt7IlJlc291cmNlIjoiaHR0cHM6Ly9jYXMtYnJpZGdlLnhldGh1Yi5oZi5jby94ZXQtYnJpZGdlLXVzLzZhNDI3NmRhZTA3NDg1NWU4YzhjZGRiMS8xN2E2YzU2ZGZhNDQ0N2YyOTIwZDUwNGM2ZDlkYzhiOGZjZGRmNmQ1ZjhjM2Y3YzQ0ZDY1NTFkMmRkZDIxY2Q1KiIsIkNvbmRpdGlvbiI6eyJEYXRlTGVzc1RoYW4iOnsiQVdTOkVwb2NoVGltZSI6MTc4MjgwNjk2OH19fV19&Signature=MEQCIC9wwNAxP1gxL2V8dOfU3uVzzpwCl9EdgN9TTuk4gUp2AiATkvfVPB%7Eh7la-7xc%7E5ugWoaMwNh5IGlVT7W0mZMBePg__&Key-Pair-Id=K1LYXO563TGWFU&X-Xet-Cas-Uid=6968a8befacf9a9b049da27a&response-content-disposition=inline%3B+filename*%3DUTF-8%27%27file-008.parquet%3B+filename%3D%22file-008.parquet%22%3B&X-Amz-Algorithm=AWS4-HMAC-SHA256&X-Amz-Credential=cas%2F20260630%2Fus-east-1%2Fs3%2Faws4_request&X-Amz-Date=20260630T070928Z&X-Amz-Expires=3600&X-Amz-SignedHeaders=host&X-Amz-Signature=5166685521ed3adee95ea7bfec8c3b799c1a71ff2e0914c40241ba63b6d80765'), (b'X-Powered-By', b'huggingface-moon'), (b'X-Request-Id', b'Root=1-6a436ba8-02117b6425aa7f20622579fa;15fa2f35-d674-4785-bfa1-c5db559b4d50'), (b'RateLimit', b'"resolvers";r=4966;t=254'), (b'RateLimit-Policy', b'"fixed window";"resolvers";q=5000;w=300'), (b'cross-origin-opener-policy', b'same-origin'), (b'Referrer-Policy', b'strict-origin-when-cross-origin'), (b'Access-Control-Max-Age', b'86400'), (b'Access-Control-Allow-Origin', b'https://huggingface.co'), (b'Vary', b'Origin, Accept'), (b'Access-Control-Expose-Headers', b'X-Repo-Commit,X-Request-Id,X-Error-Code,X-Error-Message,X-Total-Count,ETag,Link,Accept-Ranges,Content-Range,X-Linked-Size,X-Linked-ETag,X-Xet-Hash'), (b'X-Repo-Commit', b'1f7ed68357ecdbd8e31415414359f4e43a355b15'), (b'Accept-Ranges', b'bytes'), (b'X-Hub-Cache', b'MISS'), (b'X-Linked-Size', b'502603'), (b'X-Linked-ETag', b'"c60739a2517dd5c3ded23c4a98235d2280cc04c0ce8eaff223ef51b58ada3f88"'), (b'X-Xet-Hash', b'17a6c56dfa4447f2920d504c6d9dc8b8fcddf6d5f8c3f7c44d6551d2ddd21cd5'), (b'Link', b'<https://huggingface.co/api/datasets/coport-uni/FR5_task3_turn_the_sliver_air_valve_90_degress_counterclockwise_100/xet-read-token/1f7ed68357ecdbd8e31415414359f4e43a355b15>; rel="xet-auth", <https://cas-server.xethub.hf.co/v1/reconstructions/17a6c56dfa4447f2920d504c6d9dc8b8fcddf6d5f8c3f7c44d6551d2ddd21cd5>; rel="xet-reconstruction-info"'), (b'X-Cache', b'Miss from cloudfront'), (b'Via', b'1.1 de6fd68c70ca3c12cb609faad680c294.cloudfront.net (CloudFront)'), (b'X-Amz-Cf-Pop', b'ICN57-P5'), (b'X-Amz-Cf-Id', b'ilDHrykmuzaqs5U7yr5JBZZIXn8ZM1L5PP4TvWaE0ZK8e5vDm7rriw==')])
INFO 2026-06-30 07:09:28 _client.py:1025 HTTP Request: HEAD https://huggingface.co/datasets/coport-uni/FR5_task3_turn_the_sliver_air_valve_90_degress_counterclockwise_100/resolve/1f7ed68357ecdbd8e31415414359f4e43a355b15/data/chunk-000/file-008.parquet "HTTP/1.1 302 Found"
DEBUG 2026-06-30 07:09:28 re/_trace.py:47 receive_response_body.started request=<Request [b'HEAD']>
DEBUG 2026-06-30 07:09:28 re/_trace.py:47 receive_response_body.complete
DEBUG 2026-06-30 07:09:28 re/_trace.py:47 response_closed.started
DEBUG 2026-06-30 07:09:28 re/_trace.py:47 response_closed.complete
DEBUG 2026-06-30 07:09:28 ock/_api.py:501 Attempting to acquire lock 132611813496576 on /root/.cache/huggingface/lerobot/coport-uni/FR5_task3_turn_the_sliver_air_valve_90_degress_counterclockwise_100/.cache/huggingface/download/data/chunk-000/file-008.parquet.lock
DEBUG 2026-06-30 07:09:28 ock/_api.py:504 Lock 132611813496576 acquired on /root/.cache/huggingface/lerobot/coport-uni/FR5_task3_turn_the_sliver_air_valve_90_degress_counterclockwise_100/.cache/huggingface/download/data/chunk-000/file-008.parquet.lock
DEBUG 2026-06-30 07:09:28 re/_trace.py:47 receive_response_headers.complete return_value=(b'HTTP/1.1', 302, b'Found', [(b'Content-Type', b'text/plain; charset=utf-8'), (b'Content-Length', b'1028'), (b'Connection', b'keep-alive'), (b'Date', b'Tue, 30 Jun 2026 07:09:28 GMT'), (b'Location', b'https://cas-bridge.xethub.hf.co/xet-bridge-us/6a4276dae074855e8c8cddb1/5ea810b153e8f54d3ecf588f3f7da690f7f505f96e359cc1d06e8de2da05efe9?Expires=1782806968&Policy=eyJTdGF0ZW1lbnQiOlt7IlJlc291cmNlIjoiaHR0cHM6Ly9jYXMtYnJpZGdlLnhldGh1Yi5oZi5jby94ZXQtYnJpZGdlLXVzLzZhNDI3NmRhZTA3NDg1NWU4YzhjZGRiMS81ZWE4MTBiMTUzZThmNTRkM2VjZjU4OGYzZjdkYTY5MGY3ZjUwNWY5NmUzNTljYzFkMDZlOGRlMmRhMDVlZmU5KiIsIkNvbmRpdGlvbiI6eyJEYXRlTGVzc1RoYW4iOnsiQVdTOkVwb2NoVGltZSI6MTc4MjgwNjk2OH19fV19&Signature=MEQCICZCCjVfRdM95kIf-YfxZT85QH3euf-j%7EC3w2dTgk1NvAiAO8RGT2xbSCbKzK1TKozMiC9mifRFf6u0HiWr7yrJCAw__&Key-Pair-Id=K1LYXO563TGWFU&X-Xet-Cas-Uid=6968a8befacf9a9b049da27a&response-content-disposition=inline%3B+filename*%3DUTF-8%27%27file-009.parquet%3B+filename%3D%22file-009.parquet%22%3B&X-Amz-Algorithm=AWS4-HMAC-SHA256&X-Amz-Credential=cas%2F20260630%2Fus-east-1%2Fs3%2Faws4_request&X-Amz-Date=20260630T070928Z&X-Amz-Expires=3600&X-Amz-SignedHeaders=host&X-Amz-Signature=3650cffdbae676d32e3f2a61396471e849dc38720d0cd6af235ecd3f460606b5'), (b'X-Powered-By', b'huggingface-moon'), (b'X-Request-Id', b'Root=1-6a436ba8-68d93931621bbd78487009c0;4b9e719b-6bc7-4223-9432-5371ded6bb2e'), (b'RateLimit', b'"resolvers";r=4965;t=254'), (b'RateLimit-Policy', b'"fixed window";"resolvers";q=5000;w=300'), (b'cross-origin-opener-policy', b'same-origin'), (b'Referrer-Policy', b'strict-origin-when-cross-origin'), (b'Access-Control-Max-Age', b'86400'), (b'Access-Control-Allow-Origin', b'https://huggingface.co'), (b'Vary', b'Origin, Accept'), (b'Access-Control-Expose-Headers', b'X-Repo-Commit,X-Request-Id,X-Error-Code,X-Error-Message,X-Total-Count,ETag,Link,Accept-Ranges,Content-Range,X-Linked-Size,X-Linked-ETag,X-Xet-Hash'), (b'X-Repo-Commit', b'1f7ed68357ecdbd8e31415414359f4e43a355b15'), (b'Accept-Ranges', b'bytes'), (b'X-Hub-Cache', b'MISS'), (b'X-Linked-Size', b'481025'), (b'X-Linked-ETag', b'"e8ef5bc059abefac4458b84c41d52b38b06f1955473bbce12aead34b304df297"'), (b'X-Xet-Hash', b'5ea810b153e8f54d3ecf588f3f7da690f7f505f96e359cc1d06e8de2da05efe9'), (b'Link', b'<https://huggingface.co/api/datasets/coport-uni/FR5_task3_turn_the_sliver_air_valve_90_degress_counterclockwise_100/xet-read-token/1f7ed68357ecdbd8e31415414359f4e43a355b15>; rel="xet-auth", <https://cas-server.xethub.hf.co/v1/reconstructions/5ea810b153e8f54d3ecf588f3f7da690f7f505f96e359cc1d06e8de2da05efe9>; rel="xet-reconstruction-info"'), (b'X-Cache', b'Miss from cloudfront'), (b'Via', b'1.1 c84f725aa1244c57e6ad6d1072d23c54.cloudfront.net (CloudFront)'), (b'X-Amz-Cf-Pop', b'ICN57-P5'), (b'X-Amz-Cf-Id', b'jFzjZFWQ5b88jr1Tv7HXzk2GnmNsZVoRvHW0cKf74aEpmhqXqOTz2w==')])
INFO 2026-06-30 07:09:28 _client.py:1025 HTTP Request: HEAD https://huggingface.co/datasets/coport-uni/FR5_task3_turn_the_sliver_air_valve_90_degress_counterclockwise_100/resolve/1f7ed68357ecdbd8e31415414359f4e43a355b15/data/chunk-000/file-009.parquet "HTTP/1.1 302 Found"
DEBUG 2026-06-30 07:09:28 re/_trace.py:47 receive_response_body.started request=<Request [b'HEAD']>
DEBUG 2026-06-30 07:09:28 re/_trace.py:47 receive_response_body.complete
DEBUG 2026-06-30 07:09:28 re/_trace.py:47 response_closed.started
DEBUG 2026-06-30 07:09:28 re/_trace.py:47 response_closed.complete
DEBUG 2026-06-30 07:09:28 ock/_api.py:501 Attempting to acquire lock 132611813483552 on /root/.cache/huggingface/lerobot/coport-uni/FR5_task3_turn_the_sliver_air_valve_90_degress_counterclockwise_100/.cache/huggingface/download/data/chunk-000/file-009.parquet.lock
DEBUG 2026-06-30 07:09:28 ock/_api.py:504 Lock 132611813483552 acquired on /root/.cache/huggingface/lerobot/coport-uni/FR5_task3_turn_the_sliver_air_valve_90_degress_counterclockwise_100/.cache/huggingface/download/data/chunk-000/file-009.parquet.lock
DEBUG 2026-06-30 07:09:28 re/_trace.py:47 receive_response_headers.complete return_value=(b'HTTP/1.1', 302, b'Found', [(b'Content-Type', b'text/plain; charset=utf-8'), (b'Content-Length', b'1056'), (b'Connection', b'keep-alive'), (b'Date', b'Tue, 30 Jun 2026 07:09:28 GMT'), (b'Location', b'https://cas-bridge.xethub.hf.co/xet-bridge-us/6a4276dae074855e8c8cddb1/d71a2f7a75a15f51476ca942d982c67c8b0875517c770694a1f9239c82c6749b?Expires=1782806968&Policy=eyJTdGF0ZW1lbnQiOlt7IlJlc291cmNlIjoiaHR0cHM6Ly9jYXMtYnJpZGdlLnhldGh1Yi5oZi5jby94ZXQtYnJpZGdlLXVzLzZhNDI3NmRhZTA3NDg1NWU4YzhjZGRiMS9kNzFhMmY3YTc1YTE1ZjUxNDc2Y2E5NDJkOTgyYzY3YzhiMDg3NTUxN2M3NzA2OTRhMWY5MjM5YzgyYzY3NDliKiIsIkNvbmRpdGlvbiI6eyJEYXRlTGVzc1RoYW4iOnsiQVdTOkVwb2NoVGltZSI6MTc4MjgwNjk2OH19fV19&Signature=MEQCIBdUD%7E1I4sxL%7Eoy9IE9aOeav75SAnGyztDbckbrJJ5zGAiBVVwyFxOYaOqv-BS5Tyhk4WQKHviubccjjW9luhtkkvQ__&Key-Pair-Id=K1LYXO563TGWFU&response-content-disposition=inline%3B+filename*%3DUTF-8%27%27file-000.mp4%3B+filename%3D%22file-000.mp4%22%3B&X-Xet-Cas-Uid=6968a8befacf9a9b049da27a&response-content-type=video%2Fmp4&X-Amz-Algorithm=AWS4-HMAC-SHA256&X-Amz-Credential=cas%2F20260630%2Fus-east-1%2Fs3%2Faws4_request&X-Amz-Date=20260630T070928Z&X-Amz-Expires=3600&X-Amz-SignedHeaders=host&X-Amz-Signature=6f5835ddb215b657e3cd65582b77845640fbebb477b03c744a3c77b0eabf6029'), (b'X-Powered-By', b'huggingface-moon'), (b'X-Request-Id', b'Root=1-6a436ba8-78f053ba3206ddfe26f37000;657d220a-5a59-4375-806a-bfa6deb55940'), (b'RateLimit', b'"resolvers";r=4964;t=254'), (b'RateLimit-Policy', b'"fixed window";"resolvers";q=5000;w=300'), (b'cross-origin-opener-policy', b'same-origin'), (b'Referrer-Policy', b'strict-origin-when-cross-origin'), (b'Access-Control-Max-Age', b'86400'), (b'Access-Control-Allow-Origin', b'https://huggingface.co'), (b'Vary', b'Origin, Accept'), (b'Access-Control-Expose-Headers', b'X-Repo-Commit,X-Request-Id,X-Error-Code,X-Error-Message,X-Total-Count,ETag,Link,Accept-Ranges,Content-Range,X-Linked-Size,X-Linked-ETag,X-Xet-Hash'), (b'X-Repo-Commit', b'1f7ed68357ecdbd8e31415414359f4e43a355b15'), (b'Accept-Ranges', b'bytes'), (b'X-Hub-Cache', b'MISS'), (b'X-Linked-Size', b'79130566'), (b'X-Linked-ETag', b'"8ed5eac6400539720ac1282eb50b10a70b5d55fcd13c697cdd8b7815a53c01ea"'), (b'X-Xet-Hash', b'd71a2f7a75a15f51476ca942d982c67c8b0875517c770694a1f9239c82c6749b'), (b'Link', b'<https://huggingface.co/api/datasets/coport-uni/FR5_task3_turn_the_sliver_air_valve_90_degress_counterclockwise_100/xet-read-token/1f7ed68357ecdbd8e31415414359f4e43a355b15>; rel="xet-auth", <https://cas-server.xethub.hf.co/v1/reconstructions/d71a2f7a75a15f51476ca942d982c67c8b0875517c770694a1f9239c82c6749b>; rel="xet-reconstruction-info"'), (b'X-Cache', b'Miss from cloudfront'), (b'Via', b'1.1 801cd5a1ed5abecf586d9f00fbf82766.cloudfront.net (CloudFront)'), (b'X-Amz-Cf-Pop', b'ICN57-P5'), (b'X-Amz-Cf-Id', b'TaHHGDeUwMScxhviSMggBkjapV88NLk8q5laoR1rM539Jc1kjFXgZw==')])
INFO 2026-06-30 07:09:28 _client.py:1025 HTTP Request: HEAD https://huggingface.co/datasets/coport-uni/FR5_task3_turn_the_sliver_air_valve_90_degress_counterclockwise_100/resolve/1f7ed68357ecdbd8e31415414359f4e43a355b15/videos/observation.images.hand/chunk-000/file-000.mp4 "HTTP/1.1 302 Found"
DEBUG 2026-06-30 07:09:28 re/_trace.py:47 receive_response_body.started request=<Request [b'HEAD']>
DEBUG 2026-06-30 07:09:28 re/_trace.py:47 receive_response_body.complete
DEBUG 2026-06-30 07:09:28 re/_trace.py:47 response_closed.started
DEBUG 2026-06-30 07:09:28 re/_trace.py:47 response_closed.complete
DEBUG 2026-06-30 07:09:28 ock/_api.py:501 Attempting to acquire lock 132611813709328 on /root/.cache/huggingface/lerobot/coport-uni/FR5_task3_turn_the_sliver_air_valve_90_degress_counterclockwise_100/.cache/huggingface/download/videos/observation.images.hand/chunk-000/file-000.mp4.lock
DEBUG 2026-06-30 07:09:28 ock/_api.py:504 Lock 132611813709328 acquired on /root/.cache/huggingface/lerobot/coport-uni/FR5_task3_turn_the_sliver_air_valve_90_degress_counterclockwise_100/.cache/huggingface/download/videos/observation.images.hand/chunk-000/file-000.mp4.lock
DEBUG 2026-06-30 07:09:28 re/_trace.py:47 receive_response_headers.complete return_value=(b'HTTP/1.1', 302, b'Found', [(b'Content-Type', b'text/plain; charset=utf-8'), (b'Content-Length', b'1056'), (b'Connection', b'keep-alive'), (b'Date', b'Tue, 30 Jun 2026 07:09:28 GMT'), (b'Location', b'https://cas-bridge.xethub.hf.co/xet-bridge-us/6a4276dae074855e8c8cddb1/4430538fcd3149b900d4ee8420c8796ec411da50e7ec22d338dfefd42249d845?Expires=1782806968&Policy=eyJTdGF0ZW1lbnQiOlt7IlJlc291cmNlIjoiaHR0cHM6Ly9jYXMtYnJpZGdlLnhldGh1Yi5oZi5jby94ZXQtYnJpZGdlLXVzLzZhNDI3NmRhZTA3NDg1NWU4YzhjZGRiMS80NDMwNTM4ZmNkMzE0OWI5MDBkNGVlODQyMGM4Nzk2ZWM0MTFkYTUwZTdlYzIyZDMzOGRmZWZkNDIyNDlkODQ1KiIsIkNvbmRpdGlvbiI6eyJEYXRlTGVzc1RoYW4iOnsiQVdTOkVwb2NoVGltZSI6MTc4MjgwNjk2OH19fV19&Signature=MEUCIF425tbWHQ%7EnkbDZMOOWE4aoXTHzEel6JaDdOrdTRG6fAiEAt7DY2S3B537dlAj9x%7EAIxOOQQaYeoZ7yRQmwHmOSeqs_&Key-Pair-Id=K1LYXO563TGWFU&X-Xet-Cas-Uid=6968a8befacf9a9b049da27a&response-content-disposition=inline%3B+filename*%3DUTF-8%27%27file-001.mp4%3B+filename%3D%22file-001.mp4%22%3B&response-content-type=video%2Fmp4&X-Amz-Algorithm=AWS4-HMAC-SHA256&X-Amz-Credential=cas%2F20260630%2Fus-east-1%2Fs3%2Faws4_request&X-Amz-Date=20260630T070928Z&X-Amz-Expires=3600&X-Amz-SignedHeaders=host&X-Amz-Signature=166b6b06f51c609303ef8dc0556048f749ffc835d9d4bb68f66a8734fe4436e6'), (b'X-Powered-By', b'huggingface-moon'), (b'X-Request-Id', b'Root=1-6a436ba8-173bca1520f06b4f7cfa410b;ec6622ad-1d9e-4ca5-aba1-73f8e7b1dc21'), (b'RateLimit', b'"resolvers";r=4963;t=254'), (b'RateLimit-Policy', b'"fixed window";"resolvers";q=5000;w=300'), (b'cross-origin-opener-policy', b'same-origin'), (b'Referrer-Policy', b'strict-origin-when-cross-origin'), (b'Access-Control-Max-Age', b'86400'), (b'Access-Control-Allow-Origin', b'https://huggingface.co'), (b'Vary', b'Origin, Accept'), (b'Access-Control-Expose-Headers', b'X-Repo-Commit,X-Request-Id,X-Error-Code,X-Error-Message,X-Total-Count,ETag,Link,Accept-Ranges,Content-Range,X-Linked-Size,X-Linked-ETag,X-Xet-Hash'), (b'X-Repo-Commit', b'1f7ed68357ecdbd8e31415414359f4e43a355b15'), (b'Accept-Ranges', b'bytes'), (b'X-Hub-Cache', b'MISS'), (b'X-Linked-Size', b'67662613'), (b'X-Linked-ETag', b'"1758b7d1076b4575f9f99f4c34b6d5253f72d49b56a13674fb8c882a1dda8c04"'), (b'X-Xet-Hash', b'4430538fcd3149b900d4ee8420c8796ec411da50e7ec22d338dfefd42249d845'), (b'Link', b'<https://huggingface.co/api/datasets/coport-uni/FR5_task3_turn_the_sliver_air_valve_90_degress_counterclockwise_100/xet-read-token/1f7ed68357ecdbd8e31415414359f4e43a355b15>; rel="xet-auth", <https://cas-server.xethub.hf.co/v1/reconstructions/4430538fcd3149b900d4ee8420c8796ec411da50e7ec22d338dfefd42249d845>; rel="xet-reconstruction-info"'), (b'X-Cache', b'Miss from cloudfront'), (b'Via', b'1.1 81b42f343b25b1a9020e798df069ea90.cloudfront.net (CloudFront)'), (b'X-Amz-Cf-Pop', b'ICN57-P5'), (b'X-Amz-Cf-Id', b'mpix2hnHjt5SmdoWn3Wtu5P6bTYXp6Y11dmyZeEoF5ceOE3Uy-jgpw==')])
INFO 2026-06-30 07:09:28 _client.py:1025 HTTP Request: HEAD https://huggingface.co/datasets/coport-uni/FR5_task3_turn_the_sliver_air_valve_90_degress_counterclockwise_100/resolve/1f7ed68357ecdbd8e31415414359f4e43a355b15/videos/observation.images.hand/chunk-000/file-001.mp4 "HTTP/1.1 302 Found"
DEBUG 2026-06-30 07:09:28 re/_trace.py:47 receive_response_body.started request=<Request [b'HEAD']>
DEBUG 2026-06-30 07:09:28 re/_trace.py:47 receive_response_body.complete
DEBUG 2026-06-30 07:09:28 re/_trace.py:47 response_closed.started
DEBUG 2026-06-30 07:09:28 re/_trace.py:47 response_closed.complete
DEBUG 2026-06-30 07:09:28 ock/_api.py:501 Attempting to acquire lock 132620748948160 on /root/.cache/huggingface/lerobot/coport-uni/FR5_task3_turn_the_sliver_air_valve_90_degress_counterclockwise_100/.cache/huggingface/download/videos/observation.images.hand/chunk-000/file-001.mp4.lock
DEBUG 2026-06-30 07:09:28 ock/_api.py:504 Lock 132620748948160 acquired on /root/.cache/huggingface/lerobot/coport-uni/FR5_task3_turn_the_sliver_air_valve_90_degress_counterclockwise_100/.cache/huggingface/download/videos/observation.images.hand/chunk-000/file-001.mp4.lock
DEBUG 2026-06-30 07:09:28 re/_trace.py:47 receive_response_headers.complete return_value=(b'HTTP/1.1', 302, b'Found', [(b'Content-Type', b'text/plain; charset=utf-8'), (b'Content-Length', b'1056'), (b'Connection', b'keep-alive'), (b'Date', b'Tue, 30 Jun 2026 07:09:28 GMT'), (b'Location', b'https://cas-bridge.xethub.hf.co/xet-bridge-us/6a4276dae074855e8c8cddb1/b00d9892d283ffab5e7fe64ae9ce47d9e2695f2abc72845aef04497be7c80f24?Expires=1782806968&Policy=eyJTdGF0ZW1lbnQiOlt7IlJlc291cmNlIjoiaHR0cHM6Ly9jYXMtYnJpZGdlLnhldGh1Yi5oZi5jby94ZXQtYnJpZGdlLXVzLzZhNDI3NmRhZTA3NDg1NWU4YzhjZGRiMS9iMDBkOTg5MmQyODNmZmFiNWU3ZmU2NGFlOWNlNDdkOWUyNjk1ZjJhYmM3Mjg0NWFlZjA0NDk3YmU3YzgwZjI0KiIsIkNvbmRpdGlvbiI6eyJEYXRlTGVzc1RoYW4iOnsiQVdTOkVwb2NoVGltZSI6MTc4MjgwNjk2OH19fV19&Signature=MEYCIQCRg9qP4dzheMaqsF4sWg6ByhLLWuKlmInb2clIbU1LhgIhAOc89pVLJ%7Eh6hL6Kp5RYK8cT6hfh%7EnEc-i8tJCAgFZEP&Key-Pair-Id=K1LYXO563TGWFU&response-content-disposition=inline%3B+filename*%3DUTF-8%27%27file-002.mp4%3B+filename%3D%22file-002.mp4%22%3B&response-content-type=video%2Fmp4&X-Xet-Cas-Uid=6968a8befacf9a9b049da27a&X-Amz-Algorithm=AWS4-HMAC-SHA256&X-Amz-Credential=cas%2F20260630%2Fus-east-1%2Fs3%2Faws4_request&X-Amz-Date=20260630T070928Z&X-Amz-Expires=3600&X-Amz-SignedHeaders=host&X-Amz-Signature=08330e7f7f2d8989156b2d459207455b6af719163f928bc2a0c805b389a13afd'), (b'X-Powered-By', b'huggingface-moon'), (b'X-Request-Id', b'Root=1-6a436ba8-615c57b56d01bde05e0d8cb9;461c37ae-8e65-4f70-a763-2ad69e81fa54'), (b'RateLimit', b'"resolvers";r=4962;t=254'), (b'RateLimit-Policy', b'"fixed window";"resolvers";q=5000;w=300'), (b'cross-origin-opener-policy', b'same-origin'), (b'Referrer-Policy', b'strict-origin-when-cross-origin'), (b'Access-Control-Max-Age', b'86400'), (b'Access-Control-Allow-Origin', b'https://huggingface.co'), (b'Vary', b'Origin, Accept'), (b'Access-Control-Expose-Headers', b'X-Repo-Commit,X-Request-Id,X-Error-Code,X-Error-Message,X-Total-Count,ETag,Link,Accept-Ranges,Content-Range,X-Linked-Size,X-Linked-ETag,X-Xet-Hash'), (b'X-Repo-Commit', b'1f7ed68357ecdbd8e31415414359f4e43a355b15'), (b'Accept-Ranges', b'bytes'), (b'X-Hub-Cache', b'MISS'), (b'X-Linked-Size', b'75850701'), (b'X-Linked-ETag', b'"340ff52f75ad3818420ddd5288f6c83c45c5540ce7e4d710e1b4856e545d995b"'), (b'X-Xet-Hash', b'b00d9892d283ffab5e7fe64ae9ce47d9e2695f2abc72845aef04497be7c80f24'), (b'Link', b'<https://huggingface.co/api/datasets/coport-uni/FR5_task3_turn_the_sliver_air_valve_90_degress_counterclockwise_100/xet-read-token/1f7ed68357ecdbd8e31415414359f4e43a355b15>; rel="xet-auth", <https://cas-server.xethub.hf.co/v1/reconstructions/b00d9892d283ffab5e7fe64ae9ce47d9e2695f2abc72845aef04497be7c80f24>; rel="xet-reconstruction-info"'), (b'X-Cache', b'Miss from cloudfront'), (b'Via', b'1.1 79bf4a07aaeb21e827979e065b1a3d7e.cloudfront.net (CloudFront)'), (b'X-Amz-Cf-Pop', b'ICN57-P5'), (b'X-Amz-Cf-Id', b'0vsm7kIW-jlr0x8zLigWZt6tvWjwJ9Rb9KFR3tKNUnl2GczXuMNeOA==')])
INFO 2026-06-30 07:09:28 _client.py:1025 HTTP Request: HEAD https://huggingface.co/datasets/coport-uni/FR5_task3_turn_the_sliver_air_valve_90_degress_counterclockwise_100/resolve/1f7ed68357ecdbd8e31415414359f4e43a355b15/videos/observation.images.hand/chunk-000/file-002.mp4 "HTTP/1.1 302 Found"
DEBUG 2026-06-30 07:09:28 re/_trace.py:47 receive_response_body.started request=<Request [b'HEAD']>
DEBUG 2026-06-30 07:09:28 re/_trace.py:47 receive_response_body.complete
DEBUG 2026-06-30 07:09:28 re/_trace.py:47 response_closed.started
DEBUG 2026-06-30 07:09:28 re/_trace.py:47 response_closed.complete
DEBUG 2026-06-30 07:09:28 ock/_api.py:501 Attempting to acquire lock 132611815124448 on /root/.cache/huggingface/lerobot/coport-uni/FR5_task3_turn_the_sliver_air_valve_90_degress_counterclockwise_100/.cache/huggingface/download/videos/observation.images.hand/chunk-000/file-002.mp4.lock
DEBUG 2026-06-30 07:09:28 ock/_api.py:504 Lock 132611815124448 acquired on /root/.cache/huggingface/lerobot/coport-uni/FR5_task3_turn_the_sliver_air_valve_90_degress_counterclockwise_100/.cache/huggingface/download/videos/observation.images.hand/chunk-000/file-002.mp4.lock
DEBUG 2026-06-30 07:09:28 re/_trace.py:47 receive_response_headers.complete return_value=(b'HTTP/1.1', 302, b'Found', [(b'Content-Type', b'text/plain; charset=utf-8'), (b'Content-Length', b'1050'), (b'Connection', b'keep-alive'), (b'Date', b'Tue, 30 Jun 2026 07:09:28 GMT'), (b'Location', b'https://cas-bridge.xethub.hf.co/xet-bridge-us/6a4276dae074855e8c8cddb1/570ebc6079539fb7ffaf3ea43df63a64b0a58a72f4a1c1ac5badffac5e928da9?Expires=1782806968&Policy=eyJTdGF0ZW1lbnQiOlt7IlJlc291cmNlIjoiaHR0cHM6Ly9jYXMtYnJpZGdlLnhldGh1Yi5oZi5jby94ZXQtYnJpZGdlLXVzLzZhNDI3NmRhZTA3NDg1NWU4YzhjZGRiMS81NzBlYmM2MDc5NTM5ZmI3ZmZhZjNlYTQzZGY2M2E2NGIwYTU4YTcyZjRhMWMxYWM1YmFkZmZhYzVlOTI4ZGE5KiIsIkNvbmRpdGlvbiI6eyJEYXRlTGVzc1RoYW4iOnsiQVdTOkVwb2NoVGltZSI6MTc4MjgwNjk2OH19fV19&Signature=MEMCHz3Jwb03lKvFjHq1Zi0sfkGoscUlIoRUo2T3qS8WrbUCIGi6hAoKIW9IQ1eWSgUHhTAvOom%7EJ7keO9a5-k8DBzyE&Key-Pair-Id=K1LYXO563TGWFU&X-Xet-Cas-Uid=6968a8befacf9a9b049da27a&response-content-type=video%2Fmp4&response-content-disposition=inline%3B+filename*%3DUTF-8%27%27file-003.mp4%3B+filename%3D%22file-003.mp4%22%3B&X-Amz-Algorithm=AWS4-HMAC-SHA256&X-Amz-Credential=cas%2F20260630%2Fus-east-1%2Fs3%2Faws4_request&X-Amz-Date=20260630T070928Z&X-Amz-Expires=3600&X-Amz-SignedHeaders=host&X-Amz-Signature=c2414c7680ff1e654dcf3a82f58bf1f01c95a1f9a4665cfa2cbe3642d564cf44'), (b'X-Powered-By', b'huggingface-moon'), (b'X-Request-Id', b'Root=1-6a436ba8-342ae923034599866d87737d;2f070875-df69-466a-b7ea-0d88806e61d5'), (b'RateLimit', b'"resolvers";r=4961;t=254'), (b'RateLimit-Policy', b'"fixed window";"resolvers";q=5000;w=300'), (b'cross-origin-opener-policy', b'same-origin'), (b'Referrer-Policy', b'strict-origin-when-cross-origin'), (b'Access-Control-Max-Age', b'86400'), (b'Access-Control-Allow-Origin', b'https://huggingface.co'), (b'Vary', b'Origin, Accept'), (b'Access-Control-Expose-Headers', b'X-Repo-Commit,X-Request-Id,X-Error-Code,X-Error-Message,X-Total-Count,ETag,Link,Accept-Ranges,Content-Range,X-Linked-Size,X-Linked-ETag,X-Xet-Hash'), (b'X-Repo-Commit', b'1f7ed68357ecdbd8e31415414359f4e43a355b15'), (b'Accept-Ranges', b'bytes'), (b'X-Hub-Cache', b'MISS'), (b'X-Linked-Size', b'79966043'), (b'X-Linked-ETag', b'"5f2ab2008a62a7c1bb1df4c80fb3b98a28988b047b7bb39a371b5bed482b17c0"'), (b'X-Xet-Hash', b'570ebc6079539fb7ffaf3ea43df63a64b0a58a72f4a1c1ac5badffac5e928da9'), (b'Link', b'<https://huggingface.co/api/datasets/coport-uni/FR5_task3_turn_the_sliver_air_valve_90_degress_counterclockwise_100/xet-read-token/1f7ed68357ecdbd8e31415414359f4e43a355b15>; rel="xet-auth", <https://cas-server.xethub.hf.co/v1/reconstructions/570ebc6079539fb7ffaf3ea43df63a64b0a58a72f4a1c1ac5badffac5e928da9>; rel="xet-reconstruction-info"'), (b'X-Cache', b'Miss from cloudfront'), (b'Via', b'1.1 537fb246a629e70727949aab939451c6.cloudfront.net (CloudFront)'), (b'X-Amz-Cf-Pop', b'ICN57-P5'), (b'X-Amz-Cf-Id', b'5smI_ujMGMAu613IiLx53Ua9HYI6qX8coyQAJKOLhd5UgLzb16OI1w==')])
INFO 2026-06-30 07:09:28 _client.py:1025 HTTP Request: HEAD https://huggingface.co/datasets/coport-uni/FR5_task3_turn_the_sliver_air_valve_90_degress_counterclockwise_100/resolve/1f7ed68357ecdbd8e31415414359f4e43a355b15/videos/observation.images.hand/chunk-000/file-003.mp4 "HTTP/1.1 302 Found"
DEBUG 2026-06-30 07:09:28 re/_trace.py:47 receive_response_body.started request=<Request [b'HEAD']>
DEBUG 2026-06-30 07:09:28 re/_trace.py:47 receive_response_body.complete
DEBUG 2026-06-30 07:09:28 re/_trace.py:47 response_closed.started
DEBUG 2026-06-30 07:09:28 re/_trace.py:47 response_closed.complete
DEBUG 2026-06-30 07:09:28 ock/_api.py:501 Attempting to acquire lock 132611813474576 on /root/.cache/huggingface/lerobot/coport-uni/FR5_task3_turn_the_sliver_air_valve_90_degress_counterclockwise_100/.cache/huggingface/download/videos/observation.images.hand/chunk-000/file-003.mp4.lock
DEBUG 2026-06-30 07:09:28 ock/_api.py:504 Lock 132611813474576 acquired on /root/.cache/huggingface/lerobot/coport-uni/FR5_task3_turn_the_sliver_air_valve_90_degress_counterclockwise_100/.cache/huggingface/download/videos/observation.images.hand/chunk-000/file-003.mp4.lock
DEBUG 2026-06-30 07:09:29 ock/_api.py:541 Attempting to release lock 132611814790480 on /root/.cache/huggingface/lerobot/coport-uni/FR5_task3_turn_the_sliver_air_valve_90_degress_counterclockwise_100/.cache/huggingface/download/data/chunk-000/file-006.parquet.lock
DEBUG 2026-06-30 07:09:29 ock/_api.py:545 Lock 132611814790480 released on /root/.cache/huggingface/lerobot/coport-uni/FR5_task3_turn_the_sliver_air_valve_90_degress_counterclockwise_100/.cache/huggingface/download/data/chunk-000/file-006.parquet.lock
DEBUG 2026-06-30 07:09:29 ock/_api.py:501 Attempting to acquire lock 132611815116048 on /root/.cache/huggingface/lerobot/coport-uni/FR5_task3_turn_the_sliver_air_valve_90_degress_counterclockwise_100/.cache/huggingface/download/data/chunk-000/file-006.parquet.lock
DEBUG 2026-06-30 07:09:29 ock/_api.py:504 Lock 132611815116048 acquired on /root/.cache/huggingface/lerobot/coport-uni/FR5_task3_turn_the_sliver_air_valve_90_degress_counterclockwise_100/.cache/huggingface/download/data/chunk-000/file-006.parquet.lock
DEBUG 2026-06-30 07:09:29 ock/_api.py:541 Attempting to release lock 132611815116048 on /root/.cache/huggingface/lerobot/coport-uni/FR5_task3_turn_the_sliver_air_valve_90_degress_counterclockwise_100/.cache/huggingface/download/data/chunk-000/file-006.parquet.lock
DEBUG 2026-06-30 07:09:29 ock/_api.py:545 Lock 132611815116048 released on /root/.cache/huggingface/lerobot/coport-uni/FR5_task3_turn_the_sliver_air_valve_90_degress_counterclockwise_100/.cache/huggingface/download/data/chunk-000/file-006.parquet.lock
DEBUG 2026-06-30 07:09:29 ock/_api.py:501 Attempting to acquire lock 132611813477744 on /root/.cache/huggingface/lerobot/coport-uni/FR5_task3_turn_the_sliver_air_valve_90_degress_counterclockwise_100/.cache/huggingface/download/videos/observation.images.hand/chunk-000/file-004.mp4.lock
DEBUG 2026-06-30 07:09:29 ock/_api.py:504 Lock 132611813477744 acquired on /root/.cache/huggingface/lerobot/coport-uni/FR5_task3_turn_the_sliver_air_valve_90_degress_counterclockwise_100/.cache/huggingface/download/videos/observation.images.hand/chunk-000/file-004.mp4.lock
DEBUG 2026-06-30 07:09:29 ock/_api.py:541 Attempting to release lock 132611813477744 on /root/.cache/huggingface/lerobot/coport-uni/FR5_task3_turn_the_sliver_air_valve_90_degress_counterclockwise_100/.cache/huggingface/download/videos/observation.images.hand/chunk-000/file-004.mp4.lock
DEBUG 2026-06-30 07:09:29 ock/_api.py:545 Lock 132611813477744 released on /root/.cache/huggingface/lerobot/coport-uni/FR5_task3_turn_the_sliver_air_valve_90_degress_counterclockwise_100/.cache/huggingface/download/videos/observation.images.hand/chunk-000/file-004.mp4.lock
DEBUG 2026-06-30 07:09:29 re/_trace.py:47 send_request_headers.started request=<Request [b'HEAD']>
DEBUG 2026-06-30 07:09:29 re/_trace.py:47 send_request_headers.complete
DEBUG 2026-06-30 07:09:29 re/_trace.py:47 send_request_body.started request=<Request [b'HEAD']>
DEBUG 2026-06-30 07:09:29 re/_trace.py:47 send_request_body.complete
DEBUG 2026-06-30 07:09:29 re/_trace.py:47 receive_response_headers.started request=<Request [b'HEAD']>
DEBUG 2026-06-30 07:09:29 ock/_api.py:541 Attempting to release lock 132611813475824 on /root/.cache/huggingface/lerobot/coport-uni/FR5_task3_turn_the_sliver_air_valve_90_degress_counterclockwise_100/.cache/huggingface/download/data/chunk-000/file-007.parquet.lock
DEBUG 2026-06-30 07:09:29 ock/_api.py:545 Lock 132611813475824 released on /root/.cache/huggingface/lerobot/coport-uni/FR5_task3_turn_the_sliver_air_valve_90_degress_counterclockwise_100/.cache/huggingface/download/data/chunk-000/file-007.parquet.lock
DEBUG 2026-06-30 07:09:29 ock/_api.py:501 Attempting to acquire lock 132611814789568 on /root/.cache/huggingface/lerobot/coport-uni/FR5_task3_turn_the_sliver_air_valve_90_degress_counterclockwise_100/.cache/huggingface/download/data/chunk-000/file-007.parquet.lock
DEBUG 2026-06-30 07:09:29 ock/_api.py:504 Lock 132611814789568 acquired on /root/.cache/huggingface/lerobot/coport-uni/FR5_task3_turn_the_sliver_air_valve_90_degress_counterclockwise_100/.cache/huggingface/download/data/chunk-000/file-007.parquet.lock
DEBUG 2026-06-30 07:09:29 ock/_api.py:541 Attempting to release lock 132611814789568 on /root/.cache/huggingface/lerobot/coport-uni/FR5_task3_turn_the_sliver_air_valve_90_degress_counterclockwise_100/.cache/huggingface/download/data/chunk-000/file-007.parquet.lock
DEBUG 2026-06-30 07:09:29 ock/_api.py:545 Lock 132611814789568 released on /root/.cache/huggingface/lerobot/coport-uni/FR5_task3_turn_the_sliver_air_valve_90_degress_counterclockwise_100/.cache/huggingface/download/data/chunk-000/file-007.parquet.lock
DEBUG 2026-06-30 07:09:29 ock/_api.py:501 Attempting to acquire lock 132611813478704 on /root/.cache/huggingface/lerobot/coport-uni/FR5_task3_turn_the_sliver_air_valve_90_degress_counterclockwise_100/.cache/huggingface/download/videos/observation.images.hand/chunk-000/file-005.mp4.lock
DEBUG 2026-06-30 07:09:29 ock/_api.py:504 Lock 132611813478704 acquired on /root/.cache/huggingface/lerobot/coport-uni/FR5_task3_turn_the_sliver_air_valve_90_degress_counterclockwise_100/.cache/huggingface/download/videos/observation.images.hand/chunk-000/file-005.mp4.lock
DEBUG 2026-06-30 07:09:29 ock/_api.py:541 Attempting to release lock 132611813478704 on /root/.cache/huggingface/lerobot/coport-uni/FR5_task3_turn_the_sliver_air_valve_90_degress_counterclockwise_100/.cache/huggingface/download/videos/observation.images.hand/chunk-000/file-005.mp4.lock
DEBUG 2026-06-30 07:09:29 ock/_api.py:545 Lock 132611813478704 released on /root/.cache/huggingface/lerobot/coport-uni/FR5_task3_turn_the_sliver_air_valve_90_degress_counterclockwise_100/.cache/huggingface/download/videos/observation.images.hand/chunk-000/file-005.mp4.lock
DEBUG 2026-06-30 07:09:29 re/_trace.py:47 send_request_headers.started request=<Request [b'HEAD']>
DEBUG 2026-06-30 07:09:29 re/_trace.py:47 send_request_headers.complete
DEBUG 2026-06-30 07:09:29 re/_trace.py:47 send_request_body.started request=<Request [b'HEAD']>
DEBUG 2026-06-30 07:09:29 re/_trace.py:47 send_request_body.complete
DEBUG 2026-06-30 07:09:29 re/_trace.py:47 receive_response_headers.started request=<Request [b'HEAD']>
DEBUG 2026-06-30 07:09:29 re/_trace.py:47 receive_response_headers.complete return_value=(b'HTTP/1.1', 302, b'Found', [(b'Content-Type', b'text/plain; charset=utf-8'), (b'Content-Length', b'1058'), (b'Connection', b'keep-alive'), (b'Date', b'Tue, 30 Jun 2026 07:09:29 GMT'), (b'Location', b'https://cas-bridge.xethub.hf.co/xet-bridge-us/6a4276dae074855e8c8cddb1/4a6c175e03c63aab2af38ff7eb185c97d76c5f3448713cfced34acebf97ffe2b?Expires=1782806969&Policy=eyJTdGF0ZW1lbnQiOlt7IlJlc291cmNlIjoiaHR0cHM6Ly9jYXMtYnJpZGdlLnhldGh1Yi5oZi5jby94ZXQtYnJpZGdlLXVzLzZhNDI3NmRhZTA3NDg1NWU4YzhjZGRiMS80YTZjMTc1ZTAzYzYzYWFiMmFmMzhmZjdlYjE4NWM5N2Q3NmM1ZjM0NDg3MTNjZmNlZDM0YWNlYmY5N2ZmZTJiKiIsIkNvbmRpdGlvbiI6eyJEYXRlTGVzc1RoYW4iOnsiQVdTOkVwb2NoVGltZSI6MTc4MjgwNjk2OX19fV19&Signature=MEQCIH4FEFsQHuC%7E18VPeu%7Ef3vS88roV0QaGH4UABbmtUnXHAiBEUKvTWX7Be%7EQttY2XX1XTlpvhMGmBBv72BLC9NoGDYA__&Key-Pair-Id=K1LYXO563TGWFU&X-Xet-Cas-Uid=6968a8befacf9a9b049da27a&response-content-type=video%2Fmp4&response-content-disposition=inline%3B+filename*%3DUTF-8%27%27file-004.mp4%3B+filename%3D%22file-004.mp4%22%3B&X-Amz-Algorithm=AWS4-HMAC-SHA256&X-Amz-Credential=cas%2F20260630%2Fus-east-1%2Fs3%2Faws4_request&X-Amz-Date=20260630T070929Z&X-Amz-Expires=3600&X-Amz-SignedHeaders=host&X-Amz-Signature=da54470e6849ba4260bef5f815f9f5c27060b1a87ef4268d0734febf882c6e53'), (b'X-Powered-By', b'huggingface-moon'), (b'X-Request-Id', b'Root=1-6a436ba9-18d234f157e957c31609e4c0;47fdacfa-3457-49bc-88f2-7d5dd46f0ad2'), (b'RateLimit', b'"resolvers";r=4960;t=253'), (b'RateLimit-Policy', b'"fixed window";"resolvers";q=5000;w=300'), (b'cross-origin-opener-policy', b'same-origin'), (b'Referrer-Policy', b'strict-origin-when-cross-origin'), (b'Access-Control-Max-Age', b'86400'), (b'Access-Control-Allow-Origin', b'https://huggingface.co'), (b'Vary', b'Origin, Accept'), (b'Access-Control-Expose-Headers', b'X-Repo-Commit,X-Request-Id,X-Error-Code,X-Error-Message,X-Total-Count,ETag,Link,Accept-Ranges,Content-Range,X-Linked-Size,X-Linked-ETag,X-Xet-Hash'), (b'X-Repo-Commit', b'1f7ed68357ecdbd8e31415414359f4e43a355b15'), (b'Accept-Ranges', b'bytes'), (b'X-Hub-Cache', b'MISS'), (b'X-Linked-Size', b'75359420'), (b'X-Linked-ETag', b'"9c014c4fe09a8d1d20aee794bf024bc842fe844002d655ea8afa287ce78abb1a"'), (b'X-Xet-Hash', b'4a6c175e03c63aab2af38ff7eb185c97d76c5f3448713cfced34acebf97ffe2b'), (b'Link', b'<https://huggingface.co/api/datasets/coport-uni/FR5_task3_turn_the_sliver_air_valve_90_degress_counterclockwise_100/xet-read-token/1f7ed68357ecdbd8e31415414359f4e43a355b15>; rel="xet-auth", <https://cas-server.xethub.hf.co/v1/reconstructions/4a6c175e03c63aab2af38ff7eb185c97d76c5f3448713cfced34acebf97ffe2b>; rel="xet-reconstruction-info"'), (b'X-Cache', b'Miss from cloudfront'), (b'Via', b'1.1 de6fd68c70ca3c12cb609faad680c294.cloudfront.net (CloudFront)'), (b'X-Amz-Cf-Pop', b'ICN57-P5'), (b'X-Amz-Cf-Id', b'0mU3erkCYMJnrpo-k-FIVYYbF3CIPuNqJM5GrtUUIXMFLA8VRUi3sg==')])
INFO 2026-06-30 07:09:29 _client.py:1025 HTTP Request: HEAD https://huggingface.co/datasets/coport-uni/FR5_task3_turn_the_sliver_air_valve_90_degress_counterclockwise_100/resolve/1f7ed68357ecdbd8e31415414359f4e43a355b15/videos/observation.images.hand/chunk-000/file-004.mp4 "HTTP/1.1 302 Found"
DEBUG 2026-06-30 07:09:29 re/_trace.py:47 receive_response_body.started request=<Request [b'HEAD']>
DEBUG 2026-06-30 07:09:29 re/_trace.py:47 receive_response_body.complete
DEBUG 2026-06-30 07:09:29 re/_trace.py:47 response_closed.started
DEBUG 2026-06-30 07:09:29 re/_trace.py:47 response_closed.complete
DEBUG 2026-06-30 07:09:29 ock/_api.py:501 Attempting to acquire lock 132611813727056 on /root/.cache/huggingface/lerobot/coport-uni/FR5_task3_turn_the_sliver_air_valve_90_degress_counterclockwise_100/.cache/huggingface/download/videos/observation.images.hand/chunk-000/file-004.mp4.lock
DEBUG 2026-06-30 07:09:29 ock/_api.py:504 Lock 132611813727056 acquired on /root/.cache/huggingface/lerobot/coport-uni/FR5_task3_turn_the_sliver_air_valve_90_degress_counterclockwise_100/.cache/huggingface/download/videos/observation.images.hand/chunk-000/file-004.mp4.lock
DEBUG 2026-06-30 07:09:29 re/_trace.py:47 receive_response_headers.complete return_value=(b'HTTP/1.1', 302, b'Found', [(b'Content-Type', b'text/plain; charset=utf-8'), (b'Content-Length', b'1056'), (b'Connection', b'keep-alive'), (b'Date', b'Tue, 30 Jun 2026 07:09:29 GMT'), (b'Location', b'https://cas-bridge.xethub.hf.co/xet-bridge-us/6a4276dae074855e8c8cddb1/ac45925c520dedd1ef0d6e7ab67f9388fca979461b693445362e43297aaa4a31?Expires=1782806969&Policy=eyJTdGF0ZW1lbnQiOlt7IlJlc291cmNlIjoiaHR0cHM6Ly9jYXMtYnJpZGdlLnhldGh1Yi5oZi5jby94ZXQtYnJpZGdlLXVzLzZhNDI3NmRhZTA3NDg1NWU4YzhjZGRiMS9hYzQ1OTI1YzUyMGRlZGQxZWYwZDZlN2FiNjdmOTM4OGZjYTk3OTQ2MWI2OTM0NDUzNjJlNDMyOTdhYWE0YTMxKiIsIkNvbmRpdGlvbiI6eyJEYXRlTGVzc1RoYW4iOnsiQVdTOkVwb2NoVGltZSI6MTc4MjgwNjk2OX19fV19&Signature=MEUCIFNUyAt-6Qt3DuMwfKoEFEMqL--VT7-49xtNHbSn3vg2AiEA8RVByrkc8ufHQHdCoDIYpdec5Dg9vb2L%7E6rimfiC%7Eoc_&Key-Pair-Id=K1LYXO563TGWFU&X-Xet-Cas-Uid=6968a8befacf9a9b049da27a&response-content-disposition=inline%3B+filename*%3DUTF-8%27%27file-005.mp4%3B+filename%3D%22file-005.mp4%22%3B&response-content-type=video%2Fmp4&X-Amz-Algorithm=AWS4-HMAC-SHA256&X-Amz-Credential=cas%2F20260630%2Fus-east-1%2Fs3%2Faws4_request&X-Amz-Date=20260630T070929Z&X-Amz-Expires=3600&X-Amz-SignedHeaders=host&X-Amz-Signature=5f93ee82596bfe2a7d8705d6b8d29ebfbcb48e308bfcb0aed06b2b743b80fa9a'), (b'X-Powered-By', b'huggingface-moon'), (b'X-Request-Id', b'Root=1-6a436ba9-0e8d2eaf4d4b0d960527361f;417bd930-bafd-43d5-8b87-2ea233da29dd'), (b'RateLimit', b'"resolvers";r=4959;t=253'), (b'RateLimit-Policy', b'"fixed window";"resolvers";q=5000;w=300'), (b'cross-origin-opener-policy', b'same-origin'), (b'Referrer-Policy', b'strict-origin-when-cross-origin'), (b'Access-Control-Max-Age', b'86400'), (b'Access-Control-Allow-Origin', b'https://huggingface.co'), (b'Vary', b'Origin, Accept'), (b'Access-Control-Expose-Headers', b'X-Repo-Commit,X-Request-Id,X-Error-Code,X-Error-Message,X-Total-Count,ETag,Link,Accept-Ranges,Content-Range,X-Linked-Size,X-Linked-ETag,X-Xet-Hash'), (b'X-Repo-Commit', b'1f7ed68357ecdbd8e31415414359f4e43a355b15'), (b'Accept-Ranges', b'bytes'), (b'X-Hub-Cache', b'MISS'), (b'X-Linked-Size', b'87893726'), (b'X-Linked-ETag', b'"29b760fb7ada12e23cc623db7b08bea81fd2c3b8ded9d5a5b1da4f65ce65fb8f"'), (b'X-Xet-Hash', b'ac45925c520dedd1ef0d6e7ab67f9388fca979461b693445362e43297aaa4a31'), (b'Link', b'<https://huggingface.co/api/datasets/coport-uni/FR5_task3_turn_the_sliver_air_valve_90_degress_counterclockwise_100/xet-read-token/1f7ed68357ecdbd8e31415414359f4e43a355b15>; rel="xet-auth", <https://cas-server.xethub.hf.co/v1/reconstructions/ac45925c520dedd1ef0d6e7ab67f9388fca979461b693445362e43297aaa4a31>; rel="xet-reconstruction-info"'), (b'X-Cache', b'Miss from cloudfront'), (b'Via', b'1.1 c84f725aa1244c57e6ad6d1072d23c54.cloudfront.net (CloudFront)'), (b'X-Amz-Cf-Pop', b'ICN57-P5'), (b'X-Amz-Cf-Id', b'rw6SVQj4dC3m4ZFNU28p03yZFahnsJA0VPdy3mTugVwmy2n-NKuAVA==')])
INFO 2026-06-30 07:09:29 _client.py:1025 HTTP Request: HEAD https://huggingface.co/datasets/coport-uni/FR5_task3_turn_the_sliver_air_valve_90_degress_counterclockwise_100/resolve/1f7ed68357ecdbd8e31415414359f4e43a355b15/videos/observation.images.hand/chunk-000/file-005.mp4 "HTTP/1.1 302 Found"
DEBUG 2026-06-30 07:09:29 re/_trace.py:47 receive_response_body.started request=<Request [b'HEAD']>
DEBUG 2026-06-30 07:09:29 re/_trace.py:47 receive_response_body.complete
DEBUG 2026-06-30 07:09:29 re/_trace.py:47 response_closed.started
DEBUG 2026-06-30 07:09:29 re/_trace.py:47 response_closed.complete
DEBUG 2026-06-30 07:09:29 ock/_api.py:501 Attempting to acquire lock 132611813486720 on /root/.cache/huggingface/lerobot/coport-uni/FR5_task3_turn_the_sliver_air_valve_90_degress_counterclockwise_100/.cache/huggingface/download/videos/observation.images.hand/chunk-000/file-005.mp4.lock
DEBUG 2026-06-30 07:09:29 ock/_api.py:504 Lock 132611813486720 acquired on /root/.cache/huggingface/lerobot/coport-uni/FR5_task3_turn_the_sliver_air_valve_90_degress_counterclockwise_100/.cache/huggingface/download/videos/observation.images.hand/chunk-000/file-005.mp4.lock
DEBUG 2026-06-30 07:09:30 ock/_api.py:541 Attempting to release lock 132611813496576 on /root/.cache/huggingface/lerobot/coport-uni/FR5_task3_turn_the_sliver_air_valve_90_degress_counterclockwise_100/.cache/huggingface/download/data/chunk-000/file-008.parquet.lock
DEBUG 2026-06-30 07:09:30 ock/_api.py:545 Lock 132611813496576 released on /root/.cache/huggingface/lerobot/coport-uni/FR5_task3_turn_the_sliver_air_valve_90_degress_counterclockwise_100/.cache/huggingface/download/data/chunk-000/file-008.parquet.lock
DEBUG 2026-06-30 07:09:30 ock/_api.py:501 Attempting to acquire lock 132611813496576 on /root/.cache/huggingface/lerobot/coport-uni/FR5_task3_turn_the_sliver_air_valve_90_degress_counterclockwise_100/.cache/huggingface/download/data/chunk-000/file-008.parquet.lock
DEBUG 2026-06-30 07:09:30 ock/_api.py:504 Lock 132611813496576 acquired on /root/.cache/huggingface/lerobot/coport-uni/FR5_task3_turn_the_sliver_air_valve_90_degress_counterclockwise_100/.cache/huggingface/download/data/chunk-000/file-008.parquet.lock
DEBUG 2026-06-30 07:09:30 ock/_api.py:541 Attempting to release lock 132611813496576 on /root/.cache/huggingface/lerobot/coport-uni/FR5_task3_turn_the_sliver_air_valve_90_degress_counterclockwise_100/.cache/huggingface/download/data/chunk-000/file-008.parquet.lock
DEBUG 2026-06-30 07:09:30 ock/_api.py:545 Lock 132611813496576 released on /root/.cache/huggingface/lerobot/coport-uni/FR5_task3_turn_the_sliver_air_valve_90_degress_counterclockwise_100/.cache/huggingface/download/data/chunk-000/file-008.parquet.lock
DEBUG 2026-06-30 07:09:30 ock/_api.py:501 Attempting to acquire lock 132611813730800 on /root/.cache/huggingface/lerobot/coport-uni/FR5_task3_turn_the_sliver_air_valve_90_degress_counterclockwise_100/.cache/huggingface/download/videos/observation.images.hand/chunk-000/file-006.mp4.lock
DEBUG 2026-06-30 07:09:30 ock/_api.py:504 Lock 132611813730800 acquired on /root/.cache/huggingface/lerobot/coport-uni/FR5_task3_turn_the_sliver_air_valve_90_degress_counterclockwise_100/.cache/huggingface/download/videos/observation.images.hand/chunk-000/file-006.mp4.lock
DEBUG 2026-06-30 07:09:30 ock/_api.py:541 Attempting to release lock 132611813730800 on /root/.cache/huggingface/lerobot/coport-uni/FR5_task3_turn_the_sliver_air_valve_90_degress_counterclockwise_100/.cache/huggingface/download/videos/observation.images.hand/chunk-000/file-006.mp4.lock
DEBUG 2026-06-30 07:09:30 ock/_api.py:545 Lock 132611813730800 released on /root/.cache/huggingface/lerobot/coport-uni/FR5_task3_turn_the_sliver_air_valve_90_degress_counterclockwise_100/.cache/huggingface/download/videos/observation.images.hand/chunk-000/file-006.mp4.lock
DEBUG 2026-06-30 07:09:30 re/_trace.py:47 send_request_headers.started request=<Request [b'HEAD']>
DEBUG 2026-06-30 07:09:30 re/_trace.py:47 send_request_headers.complete
DEBUG 2026-06-30 07:09:30 re/_trace.py:47 send_request_body.started request=<Request [b'HEAD']>
DEBUG 2026-06-30 07:09:30 re/_trace.py:47 send_request_body.complete
DEBUG 2026-06-30 07:09:30 re/_trace.py:47 receive_response_headers.started request=<Request [b'HEAD']>
DEBUG 2026-06-30 07:09:30 ock/_api.py:541 Attempting to release lock 132611813483552 on /root/.cache/huggingface/lerobot/coport-uni/FR5_task3_turn_the_sliver_air_valve_90_degress_counterclockwise_100/.cache/huggingface/download/data/chunk-000/file-009.parquet.lock
DEBUG 2026-06-30 07:09:30 ock/_api.py:545 Lock 132611813483552 released on /root/.cache/huggingface/lerobot/coport-uni/FR5_task3_turn_the_sliver_air_valve_90_degress_counterclockwise_100/.cache/huggingface/download/data/chunk-000/file-009.parquet.lock
DEBUG 2026-06-30 07:09:30 ock/_api.py:501 Attempting to acquire lock 132611813706160 on /root/.cache/huggingface/lerobot/coport-uni/FR5_task3_turn_the_sliver_air_valve_90_degress_counterclockwise_100/.cache/huggingface/download/data/chunk-000/file-009.parquet.lock
DEBUG 2026-06-30 07:09:30 ock/_api.py:504 Lock 132611813706160 acquired on /root/.cache/huggingface/lerobot/coport-uni/FR5_task3_turn_the_sliver_air_valve_90_degress_counterclockwise_100/.cache/huggingface/download/data/chunk-000/file-009.parquet.lock
DEBUG 2026-06-30 07:09:30 ock/_api.py:541 Attempting to release lock 132611813706160 on /root/.cache/huggingface/lerobot/coport-uni/FR5_task3_turn_the_sliver_air_valve_90_degress_counterclockwise_100/.cache/huggingface/download/data/chunk-000/file-009.parquet.lock
DEBUG 2026-06-30 07:09:30 ock/_api.py:545 Lock 132611813706160 released on /root/.cache/huggingface/lerobot/coport-uni/FR5_task3_turn_the_sliver_air_valve_90_degress_counterclockwise_100/.cache/huggingface/download/data/chunk-000/file-009.parquet.lock
DEBUG 2026-06-30 07:09:30 ock/_api.py:501 Attempting to acquire lock 132620758083744 on /root/.cache/huggingface/lerobot/coport-uni/FR5_task3_turn_the_sliver_air_valve_90_degress_counterclockwise_100/.cache/huggingface/download/videos/observation.images.hand/chunk-000/file-007.mp4.lock
DEBUG 2026-06-30 07:09:30 ock/_api.py:504 Lock 132620758083744 acquired on /root/.cache/huggingface/lerobot/coport-uni/FR5_task3_turn_the_sliver_air_valve_90_degress_counterclockwise_100/.cache/huggingface/download/videos/observation.images.hand/chunk-000/file-007.mp4.lock
DEBUG 2026-06-30 07:09:30 ock/_api.py:541 Attempting to release lock 132620758083744 on /root/.cache/huggingface/lerobot/coport-uni/FR5_task3_turn_the_sliver_air_valve_90_degress_counterclockwise_100/.cache/huggingface/download/videos/observation.images.hand/chunk-000/file-007.mp4.lock
DEBUG 2026-06-30 07:09:30 ock/_api.py:545 Lock 132620758083744 released on /root/.cache/huggingface/lerobot/coport-uni/FR5_task3_turn_the_sliver_air_valve_90_degress_counterclockwise_100/.cache/huggingface/download/videos/observation.images.hand/chunk-000/file-007.mp4.lock
DEBUG 2026-06-30 07:09:30 re/_trace.py:47 send_request_headers.started request=<Request [b'HEAD']>
DEBUG 2026-06-30 07:09:30 re/_trace.py:47 send_request_headers.complete
DEBUG 2026-06-30 07:09:30 re/_trace.py:47 send_request_body.started request=<Request [b'HEAD']>
DEBUG 2026-06-30 07:09:30 re/_trace.py:47 send_request_body.complete
DEBUG 2026-06-30 07:09:30 re/_trace.py:47 receive_response_headers.started request=<Request [b'HEAD']>
DEBUG 2026-06-30 07:09:30 re/_trace.py:47 receive_response_headers.complete return_value=(b'HTTP/1.1', 302, b'Found', [(b'Content-Type', b'text/plain; charset=utf-8'), (b'Content-Length', b'1052'), (b'Connection', b'keep-alive'), (b'Date', b'Tue, 30 Jun 2026 07:09:30 GMT'), (b'Location', b'https://cas-bridge.xethub.hf.co/xet-bridge-us/6a4276dae074855e8c8cddb1/3a7bafb354e5c6fae27783a54f20f10f568041b9e28e291bedcacd6da7dd19c1?Expires=1782806970&Policy=eyJTdGF0ZW1lbnQiOlt7IlJlc291cmNlIjoiaHR0cHM6Ly9jYXMtYnJpZGdlLnhldGh1Yi5oZi5jby94ZXQtYnJpZGdlLXVzLzZhNDI3NmRhZTA3NDg1NWU4YzhjZGRiMS8zYTdiYWZiMzU0ZTVjNmZhZTI3NzgzYTU0ZjIwZjEwZjU2ODA0MWI5ZTI4ZTI5MWJlZGNhY2Q2ZGE3ZGQxOWMxKiIsIkNvbmRpdGlvbiI6eyJEYXRlTGVzc1RoYW4iOnsiQVdTOkVwb2NoVGltZSI6MTc4MjgwNjk3MH19fV19&Signature=MEQCIB5rhFf-7mAj-TcM5Lp6T1I6nGylHqsJVn3LuGczbGyDAiBLdCtHwdUf3KqU8dPSU2rGCM5Rzh9DB1AmCSWVqpOrew__&Key-Pair-Id=K1LYXO563TGWFU&response-content-disposition=inline%3B+filename*%3DUTF-8%27%27file-006.mp4%3B+filename%3D%22file-006.mp4%22%3B&X-Xet-Cas-Uid=6968a8befacf9a9b049da27a&response-content-type=video%2Fmp4&X-Amz-Algorithm=AWS4-HMAC-SHA256&X-Amz-Credential=cas%2F20260630%2Fus-east-1%2Fs3%2Faws4_request&X-Amz-Date=20260630T070930Z&X-Amz-Expires=3600&X-Amz-SignedHeaders=host&X-Amz-Signature=98bdc2e08e3f03a775c27434e0937380740b610e913c3e2b96a282975c789cd0'), (b'X-Powered-By', b'huggingface-moon'), (b'X-Request-Id', b'Root=1-6a436baa-2010f6cf6adcfbe5073a0183;29a12e9f-963b-4a12-b61b-ad5c31ca7f76'), (b'RateLimit', b'"resolvers";r=4958;t=252'), (b'RateLimit-Policy', b'"fixed window";"resolvers";q=5000;w=300'), (b'cross-origin-opener-policy', b'same-origin'), (b'Referrer-Policy', b'strict-origin-when-cross-origin'), (b'Access-Control-Max-Age', b'86400'), (b'Access-Control-Allow-Origin', b'https://huggingface.co'), (b'Vary', b'Origin, Accept'), (b'Access-Control-Expose-Headers', b'X-Repo-Commit,X-Request-Id,X-Error-Code,X-Error-Message,X-Total-Count,ETag,Link,Accept-Ranges,Content-Range,X-Linked-Size,X-Linked-ETag,X-Xet-Hash'), (b'X-Repo-Commit', b'1f7ed68357ecdbd8e31415414359f4e43a355b15'), (b'Accept-Ranges', b'bytes'), (b'X-Hub-Cache', b'MISS'), (b'X-Linked-Size', b'96457920'), (b'X-Linked-ETag', b'"322bb240f145fdab7302c83591701ae490eed403c94ad6dd93b72d2f4594fd2f"'), (b'X-Xet-Hash', b'3a7bafb354e5c6fae27783a54f20f10f568041b9e28e291bedcacd6da7dd19c1'), (b'Link', b'<https://huggingface.co/api/datasets/coport-uni/FR5_task3_turn_the_sliver_air_valve_90_degress_counterclockwise_100/xet-read-token/1f7ed68357ecdbd8e31415414359f4e43a355b15>; rel="xet-auth", <https://cas-server.xethub.hf.co/v1/reconstructions/3a7bafb354e5c6fae27783a54f20f10f568041b9e28e291bedcacd6da7dd19c1>; rel="xet-reconstruction-info"'), (b'X-Cache', b'Miss from cloudfront'), (b'Via', b'1.1 de6fd68c70ca3c12cb609faad680c294.cloudfront.net (CloudFront)'), (b'X-Amz-Cf-Pop', b'ICN57-P5'), (b'X-Amz-Cf-Id', b'pLQJfx9RteYGwrV1uBzLX2z5T98Fls6Gj2hFKZ4qydA3he1IxmUQJg==')])
INFO 2026-06-30 07:09:30 _client.py:1025 HTTP Request: HEAD https://huggingface.co/datasets/coport-uni/FR5_task3_turn_the_sliver_air_valve_90_degress_counterclockwise_100/resolve/1f7ed68357ecdbd8e31415414359f4e43a355b15/videos/observation.images.hand/chunk-000/file-006.mp4 "HTTP/1.1 302 Found"
DEBUG 2026-06-30 07:09:30 re/_trace.py:47 receive_response_body.started request=<Request [b'HEAD']>
DEBUG 2026-06-30 07:09:30 re/_trace.py:47 receive_response_body.complete
DEBUG 2026-06-30 07:09:30 re/_trace.py:47 response_closed.started
DEBUG 2026-06-30 07:09:30 re/_trace.py:47 response_closed.complete
DEBUG 2026-06-30 07:09:30 ock/_api.py:501 Attempting to acquire lock 132611814537648 on /root/.cache/huggingface/lerobot/coport-uni/FR5_task3_turn_the_sliver_air_valve_90_degress_counterclockwise_100/.cache/huggingface/download/videos/observation.images.hand/chunk-000/file-006.mp4.lock
DEBUG 2026-06-30 07:09:30 ock/_api.py:504 Lock 132611814537648 acquired on /root/.cache/huggingface/lerobot/coport-uni/FR5_task3_turn_the_sliver_air_valve_90_degress_counterclockwise_100/.cache/huggingface/download/videos/observation.images.hand/chunk-000/file-006.mp4.lock
DEBUG 2026-06-30 07:09:30 re/_trace.py:47 receive_response_headers.complete return_value=(b'HTTP/1.1', 302, b'Found', [(b'Content-Type', b'text/plain; charset=utf-8'), (b'Content-Length', b'1052'), (b'Connection', b'keep-alive'), (b'Date', b'Tue, 30 Jun 2026 07:09:30 GMT'), (b'Location', b'https://cas-bridge.xethub.hf.co/xet-bridge-us/6a4276dae074855e8c8cddb1/92219fc47d7803c29ff8851790f77640b45780a306d13436269ac7c42c1bec69?Expires=1782806970&Policy=eyJTdGF0ZW1lbnQiOlt7IlJlc291cmNlIjoiaHR0cHM6Ly9jYXMtYnJpZGdlLnhldGh1Yi5oZi5jby94ZXQtYnJpZGdlLXVzLzZhNDI3NmRhZTA3NDg1NWU4YzhjZGRiMS85MjIxOWZjNDdkNzgwM2MyOWZmODg1MTc5MGY3NzY0MGI0NTc4MGEzMDZkMTM0MzYyNjlhYzdjNDJjMWJlYzY5KiIsIkNvbmRpdGlvbiI6eyJEYXRlTGVzc1RoYW4iOnsiQVdTOkVwb2NoVGltZSI6MTc4MjgwNjk3MH19fV19&Signature=MEYCIQDebX9z0r8Lv8QXd7eolmNuckOgu0WCmTMXVJvhvUkyXwIhAK6E4aQhgVkhdEKZeQmbSckQI4HZptwZptbHEiPWBpTG&Key-Pair-Id=K1LYXO563TGWFU&X-Xet-Cas-Uid=6968a8befacf9a9b049da27a&response-content-disposition=inline%3B+filename*%3DUTF-8%27%27file-007.mp4%3B+filename%3D%22file-007.mp4%22%3B&response-content-type=video%2Fmp4&X-Amz-Algorithm=AWS4-HMAC-SHA256&X-Amz-Credential=cas%2F20260630%2Fus-east-1%2Fs3%2Faws4_request&X-Amz-Date=20260630T070930Z&X-Amz-Expires=3600&X-Amz-SignedHeaders=host&X-Amz-Signature=96d71c5c9c4c36364a2ab9f6dbac595eb258cdb00cfb8581fa3f340a20f380e8'), (b'X-Powered-By', b'huggingface-moon'), (b'X-Request-Id', b'Root=1-6a436baa-1c773a4d0626da6851fcf91d;ed5e9104-f0fe-4fda-925c-278235ba71f9'), (b'RateLimit', b'"resolvers";r=4957;t=252'), (b'RateLimit-Policy', b'"fixed window";"resolvers";q=5000;w=300'), (b'cross-origin-opener-policy', b'same-origin'), (b'Referrer-Policy', b'strict-origin-when-cross-origin'), (b'Access-Control-Max-Age', b'86400'), (b'Access-Control-Allow-Origin', b'https://huggingface.co'), (b'Vary', b'Origin, Accept'), (b'Access-Control-Expose-Headers', b'X-Repo-Commit,X-Request-Id,X-Error-Code,X-Error-Message,X-Total-Count,ETag,Link,Accept-Ranges,Content-Range,X-Linked-Size,X-Linked-ETag,X-Xet-Hash'), (b'X-Repo-Commit', b'1f7ed68357ecdbd8e31415414359f4e43a355b15'), (b'Accept-Ranges', b'bytes'), (b'X-Hub-Cache', b'MISS'), (b'X-Linked-Size', b'84360358'), (b'X-Linked-ETag', b'"a8b58e4f285bf5457c752d06ebd227bae51ef62318d3224658d92031d26735d8"'), (b'X-Xet-Hash', b'92219fc47d7803c29ff8851790f77640b45780a306d13436269ac7c42c1bec69'), (b'Link', b'<https://huggingface.co/api/datasets/coport-uni/FR5_task3_turn_the_sliver_air_valve_90_degress_counterclockwise_100/xet-read-token/1f7ed68357ecdbd8e31415414359f4e43a355b15>; rel="xet-auth", <https://cas-server.xethub.hf.co/v1/reconstructions/92219fc47d7803c29ff8851790f77640b45780a306d13436269ac7c42c1bec69>; rel="xet-reconstruction-info"'), (b'X-Cache', b'Miss from cloudfront'), (b'Via', b'1.1 c84f725aa1244c57e6ad6d1072d23c54.cloudfront.net (CloudFront)'), (b'X-Amz-Cf-Pop', b'ICN57-P5'), (b'X-Amz-Cf-Id', b'0NIAASpDlCkMMajMqoEAkmZNdjPgexAnjnxeQ0Js8YPoYd5X0IAASw==')])
INFO 2026-06-30 07:09:30 _client.py:1025 HTTP Request: HEAD https://huggingface.co/datasets/coport-uni/FR5_task3_turn_the_sliver_air_valve_90_degress_counterclockwise_100/resolve/1f7ed68357ecdbd8e31415414359f4e43a355b15/videos/observation.images.hand/chunk-000/file-007.mp4 "HTTP/1.1 302 Found"
DEBUG 2026-06-30 07:09:30 re/_trace.py:47 receive_response_body.started request=<Request [b'HEAD']>
DEBUG 2026-06-30 07:09:30 re/_trace.py:47 receive_response_body.complete
DEBUG 2026-06-30 07:09:30 re/_trace.py:47 response_closed.started
DEBUG 2026-06-30 07:09:30 re/_trace.py:47 response_closed.complete
DEBUG 2026-06-30 07:09:30 ock/_api.py:501 Attempting to acquire lock 132611813705776 on /root/.cache/huggingface/lerobot/coport-uni/FR5_task3_turn_the_sliver_air_valve_90_degress_counterclockwise_100/.cache/huggingface/download/videos/observation.images.hand/chunk-000/file-007.mp4.lock
DEBUG 2026-06-30 07:09:30 ock/_api.py:504 Lock 132611813705776 acquired on /root/.cache/huggingface/lerobot/coport-uni/FR5_task3_turn_the_sliver_air_valve_90_degress_counterclockwise_100/.cache/huggingface/download/videos/observation.images.hand/chunk-000/file-007.mp4.lock
DEBUG 2026-06-30 07:09:35 ock/_api.py:541 Attempting to release lock 132611813474576 on /root/.cache/huggingface/lerobot/coport-uni/FR5_task3_turn_the_sliver_air_valve_90_degress_counterclockwise_100/.cache/huggingface/download/videos/observation.images.hand/chunk-000/file-003.mp4.lock
DEBUG 2026-06-30 07:09:35 ock/_api.py:545 Lock 132611813474576 released on /root/.cache/huggingface/lerobot/coport-uni/FR5_task3_turn_the_sliver_air_valve_90_degress_counterclockwise_100/.cache/huggingface/download/videos/observation.images.hand/chunk-000/file-003.mp4.lock
DEBUG 2026-06-30 07:09:35 ock/_api.py:501 Attempting to acquire lock 132611813719840 on /root/.cache/huggingface/lerobot/coport-uni/FR5_task3_turn_the_sliver_air_valve_90_degress_counterclockwise_100/.cache/huggingface/download/videos/observation.images.hand/chunk-000/file-003.mp4.lock
DEBUG 2026-06-30 07:09:35 ock/_api.py:504 Lock 132611813719840 acquired on /root/.cache/huggingface/lerobot/coport-uni/FR5_task3_turn_the_sliver_air_valve_90_degress_counterclockwise_100/.cache/huggingface/download/videos/observation.images.hand/chunk-000/file-003.mp4.lock
DEBUG 2026-06-30 07:09:35 ock/_api.py:541 Attempting to release lock 132611813719840 on /root/.cache/huggingface/lerobot/coport-uni/FR5_task3_turn_the_sliver_air_valve_90_degress_counterclockwise_100/.cache/huggingface/download/videos/observation.images.hand/chunk-000/file-003.mp4.lock
DEBUG 2026-06-30 07:09:35 ock/_api.py:545 Lock 132611813719840 released on /root/.cache/huggingface/lerobot/coport-uni/FR5_task3_turn_the_sliver_air_valve_90_degress_counterclockwise_100/.cache/huggingface/download/videos/observation.images.hand/chunk-000/file-003.mp4.lock
DEBUG 2026-06-30 07:09:35 ock/_api.py:501 Attempting to acquire lock 132611813474576 on /root/.cache/huggingface/lerobot/coport-uni/FR5_task3_turn_the_sliver_air_valve_90_degress_counterclockwise_100/.cache/huggingface/download/videos/observation.images.hand/chunk-000/file-008.mp4.lock
DEBUG 2026-06-30 07:09:35 ock/_api.py:504 Lock 132611813474576 acquired on /root/.cache/huggingface/lerobot/coport-uni/FR5_task3_turn_the_sliver_air_valve_90_degress_counterclockwise_100/.cache/huggingface/download/videos/observation.images.hand/chunk-000/file-008.mp4.lock
DEBUG 2026-06-30 07:09:35 ock/_api.py:541 Attempting to release lock 132611813474576 on /root/.cache/huggingface/lerobot/coport-uni/FR5_task3_turn_the_sliver_air_valve_90_degress_counterclockwise_100/.cache/huggingface/download/videos/observation.images.hand/chunk-000/file-008.mp4.lock
DEBUG 2026-06-30 07:09:35 ock/_api.py:545 Lock 132611813474576 released on /root/.cache/huggingface/lerobot/coport-uni/FR5_task3_turn_the_sliver_air_valve_90_degress_counterclockwise_100/.cache/huggingface/download/videos/observation.images.hand/chunk-000/file-008.mp4.lock
DEBUG 2026-06-30 07:09:35 re/_trace.py:47 close.started
DEBUG 2026-06-30 07:09:35 re/_trace.py:47 close.complete
DEBUG 2026-06-30 07:09:35 re/_trace.py:47 close.started
DEBUG 2026-06-30 07:09:35 re/_trace.py:47 close.complete
DEBUG 2026-06-30 07:09:35 re/_trace.py:47 close.started
DEBUG 2026-06-30 07:09:35 re/_trace.py:47 close.complete
DEBUG 2026-06-30 07:09:35 re/_trace.py:47 close.started
DEBUG 2026-06-30 07:09:35 re/_trace.py:47 close.complete
DEBUG 2026-06-30 07:09:35 re/_trace.py:47 close.started
DEBUG 2026-06-30 07:09:35 re/_trace.py:47 close.complete
DEBUG 2026-06-30 07:09:35 re/_trace.py:47 close.started
DEBUG 2026-06-30 07:09:35 re/_trace.py:47 close.complete
DEBUG 2026-06-30 07:09:35 re/_trace.py:47 close.started
DEBUG 2026-06-30 07:09:35 re/_trace.py:47 close.complete
DEBUG 2026-06-30 07:09:35 re/_trace.py:47 close.started
DEBUG 2026-06-30 07:09:35 re/_trace.py:47 close.complete
DEBUG 2026-06-30 07:09:35 re/_trace.py:47 connect_tcp.started host='huggingface.co' port=443 local_address=None timeout=10 socket_options=None
DEBUG 2026-06-30 07:09:35 re/_trace.py:47 connect_tcp.complete return_value=<httpcore._backends.sync.SyncStream object at 0x789e2d36cf20>
DEBUG 2026-06-30 07:09:35 re/_trace.py:47 start_tls.started ssl_context=<ssl.SSLContext object at 0x789c1818c450> server_hostname='huggingface.co' timeout=10
DEBUG 2026-06-30 07:09:35 re/_trace.py:47 start_tls.complete return_value=<httpcore._backends.sync.SyncStream object at 0x789c180ca3c0>
DEBUG 2026-06-30 07:09:35 re/_trace.py:47 send_request_headers.started request=<Request [b'HEAD']>
DEBUG 2026-06-30 07:09:35 re/_trace.py:47 send_request_headers.complete
DEBUG 2026-06-30 07:09:35 re/_trace.py:47 send_request_body.started request=<Request [b'HEAD']>
DEBUG 2026-06-30 07:09:35 re/_trace.py:47 send_request_body.complete
DEBUG 2026-06-30 07:09:35 re/_trace.py:47 receive_response_headers.started request=<Request [b'HEAD']>
DEBUG 2026-06-30 07:09:35 re/_trace.py:47 receive_response_headers.complete return_value=(b'HTTP/1.1', 302, b'Found', [(b'Content-Type', b'text/plain; charset=utf-8'), (b'Content-Length', b'1056'), (b'Connection', b'keep-alive'), (b'Date', b'Tue, 30 Jun 2026 07:09:35 GMT'), (b'Location', b'https://cas-bridge.xethub.hf.co/xet-bridge-us/6a4276dae074855e8c8cddb1/9dd93e910400c4b525893858456056d4fd1d89e54001a37e2d8c0788f675d99b?Expires=1782806975&Policy=eyJTdGF0ZW1lbnQiOlt7IlJlc291cmNlIjoiaHR0cHM6Ly9jYXMtYnJpZGdlLnhldGh1Yi5oZi5jby94ZXQtYnJpZGdlLXVzLzZhNDI3NmRhZTA3NDg1NWU4YzhjZGRiMS85ZGQ5M2U5MTA0MDBjNGI1MjU4OTM4NTg0NTYwNTZkNGZkMWQ4OWU1NDAwMWEzN2UyZDhjMDc4OGY2NzVkOTliKiIsIkNvbmRpdGlvbiI6eyJEYXRlTGVzc1RoYW4iOnsiQVdTOkVwb2NoVGltZSI6MTc4MjgwNjk3NX19fV19&Signature=MEYCIQDk30BD-9Eg0ITt04h8n1jUUIhXKS7BzGGeCM%7E6nePbWwIhAKwJmLLvb5UbQhafXpJmVpc1eavIVptlIp%7EfySV-o5P4&Key-Pair-Id=K1LYXO563TGWFU&X-Xet-Cas-Uid=6968a8befacf9a9b049da27a&response-content-disposition=inline%3B+filename*%3DUTF-8%27%27file-008.mp4%3B+filename%3D%22file-008.mp4%22%3B&response-content-type=video%2Fmp4&X-Amz-Algorithm=AWS4-HMAC-SHA256&X-Amz-Credential=cas%2F20260630%2Fus-east-1%2Fs3%2Faws4_request&X-Amz-Date=20260630T070935Z&X-Amz-Expires=3600&X-Amz-SignedHeaders=host&X-Amz-Signature=9b32d983a960f07a182710c5a81998eb8cd11d5f5603fe61c7fc38a69fe9d2b9'), (b'X-Powered-By', b'huggingface-moon'), (b'X-Request-Id', b'Root=1-6a436baf-5c7be78726a2460f1b0495c7;65ae5dcd-ab54-47f6-8da5-06a6be63a2a6'), (b'RateLimit', b'"resolvers";r=4956;t=247'), (b'RateLimit-Policy', b'"fixed window";"resolvers";q=5000;w=300'), (b'cross-origin-opener-policy', b'same-origin'), (b'Referrer-Policy', b'strict-origin-when-cross-origin'), (b'Access-Control-Max-Age', b'86400'), (b'Access-Control-Allow-Origin', b'https://huggingface.co'), (b'Vary', b'Origin, Accept'), (b'Access-Control-Expose-Headers', b'X-Repo-Commit,X-Request-Id,X-Error-Code,X-Error-Message,X-Total-Count,ETag,Link,Accept-Ranges,Content-Range,X-Linked-Size,X-Linked-ETag,X-Xet-Hash'), (b'X-Repo-Commit', b'1f7ed68357ecdbd8e31415414359f4e43a355b15'), (b'Accept-Ranges', b'bytes'), (b'X-Hub-Cache', b'MISS'), (b'X-Linked-Size', b'90432848'), (b'X-Linked-ETag', b'"2f0814be201486a665bec0a5f25133373415a4a5e0a957ca77da5d2d111bf2fd"'), (b'X-Xet-Hash', b'9dd93e910400c4b525893858456056d4fd1d89e54001a37e2d8c0788f675d99b'), (b'Link', b'<https://huggingface.co/api/datasets/coport-uni/FR5_task3_turn_the_sliver_air_valve_90_degress_counterclockwise_100/xet-read-token/1f7ed68357ecdbd8e31415414359f4e43a355b15>; rel="xet-auth", <https://cas-server.xethub.hf.co/v1/reconstructions/9dd93e910400c4b525893858456056d4fd1d89e54001a37e2d8c0788f675d99b>; rel="xet-reconstruction-info"'), (b'X-Cache', b'Miss from cloudfront'), (b'Via', b'1.1 c84f725aa1244c57e6ad6d1072d23c54.cloudfront.net (CloudFront)'), (b'X-Amz-Cf-Pop', b'ICN57-P5'), (b'X-Amz-Cf-Id', b'Qe0XA8kbnzrSG_6XvHJwUiZrwGMYJLB7xFFiXp5joFTHwJXb1UdBcw==')])
INFO 2026-06-30 07:09:35 _client.py:1025 HTTP Request: HEAD https://huggingface.co/datasets/coport-uni/FR5_task3_turn_the_sliver_air_valve_90_degress_counterclockwise_100/resolve/1f7ed68357ecdbd8e31415414359f4e43a355b15/videos/observation.images.hand/chunk-000/file-008.mp4 "HTTP/1.1 302 Found"
DEBUG 2026-06-30 07:09:35 re/_trace.py:47 receive_response_body.started request=<Request [b'HEAD']>
DEBUG 2026-06-30 07:09:35 re/_trace.py:47 receive_response_body.complete
DEBUG 2026-06-30 07:09:35 re/_trace.py:47 response_closed.started
DEBUG 2026-06-30 07:09:35 re/_trace.py:47 response_closed.complete
DEBUG 2026-06-30 07:09:35 ock/_api.py:501 Attempting to acquire lock 132611813474576 on /root/.cache/huggingface/lerobot/coport-uni/FR5_task3_turn_the_sliver_air_valve_90_degress_counterclockwise_100/.cache/huggingface/download/videos/observation.images.hand/chunk-000/file-008.mp4.lock
DEBUG 2026-06-30 07:09:35 ock/_api.py:504 Lock 132611813474576 acquired on /root/.cache/huggingface/lerobot/coport-uni/FR5_task3_turn_the_sliver_air_valve_90_degress_counterclockwise_100/.cache/huggingface/download/videos/observation.images.hand/chunk-000/file-008.mp4.lock
DEBUG 2026-06-30 07:09:36 ock/_api.py:541 Attempting to release lock 132611813705776 on /root/.cache/huggingface/lerobot/coport-uni/FR5_task3_turn_the_sliver_air_valve_90_degress_counterclockwise_100/.cache/huggingface/download/videos/observation.images.hand/chunk-000/file-007.mp4.lock
DEBUG 2026-06-30 07:09:36 ock/_api.py:545 Lock 132611813705776 released on /root/.cache/huggingface/lerobot/coport-uni/FR5_task3_turn_the_sliver_air_valve_90_degress_counterclockwise_100/.cache/huggingface/download/videos/observation.images.hand/chunk-000/file-007.mp4.lock
DEBUG 2026-06-30 07:09:36 ock/_api.py:501 Attempting to acquire lock 132620758086384 on /root/.cache/huggingface/lerobot/coport-uni/FR5_task3_turn_the_sliver_air_valve_90_degress_counterclockwise_100/.cache/huggingface/download/videos/observation.images.hand/chunk-000/file-007.mp4.lock
DEBUG 2026-06-30 07:09:36 ock/_api.py:504 Lock 132620758086384 acquired on /root/.cache/huggingface/lerobot/coport-uni/FR5_task3_turn_the_sliver_air_valve_90_degress_counterclockwise_100/.cache/huggingface/download/videos/observation.images.hand/chunk-000/file-007.mp4.lock
DEBUG 2026-06-30 07:09:36 ock/_api.py:541 Attempting to release lock 132620758086384 on /root/.cache/huggingface/lerobot/coport-uni/FR5_task3_turn_the_sliver_air_valve_90_degress_counterclockwise_100/.cache/huggingface/download/videos/observation.images.hand/chunk-000/file-007.mp4.lock
DEBUG 2026-06-30 07:09:36 ock/_api.py:545 Lock 132620758086384 released on /root/.cache/huggingface/lerobot/coport-uni/FR5_task3_turn_the_sliver_air_valve_90_degress_counterclockwise_100/.cache/huggingface/download/videos/observation.images.hand/chunk-000/file-007.mp4.lock
DEBUG 2026-06-30 07:09:36 ock/_api.py:501 Attempting to acquire lock 132620758086384 on /root/.cache/huggingface/lerobot/coport-uni/FR5_task3_turn_the_sliver_air_valve_90_degress_counterclockwise_100/.cache/huggingface/download/videos/observation.images.hand/chunk-000/file-009.mp4.lock
DEBUG 2026-06-30 07:09:36 ock/_api.py:504 Lock 132620758086384 acquired on /root/.cache/huggingface/lerobot/coport-uni/FR5_task3_turn_the_sliver_air_valve_90_degress_counterclockwise_100/.cache/huggingface/download/videos/observation.images.hand/chunk-000/file-009.mp4.lock
DEBUG 2026-06-30 07:09:36 ock/_api.py:541 Attempting to release lock 132620758086384 on /root/.cache/huggingface/lerobot/coport-uni/FR5_task3_turn_the_sliver_air_valve_90_degress_counterclockwise_100/.cache/huggingface/download/videos/observation.images.hand/chunk-000/file-009.mp4.lock
DEBUG 2026-06-30 07:09:36 ock/_api.py:545 Lock 132620758086384 released on /root/.cache/huggingface/lerobot/coport-uni/FR5_task3_turn_the_sliver_air_valve_90_degress_counterclockwise_100/.cache/huggingface/download/videos/observation.images.hand/chunk-000/file-009.mp4.lock
DEBUG 2026-06-30 07:09:36 re/_trace.py:47 send_request_headers.started request=<Request [b'HEAD']>
DEBUG 2026-06-30 07:09:36 re/_trace.py:47 send_request_headers.complete
DEBUG 2026-06-30 07:09:36 re/_trace.py:47 send_request_body.started request=<Request [b'HEAD']>
DEBUG 2026-06-30 07:09:36 re/_trace.py:47 send_request_body.complete
DEBUG 2026-06-30 07:09:36 re/_trace.py:47 receive_response_headers.started request=<Request [b'HEAD']>
DEBUG 2026-06-30 07:09:36 re/_trace.py:47 receive_response_headers.complete return_value=(b'HTTP/1.1', 302, b'Found', [(b'Content-Type', b'text/plain; charset=utf-8'), (b'Content-Length', b'1052'), (b'Connection', b'keep-alive'), (b'Date', b'Tue, 30 Jun 2026 07:09:36 GMT'), (b'Location', b'https://cas-bridge.xethub.hf.co/xet-bridge-us/6a4276dae074855e8c8cddb1/669c8ac915c8d67ec94baeadfc12a4eb387a38b247eee730ddd513689a6e19bc?Expires=1782806976&Policy=eyJTdGF0ZW1lbnQiOlt7IlJlc291cmNlIjoiaHR0cHM6Ly9jYXMtYnJpZGdlLnhldGh1Yi5oZi5jby94ZXQtYnJpZGdlLXVzLzZhNDI3NmRhZTA3NDg1NWU4YzhjZGRiMS82NjljOGFjOTE1YzhkNjdlYzk0YmFlYWRmYzEyYTRlYjM4N2EzOGIyNDdlZWU3MzBkZGQ1MTM2ODlhNmUxOWJjKiIsIkNvbmRpdGlvbiI6eyJEYXRlTGVzc1RoYW4iOnsiQVdTOkVwb2NoVGltZSI6MTc4MjgwNjk3Nn19fV19&Signature=MEYCIQD6XBeAaHwHIxZfXNGq7JG13dhCw6vx9E9QVMv8TF5cRwIhAJjIt0BKmo-nKDgmwHVjLgu8TlY9Fvstb99RPspEfylc&Key-Pair-Id=K1LYXO563TGWFU&X-Xet-Cas-Uid=6968a8befacf9a9b049da27a&response-content-disposition=inline%3B+filename*%3DUTF-8%27%27file-009.mp4%3B+filename%3D%22file-009.mp4%22%3B&response-content-type=video%2Fmp4&X-Amz-Algorithm=AWS4-HMAC-SHA256&X-Amz-Credential=cas%2F20260630%2Fus-east-1%2Fs3%2Faws4_request&X-Amz-Date=20260630T070936Z&X-Amz-Expires=3600&X-Amz-SignedHeaders=host&X-Amz-Signature=347e93b8acc718ff070a04e10f10e929cb9e0eff36c2450a3263969371fc8d8a'), (b'X-Powered-By', b'huggingface-moon'), (b'X-Request-Id', b'Root=1-6a436bb0-55326ba86ad689f56c92853f;5bf6d61e-80f6-4576-8a48-c56fe2e4e369'), (b'RateLimit', b'"resolvers";r=4955;t=246'), (b'RateLimit-Policy', b'"fixed window";"resolvers";q=5000;w=300'), (b'cross-origin-opener-policy', b'same-origin'), (b'Referrer-Policy', b'strict-origin-when-cross-origin'), (b'Access-Control-Max-Age', b'86400'), (b'Access-Control-Allow-Origin', b'https://huggingface.co'), (b'Vary', b'Origin, Accept'), (b'Access-Control-Expose-Headers', b'X-Repo-Commit,X-Request-Id,X-Error-Code,X-Error-Message,X-Total-Count,ETag,Link,Accept-Ranges,Content-Range,X-Linked-Size,X-Linked-ETag,X-Xet-Hash'), (b'X-Repo-Commit', b'1f7ed68357ecdbd8e31415414359f4e43a355b15'), (b'Accept-Ranges', b'bytes'), (b'X-Hub-Cache', b'MISS'), (b'X-Linked-Size', b'85226150'), (b'X-Linked-ETag', b'"778273498d8dee46f0da9ef5c3477f02454a1ad8e74e995ca7b655a758282d60"'), (b'X-Xet-Hash', b'669c8ac915c8d67ec94baeadfc12a4eb387a38b247eee730ddd513689a6e19bc'), (b'Link', b'<https://huggingface.co/api/datasets/coport-uni/FR5_task3_turn_the_sliver_air_valve_90_degress_counterclockwise_100/xet-read-token/1f7ed68357ecdbd8e31415414359f4e43a355b15>; rel="xet-auth", <https://cas-server.xethub.hf.co/v1/reconstructions/669c8ac915c8d67ec94baeadfc12a4eb387a38b247eee730ddd513689a6e19bc>; rel="xet-reconstruction-info"'), (b'X-Cache', b'Miss from cloudfront'), (b'Via', b'1.1 c84f725aa1244c57e6ad6d1072d23c54.cloudfront.net (CloudFront)'), (b'X-Amz-Cf-Pop', b'ICN57-P5'), (b'X-Amz-Cf-Id', b'g1fwi_qBDOFLM5NFmi-6u4znDwmhVLf3XbMVBLI1Ame5u6m1VtNXLQ==')])
INFO 2026-06-30 07:09:36 _client.py:1025 HTTP Request: HEAD https://huggingface.co/datasets/coport-uni/FR5_task3_turn_the_sliver_air_valve_90_degress_counterclockwise_100/resolve/1f7ed68357ecdbd8e31415414359f4e43a355b15/videos/observation.images.hand/chunk-000/file-009.mp4 "HTTP/1.1 302 Found"
DEBUG 2026-06-30 07:09:36 re/_trace.py:47 receive_response_body.started request=<Request [b'HEAD']>
DEBUG 2026-06-30 07:09:36 re/_trace.py:47 receive_response_body.complete
DEBUG 2026-06-30 07:09:36 re/_trace.py:47 response_closed.started
DEBUG 2026-06-30 07:09:36 re/_trace.py:47 response_closed.complete
DEBUG 2026-06-30 07:09:36 ock/_api.py:501 Attempting to acquire lock 132611813781584 on /root/.cache/huggingface/lerobot/coport-uni/FR5_task3_turn_the_sliver_air_valve_90_degress_counterclockwise_100/.cache/huggingface/download/videos/observation.images.hand/chunk-000/file-009.mp4.lock
DEBUG 2026-06-30 07:09:36 ock/_api.py:504 Lock 132611813781584 acquired on /root/.cache/huggingface/lerobot/coport-uni/FR5_task3_turn_the_sliver_air_valve_90_degress_counterclockwise_100/.cache/huggingface/download/videos/observation.images.hand/chunk-000/file-009.mp4.lock
DEBUG 2026-06-30 07:09:36 ock/_api.py:541 Attempting to release lock 132611814537648 on /root/.cache/huggingface/lerobot/coport-uni/FR5_task3_turn_the_sliver_air_valve_90_degress_counterclockwise_100/.cache/huggingface/download/videos/observation.images.hand/chunk-000/file-006.mp4.lock
DEBUG 2026-06-30 07:09:36 ock/_api.py:545 Lock 132611814537648 released on /root/.cache/huggingface/lerobot/coport-uni/FR5_task3_turn_the_sliver_air_valve_90_degress_counterclockwise_100/.cache/huggingface/download/videos/observation.images.hand/chunk-000/file-006.mp4.lock
DEBUG 2026-06-30 07:09:36 ock/_api.py:501 Attempting to acquire lock 132611813477264 on /root/.cache/huggingface/lerobot/coport-uni/FR5_task3_turn_the_sliver_air_valve_90_degress_counterclockwise_100/.cache/huggingface/download/videos/observation.images.hand/chunk-000/file-006.mp4.lock
DEBUG 2026-06-30 07:09:36 ock/_api.py:504 Lock 132611813477264 acquired on /root/.cache/huggingface/lerobot/coport-uni/FR5_task3_turn_the_sliver_air_valve_90_degress_counterclockwise_100/.cache/huggingface/download/videos/observation.images.hand/chunk-000/file-006.mp4.lock
DEBUG 2026-06-30 07:09:36 ock/_api.py:541 Attempting to release lock 132611813477264 on /root/.cache/huggingface/lerobot/coport-uni/FR5_task3_turn_the_sliver_air_valve_90_degress_counterclockwise_100/.cache/huggingface/download/videos/observation.images.hand/chunk-000/file-006.mp4.lock
DEBUG 2026-06-30 07:09:36 ock/_api.py:545 Lock 132611813477264 released on /root/.cache/huggingface/lerobot/coport-uni/FR5_task3_turn_the_sliver_air_valve_90_degress_counterclockwise_100/.cache/huggingface/download/videos/observation.images.hand/chunk-000/file-006.mp4.lock
DEBUG 2026-06-30 07:09:36 ock/_api.py:501 Attempting to acquire lock 132611813736128 on /root/.cache/huggingface/lerobot/coport-uni/FR5_task3_turn_the_sliver_air_valve_90_degress_counterclockwise_100/.cache/huggingface/download/videos/observation.images.top_left/chunk-000/file-000.mp4.lock
DEBUG 2026-06-30 07:09:36 ock/_api.py:504 Lock 132611813736128 acquired on /root/.cache/huggingface/lerobot/coport-uni/FR5_task3_turn_the_sliver_air_valve_90_degress_counterclockwise_100/.cache/huggingface/download/videos/observation.images.top_left/chunk-000/file-000.mp4.lock
DEBUG 2026-06-30 07:09:36 ock/_api.py:541 Attempting to release lock 132611813736128 on /root/.cache/huggingface/lerobot/coport-uni/FR5_task3_turn_the_sliver_air_valve_90_degress_counterclockwise_100/.cache/huggingface/download/videos/observation.images.top_left/chunk-000/file-000.mp4.lock
DEBUG 2026-06-30 07:09:36 ock/_api.py:545 Lock 132611813736128 released on /root/.cache/huggingface/lerobot/coport-uni/FR5_task3_turn_the_sliver_air_valve_90_degress_counterclockwise_100/.cache/huggingface/download/videos/observation.images.top_left/chunk-000/file-000.mp4.lock
DEBUG 2026-06-30 07:09:36 re/_trace.py:47 send_request_headers.started request=<Request [b'HEAD']>
DEBUG 2026-06-30 07:09:36 re/_trace.py:47 send_request_headers.complete
DEBUG 2026-06-30 07:09:36 re/_trace.py:47 send_request_body.started request=<Request [b'HEAD']>
DEBUG 2026-06-30 07:09:36 re/_trace.py:47 send_request_body.complete
DEBUG 2026-06-30 07:09:36 re/_trace.py:47 receive_response_headers.started request=<Request [b'HEAD']>
DEBUG 2026-06-30 07:09:37 re/_trace.py:47 receive_response_headers.complete return_value=(b'HTTP/1.1', 302, b'Found', [(b'Content-Type', b'text/plain; charset=utf-8'), (b'Content-Length', b'1056'), (b'Connection', b'keep-alive'), (b'Date', b'Tue, 30 Jun 2026 07:09:37 GMT'), (b'Location', b'https://cas-bridge.xethub.hf.co/xet-bridge-us/6a4276dae074855e8c8cddb1/0e607c7ddc125383aa3df4a533c042424b7ffcbd225640c50451b2e61f2e25fa?Expires=1782806977&Policy=eyJTdGF0ZW1lbnQiOlt7IlJlc291cmNlIjoiaHR0cHM6Ly9jYXMtYnJpZGdlLnhldGh1Yi5oZi5jby94ZXQtYnJpZGdlLXVzLzZhNDI3NmRhZTA3NDg1NWU4YzhjZGRiMS8wZTYwN2M3ZGRjMTI1MzgzYWEzZGY0YTUzM2MwNDI0MjRiN2ZmY2JkMjI1NjQwYzUwNDUxYjJlNjFmMmUyNWZhKiIsIkNvbmRpdGlvbiI6eyJEYXRlTGVzc1RoYW4iOnsiQVdTOkVwb2NoVGltZSI6MTc4MjgwNjk3N319fV19&Signature=MEUCIQDlLDobqgfqGUA70nqltqtqix%7EFHo1g0oeAohm0gnPP7QIgGblYC6szldvW0vViRAzs%7E0ozKFvkGJjuD7dwIHeYpJY_&Key-Pair-Id=K1LYXO563TGWFU&X-Xet-Cas-Uid=6968a8befacf9a9b049da27a&response-content-type=video%2Fmp4&response-content-disposition=inline%3B+filename*%3DUTF-8%27%27file-000.mp4%3B+filename%3D%22file-000.mp4%22%3B&X-Amz-Algorithm=AWS4-HMAC-SHA256&X-Amz-Credential=cas%2F20260630%2Fus-east-1%2Fs3%2Faws4_request&X-Amz-Date=20260630T070937Z&X-Amz-Expires=3600&X-Amz-SignedHeaders=host&X-Amz-Signature=67b42a3d3e40e0b3fb3fc9c8bc946b2df1119e0f618bfea4a83e394e262f1bf8'), (b'X-Powered-By', b'huggingface-moon'), (b'X-Request-Id', b'Root=1-6a436bb1-39509161097ee228339d77da;8e2d73e8-41b2-4826-a0c5-639bc74bc459'), (b'RateLimit', b'"resolvers";r=4954;t=245'), (b'RateLimit-Policy', b'"fixed window";"resolvers";q=5000;w=300'), (b'cross-origin-opener-policy', b'same-origin'), (b'Referrer-Policy', b'strict-origin-when-cross-origin'), (b'Access-Control-Max-Age', b'86400'), (b'Access-Control-Allow-Origin', b'https://huggingface.co'), (b'Vary', b'Origin, Accept'), (b'Access-Control-Expose-Headers', b'X-Repo-Commit,X-Request-Id,X-Error-Code,X-Error-Message,X-Total-Count,ETag,Link,Accept-Ranges,Content-Range,X-Linked-Size,X-Linked-ETag,X-Xet-Hash'), (b'X-Repo-Commit', b'1f7ed68357ecdbd8e31415414359f4e43a355b15'), (b'Accept-Ranges', b'bytes'), (b'X-Hub-Cache', b'MISS'), (b'X-Linked-Size', b'193209807'), (b'X-Linked-ETag', b'"e10831905938dfc1a4a516a01827d298c3afa98fe82f936db516924c78c696bc"'), (b'X-Xet-Hash', b'0e607c7ddc125383aa3df4a533c042424b7ffcbd225640c50451b2e61f2e25fa'), (b'Link', b'<https://huggingface.co/api/datasets/coport-uni/FR5_task3_turn_the_sliver_air_valve_90_degress_counterclockwise_100/xet-read-token/1f7ed68357ecdbd8e31415414359f4e43a355b15>; rel="xet-auth", <https://cas-server.xethub.hf.co/v1/reconstructions/0e607c7ddc125383aa3df4a533c042424b7ffcbd225640c50451b2e61f2e25fa>; rel="xet-reconstruction-info"'), (b'X-Cache', b'Miss from cloudfront'), (b'Via', b'1.1 c84f725aa1244c57e6ad6d1072d23c54.cloudfront.net (CloudFront)'), (b'X-Amz-Cf-Pop', b'ICN57-P5'), (b'X-Amz-Cf-Id', b'87d8LylMUZ8-HFPpgfJDvpubGO4P8U_y7VJeKdxJK80wBKcrf14oqQ==')])
INFO 2026-06-30 07:09:37 _client.py:1025 HTTP Request: HEAD https://huggingface.co/datasets/coport-uni/FR5_task3_turn_the_sliver_air_valve_90_degress_counterclockwise_100/resolve/1f7ed68357ecdbd8e31415414359f4e43a355b15/videos/observation.images.top_left/chunk-000/file-000.mp4 "HTTP/1.1 302 Found"
DEBUG 2026-06-30 07:09:37 re/_trace.py:47 receive_response_body.started request=<Request [b'HEAD']>
DEBUG 2026-06-30 07:09:37 re/_trace.py:47 receive_response_body.complete
DEBUG 2026-06-30 07:09:37 re/_trace.py:47 response_closed.started
DEBUG 2026-06-30 07:09:37 re/_trace.py:47 response_closed.complete
DEBUG 2026-06-30 07:09:37 ock/_api.py:501 Attempting to acquire lock 132611813783984 on /root/.cache/huggingface/lerobot/coport-uni/FR5_task3_turn_the_sliver_air_valve_90_degress_counterclockwise_100/.cache/huggingface/download/videos/observation.images.top_left/chunk-000/file-000.mp4.lock
DEBUG 2026-06-30 07:09:37 ock/_api.py:504 Lock 132611813783984 acquired on /root/.cache/huggingface/lerobot/coport-uni/FR5_task3_turn_the_sliver_air_valve_90_degress_counterclockwise_100/.cache/huggingface/download/videos/observation.images.top_left/chunk-000/file-000.mp4.lock
DEBUG 2026-06-30 07:09:37 ock/_api.py:541 Attempting to release lock 132611813727056 on /root/.cache/huggingface/lerobot/coport-uni/FR5_task3_turn_the_sliver_air_valve_90_degress_counterclockwise_100/.cache/huggingface/download/videos/observation.images.hand/chunk-000/file-004.mp4.lock
DEBUG 2026-06-30 07:09:37 ock/_api.py:545 Lock 132611813727056 released on /root/.cache/huggingface/lerobot/coport-uni/FR5_task3_turn_the_sliver_air_valve_90_degress_counterclockwise_100/.cache/huggingface/download/videos/observation.images.hand/chunk-000/file-004.mp4.lock
DEBUG 2026-06-30 07:09:37 ock/_api.py:501 Attempting to acquire lock 132611814801232 on /root/.cache/huggingface/lerobot/coport-uni/FR5_task3_turn_the_sliver_air_valve_90_degress_counterclockwise_100/.cache/huggingface/download/videos/observation.images.hand/chunk-000/file-004.mp4.lock
DEBUG 2026-06-30 07:09:37 ock/_api.py:504 Lock 132611814801232 acquired on /root/.cache/huggingface/lerobot/coport-uni/FR5_task3_turn_the_sliver_air_valve_90_degress_counterclockwise_100/.cache/huggingface/download/videos/observation.images.hand/chunk-000/file-004.mp4.lock
DEBUG 2026-06-30 07:09:37 ock/_api.py:541 Attempting to release lock 132611814801232 on /root/.cache/huggingface/lerobot/coport-uni/FR5_task3_turn_the_sliver_air_valve_90_degress_counterclockwise_100/.cache/huggingface/download/videos/observation.images.hand/chunk-000/file-004.mp4.lock
DEBUG 2026-06-30 07:09:37 ock/_api.py:545 Lock 132611814801232 released on /root/.cache/huggingface/lerobot/coport-uni/FR5_task3_turn_the_sliver_air_valve_90_degress_counterclockwise_100/.cache/huggingface/download/videos/observation.images.hand/chunk-000/file-004.mp4.lock
DEBUG 2026-06-30 07:09:37 ock/_api.py:501 Attempting to acquire lock 132611814801232 on /root/.cache/huggingface/lerobot/coport-uni/FR5_task3_turn_the_sliver_air_valve_90_degress_counterclockwise_100/.cache/huggingface/download/videos/observation.images.top_left/chunk-000/file-001.mp4.lock
DEBUG 2026-06-30 07:09:37 ock/_api.py:504 Lock 132611814801232 acquired on /root/.cache/huggingface/lerobot/coport-uni/FR5_task3_turn_the_sliver_air_valve_90_degress_counterclockwise_100/.cache/huggingface/download/videos/observation.images.top_left/chunk-000/file-001.mp4.lock
DEBUG 2026-06-30 07:09:37 ock/_api.py:541 Attempting to release lock 132611814801232 on /root/.cache/huggingface/lerobot/coport-uni/FR5_task3_turn_the_sliver_air_valve_90_degress_counterclockwise_100/.cache/huggingface/download/videos/observation.images.top_left/chunk-000/file-001.mp4.lock
DEBUG 2026-06-30 07:09:37 ock/_api.py:545 Lock 132611814801232 released on /root/.cache/huggingface/lerobot/coport-uni/FR5_task3_turn_the_sliver_air_valve_90_degress_counterclockwise_100/.cache/huggingface/download/videos/observation.images.top_left/chunk-000/file-001.mp4.lock
DEBUG 2026-06-30 07:09:37 re/_trace.py:47 send_request_headers.started request=<Request [b'HEAD']>
DEBUG 2026-06-30 07:09:37 re/_trace.py:47 send_request_headers.complete
DEBUG 2026-06-30 07:09:37 re/_trace.py:47 send_request_body.started request=<Request [b'HEAD']>
DEBUG 2026-06-30 07:09:37 re/_trace.py:47 send_request_body.complete
DEBUG 2026-06-30 07:09:37 re/_trace.py:47 receive_response_headers.started request=<Request [b'HEAD']>
DEBUG 2026-06-30 07:09:37 re/_trace.py:47 receive_response_headers.complete return_value=(b'HTTP/1.1', 302, b'Found', [(b'Content-Type', b'text/plain; charset=utf-8'), (b'Content-Length', b'1054'), (b'Connection', b'keep-alive'), (b'Date', b'Tue, 30 Jun 2026 07:09:37 GMT'), (b'Location', b'https://cas-bridge.xethub.hf.co/xet-bridge-us/6a4276dae074855e8c8cddb1/2129423d79aa2827a14a9673c94abf42c84c6582c56c8f220ea7113d8482b218?Expires=1782806977&Policy=eyJTdGF0ZW1lbnQiOlt7IlJlc291cmNlIjoiaHR0cHM6Ly9jYXMtYnJpZGdlLnhldGh1Yi5oZi5jby94ZXQtYnJpZGdlLXVzLzZhNDI3NmRhZTA3NDg1NWU4YzhjZGRiMS8yMTI5NDIzZDc5YWEyODI3YTE0YTk2NzNjOTRhYmY0MmM4NGM2NTgyYzU2YzhmMjIwZWE3MTEzZDg0ODJiMjE4KiIsIkNvbmRpdGlvbiI6eyJEYXRlTGVzc1RoYW4iOnsiQVdTOkVwb2NoVGltZSI6MTc4MjgwNjk3N319fV19&Signature=MEUCIFWeUTLuMdtf0Dxi7qezyDg3xGiflHR7AH4TYitOfzIiAiEAlrRD-gTGJc-htjFRjyqj-gp18gTm5omu5C%7E14L6YQmU_&Key-Pair-Id=K1LYXO563TGWFU&response-content-disposition=inline%3B+filename*%3DUTF-8%27%27file-001.mp4%3B+filename%3D%22file-001.mp4%22%3B&response-content-type=video%2Fmp4&X-Xet-Cas-Uid=6968a8befacf9a9b049da27a&X-Amz-Algorithm=AWS4-HMAC-SHA256&X-Amz-Credential=cas%2F20260630%2Fus-east-1%2Fs3%2Faws4_request&X-Amz-Date=20260630T070937Z&X-Amz-Expires=3600&X-Amz-SignedHeaders=host&X-Amz-Signature=cb9c55e40f83ee4d9359471217765dff3eb03204ef771e406be5ef278db9d60a'), (b'X-Powered-By', b'huggingface-moon'), (b'X-Request-Id', b'Root=1-6a436bb1-79fb39ea62a392a0551d48b2;f5ab5afa-6d34-4b3a-acac-effe235e526c'), (b'RateLimit', b'"resolvers";r=4953;t=245'), (b'RateLimit-Policy', b'"fixed window";"resolvers";q=5000;w=300'), (b'cross-origin-opener-policy', b'same-origin'), (b'Referrer-Policy', b'strict-origin-when-cross-origin'), (b'Access-Control-Max-Age', b'86400'), (b'Access-Control-Allow-Origin', b'https://huggingface.co'), (b'Vary', b'Origin, Accept'), (b'Access-Control-Expose-Headers', b'X-Repo-Commit,X-Request-Id,X-Error-Code,X-Error-Message,X-Total-Count,ETag,Link,Accept-Ranges,Content-Range,X-Linked-Size,X-Linked-ETag,X-Xet-Hash'), (b'X-Repo-Commit', b'1f7ed68357ecdbd8e31415414359f4e43a355b15'), (b'Accept-Ranges', b'bytes'), (b'X-Hub-Cache', b'MISS'), (b'X-Linked-Size', b'17620147'), (b'X-Linked-ETag', b'"bacbd65fb266c75ae4bcc269356a6bd3e43f0e14e91ce6c8ee092eb8cbc71367"'), (b'X-Xet-Hash', b'2129423d79aa2827a14a9673c94abf42c84c6582c56c8f220ea7113d8482b218'), (b'Link', b'<https://huggingface.co/api/datasets/coport-uni/FR5_task3_turn_the_sliver_air_valve_90_degress_counterclockwise_100/xet-read-token/1f7ed68357ecdbd8e31415414359f4e43a355b15>; rel="xet-auth", <https://cas-server.xethub.hf.co/v1/reconstructions/2129423d79aa2827a14a9673c94abf42c84c6582c56c8f220ea7113d8482b218>; rel="xet-reconstruction-info"'), (b'X-Cache', b'Miss from cloudfront'), (b'Via', b'1.1 c84f725aa1244c57e6ad6d1072d23c54.cloudfront.net (CloudFront)'), (b'X-Amz-Cf-Pop', b'ICN57-P5'), (b'X-Amz-Cf-Id', b'ZlAe46uPpyEwZb3HXzuQMHL-u3ebylkpTLihFtAPi9fL99LfITkHUg==')])
INFO 2026-06-30 07:09:37 _client.py:1025 HTTP Request: HEAD https://huggingface.co/datasets/coport-uni/FR5_task3_turn_the_sliver_air_valve_90_degress_counterclockwise_100/resolve/1f7ed68357ecdbd8e31415414359f4e43a355b15/videos/observation.images.top_left/chunk-000/file-001.mp4 "HTTP/1.1 302 Found"
DEBUG 2026-06-30 07:09:37 re/_trace.py:47 receive_response_body.started request=<Request [b'HEAD']>
DEBUG 2026-06-30 07:09:37 re/_trace.py:47 receive_response_body.complete
DEBUG 2026-06-30 07:09:37 re/_trace.py:47 response_closed.started
DEBUG 2026-06-30 07:09:37 re/_trace.py:47 response_closed.complete
DEBUG 2026-06-30 07:09:37 ock/_api.py:501 Attempting to acquire lock 132611814801232 on /root/.cache/huggingface/lerobot/coport-uni/FR5_task3_turn_the_sliver_air_valve_90_degress_counterclockwise_100/.cache/huggingface/download/videos/observation.images.top_left/chunk-000/file-001.mp4.lock
DEBUG 2026-06-30 07:09:37 ock/_api.py:504 Lock 132611814801232 acquired on /root/.cache/huggingface/lerobot/coport-uni/FR5_task3_turn_the_sliver_air_valve_90_degress_counterclockwise_100/.cache/huggingface/download/videos/observation.images.top_left/chunk-000/file-001.mp4.lock
DEBUG 2026-06-30 07:09:37 ock/_api.py:541 Attempting to release lock 132611813486720 on /root/.cache/huggingface/lerobot/coport-uni/FR5_task3_turn_the_sliver_air_valve_90_degress_counterclockwise_100/.cache/huggingface/download/videos/observation.images.hand/chunk-000/file-005.mp4.lock
DEBUG 2026-06-30 07:09:37 ock/_api.py:545 Lock 132611813486720 released on /root/.cache/huggingface/lerobot/coport-uni/FR5_task3_turn_the_sliver_air_valve_90_degress_counterclockwise_100/.cache/huggingface/download/videos/observation.images.hand/chunk-000/file-005.mp4.lock
DEBUG 2026-06-30 07:09:37 ock/_api.py:501 Attempting to acquire lock 132611813478704 on /root/.cache/huggingface/lerobot/coport-uni/FR5_task3_turn_the_sliver_air_valve_90_degress_counterclockwise_100/.cache/huggingface/download/videos/observation.images.hand/chunk-000/file-005.mp4.lock
DEBUG 2026-06-30 07:09:37 ock/_api.py:504 Lock 132611813478704 acquired on /root/.cache/huggingface/lerobot/coport-uni/FR5_task3_turn_the_sliver_air_valve_90_degress_counterclockwise_100/.cache/huggingface/download/videos/observation.images.hand/chunk-000/file-005.mp4.lock
DEBUG 2026-06-30 07:09:37 ock/_api.py:541 Attempting to release lock 132611813478704 on /root/.cache/huggingface/lerobot/coport-uni/FR5_task3_turn_the_sliver_air_valve_90_degress_counterclockwise_100/.cache/huggingface/download/videos/observation.images.hand/chunk-000/file-005.mp4.lock
DEBUG 2026-06-30 07:09:37 ock/_api.py:545 Lock 132611813478704 released on /root/.cache/huggingface/lerobot/coport-uni/FR5_task3_turn_the_sliver_air_valve_90_degress_counterclockwise_100/.cache/huggingface/download/videos/observation.images.hand/chunk-000/file-005.mp4.lock
DEBUG 2026-06-30 07:09:37 ock/_api.py:501 Attempting to acquire lock 132611813478704 on /root/.cache/huggingface/lerobot/coport-uni/FR5_task3_turn_the_sliver_air_valve_90_degress_counterclockwise_100/.cache/huggingface/download/videos/observation.images.top_left/chunk-000/file-002.mp4.lock
DEBUG 2026-06-30 07:09:37 ock/_api.py:504 Lock 132611813478704 acquired on /root/.cache/huggingface/lerobot/coport-uni/FR5_task3_turn_the_sliver_air_valve_90_degress_counterclockwise_100/.cache/huggingface/download/videos/observation.images.top_left/chunk-000/file-002.mp4.lock
DEBUG 2026-06-30 07:09:37 ock/_api.py:541 Attempting to release lock 132611813478704 on /root/.cache/huggingface/lerobot/coport-uni/FR5_task3_turn_the_sliver_air_valve_90_degress_counterclockwise_100/.cache/huggingface/download/videos/observation.images.top_left/chunk-000/file-002.mp4.lock
DEBUG 2026-06-30 07:09:37 ock/_api.py:545 Lock 132611813478704 released on /root/.cache/huggingface/lerobot/coport-uni/FR5_task3_turn_the_sliver_air_valve_90_degress_counterclockwise_100/.cache/huggingface/download/videos/observation.images.top_left/chunk-000/file-002.mp4.lock
DEBUG 2026-06-30 07:09:37 re/_trace.py:47 send_request_headers.started request=<Request [b'HEAD']>
DEBUG 2026-06-30 07:09:37 re/_trace.py:47 send_request_headers.complete
DEBUG 2026-06-30 07:09:37 re/_trace.py:47 send_request_body.started request=<Request [b'HEAD']>
DEBUG 2026-06-30 07:09:37 re/_trace.py:47 send_request_body.complete
DEBUG 2026-06-30 07:09:37 re/_trace.py:47 receive_response_headers.started request=<Request [b'HEAD']>
DEBUG 2026-06-30 07:09:38 re/_trace.py:47 receive_response_headers.complete return_value=(b'HTTP/1.1', 302, b'Found', [(b'Content-Type', b'text/plain; charset=utf-8'), (b'Content-Length', b'1054'), (b'Connection', b'keep-alive'), (b'Date', b'Tue, 30 Jun 2026 07:09:37 GMT'), (b'Location', b'https://cas-bridge.xethub.hf.co/xet-bridge-us/6a4276dae074855e8c8cddb1/536336805329e8efb1e3aa1fff8faebd26dd6c44716315c025ef744949726ae5?Expires=1782806977&Policy=eyJTdGF0ZW1lbnQiOlt7IlJlc291cmNlIjoiaHR0cHM6Ly9jYXMtYnJpZGdlLnhldGh1Yi5oZi5jby94ZXQtYnJpZGdlLXVzLzZhNDI3NmRhZTA3NDg1NWU4YzhjZGRiMS81MzYzMzY4MDUzMjllOGVmYjFlM2FhMWZmZjhmYWViZDI2ZGQ2YzQ0NzE2MzE1YzAyNWVmNzQ0OTQ5NzI2YWU1KiIsIkNvbmRpdGlvbiI6eyJEYXRlTGVzc1RoYW4iOnsiQVdTOkVwb2NoVGltZSI6MTc4MjgwNjk3N319fV19&Signature=MEQCIBv-dl74Z13039MAfIUd0oRdpPge-7J9bzJacD8KrcS9AiAKaKZmNZaEdgl78PiZ6FYE2YFIolspcKPbF%7EcelEk-LQ__&Key-Pair-Id=K1LYXO563TGWFU&X-Xet-Cas-Uid=6968a8befacf9a9b049da27a&response-content-type=video%2Fmp4&response-content-disposition=inline%3B+filename*%3DUTF-8%27%27file-002.mp4%3B+filename%3D%22file-002.mp4%22%3B&X-Amz-Algorithm=AWS4-HMAC-SHA256&X-Amz-Credential=cas%2F20260630%2Fus-east-1%2Fs3%2Faws4_request&X-Amz-Date=20260630T070937Z&X-Amz-Expires=3600&X-Amz-SignedHeaders=host&X-Amz-Signature=6b33985c4001056619171e57a6e10969b27e67e4eb03304cf640fac4a64aefe5'), (b'X-Powered-By', b'huggingface-moon'), (b'X-Request-Id', b'Root=1-6a436bb1-74d2f658633335c81830a2c4;6a1c7ecb-6def-4063-8f7c-58b7bf797c89'), (b'RateLimit', b'"resolvers";r=4952;t=245'), (b'RateLimit-Policy', b'"fixed window";"resolvers";q=5000;w=300'), (b'cross-origin-opener-policy', b'same-origin'), (b'Referrer-Policy', b'strict-origin-when-cross-origin'), (b'Access-Control-Max-Age', b'86400'), (b'Access-Control-Allow-Origin', b'https://huggingface.co'), (b'Vary', b'Origin, Accept'), (b'Access-Control-Expose-Headers', b'X-Repo-Commit,X-Request-Id,X-Error-Code,X-Error-Message,X-Total-Count,ETag,Link,Accept-Ranges,Content-Range,X-Linked-Size,X-Linked-ETag,X-Xet-Hash'), (b'X-Repo-Commit', b'1f7ed68357ecdbd8e31415414359f4e43a355b15'), (b'Accept-Ranges', b'bytes'), (b'X-Hub-Cache', b'MISS'), (b'X-Linked-Size', b'182000830'), (b'X-Linked-ETag', b'"c8b8551228d976ff0e625957066b0339d779a7ee3eafd580480d142f81ea3f02"'), (b'X-Xet-Hash', b'536336805329e8efb1e3aa1fff8faebd26dd6c44716315c025ef744949726ae5'), (b'Link', b'<https://huggingface.co/api/datasets/coport-uni/FR5_task3_turn_the_sliver_air_valve_90_degress_counterclockwise_100/xet-read-token/1f7ed68357ecdbd8e31415414359f4e43a355b15>; rel="xet-auth", <https://cas-server.xethub.hf.co/v1/reconstructions/536336805329e8efb1e3aa1fff8faebd26dd6c44716315c025ef744949726ae5>; rel="xet-reconstruction-info"'), (b'X-Cache', b'Miss from cloudfront'), (b'Via', b'1.1 c84f725aa1244c57e6ad6d1072d23c54.cloudfront.net (CloudFront)'), (b'X-Amz-Cf-Pop', b'ICN57-P5'), (b'X-Amz-Cf-Id', b'gRsh9_zyC7r3X3jYdgoB0PqvH_x-eB2D_DjDKRrjTfk-5v1WtVeKmQ==')])
INFO 2026-06-30 07:09:38 _client.py:1025 HTTP Request: HEAD https://huggingface.co/datasets/coport-uni/FR5_task3_turn_the_sliver_air_valve_90_degress_counterclockwise_100/resolve/1f7ed68357ecdbd8e31415414359f4e43a355b15/videos/observation.images.top_left/chunk-000/file-002.mp4 "HTTP/1.1 302 Found"
DEBUG 2026-06-30 07:09:38 re/_trace.py:47 receive_response_body.started request=<Request [b'HEAD']>
DEBUG 2026-06-30 07:09:38 re/_trace.py:47 receive_response_body.complete
DEBUG 2026-06-30 07:09:38 re/_trace.py:47 response_closed.started
DEBUG 2026-06-30 07:09:38 re/_trace.py:47 response_closed.complete
DEBUG 2026-06-30 07:09:38 ock/_api.py:501 Attempting to acquire lock 132611813797200 on /root/.cache/huggingface/lerobot/coport-uni/FR5_task3_turn_the_sliver_air_valve_90_degress_counterclockwise_100/.cache/huggingface/download/videos/observation.images.top_left/chunk-000/file-002.mp4.lock
DEBUG 2026-06-30 07:09:38 ock/_api.py:504 Lock 132611813797200 acquired on /root/.cache/huggingface/lerobot/coport-uni/FR5_task3_turn_the_sliver_air_valve_90_degress_counterclockwise_100/.cache/huggingface/download/videos/observation.images.top_left/chunk-000/file-002.mp4.lock
DEBUG 2026-06-30 07:09:44 ock/_api.py:541 Attempting to release lock 132611813709328 on /root/.cache/huggingface/lerobot/coport-uni/FR5_task3_turn_the_sliver_air_valve_90_degress_counterclockwise_100/.cache/huggingface/download/videos/observation.images.hand/chunk-000/file-000.mp4.lock
DEBUG 2026-06-30 07:09:44 ock/_api.py:545 Lock 132611813709328 released on /root/.cache/huggingface/lerobot/coport-uni/FR5_task3_turn_the_sliver_air_valve_90_degress_counterclockwise_100/.cache/huggingface/download/videos/observation.images.hand/chunk-000/file-000.mp4.lock
DEBUG 2026-06-30 07:09:44 ock/_api.py:501 Attempting to acquire lock 132611813709328 on /root/.cache/huggingface/lerobot/coport-uni/FR5_task3_turn_the_sliver_air_valve_90_degress_counterclockwise_100/.cache/huggingface/download/videos/observation.images.hand/chunk-000/file-000.mp4.lock
DEBUG 2026-06-30 07:09:44 ock/_api.py:504 Lock 132611813709328 acquired on /root/.cache/huggingface/lerobot/coport-uni/FR5_task3_turn_the_sliver_air_valve_90_degress_counterclockwise_100/.cache/huggingface/download/videos/observation.images.hand/chunk-000/file-000.mp4.lock
DEBUG 2026-06-30 07:09:44 ock/_api.py:541 Attempting to release lock 132611813709328 on /root/.cache/huggingface/lerobot/coport-uni/FR5_task3_turn_the_sliver_air_valve_90_degress_counterclockwise_100/.cache/huggingface/download/videos/observation.images.hand/chunk-000/file-000.mp4.lock
DEBUG 2026-06-30 07:09:44 ock/_api.py:545 Lock 132611813709328 released on /root/.cache/huggingface/lerobot/coport-uni/FR5_task3_turn_the_sliver_air_valve_90_degress_counterclockwise_100/.cache/huggingface/download/videos/observation.images.hand/chunk-000/file-000.mp4.lock
DEBUG 2026-06-30 07:09:44 ock/_api.py:501 Attempting to acquire lock 132611815123776 on /root/.cache/huggingface/lerobot/coport-uni/FR5_task3_turn_the_sliver_air_valve_90_degress_counterclockwise_100/.cache/huggingface/download/videos/observation.images.top_left/chunk-000/file-003.mp4.lock
DEBUG 2026-06-30 07:09:44 ock/_api.py:504 Lock 132611815123776 acquired on /root/.cache/huggingface/lerobot/coport-uni/FR5_task3_turn_the_sliver_air_valve_90_degress_counterclockwise_100/.cache/huggingface/download/videos/observation.images.top_left/chunk-000/file-003.mp4.lock
DEBUG 2026-06-30 07:09:44 ock/_api.py:541 Attempting to release lock 132611815123776 on /root/.cache/huggingface/lerobot/coport-uni/FR5_task3_turn_the_sliver_air_valve_90_degress_counterclockwise_100/.cache/huggingface/download/videos/observation.images.top_left/chunk-000/file-003.mp4.lock
DEBUG 2026-06-30 07:09:44 ock/_api.py:545 Lock 132611815123776 released on /root/.cache/huggingface/lerobot/coport-uni/FR5_task3_turn_the_sliver_air_valve_90_degress_counterclockwise_100/.cache/huggingface/download/videos/observation.images.top_left/chunk-000/file-003.mp4.lock
DEBUG 2026-06-30 07:09:44 re/_trace.py:47 close.started
DEBUG 2026-06-30 07:09:44 re/_trace.py:47 close.complete
DEBUG 2026-06-30 07:09:44 re/_trace.py:47 connect_tcp.started host='huggingface.co' port=443 local_address=None timeout=10 socket_options=None
DEBUG 2026-06-30 07:09:44 re/_trace.py:47 connect_tcp.complete return_value=<httpcore._backends.sync.SyncStream object at 0x789c180df470>
DEBUG 2026-06-30 07:09:44 re/_trace.py:47 start_tls.started ssl_context=<ssl.SSLContext object at 0x789c1818c450> server_hostname='huggingface.co' timeout=10
DEBUG 2026-06-30 07:09:44 re/_trace.py:47 start_tls.complete return_value=<httpcore._backends.sync.SyncStream object at 0x789c182215e0>
DEBUG 2026-06-30 07:09:44 re/_trace.py:47 send_request_headers.started request=<Request [b'HEAD']>
DEBUG 2026-06-30 07:09:44 re/_trace.py:47 send_request_headers.complete
DEBUG 2026-06-30 07:09:44 re/_trace.py:47 send_request_body.started request=<Request [b'HEAD']>
DEBUG 2026-06-30 07:09:44 re/_trace.py:47 send_request_body.complete
DEBUG 2026-06-30 07:09:44 re/_trace.py:47 receive_response_headers.started request=<Request [b'HEAD']>
DEBUG 2026-06-30 07:09:44 re/_trace.py:47 receive_response_headers.complete return_value=(b'HTTP/1.1', 302, b'Found', [(b'Content-Type', b'text/plain; charset=utf-8'), (b'Content-Length', b'1056'), (b'Connection', b'keep-alive'), (b'Date', b'Tue, 30 Jun 2026 07:09:44 GMT'), (b'Location', b'https://cas-bridge.xethub.hf.co/xet-bridge-us/6a4276dae074855e8c8cddb1/1ae367b28e4ccbeb61ff088466cf58a1e3acccd44c10656e4edfc32456aa3fb0?Expires=1782806984&Policy=eyJTdGF0ZW1lbnQiOlt7IlJlc291cmNlIjoiaHR0cHM6Ly9jYXMtYnJpZGdlLnhldGh1Yi5oZi5jby94ZXQtYnJpZGdlLXVzLzZhNDI3NmRhZTA3NDg1NWU4YzhjZGRiMS8xYWUzNjdiMjhlNGNjYmViNjFmZjA4ODQ2NmNmNThhMWUzYWNjY2Q0NGMxMDY1NmU0ZWRmYzMyNDU2YWEzZmIwKiIsIkNvbmRpdGlvbiI6eyJEYXRlTGVzc1RoYW4iOnsiQVdTOkVwb2NoVGltZSI6MTc4MjgwNjk4NH19fV19&Signature=MEUCIDAM4URe8HKv7J2J4fgH-rv-NqVNe6QWu7kuqnS1-N3PAiEAoFHy2RHUhs7im9CZ6Vxbun%7ED0P%7ExmRZfk6vKLQMmyDU_&Key-Pair-Id=K1LYXO563TGWFU&X-Xet-Cas-Uid=6968a8befacf9a9b049da27a&response-content-type=video%2Fmp4&response-content-disposition=inline%3B+filename*%3DUTF-8%27%27file-003.mp4%3B+filename%3D%22file-003.mp4%22%3B&X-Amz-Algorithm=AWS4-HMAC-SHA256&X-Amz-Credential=cas%2F20260630%2Fus-east-1%2Fs3%2Faws4_request&X-Amz-Date=20260630T070944Z&X-Amz-Expires=3600&X-Amz-SignedHeaders=host&X-Amz-Signature=cbf4052160afca6d45ac4924df2bbc962c0b060bc3f9923b87eebffdf180b47f'), (b'X-Powered-By', b'huggingface-moon'), (b'X-Request-Id', b'Root=1-6a436bb8-7398e421418981b52e7bfd93;88f3eb8e-51b0-4190-af38-7c74f6ebc2bc'), (b'RateLimit', b'"resolvers";r=4951;t=238'), (b'RateLimit-Policy', b'"fixed window";"resolvers";q=5000;w=300'), (b'cross-origin-opener-policy', b'same-origin'), (b'Referrer-Policy', b'strict-origin-when-cross-origin'), (b'Access-Control-Max-Age', b'86400'), (b'Access-Control-Allow-Origin', b'https://huggingface.co'), (b'Vary', b'Origin, Accept'), (b'Access-Control-Expose-Headers', b'X-Repo-Commit,X-Request-Id,X-Error-Code,X-Error-Message,X-Total-Count,ETag,Link,Accept-Ranges,Content-Range,X-Linked-Size,X-Linked-ETag,X-Xet-Hash'), (b'X-Repo-Commit', b'1f7ed68357ecdbd8e31415414359f4e43a355b15'), (b'Accept-Ranges', b'bytes'), (b'X-Hub-Cache', b'MISS'), (b'X-Linked-Size', b'202254877'), (b'X-Linked-ETag', b'"1767ba7be3fb69d1306f5edd1addc4630c7c78ed38dd2913268f1dfb49718239"'), (b'X-Xet-Hash', b'1ae367b28e4ccbeb61ff088466cf58a1e3acccd44c10656e4edfc32456aa3fb0'), (b'Link', b'<https://huggingface.co/api/datasets/coport-uni/FR5_task3_turn_the_sliver_air_valve_90_degress_counterclockwise_100/xet-read-token/1f7ed68357ecdbd8e31415414359f4e43a355b15>; rel="xet-auth", <https://cas-server.xethub.hf.co/v1/reconstructions/1ae367b28e4ccbeb61ff088466cf58a1e3acccd44c10656e4edfc32456aa3fb0>; rel="xet-reconstruction-info"'), (b'X-Cache', b'Miss from cloudfront'), (b'Via', b'1.1 b9a1af77d43aa3dc21e274044ae4499e.cloudfront.net (CloudFront)'), (b'X-Amz-Cf-Pop', b'ICN57-P5'), (b'X-Amz-Cf-Id', b'J4Xj-YxDpNncfF1_Qru-np4sQpdMcGaJAzhC0oCGAURG1uPi2Np3nw==')])
INFO 2026-06-30 07:09:44 _client.py:1025 HTTP Request: HEAD https://huggingface.co/datasets/coport-uni/FR5_task3_turn_the_sliver_air_valve_90_degress_counterclockwise_100/resolve/1f7ed68357ecdbd8e31415414359f4e43a355b15/videos/observation.images.top_left/chunk-000/file-003.mp4 "HTTP/1.1 302 Found"
DEBUG 2026-06-30 07:09:44 re/_trace.py:47 receive_response_body.started request=<Request [b'HEAD']>
DEBUG 2026-06-30 07:09:44 re/_trace.py:47 receive_response_body.complete
DEBUG 2026-06-30 07:09:44 re/_trace.py:47 response_closed.started
DEBUG 2026-06-30 07:09:44 re/_trace.py:47 response_closed.complete
DEBUG 2026-06-30 07:09:44 ock/_api.py:501 Attempting to acquire lock 132611813793456 on /root/.cache/huggingface/lerobot/coport-uni/FR5_task3_turn_the_sliver_air_valve_90_degress_counterclockwise_100/.cache/huggingface/download/videos/observation.images.top_left/chunk-000/file-003.mp4.lock
DEBUG 2026-06-30 07:09:44 ock/_api.py:504 Lock 132611813793456 acquired on /root/.cache/huggingface/lerobot/coport-uni/FR5_task3_turn_the_sliver_air_valve_90_degress_counterclockwise_100/.cache/huggingface/download/videos/observation.images.top_left/chunk-000/file-003.mp4.lock
DEBUG 2026-06-30 07:09:45 ock/_api.py:541 Attempting to release lock 132611813797200 on /root/.cache/huggingface/lerobot/coport-uni/FR5_task3_turn_the_sliver_air_valve_90_degress_counterclockwise_100/.cache/huggingface/download/videos/observation.images.top_left/chunk-000/file-002.mp4.lock
DEBUG 2026-06-30 07:09:45 ock/_api.py:545 Lock 132611813797200 released on /root/.cache/huggingface/lerobot/coport-uni/FR5_task3_turn_the_sliver_air_valve_90_degress_counterclockwise_100/.cache/huggingface/download/videos/observation.images.top_left/chunk-000/file-002.mp4.lock
DEBUG 2026-06-30 07:09:45 ock/_api.py:501 Attempting to acquire lock 132611813797968 on /root/.cache/huggingface/lerobot/coport-uni/FR5_task3_turn_the_sliver_air_valve_90_degress_counterclockwise_100/.cache/huggingface/download/videos/observation.images.top_left/chunk-000/file-002.mp4.lock
DEBUG 2026-06-30 07:09:45 ock/_api.py:504 Lock 132611813797968 acquired on /root/.cache/huggingface/lerobot/coport-uni/FR5_task3_turn_the_sliver_air_valve_90_degress_counterclockwise_100/.cache/huggingface/download/videos/observation.images.top_left/chunk-000/file-002.mp4.lock
DEBUG 2026-06-30 07:09:45 ock/_api.py:541 Attempting to release lock 132611813797968 on /root/.cache/huggingface/lerobot/coport-uni/FR5_task3_turn_the_sliver_air_valve_90_degress_counterclockwise_100/.cache/huggingface/download/videos/observation.images.top_left/chunk-000/file-002.mp4.lock
DEBUG 2026-06-30 07:09:45 ock/_api.py:545 Lock 132611813797968 released on /root/.cache/huggingface/lerobot/coport-uni/FR5_task3_turn_the_sliver_air_valve_90_degress_counterclockwise_100/.cache/huggingface/download/videos/observation.images.top_left/chunk-000/file-002.mp4.lock
DEBUG 2026-06-30 07:09:45 ock/_api.py:501 Attempting to acquire lock 132611813796960 on /root/.cache/huggingface/lerobot/coport-uni/FR5_task3_turn_the_sliver_air_valve_90_degress_counterclockwise_100/.cache/huggingface/download/videos/observation.images.top_left/chunk-000/file-004.mp4.lock
DEBUG 2026-06-30 07:09:45 ock/_api.py:504 Lock 132611813796960 acquired on /root/.cache/huggingface/lerobot/coport-uni/FR5_task3_turn_the_sliver_air_valve_90_degress_counterclockwise_100/.cache/huggingface/download/videos/observation.images.top_left/chunk-000/file-004.mp4.lock
DEBUG 2026-06-30 07:09:45 ock/_api.py:541 Attempting to release lock 132611813796960 on /root/.cache/huggingface/lerobot/coport-uni/FR5_task3_turn_the_sliver_air_valve_90_degress_counterclockwise_100/.cache/huggingface/download/videos/observation.images.top_left/chunk-000/file-004.mp4.lock
DEBUG 2026-06-30 07:09:45 ock/_api.py:545 Lock 132611813796960 released on /root/.cache/huggingface/lerobot/coport-uni/FR5_task3_turn_the_sliver_air_valve_90_degress_counterclockwise_100/.cache/huggingface/download/videos/observation.images.top_left/chunk-000/file-004.mp4.lock
DEBUG 2026-06-30 07:09:45 re/_trace.py:47 send_request_headers.started request=<Request [b'HEAD']>
DEBUG 2026-06-30 07:09:45 re/_trace.py:47 send_request_headers.complete
DEBUG 2026-06-30 07:09:45 re/_trace.py:47 send_request_body.started request=<Request [b'HEAD']>
DEBUG 2026-06-30 07:09:45 re/_trace.py:47 send_request_body.complete
DEBUG 2026-06-30 07:09:45 re/_trace.py:47 receive_response_headers.started request=<Request [b'HEAD']>
DEBUG 2026-06-30 07:09:45 ock/_api.py:541 Attempting to release lock 132611813783984 on /root/.cache/huggingface/lerobot/coport-uni/FR5_task3_turn_the_sliver_air_valve_90_degress_counterclockwise_100/.cache/huggingface/download/videos/observation.images.top_left/chunk-000/file-000.mp4.lock
DEBUG 2026-06-30 07:09:45 ock/_api.py:545 Lock 132611813783984 released on /root/.cache/huggingface/lerobot/coport-uni/FR5_task3_turn_the_sliver_air_valve_90_degress_counterclockwise_100/.cache/huggingface/download/videos/observation.images.top_left/chunk-000/file-000.mp4.lock
DEBUG 2026-06-30 07:09:45 ock/_api.py:501 Attempting to acquire lock 132611813794368 on /root/.cache/huggingface/lerobot/coport-uni/FR5_task3_turn_the_sliver_air_valve_90_degress_counterclockwise_100/.cache/huggingface/download/videos/observation.images.top_left/chunk-000/file-000.mp4.lock
DEBUG 2026-06-30 07:09:45 ock/_api.py:504 Lock 132611813794368 acquired on /root/.cache/huggingface/lerobot/coport-uni/FR5_task3_turn_the_sliver_air_valve_90_degress_counterclockwise_100/.cache/huggingface/download/videos/observation.images.top_left/chunk-000/file-000.mp4.lock
DEBUG 2026-06-30 07:09:45 ock/_api.py:541 Attempting to release lock 132611813794368 on /root/.cache/huggingface/lerobot/coport-uni/FR5_task3_turn_the_sliver_air_valve_90_degress_counterclockwise_100/.cache/huggingface/download/videos/observation.images.top_left/chunk-000/file-000.mp4.lock
DEBUG 2026-06-30 07:09:45 ock/_api.py:545 Lock 132611813794368 released on /root/.cache/huggingface/lerobot/coport-uni/FR5_task3_turn_the_sliver_air_valve_90_degress_counterclockwise_100/.cache/huggingface/download/videos/observation.images.top_left/chunk-000/file-000.mp4.lock
DEBUG 2026-06-30 07:09:45 ock/_api.py:501 Attempting to acquire lock 132611813795808 on /root/.cache/huggingface/lerobot/coport-uni/FR5_task3_turn_the_sliver_air_valve_90_degress_counterclockwise_100/.cache/huggingface/download/videos/observation.images.top_left/chunk-000/file-005.mp4.lock
DEBUG 2026-06-30 07:09:45 ock/_api.py:504 Lock 132611813795808 acquired on /root/.cache/huggingface/lerobot/coport-uni/FR5_task3_turn_the_sliver_air_valve_90_degress_counterclockwise_100/.cache/huggingface/download/videos/observation.images.top_left/chunk-000/file-005.mp4.lock
DEBUG 2026-06-30 07:09:45 ock/_api.py:541 Attempting to release lock 132611813795808 on /root/.cache/huggingface/lerobot/coport-uni/FR5_task3_turn_the_sliver_air_valve_90_degress_counterclockwise_100/.cache/huggingface/download/videos/observation.images.top_left/chunk-000/file-005.mp4.lock
DEBUG 2026-06-30 07:09:45 ock/_api.py:545 Lock 132611813795808 released on /root/.cache/huggingface/lerobot/coport-uni/FR5_task3_turn_the_sliver_air_valve_90_degress_counterclockwise_100/.cache/huggingface/download/videos/observation.images.top_left/chunk-000/file-005.mp4.lock
DEBUG 2026-06-30 07:09:45 re/_trace.py:47 connect_tcp.started host='huggingface.co' port=443 local_address=None timeout=10 socket_options=None
DEBUG 2026-06-30 07:09:45 re/_trace.py:47 connect_tcp.complete return_value=<httpcore._backends.sync.SyncStream object at 0x789c180dcaa0>
DEBUG 2026-06-30 07:09:45 re/_trace.py:47 start_tls.started ssl_context=<ssl.SSLContext object at 0x789c1818c450> server_hostname='huggingface.co' timeout=10
DEBUG 2026-06-30 07:09:45 re/_trace.py:47 receive_response_headers.complete return_value=(b'HTTP/1.1', 302, b'Found', [(b'Content-Type', b'text/plain; charset=utf-8'), (b'Content-Length', b'1052'), (b'Connection', b'keep-alive'), (b'Date', b'Tue, 30 Jun 2026 07:09:45 GMT'), (b'Location', b'https://cas-bridge.xethub.hf.co/xet-bridge-us/6a4276dae074855e8c8cddb1/2b812c4f226e4e375271f8dbc4517f304e500b2d7a7c1eb78d4e8398ce123711?Expires=1782806985&Policy=eyJTdGF0ZW1lbnQiOlt7IlJlc291cmNlIjoiaHR0cHM6Ly9jYXMtYnJpZGdlLnhldGh1Yi5oZi5jby94ZXQtYnJpZGdlLXVzLzZhNDI3NmRhZTA3NDg1NWU4YzhjZGRiMS8yYjgxMmM0ZjIyNmU0ZTM3NTI3MWY4ZGJjNDUxN2YzMDRlNTAwYjJkN2E3YzFlYjc4ZDRlODM5OGNlMTIzNzExKiIsIkNvbmRpdGlvbiI6eyJEYXRlTGVzc1RoYW4iOnsiQVdTOkVwb2NoVGltZSI6MTc4MjgwNjk4NX19fV19&Signature=MEYCIQCbV9bYbNXdGyhTle9HM0yrQdfuDrLc-IxoQJneGWlk9AIhAJnJiA8m2HNTOLOzSHfrQha7Ee-lYwyW69yYu0pbFP0P&Key-Pair-Id=K1LYXO563TGWFU&X-Xet-Cas-Uid=6968a8befacf9a9b049da27a&response-content-type=video%2Fmp4&response-content-disposition=inline%3B+filename*%3DUTF-8%27%27file-004.mp4%3B+filename%3D%22file-004.mp4%22%3B&X-Amz-Algorithm=AWS4-HMAC-SHA256&X-Amz-Credential=cas%2F20260630%2Fus-east-1%2Fs3%2Faws4_request&X-Amz-Date=20260630T070945Z&X-Amz-Expires=3600&X-Amz-SignedHeaders=host&X-Amz-Signature=14640286526d4f5d2ba8a32e35d9b52020e4e2bc99c491c2ec5a075b3a0d0c4e'), (b'X-Powered-By', b'huggingface-moon'), (b'X-Request-Id', b'Root=1-6a436bb9-2e53f0b45077f7596b8b4b33;b92d8391-1a3a-41e0-9b87-0bf9077f27f7'), (b'RateLimit', b'"resolvers";r=4950;t=237'), (b'RateLimit-Policy', b'"fixed window";"resolvers";q=5000;w=300'), (b'cross-origin-opener-policy', b'same-origin'), (b'Referrer-Policy', b'strict-origin-when-cross-origin'), (b'Access-Control-Max-Age', b'86400'), (b'Access-Control-Allow-Origin', b'https://huggingface.co'), (b'Vary', b'Origin, Accept'), (b'Access-Control-Expose-Headers', b'X-Repo-Commit,X-Request-Id,X-Error-Code,X-Error-Message,X-Total-Count,ETag,Link,Accept-Ranges,Content-Range,X-Linked-Size,X-Linked-ETag,X-Xet-Hash'), (b'X-Repo-Commit', b'1f7ed68357ecdbd8e31415414359f4e43a355b15'), (b'Accept-Ranges', b'bytes'), (b'X-Hub-Cache', b'MISS'), (b'X-Linked-Size', b'195656569'), (b'X-Linked-ETag', b'"364df3cabb302734188da2620e0536db0359293ade394f17687e69a53f976f00"'), (b'X-Xet-Hash', b'2b812c4f226e4e375271f8dbc4517f304e500b2d7a7c1eb78d4e8398ce123711'), (b'Link', b'<https://huggingface.co/api/datasets/coport-uni/FR5_task3_turn_the_sliver_air_valve_90_degress_counterclockwise_100/xet-read-token/1f7ed68357ecdbd8e31415414359f4e43a355b15>; rel="xet-auth", <https://cas-server.xethub.hf.co/v1/reconstructions/2b812c4f226e4e375271f8dbc4517f304e500b2d7a7c1eb78d4e8398ce123711>; rel="xet-reconstruction-info"'), (b'X-Cache', b'Miss from cloudfront'), (b'Via', b'1.1 b9a1af77d43aa3dc21e274044ae4499e.cloudfront.net (CloudFront)'), (b'X-Amz-Cf-Pop', b'ICN57-P5'), (b'X-Amz-Cf-Id', b'B1gKj2qcQKzBcBv0qXsXitknXSaRmkPd7rHtC_NfK03lL4MPCz6Kdg==')])
INFO 2026-06-30 07:09:45 _client.py:1025 HTTP Request: HEAD https://huggingface.co/datasets/coport-uni/FR5_task3_turn_the_sliver_air_valve_90_degress_counterclockwise_100/resolve/1f7ed68357ecdbd8e31415414359f4e43a355b15/videos/observation.images.top_left/chunk-000/file-004.mp4 "HTTP/1.1 302 Found"
DEBUG 2026-06-30 07:09:45 re/_trace.py:47 receive_response_body.started request=<Request [b'HEAD']>
DEBUG 2026-06-30 07:09:45 re/_trace.py:47 receive_response_body.complete
DEBUG 2026-06-30 07:09:45 re/_trace.py:47 response_closed.started
DEBUG 2026-06-30 07:09:45 re/_trace.py:47 response_closed.complete
DEBUG 2026-06-30 07:09:45 ock/_api.py:501 Attempting to acquire lock 132611813787936 on /root/.cache/huggingface/lerobot/coport-uni/FR5_task3_turn_the_sliver_air_valve_90_degress_counterclockwise_100/.cache/huggingface/download/videos/observation.images.top_left/chunk-000/file-004.mp4.lock
DEBUG 2026-06-30 07:09:45 ock/_api.py:504 Lock 132611813787936 acquired on /root/.cache/huggingface/lerobot/coport-uni/FR5_task3_turn_the_sliver_air_valve_90_degress_counterclockwise_100/.cache/huggingface/download/videos/observation.images.top_left/chunk-000/file-004.mp4.lock
DEBUG 2026-06-30 07:09:45 re/_trace.py:47 start_tls.complete return_value=<httpcore._backends.sync.SyncStream object at 0x789c180ddcd0>
DEBUG 2026-06-30 07:09:45 re/_trace.py:47 send_request_headers.started request=<Request [b'HEAD']>
DEBUG 2026-06-30 07:09:45 re/_trace.py:47 send_request_headers.complete
DEBUG 2026-06-30 07:09:45 re/_trace.py:47 send_request_body.started request=<Request [b'HEAD']>
DEBUG 2026-06-30 07:09:45 re/_trace.py:47 send_request_body.complete
DEBUG 2026-06-30 07:09:45 re/_trace.py:47 receive_response_headers.started request=<Request [b'HEAD']>
DEBUG 2026-06-30 07:09:45 re/_trace.py:47 receive_response_headers.complete return_value=(b'HTTP/1.1', 302, b'Found', [(b'Content-Type', b'text/plain; charset=utf-8'), (b'Content-Length', b'1052'), (b'Connection', b'keep-alive'), (b'Date', b'Tue, 30 Jun 2026 07:09:45 GMT'), (b'Location', b'https://cas-bridge.xethub.hf.co/xet-bridge-us/6a4276dae074855e8c8cddb1/3b41cab1be4ff3de3b079b5fc32fd381fa92e4c56ff6746b97aab61a972e553f?Expires=1782806985&Policy=eyJTdGF0ZW1lbnQiOlt7IlJlc291cmNlIjoiaHR0cHM6Ly9jYXMtYnJpZGdlLnhldGh1Yi5oZi5jby94ZXQtYnJpZGdlLXVzLzZhNDI3NmRhZTA3NDg1NWU4YzhjZGRiMS8zYjQxY2FiMWJlNGZmM2RlM2IwNzliNWZjMzJmZDM4MWZhOTJlNGM1NmZmNjc0NmI5N2FhYjYxYTk3MmU1NTNmKiIsIkNvbmRpdGlvbiI6eyJEYXRlTGVzc1RoYW4iOnsiQVdTOkVwb2NoVGltZSI6MTc4MjgwNjk4NX19fV19&Signature=MEUCIDN8ettHWxMa6RNyTAvDLRtSjMmK2-y-x1RWMzzgk3VcAiEA2U1qyVxe3cwn97np8-As1tQPU-4EL79q39wRHA9WMd4_&Key-Pair-Id=K1LYXO563TGWFU&response-content-disposition=inline%3B+filename*%3DUTF-8%27%27file-005.mp4%3B+filename%3D%22file-005.mp4%22%3B&X-Xet-Cas-Uid=6968a8befacf9a9b049da27a&response-content-type=video%2Fmp4&X-Amz-Algorithm=AWS4-HMAC-SHA256&X-Amz-Credential=cas%2F20260630%2Fus-east-1%2Fs3%2Faws4_request&X-Amz-Date=20260630T070945Z&X-Amz-Expires=3600&X-Amz-SignedHeaders=host&X-Amz-Signature=6cccb74c8a27ca6515e7fef8baee9688d9c7a4d9f563e911ab68264080235b4f'), (b'X-Powered-By', b'huggingface-moon'), (b'X-Request-Id', b'Root=1-6a436bb9-7d2be7166a9bd9015bdd6753;ab8ff6d8-7a20-4bff-906d-9f7450eb555b'), (b'RateLimit', b'"resolvers";r=4949;t=237'), (b'RateLimit-Policy', b'"fixed window";"resolvers";q=5000;w=300'), (b'cross-origin-opener-policy', b'same-origin'), (b'Referrer-Policy', b'strict-origin-when-cross-origin'), (b'Access-Control-Max-Age', b'86400'), (b'Access-Control-Allow-Origin', b'https://huggingface.co'), (b'Vary', b'Origin, Accept'), (b'Access-Control-Expose-Headers', b'X-Repo-Commit,X-Request-Id,X-Error-Code,X-Error-Message,X-Total-Count,ETag,Link,Accept-Ranges,Content-Range,X-Linked-Size,X-Linked-ETag,X-Xet-Hash'), (b'X-Repo-Commit', b'1f7ed68357ecdbd8e31415414359f4e43a355b15'), (b'Accept-Ranges', b'bytes'), (b'X-Hub-Cache', b'MISS'), (b'X-Linked-Size', b'192267475'), (b'X-Linked-ETag', b'"683da325b0c0b37e7819172aaf1429bc1ee5682865d7d74bdf113667ab91b0bf"'), (b'X-Xet-Hash', b'3b41cab1be4ff3de3b079b5fc32fd381fa92e4c56ff6746b97aab61a972e553f'), (b'Link', b'<https://huggingface.co/api/datasets/coport-uni/FR5_task3_turn_the_sliver_air_valve_90_degress_counterclockwise_100/xet-read-token/1f7ed68357ecdbd8e31415414359f4e43a355b15>; rel="xet-auth", <https://cas-server.xethub.hf.co/v1/reconstructions/3b41cab1be4ff3de3b079b5fc32fd381fa92e4c56ff6746b97aab61a972e553f>; rel="xet-reconstruction-info"'), (b'X-Cache', b'Miss from cloudfront'), (b'Via', b'1.1 0a311f4b1a24ec1bb616391bb5bef318.cloudfront.net (CloudFront)'), (b'X-Amz-Cf-Pop', b'ICN57-P5'), (b'X-Amz-Cf-Id', b'LqE-fYwkmnxnDu74sn-_USH1UbzHm8h7_Eo2V4L9xs7xwQVow1YlXg==')])
INFO 2026-06-30 07:09:45 _client.py:1025 HTTP Request: HEAD https://huggingface.co/datasets/coport-uni/FR5_task3_turn_the_sliver_air_valve_90_degress_counterclockwise_100/resolve/1f7ed68357ecdbd8e31415414359f4e43a355b15/videos/observation.images.top_left/chunk-000/file-005.mp4 "HTTP/1.1 302 Found"
DEBUG 2026-06-30 07:09:45 re/_trace.py:47 receive_response_body.started request=<Request [b'HEAD']>
DEBUG 2026-06-30 07:09:45 re/_trace.py:47 receive_response_body.complete
DEBUG 2026-06-30 07:09:45 re/_trace.py:47 response_closed.started
DEBUG 2026-06-30 07:09:45 re/_trace.py:47 response_closed.complete
DEBUG 2026-06-30 07:09:45 ock/_api.py:501 Attempting to acquire lock 132611813789136 on /root/.cache/huggingface/lerobot/coport-uni/FR5_task3_turn_the_sliver_air_valve_90_degress_counterclockwise_100/.cache/huggingface/download/videos/observation.images.top_left/chunk-000/file-005.mp4.lock
DEBUG 2026-06-30 07:09:45 ock/_api.py:504 Lock 132611813789136 acquired on /root/.cache/huggingface/lerobot/coport-uni/FR5_task3_turn_the_sliver_air_valve_90_degress_counterclockwise_100/.cache/huggingface/download/videos/observation.images.top_left/chunk-000/file-005.mp4.lock
DEBUG 2026-06-30 07:09:46 ock/_api.py:541 Attempting to release lock 132611813781584 on /root/.cache/huggingface/lerobot/coport-uni/FR5_task3_turn_the_sliver_air_valve_90_degress_counterclockwise_100/.cache/huggingface/download/videos/observation.images.hand/chunk-000/file-009.mp4.lock
DEBUG 2026-06-30 07:09:46 ock/_api.py:545 Lock 132611813781584 released on /root/.cache/huggingface/lerobot/coport-uni/FR5_task3_turn_the_sliver_air_valve_90_degress_counterclockwise_100/.cache/huggingface/download/videos/observation.images.hand/chunk-000/file-009.mp4.lock
DEBUG 2026-06-30 07:09:46 ock/_api.py:501 Attempting to acquire lock 132611813784848 on /root/.cache/huggingface/lerobot/coport-uni/FR5_task3_turn_the_sliver_air_valve_90_degress_counterclockwise_100/.cache/huggingface/download/videos/observation.images.hand/chunk-000/file-009.mp4.lock
DEBUG 2026-06-30 07:09:46 ock/_api.py:504 Lock 132611813784848 acquired on /root/.cache/huggingface/lerobot/coport-uni/FR5_task3_turn_the_sliver_air_valve_90_degress_counterclockwise_100/.cache/huggingface/download/videos/observation.images.hand/chunk-000/file-009.mp4.lock
DEBUG 2026-06-30 07:09:46 ock/_api.py:541 Attempting to release lock 132611813784848 on /root/.cache/huggingface/lerobot/coport-uni/FR5_task3_turn_the_sliver_air_valve_90_degress_counterclockwise_100/.cache/huggingface/download/videos/observation.images.hand/chunk-000/file-009.mp4.lock
DEBUG 2026-06-30 07:09:46 ock/_api.py:545 Lock 132611813784848 released on /root/.cache/huggingface/lerobot/coport-uni/FR5_task3_turn_the_sliver_air_valve_90_degress_counterclockwise_100/.cache/huggingface/download/videos/observation.images.hand/chunk-000/file-009.mp4.lock
DEBUG 2026-06-30 07:09:46 ock/_api.py:501 Attempting to acquire lock 132611813784992 on /root/.cache/huggingface/lerobot/coport-uni/FR5_task3_turn_the_sliver_air_valve_90_degress_counterclockwise_100/.cache/huggingface/download/videos/observation.images.top_left/chunk-000/file-006.mp4.lock
DEBUG 2026-06-30 07:09:46 ock/_api.py:504 Lock 132611813784992 acquired on /root/.cache/huggingface/lerobot/coport-uni/FR5_task3_turn_the_sliver_air_valve_90_degress_counterclockwise_100/.cache/huggingface/download/videos/observation.images.top_left/chunk-000/file-006.mp4.lock
DEBUG 2026-06-30 07:09:46 ock/_api.py:541 Attempting to release lock 132611813784992 on /root/.cache/huggingface/lerobot/coport-uni/FR5_task3_turn_the_sliver_air_valve_90_degress_counterclockwise_100/.cache/huggingface/download/videos/observation.images.top_left/chunk-000/file-006.mp4.lock
DEBUG 2026-06-30 07:09:46 ock/_api.py:545 Lock 132611813784992 released on /root/.cache/huggingface/lerobot/coport-uni/FR5_task3_turn_the_sliver_air_valve_90_degress_counterclockwise_100/.cache/huggingface/download/videos/observation.images.top_left/chunk-000/file-006.mp4.lock
DEBUG 2026-06-30 07:09:46 re/_trace.py:47 send_request_headers.started request=<Request [b'HEAD']>
DEBUG 2026-06-30 07:09:46 re/_trace.py:47 send_request_headers.complete
DEBUG 2026-06-30 07:09:46 re/_trace.py:47 send_request_body.started request=<Request [b'HEAD']>
DEBUG 2026-06-30 07:09:46 re/_trace.py:47 send_request_body.complete
DEBUG 2026-06-30 07:09:46 re/_trace.py:47 receive_response_headers.started request=<Request [b'HEAD']>
DEBUG 2026-06-30 07:09:46 ock/_api.py:541 Attempting to release lock 132611815124448 on /root/.cache/huggingface/lerobot/coport-uni/FR5_task3_turn_the_sliver_air_valve_90_degress_counterclockwise_100/.cache/huggingface/download/videos/observation.images.hand/chunk-000/file-002.mp4.lock
DEBUG 2026-06-30 07:09:46 ock/_api.py:545 Lock 132611815124448 released on /root/.cache/huggingface/lerobot/coport-uni/FR5_task3_turn_the_sliver_air_valve_90_degress_counterclockwise_100/.cache/huggingface/download/videos/observation.images.hand/chunk-000/file-002.mp4.lock
DEBUG 2026-06-30 07:09:46 ock/_api.py:501 Attempting to acquire lock 132611813778128 on /root/.cache/huggingface/lerobot/coport-uni/FR5_task3_turn_the_sliver_air_valve_90_degress_counterclockwise_100/.cache/huggingface/download/videos/observation.images.hand/chunk-000/file-002.mp4.lock
DEBUG 2026-06-30 07:09:46 ock/_api.py:504 Lock 132611813778128 acquired on /root/.cache/huggingface/lerobot/coport-uni/FR5_task3_turn_the_sliver_air_valve_90_degress_counterclockwise_100/.cache/huggingface/download/videos/observation.images.hand/chunk-000/file-002.mp4.lock
DEBUG 2026-06-30 07:09:46 ock/_api.py:541 Attempting to release lock 132611813778128 on /root/.cache/huggingface/lerobot/coport-uni/FR5_task3_turn_the_sliver_air_valve_90_degress_counterclockwise_100/.cache/huggingface/download/videos/observation.images.hand/chunk-000/file-002.mp4.lock
DEBUG 2026-06-30 07:09:46 ock/_api.py:545 Lock 132611813778128 released on /root/.cache/huggingface/lerobot/coport-uni/FR5_task3_turn_the_sliver_air_valve_90_degress_counterclockwise_100/.cache/huggingface/download/videos/observation.images.hand/chunk-000/file-002.mp4.lock
DEBUG 2026-06-30 07:09:46 ock/_api.py:501 Attempting to acquire lock 132611813777984 on /root/.cache/huggingface/lerobot/coport-uni/FR5_task3_turn_the_sliver_air_valve_90_degress_counterclockwise_100/.cache/huggingface/download/videos/observation.images.top_left/chunk-000/file-007.mp4.lock
DEBUG 2026-06-30 07:09:46 ock/_api.py:504 Lock 132611813777984 acquired on /root/.cache/huggingface/lerobot/coport-uni/FR5_task3_turn_the_sliver_air_valve_90_degress_counterclockwise_100/.cache/huggingface/download/videos/observation.images.top_left/chunk-000/file-007.mp4.lock
DEBUG 2026-06-30 07:09:46 ock/_api.py:541 Attempting to release lock 132611813777984 on /root/.cache/huggingface/lerobot/coport-uni/FR5_task3_turn_the_sliver_air_valve_90_degress_counterclockwise_100/.cache/huggingface/download/videos/observation.images.top_left/chunk-000/file-007.mp4.lock
DEBUG 2026-06-30 07:09:46 ock/_api.py:545 Lock 132611813777984 released on /root/.cache/huggingface/lerobot/coport-uni/FR5_task3_turn_the_sliver_air_valve_90_degress_counterclockwise_100/.cache/huggingface/download/videos/observation.images.top_left/chunk-000/file-007.mp4.lock
DEBUG 2026-06-30 07:09:46 re/_trace.py:47 send_request_headers.started request=<Request [b'HEAD']>
DEBUG 2026-06-30 07:09:46 re/_trace.py:47 send_request_headers.complete
DEBUG 2026-06-30 07:09:46 re/_trace.py:47 send_request_body.started request=<Request [b'HEAD']>
DEBUG 2026-06-30 07:09:46 re/_trace.py:47 send_request_body.complete
DEBUG 2026-06-30 07:09:46 re/_trace.py:47 receive_response_headers.started request=<Request [b'HEAD']>
DEBUG 2026-06-30 07:09:46 re/_trace.py:47 receive_response_headers.complete return_value=(b'HTTP/1.1', 302, b'Found', [(b'Content-Type', b'text/plain; charset=utf-8'), (b'Content-Length', b'1052'), (b'Connection', b'keep-alive'), (b'Date', b'Tue, 30 Jun 2026 07:09:46 GMT'), (b'Location', b'https://cas-bridge.xethub.hf.co/xet-bridge-us/6a4276dae074855e8c8cddb1/1821eabd266419e4e15568335eb4c0fdd9fc4da5b8285f2a465dc39791df7d20?Expires=1782806986&Policy=eyJTdGF0ZW1lbnQiOlt7IlJlc291cmNlIjoiaHR0cHM6Ly9jYXMtYnJpZGdlLnhldGh1Yi5oZi5jby94ZXQtYnJpZGdlLXVzLzZhNDI3NmRhZTA3NDg1NWU4YzhjZGRiMS8xODIxZWFiZDI2NjQxOWU0ZTE1NTY4MzM1ZWI0YzBmZGQ5ZmM0ZGE1YjgyODVmMmE0NjVkYzM5NzkxZGY3ZDIwKiIsIkNvbmRpdGlvbiI6eyJEYXRlTGVzc1RoYW4iOnsiQVdTOkVwb2NoVGltZSI6MTc4MjgwNjk4Nn19fV19&Signature=MEUCIQCNrXZiEsxEIT96nMUX-OPFEKHgIPFmRWxhti-ZZAM9zgIgclf0ptybau0ytmx3zRVQKJ4MLwZeHcC5v9Sb0GR6nHM_&Key-Pair-Id=K1LYXO563TGWFU&X-Xet-Cas-Uid=6968a8befacf9a9b049da27a&response-content-type=video%2Fmp4&response-content-disposition=inline%3B+filename*%3DUTF-8%27%27file-006.mp4%3B+filename%3D%22file-006.mp4%22%3B&X-Amz-Algorithm=AWS4-HMAC-SHA256&X-Amz-Credential=cas%2F20260630%2Fus-east-1%2Fs3%2Faws4_request&X-Amz-Date=20260630T070946Z&X-Amz-Expires=3600&X-Amz-SignedHeaders=host&X-Amz-Signature=e2e88c2337644adead8d3f4732154b934f3156118bc403176fb35d0f1d404474'), (b'X-Powered-By', b'huggingface-moon'), (b'X-Request-Id', b'Root=1-6a436bba-42e199a914c7e5db71433f88;7d04dd37-9f2e-4e39-b0a5-73e120af7960'), (b'RateLimit', b'"resolvers";r=4948;t=236'), (b'RateLimit-Policy', b'"fixed window";"resolvers";q=5000;w=300'), (b'cross-origin-opener-policy', b'same-origin'), (b'Referrer-Policy', b'strict-origin-when-cross-origin'), (b'Access-Control-Max-Age', b'86400'), (b'Access-Control-Allow-Origin', b'https://huggingface.co'), (b'Vary', b'Origin, Accept'), (b'Access-Control-Expose-Headers', b'X-Repo-Commit,X-Request-Id,X-Error-Code,X-Error-Message,X-Total-Count,ETag,Link,Accept-Ranges,Content-Range,X-Linked-Size,X-Linked-ETag,X-Xet-Hash'), (b'X-Repo-Commit', b'1f7ed68357ecdbd8e31415414359f4e43a355b15'), (b'Accept-Ranges', b'bytes'), (b'X-Hub-Cache', b'MISS'), (b'X-Linked-Size', b'198576149'), (b'X-Linked-ETag', b'"4c31289fc772dbd6a1592051878478517a91e93667c10450373d13dfeb873868"'), (b'X-Xet-Hash', b'1821eabd266419e4e15568335eb4c0fdd9fc4da5b8285f2a465dc39791df7d20'), (b'Link', b'<https://huggingface.co/api/datasets/coport-uni/FR5_task3_turn_the_sliver_air_valve_90_degress_counterclockwise_100/xet-read-token/1f7ed68357ecdbd8e31415414359f4e43a355b15>; rel="xet-auth", <https://cas-server.xethub.hf.co/v1/reconstructions/1821eabd266419e4e15568335eb4c0fdd9fc4da5b8285f2a465dc39791df7d20>; rel="xet-reconstruction-info"'), (b'X-Cache', b'Miss from cloudfront'), (b'Via', b'1.1 b9a1af77d43aa3dc21e274044ae4499e.cloudfront.net (CloudFront)'), (b'X-Amz-Cf-Pop', b'ICN57-P5'), (b'X-Amz-Cf-Id', b'cmaGdu_6MqQhJgd1t8UBtbzW1vqhKH7gEILGI1AUmJr9APTG91hXJg==')])
INFO 2026-06-30 07:09:46 _client.py:1025 HTTP Request: HEAD https://huggingface.co/datasets/coport-uni/FR5_task3_turn_the_sliver_air_valve_90_degress_counterclockwise_100/resolve/1f7ed68357ecdbd8e31415414359f4e43a355b15/videos/observation.images.top_left/chunk-000/file-006.mp4 "HTTP/1.1 302 Found"
DEBUG 2026-06-30 07:09:46 re/_trace.py:47 receive_response_body.started request=<Request [b'HEAD']>
DEBUG 2026-06-30 07:09:46 re/_trace.py:47 receive_response_body.complete
DEBUG 2026-06-30 07:09:46 re/_trace.py:47 response_closed.started
DEBUG 2026-06-30 07:09:46 re/_trace.py:47 response_closed.complete
DEBUG 2026-06-30 07:09:46 ock/_api.py:501 Attempting to acquire lock 132611813774384 on /root/.cache/huggingface/lerobot/coport-uni/FR5_task3_turn_the_sliver_air_valve_90_degress_counterclockwise_100/.cache/huggingface/download/videos/observation.images.top_left/chunk-000/file-006.mp4.lock
DEBUG 2026-06-30 07:09:46 ock/_api.py:504 Lock 132611813774384 acquired on /root/.cache/huggingface/lerobot/coport-uni/FR5_task3_turn_the_sliver_air_valve_90_degress_counterclockwise_100/.cache/huggingface/download/videos/observation.images.top_left/chunk-000/file-006.mp4.lock
DEBUG 2026-06-30 07:09:46 re/_trace.py:47 receive_response_headers.complete return_value=(b'HTTP/1.1', 302, b'Found', [(b'Content-Type', b'text/plain; charset=utf-8'), (b'Content-Length', b'1052'), (b'Connection', b'keep-alive'), (b'Date', b'Tue, 30 Jun 2026 07:09:46 GMT'), (b'Location', b'https://cas-bridge.xethub.hf.co/xet-bridge-us/6a4276dae074855e8c8cddb1/c3be189474d9b5cd32779bf06cc8cabe9800b880db53c670c843ff884246d358?Expires=1782806986&Policy=eyJTdGF0ZW1lbnQiOlt7IlJlc291cmNlIjoiaHR0cHM6Ly9jYXMtYnJpZGdlLnhldGh1Yi5oZi5jby94ZXQtYnJpZGdlLXVzLzZhNDI3NmRhZTA3NDg1NWU4YzhjZGRiMS9jM2JlMTg5NDc0ZDliNWNkMzI3NzliZjA2Y2M4Y2FiZTk4MDBiODgwZGI1M2M2NzBjODQzZmY4ODQyNDZkMzU4KiIsIkNvbmRpdGlvbiI6eyJEYXRlTGVzc1RoYW4iOnsiQVdTOkVwb2NoVGltZSI6MTc4MjgwNjk4Nn19fV19&Signature=MEUCICsnp9sF0QBMDAn2KORq0AJWwtdWC9hqw99aRJiZcAskAiEA6kBi2NuaYis89SBKbQJ2Lryw3Z9-3ubp0n6MRhlN8lM_&Key-Pair-Id=K1LYXO563TGWFU&response-content-type=video%2Fmp4&X-Xet-Cas-Uid=6968a8befacf9a9b049da27a&response-content-disposition=inline%3B+filename*%3DUTF-8%27%27file-007.mp4%3B+filename%3D%22file-007.mp4%22%3B&X-Amz-Algorithm=AWS4-HMAC-SHA256&X-Amz-Credential=cas%2F20260630%2Fus-east-1%2Fs3%2Faws4_request&X-Amz-Date=20260630T070946Z&X-Amz-Expires=3600&X-Amz-SignedHeaders=host&X-Amz-Signature=454b527a741a84dfd7ed7f7385f2900cd51f809a4a604e3a56ab708019c8c7e0'), (b'X-Powered-By', b'huggingface-moon'), (b'X-Request-Id', b'Root=1-6a436bba-6bd9ed8a2b99a8e52ca82ce3;6961bb80-e899-4369-9167-332378344681'), (b'RateLimit', b'"resolvers";r=4947;t=236'), (b'RateLimit-Policy', b'"fixed window";"resolvers";q=5000;w=300'), (b'cross-origin-opener-policy', b'same-origin'), (b'Referrer-Policy', b'strict-origin-when-cross-origin'), (b'Access-Control-Max-Age', b'86400'), (b'Access-Control-Allow-Origin', b'https://huggingface.co'), (b'Vary', b'Origin, Accept'), (b'Access-Control-Expose-Headers', b'X-Repo-Commit,X-Request-Id,X-Error-Code,X-Error-Message,X-Total-Count,ETag,Link,Accept-Ranges,Content-Range,X-Linked-Size,X-Linked-ETag,X-Xet-Hash'), (b'X-Repo-Commit', b'1f7ed68357ecdbd8e31415414359f4e43a355b15'), (b'Accept-Ranges', b'bytes'), (b'X-Hub-Cache', b'MISS'), (b'X-Linked-Size', b'51619316'), (b'X-Linked-ETag', b'"c5887dae0bc27250332629aa2f9f806c6030d906836fc44bec79eee2bf1d9514"'), (b'X-Xet-Hash', b'c3be189474d9b5cd32779bf06cc8cabe9800b880db53c670c843ff884246d358'), (b'Link', b'<https://huggingface.co/api/datasets/coport-uni/FR5_task3_turn_the_sliver_air_valve_90_degress_counterclockwise_100/xet-read-token/1f7ed68357ecdbd8e31415414359f4e43a355b15>; rel="xet-auth", <https://cas-server.xethub.hf.co/v1/reconstructions/c3be189474d9b5cd32779bf06cc8cabe9800b880db53c670c843ff884246d358>; rel="xet-reconstruction-info"'), (b'X-Cache', b'Miss from cloudfront'), (b'Via', b'1.1 0a311f4b1a24ec1bb616391bb5bef318.cloudfront.net (CloudFront)'), (b'X-Amz-Cf-Pop', b'ICN57-P5'), (b'X-Amz-Cf-Id', b'AOrDvM15kvTAWIZAfsTopi5Zb6GGsg2RVhHAVE38MPgAjvWGC-YYJA==')])
INFO 2026-06-30 07:09:46 _client.py:1025 HTTP Request: HEAD https://huggingface.co/datasets/coport-uni/FR5_task3_turn_the_sliver_air_valve_90_degress_counterclockwise_100/resolve/1f7ed68357ecdbd8e31415414359f4e43a355b15/videos/observation.images.top_left/chunk-000/file-007.mp4 "HTTP/1.1 302 Found"
DEBUG 2026-06-30 07:09:46 re/_trace.py:47 receive_response_body.started request=<Request [b'HEAD']>
DEBUG 2026-06-30 07:09:46 re/_trace.py:47 receive_response_body.complete
DEBUG 2026-06-30 07:09:46 re/_trace.py:47 response_closed.started
DEBUG 2026-06-30 07:09:46 re/_trace.py:47 response_closed.complete
DEBUG 2026-06-30 07:09:46 ock/_api.py:501 Attempting to acquire lock 132611813782640 on /root/.cache/huggingface/lerobot/coport-uni/FR5_task3_turn_the_sliver_air_valve_90_degress_counterclockwise_100/.cache/huggingface/download/videos/observation.images.top_left/chunk-000/file-007.mp4.lock
DEBUG 2026-06-30 07:09:46 ock/_api.py:504 Lock 132611813782640 acquired on /root/.cache/huggingface/lerobot/coport-uni/FR5_task3_turn_the_sliver_air_valve_90_degress_counterclockwise_100/.cache/huggingface/download/videos/observation.images.top_left/chunk-000/file-007.mp4.lock
DEBUG 2026-06-30 07:09:47 ock/_api.py:541 Attempting to release lock 132620748948160 on /root/.cache/huggingface/lerobot/coport-uni/FR5_task3_turn_the_sliver_air_valve_90_degress_counterclockwise_100/.cache/huggingface/download/videos/observation.images.hand/chunk-000/file-001.mp4.lock
DEBUG 2026-06-30 07:09:47 ock/_api.py:545 Lock 132620748948160 released on /root/.cache/huggingface/lerobot/coport-uni/FR5_task3_turn_the_sliver_air_valve_90_degress_counterclockwise_100/.cache/huggingface/download/videos/observation.images.hand/chunk-000/file-001.mp4.lock
DEBUG 2026-06-30 07:09:47 ock/_api.py:501 Attempting to acquire lock 132611813772800 on /root/.cache/huggingface/lerobot/coport-uni/FR5_task3_turn_the_sliver_air_valve_90_degress_counterclockwise_100/.cache/huggingface/download/videos/observation.images.hand/chunk-000/file-001.mp4.lock
DEBUG 2026-06-30 07:09:47 ock/_api.py:504 Lock 132611813772800 acquired on /root/.cache/huggingface/lerobot/coport-uni/FR5_task3_turn_the_sliver_air_valve_90_degress_counterclockwise_100/.cache/huggingface/download/videos/observation.images.hand/chunk-000/file-001.mp4.lock
DEBUG 2026-06-30 07:09:47 ock/_api.py:541 Attempting to release lock 132611813772800 on /root/.cache/huggingface/lerobot/coport-uni/FR5_task3_turn_the_sliver_air_valve_90_degress_counterclockwise_100/.cache/huggingface/download/videos/observation.images.hand/chunk-000/file-001.mp4.lock
DEBUG 2026-06-30 07:09:47 ock/_api.py:545 Lock 132611813772800 released on /root/.cache/huggingface/lerobot/coport-uni/FR5_task3_turn_the_sliver_air_valve_90_degress_counterclockwise_100/.cache/huggingface/download/videos/observation.images.hand/chunk-000/file-001.mp4.lock
DEBUG 2026-06-30 07:09:47 ock/_api.py:501 Attempting to acquire lock 132611813770832 on /root/.cache/huggingface/lerobot/coport-uni/FR5_task3_turn_the_sliver_air_valve_90_degress_counterclockwise_100/.cache/huggingface/download/videos/observation.images.top_left/chunk-000/file-008.mp4.lock
DEBUG 2026-06-30 07:09:47 ock/_api.py:504 Lock 132611813770832 acquired on /root/.cache/huggingface/lerobot/coport-uni/FR5_task3_turn_the_sliver_air_valve_90_degress_counterclockwise_100/.cache/huggingface/download/videos/observation.images.top_left/chunk-000/file-008.mp4.lock
DEBUG 2026-06-30 07:09:47 ock/_api.py:541 Attempting to release lock 132611813770832 on /root/.cache/huggingface/lerobot/coport-uni/FR5_task3_turn_the_sliver_air_valve_90_degress_counterclockwise_100/.cache/huggingface/download/videos/observation.images.top_left/chunk-000/file-008.mp4.lock
DEBUG 2026-06-30 07:09:47 ock/_api.py:545 Lock 132611813770832 released on /root/.cache/huggingface/lerobot/coport-uni/FR5_task3_turn_the_sliver_air_valve_90_degress_counterclockwise_100/.cache/huggingface/download/videos/observation.images.top_left/chunk-000/file-008.mp4.lock
DEBUG 2026-06-30 07:09:47 re/_trace.py:47 send_request_headers.started request=<Request [b'HEAD']>
DEBUG 2026-06-30 07:09:47 re/_trace.py:47 send_request_headers.complete
DEBUG 2026-06-30 07:09:47 re/_trace.py:47 send_request_body.started request=<Request [b'HEAD']>
DEBUG 2026-06-30 07:09:47 re/_trace.py:47 send_request_body.complete
DEBUG 2026-06-30 07:09:47 re/_trace.py:47 receive_response_headers.started request=<Request [b'HEAD']>
DEBUG 2026-06-30 07:09:47 re/_trace.py:47 receive_response_headers.complete return_value=(b'HTTP/1.1', 302, b'Found', [(b'Content-Type', b'text/plain; charset=utf-8'), (b'Content-Length', b'1056'), (b'Connection', b'keep-alive'), (b'Date', b'Tue, 30 Jun 2026 07:09:47 GMT'), (b'Location', b'https://cas-bridge.xethub.hf.co/xet-bridge-us/6a4276dae074855e8c8cddb1/594f87b983118f9db4678fb172aa02a3e33445d20f96cb0bbdf7bce639a2dd14?Expires=1782806987&Policy=eyJTdGF0ZW1lbnQiOlt7IlJlc291cmNlIjoiaHR0cHM6Ly9jYXMtYnJpZGdlLnhldGh1Yi5oZi5jby94ZXQtYnJpZGdlLXVzLzZhNDI3NmRhZTA3NDg1NWU4YzhjZGRiMS81OTRmODdiOTgzMTE4ZjlkYjQ2NzhmYjE3MmFhMDJhM2UzMzQ0NWQyMGY5NmNiMGJiZGY3YmNlNjM5YTJkZDE0KiIsIkNvbmRpdGlvbiI6eyJEYXRlTGVzc1RoYW4iOnsiQVdTOkVwb2NoVGltZSI6MTc4MjgwNjk4N319fV19&Signature=MEUCIQCBE7Fik04CT-rQxYH0veOooooePWHS-43k7GVxl98DgQIgfU57n2e6%7EmWf2J-oHtfL9%7EJjJtQPhjt6sr8M1ZcFREI_&Key-Pair-Id=K1LYXO563TGWFU&response-content-disposition=inline%3B+filename*%3DUTF-8%27%27file-008.mp4%3B+filename%3D%22file-008.mp4%22%3B&X-Xet-Cas-Uid=6968a8befacf9a9b049da27a&response-content-type=video%2Fmp4&X-Amz-Algorithm=AWS4-HMAC-SHA256&X-Amz-Credential=cas%2F20260630%2Fus-east-1%2Fs3%2Faws4_request&X-Amz-Date=20260630T070947Z&X-Amz-Expires=3600&X-Amz-SignedHeaders=host&X-Amz-Signature=88116d3515a2369d07eebfbc4bbf96753379a5fae0ebde83b7989e206e284c70'), (b'X-Powered-By', b'huggingface-moon'), (b'X-Request-Id', b'Root=1-6a436bbb-2e2a2ff97a957ef12a3fcce7;621fd30f-778c-4ef4-901f-c3f15c2863aa'), (b'RateLimit', b'"resolvers";r=4946;t=235'), (b'RateLimit-Policy', b'"fixed window";"resolvers";q=5000;w=300'), (b'cross-origin-opener-policy', b'same-origin'), (b'Referrer-Policy', b'strict-origin-when-cross-origin'), (b'Access-Control-Max-Age', b'86400'), (b'Access-Control-Allow-Origin', b'https://huggingface.co'), (b'Vary', b'Origin, Accept'), (b'Access-Control-Expose-Headers', b'X-Repo-Commit,X-Request-Id,X-Error-Code,X-Error-Message,X-Total-Count,ETag,Link,Accept-Ranges,Content-Range,X-Linked-Size,X-Linked-ETag,X-Xet-Hash'), (b'X-Repo-Commit', b'1f7ed68357ecdbd8e31415414359f4e43a355b15'), (b'Accept-Ranges', b'bytes'), (b'X-Hub-Cache', b'MISS'), (b'X-Linked-Size', b'203675589'), (b'X-Linked-ETag', b'"2adac1e0aa0932b10ec08e4f182579c24a93d96f8f7fa147d12effbf87295801"'), (b'X-Xet-Hash', b'594f87b983118f9db4678fb172aa02a3e33445d20f96cb0bbdf7bce639a2dd14'), (b'Link', b'<https://huggingface.co/api/datasets/coport-uni/FR5_task3_turn_the_sliver_air_valve_90_degress_counterclockwise_100/xet-read-token/1f7ed68357ecdbd8e31415414359f4e43a355b15>; rel="xet-auth", <https://cas-server.xethub.hf.co/v1/reconstructions/594f87b983118f9db4678fb172aa02a3e33445d20f96cb0bbdf7bce639a2dd14>; rel="xet-reconstruction-info"'), (b'X-Cache', b'Miss from cloudfront'), (b'Via', b'1.1 b9a1af77d43aa3dc21e274044ae4499e.cloudfront.net (CloudFront)'), (b'X-Amz-Cf-Pop', b'ICN57-P5'), (b'X-Amz-Cf-Id', b'YMoxRroJTwXv80vMYvBql9u7kp5UYoArSjOyXpht4hE8vATfrFtUxQ==')])
INFO 2026-06-30 07:09:47 _client.py:1025 HTTP Request: HEAD https://huggingface.co/datasets/coport-uni/FR5_task3_turn_the_sliver_air_valve_90_degress_counterclockwise_100/resolve/1f7ed68357ecdbd8e31415414359f4e43a355b15/videos/observation.images.top_left/chunk-000/file-008.mp4 "HTTP/1.1 302 Found"
DEBUG 2026-06-30 07:09:47 re/_trace.py:47 receive_response_body.started request=<Request [b'HEAD']>
DEBUG 2026-06-30 07:09:47 re/_trace.py:47 receive_response_body.complete
DEBUG 2026-06-30 07:09:47 re/_trace.py:47 response_closed.started
DEBUG 2026-06-30 07:09:47 re/_trace.py:47 response_closed.complete
DEBUG 2026-06-30 07:09:47 ock/_api.py:501 Attempting to acquire lock 132611813772944 on /root/.cache/huggingface/lerobot/coport-uni/FR5_task3_turn_the_sliver_air_valve_90_degress_counterclockwise_100/.cache/huggingface/download/videos/observation.images.top_left/chunk-000/file-008.mp4.lock
DEBUG 2026-06-30 07:09:47 ock/_api.py:504 Lock 132611813772944 acquired on /root/.cache/huggingface/lerobot/coport-uni/FR5_task3_turn_the_sliver_air_valve_90_degress_counterclockwise_100/.cache/huggingface/download/videos/observation.images.top_left/chunk-000/file-008.mp4.lock
DEBUG 2026-06-30 07:09:52 ock/_api.py:541 Attempting to release lock 132611813782640 on /root/.cache/huggingface/lerobot/coport-uni/FR5_task3_turn_the_sliver_air_valve_90_degress_counterclockwise_100/.cache/huggingface/download/videos/observation.images.top_left/chunk-000/file-007.mp4.lock
DEBUG 2026-06-30 07:09:52 ock/_api.py:545 Lock 132611813782640 released on /root/.cache/huggingface/lerobot/coport-uni/FR5_task3_turn_the_sliver_air_valve_90_degress_counterclockwise_100/.cache/huggingface/download/videos/observation.images.top_left/chunk-000/file-007.mp4.lock
DEBUG 2026-06-30 07:09:52 ock/_api.py:501 Attempting to acquire lock 132611813770736 on /root/.cache/huggingface/lerobot/coport-uni/FR5_task3_turn_the_sliver_air_valve_90_degress_counterclockwise_100/.cache/huggingface/download/videos/observation.images.top_left/chunk-000/file-007.mp4.lock
DEBUG 2026-06-30 07:09:52 ock/_api.py:504 Lock 132611813770736 acquired on /root/.cache/huggingface/lerobot/coport-uni/FR5_task3_turn_the_sliver_air_valve_90_degress_counterclockwise_100/.cache/huggingface/download/videos/observation.images.top_left/chunk-000/file-007.mp4.lock
DEBUG 2026-06-30 07:09:52 ock/_api.py:541 Attempting to release lock 132611813770736 on /root/.cache/huggingface/lerobot/coport-uni/FR5_task3_turn_the_sliver_air_valve_90_degress_counterclockwise_100/.cache/huggingface/download/videos/observation.images.top_left/chunk-000/file-007.mp4.lock
DEBUG 2026-06-30 07:09:52 ock/_api.py:545 Lock 132611813770736 released on /root/.cache/huggingface/lerobot/coport-uni/FR5_task3_turn_the_sliver_air_valve_90_degress_counterclockwise_100/.cache/huggingface/download/videos/observation.images.top_left/chunk-000/file-007.mp4.lock
DEBUG 2026-06-30 07:09:52 ock/_api.py:501 Attempting to acquire lock 132611813781776 on /root/.cache/huggingface/lerobot/coport-uni/FR5_task3_turn_the_sliver_air_valve_90_degress_counterclockwise_100/.cache/huggingface/download/videos/observation.images.top_left/chunk-000/file-009.mp4.lock
DEBUG 2026-06-30 07:09:52 ock/_api.py:504 Lock 132611813781776 acquired on /root/.cache/huggingface/lerobot/coport-uni/FR5_task3_turn_the_sliver_air_valve_90_degress_counterclockwise_100/.cache/huggingface/download/videos/observation.images.top_left/chunk-000/file-009.mp4.lock
DEBUG 2026-06-30 07:09:52 ock/_api.py:541 Attempting to release lock 132611813781776 on /root/.cache/huggingface/lerobot/coport-uni/FR5_task3_turn_the_sliver_air_valve_90_degress_counterclockwise_100/.cache/huggingface/download/videos/observation.images.top_left/chunk-000/file-009.mp4.lock
DEBUG 2026-06-30 07:09:52 ock/_api.py:545 Lock 132611813781776 released on /root/.cache/huggingface/lerobot/coport-uni/FR5_task3_turn_the_sliver_air_valve_90_degress_counterclockwise_100/.cache/huggingface/download/videos/observation.images.top_left/chunk-000/file-009.mp4.lock
DEBUG 2026-06-30 07:09:52 re/_trace.py:47 close.started
DEBUG 2026-06-30 07:09:52 re/_trace.py:47 close.complete
DEBUG 2026-06-30 07:09:52 re/_trace.py:47 send_request_headers.started request=<Request [b'HEAD']>
DEBUG 2026-06-30 07:09:52 re/_trace.py:47 send_request_headers.complete
DEBUG 2026-06-30 07:09:52 re/_trace.py:47 send_request_body.started request=<Request [b'HEAD']>
DEBUG 2026-06-30 07:09:52 re/_trace.py:47 send_request_body.complete
DEBUG 2026-06-30 07:09:52 re/_trace.py:47 receive_response_headers.started request=<Request [b'HEAD']>
DEBUG 2026-06-30 07:09:52 re/_trace.py:47 receive_response_headers.complete return_value=(b'HTTP/1.1', 302, b'Found', [(b'Content-Type', b'text/plain; charset=utf-8'), (b'Content-Length', b'1054'), (b'Connection', b'keep-alive'), (b'Date', b'Tue, 30 Jun 2026 07:09:52 GMT'), (b'Location', b'https://cas-bridge.xethub.hf.co/xet-bridge-us/6a4276dae074855e8c8cddb1/5543185c46d46d07e771be42eb2c87db579c5d3ebab971cf76e36646212f687a?Expires=1782806992&Policy=eyJTdGF0ZW1lbnQiOlt7IlJlc291cmNlIjoiaHR0cHM6Ly9jYXMtYnJpZGdlLnhldGh1Yi5oZi5jby94ZXQtYnJpZGdlLXVzLzZhNDI3NmRhZTA3NDg1NWU4YzhjZGRiMS81NTQzMTg1YzQ2ZDQ2ZDA3ZTc3MWJlNDJlYjJjODdkYjU3OWM1ZDNlYmFiOTcxY2Y3NmUzNjY0NjIxMmY2ODdhKiIsIkNvbmRpdGlvbiI6eyJEYXRlTGVzc1RoYW4iOnsiQVdTOkVwb2NoVGltZSI6MTc4MjgwNjk5Mn19fV19&Signature=MEUCIQDIbMI-1qP7VWFAxRtoAoC%7ErakvWDk-iIX3GskPFdas9QIgRNWfcwEnK6TDJATEyf3nMQ0A3njxNPBXHGirfI7-2BM_&Key-Pair-Id=K1LYXO563TGWFU&X-Xet-Cas-Uid=6968a8befacf9a9b049da27a&response-content-disposition=inline%3B+filename*%3DUTF-8%27%27file-009.mp4%3B+filename%3D%22file-009.mp4%22%3B&response-content-type=video%2Fmp4&X-Amz-Algorithm=AWS4-HMAC-SHA256&X-Amz-Credential=cas%2F20260630%2Fus-east-1%2Fs3%2Faws4_request&X-Amz-Date=20260630T070952Z&X-Amz-Expires=3600&X-Amz-SignedHeaders=host&X-Amz-Signature=19fe2ab449503686d83d2390ed8293d462aa72336fb97dc7912435f5652943a6'), (b'X-Powered-By', b'huggingface-moon'), (b'X-Request-Id', b'Root=1-6a436bc0-53159cc965d1c56763970c47;5bbdbbf9-d0e1-46fb-a6b6-ce390a9b704a'), (b'RateLimit', b'"resolvers";r=4945;t=230'), (b'RateLimit-Policy', b'"fixed window";"resolvers";q=5000;w=300'), (b'cross-origin-opener-policy', b'same-origin'), (b'Referrer-Policy', b'strict-origin-when-cross-origin'), (b'Access-Control-Max-Age', b'86400'), (b'Access-Control-Allow-Origin', b'https://huggingface.co'), (b'Vary', b'Origin, Accept'), (b'Access-Control-Expose-Headers', b'X-Repo-Commit,X-Request-Id,X-Error-Code,X-Error-Message,X-Total-Count,ETag,Link,Accept-Ranges,Content-Range,X-Linked-Size,X-Linked-ETag,X-Xet-Hash'), (b'X-Repo-Commit', b'1f7ed68357ecdbd8e31415414359f4e43a355b15'), (b'Accept-Ranges', b'bytes'), (b'X-Hub-Cache', b'MISS'), (b'X-Linked-Size', b'87914266'), (b'X-Linked-ETag', b'"877e2cf34526b921cf237e63fcf38481a8dc291c5c6dede0385319393700d976"'), (b'X-Xet-Hash', b'5543185c46d46d07e771be42eb2c87db579c5d3ebab971cf76e36646212f687a'), (b'Link', b'<https://huggingface.co/api/datasets/coport-uni/FR5_task3_turn_the_sliver_air_valve_90_degress_counterclockwise_100/xet-read-token/1f7ed68357ecdbd8e31415414359f4e43a355b15>; rel="xet-auth", <https://cas-server.xethub.hf.co/v1/reconstructions/5543185c46d46d07e771be42eb2c87db579c5d3ebab971cf76e36646212f687a>; rel="xet-reconstruction-info"'), (b'X-Cache', b'Miss from cloudfront'), (b'Via', b'1.1 b9a1af77d43aa3dc21e274044ae4499e.cloudfront.net (CloudFront)'), (b'X-Amz-Cf-Pop', b'ICN57-P5'), (b'X-Amz-Cf-Id', b'znmZ82RGW7PnUNU9uEKhsIdeuZ8C4HIloTJnoMGkDTZx5Dbt3yZOtw==')])
INFO 2026-06-30 07:09:52 _client.py:1025 HTTP Request: HEAD https://huggingface.co/datasets/coport-uni/FR5_task3_turn_the_sliver_air_valve_90_degress_counterclockwise_100/resolve/1f7ed68357ecdbd8e31415414359f4e43a355b15/videos/observation.images.top_left/chunk-000/file-009.mp4 "HTTP/1.1 302 Found"
DEBUG 2026-06-30 07:09:52 re/_trace.py:47 receive_response_body.started request=<Request [b'HEAD']>
DEBUG 2026-06-30 07:09:52 re/_trace.py:47 receive_response_body.complete
DEBUG 2026-06-30 07:09:52 re/_trace.py:47 response_closed.started
DEBUG 2026-06-30 07:09:52 re/_trace.py:47 response_closed.complete
DEBUG 2026-06-30 07:09:52 ock/_api.py:501 Attempting to acquire lock 132611813729024 on /root/.cache/huggingface/lerobot/coport-uni/FR5_task3_turn_the_sliver_air_valve_90_degress_counterclockwise_100/.cache/huggingface/download/videos/observation.images.top_left/chunk-000/file-009.mp4.lock
DEBUG 2026-06-30 07:09:52 ock/_api.py:504 Lock 132611813729024 acquired on /root/.cache/huggingface/lerobot/coport-uni/FR5_task3_turn_the_sliver_air_valve_90_degress_counterclockwise_100/.cache/huggingface/download/videos/observation.images.top_left/chunk-000/file-009.mp4.lock
DEBUG 2026-06-30 07:09:59 ock/_api.py:541 Attempting to release lock 132611814801232 on /root/.cache/huggingface/lerobot/coport-uni/FR5_task3_turn_the_sliver_air_valve_90_degress_counterclockwise_100/.cache/huggingface/download/videos/observation.images.top_left/chunk-000/file-001.mp4.lock
DEBUG 2026-06-30 07:09:59 ock/_api.py:545 Lock 132611814801232 released on /root/.cache/huggingface/lerobot/coport-uni/FR5_task3_turn_the_sliver_air_valve_90_degress_counterclockwise_100/.cache/huggingface/download/videos/observation.images.top_left/chunk-000/file-001.mp4.lock
DEBUG 2026-06-30 07:09:59 ock/_api.py:501 Attempting to acquire lock 132611813732048 on /root/.cache/huggingface/lerobot/coport-uni/FR5_task3_turn_the_sliver_air_valve_90_degress_counterclockwise_100/.cache/huggingface/download/videos/observation.images.top_left/chunk-000/file-001.mp4.lock
DEBUG 2026-06-30 07:09:59 ock/_api.py:504 Lock 132611813732048 acquired on /root/.cache/huggingface/lerobot/coport-uni/FR5_task3_turn_the_sliver_air_valve_90_degress_counterclockwise_100/.cache/huggingface/download/videos/observation.images.top_left/chunk-000/file-001.mp4.lock
DEBUG 2026-06-30 07:09:59 ock/_api.py:541 Attempting to release lock 132611813732048 on /root/.cache/huggingface/lerobot/coport-uni/FR5_task3_turn_the_sliver_air_valve_90_degress_counterclockwise_100/.cache/huggingface/download/videos/observation.images.top_left/chunk-000/file-001.mp4.lock
DEBUG 2026-06-30 07:09:59 ock/_api.py:545 Lock 132611813732048 released on /root/.cache/huggingface/lerobot/coport-uni/FR5_task3_turn_the_sliver_air_valve_90_degress_counterclockwise_100/.cache/huggingface/download/videos/observation.images.top_left/chunk-000/file-001.mp4.lock
DEBUG 2026-06-30 07:09:59 ock/_api.py:501 Attempting to acquire lock 132611813726912 on /root/.cache/huggingface/lerobot/coport-uni/FR5_task3_turn_the_sliver_air_valve_90_degress_counterclockwise_100/.cache/huggingface/download/videos/observation.images.top_left/chunk-000/file-010.mp4.lock
DEBUG 2026-06-30 07:09:59 ock/_api.py:504 Lock 132611813726912 acquired on /root/.cache/huggingface/lerobot/coport-uni/FR5_task3_turn_the_sliver_air_valve_90_degress_counterclockwise_100/.cache/huggingface/download/videos/observation.images.top_left/chunk-000/file-010.mp4.lock
DEBUG 2026-06-30 07:09:59 ock/_api.py:541 Attempting to release lock 132611813726912 on /root/.cache/huggingface/lerobot/coport-uni/FR5_task3_turn_the_sliver_air_valve_90_degress_counterclockwise_100/.cache/huggingface/download/videos/observation.images.top_left/chunk-000/file-010.mp4.lock
DEBUG 2026-06-30 07:09:59 ock/_api.py:545 Lock 132611813726912 released on /root/.cache/huggingface/lerobot/coport-uni/FR5_task3_turn_the_sliver_air_valve_90_degress_counterclockwise_100/.cache/huggingface/download/videos/observation.images.top_left/chunk-000/file-010.mp4.lock
DEBUG 2026-06-30 07:09:59 re/_trace.py:47 close.started
DEBUG 2026-06-30 07:09:59 re/_trace.py:47 close.complete
DEBUG 2026-06-30 07:09:59 re/_trace.py:47 connect_tcp.started host='huggingface.co' port=443 local_address=None timeout=10 socket_options=None
DEBUG 2026-06-30 07:09:59 re/_trace.py:47 connect_tcp.complete return_value=<httpcore._backends.sync.SyncStream object at 0x789c180cc0b0>
DEBUG 2026-06-30 07:09:59 re/_trace.py:47 start_tls.started ssl_context=<ssl.SSLContext object at 0x789c1818c450> server_hostname='huggingface.co' timeout=10
DEBUG 2026-06-30 07:09:59 re/_trace.py:47 start_tls.complete return_value=<httpcore._backends.sync.SyncStream object at 0x789c180cc320>
DEBUG 2026-06-30 07:09:59 re/_trace.py:47 send_request_headers.started request=<Request [b'HEAD']>
DEBUG 2026-06-30 07:09:59 re/_trace.py:47 send_request_headers.complete
DEBUG 2026-06-30 07:09:59 re/_trace.py:47 send_request_body.started request=<Request [b'HEAD']>
DEBUG 2026-06-30 07:09:59 re/_trace.py:47 send_request_body.complete
DEBUG 2026-06-30 07:09:59 re/_trace.py:47 receive_response_headers.started request=<Request [b'HEAD']>
DEBUG 2026-06-30 07:09:59 re/_trace.py:47 receive_response_headers.complete return_value=(b'HTTP/1.1', 302, b'Found', [(b'Content-Type', b'text/plain; charset=utf-8'), (b'Content-Length', b'1056'), (b'Connection', b'keep-alive'), (b'Date', b'Tue, 30 Jun 2026 07:09:59 GMT'), (b'Location', b'https://cas-bridge.xethub.hf.co/xet-bridge-us/6a4276dae074855e8c8cddb1/ac0e9c558f55f9fa921de70f20730a1a4e1fec4ceba90ef4515f43a2e7978413?Expires=1782806999&Policy=eyJTdGF0ZW1lbnQiOlt7IlJlc291cmNlIjoiaHR0cHM6Ly9jYXMtYnJpZGdlLnhldGh1Yi5oZi5jby94ZXQtYnJpZGdlLXVzLzZhNDI3NmRhZTA3NDg1NWU4YzhjZGRiMS9hYzBlOWM1NThmNTVmOWZhOTIxZGU3MGYyMDczMGExYTRlMWZlYzRjZWJhOTBlZjQ1MTVmNDNhMmU3OTc4NDEzKiIsIkNvbmRpdGlvbiI6eyJEYXRlTGVzc1RoYW4iOnsiQVdTOkVwb2NoVGltZSI6MTc4MjgwNjk5OX19fV19&Signature=MEQCIDvYcBkn%7Er10OscxbM2LD3zCpu3%7Ejc27Ml-ZLo40urE4AiABcYRZxJbQVGgQvkckCZ0hRv9zXSwpZEAS01J7A-VV0g__&Key-Pair-Id=K1LYXO563TGWFU&response-content-disposition=inline%3B+filename*%3DUTF-8%27%27file-010.mp4%3B+filename%3D%22file-010.mp4%22%3B&response-content-type=video%2Fmp4&X-Xet-Cas-Uid=6968a8befacf9a9b049da27a&X-Amz-Algorithm=AWS4-HMAC-SHA256&X-Amz-Credential=cas%2F20260630%2Fus-east-1%2Fs3%2Faws4_request&X-Amz-Date=20260630T070959Z&X-Amz-Expires=3600&X-Amz-SignedHeaders=host&X-Amz-Signature=90d8c4ec6ae9664087fdf905195d1232225c58c738338c0067bc06485357f5fa'), (b'X-Powered-By', b'huggingface-moon'), (b'X-Request-Id', b'Root=1-6a436bc7-4a3a02787bb7b57804f8aabe;282f206b-d038-4c44-b8e0-ebd81905b159'), (b'RateLimit', b'"resolvers";r=4944;t=223'), (b'RateLimit-Policy', b'"fixed window";"resolvers";q=5000;w=300'), (b'cross-origin-opener-policy', b'same-origin'), (b'Referrer-Policy', b'strict-origin-when-cross-origin'), (b'Access-Control-Max-Age', b'86400'), (b'Access-Control-Allow-Origin', b'https://huggingface.co'), (b'Vary', b'Origin, Accept'), (b'Access-Control-Expose-Headers', b'X-Repo-Commit,X-Request-Id,X-Error-Code,X-Error-Message,X-Total-Count,ETag,Link,Accept-Ranges,Content-Range,X-Linked-Size,X-Linked-ETag,X-Xet-Hash'), (b'X-Repo-Commit', b'1f7ed68357ecdbd8e31415414359f4e43a355b15'), (b'Accept-Ranges', b'bytes'), (b'X-Hub-Cache', b'MISS'), (b'X-Linked-Size', b'205120606'), (b'X-Linked-ETag', b'"8d1998832c41ba3a1cfabb4c9a47bcc4d7e379e5b301b3dff2cc5763713e1677"'), (b'X-Xet-Hash', b'ac0e9c558f55f9fa921de70f20730a1a4e1fec4ceba90ef4515f43a2e7978413'), (b'Link', b'<https://huggingface.co/api/datasets/coport-uni/FR5_task3_turn_the_sliver_air_valve_90_degress_counterclockwise_100/xet-read-token/1f7ed68357ecdbd8e31415414359f4e43a355b15>; rel="xet-auth", <https://cas-server.xethub.hf.co/v1/reconstructions/ac0e9c558f55f9fa921de70f20730a1a4e1fec4ceba90ef4515f43a2e7978413>; rel="xet-reconstruction-info"'), (b'X-Cache', b'Miss from cloudfront'), (b'Via', b'1.1 f292525632ff4da4658e70c2b7b83518.cloudfront.net (CloudFront)'), (b'X-Amz-Cf-Pop', b'ICN57-P5'), (b'X-Amz-Cf-Id', b'g-sZNCHg8TCMp0EYTJgpuu3Prera6LfxNtUj7a4fkMa2togpppTj0w==')])
INFO 2026-06-30 07:09:59 _client.py:1025 HTTP Request: HEAD https://huggingface.co/datasets/coport-uni/FR5_task3_turn_the_sliver_air_valve_90_degress_counterclockwise_100/resolve/1f7ed68357ecdbd8e31415414359f4e43a355b15/videos/observation.images.top_left/chunk-000/file-010.mp4 "HTTP/1.1 302 Found"
DEBUG 2026-06-30 07:09:59 re/_trace.py:47 receive_response_body.started request=<Request [b'HEAD']>
DEBUG 2026-06-30 07:09:59 re/_trace.py:47 receive_response_body.complete
DEBUG 2026-06-30 07:09:59 re/_trace.py:47 response_closed.started
DEBUG 2026-06-30 07:09:59 re/_trace.py:47 response_closed.complete
DEBUG 2026-06-30 07:09:59 ock/_api.py:501 Attempting to acquire lock 132611813720480 on /root/.cache/huggingface/lerobot/coport-uni/FR5_task3_turn_the_sliver_air_valve_90_degress_counterclockwise_100/.cache/huggingface/download/videos/observation.images.top_left/chunk-000/file-010.mp4.lock
DEBUG 2026-06-30 07:09:59 ock/_api.py:504 Lock 132611813720480 acquired on /root/.cache/huggingface/lerobot/coport-uni/FR5_task3_turn_the_sliver_air_valve_90_degress_counterclockwise_100/.cache/huggingface/download/videos/observation.images.top_left/chunk-000/file-010.mp4.lock
DEBUG 2026-06-30 07:10:00 ock/_api.py:541 Attempting to release lock 132611813729024 on /root/.cache/huggingface/lerobot/coport-uni/FR5_task3_turn_the_sliver_air_valve_90_degress_counterclockwise_100/.cache/huggingface/download/videos/observation.images.top_left/chunk-000/file-009.mp4.lock
DEBUG 2026-06-30 07:10:00 ock/_api.py:545 Lock 132611813729024 released on /root/.cache/huggingface/lerobot/coport-uni/FR5_task3_turn_the_sliver_air_valve_90_degress_counterclockwise_100/.cache/huggingface/download/videos/observation.images.top_left/chunk-000/file-009.mp4.lock
DEBUG 2026-06-30 07:10:00 ock/_api.py:501 Attempting to acquire lock 132611813729024 on /root/.cache/huggingface/lerobot/coport-uni/FR5_task3_turn_the_sliver_air_valve_90_degress_counterclockwise_100/.cache/huggingface/download/videos/observation.images.top_left/chunk-000/file-009.mp4.lock
DEBUG 2026-06-30 07:10:00 ock/_api.py:504 Lock 132611813729024 acquired on /root/.cache/huggingface/lerobot/coport-uni/FR5_task3_turn_the_sliver_air_valve_90_degress_counterclockwise_100/.cache/huggingface/download/videos/observation.images.top_left/chunk-000/file-009.mp4.lock
DEBUG 2026-06-30 07:10:00 ock/_api.py:541 Attempting to release lock 132611813729024 on /root/.cache/huggingface/lerobot/coport-uni/FR5_task3_turn_the_sliver_air_valve_90_degress_counterclockwise_100/.cache/huggingface/download/videos/observation.images.top_left/chunk-000/file-009.mp4.lock
DEBUG 2026-06-30 07:10:00 ock/_api.py:545 Lock 132611813729024 released on /root/.cache/huggingface/lerobot/coport-uni/FR5_task3_turn_the_sliver_air_valve_90_degress_counterclockwise_100/.cache/huggingface/download/videos/observation.images.top_left/chunk-000/file-009.mp4.lock
DEBUG 2026-06-30 07:10:00 ock/_api.py:501 Attempting to acquire lock 132611813778128 on /root/.cache/huggingface/lerobot/coport-uni/FR5_task3_turn_the_sliver_air_valve_90_degress_counterclockwise_100/.cache/huggingface/download/videos/observation.images.top_left/chunk-000/file-011.mp4.lock
DEBUG 2026-06-30 07:10:00 ock/_api.py:504 Lock 132611813778128 acquired on /root/.cache/huggingface/lerobot/coport-uni/FR5_task3_turn_the_sliver_air_valve_90_degress_counterclockwise_100/.cache/huggingface/download/videos/observation.images.top_left/chunk-000/file-011.mp4.lock
DEBUG 2026-06-30 07:10:00 ock/_api.py:541 Attempting to release lock 132611813778128 on /root/.cache/huggingface/lerobot/coport-uni/FR5_task3_turn_the_sliver_air_valve_90_degress_counterclockwise_100/.cache/huggingface/download/videos/observation.images.top_left/chunk-000/file-011.mp4.lock
DEBUG 2026-06-30 07:10:00 ock/_api.py:545 Lock 132611813778128 released on /root/.cache/huggingface/lerobot/coport-uni/FR5_task3_turn_the_sliver_air_valve_90_degress_counterclockwise_100/.cache/huggingface/download/videos/observation.images.top_left/chunk-000/file-011.mp4.lock
DEBUG 2026-06-30 07:10:00 re/_trace.py:47 send_request_headers.started request=<Request [b'HEAD']>
DEBUG 2026-06-30 07:10:00 re/_trace.py:47 send_request_headers.complete
DEBUG 2026-06-30 07:10:00 re/_trace.py:47 send_request_body.started request=<Request [b'HEAD']>
DEBUG 2026-06-30 07:10:00 re/_trace.py:47 send_request_body.complete
DEBUG 2026-06-30 07:10:00 re/_trace.py:47 receive_response_headers.started request=<Request [b'HEAD']>
DEBUG 2026-06-30 07:10:00 re/_trace.py:47 receive_response_headers.complete return_value=(b'HTTP/1.1', 302, b'Found', [(b'Content-Type', b'text/plain; charset=utf-8'), (b'Content-Length', b'1054'), (b'Connection', b'keep-alive'), (b'Date', b'Tue, 30 Jun 2026 07:10:00 GMT'), (b'Location', b'https://cas-bridge.xethub.hf.co/xet-bridge-us/6a4276dae074855e8c8cddb1/25bb7661f0471a4087fa53fe6ed3de5a5066773ef0c3f4976ad2bf185d6c2a26?Expires=1782807000&Policy=eyJTdGF0ZW1lbnQiOlt7IlJlc291cmNlIjoiaHR0cHM6Ly9jYXMtYnJpZGdlLnhldGh1Yi5oZi5jby94ZXQtYnJpZGdlLXVzLzZhNDI3NmRhZTA3NDg1NWU4YzhjZGRiMS8yNWJiNzY2MWYwNDcxYTQwODdmYTUzZmU2ZWQzZGU1YTUwNjY3NzNlZjBjM2Y0OTc2YWQyYmYxODVkNmMyYTI2KiIsIkNvbmRpdGlvbiI6eyJEYXRlTGVzc1RoYW4iOnsiQVdTOkVwb2NoVGltZSI6MTc4MjgwNzAwMH19fV19&Signature=MEYCIQC%7E1LysQznqrqJamZur4aHQGj6tJoV-MentYNX41jUYeAIhANDbPR6UXsONOGsEi0hOjQEfFXS0XCYLugGJeOWi3HXr&Key-Pair-Id=K1LYXO563TGWFU&X-Xet-Cas-Uid=6968a8befacf9a9b049da27a&response-content-type=video%2Fmp4&response-content-disposition=inline%3B+filename*%3DUTF-8%27%27file-011.mp4%3B+filename%3D%22file-011.mp4%22%3B&X-Amz-Algorithm=AWS4-HMAC-SHA256&X-Amz-Credential=cas%2F20260630%2Fus-east-1%2Fs3%2Faws4_request&X-Amz-Date=20260630T071000Z&X-Amz-Expires=3600&X-Amz-SignedHeaders=host&X-Amz-Signature=622852ba8df233482e1e3680f5a88cde1f23fbd6facf498740ad492d434c5b68'), (b'X-Powered-By', b'huggingface-moon'), (b'X-Request-Id', b'Root=1-6a436bc8-575af2c36d5e06770fb96d69;5ee1ce36-8041-4273-a30a-d58d46248ad5'), (b'RateLimit', b'"resolvers";r=4943;t=222'), (b'RateLimit-Policy', b'"fixed window";"resolvers";q=5000;w=300'), (b'cross-origin-opener-policy', b'same-origin'), (b'Referrer-Policy', b'strict-origin-when-cross-origin'), (b'Access-Control-Max-Age', b'86400'), (b'Access-Control-Allow-Origin', b'https://huggingface.co'), (b'Vary', b'Origin, Accept'), (b'Access-Control-Expose-Headers', b'X-Repo-Commit,X-Request-Id,X-Error-Code,X-Error-Message,X-Total-Count,ETag,Link,Accept-Ranges,Content-Range,X-Linked-Size,X-Linked-ETag,X-Xet-Hash'), (b'X-Repo-Commit', b'1f7ed68357ecdbd8e31415414359f4e43a355b15'), (b'Accept-Ranges', b'bytes'), (b'X-Hub-Cache', b'MISS'), (b'X-Linked-Size', b'55767690'), (b'X-Linked-ETag', b'"e23c1c62ce8f46dfbf53cdb13e1102cdc129272870c60f2eaadd11626dd6cbb9"'), (b'X-Xet-Hash', b'25bb7661f0471a4087fa53fe6ed3de5a5066773ef0c3f4976ad2bf185d6c2a26'), (b'Link', b'<https://huggingface.co/api/datasets/coport-uni/FR5_task3_turn_the_sliver_air_valve_90_degress_counterclockwise_100/xet-read-token/1f7ed68357ecdbd8e31415414359f4e43a355b15>; rel="xet-auth", <https://cas-server.xethub.hf.co/v1/reconstructions/25bb7661f0471a4087fa53fe6ed3de5a5066773ef0c3f4976ad2bf185d6c2a26>; rel="xet-reconstruction-info"'), (b'X-Cache', b'Miss from cloudfront'), (b'Via', b'1.1 f292525632ff4da4658e70c2b7b83518.cloudfront.net (CloudFront)'), (b'X-Amz-Cf-Pop', b'ICN57-P5'), (b'X-Amz-Cf-Id', b'1JXPpVm1vtoYJjmtcJ92HW20r8ylYO1Q3yZqSu2P8NIB9KYmm9mkTQ==')])
INFO 2026-06-30 07:10:00 _client.py:1025 HTTP Request: HEAD https://huggingface.co/datasets/coport-uni/FR5_task3_turn_the_sliver_air_valve_90_degress_counterclockwise_100/resolve/1f7ed68357ecdbd8e31415414359f4e43a355b15/videos/observation.images.top_left/chunk-000/file-011.mp4 "HTTP/1.1 302 Found"
DEBUG 2026-06-30 07:10:00 re/_trace.py:47 receive_response_body.started request=<Request [b'HEAD']>
DEBUG 2026-06-30 07:10:00 re/_trace.py:47 receive_response_body.complete
DEBUG 2026-06-30 07:10:00 re/_trace.py:47 response_closed.started
DEBUG 2026-06-30 07:10:00 re/_trace.py:47 response_closed.complete
DEBUG 2026-06-30 07:10:00 ock/_api.py:501 Attempting to acquire lock 132620757635136 on /root/.cache/huggingface/lerobot/coport-uni/FR5_task3_turn_the_sliver_air_valve_90_degress_counterclockwise_100/.cache/huggingface/download/videos/observation.images.top_left/chunk-000/file-011.mp4.lock
DEBUG 2026-06-30 07:10:00 ock/_api.py:504 Lock 132620757635136 acquired on /root/.cache/huggingface/lerobot/coport-uni/FR5_task3_turn_the_sliver_air_valve_90_degress_counterclockwise_100/.cache/huggingface/download/videos/observation.images.top_left/chunk-000/file-011.mp4.lock
DEBUG 2026-06-30 07:10:00 ock/_api.py:541 Attempting to release lock 132611813787936 on /root/.cache/huggingface/lerobot/coport-uni/FR5_task3_turn_the_sliver_air_valve_90_degress_counterclockwise_100/.cache/huggingface/download/videos/observation.images.top_left/chunk-000/file-004.mp4.lock
DEBUG 2026-06-30 07:10:00 ock/_api.py:545 Lock 132611813787936 released on /root/.cache/huggingface/lerobot/coport-uni/FR5_task3_turn_the_sliver_air_valve_90_degress_counterclockwise_100/.cache/huggingface/download/videos/observation.images.top_left/chunk-000/file-004.mp4.lock
DEBUG 2026-06-30 07:10:00 ock/_api.py:501 Attempting to acquire lock 132611813796336 on /root/.cache/huggingface/lerobot/coport-uni/FR5_task3_turn_the_sliver_air_valve_90_degress_counterclockwise_100/.cache/huggingface/download/videos/observation.images.top_left/chunk-000/file-004.mp4.lock
DEBUG 2026-06-30 07:10:00 ock/_api.py:504 Lock 132611813796336 acquired on /root/.cache/huggingface/lerobot/coport-uni/FR5_task3_turn_the_sliver_air_valve_90_degress_counterclockwise_100/.cache/huggingface/download/videos/observation.images.top_left/chunk-000/file-004.mp4.lock
DEBUG 2026-06-30 07:10:00 ock/_api.py:541 Attempting to release lock 132611813796336 on /root/.cache/huggingface/lerobot/coport-uni/FR5_task3_turn_the_sliver_air_valve_90_degress_counterclockwise_100/.cache/huggingface/download/videos/observation.images.top_left/chunk-000/file-004.mp4.lock
DEBUG 2026-06-30 07:10:00 ock/_api.py:545 Lock 132611813796336 released on /root/.cache/huggingface/lerobot/coport-uni/FR5_task3_turn_the_sliver_air_valve_90_degress_counterclockwise_100/.cache/huggingface/download/videos/observation.images.top_left/chunk-000/file-004.mp4.lock
DEBUG 2026-06-30 07:10:00 ock/_api.py:501 Attempting to acquire lock 132611813796288 on /root/.cache/huggingface/lerobot/coport-uni/FR5_task3_turn_the_sliver_air_valve_90_degress_counterclockwise_100/.cache/huggingface/download/videos/observation.images.top_left/chunk-000/file-012.mp4.lock
DEBUG 2026-06-30 07:10:00 ock/_api.py:504 Lock 132611813796288 acquired on /root/.cache/huggingface/lerobot/coport-uni/FR5_task3_turn_the_sliver_air_valve_90_degress_counterclockwise_100/.cache/huggingface/download/videos/observation.images.top_left/chunk-000/file-012.mp4.lock
DEBUG 2026-06-30 07:10:00 ock/_api.py:541 Attempting to release lock 132611813796288 on /root/.cache/huggingface/lerobot/coport-uni/FR5_task3_turn_the_sliver_air_valve_90_degress_counterclockwise_100/.cache/huggingface/download/videos/observation.images.top_left/chunk-000/file-012.mp4.lock
DEBUG 2026-06-30 07:10:00 ock/_api.py:545 Lock 132611813796288 released on /root/.cache/huggingface/lerobot/coport-uni/FR5_task3_turn_the_sliver_air_valve_90_degress_counterclockwise_100/.cache/huggingface/download/videos/observation.images.top_left/chunk-000/file-012.mp4.lock
DEBUG 2026-06-30 07:10:00 re/_trace.py:47 send_request_headers.started request=<Request [b'HEAD']>
DEBUG 2026-06-30 07:10:00 re/_trace.py:47 send_request_headers.complete
DEBUG 2026-06-30 07:10:00 re/_trace.py:47 send_request_body.started request=<Request [b'HEAD']>
DEBUG 2026-06-30 07:10:00 re/_trace.py:47 send_request_body.complete
DEBUG 2026-06-30 07:10:00 re/_trace.py:47 receive_response_headers.started request=<Request [b'HEAD']>
DEBUG 2026-06-30 07:10:00 re/_trace.py:47 receive_response_headers.complete return_value=(b'HTTP/1.1', 302, b'Found', [(b'Content-Type', b'text/plain; charset=utf-8'), (b'Content-Length', b'1060'), (b'Connection', b'keep-alive'), (b'Date', b'Tue, 30 Jun 2026 07:10:00 GMT'), (b'Location', b'https://cas-bridge.xethub.hf.co/xet-bridge-us/6a4276dae074855e8c8cddb1/7feb6fb6dc2491a79000f5db0f1efb4df49e46e25ff7cd5b0f943bdf6790adff?Expires=1782807000&Policy=eyJTdGF0ZW1lbnQiOlt7IlJlc291cmNlIjoiaHR0cHM6Ly9jYXMtYnJpZGdlLnhldGh1Yi5oZi5jby94ZXQtYnJpZGdlLXVzLzZhNDI3NmRhZTA3NDg1NWU4YzhjZGRiMS83ZmViNmZiNmRjMjQ5MWE3OTAwMGY1ZGIwZjFlZmI0ZGY0OWU0NmUyNWZmN2NkNWIwZjk0M2JkZjY3OTBhZGZmKiIsIkNvbmRpdGlvbiI6eyJEYXRlTGVzc1RoYW4iOnsiQVdTOkVwb2NoVGltZSI6MTc4MjgwNzAwMH19fV19&Signature=MEUCIGQcbXB7eKZuQecCCNLKKF50PZgULsFku5WfYP2bEgQ%7EAiEA2aTYy5qfW7wiYb%7EHMfZkPet5S%7EHbrJANiZGaYR6%7E6eA_&Key-Pair-Id=K1LYXO563TGWFU&response-content-disposition=inline%3B+filename*%3DUTF-8%27%27file-012.mp4%3B+filename%3D%22file-012.mp4%22%3B&response-content-type=video%2Fmp4&X-Xet-Cas-Uid=6968a8befacf9a9b049da27a&X-Amz-Algorithm=AWS4-HMAC-SHA256&X-Amz-Credential=cas%2F20260630%2Fus-east-1%2Fs3%2Faws4_request&X-Amz-Date=20260630T071000Z&X-Amz-Expires=3600&X-Amz-SignedHeaders=host&X-Amz-Signature=ab55f245e267c14bfa7812f29260e3c60789f5ee2d3a4ccef6948076ea8df311'), (b'X-Powered-By', b'huggingface-moon'), (b'X-Request-Id', b'Root=1-6a436bc8-67df7e514050bfd133827101;75eafce4-c46e-462a-af34-e53736daab10'), (b'RateLimit', b'"resolvers";r=4942;t=222'), (b'RateLimit-Policy', b'"fixed window";"resolvers";q=5000;w=300'), (b'cross-origin-opener-policy', b'same-origin'), (b'Referrer-Policy', b'strict-origin-when-cross-origin'), (b'Access-Control-Max-Age', b'86400'), (b'Access-Control-Allow-Origin', b'https://huggingface.co'), (b'Vary', b'Origin, Accept'), (b'Access-Control-Expose-Headers', b'X-Repo-Commit,X-Request-Id,X-Error-Code,X-Error-Message,X-Total-Count,ETag,Link,Accept-Ranges,Content-Range,X-Linked-Size,X-Linked-ETag,X-Xet-Hash'), (b'X-Repo-Commit', b'1f7ed68357ecdbd8e31415414359f4e43a355b15'), (b'Accept-Ranges', b'bytes'), (b'X-Hub-Cache', b'MISS'), (b'X-Linked-Size', b'187277716'), (b'X-Linked-ETag', b'"a7b588306c73c5b47b519e077bd9e3e2e4a14a66c4e82d87ea868f705f882a1a"'), (b'X-Xet-Hash', b'7feb6fb6dc2491a79000f5db0f1efb4df49e46e25ff7cd5b0f943bdf6790adff'), (b'Link', b'<https://huggingface.co/api/datasets/coport-uni/FR5_task3_turn_the_sliver_air_valve_90_degress_counterclockwise_100/xet-read-token/1f7ed68357ecdbd8e31415414359f4e43a355b15>; rel="xet-auth", <https://cas-server.xethub.hf.co/v1/reconstructions/7feb6fb6dc2491a79000f5db0f1efb4df49e46e25ff7cd5b0f943bdf6790adff>; rel="xet-reconstruction-info"'), (b'X-Cache', b'Miss from cloudfront'), (b'Via', b'1.1 f292525632ff4da4658e70c2b7b83518.cloudfront.net (CloudFront)'), (b'X-Amz-Cf-Pop', b'ICN57-P5'), (b'X-Amz-Cf-Id', b'79RStAk6q5zyWG4XmM4iOs8Ck-ov3lXaaidiUp49ooqR2BE0_zOe1g==')])
INFO 2026-06-30 07:10:00 _client.py:1025 HTTP Request: HEAD https://huggingface.co/datasets/coport-uni/FR5_task3_turn_the_sliver_air_valve_90_degress_counterclockwise_100/resolve/1f7ed68357ecdbd8e31415414359f4e43a355b15/videos/observation.images.top_left/chunk-000/file-012.mp4 "HTTP/1.1 302 Found"
DEBUG 2026-06-30 07:10:00 re/_trace.py:47 receive_response_body.started request=<Request [b'HEAD']>
DEBUG 2026-06-30 07:10:00 re/_trace.py:47 receive_response_body.complete
DEBUG 2026-06-30 07:10:00 re/_trace.py:47 response_closed.started
DEBUG 2026-06-30 07:10:00 re/_trace.py:47 response_closed.complete
DEBUG 2026-06-30 07:10:00 ock/_api.py:501 Attempting to acquire lock 132611813712496 on /root/.cache/huggingface/lerobot/coport-uni/FR5_task3_turn_the_sliver_air_valve_90_degress_counterclockwise_100/.cache/huggingface/download/videos/observation.images.top_left/chunk-000/file-012.mp4.lock
DEBUG 2026-06-30 07:10:00 ock/_api.py:504 Lock 132611813712496 acquired on /root/.cache/huggingface/lerobot/coport-uni/FR5_task3_turn_the_sliver_air_valve_90_degress_counterclockwise_100/.cache/huggingface/download/videos/observation.images.top_left/chunk-000/file-012.mp4.lock
DEBUG 2026-06-30 07:10:01 ock/_api.py:541 Attempting to release lock 132611813789136 on /root/.cache/huggingface/lerobot/coport-uni/FR5_task3_turn_the_sliver_air_valve_90_degress_counterclockwise_100/.cache/huggingface/download/videos/observation.images.top_left/chunk-000/file-005.mp4.lock
DEBUG 2026-06-30 07:10:01 ock/_api.py:545 Lock 132611813789136 released on /root/.cache/huggingface/lerobot/coport-uni/FR5_task3_turn_the_sliver_air_valve_90_degress_counterclockwise_100/.cache/huggingface/download/videos/observation.images.top_left/chunk-000/file-005.mp4.lock
DEBUG 2026-06-30 07:10:01 ock/_api.py:501 Attempting to acquire lock 132611813785184 on /root/.cache/huggingface/lerobot/coport-uni/FR5_task3_turn_the_sliver_air_valve_90_degress_counterclockwise_100/.cache/huggingface/download/videos/observation.images.top_left/chunk-000/file-005.mp4.lock
DEBUG 2026-06-30 07:10:01 ock/_api.py:504 Lock 132611813785184 acquired on /root/.cache/huggingface/lerobot/coport-uni/FR5_task3_turn_the_sliver_air_valve_90_degress_counterclockwise_100/.cache/huggingface/download/videos/observation.images.top_left/chunk-000/file-005.mp4.lock
DEBUG 2026-06-30 07:10:01 ock/_api.py:541 Attempting to release lock 132611813785184 on /root/.cache/huggingface/lerobot/coport-uni/FR5_task3_turn_the_sliver_air_valve_90_degress_counterclockwise_100/.cache/huggingface/download/videos/observation.images.top_left/chunk-000/file-005.mp4.lock
DEBUG 2026-06-30 07:10:01 ock/_api.py:545 Lock 132611813785184 released on /root/.cache/huggingface/lerobot/coport-uni/FR5_task3_turn_the_sliver_air_valve_90_degress_counterclockwise_100/.cache/huggingface/download/videos/observation.images.top_left/chunk-000/file-005.mp4.lock
DEBUG 2026-06-30 07:10:01 ock/_api.py:501 Attempting to acquire lock 132611813794128 on /root/.cache/huggingface/lerobot/coport-uni/FR5_task3_turn_the_sliver_air_valve_90_degress_counterclockwise_100/.cache/huggingface/download/videos/observation.images.top_left/chunk-000/file-013.mp4.lock
DEBUG 2026-06-30 07:10:01 ock/_api.py:504 Lock 132611813794128 acquired on /root/.cache/huggingface/lerobot/coport-uni/FR5_task3_turn_the_sliver_air_valve_90_degress_counterclockwise_100/.cache/huggingface/download/videos/observation.images.top_left/chunk-000/file-013.mp4.lock
DEBUG 2026-06-30 07:10:01 ock/_api.py:541 Attempting to release lock 132611813794128 on /root/.cache/huggingface/lerobot/coport-uni/FR5_task3_turn_the_sliver_air_valve_90_degress_counterclockwise_100/.cache/huggingface/download/videos/observation.images.top_left/chunk-000/file-013.mp4.lock
DEBUG 2026-06-30 07:10:01 ock/_api.py:545 Lock 132611813794128 released on /root/.cache/huggingface/lerobot/coport-uni/FR5_task3_turn_the_sliver_air_valve_90_degress_counterclockwise_100/.cache/huggingface/download/videos/observation.images.top_left/chunk-000/file-013.mp4.lock
DEBUG 2026-06-30 07:10:01 re/_trace.py:47 send_request_headers.started request=<Request [b'HEAD']>
DEBUG 2026-06-30 07:10:01 re/_trace.py:47 send_request_headers.complete
DEBUG 2026-06-30 07:10:01 re/_trace.py:47 send_request_body.started request=<Request [b'HEAD']>
DEBUG 2026-06-30 07:10:01 re/_trace.py:47 send_request_body.complete
DEBUG 2026-06-30 07:10:01 re/_trace.py:47 receive_response_headers.started request=<Request [b'HEAD']>
DEBUG 2026-06-30 07:10:01 re/_trace.py:47 receive_response_headers.complete return_value=(b'HTTP/1.1', 302, b'Found', [(b'Content-Type', b'text/plain; charset=utf-8'), (b'Content-Length', b'1056'), (b'Connection', b'keep-alive'), (b'Date', b'Tue, 30 Jun 2026 07:10:01 GMT'), (b'Location', b'https://cas-bridge.xethub.hf.co/xet-bridge-us/6a4276dae074855e8c8cddb1/0c0a66e00c68559212ed0e6f3b32880936a7a443e950413b6e81901daed0b5cf?Expires=1782807001&Policy=eyJTdGF0ZW1lbnQiOlt7IlJlc291cmNlIjoiaHR0cHM6Ly9jYXMtYnJpZGdlLnhldGh1Yi5oZi5jby94ZXQtYnJpZGdlLXVzLzZhNDI3NmRhZTA3NDg1NWU4YzhjZGRiMS8wYzBhNjZlMDBjNjg1NTkyMTJlZDBlNmYzYjMyODgwOTM2YTdhNDQzZTk1MDQxM2I2ZTgxOTAxZGFlZDBiNWNmKiIsIkNvbmRpdGlvbiI6eyJEYXRlTGVzc1RoYW4iOnsiQVdTOkVwb2NoVGltZSI6MTc4MjgwNzAwMX19fV19&Signature=MEUCIQDGI2PoKKPrsvgFnf0H4B7Sn-hNwN3qMHiZm%7E4ToHBnkAIgO%7E99UlyxNfMf63oImT0qCS3w71x2MpAlsgU646NQe8g_&Key-Pair-Id=K1LYXO563TGWFU&X-Xet-Cas-Uid=6968a8befacf9a9b049da27a&response-content-disposition=inline%3B+filename*%3DUTF-8%27%27file-013.mp4%3B+filename%3D%22file-013.mp4%22%3B&response-content-type=video%2Fmp4&X-Amz-Algorithm=AWS4-HMAC-SHA256&X-Amz-Credential=cas%2F20260630%2Fus-east-1%2Fs3%2Faws4_request&X-Amz-Date=20260630T071001Z&X-Amz-Expires=3600&X-Amz-SignedHeaders=host&X-Amz-Signature=f8d23ab73ac18911a8d23b9475fc06875523f7c9c82ca895b5c3180f6069aac4'), (b'X-Powered-By', b'huggingface-moon'), (b'X-Request-Id', b'Root=1-6a436bc9-071404347fe3703006bde742;cecc81b4-d749-49ec-9c80-eeb9f1b980db'), (b'RateLimit', b'"resolvers";r=4941;t=221'), (b'RateLimit-Policy', b'"fixed window";"resolvers";q=5000;w=300'), (b'cross-origin-opener-policy', b'same-origin'), (b'Referrer-Policy', b'strict-origin-when-cross-origin'), (b'Access-Control-Max-Age', b'86400'), (b'Access-Control-Allow-Origin', b'https://huggingface.co'), (b'Vary', b'Origin, Accept'), (b'Access-Control-Expose-Headers', b'X-Repo-Commit,X-Request-Id,X-Error-Code,X-Error-Message,X-Total-Count,ETag,Link,Accept-Ranges,Content-Range,X-Linked-Size,X-Linked-ETag,X-Xet-Hash'), (b'X-Repo-Commit', b'1f7ed68357ecdbd8e31415414359f4e43a355b15'), (b'Accept-Ranges', b'bytes'), (b'X-Hub-Cache', b'MISS'), (b'X-Linked-Size', b'87933367'), (b'X-Linked-ETag', b'"7c75329f33f8340dad17abec2e4fc1a910a037c3e4098d2b9656222906a90a68"'), (b'X-Xet-Hash', b'0c0a66e00c68559212ed0e6f3b32880936a7a443e950413b6e81901daed0b5cf'), (b'Link', b'<https://huggingface.co/api/datasets/coport-uni/FR5_task3_turn_the_sliver_air_valve_90_degress_counterclockwise_100/xet-read-token/1f7ed68357ecdbd8e31415414359f4e43a355b15>; rel="xet-auth", <https://cas-server.xethub.hf.co/v1/reconstructions/0c0a66e00c68559212ed0e6f3b32880936a7a443e950413b6e81901daed0b5cf>; rel="xet-reconstruction-info"'), (b'X-Cache', b'Miss from cloudfront'), (b'Via', b'1.1 f292525632ff4da4658e70c2b7b83518.cloudfront.net (CloudFront)'), (b'X-Amz-Cf-Pop', b'ICN57-P5'), (b'X-Amz-Cf-Id', b'kuA1m3-rUUc9RsSmfS-IcnUwU1O9JRwniBPWD-KN3fUc2EPXT_2cDQ==')])
INFO 2026-06-30 07:10:01 _client.py:1025 HTTP Request: HEAD https://huggingface.co/datasets/coport-uni/FR5_task3_turn_the_sliver_air_valve_90_degress_counterclockwise_100/resolve/1f7ed68357ecdbd8e31415414359f4e43a355b15/videos/observation.images.top_left/chunk-000/file-013.mp4 "HTTP/1.1 302 Found"
DEBUG 2026-06-30 07:10:01 re/_trace.py:47 receive_response_body.started request=<Request [b'HEAD']>
DEBUG 2026-06-30 07:10:01 re/_trace.py:47 receive_response_body.complete
DEBUG 2026-06-30 07:10:01 re/_trace.py:47 response_closed.started
DEBUG 2026-06-30 07:10:01 re/_trace.py:47 response_closed.complete
DEBUG 2026-06-30 07:10:01 ock/_api.py:501 Attempting to acquire lock 132611813705200 on /root/.cache/huggingface/lerobot/coport-uni/FR5_task3_turn_the_sliver_air_valve_90_degress_counterclockwise_100/.cache/huggingface/download/videos/observation.images.top_left/chunk-000/file-013.mp4.lock
DEBUG 2026-06-30 07:10:01 ock/_api.py:504 Lock 132611813705200 acquired on /root/.cache/huggingface/lerobot/coport-uni/FR5_task3_turn_the_sliver_air_valve_90_degress_counterclockwise_100/.cache/huggingface/download/videos/observation.images.top_left/chunk-000/file-013.mp4.lock
DEBUG 2026-06-30 07:10:03 ock/_api.py:541 Attempting to release lock 132611813474576 on /root/.cache/huggingface/lerobot/coport-uni/FR5_task3_turn_the_sliver_air_valve_90_degress_counterclockwise_100/.cache/huggingface/download/videos/observation.images.hand/chunk-000/file-008.mp4.lock
DEBUG 2026-06-30 07:10:03 ock/_api.py:545 Lock 132611813474576 released on /root/.cache/huggingface/lerobot/coport-uni/FR5_task3_turn_the_sliver_air_valve_90_degress_counterclockwise_100/.cache/huggingface/download/videos/observation.images.hand/chunk-000/file-008.mp4.lock
DEBUG 2026-06-30 07:10:03 ock/_api.py:501 Attempting to acquire lock 132611813719840 on /root/.cache/huggingface/lerobot/coport-uni/FR5_task3_turn_the_sliver_air_valve_90_degress_counterclockwise_100/.cache/huggingface/download/videos/observation.images.hand/chunk-000/file-008.mp4.lock
DEBUG 2026-06-30 07:10:03 ock/_api.py:504 Lock 132611813719840 acquired on /root/.cache/huggingface/lerobot/coport-uni/FR5_task3_turn_the_sliver_air_valve_90_degress_counterclockwise_100/.cache/huggingface/download/videos/observation.images.hand/chunk-000/file-008.mp4.lock
DEBUG 2026-06-30 07:10:03 ock/_api.py:541 Attempting to release lock 132611813719840 on /root/.cache/huggingface/lerobot/coport-uni/FR5_task3_turn_the_sliver_air_valve_90_degress_counterclockwise_100/.cache/huggingface/download/videos/observation.images.hand/chunk-000/file-008.mp4.lock
DEBUG 2026-06-30 07:10:03 ock/_api.py:545 Lock 132611813719840 released on /root/.cache/huggingface/lerobot/coport-uni/FR5_task3_turn_the_sliver_air_valve_90_degress_counterclockwise_100/.cache/huggingface/download/videos/observation.images.hand/chunk-000/file-008.mp4.lock
DEBUG 2026-06-30 07:10:03 ock/_api.py:501 Attempting to acquire lock 132620757642768 on /root/.cache/huggingface/lerobot/coport-uni/FR5_task3_turn_the_sliver_air_valve_90_degress_counterclockwise_100/.cache/huggingface/download/videos/observation.images.top_left/chunk-000/file-014.mp4.lock
DEBUG 2026-06-30 07:10:03 ock/_api.py:504 Lock 132620757642768 acquired on /root/.cache/huggingface/lerobot/coport-uni/FR5_task3_turn_the_sliver_air_valve_90_degress_counterclockwise_100/.cache/huggingface/download/videos/observation.images.top_left/chunk-000/file-014.mp4.lock
DEBUG 2026-06-30 07:10:03 ock/_api.py:541 Attempting to release lock 132620757642768 on /root/.cache/huggingface/lerobot/coport-uni/FR5_task3_turn_the_sliver_air_valve_90_degress_counterclockwise_100/.cache/huggingface/download/videos/observation.images.top_left/chunk-000/file-014.mp4.lock
DEBUG 2026-06-30 07:10:03 ock/_api.py:545 Lock 132620757642768 released on /root/.cache/huggingface/lerobot/coport-uni/FR5_task3_turn_the_sliver_air_valve_90_degress_counterclockwise_100/.cache/huggingface/download/videos/observation.images.top_left/chunk-000/file-014.mp4.lock
DEBUG 2026-06-30 07:10:03 re/_trace.py:47 send_request_headers.started request=<Request [b'HEAD']>
DEBUG 2026-06-30 07:10:03 re/_trace.py:47 send_request_headers.complete
DEBUG 2026-06-30 07:10:03 re/_trace.py:47 send_request_body.started request=<Request [b'HEAD']>
DEBUG 2026-06-30 07:10:03 re/_trace.py:47 send_request_body.complete
DEBUG 2026-06-30 07:10:03 re/_trace.py:47 receive_response_headers.started request=<Request [b'HEAD']>
DEBUG 2026-06-30 07:10:03 re/_trace.py:47 receive_response_headers.complete return_value=(b'HTTP/1.1', 302, b'Found', [(b'Content-Type', b'text/plain; charset=utf-8'), (b'Content-Length', b'1056'), (b'Connection', b'keep-alive'), (b'Date', b'Tue, 30 Jun 2026 07:10:03 GMT'), (b'Location', b'https://cas-bridge.xethub.hf.co/xet-bridge-us/6a4276dae074855e8c8cddb1/00956d918e79a818d38573016e558cdbd1100f1640a1facc6c4b45307568c137?Expires=1782807003&Policy=eyJTdGF0ZW1lbnQiOlt7IlJlc291cmNlIjoiaHR0cHM6Ly9jYXMtYnJpZGdlLnhldGh1Yi5oZi5jby94ZXQtYnJpZGdlLXVzLzZhNDI3NmRhZTA3NDg1NWU4YzhjZGRiMS8wMDk1NmQ5MThlNzlhODE4ZDM4NTczMDE2ZTU1OGNkYmQxMTAwZjE2NDBhMWZhY2M2YzRiNDUzMDc1NjhjMTM3KiIsIkNvbmRpdGlvbiI6eyJEYXRlTGVzc1RoYW4iOnsiQVdTOkVwb2NoVGltZSI6MTc4MjgwNzAwM319fV19&Signature=MEUCICzPPMqe6kLxNkN%7EbHW3l4B6kHN1J3tSsjH9UktGxKaoAiEA-oolmdcsVFnV87ZA%7EqFXVUnzdS5KgN81l6lPg7QFmUs_&Key-Pair-Id=K1LYXO563TGWFU&X-Xet-Cas-Uid=6968a8befacf9a9b049da27a&response-content-disposition=inline%3B+filename*%3DUTF-8%27%27file-014.mp4%3B+filename%3D%22file-014.mp4%22%3B&response-content-type=video%2Fmp4&X-Amz-Algorithm=AWS4-HMAC-SHA256&X-Amz-Credential=cas%2F20260630%2Fus-east-1%2Fs3%2Faws4_request&X-Amz-Date=20260630T071003Z&X-Amz-Expires=3600&X-Amz-SignedHeaders=host&X-Amz-Signature=95ed684d8144f84a09c6672593c0b99b67881b58c34018024621cf3279be1fd4'), (b'X-Powered-By', b'huggingface-moon'), (b'X-Request-Id', b'Root=1-6a436bcb-6d977017111d692462f184b8;b85d99b1-f909-4a3f-a323-d4491ed2d37c'), (b'RateLimit', b'"resolvers";r=4940;t=219'), (b'RateLimit-Policy', b'"fixed window";"resolvers";q=5000;w=300'), (b'cross-origin-opener-policy', b'same-origin'), (b'Referrer-Policy', b'strict-origin-when-cross-origin'), (b'Access-Control-Max-Age', b'86400'), (b'Access-Control-Allow-Origin', b'https://huggingface.co'), (b'Vary', b'Origin, Accept'), (b'Access-Control-Expose-Headers', b'X-Repo-Commit,X-Request-Id,X-Error-Code,X-Error-Message,X-Total-Count,ETag,Link,Accept-Ranges,Content-Range,X-Linked-Size,X-Linked-ETag,X-Xet-Hash'), (b'X-Repo-Commit', b'1f7ed68357ecdbd8e31415414359f4e43a355b15'), (b'Accept-Ranges', b'bytes'), (b'X-Hub-Cache', b'MISS'), (b'X-Linked-Size', b'182112567'), (b'X-Linked-ETag', b'"3ff395ddbac6f3265ff49bd188af4b1370a2e54f7725b6cba2e9e08bca4c3244"'), (b'X-Xet-Hash', b'00956d918e79a818d38573016e558cdbd1100f1640a1facc6c4b45307568c137'), (b'Link', b'<https://huggingface.co/api/datasets/coport-uni/FR5_task3_turn_the_sliver_air_valve_90_degress_counterclockwise_100/xet-read-token/1f7ed68357ecdbd8e31415414359f4e43a355b15>; rel="xet-auth", <https://cas-server.xethub.hf.co/v1/reconstructions/00956d918e79a818d38573016e558cdbd1100f1640a1facc6c4b45307568c137>; rel="xet-reconstruction-info"'), (b'X-Cache', b'Miss from cloudfront'), (b'Via', b'1.1 f292525632ff4da4658e70c2b7b83518.cloudfront.net (CloudFront)'), (b'X-Amz-Cf-Pop', b'ICN57-P5'), (b'X-Amz-Cf-Id', b'AnYVqSrCh7D9yvE_SHsv5zekVezPY-3uocBYZGjSMReRJ1l8zudFeA==')])
INFO 2026-06-30 07:10:03 _client.py:1025 HTTP Request: HEAD https://huggingface.co/datasets/coport-uni/FR5_task3_turn_the_sliver_air_valve_90_degress_counterclockwise_100/resolve/1f7ed68357ecdbd8e31415414359f4e43a355b15/videos/observation.images.top_left/chunk-000/file-014.mp4 "HTTP/1.1 302 Found"
DEBUG 2026-06-30 07:10:03 re/_trace.py:47 receive_response_body.started request=<Request [b'HEAD']>
DEBUG 2026-06-30 07:10:03 re/_trace.py:47 receive_response_body.complete
DEBUG 2026-06-30 07:10:03 re/_trace.py:47 response_closed.started
DEBUG 2026-06-30 07:10:03 re/_trace.py:47 response_closed.complete
DEBUG 2026-06-30 07:10:03 ock/_api.py:501 Attempting to acquire lock 132620757646464 on /root/.cache/huggingface/lerobot/coport-uni/FR5_task3_turn_the_sliver_air_valve_90_degress_counterclockwise_100/.cache/huggingface/download/videos/observation.images.top_left/chunk-000/file-014.mp4.lock
DEBUG 2026-06-30 07:10:03 ock/_api.py:504 Lock 132620757646464 acquired on /root/.cache/huggingface/lerobot/coport-uni/FR5_task3_turn_the_sliver_air_valve_90_degress_counterclockwise_100/.cache/huggingface/download/videos/observation.images.top_left/chunk-000/file-014.mp4.lock
DEBUG 2026-06-30 07:10:07 ock/_api.py:541 Attempting to release lock 132611813712496 on /root/.cache/huggingface/lerobot/coport-uni/FR5_task3_turn_the_sliver_air_valve_90_degress_counterclockwise_100/.cache/huggingface/download/videos/observation.images.top_left/chunk-000/file-012.mp4.lock
DEBUG 2026-06-30 07:10:07 ock/_api.py:545 Lock 132611813712496 released on /root/.cache/huggingface/lerobot/coport-uni/FR5_task3_turn_the_sliver_air_valve_90_degress_counterclockwise_100/.cache/huggingface/download/videos/observation.images.top_left/chunk-000/file-012.mp4.lock
DEBUG 2026-06-30 07:10:07 ock/_api.py:501 Attempting to acquire lock 132611813712496 on /root/.cache/huggingface/lerobot/coport-uni/FR5_task3_turn_the_sliver_air_valve_90_degress_counterclockwise_100/.cache/huggingface/download/videos/observation.images.top_left/chunk-000/file-012.mp4.lock
DEBUG 2026-06-30 07:10:07 ock/_api.py:504 Lock 132611813712496 acquired on /root/.cache/huggingface/lerobot/coport-uni/FR5_task3_turn_the_sliver_air_valve_90_degress_counterclockwise_100/.cache/huggingface/download/videos/observation.images.top_left/chunk-000/file-012.mp4.lock
DEBUG 2026-06-30 07:10:07 ock/_api.py:541 Attempting to release lock 132611813712496 on /root/.cache/huggingface/lerobot/coport-uni/FR5_task3_turn_the_sliver_air_valve_90_degress_counterclockwise_100/.cache/huggingface/download/videos/observation.images.top_left/chunk-000/file-012.mp4.lock
DEBUG 2026-06-30 07:10:07 ock/_api.py:545 Lock 132611813712496 released on /root/.cache/huggingface/lerobot/coport-uni/FR5_task3_turn_the_sliver_air_valve_90_degress_counterclockwise_100/.cache/huggingface/download/videos/observation.images.top_left/chunk-000/file-012.mp4.lock
DEBUG 2026-06-30 07:10:07 ock/_api.py:501 Attempting to acquire lock 132611813796288 on /root/.cache/huggingface/lerobot/coport-uni/FR5_task3_turn_the_sliver_air_valve_90_degress_counterclockwise_100/.cache/huggingface/download/videos/observation.images.top_left/chunk-000/file-015.mp4.lock
DEBUG 2026-06-30 07:10:07 ock/_api.py:504 Lock 132611813796288 acquired on /root/.cache/huggingface/lerobot/coport-uni/FR5_task3_turn_the_sliver_air_valve_90_degress_counterclockwise_100/.cache/huggingface/download/videos/observation.images.top_left/chunk-000/file-015.mp4.lock
DEBUG 2026-06-30 07:10:07 ock/_api.py:541 Attempting to release lock 132611813796288 on /root/.cache/huggingface/lerobot/coport-uni/FR5_task3_turn_the_sliver_air_valve_90_degress_counterclockwise_100/.cache/huggingface/download/videos/observation.images.top_left/chunk-000/file-015.mp4.lock
DEBUG 2026-06-30 07:10:07 ock/_api.py:545 Lock 132611813796288 released on /root/.cache/huggingface/lerobot/coport-uni/FR5_task3_turn_the_sliver_air_valve_90_degress_counterclockwise_100/.cache/huggingface/download/videos/observation.images.top_left/chunk-000/file-015.mp4.lock
DEBUG 2026-06-30 07:10:07 re/_trace.py:47 send_request_headers.started request=<Request [b'HEAD']>
DEBUG 2026-06-30 07:10:07 re/_trace.py:47 send_request_headers.complete
DEBUG 2026-06-30 07:10:07 re/_trace.py:47 send_request_body.started request=<Request [b'HEAD']>
DEBUG 2026-06-30 07:10:07 re/_trace.py:47 send_request_body.complete
DEBUG 2026-06-30 07:10:07 re/_trace.py:47 receive_response_headers.started request=<Request [b'HEAD']>
DEBUG 2026-06-30 07:10:07 re/_trace.py:47 receive_response_headers.complete return_value=(b'HTTP/1.1', 302, b'Found', [(b'Content-Type', b'text/plain; charset=utf-8'), (b'Content-Length', b'1052'), (b'Connection', b'keep-alive'), (b'Date', b'Tue, 30 Jun 2026 07:10:07 GMT'), (b'Location', b'https://cas-bridge.xethub.hf.co/xet-bridge-us/6a4276dae074855e8c8cddb1/f8490408125bd3f63ca28182e204a0113a5a41d37a8f37f3fca716c86e255eb1?Expires=1782807007&Policy=eyJTdGF0ZW1lbnQiOlt7IlJlc291cmNlIjoiaHR0cHM6Ly9jYXMtYnJpZGdlLnhldGh1Yi5oZi5jby94ZXQtYnJpZGdlLXVzLzZhNDI3NmRhZTA3NDg1NWU4YzhjZGRiMS9mODQ5MDQwODEyNWJkM2Y2M2NhMjgxODJlMjA0YTAxMTNhNWE0MWQzN2E4ZjM3ZjNmY2E3MTZjODZlMjU1ZWIxKiIsIkNvbmRpdGlvbiI6eyJEYXRlTGVzc1RoYW4iOnsiQVdTOkVwb2NoVGltZSI6MTc4MjgwNzAwN319fV19&Signature=MEYCIQDK6ckS3a-0OWCtzZzP3E6imxNsQZnGP6gC6Vri7Ta2-gIhALjNXIeBudUjRfSptB6klSepGth-9OmX9E4PaFPnqL0R&Key-Pair-Id=K1LYXO563TGWFU&response-content-disposition=inline%3B+filename*%3DUTF-8%27%27file-015.mp4%3B+filename%3D%22file-015.mp4%22%3B&response-content-type=video%2Fmp4&X-Xet-Cas-Uid=6968a8befacf9a9b049da27a&X-Amz-Algorithm=AWS4-HMAC-SHA256&X-Amz-Credential=cas%2F20260630%2Fus-east-1%2Fs3%2Faws4_request&X-Amz-Date=20260630T071007Z&X-Amz-Expires=3600&X-Amz-SignedHeaders=host&X-Amz-Signature=996ee4025dacc3e8f7ee60cb20648b5e2b831129627aa70a70bb7662399b41ad'), (b'X-Powered-By', b'huggingface-moon'), (b'X-Request-Id', b'Root=1-6a436bcf-5e86f4745ff0cb022821d88e;3db71d60-f307-4841-8116-1895a647f432'), (b'RateLimit', b'"resolvers";r=4939;t=215'), (b'RateLimit-Policy', b'"fixed window";"resolvers";q=5000;w=300'), (b'cross-origin-opener-policy', b'same-origin'), (b'Referrer-Policy', b'strict-origin-when-cross-origin'), (b'Access-Control-Max-Age', b'86400'), (b'Access-Control-Allow-Origin', b'https://huggingface.co'), (b'Vary', b'Origin, Accept'), (b'Access-Control-Expose-Headers', b'X-Repo-Commit,X-Request-Id,X-Error-Code,X-Error-Message,X-Total-Count,ETag,Link,Accept-Ranges,Content-Range,X-Linked-Size,X-Linked-ETag,X-Xet-Hash'), (b'X-Repo-Commit', b'1f7ed68357ecdbd8e31415414359f4e43a355b15'), (b'Accept-Ranges', b'bytes'), (b'X-Hub-Cache', b'MISS'), (b'X-Linked-Size', b'80275620'), (b'X-Linked-ETag', b'"988036f9ac003f6672ae9ead2f19082f7f887918022d633a5d38a02e793b32f7"'), (b'X-Xet-Hash', b'f8490408125bd3f63ca28182e204a0113a5a41d37a8f37f3fca716c86e255eb1'), (b'Link', b'<https://huggingface.co/api/datasets/coport-uni/FR5_task3_turn_the_sliver_air_valve_90_degress_counterclockwise_100/xet-read-token/1f7ed68357ecdbd8e31415414359f4e43a355b15>; rel="xet-auth", <https://cas-server.xethub.hf.co/v1/reconstructions/f8490408125bd3f63ca28182e204a0113a5a41d37a8f37f3fca716c86e255eb1>; rel="xet-reconstruction-info"'), (b'X-Cache', b'Miss from cloudfront'), (b'Via', b'1.1 f292525632ff4da4658e70c2b7b83518.cloudfront.net (CloudFront)'), (b'X-Amz-Cf-Pop', b'ICN57-P5'), (b'X-Amz-Cf-Id', b'1uPL9fU_bUiTOdzDB1AUIoj-BbBzazB8iu_-4E_Kb3XUsbVVwd91vg==')])
INFO 2026-06-30 07:10:07 _client.py:1025 HTTP Request: HEAD https://huggingface.co/datasets/coport-uni/FR5_task3_turn_the_sliver_air_valve_90_degress_counterclockwise_100/resolve/1f7ed68357ecdbd8e31415414359f4e43a355b15/videos/observation.images.top_left/chunk-000/file-015.mp4 "HTTP/1.1 302 Found"
DEBUG 2026-06-30 07:10:07 re/_trace.py:47 receive_response_body.started request=<Request [b'HEAD']>
DEBUG 2026-06-30 07:10:07 re/_trace.py:47 receive_response_body.complete
DEBUG 2026-06-30 07:10:07 re/_trace.py:47 response_closed.started
DEBUG 2026-06-30 07:10:07 re/_trace.py:47 response_closed.complete
DEBUG 2026-06-30 07:10:07 ock/_api.py:501 Attempting to acquire lock 132611813703856 on /root/.cache/huggingface/lerobot/coport-uni/FR5_task3_turn_the_sliver_air_valve_90_degress_counterclockwise_100/.cache/huggingface/download/videos/observation.images.top_left/chunk-000/file-015.mp4.lock
DEBUG 2026-06-30 07:10:07 ock/_api.py:504 Lock 132611813703856 acquired on /root/.cache/huggingface/lerobot/coport-uni/FR5_task3_turn_the_sliver_air_valve_90_degress_counterclockwise_100/.cache/huggingface/download/videos/observation.images.top_left/chunk-000/file-015.mp4.lock
DEBUG 2026-06-30 07:10:12 ock/_api.py:541 Attempting to release lock 132611813705200 on /root/.cache/huggingface/lerobot/coport-uni/FR5_task3_turn_the_sliver_air_valve_90_degress_counterclockwise_100/.cache/huggingface/download/videos/observation.images.top_left/chunk-000/file-013.mp4.lock
DEBUG 2026-06-30 07:10:12 ock/_api.py:545 Lock 132611813705200 released on /root/.cache/huggingface/lerobot/coport-uni/FR5_task3_turn_the_sliver_air_valve_90_degress_counterclockwise_100/.cache/huggingface/download/videos/observation.images.top_left/chunk-000/file-013.mp4.lock
DEBUG 2026-06-30 07:10:12 ock/_api.py:501 Attempting to acquire lock 132611813704912 on /root/.cache/huggingface/lerobot/coport-uni/FR5_task3_turn_the_sliver_air_valve_90_degress_counterclockwise_100/.cache/huggingface/download/videos/observation.images.top_left/chunk-000/file-013.mp4.lock
DEBUG 2026-06-30 07:10:12 ock/_api.py:504 Lock 132611813704912 acquired on /root/.cache/huggingface/lerobot/coport-uni/FR5_task3_turn_the_sliver_air_valve_90_degress_counterclockwise_100/.cache/huggingface/download/videos/observation.images.top_left/chunk-000/file-013.mp4.lock
DEBUG 2026-06-30 07:10:12 ock/_api.py:541 Attempting to release lock 132611813704912 on /root/.cache/huggingface/lerobot/coport-uni/FR5_task3_turn_the_sliver_air_valve_90_degress_counterclockwise_100/.cache/huggingface/download/videos/observation.images.top_left/chunk-000/file-013.mp4.lock
DEBUG 2026-06-30 07:10:12 ock/_api.py:545 Lock 132611813704912 released on /root/.cache/huggingface/lerobot/coport-uni/FR5_task3_turn_the_sliver_air_valve_90_degress_counterclockwise_100/.cache/huggingface/download/videos/observation.images.top_left/chunk-000/file-013.mp4.lock
DEBUG 2026-06-30 07:10:12 ock/_api.py:501 Attempting to acquire lock 132611813704912 on /root/.cache/huggingface/lerobot/coport-uni/FR5_task3_turn_the_sliver_air_valve_90_degress_counterclockwise_100/.cache/huggingface/download/videos/observation.images.top_right/chunk-000/file-000.mp4.lock
DEBUG 2026-06-30 07:10:12 ock/_api.py:504 Lock 132611813704912 acquired on /root/.cache/huggingface/lerobot/coport-uni/FR5_task3_turn_the_sliver_air_valve_90_degress_counterclockwise_100/.cache/huggingface/download/videos/observation.images.top_right/chunk-000/file-000.mp4.lock
DEBUG 2026-06-30 07:10:12 ock/_api.py:541 Attempting to release lock 132611813704912 on /root/.cache/huggingface/lerobot/coport-uni/FR5_task3_turn_the_sliver_air_valve_90_degress_counterclockwise_100/.cache/huggingface/download/videos/observation.images.top_right/chunk-000/file-000.mp4.lock
DEBUG 2026-06-30 07:10:12 ock/_api.py:545 Lock 132611813704912 released on /root/.cache/huggingface/lerobot/coport-uni/FR5_task3_turn_the_sliver_air_valve_90_degress_counterclockwise_100/.cache/huggingface/download/videos/observation.images.top_right/chunk-000/file-000.mp4.lock
DEBUG 2026-06-30 07:10:12 re/_trace.py:47 send_request_headers.started request=<Request [b'HEAD']>
DEBUG 2026-06-30 07:10:12 re/_trace.py:47 send_request_headers.complete
DEBUG 2026-06-30 07:10:12 re/_trace.py:47 send_request_body.started request=<Request [b'HEAD']>
DEBUG 2026-06-30 07:10:12 re/_trace.py:47 send_request_body.complete
DEBUG 2026-06-30 07:10:12 re/_trace.py:47 receive_response_headers.started request=<Request [b'HEAD']>
DEBUG 2026-06-30 07:10:12 re/_trace.py:47 receive_response_headers.complete return_value=(b'HTTP/1.1', 302, b'Found', [(b'Content-Type', b'text/plain; charset=utf-8'), (b'Content-Length', b'1058'), (b'Connection', b'keep-alive'), (b'Date', b'Tue, 30 Jun 2026 07:10:12 GMT'), (b'Location', b'https://cas-bridge.xethub.hf.co/xet-bridge-us/6a4276dae074855e8c8cddb1/e6276d75443d51db85f00f368ca3113de29af7ff20defa4d0ba1f11b32010261?Expires=1782807012&Policy=eyJTdGF0ZW1lbnQiOlt7IlJlc291cmNlIjoiaHR0cHM6Ly9jYXMtYnJpZGdlLnhldGh1Yi5oZi5jby94ZXQtYnJpZGdlLXVzLzZhNDI3NmRhZTA3NDg1NWU4YzhjZGRiMS9lNjI3NmQ3NTQ0M2Q1MWRiODVmMDBmMzY4Y2EzMTEzZGUyOWFmN2ZmMjBkZWZhNGQwYmExZjExYjMyMDEwMjYxKiIsIkNvbmRpdGlvbiI6eyJEYXRlTGVzc1RoYW4iOnsiQVdTOkVwb2NoVGltZSI6MTc4MjgwNzAxMn19fV19&Signature=MEYCIQCxmfpS7uuk2YoZFjwMmBwTjEoLvsqRpwj%7EqyuQ%7EKkw1AIhAPuDebWqObKeBMhlgsMFjXlVFp%7E6a9DhcBNf35irnsu4&Key-Pair-Id=K1LYXO563TGWFU&X-Xet-Cas-Uid=6968a8befacf9a9b049da27a&response-content-disposition=inline%3B+filename*%3DUTF-8%27%27file-000.mp4%3B+filename%3D%22file-000.mp4%22%3B&response-content-type=video%2Fmp4&X-Amz-Algorithm=AWS4-HMAC-SHA256&X-Amz-Credential=cas%2F20260630%2Fus-east-1%2Fs3%2Faws4_request&X-Amz-Date=20260630T071012Z&X-Amz-Expires=3600&X-Amz-SignedHeaders=host&X-Amz-Signature=fa416a81e135735e1e99f01fb6c309df970e71892a40d8c27c7a3b82397d08b4'), (b'X-Powered-By', b'huggingface-moon'), (b'X-Request-Id', b'Root=1-6a436bd4-7aa62d937b46425264706faa;3ff617c8-2a03-4768-b2e9-baab9b5347ff'), (b'RateLimit', b'"resolvers";r=4938;t=210'), (b'RateLimit-Policy', b'"fixed window";"resolvers";q=5000;w=300'), (b'cross-origin-opener-policy', b'same-origin'), (b'Referrer-Policy', b'strict-origin-when-cross-origin'), (b'Access-Control-Max-Age', b'86400'), (b'Access-Control-Allow-Origin', b'https://huggingface.co'), (b'Vary', b'Origin, Accept'), (b'Access-Control-Expose-Headers', b'X-Repo-Commit,X-Request-Id,X-Error-Code,X-Error-Message,X-Total-Count,ETag,Link,Accept-Ranges,Content-Range,X-Linked-Size,X-Linked-ETag,X-Xet-Hash'), (b'X-Repo-Commit', b'1f7ed68357ecdbd8e31415414359f4e43a355b15'), (b'Accept-Ranges', b'bytes'), (b'X-Hub-Cache', b'MISS'), (b'X-Linked-Size', b'194904596'), (b'X-Linked-ETag', b'"d0567420722b5916b0b3a343225823275d0d33798bb15614f39351f0e7b57ac3"'), (b'X-Xet-Hash', b'e6276d75443d51db85f00f368ca3113de29af7ff20defa4d0ba1f11b32010261'), (b'Link', b'<https://huggingface.co/api/datasets/coport-uni/FR5_task3_turn_the_sliver_air_valve_90_degress_counterclockwise_100/xet-read-token/1f7ed68357ecdbd8e31415414359f4e43a355b15>; rel="xet-auth", <https://cas-server.xethub.hf.co/v1/reconstructions/e6276d75443d51db85f00f368ca3113de29af7ff20defa4d0ba1f11b32010261>; rel="xet-reconstruction-info"'), (b'X-Cache', b'Miss from cloudfront'), (b'Via', b'1.1 f292525632ff4da4658e70c2b7b83518.cloudfront.net (CloudFront)'), (b'X-Amz-Cf-Pop', b'ICN57-P5'), (b'X-Amz-Cf-Id', b'KwYlFAR3ZK3GvrZhi4ZtNTWpGzegAaqMI__F6ztleqLUGSlsEv-AYA==')])
INFO 2026-06-30 07:10:12 _client.py:1025 HTTP Request: HEAD https://huggingface.co/datasets/coport-uni/FR5_task3_turn_the_sliver_air_valve_90_degress_counterclockwise_100/resolve/1f7ed68357ecdbd8e31415414359f4e43a355b15/videos/observation.images.top_right/chunk-000/file-000.mp4 "HTTP/1.1 302 Found"
DEBUG 2026-06-30 07:10:12 re/_trace.py:47 receive_response_body.started request=<Request [b'HEAD']>
DEBUG 2026-06-30 07:10:12 re/_trace.py:47 receive_response_body.complete
DEBUG 2026-06-30 07:10:12 re/_trace.py:47 response_closed.started
DEBUG 2026-06-30 07:10:12 re/_trace.py:47 response_closed.complete
DEBUG 2026-06-30 07:10:12 ock/_api.py:501 Attempting to acquire lock 132620758192768 on /root/.cache/huggingface/lerobot/coport-uni/FR5_task3_turn_the_sliver_air_valve_90_degress_counterclockwise_100/.cache/huggingface/download/videos/observation.images.top_right/chunk-000/file-000.mp4.lock
DEBUG 2026-06-30 07:10:12 ock/_api.py:504 Lock 132620758192768 acquired on /root/.cache/huggingface/lerobot/coport-uni/FR5_task3_turn_the_sliver_air_valve_90_degress_counterclockwise_100/.cache/huggingface/download/videos/observation.images.top_right/chunk-000/file-000.mp4.lock
DEBUG 2026-06-30 07:10:12 ock/_api.py:541 Attempting to release lock 132611813793456 on /root/.cache/huggingface/lerobot/coport-uni/FR5_task3_turn_the_sliver_air_valve_90_degress_counterclockwise_100/.cache/huggingface/download/videos/observation.images.top_left/chunk-000/file-003.mp4.lock
DEBUG 2026-06-30 07:10:12 ock/_api.py:545 Lock 132611813793456 released on /root/.cache/huggingface/lerobot/coport-uni/FR5_task3_turn_the_sliver_air_valve_90_degress_counterclockwise_100/.cache/huggingface/download/videos/observation.images.top_left/chunk-000/file-003.mp4.lock
DEBUG 2026-06-30 07:10:12 ock/_api.py:501 Attempting to acquire lock 132611813798448 on /root/.cache/huggingface/lerobot/coport-uni/FR5_task3_turn_the_sliver_air_valve_90_degress_counterclockwise_100/.cache/huggingface/download/videos/observation.images.top_left/chunk-000/file-003.mp4.lock
DEBUG 2026-06-30 07:10:12 ock/_api.py:504 Lock 132611813798448 acquired on /root/.cache/huggingface/lerobot/coport-uni/FR5_task3_turn_the_sliver_air_valve_90_degress_counterclockwise_100/.cache/huggingface/download/videos/observation.images.top_left/chunk-000/file-003.mp4.lock
DEBUG 2026-06-30 07:10:12 ock/_api.py:541 Attempting to release lock 132611813798448 on /root/.cache/huggingface/lerobot/coport-uni/FR5_task3_turn_the_sliver_air_valve_90_degress_counterclockwise_100/.cache/huggingface/download/videos/observation.images.top_left/chunk-000/file-003.mp4.lock
DEBUG 2026-06-30 07:10:12 ock/_api.py:545 Lock 132611813798448 released on /root/.cache/huggingface/lerobot/coport-uni/FR5_task3_turn_the_sliver_air_valve_90_degress_counterclockwise_100/.cache/huggingface/download/videos/observation.images.top_left/chunk-000/file-003.mp4.lock
DEBUG 2026-06-30 07:10:12 ock/_api.py:501 Attempting to acquire lock 132620757645792 on /root/.cache/huggingface/lerobot/coport-uni/FR5_task3_turn_the_sliver_air_valve_90_degress_counterclockwise_100/.cache/huggingface/download/videos/observation.images.top_right/chunk-000/file-001.mp4.lock
DEBUG 2026-06-30 07:10:12 ock/_api.py:504 Lock 132620757645792 acquired on /root/.cache/huggingface/lerobot/coport-uni/FR5_task3_turn_the_sliver_air_valve_90_degress_counterclockwise_100/.cache/huggingface/download/videos/observation.images.top_right/chunk-000/file-001.mp4.lock
DEBUG 2026-06-30 07:10:12 ock/_api.py:541 Attempting to release lock 132620757645792 on /root/.cache/huggingface/lerobot/coport-uni/FR5_task3_turn_the_sliver_air_valve_90_degress_counterclockwise_100/.cache/huggingface/download/videos/observation.images.top_right/chunk-000/file-001.mp4.lock
DEBUG 2026-06-30 07:10:12 ock/_api.py:545 Lock 132620757645792 released on /root/.cache/huggingface/lerobot/coport-uni/FR5_task3_turn_the_sliver_air_valve_90_degress_counterclockwise_100/.cache/huggingface/download/videos/observation.images.top_right/chunk-000/file-001.mp4.lock
DEBUG 2026-06-30 07:10:12 re/_trace.py:47 send_request_headers.started request=<Request [b'HEAD']>
DEBUG 2026-06-30 07:10:12 re/_trace.py:47 send_request_headers.complete
DEBUG 2026-06-30 07:10:12 re/_trace.py:47 send_request_body.started request=<Request [b'HEAD']>
DEBUG 2026-06-30 07:10:12 re/_trace.py:47 send_request_body.complete
DEBUG 2026-06-30 07:10:12 re/_trace.py:47 receive_response_headers.started request=<Request [b'HEAD']>
DEBUG 2026-06-30 07:10:12 ock/_api.py:541 Attempting to release lock 132611813703856 on /root/.cache/huggingface/lerobot/coport-uni/FR5_task3_turn_the_sliver_air_valve_90_degress_counterclockwise_100/.cache/huggingface/download/videos/observation.images.top_left/chunk-000/file-015.mp4.lock
DEBUG 2026-06-30 07:10:12 ock/_api.py:545 Lock 132611813703856 released on /root/.cache/huggingface/lerobot/coport-uni/FR5_task3_turn_the_sliver_air_valve_90_degress_counterclockwise_100/.cache/huggingface/download/videos/observation.images.top_left/chunk-000/file-015.mp4.lock
DEBUG 2026-06-30 07:10:12 ock/_api.py:501 Attempting to acquire lock 132620758200784 on /root/.cache/huggingface/lerobot/coport-uni/FR5_task3_turn_the_sliver_air_valve_90_degress_counterclockwise_100/.cache/huggingface/download/videos/observation.images.top_left/chunk-000/file-015.mp4.lock
DEBUG 2026-06-30 07:10:12 ock/_api.py:504 Lock 132620758200784 acquired on /root/.cache/huggingface/lerobot/coport-uni/FR5_task3_turn_the_sliver_air_valve_90_degress_counterclockwise_100/.cache/huggingface/download/videos/observation.images.top_left/chunk-000/file-015.mp4.lock
DEBUG 2026-06-30 07:10:12 ock/_api.py:541 Attempting to release lock 132620758200784 on /root/.cache/huggingface/lerobot/coport-uni/FR5_task3_turn_the_sliver_air_valve_90_degress_counterclockwise_100/.cache/huggingface/download/videos/observation.images.top_left/chunk-000/file-015.mp4.lock
DEBUG 2026-06-30 07:10:12 ock/_api.py:545 Lock 132620758200784 released on /root/.cache/huggingface/lerobot/coport-uni/FR5_task3_turn_the_sliver_air_valve_90_degress_counterclockwise_100/.cache/huggingface/download/videos/observation.images.top_left/chunk-000/file-015.mp4.lock
DEBUG 2026-06-30 07:10:12 ock/_api.py:501 Attempting to acquire lock 132620757801760 on /root/.cache/huggingface/lerobot/coport-uni/FR5_task3_turn_the_sliver_air_valve_90_degress_counterclockwise_100/.cache/huggingface/download/videos/observation.images.top_right/chunk-000/file-002.mp4.lock
DEBUG 2026-06-30 07:10:12 ock/_api.py:504 Lock 132620757801760 acquired on /root/.cache/huggingface/lerobot/coport-uni/FR5_task3_turn_the_sliver_air_valve_90_degress_counterclockwise_100/.cache/huggingface/download/videos/observation.images.top_right/chunk-000/file-002.mp4.lock
DEBUG 2026-06-30 07:10:12 ock/_api.py:541 Attempting to release lock 132620757801760 on /root/.cache/huggingface/lerobot/coport-uni/FR5_task3_turn_the_sliver_air_valve_90_degress_counterclockwise_100/.cache/huggingface/download/videos/observation.images.top_right/chunk-000/file-002.mp4.lock
DEBUG 2026-06-30 07:10:12 ock/_api.py:545 Lock 132620757801760 released on /root/.cache/huggingface/lerobot/coport-uni/FR5_task3_turn_the_sliver_air_valve_90_degress_counterclockwise_100/.cache/huggingface/download/videos/observation.images.top_right/chunk-000/file-002.mp4.lock
DEBUG 2026-06-30 07:10:12 re/_trace.py:47 connect_tcp.started host='huggingface.co' port=443 local_address=None timeout=10 socket_options=None
DEBUG 2026-06-30 07:10:12 re/_trace.py:47 connect_tcp.complete return_value=<httpcore._backends.sync.SyncStream object at 0x789e2d2eb5c0>
DEBUG 2026-06-30 07:10:12 re/_trace.py:47 start_tls.started ssl_context=<ssl.SSLContext object at 0x789c1818c450> server_hostname='huggingface.co' timeout=10
DEBUG 2026-06-30 07:10:12 re/_trace.py:47 start_tls.complete return_value=<httpcore._backends.sync.SyncStream object at 0x789e2d2eb920>
DEBUG 2026-06-30 07:10:12 re/_trace.py:47 send_request_headers.started request=<Request [b'HEAD']>
DEBUG 2026-06-30 07:10:12 re/_trace.py:47 send_request_headers.complete
DEBUG 2026-06-30 07:10:12 re/_trace.py:47 send_request_body.started request=<Request [b'HEAD']>
DEBUG 2026-06-30 07:10:12 re/_trace.py:47 send_request_body.complete
DEBUG 2026-06-30 07:10:12 re/_trace.py:47 receive_response_headers.started request=<Request [b'HEAD']>
DEBUG 2026-06-30 07:10:12 ock/_api.py:541 Attempting to release lock 132620757646464 on /root/.cache/huggingface/lerobot/coport-uni/FR5_task3_turn_the_sliver_air_valve_90_degress_counterclockwise_100/.cache/huggingface/download/videos/observation.images.top_left/chunk-000/file-014.mp4.lock
DEBUG 2026-06-30 07:10:12 ock/_api.py:545 Lock 132620757646464 released on /root/.cache/huggingface/lerobot/coport-uni/FR5_task3_turn_the_sliver_air_valve_90_degress_counterclockwise_100/.cache/huggingface/download/videos/observation.images.top_left/chunk-000/file-014.mp4.lock
DEBUG 2026-06-30 07:10:12 ock/_api.py:501 Attempting to acquire lock 132620748618064 on /root/.cache/huggingface/lerobot/coport-uni/FR5_task3_turn_the_sliver_air_valve_90_degress_counterclockwise_100/.cache/huggingface/download/videos/observation.images.top_left/chunk-000/file-014.mp4.lock
DEBUG 2026-06-30 07:10:12 ock/_api.py:504 Lock 132620748618064 acquired on /root/.cache/huggingface/lerobot/coport-uni/FR5_task3_turn_the_sliver_air_valve_90_degress_counterclockwise_100/.cache/huggingface/download/videos/observation.images.top_left/chunk-000/file-014.mp4.lock
DEBUG 2026-06-30 07:10:12 ock/_api.py:541 Attempting to release lock 132620748618064 on /root/.cache/huggingface/lerobot/coport-uni/FR5_task3_turn_the_sliver_air_valve_90_degress_counterclockwise_100/.cache/huggingface/download/videos/observation.images.top_left/chunk-000/file-014.mp4.lock
DEBUG 2026-06-30 07:10:12 ock/_api.py:545 Lock 132620748618064 released on /root/.cache/huggingface/lerobot/coport-uni/FR5_task3_turn_the_sliver_air_valve_90_degress_counterclockwise_100/.cache/huggingface/download/videos/observation.images.top_left/chunk-000/file-014.mp4.lock
DEBUG 2026-06-30 07:10:12 ock/_api.py:501 Attempting to acquire lock 132620757804448 on /root/.cache/huggingface/lerobot/coport-uni/FR5_task3_turn_the_sliver_air_valve_90_degress_counterclockwise_100/.cache/huggingface/download/videos/observation.images.top_right/chunk-000/file-003.mp4.lock
DEBUG 2026-06-30 07:10:12 ock/_api.py:504 Lock 132620757804448 acquired on /root/.cache/huggingface/lerobot/coport-uni/FR5_task3_turn_the_sliver_air_valve_90_degress_counterclockwise_100/.cache/huggingface/download/videos/observation.images.top_right/chunk-000/file-003.mp4.lock
DEBUG 2026-06-30 07:10:12 ock/_api.py:541 Attempting to release lock 132620757804448 on /root/.cache/huggingface/lerobot/coport-uni/FR5_task3_turn_the_sliver_air_valve_90_degress_counterclockwise_100/.cache/huggingface/download/videos/observation.images.top_right/chunk-000/file-003.mp4.lock
DEBUG 2026-06-30 07:10:12 ock/_api.py:545 Lock 132620757804448 released on /root/.cache/huggingface/lerobot/coport-uni/FR5_task3_turn_the_sliver_air_valve_90_degress_counterclockwise_100/.cache/huggingface/download/videos/observation.images.top_right/chunk-000/file-003.mp4.lock
DEBUG 2026-06-30 07:10:12 re/_trace.py:47 connect_tcp.started host='huggingface.co' port=443 local_address=None timeout=10 socket_options=None
DEBUG 2026-06-30 07:10:12 re/_trace.py:47 connect_tcp.complete return_value=<httpcore._backends.sync.SyncStream object at 0x789c181a3b00>
DEBUG 2026-06-30 07:10:12 re/_trace.py:47 start_tls.started ssl_context=<ssl.SSLContext object at 0x789c1818c450> server_hostname='huggingface.co' timeout=10
DEBUG 2026-06-30 07:10:12 re/_trace.py:47 start_tls.complete return_value=<httpcore._backends.sync.SyncStream object at 0x789c181a18b0>
DEBUG 2026-06-30 07:10:12 re/_trace.py:47 send_request_headers.started request=<Request [b'HEAD']>
DEBUG 2026-06-30 07:10:12 re/_trace.py:47 send_request_headers.complete
DEBUG 2026-06-30 07:10:12 re/_trace.py:47 send_request_body.started request=<Request [b'HEAD']>
DEBUG 2026-06-30 07:10:12 re/_trace.py:47 send_request_body.complete
DEBUG 2026-06-30 07:10:12 re/_trace.py:47 receive_response_headers.started request=<Request [b'HEAD']>
DEBUG 2026-06-30 07:10:12 re/_trace.py:47 receive_response_headers.complete return_value=(b'HTTP/1.1', 302, b'Found', [(b'Content-Type', b'text/plain; charset=utf-8'), (b'Content-Length', b'1056'), (b'Connection', b'keep-alive'), (b'Date', b'Tue, 30 Jun 2026 07:10:12 GMT'), (b'Location', b'https://cas-bridge.xethub.hf.co/xet-bridge-us/6a4276dae074855e8c8cddb1/b40c47d9b7a0b604f79b65ebfecb0402aa9ad03c6b8d8dea36e05ae0fecd68e3?Expires=1782807012&Policy=eyJTdGF0ZW1lbnQiOlt7IlJlc291cmNlIjoiaHR0cHM6Ly9jYXMtYnJpZGdlLnhldGh1Yi5oZi5jby94ZXQtYnJpZGdlLXVzLzZhNDI3NmRhZTA3NDg1NWU4YzhjZGRiMS9iNDBjNDdkOWI3YTBiNjA0Zjc5YjY1ZWJmZWNiMDQwMmFhOWFkMDNjNmI4ZDhkZWEzNmUwNWFlMGZlY2Q2OGUzKiIsIkNvbmRpdGlvbiI6eyJEYXRlTGVzc1RoYW4iOnsiQVdTOkVwb2NoVGltZSI6MTc4MjgwNzAxMn19fV19&Signature=MEUCIQDaa2AmiLo4Ut3hflLSf58hkRgqVTvC%7EoL3oUsQS-Wg5AIgMg24MQXe49KSdmKHp8yqDjFGJ%7ERaPjeJiHpXyqo4cT4_&Key-Pair-Id=K1LYXO563TGWFU&response-content-type=video%2Fmp4&response-content-disposition=inline%3B+filename*%3DUTF-8%27%27file-001.mp4%3B+filename%3D%22file-001.mp4%22%3B&X-Xet-Cas-Uid=6968a8befacf9a9b049da27a&X-Amz-Algorithm=AWS4-HMAC-SHA256&X-Amz-Credential=cas%2F20260630%2Fus-east-1%2Fs3%2Faws4_request&X-Amz-Date=20260630T071012Z&X-Amz-Expires=3600&X-Amz-SignedHeaders=host&X-Amz-Signature=6eec2b3c928018362a1b45b011f07d83212a351565d58d0c7238b0de6fbb93f6'), (b'X-Powered-By', b'huggingface-moon'), (b'X-Request-Id', b'Root=1-6a436bd4-301b28b063220bd43f9e1737;f1065b7e-0a8f-47d6-b98b-814ff54168c0'), (b'RateLimit', b'"resolvers";r=4937;t=210'), (b'RateLimit-Policy', b'"fixed window";"resolvers";q=5000;w=300'), (b'cross-origin-opener-policy', b'same-origin'), (b'Referrer-Policy', b'strict-origin-when-cross-origin'), (b'Access-Control-Max-Age', b'86400'), (b'Access-Control-Allow-Origin', b'https://huggingface.co'), (b'Vary', b'Origin, Accept'), (b'Access-Control-Expose-Headers', b'X-Repo-Commit,X-Request-Id,X-Error-Code,X-Error-Message,X-Total-Count,ETag,Link,Accept-Ranges,Content-Range,X-Linked-Size,X-Linked-ETag,X-Xet-Hash'), (b'X-Repo-Commit', b'1f7ed68357ecdbd8e31415414359f4e43a355b15'), (b'Accept-Ranges', b'bytes'), (b'X-Hub-Cache', b'MISS'), (b'X-Linked-Size', b'165502791'), (b'X-Linked-ETag', b'"6184b011d044724c2b1d26f974ea625f521198b027cf8ba39771be2c31f4176b"'), (b'X-Xet-Hash', b'b40c47d9b7a0b604f79b65ebfecb0402aa9ad03c6b8d8dea36e05ae0fecd68e3'), (b'Link', b'<https://huggingface.co/api/datasets/coport-uni/FR5_task3_turn_the_sliver_air_valve_90_degress_counterclockwise_100/xet-read-token/1f7ed68357ecdbd8e31415414359f4e43a355b15>; rel="xet-auth", <https://cas-server.xethub.hf.co/v1/reconstructions/b40c47d9b7a0b604f79b65ebfecb0402aa9ad03c6b8d8dea36e05ae0fecd68e3>; rel="xet-reconstruction-info"'), (b'X-Cache', b'Miss from cloudfront'), (b'Via', b'1.1 f292525632ff4da4658e70c2b7b83518.cloudfront.net (CloudFront)'), (b'X-Amz-Cf-Pop', b'ICN57-P5'), (b'X-Amz-Cf-Id', b'5w2j89F0IIv08hrtSJd2A_iD83FM1AOo6hi6RLvGQxk1f_Pciz1BVA==')])
INFO 2026-06-30 07:10:12 _client.py:1025 HTTP Request: HEAD https://huggingface.co/datasets/coport-uni/FR5_task3_turn_the_sliver_air_valve_90_degress_counterclockwise_100/resolve/1f7ed68357ecdbd8e31415414359f4e43a355b15/videos/observation.images.top_right/chunk-000/file-001.mp4 "HTTP/1.1 302 Found"
DEBUG 2026-06-30 07:10:12 re/_trace.py:47 receive_response_body.started request=<Request [b'HEAD']>
DEBUG 2026-06-30 07:10:12 re/_trace.py:47 receive_response_body.complete
DEBUG 2026-06-30 07:10:12 re/_trace.py:47 response_closed.started
DEBUG 2026-06-30 07:10:12 re/_trace.py:47 response_closed.complete
DEBUG 2026-06-30 07:10:12 ock/_api.py:501 Attempting to acquire lock 132611813794224 on /root/.cache/huggingface/lerobot/coport-uni/FR5_task3_turn_the_sliver_air_valve_90_degress_counterclockwise_100/.cache/huggingface/download/videos/observation.images.top_right/chunk-000/file-001.mp4.lock
DEBUG 2026-06-30 07:10:12 ock/_api.py:504 Lock 132611813794224 acquired on /root/.cache/huggingface/lerobot/coport-uni/FR5_task3_turn_the_sliver_air_valve_90_degress_counterclockwise_100/.cache/huggingface/download/videos/observation.images.top_right/chunk-000/file-001.mp4.lock
DEBUG 2026-06-30 07:10:12 re/_trace.py:47 receive_response_headers.complete return_value=(b'HTTP/1.1', 302, b'Found', [(b'Content-Type', b'text/plain; charset=utf-8'), (b'Content-Length', b'1054'), (b'Connection', b'keep-alive'), (b'Date', b'Tue, 30 Jun 2026 07:10:12 GMT'), (b'Location', b'https://cas-bridge.xethub.hf.co/xet-bridge-us/6a4276dae074855e8c8cddb1/75bf12a7e5dba0c854c8be74940168b2d05014c6984c4dbcca38580d8f0dc3e8?Expires=1782807012&Policy=eyJTdGF0ZW1lbnQiOlt7IlJlc291cmNlIjoiaHR0cHM6Ly9jYXMtYnJpZGdlLnhldGh1Yi5oZi5jby94ZXQtYnJpZGdlLXVzLzZhNDI3NmRhZTA3NDg1NWU4YzhjZGRiMS83NWJmMTJhN2U1ZGJhMGM4NTRjOGJlNzQ5NDAxNjhiMmQwNTAxNGM2OTg0YzRkYmNjYTM4NTgwZDhmMGRjM2U4KiIsIkNvbmRpdGlvbiI6eyJEYXRlTGVzc1RoYW4iOnsiQVdTOkVwb2NoVGltZSI6MTc4MjgwNzAxMn19fV19&Signature=MEMCIGAfe5pNPzZPk3O%7EN6kHs8nUaQ1ARAopZEYGSTiPGo72Ah8qBcf%7Ec6MCUEJzVxP025vlxUBXCHoW%7EketdUWim7yz&Key-Pair-Id=K1LYXO563TGWFU&response-content-type=video%2Fmp4&X-Xet-Cas-Uid=6968a8befacf9a9b049da27a&response-content-disposition=inline%3B+filename*%3DUTF-8%27%27file-002.mp4%3B+filename%3D%22file-002.mp4%22%3B&X-Amz-Algorithm=AWS4-HMAC-SHA256&X-Amz-Credential=cas%2F20260630%2Fus-east-1%2Fs3%2Faws4_request&X-Amz-Date=20260630T071012Z&X-Amz-Expires=3600&X-Amz-SignedHeaders=host&X-Amz-Signature=f63f84bd454dc17a41f48fc9cecbff5ab3f33d985767b4b10f2540a05e0e2496'), (b'X-Powered-By', b'huggingface-moon'), (b'X-Request-Id', b'Root=1-6a436bd4-174c27b1512b7a8c6c7ac92d;4a10d7f4-b619-472a-9986-604acccea676'), (b'RateLimit', b'"resolvers";r=4936;t=210'), (b'RateLimit-Policy', b'"fixed window";"resolvers";q=5000;w=300'), (b'cross-origin-opener-policy', b'same-origin'), (b'Referrer-Policy', b'strict-origin-when-cross-origin'), (b'Access-Control-Max-Age', b'86400'), (b'Access-Control-Allow-Origin', b'https://huggingface.co'), (b'Vary', b'Origin, Accept'), (b'Access-Control-Expose-Headers', b'X-Repo-Commit,X-Request-Id,X-Error-Code,X-Error-Message,X-Total-Count,ETag,Link,Accept-Ranges,Content-Range,X-Linked-Size,X-Linked-ETag,X-Xet-Hash'), (b'X-Repo-Commit', b'1f7ed68357ecdbd8e31415414359f4e43a355b15'), (b'Accept-Ranges', b'bytes'), (b'X-Hub-Cache', b'MISS'), (b'X-Linked-Size', b'185422808'), (b'X-Linked-ETag', b'"8fc22f8cadc300362a641bf9a9f99bc9a37dfac6a338fabc6a68b9cd5c0d2510"'), (b'X-Xet-Hash', b'75bf12a7e5dba0c854c8be74940168b2d05014c6984c4dbcca38580d8f0dc3e8'), (b'Link', b'<https://huggingface.co/api/datasets/coport-uni/FR5_task3_turn_the_sliver_air_valve_90_degress_counterclockwise_100/xet-read-token/1f7ed68357ecdbd8e31415414359f4e43a355b15>; rel="xet-auth", <https://cas-server.xethub.hf.co/v1/reconstructions/75bf12a7e5dba0c854c8be74940168b2d05014c6984c4dbcca38580d8f0dc3e8>; rel="xet-reconstruction-info"'), (b'X-Cache', b'Miss from cloudfront'), (b'Via', b'1.1 03c985dbdde3ffc6a0154957b11a5e58.cloudfront.net (CloudFront)'), (b'X-Amz-Cf-Pop', b'ICN57-P5'), (b'X-Amz-Cf-Id', b'asJLL4pyE5a0JpenLt7_OUJPimz8C_9JTC3Qh0e4zGQofyJvwdEumQ==')])
INFO 2026-06-30 07:10:12 _client.py:1025 HTTP Request: HEAD https://huggingface.co/datasets/coport-uni/FR5_task3_turn_the_sliver_air_valve_90_degress_counterclockwise_100/resolve/1f7ed68357ecdbd8e31415414359f4e43a355b15/videos/observation.images.top_right/chunk-000/file-002.mp4 "HTTP/1.1 302 Found"
DEBUG 2026-06-30 07:10:12 re/_trace.py:47 receive_response_body.started request=<Request [b'HEAD']>
DEBUG 2026-06-30 07:10:12 re/_trace.py:47 receive_response_body.complete
DEBUG 2026-06-30 07:10:12 re/_trace.py:47 response_closed.started
DEBUG 2026-06-30 07:10:12 re/_trace.py:47 response_closed.complete
DEBUG 2026-06-30 07:10:12 ock/_api.py:501 Attempting to acquire lock 132611814790672 on /root/.cache/huggingface/lerobot/coport-uni/FR5_task3_turn_the_sliver_air_valve_90_degress_counterclockwise_100/.cache/huggingface/download/videos/observation.images.top_right/chunk-000/file-002.mp4.lock
DEBUG 2026-06-30 07:10:12 ock/_api.py:504 Lock 132611814790672 acquired on /root/.cache/huggingface/lerobot/coport-uni/FR5_task3_turn_the_sliver_air_valve_90_degress_counterclockwise_100/.cache/huggingface/download/videos/observation.images.top_right/chunk-000/file-002.mp4.lock
DEBUG 2026-06-30 07:10:12 re/_trace.py:47 receive_response_headers.complete return_value=(b'HTTP/1.1', 302, b'Found', [(b'Content-Type', b'text/plain; charset=utf-8'), (b'Content-Length', b'1056'), (b'Connection', b'keep-alive'), (b'Date', b'Tue, 30 Jun 2026 07:10:12 GMT'), (b'Location', b'https://cas-bridge.xethub.hf.co/xet-bridge-us/6a4276dae074855e8c8cddb1/f0c6e9f8dcd5fdba0f9d1d1ca6b86c29f8e360b88f037c55aa712a7e31bf2373?Expires=1782807012&Policy=eyJTdGF0ZW1lbnQiOlt7IlJlc291cmNlIjoiaHR0cHM6Ly9jYXMtYnJpZGdlLnhldGh1Yi5oZi5jby94ZXQtYnJpZGdlLXVzLzZhNDI3NmRhZTA3NDg1NWU4YzhjZGRiMS9mMGM2ZTlmOGRjZDVmZGJhMGY5ZDFkMWNhNmI4NmMyOWY4ZTM2MGI4OGYwMzdjNTVhYTcxMmE3ZTMxYmYyMzczKiIsIkNvbmRpdGlvbiI6eyJEYXRlTGVzc1RoYW4iOnsiQVdTOkVwb2NoVGltZSI6MTc4MjgwNzAxMn19fV19&Signature=MEQCIDi0MwrNGFGNAdoGDFhhwiaAi-30kcQ4R4ls65s5FaWwAiAks0br%7EtknddAtv6KHeCYk7H256ym47I1WZ692vx%7EnnQ__&Key-Pair-Id=K1LYXO563TGWFU&X-Xet-Cas-Uid=6968a8befacf9a9b049da27a&response-content-disposition=inline%3B+filename*%3DUTF-8%27%27file-003.mp4%3B+filename%3D%22file-003.mp4%22%3B&response-content-type=video%2Fmp4&X-Amz-Algorithm=AWS4-HMAC-SHA256&X-Amz-Credential=cas%2F20260630%2Fus-east-1%2Fs3%2Faws4_request&X-Amz-Date=20260630T071012Z&X-Amz-Expires=3600&X-Amz-SignedHeaders=host&X-Amz-Signature=8f3262f796a2ad5ebfa2744b818e03a19a17e58f8baa541af745809fe5f4fde2'), (b'X-Powered-By', b'huggingface-moon'), (b'X-Request-Id', b'Root=1-6a436bd4-5d00d51077dd73851d929598;8ce9aceb-07c0-42be-993b-5876aac9e780'), (b'RateLimit', b'"resolvers";r=4935;t=210'), (b'RateLimit-Policy', b'"fixed window";"resolvers";q=5000;w=300'), (b'cross-origin-opener-policy', b'same-origin'), (b'Referrer-Policy', b'strict-origin-when-cross-origin'), (b'Access-Control-Max-Age', b'86400'), (b'Access-Control-Allow-Origin', b'https://huggingface.co'), (b'Vary', b'Origin, Accept'), (b'Access-Control-Expose-Headers', b'X-Repo-Commit,X-Request-Id,X-Error-Code,X-Error-Message,X-Total-Count,ETag,Link,Accept-Ranges,Content-Range,X-Linked-Size,X-Linked-ETag,X-Xet-Hash'), (b'X-Repo-Commit', b'1f7ed68357ecdbd8e31415414359f4e43a355b15'), (b'Accept-Ranges', b'bytes'), (b'X-Hub-Cache', b'MISS'), (b'X-Linked-Size', b'181231367'), (b'X-Linked-ETag', b'"a8c80a69f5d25180be9dabbf57fb94ce0d66abb904903de4b0b57550c749f2dd"'), (b'X-Xet-Hash', b'f0c6e9f8dcd5fdba0f9d1d1ca6b86c29f8e360b88f037c55aa712a7e31bf2373'), (b'Link', b'<https://huggingface.co/api/datasets/coport-uni/FR5_task3_turn_the_sliver_air_valve_90_degress_counterclockwise_100/xet-read-token/1f7ed68357ecdbd8e31415414359f4e43a355b15>; rel="xet-auth", <https://cas-server.xethub.hf.co/v1/reconstructions/f0c6e9f8dcd5fdba0f9d1d1ca6b86c29f8e360b88f037c55aa712a7e31bf2373>; rel="xet-reconstruction-info"'), (b'X-Cache', b'Miss from cloudfront'), (b'Via', b'1.1 afd804e010ec1531be9d0e90bf49f60e.cloudfront.net (CloudFront)'), (b'X-Amz-Cf-Pop', b'ICN57-P5'), (b'X-Amz-Cf-Id', b'EECT6OUr6EyFFGiGZJ1Y5fX5IhEnf2hfnliNaudm6EdrtebZlVolaw==')])
INFO 2026-06-30 07:10:12 _client.py:1025 HTTP Request: HEAD https://huggingface.co/datasets/coport-uni/FR5_task3_turn_the_sliver_air_valve_90_degress_counterclockwise_100/resolve/1f7ed68357ecdbd8e31415414359f4e43a355b15/videos/observation.images.top_right/chunk-000/file-003.mp4 "HTTP/1.1 302 Found"
DEBUG 2026-06-30 07:10:12 re/_trace.py:47 receive_response_body.started request=<Request [b'HEAD']>
DEBUG 2026-06-30 07:10:12 re/_trace.py:47 receive_response_body.complete
DEBUG 2026-06-30 07:10:12 re/_trace.py:47 response_closed.started
DEBUG 2026-06-30 07:10:12 re/_trace.py:47 response_closed.complete
DEBUG 2026-06-30 07:10:12 ock/_api.py:501 Attempting to acquire lock 132611814999680 on /root/.cache/huggingface/lerobot/coport-uni/FR5_task3_turn_the_sliver_air_valve_90_degress_counterclockwise_100/.cache/huggingface/download/videos/observation.images.top_right/chunk-000/file-003.mp4.lock
DEBUG 2026-06-30 07:10:12 ock/_api.py:504 Lock 132611814999680 acquired on /root/.cache/huggingface/lerobot/coport-uni/FR5_task3_turn_the_sliver_air_valve_90_degress_counterclockwise_100/.cache/huggingface/download/videos/observation.images.top_right/chunk-000/file-003.mp4.lock
DEBUG 2026-06-30 07:10:13 ock/_api.py:541 Attempting to release lock 132611813774384 on /root/.cache/huggingface/lerobot/coport-uni/FR5_task3_turn_the_sliver_air_valve_90_degress_counterclockwise_100/.cache/huggingface/download/videos/observation.images.top_left/chunk-000/file-006.mp4.lock
DEBUG 2026-06-30 07:10:13 ock/_api.py:545 Lock 132611813774384 released on /root/.cache/huggingface/lerobot/coport-uni/FR5_task3_turn_the_sliver_air_valve_90_degress_counterclockwise_100/.cache/huggingface/download/videos/observation.images.top_left/chunk-000/file-006.mp4.lock
DEBUG 2026-06-30 07:10:13 ock/_api.py:501 Attempting to acquire lock 132611814800848 on /root/.cache/huggingface/lerobot/coport-uni/FR5_task3_turn_the_sliver_air_valve_90_degress_counterclockwise_100/.cache/huggingface/download/videos/observation.images.top_left/chunk-000/file-006.mp4.lock
DEBUG 2026-06-30 07:10:13 ock/_api.py:504 Lock 132611814800848 acquired on /root/.cache/huggingface/lerobot/coport-uni/FR5_task3_turn_the_sliver_air_valve_90_degress_counterclockwise_100/.cache/huggingface/download/videos/observation.images.top_left/chunk-000/file-006.mp4.lock
DEBUG 2026-06-30 07:10:13 ock/_api.py:541 Attempting to release lock 132611814800848 on /root/.cache/huggingface/lerobot/coport-uni/FR5_task3_turn_the_sliver_air_valve_90_degress_counterclockwise_100/.cache/huggingface/download/videos/observation.images.top_left/chunk-000/file-006.mp4.lock
DEBUG 2026-06-30 07:10:13 ock/_api.py:545 Lock 132611814800848 released on /root/.cache/huggingface/lerobot/coport-uni/FR5_task3_turn_the_sliver_air_valve_90_degress_counterclockwise_100/.cache/huggingface/download/videos/observation.images.top_left/chunk-000/file-006.mp4.lock
DEBUG 2026-06-30 07:10:13 ock/_api.py:501 Attempting to acquire lock 132620757633456 on /root/.cache/huggingface/lerobot/coport-uni/FR5_task3_turn_the_sliver_air_valve_90_degress_counterclockwise_100/.cache/huggingface/download/videos/observation.images.top_right/chunk-000/file-004.mp4.lock
DEBUG 2026-06-30 07:10:13 ock/_api.py:504 Lock 132620757633456 acquired on /root/.cache/huggingface/lerobot/coport-uni/FR5_task3_turn_the_sliver_air_valve_90_degress_counterclockwise_100/.cache/huggingface/download/videos/observation.images.top_right/chunk-000/file-004.mp4.lock
DEBUG 2026-06-30 07:10:13 ock/_api.py:541 Attempting to release lock 132620757633456 on /root/.cache/huggingface/lerobot/coport-uni/FR5_task3_turn_the_sliver_air_valve_90_degress_counterclockwise_100/.cache/huggingface/download/videos/observation.images.top_right/chunk-000/file-004.mp4.lock
DEBUG 2026-06-30 07:10:13 ock/_api.py:545 Lock 132620757633456 released on /root/.cache/huggingface/lerobot/coport-uni/FR5_task3_turn_the_sliver_air_valve_90_degress_counterclockwise_100/.cache/huggingface/download/videos/observation.images.top_right/chunk-000/file-004.mp4.lock
DEBUG 2026-06-30 07:10:13 re/_trace.py:47 send_request_headers.started request=<Request [b'HEAD']>
DEBUG 2026-06-30 07:10:13 re/_trace.py:47 send_request_headers.complete
DEBUG 2026-06-30 07:10:13 re/_trace.py:47 send_request_body.started request=<Request [b'HEAD']>
DEBUG 2026-06-30 07:10:13 re/_trace.py:47 send_request_body.complete
DEBUG 2026-06-30 07:10:13 re/_trace.py:47 receive_response_headers.started request=<Request [b'HEAD']>
DEBUG 2026-06-30 07:10:13 re/_trace.py:47 receive_response_headers.complete return_value=(b'HTTP/1.1', 302, b'Found', [(b'Content-Type', b'text/plain; charset=utf-8'), (b'Content-Length', b'1056'), (b'Connection', b'keep-alive'), (b'Date', b'Tue, 30 Jun 2026 07:10:13 GMT'), (b'Location', b'https://cas-bridge.xethub.hf.co/xet-bridge-us/6a4276dae074855e8c8cddb1/ad359ffe81a379a4ab8e379209678daac2a0fd656a61fe275aee83378ab6692f?Expires=1782807013&Policy=eyJTdGF0ZW1lbnQiOlt7IlJlc291cmNlIjoiaHR0cHM6Ly9jYXMtYnJpZGdlLnhldGh1Yi5oZi5jby94ZXQtYnJpZGdlLXVzLzZhNDI3NmRhZTA3NDg1NWU4YzhjZGRiMS9hZDM1OWZmZTgxYTM3OWE0YWI4ZTM3OTIwOTY3OGRhYWMyYTBmZDY1NmE2MWZlMjc1YWVlODMzNzhhYjY2OTJmKiIsIkNvbmRpdGlvbiI6eyJEYXRlTGVzc1RoYW4iOnsiQVdTOkVwb2NoVGltZSI6MTc4MjgwNzAxM319fV19&Signature=MEQCICrhy4vm%7EcinSAOfDIORVG%7EQuEgXdYI6KarNOfHvD8WKAiBjHMXloCPb9JpUM3qS5AGp1IM5l4ogR7wFIMHqHBYBPQ__&Key-Pair-Id=K1LYXO563TGWFU&response-content-disposition=inline%3B+filename*%3DUTF-8%27%27file-004.mp4%3B+filename%3D%22file-004.mp4%22%3B&response-content-type=video%2Fmp4&X-Xet-Cas-Uid=6968a8befacf9a9b049da27a&X-Amz-Algorithm=AWS4-HMAC-SHA256&X-Amz-Credential=cas%2F20260630%2Fus-east-1%2Fs3%2Faws4_request&X-Amz-Date=20260630T071013Z&X-Amz-Expires=3600&X-Amz-SignedHeaders=host&X-Amz-Signature=684ea70b86fda233ca67da83cab2b2c7e39631d7e9971669bb483f5171238e15'), (b'X-Powered-By', b'huggingface-moon'), (b'X-Request-Id', b'Root=1-6a436bd5-2a2b3fd14a53809c71251f4b;607ebe5e-897d-44eb-b3eb-1b27973341d8'), (b'RateLimit', b'"resolvers";r=4934;t=209'), (b'RateLimit-Policy', b'"fixed window";"resolvers";q=5000;w=300'), (b'cross-origin-opener-policy', b'same-origin'), (b'Referrer-Policy', b'strict-origin-when-cross-origin'), (b'Access-Control-Max-Age', b'86400'), (b'Access-Control-Allow-Origin', b'https://huggingface.co'), (b'Vary', b'Origin, Accept'), (b'Access-Control-Expose-Headers', b'X-Repo-Commit,X-Request-Id,X-Error-Code,X-Error-Message,X-Total-Count,ETag,Link,Accept-Ranges,Content-Range,X-Linked-Size,X-Linked-ETag,X-Xet-Hash'), (b'X-Repo-Commit', b'1f7ed68357ecdbd8e31415414359f4e43a355b15'), (b'Accept-Ranges', b'bytes'), (b'X-Hub-Cache', b'MISS'), (b'X-Linked-Size', b'177268685'), (b'X-Linked-ETag', b'"ce0f45dce762614097dcef891e0db4040cb38f639e83971d9f22f067133ae0be"'), (b'X-Xet-Hash', b'ad359ffe81a379a4ab8e379209678daac2a0fd656a61fe275aee83378ab6692f'), (b'Link', b'<https://huggingface.co/api/datasets/coport-uni/FR5_task3_turn_the_sliver_air_valve_90_degress_counterclockwise_100/xet-read-token/1f7ed68357ecdbd8e31415414359f4e43a355b15>; rel="xet-auth", <https://cas-server.xethub.hf.co/v1/reconstructions/ad359ffe81a379a4ab8e379209678daac2a0fd656a61fe275aee83378ab6692f>; rel="xet-reconstruction-info"'), (b'X-Cache', b'Miss from cloudfront'), (b'Via', b'1.1 f292525632ff4da4658e70c2b7b83518.cloudfront.net (CloudFront)'), (b'X-Amz-Cf-Pop', b'ICN57-P5'), (b'X-Amz-Cf-Id', b'jOZqpFFHd4_9rgE-ocegMtP_8Ks10i4nPb26aWNr1BJSMiU29OiPTA==')])
INFO 2026-06-30 07:10:13 _client.py:1025 HTTP Request: HEAD https://huggingface.co/datasets/coport-uni/FR5_task3_turn_the_sliver_air_valve_90_degress_counterclockwise_100/resolve/1f7ed68357ecdbd8e31415414359f4e43a355b15/videos/observation.images.top_right/chunk-000/file-004.mp4 "HTTP/1.1 302 Found"
DEBUG 2026-06-30 07:10:13 re/_trace.py:47 receive_response_body.started request=<Request [b'HEAD']>
DEBUG 2026-06-30 07:10:13 re/_trace.py:47 receive_response_body.complete
DEBUG 2026-06-30 07:10:13 re/_trace.py:47 response_closed.started
DEBUG 2026-06-30 07:10:13 re/_trace.py:47 response_closed.complete
DEBUG 2026-06-30 07:10:13 ock/_api.py:501 Attempting to acquire lock 132620757645072 on /root/.cache/huggingface/lerobot/coport-uni/FR5_task3_turn_the_sliver_air_valve_90_degress_counterclockwise_100/.cache/huggingface/download/videos/observation.images.top_right/chunk-000/file-004.mp4.lock
DEBUG 2026-06-30 07:10:13 ock/_api.py:504 Lock 132620757645072 acquired on /root/.cache/huggingface/lerobot/coport-uni/FR5_task3_turn_the_sliver_air_valve_90_degress_counterclockwise_100/.cache/huggingface/download/videos/observation.images.top_right/chunk-000/file-004.mp4.lock
DEBUG 2026-06-30 07:10:13 ock/_api.py:541 Attempting to release lock 132611813720480 on /root/.cache/huggingface/lerobot/coport-uni/FR5_task3_turn_the_sliver_air_valve_90_degress_counterclockwise_100/.cache/huggingface/download/videos/observation.images.top_left/chunk-000/file-010.mp4.lock
DEBUG 2026-06-30 07:10:13 ock/_api.py:545 Lock 132611813720480 released on /root/.cache/huggingface/lerobot/coport-uni/FR5_task3_turn_the_sliver_air_valve_90_degress_counterclockwise_100/.cache/huggingface/download/videos/observation.images.top_left/chunk-000/file-010.mp4.lock
DEBUG 2026-06-30 07:10:13 ock/_api.py:501 Attempting to acquire lock 132611813720768 on /root/.cache/huggingface/lerobot/coport-uni/FR5_task3_turn_the_sliver_air_valve_90_degress_counterclockwise_100/.cache/huggingface/download/videos/observation.images.top_left/chunk-000/file-010.mp4.lock
DEBUG 2026-06-30 07:10:13 ock/_api.py:504 Lock 132611813720768 acquired on /root/.cache/huggingface/lerobot/coport-uni/FR5_task3_turn_the_sliver_air_valve_90_degress_counterclockwise_100/.cache/huggingface/download/videos/observation.images.top_left/chunk-000/file-010.mp4.lock
DEBUG 2026-06-30 07:10:13 ock/_api.py:541 Attempting to release lock 132611813720768 on /root/.cache/huggingface/lerobot/coport-uni/FR5_task3_turn_the_sliver_air_valve_90_degress_counterclockwise_100/.cache/huggingface/download/videos/observation.images.top_left/chunk-000/file-010.mp4.lock
DEBUG 2026-06-30 07:10:13 ock/_api.py:545 Lock 132611813720768 released on /root/.cache/huggingface/lerobot/coport-uni/FR5_task3_turn_the_sliver_air_valve_90_degress_counterclockwise_100/.cache/huggingface/download/videos/observation.images.top_left/chunk-000/file-010.mp4.lock
DEBUG 2026-06-30 07:10:13 ock/_api.py:501 Attempting to acquire lock 132611813728400 on /root/.cache/huggingface/lerobot/coport-uni/FR5_task3_turn_the_sliver_air_valve_90_degress_counterclockwise_100/.cache/huggingface/download/videos/observation.images.top_right/chunk-000/file-005.mp4.lock
DEBUG 2026-06-30 07:10:13 ock/_api.py:504 Lock 132611813728400 acquired on /root/.cache/huggingface/lerobot/coport-uni/FR5_task3_turn_the_sliver_air_valve_90_degress_counterclockwise_100/.cache/huggingface/download/videos/observation.images.top_right/chunk-000/file-005.mp4.lock
DEBUG 2026-06-30 07:10:13 ock/_api.py:541 Attempting to release lock 132611813728400 on /root/.cache/huggingface/lerobot/coport-uni/FR5_task3_turn_the_sliver_air_valve_90_degress_counterclockwise_100/.cache/huggingface/download/videos/observation.images.top_right/chunk-000/file-005.mp4.lock
DEBUG 2026-06-30 07:10:13 ock/_api.py:545 Lock 132611813728400 released on /root/.cache/huggingface/lerobot/coport-uni/FR5_task3_turn_the_sliver_air_valve_90_degress_counterclockwise_100/.cache/huggingface/download/videos/observation.images.top_right/chunk-000/file-005.mp4.lock
DEBUG 2026-06-30 07:10:13 re/_trace.py:47 send_request_headers.started request=<Request [b'HEAD']>
DEBUG 2026-06-30 07:10:13 re/_trace.py:47 send_request_headers.complete
DEBUG 2026-06-30 07:10:13 re/_trace.py:47 send_request_body.started request=<Request [b'HEAD']>
DEBUG 2026-06-30 07:10:13 re/_trace.py:47 send_request_body.complete
DEBUG 2026-06-30 07:10:13 re/_trace.py:47 receive_response_headers.started request=<Request [b'HEAD']>
DEBUG 2026-06-30 07:10:13 ock/_api.py:541 Attempting to release lock 132611813772944 on /root/.cache/huggingface/lerobot/coport-uni/FR5_task3_turn_the_sliver_air_valve_90_degress_counterclockwise_100/.cache/huggingface/download/videos/observation.images.top_left/chunk-000/file-008.mp4.lock
DEBUG 2026-06-30 07:10:13 ock/_api.py:545 Lock 132611813772944 released on /root/.cache/huggingface/lerobot/coport-uni/FR5_task3_turn_the_sliver_air_valve_90_degress_counterclockwise_100/.cache/huggingface/download/videos/observation.images.top_left/chunk-000/file-008.mp4.lock
DEBUG 2026-06-30 07:10:13 ock/_api.py:501 Attempting to acquire lock 132611813772944 on /root/.cache/huggingface/lerobot/coport-uni/FR5_task3_turn_the_sliver_air_valve_90_degress_counterclockwise_100/.cache/huggingface/download/videos/observation.images.top_left/chunk-000/file-008.mp4.lock
DEBUG 2026-06-30 07:10:13 ock/_api.py:504 Lock 132611813772944 acquired on /root/.cache/huggingface/lerobot/coport-uni/FR5_task3_turn_the_sliver_air_valve_90_degress_counterclockwise_100/.cache/huggingface/download/videos/observation.images.top_left/chunk-000/file-008.mp4.lock
DEBUG 2026-06-30 07:10:13 ock/_api.py:541 Attempting to release lock 132611813772944 on /root/.cache/huggingface/lerobot/coport-uni/FR5_task3_turn_the_sliver_air_valve_90_degress_counterclockwise_100/.cache/huggingface/download/videos/observation.images.top_left/chunk-000/file-008.mp4.lock
DEBUG 2026-06-30 07:10:13 ock/_api.py:545 Lock 132611813772944 released on /root/.cache/huggingface/lerobot/coport-uni/FR5_task3_turn_the_sliver_air_valve_90_degress_counterclockwise_100/.cache/huggingface/download/videos/observation.images.top_left/chunk-000/file-008.mp4.lock
DEBUG 2026-06-30 07:10:13 ock/_api.py:501 Attempting to acquire lock 132611813772944 on /root/.cache/huggingface/lerobot/coport-uni/FR5_task3_turn_the_sliver_air_valve_90_degress_counterclockwise_100/.cache/huggingface/download/videos/observation.images.top_right/chunk-000/file-006.mp4.lock
DEBUG 2026-06-30 07:10:13 ock/_api.py:504 Lock 132611813772944 acquired on /root/.cache/huggingface/lerobot/coport-uni/FR5_task3_turn_the_sliver_air_valve_90_degress_counterclockwise_100/.cache/huggingface/download/videos/observation.images.top_right/chunk-000/file-006.mp4.lock
DEBUG 2026-06-30 07:10:13 ock/_api.py:541 Attempting to release lock 132611813772944 on /root/.cache/huggingface/lerobot/coport-uni/FR5_task3_turn_the_sliver_air_valve_90_degress_counterclockwise_100/.cache/huggingface/download/videos/observation.images.top_right/chunk-000/file-006.mp4.lock
DEBUG 2026-06-30 07:10:13 ock/_api.py:545 Lock 132611813772944 released on /root/.cache/huggingface/lerobot/coport-uni/FR5_task3_turn_the_sliver_air_valve_90_degress_counterclockwise_100/.cache/huggingface/download/videos/observation.images.top_right/chunk-000/file-006.mp4.lock
DEBUG 2026-06-30 07:10:13 re/_trace.py:47 send_request_headers.started request=<Request [b'HEAD']>
DEBUG 2026-06-30 07:10:13 re/_trace.py:47 send_request_headers.complete
DEBUG 2026-06-30 07:10:13 re/_trace.py:47 send_request_body.started request=<Request [b'HEAD']>
DEBUG 2026-06-30 07:10:13 re/_trace.py:47 send_request_body.complete
DEBUG 2026-06-30 07:10:13 re/_trace.py:47 receive_response_headers.started request=<Request [b'HEAD']>
DEBUG 2026-06-30 07:10:13 re/_trace.py:47 receive_response_headers.complete return_value=(b'HTTP/1.1', 302, b'Found', [(b'Content-Type', b'text/plain; charset=utf-8'), (b'Content-Length', b'1052'), (b'Connection', b'keep-alive'), (b'Date', b'Tue, 30 Jun 2026 07:10:13 GMT'), (b'Location', b'https://cas-bridge.xethub.hf.co/xet-bridge-us/6a4276dae074855e8c8cddb1/fd7c52bef5767d558a7b8b3025da882ca45dbcb485844b4361d1891dbd25a186?Expires=1782807013&Policy=eyJTdGF0ZW1lbnQiOlt7IlJlc291cmNlIjoiaHR0cHM6Ly9jYXMtYnJpZGdlLnhldGh1Yi5oZi5jby94ZXQtYnJpZGdlLXVzLzZhNDI3NmRhZTA3NDg1NWU4YzhjZGRiMS9mZDdjNTJiZWY1NzY3ZDU1OGE3YjhiMzAyNWRhODgyY2E0NWRiY2I0ODU4NDRiNDM2MWQxODkxZGJkMjVhMTg2KiIsIkNvbmRpdGlvbiI6eyJEYXRlTGVzc1RoYW4iOnsiQVdTOkVwb2NoVGltZSI6MTc4MjgwNzAxM319fV19&Signature=MEUCIQDRcTELyDGEPKkgBiAOady6CeHJJwp9B0oP7dZiqXzxKAIgacriZfuC4H6B3jhNvq5bW8peHWo0mB1ibTUYBnK-hck_&Key-Pair-Id=K1LYXO563TGWFU&X-Xet-Cas-Uid=6968a8befacf9a9b049da27a&response-content-type=video%2Fmp4&response-content-disposition=inline%3B+filename*%3DUTF-8%27%27file-005.mp4%3B+filename%3D%22file-005.mp4%22%3B&X-Amz-Algorithm=AWS4-HMAC-SHA256&X-Amz-Credential=cas%2F20260630%2Fus-east-1%2Fs3%2Faws4_request&X-Amz-Date=20260630T071013Z&X-Amz-Expires=3600&X-Amz-SignedHeaders=host&X-Amz-Signature=885b809c8ae1cc16b84355be9ccc7af21e08bca53553a874cb2a47d97d9e5daf'), (b'X-Powered-By', b'huggingface-moon'), (b'X-Request-Id', b'Root=1-6a436bd5-278f285556b1ea654df41f74;462d4adc-f807-4b76-873c-5f37fd7f4f78'), (b'RateLimit', b'"resolvers";r=4933;t=209'), (b'RateLimit-Policy', b'"fixed window";"resolvers";q=5000;w=300'), (b'cross-origin-opener-policy', b'same-origin'), (b'Referrer-Policy', b'strict-origin-when-cross-origin'), (b'Access-Control-Max-Age', b'86400'), (b'Access-Control-Allow-Origin', b'https://huggingface.co'), (b'Vary', b'Origin, Accept'), (b'Access-Control-Expose-Headers', b'X-Repo-Commit,X-Request-Id,X-Error-Code,X-Error-Message,X-Total-Count,ETag,Link,Accept-Ranges,Content-Range,X-Linked-Size,X-Linked-ETag,X-Xet-Hash'), (b'X-Repo-Commit', b'1f7ed68357ecdbd8e31415414359f4e43a355b15'), (b'Accept-Ranges', b'bytes'), (b'X-Hub-Cache', b'MISS'), (b'X-Linked-Size', b'196766817'), (b'X-Linked-ETag', b'"adce5f1c86695c9064ac809ea419031b6279d066fddcdb90eacf606789a7127c"'), (b'X-Xet-Hash', b'fd7c52bef5767d558a7b8b3025da882ca45dbcb485844b4361d1891dbd25a186'), (b'Link', b'<https://huggingface.co/api/datasets/coport-uni/FR5_task3_turn_the_sliver_air_valve_90_degress_counterclockwise_100/xet-read-token/1f7ed68357ecdbd8e31415414359f4e43a355b15>; rel="xet-auth", <https://cas-server.xethub.hf.co/v1/reconstructions/fd7c52bef5767d558a7b8b3025da882ca45dbcb485844b4361d1891dbd25a186>; rel="xet-reconstruction-info"'), (b'X-Cache', b'Miss from cloudfront'), (b'Via', b'1.1 f292525632ff4da4658e70c2b7b83518.cloudfront.net (CloudFront)'), (b'X-Amz-Cf-Pop', b'ICN57-P5'), (b'X-Amz-Cf-Id', b'vEsqo5L4WeBZwPnz1mgvQs0Qdh0fDtYH6VQdiwXC0TYx-CLkYjiOJg==')])
INFO 2026-06-30 07:10:13 _client.py:1025 HTTP Request: HEAD https://huggingface.co/datasets/coport-uni/FR5_task3_turn_the_sliver_air_valve_90_degress_counterclockwise_100/resolve/1f7ed68357ecdbd8e31415414359f4e43a355b15/videos/observation.images.top_right/chunk-000/file-005.mp4 "HTTP/1.1 302 Found"
DEBUG 2026-06-30 07:10:13 re/_trace.py:47 receive_response_body.started request=<Request [b'HEAD']>
DEBUG 2026-06-30 07:10:13 re/_trace.py:47 receive_response_body.complete
DEBUG 2026-06-30 07:10:13 re/_trace.py:47 response_closed.started
DEBUG 2026-06-30 07:10:13 re/_trace.py:47 response_closed.complete
DEBUG 2026-06-30 07:10:13 ock/_api.py:501 Attempting to acquire lock 132611813727776 on /root/.cache/huggingface/lerobot/coport-uni/FR5_task3_turn_the_sliver_air_valve_90_degress_counterclockwise_100/.cache/huggingface/download/videos/observation.images.top_right/chunk-000/file-005.mp4.lock
DEBUG 2026-06-30 07:10:13 ock/_api.py:504 Lock 132611813727776 acquired on /root/.cache/huggingface/lerobot/coport-uni/FR5_task3_turn_the_sliver_air_valve_90_degress_counterclockwise_100/.cache/huggingface/download/videos/observation.images.top_right/chunk-000/file-005.mp4.lock
DEBUG 2026-06-30 07:10:14 re/_trace.py:47 receive_response_headers.complete return_value=(b'HTTP/1.1', 302, b'Found', [(b'Content-Type', b'text/plain; charset=utf-8'), (b'Content-Length', b'1052'), (b'Connection', b'keep-alive'), (b'Date', b'Tue, 30 Jun 2026 07:10:13 GMT'), (b'Location', b'https://cas-bridge.xethub.hf.co/xet-bridge-us/6a4276dae074855e8c8cddb1/1083ea2bb60602b3bbf63a239b47c330c2c3b3b22f470dd734663954b753f821?Expires=1782807013&Policy=eyJTdGF0ZW1lbnQiOlt7IlJlc291cmNlIjoiaHR0cHM6Ly9jYXMtYnJpZGdlLnhldGh1Yi5oZi5jby94ZXQtYnJpZGdlLXVzLzZhNDI3NmRhZTA3NDg1NWU4YzhjZGRiMS8xMDgzZWEyYmI2MDYwMmIzYmJmNjNhMjM5YjQ3YzMzMGMyYzNiM2IyMmY0NzBkZDczNDY2Mzk1NGI3NTNmODIxKiIsIkNvbmRpdGlvbiI6eyJEYXRlTGVzc1RoYW4iOnsiQVdTOkVwb2NoVGltZSI6MTc4MjgwNzAxM319fV19&Signature=MEUCIQC6AbrsRtV-A8GdtPjjH5cZLktvXRHHcsFWxkw5b26s5gIgBm5ezLzyTlPG1PzLbmxQIOcvCdcD-2wdk0J8QTguGII_&Key-Pair-Id=K1LYXO563TGWFU&response-content-disposition=inline%3B+filename*%3DUTF-8%27%27file-006.mp4%3B+filename%3D%22file-006.mp4%22%3B&response-content-type=video%2Fmp4&X-Xet-Cas-Uid=6968a8befacf9a9b049da27a&X-Amz-Algorithm=AWS4-HMAC-SHA256&X-Amz-Credential=cas%2F20260630%2Fus-east-1%2Fs3%2Faws4_request&X-Amz-Date=20260630T071013Z&X-Amz-Expires=3600&X-Amz-SignedHeaders=host&X-Amz-Signature=1d10cc8a4f427f8c094b5d97215e6ddd6d7a83e7cd8e6f1c28430388e1a754f4'), (b'X-Powered-By', b'huggingface-moon'), (b'X-Request-Id', b'Root=1-6a436bd5-0757988b28eb093c274d611e;de14c148-d3ed-4b47-bc4a-15e7ffd1c82a'), (b'RateLimit', b'"resolvers";r=4932;t=209'), (b'RateLimit-Policy', b'"fixed window";"resolvers";q=5000;w=300'), (b'cross-origin-opener-policy', b'same-origin'), (b'Referrer-Policy', b'strict-origin-when-cross-origin'), (b'Access-Control-Max-Age', b'86400'), (b'Access-Control-Allow-Origin', b'https://huggingface.co'), (b'Vary', b'Origin, Accept'), (b'Access-Control-Expose-Headers', b'X-Repo-Commit,X-Request-Id,X-Error-Code,X-Error-Message,X-Total-Count,ETag,Link,Accept-Ranges,Content-Range,X-Linked-Size,X-Linked-ETag,X-Xet-Hash'), (b'X-Repo-Commit', b'1f7ed68357ecdbd8e31415414359f4e43a355b15'), (b'Accept-Ranges', b'bytes'), (b'X-Hub-Cache', b'MISS'), (b'X-Linked-Size', b'21808363'), (b'X-Linked-ETag', b'"36c3a96971b0201c0b39c6e38d1224762badb15654b8ba81e399b4e083dc48c1"'), (b'X-Xet-Hash', b'1083ea2bb60602b3bbf63a239b47c330c2c3b3b22f470dd734663954b753f821'), (b'Link', b'<https://huggingface.co/api/datasets/coport-uni/FR5_task3_turn_the_sliver_air_valve_90_degress_counterclockwise_100/xet-read-token/1f7ed68357ecdbd8e31415414359f4e43a355b15>; rel="xet-auth", <https://cas-server.xethub.hf.co/v1/reconstructions/1083ea2bb60602b3bbf63a239b47c330c2c3b3b22f470dd734663954b753f821>; rel="xet-reconstruction-info"'), (b'X-Cache', b'Miss from cloudfront'), (b'Via', b'1.1 03c985dbdde3ffc6a0154957b11a5e58.cloudfront.net (CloudFront)'), (b'X-Amz-Cf-Pop', b'ICN57-P5'), (b'X-Amz-Cf-Id', b's_JNKG8ejdboScvCWscQF9ka-m3InsWBY7H6YJ-86tYTwKa7eNQggA==')])
INFO 2026-06-30 07:10:14 _client.py:1025 HTTP Request: HEAD https://huggingface.co/datasets/coport-uni/FR5_task3_turn_the_sliver_air_valve_90_degress_counterclockwise_100/resolve/1f7ed68357ecdbd8e31415414359f4e43a355b15/videos/observation.images.top_right/chunk-000/file-006.mp4 "HTTP/1.1 302 Found"
DEBUG 2026-06-30 07:10:14 re/_trace.py:47 receive_response_body.started request=<Request [b'HEAD']>
DEBUG 2026-06-30 07:10:14 re/_trace.py:47 receive_response_body.complete
DEBUG 2026-06-30 07:10:14 re/_trace.py:47 response_closed.started
DEBUG 2026-06-30 07:10:14 re/_trace.py:47 response_closed.complete
DEBUG 2026-06-30 07:10:14 ock/_api.py:501 Attempting to acquire lock 132611813771936 on /root/.cache/huggingface/lerobot/coport-uni/FR5_task3_turn_the_sliver_air_valve_90_degress_counterclockwise_100/.cache/huggingface/download/videos/observation.images.top_right/chunk-000/file-006.mp4.lock
DEBUG 2026-06-30 07:10:14 ock/_api.py:504 Lock 132611813771936 acquired on /root/.cache/huggingface/lerobot/coport-uni/FR5_task3_turn_the_sliver_air_valve_90_degress_counterclockwise_100/.cache/huggingface/download/videos/observation.images.top_right/chunk-000/file-006.mp4.lock
DEBUG 2026-06-30 07:10:20 ock/_api.py:541 Attempting to release lock 132611814999680 on /root/.cache/huggingface/lerobot/coport-uni/FR5_task3_turn_the_sliver_air_valve_90_degress_counterclockwise_100/.cache/huggingface/download/videos/observation.images.top_right/chunk-000/file-003.mp4.lock
DEBUG 2026-06-30 07:10:20 ock/_api.py:545 Lock 132611814999680 released on /root/.cache/huggingface/lerobot/coport-uni/FR5_task3_turn_the_sliver_air_valve_90_degress_counterclockwise_100/.cache/huggingface/download/videos/observation.images.top_right/chunk-000/file-003.mp4.lock
DEBUG 2026-06-30 07:10:20 ock/_api.py:501 Attempting to acquire lock 132611814999680 on /root/.cache/huggingface/lerobot/coport-uni/FR5_task3_turn_the_sliver_air_valve_90_degress_counterclockwise_100/.cache/huggingface/download/videos/observation.images.top_right/chunk-000/file-003.mp4.lock
DEBUG 2026-06-30 07:10:20 ock/_api.py:504 Lock 132611814999680 acquired on /root/.cache/huggingface/lerobot/coport-uni/FR5_task3_turn_the_sliver_air_valve_90_degress_counterclockwise_100/.cache/huggingface/download/videos/observation.images.top_right/chunk-000/file-003.mp4.lock
DEBUG 2026-06-30 07:10:20 ock/_api.py:541 Attempting to release lock 132611814999680 on /root/.cache/huggingface/lerobot/coport-uni/FR5_task3_turn_the_sliver_air_valve_90_degress_counterclockwise_100/.cache/huggingface/download/videos/observation.images.top_right/chunk-000/file-003.mp4.lock
DEBUG 2026-06-30 07:10:20 ock/_api.py:545 Lock 132611814999680 released on /root/.cache/huggingface/lerobot/coport-uni/FR5_task3_turn_the_sliver_air_valve_90_degress_counterclockwise_100/.cache/huggingface/download/videos/observation.images.top_right/chunk-000/file-003.mp4.lock
DEBUG 2026-06-30 07:10:20 ock/_api.py:501 Attempting to acquire lock 132611814790432 on /root/.cache/huggingface/lerobot/coport-uni/FR5_task3_turn_the_sliver_air_valve_90_degress_counterclockwise_100/.cache/huggingface/download/videos/observation.images.top_right/chunk-000/file-007.mp4.lock
DEBUG 2026-06-30 07:10:20 ock/_api.py:504 Lock 132611814790432 acquired on /root/.cache/huggingface/lerobot/coport-uni/FR5_task3_turn_the_sliver_air_valve_90_degress_counterclockwise_100/.cache/huggingface/download/videos/observation.images.top_right/chunk-000/file-007.mp4.lock
DEBUG 2026-06-30 07:10:20 ock/_api.py:541 Attempting to release lock 132611814790432 on /root/.cache/huggingface/lerobot/coport-uni/FR5_task3_turn_the_sliver_air_valve_90_degress_counterclockwise_100/.cache/huggingface/download/videos/observation.images.top_right/chunk-000/file-007.mp4.lock
DEBUG 2026-06-30 07:10:20 ock/_api.py:545 Lock 132611814790432 released on /root/.cache/huggingface/lerobot/coport-uni/FR5_task3_turn_the_sliver_air_valve_90_degress_counterclockwise_100/.cache/huggingface/download/videos/observation.images.top_right/chunk-000/file-007.mp4.lock
DEBUG 2026-06-30 07:10:20 re/_trace.py:47 close.started
DEBUG 2026-06-30 07:10:20 re/_trace.py:47 close.complete
DEBUG 2026-06-30 07:10:20 re/_trace.py:47 close.started
DEBUG 2026-06-30 07:10:20 re/_trace.py:47 close.complete
DEBUG 2026-06-30 07:10:20 re/_trace.py:47 close.started
DEBUG 2026-06-30 07:10:20 re/_trace.py:47 close.complete
DEBUG 2026-06-30 07:10:20 re/_trace.py:47 connect_tcp.started host='huggingface.co' port=443 local_address=None timeout=10 socket_options=None
DEBUG 2026-06-30 07:10:20 re/_trace.py:47 connect_tcp.complete return_value=<httpcore._backends.sync.SyncStream object at 0x789e2d1360f0>
DEBUG 2026-06-30 07:10:20 re/_trace.py:47 start_tls.started ssl_context=<ssl.SSLContext object at 0x789c1818c450> server_hostname='huggingface.co' timeout=10
DEBUG 2026-06-30 07:10:20 re/_trace.py:47 start_tls.complete return_value=<httpcore._backends.sync.SyncStream object at 0x789c18221fa0>
DEBUG 2026-06-30 07:10:20 re/_trace.py:47 send_request_headers.started request=<Request [b'HEAD']>
DEBUG 2026-06-30 07:10:20 re/_trace.py:47 send_request_headers.complete
DEBUG 2026-06-30 07:10:20 re/_trace.py:47 send_request_body.started request=<Request [b'HEAD']>
DEBUG 2026-06-30 07:10:20 re/_trace.py:47 send_request_body.complete
DEBUG 2026-06-30 07:10:20 re/_trace.py:47 receive_response_headers.started request=<Request [b'HEAD']>
DEBUG 2026-06-30 07:10:20 re/_trace.py:47 receive_response_headers.complete return_value=(b'HTTP/1.1', 302, b'Found', [(b'Content-Type', b'text/plain; charset=utf-8'), (b'Content-Length', b'1058'), (b'Connection', b'keep-alive'), (b'Date', b'Tue, 30 Jun 2026 07:10:20 GMT'), (b'Location', b'https://cas-bridge.xethub.hf.co/xet-bridge-us/6a4276dae074855e8c8cddb1/409d6ee4badd88390b0bc157ae381c5af4d8eafd17bec8adb07770ac3ab386fb?Expires=1782807020&Policy=eyJTdGF0ZW1lbnQiOlt7IlJlc291cmNlIjoiaHR0cHM6Ly9jYXMtYnJpZGdlLnhldGh1Yi5oZi5jby94ZXQtYnJpZGdlLXVzLzZhNDI3NmRhZTA3NDg1NWU4YzhjZGRiMS80MDlkNmVlNGJhZGQ4ODM5MGIwYmMxNTdhZTM4MWM1YWY0ZDhlYWZkMTdiZWM4YWRiMDc3NzBhYzNhYjM4NmZiKiIsIkNvbmRpdGlvbiI6eyJEYXRlTGVzc1RoYW4iOnsiQVdTOkVwb2NoVGltZSI6MTc4MjgwNzAyMH19fV19&Signature=MEUCIQDuTRS8hTuwNegsDbRwCFFWQ2O3-n%7EfbSyXU%7EZ9BZryZQIgf-2Sa7E2K8ZgvqEEm6LzOcZNu%7EyzCEaI457zgf2fvII_&Key-Pair-Id=K1LYXO563TGWFU&response-content-disposition=inline%3B+filename*%3DUTF-8%27%27file-007.mp4%3B+filename%3D%22file-007.mp4%22%3B&response-content-type=video%2Fmp4&X-Xet-Cas-Uid=6968a8befacf9a9b049da27a&X-Amz-Algorithm=AWS4-HMAC-SHA256&X-Amz-Credential=cas%2F20260630%2Fus-east-1%2Fs3%2Faws4_request&X-Amz-Date=20260630T071020Z&X-Amz-Expires=3600&X-Amz-SignedHeaders=host&X-Amz-Signature=19768aa40cfd50d376fa2fd7c3ed5c874b55521aed741e698b106aef8831ba18'), (b'X-Powered-By', b'huggingface-moon'), (b'X-Request-Id', b'Root=1-6a436bdc-246a992c4225f1a0493e42e4;6a39b854-9291-494d-a3f3-9d268f52d84b'), (b'RateLimit', b'"resolvers";r=4931;t=202'), (b'RateLimit-Policy', b'"fixed window";"resolvers";q=5000;w=300'), (b'cross-origin-opener-policy', b'same-origin'), (b'Referrer-Policy', b'strict-origin-when-cross-origin'), (b'Access-Control-Max-Age', b'86400'), (b'Access-Control-Allow-Origin', b'https://huggingface.co'), (b'Vary', b'Origin, Accept'), (b'Access-Control-Expose-Headers', b'X-Repo-Commit,X-Request-Id,X-Error-Code,X-Error-Message,X-Total-Count,ETag,Link,Accept-Ranges,Content-Range,X-Linked-Size,X-Linked-ETag,X-Xet-Hash'), (b'X-Repo-Commit', b'1f7ed68357ecdbd8e31415414359f4e43a355b15'), (b'Accept-Ranges', b'bytes'), (b'X-Hub-Cache', b'MISS'), (b'X-Linked-Size', b'201138914'), (b'X-Linked-ETag', b'"f446a90066e2325ab339cebb76dfeea849a2625c5d98ebe57834e9ba08d1a62a"'), (b'X-Xet-Hash', b'409d6ee4badd88390b0bc157ae381c5af4d8eafd17bec8adb07770ac3ab386fb'), (b'Link', b'<https://huggingface.co/api/datasets/coport-uni/FR5_task3_turn_the_sliver_air_valve_90_degress_counterclockwise_100/xet-read-token/1f7ed68357ecdbd8e31415414359f4e43a355b15>; rel="xet-auth", <https://cas-server.xethub.hf.co/v1/reconstructions/409d6ee4badd88390b0bc157ae381c5af4d8eafd17bec8adb07770ac3ab386fb>; rel="xet-reconstruction-info"'), (b'X-Cache', b'Miss from cloudfront'), (b'Via', b'1.1 801cd5a1ed5abecf586d9f00fbf82766.cloudfront.net (CloudFront)'), (b'X-Amz-Cf-Pop', b'ICN57-P5'), (b'X-Amz-Cf-Id', b'Sy9Ia5YQM_uzDABVaj5Uy2xD1VeO0zWTGKp_BAtxZh_jhigJWBXhMA==')])
INFO 2026-06-30 07:10:20 _client.py:1025 HTTP Request: HEAD https://huggingface.co/datasets/coport-uni/FR5_task3_turn_the_sliver_air_valve_90_degress_counterclockwise_100/resolve/1f7ed68357ecdbd8e31415414359f4e43a355b15/videos/observation.images.top_right/chunk-000/file-007.mp4 "HTTP/1.1 302 Found"
DEBUG 2026-06-30 07:10:20 re/_trace.py:47 receive_response_body.started request=<Request [b'HEAD']>
DEBUG 2026-06-30 07:10:20 re/_trace.py:47 receive_response_body.complete
DEBUG 2026-06-30 07:10:20 re/_trace.py:47 response_closed.started
DEBUG 2026-06-30 07:10:20 re/_trace.py:47 response_closed.complete
DEBUG 2026-06-30 07:10:20 ock/_api.py:501 Attempting to acquire lock 132611814790432 on /root/.cache/huggingface/lerobot/coport-uni/FR5_task3_turn_the_sliver_air_valve_90_degress_counterclockwise_100/.cache/huggingface/download/videos/observation.images.top_right/chunk-000/file-007.mp4.lock
DEBUG 2026-06-30 07:10:20 ock/_api.py:504 Lock 132611814790432 acquired on /root/.cache/huggingface/lerobot/coport-uni/FR5_task3_turn_the_sliver_air_valve_90_degress_counterclockwise_100/.cache/huggingface/download/videos/observation.images.top_right/chunk-000/file-007.mp4.lock
DEBUG 2026-06-30 07:10:21 ock/_api.py:541 Attempting to release lock 132611813771936 on /root/.cache/huggingface/lerobot/coport-uni/FR5_task3_turn_the_sliver_air_valve_90_degress_counterclockwise_100/.cache/huggingface/download/videos/observation.images.top_right/chunk-000/file-006.mp4.lock
DEBUG 2026-06-30 07:10:21 ock/_api.py:545 Lock 132611813771936 released on /root/.cache/huggingface/lerobot/coport-uni/FR5_task3_turn_the_sliver_air_valve_90_degress_counterclockwise_100/.cache/huggingface/download/videos/observation.images.top_right/chunk-000/file-006.mp4.lock
DEBUG 2026-06-30 07:10:21 ock/_api.py:501 Attempting to acquire lock 132611813770304 on /root/.cache/huggingface/lerobot/coport-uni/FR5_task3_turn_the_sliver_air_valve_90_degress_counterclockwise_100/.cache/huggingface/download/videos/observation.images.top_right/chunk-000/file-006.mp4.lock
DEBUG 2026-06-30 07:10:21 ock/_api.py:504 Lock 132611813770304 acquired on /root/.cache/huggingface/lerobot/coport-uni/FR5_task3_turn_the_sliver_air_valve_90_degress_counterclockwise_100/.cache/huggingface/download/videos/observation.images.top_right/chunk-000/file-006.mp4.lock
DEBUG 2026-06-30 07:10:21 ock/_api.py:541 Attempting to release lock 132611813770304 on /root/.cache/huggingface/lerobot/coport-uni/FR5_task3_turn_the_sliver_air_valve_90_degress_counterclockwise_100/.cache/huggingface/download/videos/observation.images.top_right/chunk-000/file-006.mp4.lock
DEBUG 2026-06-30 07:10:21 ock/_api.py:545 Lock 132611813770304 released on /root/.cache/huggingface/lerobot/coport-uni/FR5_task3_turn_the_sliver_air_valve_90_degress_counterclockwise_100/.cache/huggingface/download/videos/observation.images.top_right/chunk-000/file-006.mp4.lock
DEBUG 2026-06-30 07:10:21 ock/_api.py:501 Attempting to acquire lock 132611813772944 on /root/.cache/huggingface/lerobot/coport-uni/FR5_task3_turn_the_sliver_air_valve_90_degress_counterclockwise_100/.cache/huggingface/download/videos/observation.images.top_right/chunk-000/file-008.mp4.lock
DEBUG 2026-06-30 07:10:21 ock/_api.py:504 Lock 132611813772944 acquired on /root/.cache/huggingface/lerobot/coport-uni/FR5_task3_turn_the_sliver_air_valve_90_degress_counterclockwise_100/.cache/huggingface/download/videos/observation.images.top_right/chunk-000/file-008.mp4.lock
DEBUG 2026-06-30 07:10:21 ock/_api.py:541 Attempting to release lock 132611813772944 on /root/.cache/huggingface/lerobot/coport-uni/FR5_task3_turn_the_sliver_air_valve_90_degress_counterclockwise_100/.cache/huggingface/download/videos/observation.images.top_right/chunk-000/file-008.mp4.lock
DEBUG 2026-06-30 07:10:21 ock/_api.py:545 Lock 132611813772944 released on /root/.cache/huggingface/lerobot/coport-uni/FR5_task3_turn_the_sliver_air_valve_90_degress_counterclockwise_100/.cache/huggingface/download/videos/observation.images.top_right/chunk-000/file-008.mp4.lock
DEBUG 2026-06-30 07:10:21 re/_trace.py:47 send_request_headers.started request=<Request [b'HEAD']>
DEBUG 2026-06-30 07:10:21 re/_trace.py:47 send_request_headers.complete
DEBUG 2026-06-30 07:10:21 re/_trace.py:47 send_request_body.started request=<Request [b'HEAD']>
DEBUG 2026-06-30 07:10:21 re/_trace.py:47 send_request_body.complete
DEBUG 2026-06-30 07:10:21 re/_trace.py:47 receive_response_headers.started request=<Request [b'HEAD']>
DEBUG 2026-06-30 07:10:21 re/_trace.py:47 receive_response_headers.complete return_value=(b'HTTP/1.1', 302, b'Found', [(b'Content-Type', b'text/plain; charset=utf-8'), (b'Content-Length', b'1054'), (b'Connection', b'keep-alive'), (b'Date', b'Tue, 30 Jun 2026 07:10:21 GMT'), (b'Location', b'https://cas-bridge.xethub.hf.co/xet-bridge-us/6a4276dae074855e8c8cddb1/5c5351925f6c6badd4cc57ec8c1711a94b4e8bff5d6378a25aba10df51f89a3d?Expires=1782807021&Policy=eyJTdGF0ZW1lbnQiOlt7IlJlc291cmNlIjoiaHR0cHM6Ly9jYXMtYnJpZGdlLnhldGh1Yi5oZi5jby94ZXQtYnJpZGdlLXVzLzZhNDI3NmRhZTA3NDg1NWU4YzhjZGRiMS81YzUzNTE5MjVmNmM2YmFkZDRjYzU3ZWM4YzE3MTFhOTRiNGU4YmZmNWQ2Mzc4YTI1YWJhMTBkZjUxZjg5YTNkKiIsIkNvbmRpdGlvbiI6eyJEYXRlTGVzc1RoYW4iOnsiQVdTOkVwb2NoVGltZSI6MTc4MjgwNzAyMX19fV19&Signature=MEUCIQDNkuYe86xWhZjDNUuagTTMZ8AuAh94NqI%7EEU5UE0vVKwIgTxJJZ7ptlN1DiNAaKl7hppq3x77qhVJ9PbqiDr2mT40_&Key-Pair-Id=K1LYXO563TGWFU&X-Xet-Cas-Uid=6968a8befacf9a9b049da27a&response-content-disposition=inline%3B+filename*%3DUTF-8%27%27file-008.mp4%3B+filename%3D%22file-008.mp4%22%3B&response-content-type=video%2Fmp4&X-Amz-Algorithm=AWS4-HMAC-SHA256&X-Amz-Credential=cas%2F20260630%2Fus-east-1%2Fs3%2Faws4_request&X-Amz-Date=20260630T071021Z&X-Amz-Expires=3600&X-Amz-SignedHeaders=host&X-Amz-Signature=2697607617ba871ff0d7e3f40b8ee286746283f6525f010d10cac318eca90f20'), (b'X-Powered-By', b'huggingface-moon'), (b'X-Request-Id', b'Root=1-6a436bdd-480ef95e49c76fcf37fbeebb;c07a73c7-1375-4603-a7b8-d013b4f91c07'), (b'RateLimit', b'"resolvers";r=4930;t=201'), (b'RateLimit-Policy', b'"fixed window";"resolvers";q=5000;w=300'), (b'cross-origin-opener-policy', b'same-origin'), (b'Referrer-Policy', b'strict-origin-when-cross-origin'), (b'Access-Control-Max-Age', b'86400'), (b'Access-Control-Allow-Origin', b'https://huggingface.co'), (b'Vary', b'Origin, Accept'), (b'Access-Control-Expose-Headers', b'X-Repo-Commit,X-Request-Id,X-Error-Code,X-Error-Message,X-Total-Count,ETag,Link,Accept-Ranges,Content-Range,X-Linked-Size,X-Linked-ETag,X-Xet-Hash'), (b'X-Repo-Commit', b'1f7ed68357ecdbd8e31415414359f4e43a355b15'), (b'Accept-Ranges', b'bytes'), (b'X-Hub-Cache', b'MISS'), (b'X-Linked-Size', b'54195991'), (b'X-Linked-ETag', b'"bca1e65c1a9f3928be5b3939a6e7c038e661eb196ceb1928f2b688310e15b38f"'), (b'X-Xet-Hash', b'5c5351925f6c6badd4cc57ec8c1711a94b4e8bff5d6378a25aba10df51f89a3d'), (b'Link', b'<https://huggingface.co/api/datasets/coport-uni/FR5_task3_turn_the_sliver_air_valve_90_degress_counterclockwise_100/xet-read-token/1f7ed68357ecdbd8e31415414359f4e43a355b15>; rel="xet-auth", <https://cas-server.xethub.hf.co/v1/reconstructions/5c5351925f6c6badd4cc57ec8c1711a94b4e8bff5d6378a25aba10df51f89a3d>; rel="xet-reconstruction-info"'), (b'X-Cache', b'Miss from cloudfront'), (b'Via', b'1.1 801cd5a1ed5abecf586d9f00fbf82766.cloudfront.net (CloudFront)'), (b'X-Amz-Cf-Pop', b'ICN57-P5'), (b'X-Amz-Cf-Id', b'8lSBGAXvq3DKMf8IBQcYx2Zf1Fk_I0ST6HNvPb2JedImaJgxg16P5Q==')])
INFO 2026-06-30 07:10:21 _client.py:1025 HTTP Request: HEAD https://huggingface.co/datasets/coport-uni/FR5_task3_turn_the_sliver_air_valve_90_degress_counterclockwise_100/resolve/1f7ed68357ecdbd8e31415414359f4e43a355b15/videos/observation.images.top_right/chunk-000/file-008.mp4 "HTTP/1.1 302 Found"
DEBUG 2026-06-30 07:10:21 re/_trace.py:47 receive_response_body.started request=<Request [b'HEAD']>
DEBUG 2026-06-30 07:10:21 re/_trace.py:47 receive_response_body.complete
DEBUG 2026-06-30 07:10:21 re/_trace.py:47 response_closed.started
DEBUG 2026-06-30 07:10:21 re/_trace.py:47 response_closed.complete
DEBUG 2026-06-30 07:10:21 ock/_api.py:501 Attempting to acquire lock 132620756404176 on /root/.cache/huggingface/lerobot/coport-uni/FR5_task3_turn_the_sliver_air_valve_90_degress_counterclockwise_100/.cache/huggingface/download/videos/observation.images.top_right/chunk-000/file-008.mp4.lock
DEBUG 2026-06-30 07:10:21 ock/_api.py:504 Lock 132620756404176 acquired on /root/.cache/huggingface/lerobot/coport-uni/FR5_task3_turn_the_sliver_air_valve_90_degress_counterclockwise_100/.cache/huggingface/download/videos/observation.images.top_right/chunk-000/file-008.mp4.lock
DEBUG 2026-06-30 07:10:28 ock/_api.py:541 Attempting to release lock 132620757635136 on /root/.cache/huggingface/lerobot/coport-uni/FR5_task3_turn_the_sliver_air_valve_90_degress_counterclockwise_100/.cache/huggingface/download/videos/observation.images.top_left/chunk-000/file-011.mp4.lock
DEBUG 2026-06-30 07:10:28 ock/_api.py:545 Lock 132620757635136 released on /root/.cache/huggingface/lerobot/coport-uni/FR5_task3_turn_the_sliver_air_valve_90_degress_counterclockwise_100/.cache/huggingface/download/videos/observation.images.top_left/chunk-000/file-011.mp4.lock
DEBUG 2026-06-30 07:10:28 ock/_api.py:501 Attempting to acquire lock 132611815123104 on /root/.cache/huggingface/lerobot/coport-uni/FR5_task3_turn_the_sliver_air_valve_90_degress_counterclockwise_100/.cache/huggingface/download/videos/observation.images.top_left/chunk-000/file-011.mp4.lock
DEBUG 2026-06-30 07:10:28 ock/_api.py:504 Lock 132611815123104 acquired on /root/.cache/huggingface/lerobot/coport-uni/FR5_task3_turn_the_sliver_air_valve_90_degress_counterclockwise_100/.cache/huggingface/download/videos/observation.images.top_left/chunk-000/file-011.mp4.lock
DEBUG 2026-06-30 07:10:28 ock/_api.py:541 Attempting to release lock 132611815123104 on /root/.cache/huggingface/lerobot/coport-uni/FR5_task3_turn_the_sliver_air_valve_90_degress_counterclockwise_100/.cache/huggingface/download/videos/observation.images.top_left/chunk-000/file-011.mp4.lock
DEBUG 2026-06-30 07:10:28 ock/_api.py:545 Lock 132611815123104 released on /root/.cache/huggingface/lerobot/coport-uni/FR5_task3_turn_the_sliver_air_valve_90_degress_counterclockwise_100/.cache/huggingface/download/videos/observation.images.top_left/chunk-000/file-011.mp4.lock
DEBUG 2026-06-30 07:10:28 ock/_api.py:501 Attempting to acquire lock 132620757808240 on /root/.cache/huggingface/lerobot/coport-uni/FR5_task3_turn_the_sliver_air_valve_90_degress_counterclockwise_100/.cache/huggingface/download/videos/observation.images.top_right/chunk-000/file-009.mp4.lock
DEBUG 2026-06-30 07:10:28 ock/_api.py:504 Lock 132620757808240 acquired on /root/.cache/huggingface/lerobot/coport-uni/FR5_task3_turn_the_sliver_air_valve_90_degress_counterclockwise_100/.cache/huggingface/download/videos/observation.images.top_right/chunk-000/file-009.mp4.lock
DEBUG 2026-06-30 07:10:28 ock/_api.py:541 Attempting to release lock 132620757808240 on /root/.cache/huggingface/lerobot/coport-uni/FR5_task3_turn_the_sliver_air_valve_90_degress_counterclockwise_100/.cache/huggingface/download/videos/observation.images.top_right/chunk-000/file-009.mp4.lock
DEBUG 2026-06-30 07:10:28 ock/_api.py:545 Lock 132620757808240 released on /root/.cache/huggingface/lerobot/coport-uni/FR5_task3_turn_the_sliver_air_valve_90_degress_counterclockwise_100/.cache/huggingface/download/videos/observation.images.top_right/chunk-000/file-009.mp4.lock
DEBUG 2026-06-30 07:10:28 re/_trace.py:47 close.started
DEBUG 2026-06-30 07:10:28 re/_trace.py:47 close.complete
DEBUG 2026-06-30 07:10:28 re/_trace.py:47 connect_tcp.started host='huggingface.co' port=443 local_address=None timeout=10 socket_options=None
DEBUG 2026-06-30 07:10:28 re/_trace.py:47 connect_tcp.complete return_value=<httpcore._backends.sync.SyncStream object at 0x789e2ca1b440>
DEBUG 2026-06-30 07:10:28 re/_trace.py:47 start_tls.started ssl_context=<ssl.SSLContext object at 0x789c1818c450> server_hostname='huggingface.co' timeout=10
DEBUG 2026-06-30 07:10:28 re/_trace.py:47 start_tls.complete return_value=<httpcore._backends.sync.SyncStream object at 0x789e2ca19f40>
DEBUG 2026-06-30 07:10:28 re/_trace.py:47 send_request_headers.started request=<Request [b'HEAD']>
DEBUG 2026-06-30 07:10:28 re/_trace.py:47 send_request_headers.complete
DEBUG 2026-06-30 07:10:28 re/_trace.py:47 send_request_body.started request=<Request [b'HEAD']>
DEBUG 2026-06-30 07:10:28 re/_trace.py:47 send_request_body.complete
DEBUG 2026-06-30 07:10:28 re/_trace.py:47 receive_response_headers.started request=<Request [b'HEAD']>
DEBUG 2026-06-30 07:10:29 re/_trace.py:47 receive_response_headers.complete return_value=(b'HTTP/1.1', 302, b'Found', [(b'Content-Type', b'text/plain; charset=utf-8'), (b'Content-Length', b'1054'), (b'Connection', b'keep-alive'), (b'Date', b'Tue, 30 Jun 2026 07:10:29 GMT'), (b'Location', b'https://cas-bridge.xethub.hf.co/xet-bridge-us/6a4276dae074855e8c8cddb1/a0f7720f935a3c49dceca999a86ce7f5d7de58fdc7de381292c187071953a232?Expires=1782807029&Policy=eyJTdGF0ZW1lbnQiOlt7IlJlc291cmNlIjoiaHR0cHM6Ly9jYXMtYnJpZGdlLnhldGh1Yi5oZi5jby94ZXQtYnJpZGdlLXVzLzZhNDI3NmRhZTA3NDg1NWU4YzhjZGRiMS9hMGY3NzIwZjkzNWEzYzQ5ZGNlY2E5OTlhODZjZTdmNWQ3ZGU1OGZkYzdkZTM4MTI5MmMxODcwNzE5NTNhMjMyKiIsIkNvbmRpdGlvbiI6eyJEYXRlTGVzc1RoYW4iOnsiQVdTOkVwb2NoVGltZSI6MTc4MjgwNzAyOX19fV19&Signature=MEUCIQCF8-xirBunYzMQ2zO4aGdJVAWVAmxi0%7EVsa7TerniYxAIgcIPT9hoQ8ax0ibv4M3vDe5Yz4XPkvlqRUrlSkbpat-c_&Key-Pair-Id=K1LYXO563TGWFU&X-Xet-Cas-Uid=6968a8befacf9a9b049da27a&response-content-disposition=inline%3B+filename*%3DUTF-8%27%27file-009.mp4%3B+filename%3D%22file-009.mp4%22%3B&response-content-type=video%2Fmp4&X-Amz-Algorithm=AWS4-HMAC-SHA256&X-Amz-Credential=cas%2F20260630%2Fus-east-1%2Fs3%2Faws4_request&X-Amz-Date=20260630T071029Z&X-Amz-Expires=3600&X-Amz-SignedHeaders=host&X-Amz-Signature=6594a13cad3e71213525fc4257b2ff86d324207eb3324f8afef8e91026246713'), (b'X-Powered-By', b'huggingface-moon'), (b'X-Request-Id', b'Root=1-6a436be5-6df725c6641c26915757275f;90593bbe-b7ce-4a31-ab94-3694b4608411'), (b'RateLimit', b'"resolvers";r=4929;t=193'), (b'RateLimit-Policy', b'"fixed window";"resolvers";q=5000;w=300'), (b'cross-origin-opener-policy', b'same-origin'), (b'Referrer-Policy', b'strict-origin-when-cross-origin'), (b'Access-Control-Max-Age', b'86400'), (b'Access-Control-Allow-Origin', b'https://huggingface.co'), (b'Vary', b'Origin, Accept'), (b'Access-Control-Expose-Headers', b'X-Repo-Commit,X-Request-Id,X-Error-Code,X-Error-Message,X-Total-Count,ETag,Link,Accept-Ranges,Content-Range,X-Linked-Size,X-Linked-ETag,X-Xet-Hash'), (b'X-Repo-Commit', b'1f7ed68357ecdbd8e31415414359f4e43a355b15'), (b'Accept-Ranges', b'bytes'), (b'X-Hub-Cache', b'MISS'), (b'X-Linked-Size', b'204621100'), (b'X-Linked-ETag', b'"49c1046d43a5fe0066af557c85e43784e253a36dc6d6d18f9df89729f62c330d"'), (b'X-Xet-Hash', b'a0f7720f935a3c49dceca999a86ce7f5d7de58fdc7de381292c187071953a232'), (b'Link', b'<https://huggingface.co/api/datasets/coport-uni/FR5_task3_turn_the_sliver_air_valve_90_degress_counterclockwise_100/xet-read-token/1f7ed68357ecdbd8e31415414359f4e43a355b15>; rel="xet-auth", <https://cas-server.xethub.hf.co/v1/reconstructions/a0f7720f935a3c49dceca999a86ce7f5d7de58fdc7de381292c187071953a232>; rel="xet-reconstruction-info"'), (b'X-Cache', b'Miss from cloudfront'), (b'Via', b'1.1 cd59529676cd6614aefd1a455d902808.cloudfront.net (CloudFront)'), (b'X-Amz-Cf-Pop', b'ICN57-P5'), (b'X-Amz-Cf-Id', b'6K6Gl-tN9Sez6XdT7UJk_G3JBJHe02lRH_qBTtvVZJepbexLPBuVQQ==')])
INFO 2026-06-30 07:10:29 _client.py:1025 HTTP Request: HEAD https://huggingface.co/datasets/coport-uni/FR5_task3_turn_the_sliver_air_valve_90_degress_counterclockwise_100/resolve/1f7ed68357ecdbd8e31415414359f4e43a355b15/videos/observation.images.top_right/chunk-000/file-009.mp4 "HTTP/1.1 302 Found"
DEBUG 2026-06-30 07:10:29 re/_trace.py:47 receive_response_body.started request=<Request [b'HEAD']>
DEBUG 2026-06-30 07:10:29 re/_trace.py:47 receive_response_body.complete
DEBUG 2026-06-30 07:10:29 re/_trace.py:47 response_closed.started
DEBUG 2026-06-30 07:10:29 re/_trace.py:47 response_closed.complete
DEBUG 2026-06-30 07:10:29 ock/_api.py:501 Attempting to acquire lock 132620757802048 on /root/.cache/huggingface/lerobot/coport-uni/FR5_task3_turn_the_sliver_air_valve_90_degress_counterclockwise_100/.cache/huggingface/download/videos/observation.images.top_right/chunk-000/file-009.mp4.lock
DEBUG 2026-06-30 07:10:29 ock/_api.py:504 Lock 132620757802048 acquired on /root/.cache/huggingface/lerobot/coport-uni/FR5_task3_turn_the_sliver_air_valve_90_degress_counterclockwise_100/.cache/huggingface/download/videos/observation.images.top_right/chunk-000/file-009.mp4.lock
DEBUG 2026-06-30 07:10:29 ock/_api.py:541 Attempting to release lock 132611813727776 on /root/.cache/huggingface/lerobot/coport-uni/FR5_task3_turn_the_sliver_air_valve_90_degress_counterclockwise_100/.cache/huggingface/download/videos/observation.images.top_right/chunk-000/file-005.mp4.lock
DEBUG 2026-06-30 07:10:29 ock/_api.py:545 Lock 132611813727776 released on /root/.cache/huggingface/lerobot/coport-uni/FR5_task3_turn_the_sliver_air_valve_90_degress_counterclockwise_100/.cache/huggingface/download/videos/observation.images.top_right/chunk-000/file-005.mp4.lock
DEBUG 2026-06-30 07:10:29 ock/_api.py:501 Attempting to acquire lock 132611813727776 on /root/.cache/huggingface/lerobot/coport-uni/FR5_task3_turn_the_sliver_air_valve_90_degress_counterclockwise_100/.cache/huggingface/download/videos/observation.images.top_right/chunk-000/file-005.mp4.lock
DEBUG 2026-06-30 07:10:29 ock/_api.py:504 Lock 132611813727776 acquired on /root/.cache/huggingface/lerobot/coport-uni/FR5_task3_turn_the_sliver_air_valve_90_degress_counterclockwise_100/.cache/huggingface/download/videos/observation.images.top_right/chunk-000/file-005.mp4.lock
DEBUG 2026-06-30 07:10:29 ock/_api.py:541 Attempting to release lock 132611813727776 on /root/.cache/huggingface/lerobot/coport-uni/FR5_task3_turn_the_sliver_air_valve_90_degress_counterclockwise_100/.cache/huggingface/download/videos/observation.images.top_right/chunk-000/file-005.mp4.lock
DEBUG 2026-06-30 07:10:29 ock/_api.py:545 Lock 132611813727776 released on /root/.cache/huggingface/lerobot/coport-uni/FR5_task3_turn_the_sliver_air_valve_90_degress_counterclockwise_100/.cache/huggingface/download/videos/observation.images.top_right/chunk-000/file-005.mp4.lock
DEBUG 2026-06-30 07:10:29 ock/_api.py:501 Attempting to acquire lock 132611813732096 on /root/.cache/huggingface/lerobot/coport-uni/FR5_task3_turn_the_sliver_air_valve_90_degress_counterclockwise_100/.cache/huggingface/download/videos/observation.images.top_right/chunk-000/file-010.mp4.lock
DEBUG 2026-06-30 07:10:29 ock/_api.py:504 Lock 132611813732096 acquired on /root/.cache/huggingface/lerobot/coport-uni/FR5_task3_turn_the_sliver_air_valve_90_degress_counterclockwise_100/.cache/huggingface/download/videos/observation.images.top_right/chunk-000/file-010.mp4.lock
DEBUG 2026-06-30 07:10:29 ock/_api.py:541 Attempting to release lock 132611813732096 on /root/.cache/huggingface/lerobot/coport-uni/FR5_task3_turn_the_sliver_air_valve_90_degress_counterclockwise_100/.cache/huggingface/download/videos/observation.images.top_right/chunk-000/file-010.mp4.lock
DEBUG 2026-06-30 07:10:29 ock/_api.py:545 Lock 132611813732096 released on /root/.cache/huggingface/lerobot/coport-uni/FR5_task3_turn_the_sliver_air_valve_90_degress_counterclockwise_100/.cache/huggingface/download/videos/observation.images.top_right/chunk-000/file-010.mp4.lock
DEBUG 2026-06-30 07:10:29 re/_trace.py:47 send_request_headers.started request=<Request [b'HEAD']>
DEBUG 2026-06-30 07:10:29 re/_trace.py:47 send_request_headers.complete
DEBUG 2026-06-30 07:10:29 re/_trace.py:47 send_request_body.started request=<Request [b'HEAD']>
DEBUG 2026-06-30 07:10:29 re/_trace.py:47 send_request_body.complete
DEBUG 2026-06-30 07:10:29 re/_trace.py:47 receive_response_headers.started request=<Request [b'HEAD']>
DEBUG 2026-06-30 07:10:30 re/_trace.py:47 receive_response_headers.complete return_value=(b'HTTP/1.1', 302, b'Found', [(b'Content-Type', b'text/plain; charset=utf-8'), (b'Content-Length', b'1126'), (b'Connection', b'keep-alive'), (b'Date', b'Tue, 30 Jun 2026 07:10:30 GMT'), (b'Location', b'https://us.aws.cdn.hf.co/xet-bridge-us/6a4276dae074855e8c8cddb1/69d5092333d26aac333b5a71fb6a24cdbca73bb75abd10f964c03a6a9e710941?X-Xet-Cas-Uid=6968a8befacf9a9b049da27a&response-content-disposition=inline%3B+filename*%3DUTF-8%27%27file-010.mp4%3B+filename%3D%22file-010.mp4%22%3B&response-content-type=video%2Fmp4&user_id=6968a8befacf9a9b049da27a&Expires=1782807030&Policy=eyJTdGF0ZW1lbnQiOlt7IlJlc291cmNlIjoiaHR0cHM6Ly91cy5hd3MuY2RuLmhmLmNvL3hldC1icmlkZ2UtdXMvNmE0Mjc2ZGFlMDc0ODU1ZThjOGNkZGIxLzY5ZDUwOTIzMzNkMjZhYWMzMzNiNWE3MWZiNmEyNGNkYmNhNzNiYjc1YWJkMTBmOTY0YzAzYTZhOWU3MTA5NDFcXD9YLVhldC1DYXMtVWlkPTY5NjhhOGJlZmFjZjlhOWIwNDlkYTI3YSZyZXNwb25zZS1jb250ZW50LWRpc3Bvc2l0aW9uPWlubGluZSUzQitmaWxlbmFtZSUyQSUzRFVURi04JTI3JTI3ZmlsZS0wMTAubXA0JTNCK2ZpbGVuYW1lJTNEJTIyZmlsZS0wMTAubXA0JTIyJTNCJnJlc3BvbnNlLWNvbnRlbnQtdHlwZT12aWRlbyUyRm1wNCZ1c2VyX2lkPTY5NjhhOGJlZmFjZjlhOWIwNDlkYTI3YSIsIkNvbmRpdGlvbiI6eyJEYXRlTGVzc1RoYW4iOnsiRXBvY2hUaW1lIjoxNzgyODA3MDMwfX19XX0_&Signature=MEUCIGC9P%7Ex%7ES1uhV2oCb2jCBr-yBWInOVQW%7EFwdIvYmnCRVAiEA-aNicbW9w3hx727CEYx98zECSMDa8wDE-gixwihj5ns_&Key-Pair-Id=01KAYHXK2CBJSW0YZTMNXK9W1M'), (b'X-Powered-By', b'huggingface-moon'), (b'X-Request-Id', b'Root=1-6a436be6-58ad8a1c5462aaa70d19282e;eceaca06-2f1a-47e2-b663-52e93054bed3'), (b'RateLimit', b'"resolvers";r=4928;t=192'), (b'RateLimit-Policy', b'"fixed window";"resolvers";q=5000;w=300'), (b'cross-origin-opener-policy', b'same-origin'), (b'Referrer-Policy', b'strict-origin-when-cross-origin'), (b'Access-Control-Max-Age', b'86400'), (b'Access-Control-Allow-Origin', b'https://huggingface.co'), (b'Vary', b'Origin, Accept'), (b'Access-Control-Expose-Headers', b'X-Repo-Commit,X-Request-Id,X-Error-Code,X-Error-Message,X-Total-Count,ETag,Link,Accept-Ranges,Content-Range,X-Linked-Size,X-Linked-ETag,X-Xet-Hash'), (b'X-Repo-Commit', b'1f7ed68357ecdbd8e31415414359f4e43a355b15'), (b'Accept-Ranges', b'bytes'), (b'X-Hub-Cache', b'MISS'), (b'X-Linked-Size', b'24006217'), (b'X-Linked-ETag', b'"bed593ba9162e2cfa720f3eee2852a68e92640f671bb4b16ec52e892f8a48e00"'), (b'X-Xet-Hash', b'69d5092333d26aac333b5a71fb6a24cdbca73bb75abd10f964c03a6a9e710941'), (b'Link', b'<https://huggingface.co/api/datasets/coport-uni/FR5_task3_turn_the_sliver_air_valve_90_degress_counterclockwise_100/xet-read-token/1f7ed68357ecdbd8e31415414359f4e43a355b15>; rel="xet-auth", <https://cas-server.xethub.hf.co/v1/reconstructions/69d5092333d26aac333b5a71fb6a24cdbca73bb75abd10f964c03a6a9e710941>; rel="xet-reconstruction-info"'), (b'X-Cache', b'Miss from cloudfront'), (b'Via', b'1.1 cd59529676cd6614aefd1a455d902808.cloudfront.net (CloudFront)'), (b'X-Amz-Cf-Pop', b'ICN57-P5'), (b'X-Amz-Cf-Id', b'qeYais_Nng52LyqHtXrqAvDQqrzZU78PDTBCzNC5COW7_bvfQi_jbg==')])
INFO 2026-06-30 07:10:30 _client.py:1025 HTTP Request: HEAD https://huggingface.co/datasets/coport-uni/FR5_task3_turn_the_sliver_air_valve_90_degress_counterclockwise_100/resolve/1f7ed68357ecdbd8e31415414359f4e43a355b15/videos/observation.images.top_right/chunk-000/file-010.mp4 "HTTP/1.1 302 Found"
DEBUG 2026-06-30 07:10:30 re/_trace.py:47 receive_response_body.started request=<Request [b'HEAD']>
DEBUG 2026-06-30 07:10:30 re/_trace.py:47 receive_response_body.complete
DEBUG 2026-06-30 07:10:30 re/_trace.py:47 response_closed.started
DEBUG 2026-06-30 07:10:30 re/_trace.py:47 response_closed.complete
DEBUG 2026-06-30 07:10:30 ock/_api.py:501 Attempting to acquire lock 132620748957856 on /root/.cache/huggingface/lerobot/coport-uni/FR5_task3_turn_the_sliver_air_valve_90_degress_counterclockwise_100/.cache/huggingface/download/videos/observation.images.top_right/chunk-000/file-010.mp4.lock
DEBUG 2026-06-30 07:10:30 ock/_api.py:504 Lock 132620748957856 acquired on /root/.cache/huggingface/lerobot/coport-uni/FR5_task3_turn_the_sliver_air_valve_90_degress_counterclockwise_100/.cache/huggingface/download/videos/observation.images.top_right/chunk-000/file-010.mp4.lock
DEBUG 2026-06-30 07:10:30 ock/_api.py:541 Attempting to release lock 132611814790672 on /root/.cache/huggingface/lerobot/coport-uni/FR5_task3_turn_the_sliver_air_valve_90_degress_counterclockwise_100/.cache/huggingface/download/videos/observation.images.top_right/chunk-000/file-002.mp4.lock
DEBUG 2026-06-30 07:10:30 ock/_api.py:545 Lock 132611814790672 released on /root/.cache/huggingface/lerobot/coport-uni/FR5_task3_turn_the_sliver_air_valve_90_degress_counterclockwise_100/.cache/huggingface/download/videos/observation.images.top_right/chunk-000/file-002.mp4.lock
DEBUG 2026-06-30 07:10:30 ock/_api.py:501 Attempting to acquire lock 132620748959632 on /root/.cache/huggingface/lerobot/coport-uni/FR5_task3_turn_the_sliver_air_valve_90_degress_counterclockwise_100/.cache/huggingface/download/videos/observation.images.top_right/chunk-000/file-002.mp4.lock
DEBUG 2026-06-30 07:10:30 ock/_api.py:504 Lock 132620748959632 acquired on /root/.cache/huggingface/lerobot/coport-uni/FR5_task3_turn_the_sliver_air_valve_90_degress_counterclockwise_100/.cache/huggingface/download/videos/observation.images.top_right/chunk-000/file-002.mp4.lock
DEBUG 2026-06-30 07:10:30 ock/_api.py:541 Attempting to release lock 132620748959632 on /root/.cache/huggingface/lerobot/coport-uni/FR5_task3_turn_the_sliver_air_valve_90_degress_counterclockwise_100/.cache/huggingface/download/videos/observation.images.top_right/chunk-000/file-002.mp4.lock
DEBUG 2026-06-30 07:10:30 ock/_api.py:545 Lock 132620748959632 released on /root/.cache/huggingface/lerobot/coport-uni/FR5_task3_turn_the_sliver_air_valve_90_degress_counterclockwise_100/.cache/huggingface/download/videos/observation.images.top_right/chunk-000/file-002.mp4.lock
DEBUG 2026-06-30 07:10:30 ock/_api.py:501 Attempting to acquire lock 132620748961696 on /root/.cache/huggingface/lerobot/coport-uni/FR5_task3_turn_the_sliver_air_valve_90_degress_counterclockwise_100/.cache/huggingface/download/videos/observation.images.top_right/chunk-000/file-011.mp4.lock
DEBUG 2026-06-30 07:10:30 ock/_api.py:504 Lock 132620748961696 acquired on /root/.cache/huggingface/lerobot/coport-uni/FR5_task3_turn_the_sliver_air_valve_90_degress_counterclockwise_100/.cache/huggingface/download/videos/observation.images.top_right/chunk-000/file-011.mp4.lock
DEBUG 2026-06-30 07:10:30 ock/_api.py:541 Attempting to release lock 132620748961696 on /root/.cache/huggingface/lerobot/coport-uni/FR5_task3_turn_the_sliver_air_valve_90_degress_counterclockwise_100/.cache/huggingface/download/videos/observation.images.top_right/chunk-000/file-011.mp4.lock
DEBUG 2026-06-30 07:10:30 ock/_api.py:545 Lock 132620748961696 released on /root/.cache/huggingface/lerobot/coport-uni/FR5_task3_turn_the_sliver_air_valve_90_degress_counterclockwise_100/.cache/huggingface/download/videos/observation.images.top_right/chunk-000/file-011.mp4.lock
DEBUG 2026-06-30 07:10:30 re/_trace.py:47 send_request_headers.started request=<Request [b'HEAD']>
DEBUG 2026-06-30 07:10:30 re/_trace.py:47 send_request_headers.complete
DEBUG 2026-06-30 07:10:30 re/_trace.py:47 send_request_body.started request=<Request [b'HEAD']>
DEBUG 2026-06-30 07:10:30 re/_trace.py:47 send_request_body.complete
DEBUG 2026-06-30 07:10:30 re/_trace.py:47 receive_response_headers.started request=<Request [b'HEAD']>
DEBUG 2026-06-30 07:10:30 re/_trace.py:47 receive_response_headers.complete return_value=(b'HTTP/1.1', 302, b'Found', [(b'Content-Type', b'text/plain; charset=utf-8'), (b'Content-Length', b'1054'), (b'Connection', b'keep-alive'), (b'Date', b'Tue, 30 Jun 2026 07:10:30 GMT'), (b'Location', b'https://cas-bridge.xethub.hf.co/xet-bridge-us/6a4276dae074855e8c8cddb1/1741e2b64a1572434bc5a5db7ce2ebf64f856b00144cfec45ef6708bafde435c?Expires=1782807030&Policy=eyJTdGF0ZW1lbnQiOlt7IlJlc291cmNlIjoiaHR0cHM6Ly9jYXMtYnJpZGdlLnhldGh1Yi5oZi5jby94ZXQtYnJpZGdlLXVzLzZhNDI3NmRhZTA3NDg1NWU4YzhjZGRiMS8xNzQxZTJiNjRhMTU3MjQzNGJjNWE1ZGI3Y2UyZWJmNjRmODU2YjAwMTQ0Y2ZlYzQ1ZWY2NzA4YmFmZGU0MzVjKiIsIkNvbmRpdGlvbiI6eyJEYXRlTGVzc1RoYW4iOnsiQVdTOkVwb2NoVGltZSI6MTc4MjgwNzAzMH19fV19&Signature=MEYCIQCg112gyvOV-MHDrqby6caBZ8HKM-bPyHqHdn-oBe770AIhAKQV5kxWafxZaEA0Mb%7E0a6zi7KBYW0Yun7YAwCKpgXgZ&Key-Pair-Id=K1LYXO563TGWFU&response-content-disposition=inline%3B+filename*%3DUTF-8%27%27file-011.mp4%3B+filename%3D%22file-011.mp4%22%3B&response-content-type=video%2Fmp4&X-Xet-Cas-Uid=6968a8befacf9a9b049da27a&X-Amz-Algorithm=AWS4-HMAC-SHA256&X-Amz-Credential=cas%2F20260630%2Fus-east-1%2Fs3%2Faws4_request&X-Amz-Date=20260630T071030Z&X-Amz-Expires=3600&X-Amz-SignedHeaders=host&X-Amz-Signature=4a8718b5906a70a5b526e11e26e30d4dbe85dfd0a100c5c1e6a35be4aec68dca'), (b'X-Powered-By', b'huggingface-moon'), (b'X-Request-Id', b'Root=1-6a436be6-690fb85b682f804e512071fa;b8c37679-b8b0-494c-a5ff-a54480c95445'), (b'RateLimit', b'"resolvers";r=4927;t=192'), (b'RateLimit-Policy', b'"fixed window";"resolvers";q=5000;w=300'), (b'cross-origin-opener-policy', b'same-origin'), (b'Referrer-Policy', b'strict-origin-when-cross-origin'), (b'Access-Control-Max-Age', b'86400'), (b'Access-Control-Allow-Origin', b'https://huggingface.co'), (b'Vary', b'Origin, Accept'), (b'Access-Control-Expose-Headers', b'X-Repo-Commit,X-Request-Id,X-Error-Code,X-Error-Message,X-Total-Count,ETag,Link,Accept-Ranges,Content-Range,X-Linked-Size,X-Linked-ETag,X-Xet-Hash'), (b'X-Repo-Commit', b'1f7ed68357ecdbd8e31415414359f4e43a355b15'), (b'Accept-Ranges', b'bytes'), (b'X-Hub-Cache', b'MISS'), (b'X-Linked-Size', b'193616922'), (b'X-Linked-ETag', b'"fb6bf9b1c0b0059e579d2516cd6b044c267203d1e1d3fc067829653073931e47"'), (b'X-Xet-Hash', b'1741e2b64a1572434bc5a5db7ce2ebf64f856b00144cfec45ef6708bafde435c'), (b'Link', b'<https://huggingface.co/api/datasets/coport-uni/FR5_task3_turn_the_sliver_air_valve_90_degress_counterclockwise_100/xet-read-token/1f7ed68357ecdbd8e31415414359f4e43a355b15>; rel="xet-auth", <https://cas-server.xethub.hf.co/v1/reconstructions/1741e2b64a1572434bc5a5db7ce2ebf64f856b00144cfec45ef6708bafde435c>; rel="xet-reconstruction-info"'), (b'X-Cache', b'Miss from cloudfront'), (b'Via', b'1.1 cd59529676cd6614aefd1a455d902808.cloudfront.net (CloudFront)'), (b'X-Amz-Cf-Pop', b'ICN57-P5'), (b'X-Amz-Cf-Id', b'sNtbHUDZTjYjy7oT-dptjEoyJMZc_w5c_c_BRmpDJsNMNiIZWWYHyw==')])
INFO 2026-06-30 07:10:30 _client.py:1025 HTTP Request: HEAD https://huggingface.co/datasets/coport-uni/FR5_task3_turn_the_sliver_air_valve_90_degress_counterclockwise_100/resolve/1f7ed68357ecdbd8e31415414359f4e43a355b15/videos/observation.images.top_right/chunk-000/file-011.mp4 "HTTP/1.1 302 Found"
DEBUG 2026-06-30 07:10:30 re/_trace.py:47 receive_response_body.started request=<Request [b'HEAD']>
DEBUG 2026-06-30 07:10:30 re/_trace.py:47 receive_response_body.complete
DEBUG 2026-06-30 07:10:30 re/_trace.py:47 response_closed.started
DEBUG 2026-06-30 07:10:30 re/_trace.py:47 response_closed.complete
DEBUG 2026-06-30 07:10:30 ock/_api.py:501 Attempting to acquire lock 132620748955024 on /root/.cache/huggingface/lerobot/coport-uni/FR5_task3_turn_the_sliver_air_valve_90_degress_counterclockwise_100/.cache/huggingface/download/videos/observation.images.top_right/chunk-000/file-011.mp4.lock
DEBUG 2026-06-30 07:10:30 ock/_api.py:504 Lock 132620748955024 acquired on /root/.cache/huggingface/lerobot/coport-uni/FR5_task3_turn_the_sliver_air_valve_90_degress_counterclockwise_100/.cache/huggingface/download/videos/observation.images.top_right/chunk-000/file-011.mp4.lock
DEBUG 2026-06-30 07:10:30 ock/_api.py:541 Attempting to release lock 132611813794224 on /root/.cache/huggingface/lerobot/coport-uni/FR5_task3_turn_the_sliver_air_valve_90_degress_counterclockwise_100/.cache/huggingface/download/videos/observation.images.top_right/chunk-000/file-001.mp4.lock
DEBUG 2026-06-30 07:10:30 ock/_api.py:545 Lock 132611813794224 released on /root/.cache/huggingface/lerobot/coport-uni/FR5_task3_turn_the_sliver_air_valve_90_degress_counterclockwise_100/.cache/huggingface/download/videos/observation.images.top_right/chunk-000/file-001.mp4.lock
DEBUG 2026-06-30 07:10:30 ock/_api.py:501 Attempting to acquire lock 132611813479328 on /root/.cache/huggingface/lerobot/coport-uni/FR5_task3_turn_the_sliver_air_valve_90_degress_counterclockwise_100/.cache/huggingface/download/videos/observation.images.top_right/chunk-000/file-001.mp4.lock
DEBUG 2026-06-30 07:10:30 ock/_api.py:504 Lock 132611813479328 acquired on /root/.cache/huggingface/lerobot/coport-uni/FR5_task3_turn_the_sliver_air_valve_90_degress_counterclockwise_100/.cache/huggingface/download/videos/observation.images.top_right/chunk-000/file-001.mp4.lock
DEBUG 2026-06-30 07:10:30 ock/_api.py:541 Attempting to release lock 132611813479328 on /root/.cache/huggingface/lerobot/coport-uni/FR5_task3_turn_the_sliver_air_valve_90_degress_counterclockwise_100/.cache/huggingface/download/videos/observation.images.top_right/chunk-000/file-001.mp4.lock
DEBUG 2026-06-30 07:10:30 ock/_api.py:545 Lock 132611813479328 released on /root/.cache/huggingface/lerobot/coport-uni/FR5_task3_turn_the_sliver_air_valve_90_degress_counterclockwise_100/.cache/huggingface/download/videos/observation.images.top_right/chunk-000/file-001.mp4.lock
DEBUG 2026-06-30 07:10:30 ock/_api.py:501 Attempting to acquire lock 132611813489072 on /root/.cache/huggingface/lerobot/coport-uni/FR5_task3_turn_the_sliver_air_valve_90_degress_counterclockwise_100/.cache/huggingface/download/videos/observation.images.top_right/chunk-000/file-012.mp4.lock
DEBUG 2026-06-30 07:10:30 ock/_api.py:504 Lock 132611813489072 acquired on /root/.cache/huggingface/lerobot/coport-uni/FR5_task3_turn_the_sliver_air_valve_90_degress_counterclockwise_100/.cache/huggingface/download/videos/observation.images.top_right/chunk-000/file-012.mp4.lock
DEBUG 2026-06-30 07:10:30 ock/_api.py:541 Attempting to release lock 132611813489072 on /root/.cache/huggingface/lerobot/coport-uni/FR5_task3_turn_the_sliver_air_valve_90_degress_counterclockwise_100/.cache/huggingface/download/videos/observation.images.top_right/chunk-000/file-012.mp4.lock
DEBUG 2026-06-30 07:10:30 ock/_api.py:545 Lock 132611813489072 released on /root/.cache/huggingface/lerobot/coport-uni/FR5_task3_turn_the_sliver_air_valve_90_degress_counterclockwise_100/.cache/huggingface/download/videos/observation.images.top_right/chunk-000/file-012.mp4.lock
DEBUG 2026-06-30 07:10:30 re/_trace.py:47 send_request_headers.started request=<Request [b'HEAD']>
DEBUG 2026-06-30 07:10:30 re/_trace.py:47 send_request_headers.complete
DEBUG 2026-06-30 07:10:30 re/_trace.py:47 send_request_body.started request=<Request [b'HEAD']>
DEBUG 2026-06-30 07:10:30 re/_trace.py:47 send_request_body.complete
DEBUG 2026-06-30 07:10:30 re/_trace.py:47 receive_response_headers.started request=<Request [b'HEAD']>
DEBUG 2026-06-30 07:10:30 ock/_api.py:541 Attempting to release lock 132620756404176 on /root/.cache/huggingface/lerobot/coport-uni/FR5_task3_turn_the_sliver_air_valve_90_degress_counterclockwise_100/.cache/huggingface/download/videos/observation.images.top_right/chunk-000/file-008.mp4.lock
DEBUG 2026-06-30 07:10:30 ock/_api.py:545 Lock 132620756404176 released on /root/.cache/huggingface/lerobot/coport-uni/FR5_task3_turn_the_sliver_air_valve_90_degress_counterclockwise_100/.cache/huggingface/download/videos/observation.images.top_right/chunk-000/file-008.mp4.lock
DEBUG 2026-06-30 07:10:30 ock/_api.py:501 Attempting to acquire lock 132611813484416 on /root/.cache/huggingface/lerobot/coport-uni/FR5_task3_turn_the_sliver_air_valve_90_degress_counterclockwise_100/.cache/huggingface/download/videos/observation.images.top_right/chunk-000/file-008.mp4.lock
DEBUG 2026-06-30 07:10:30 ock/_api.py:504 Lock 132611813484416 acquired on /root/.cache/huggingface/lerobot/coport-uni/FR5_task3_turn_the_sliver_air_valve_90_degress_counterclockwise_100/.cache/huggingface/download/videos/observation.images.top_right/chunk-000/file-008.mp4.lock
DEBUG 2026-06-30 07:10:30 ock/_api.py:541 Attempting to release lock 132611813484416 on /root/.cache/huggingface/lerobot/coport-uni/FR5_task3_turn_the_sliver_air_valve_90_degress_counterclockwise_100/.cache/huggingface/download/videos/observation.images.top_right/chunk-000/file-008.mp4.lock
DEBUG 2026-06-30 07:10:30 ock/_api.py:545 Lock 132611813484416 released on /root/.cache/huggingface/lerobot/coport-uni/FR5_task3_turn_the_sliver_air_valve_90_degress_counterclockwise_100/.cache/huggingface/download/videos/observation.images.top_right/chunk-000/file-008.mp4.lock
DEBUG 2026-06-30 07:10:30 ock/_api.py:501 Attempting to acquire lock 132611813481488 on /root/.cache/huggingface/lerobot/coport-uni/FR5_task3_turn_the_sliver_air_valve_90_degress_counterclockwise_100/.cache/huggingface/download/videos/observation.images.top_right/chunk-000/file-013.mp4.lock
DEBUG 2026-06-30 07:10:30 ock/_api.py:504 Lock 132611813481488 acquired on /root/.cache/huggingface/lerobot/coport-uni/FR5_task3_turn_the_sliver_air_valve_90_degress_counterclockwise_100/.cache/huggingface/download/videos/observation.images.top_right/chunk-000/file-013.mp4.lock
DEBUG 2026-06-30 07:10:30 ock/_api.py:541 Attempting to release lock 132611813481488 on /root/.cache/huggingface/lerobot/coport-uni/FR5_task3_turn_the_sliver_air_valve_90_degress_counterclockwise_100/.cache/huggingface/download/videos/observation.images.top_right/chunk-000/file-013.mp4.lock
DEBUG 2026-06-30 07:10:30 ock/_api.py:545 Lock 132611813481488 released on /root/.cache/huggingface/lerobot/coport-uni/FR5_task3_turn_the_sliver_air_valve_90_degress_counterclockwise_100/.cache/huggingface/download/videos/observation.images.top_right/chunk-000/file-013.mp4.lock
DEBUG 2026-06-30 07:10:30 re/_trace.py:47 connect_tcp.started host='huggingface.co' port=443 local_address=None timeout=10 socket_options=None
DEBUG 2026-06-30 07:10:30 re/_trace.py:47 connect_tcp.complete return_value=<httpcore._backends.sync.SyncStream object at 0x789e2ca1a570>
DEBUG 2026-06-30 07:10:30 re/_trace.py:47 start_tls.started ssl_context=<ssl.SSLContext object at 0x789c1818c450> server_hostname='huggingface.co' timeout=10
DEBUG 2026-06-30 07:10:30 re/_trace.py:47 start_tls.complete return_value=<httpcore._backends.sync.SyncStream object at 0x789e2ca1b5c0>
DEBUG 2026-06-30 07:10:30 re/_trace.py:47 send_request_headers.started request=<Request [b'HEAD']>
DEBUG 2026-06-30 07:10:30 re/_trace.py:47 send_request_headers.complete
DEBUG 2026-06-30 07:10:30 re/_trace.py:47 send_request_body.started request=<Request [b'HEAD']>
DEBUG 2026-06-30 07:10:30 re/_trace.py:47 send_request_body.complete
DEBUG 2026-06-30 07:10:30 re/_trace.py:47 receive_response_headers.started request=<Request [b'HEAD']>
DEBUG 2026-06-30 07:10:31 re/_trace.py:47 receive_response_headers.complete return_value=(b'HTTP/1.1', 302, b'Found', [(b'Content-Type', b'text/plain; charset=utf-8'), (b'Content-Length', b'1058'), (b'Connection', b'keep-alive'), (b'Date', b'Tue, 30 Jun 2026 07:10:31 GMT'), (b'Location', b'https://cas-bridge.xethub.hf.co/xet-bridge-us/6a4276dae074855e8c8cddb1/ded573c7448c8b26e4bf4be3796304dbc0b08ff95baaef5cacab9e7f71b9b64e?Expires=1782807031&Policy=eyJTdGF0ZW1lbnQiOlt7IlJlc291cmNlIjoiaHR0cHM6Ly9jYXMtYnJpZGdlLnhldGh1Yi5oZi5jby94ZXQtYnJpZGdlLXVzLzZhNDI3NmRhZTA3NDg1NWU4YzhjZGRiMS9kZWQ1NzNjNzQ0OGM4YjI2ZTRiZjRiZTM3OTYzMDRkYmMwYjA4ZmY5NWJhYWVmNWNhY2FiOWU3ZjcxYjliNjRlKiIsIkNvbmRpdGlvbiI6eyJEYXRlTGVzc1RoYW4iOnsiQVdTOkVwb2NoVGltZSI6MTc4MjgwNzAzMX19fV19&Signature=MEYCIQDOywekf76IFRF9FrHDP%7EYJeavK6IvxWrVKE8%7Ep3eLh%7EAIhAJGgb12fyKvLeeZZgQ6ODNB1jjqfjsEqkRcvxMmoep2S&Key-Pair-Id=K1LYXO563TGWFU&response-content-type=video%2Fmp4&response-content-disposition=inline%3B+filename*%3DUTF-8%27%27file-012.mp4%3B+filename%3D%22file-012.mp4%22%3B&X-Xet-Cas-Uid=6968a8befacf9a9b049da27a&X-Amz-Algorithm=AWS4-HMAC-SHA256&X-Amz-Credential=cas%2F20260630%2Fus-east-1%2Fs3%2Faws4_request&X-Amz-Date=20260630T071031Z&X-Amz-Expires=3600&X-Amz-SignedHeaders=host&X-Amz-Signature=9d1d55b3542c5cddaefbc422625446542d1c0f8cb29807a65f0a79d81e43cd23'), (b'X-Powered-By', b'huggingface-moon'), (b'X-Request-Id', b'Root=1-6a436be7-5ac013d519fe0f77238124fb;195c35fa-899c-4a8f-9acd-d4f110d199c6'), (b'RateLimit', b'"resolvers";r=4926;t=191'), (b'RateLimit-Policy', b'"fixed window";"resolvers";q=5000;w=300'), (b'cross-origin-opener-policy', b'same-origin'), (b'Referrer-Policy', b'strict-origin-when-cross-origin'), (b'Access-Control-Max-Age', b'86400'), (b'Access-Control-Allow-Origin', b'https://huggingface.co'), (b'Vary', b'Origin, Accept'), (b'Access-Control-Expose-Headers', b'X-Repo-Commit,X-Request-Id,X-Error-Code,X-Error-Message,X-Total-Count,ETag,Link,Accept-Ranges,Content-Range,X-Linked-Size,X-Linked-ETag,X-Xet-Hash'), (b'X-Repo-Commit', b'1f7ed68357ecdbd8e31415414359f4e43a355b15'), (b'Accept-Ranges', b'bytes'), (b'X-Hub-Cache', b'MISS'), (b'X-Linked-Size', b'47330018'), (b'X-Linked-ETag', b'"fda244029b94340826b49b955fac34b4e9c25b79e78358d872d7fd6ad6460e12"'), (b'X-Xet-Hash', b'ded573c7448c8b26e4bf4be3796304dbc0b08ff95baaef5cacab9e7f71b9b64e'), (b'Link', b'<https://huggingface.co/api/datasets/coport-uni/FR5_task3_turn_the_sliver_air_valve_90_degress_counterclockwise_100/xet-read-token/1f7ed68357ecdbd8e31415414359f4e43a355b15>; rel="xet-auth", <https://cas-server.xethub.hf.co/v1/reconstructions/ded573c7448c8b26e4bf4be3796304dbc0b08ff95baaef5cacab9e7f71b9b64e>; rel="xet-reconstruction-info"'), (b'X-Cache', b'Miss from cloudfront'), (b'Via', b'1.1 cd59529676cd6614aefd1a455d902808.cloudfront.net (CloudFront)'), (b'X-Amz-Cf-Pop', b'ICN57-P5'), (b'X-Amz-Cf-Id', b'fw0d1gEQTB4olgnme_txL-DvUNsD9-N2S4oSg-A0adcizMzYh253Ow==')])
INFO 2026-06-30 07:10:31 _client.py:1025 HTTP Request: HEAD https://huggingface.co/datasets/coport-uni/FR5_task3_turn_the_sliver_air_valve_90_degress_counterclockwise_100/resolve/1f7ed68357ecdbd8e31415414359f4e43a355b15/videos/observation.images.top_right/chunk-000/file-012.mp4 "HTTP/1.1 302 Found"
DEBUG 2026-06-30 07:10:31 re/_trace.py:47 receive_response_body.started request=<Request [b'HEAD']>
DEBUG 2026-06-30 07:10:31 re/_trace.py:47 receive_response_body.complete
DEBUG 2026-06-30 07:10:31 re/_trace.py:47 response_closed.started
DEBUG 2026-06-30 07:10:31 re/_trace.py:47 response_closed.complete
DEBUG 2026-06-30 07:10:31 ock/_api.py:501 Attempting to acquire lock 132611813489456 on /root/.cache/huggingface/lerobot/coport-uni/FR5_task3_turn_the_sliver_air_valve_90_degress_counterclockwise_100/.cache/huggingface/download/videos/observation.images.top_right/chunk-000/file-012.mp4.lock
DEBUG 2026-06-30 07:10:31 ock/_api.py:504 Lock 132611813489456 acquired on /root/.cache/huggingface/lerobot/coport-uni/FR5_task3_turn_the_sliver_air_valve_90_degress_counterclockwise_100/.cache/huggingface/download/videos/observation.images.top_right/chunk-000/file-012.mp4.lock
DEBUG 2026-06-30 07:10:31 re/_trace.py:47 receive_response_headers.complete return_value=(b'HTTP/1.1', 302, b'Found', [(b'Content-Type', b'text/plain; charset=utf-8'), (b'Content-Length', b'1062'), (b'Connection', b'keep-alive'), (b'Date', b'Tue, 30 Jun 2026 07:10:31 GMT'), (b'Location', b'https://cas-bridge.xethub.hf.co/xet-bridge-us/6a4276dae074855e8c8cddb1/0b6cffd8f0820147534758cef89000f1d00e6b18b85e1da15dbd2c7774361cae?Expires=1782807031&Policy=eyJTdGF0ZW1lbnQiOlt7IlJlc291cmNlIjoiaHR0cHM6Ly9jYXMtYnJpZGdlLnhldGh1Yi5oZi5jby94ZXQtYnJpZGdlLXVzLzZhNDI3NmRhZTA3NDg1NWU4YzhjZGRiMS8wYjZjZmZkOGYwODIwMTQ3NTM0NzU4Y2VmODkwMDBmMWQwMGU2YjE4Yjg1ZTFkYTE1ZGJkMmM3Nzc0MzYxY2FlKiIsIkNvbmRpdGlvbiI6eyJEYXRlTGVzc1RoYW4iOnsiQVdTOkVwb2NoVGltZSI6MTc4MjgwNzAzMX19fV19&Signature=MEYCIQDkc%7Eg4uzKzNengvu1%7ELClIcWqjpWWnyv1y%7E6U3qTR%7EOgIhAPI2cSZmlHJqMn9KaP9ztraL0Med1wk%7EwYBCdE4HnLNw&Key-Pair-Id=K1LYXO563TGWFU&X-Xet-Cas-Uid=6968a8befacf9a9b049da27a&response-content-disposition=inline%3B+filename*%3DUTF-8%27%27file-013.mp4%3B+filename%3D%22file-013.mp4%22%3B&response-content-type=video%2Fmp4&X-Amz-Algorithm=AWS4-HMAC-SHA256&X-Amz-Credential=cas%2F20260630%2Fus-east-1%2Fs3%2Faws4_request&X-Amz-Date=20260630T071031Z&X-Amz-Expires=3600&X-Amz-SignedHeaders=host&X-Amz-Signature=c1e60230905fcc60e31bb6ea80bfb4655dec57f07d2ac53c2528941b6545fca6'), (b'X-Powered-By', b'huggingface-moon'), (b'X-Request-Id', b'Root=1-6a436be7-45a4ac1c373366443c3ebec7;8049644f-e494-4415-8e04-21964e67e4a8'), (b'RateLimit', b'"resolvers";r=4925;t=191'), (b'RateLimit-Policy', b'"fixed window";"resolvers";q=5000;w=300'), (b'cross-origin-opener-policy', b'same-origin'), (b'Referrer-Policy', b'strict-origin-when-cross-origin'), (b'Access-Control-Max-Age', b'86400'), (b'Access-Control-Allow-Origin', b'https://huggingface.co'), (b'Vary', b'Origin, Accept'), (b'Access-Control-Expose-Headers', b'X-Repo-Commit,X-Request-Id,X-Error-Code,X-Error-Message,X-Total-Count,ETag,Link,Accept-Ranges,Content-Range,X-Linked-Size,X-Linked-ETag,X-Xet-Hash'), (b'X-Repo-Commit', b'1f7ed68357ecdbd8e31415414359f4e43a355b15'), (b'Accept-Ranges', b'bytes'), (b'X-Hub-Cache', b'MISS'), (b'X-Linked-Size', b'208388359'), (b'X-Linked-ETag', b'"9d8dbc9aea623a4f37d03d2439a606bfd43f0fe3038ca84e2c4265e01bc7f3bf"'), (b'X-Xet-Hash', b'0b6cffd8f0820147534758cef89000f1d00e6b18b85e1da15dbd2c7774361cae'), (b'Link', b'<https://huggingface.co/api/datasets/coport-uni/FR5_task3_turn_the_sliver_air_valve_90_degress_counterclockwise_100/xet-read-token/1f7ed68357ecdbd8e31415414359f4e43a355b15>; rel="xet-auth", <https://cas-server.xethub.hf.co/v1/reconstructions/0b6cffd8f0820147534758cef89000f1d00e6b18b85e1da15dbd2c7774361cae>; rel="xet-reconstruction-info"'), (b'X-Cache', b'Miss from cloudfront'), (b'Via', b'1.1 00691a186801498f22935a668f623f14.cloudfront.net (CloudFront)'), (b'X-Amz-Cf-Pop', b'ICN57-P5'), (b'X-Amz-Cf-Id', b'It6jerE49f3sD1bPYVdi2RN1yLoq3cyVev5ZKuiF7wc2-ezEEcmqEA==')])
INFO 2026-06-30 07:10:31 _client.py:1025 HTTP Request: HEAD https://huggingface.co/datasets/coport-uni/FR5_task3_turn_the_sliver_air_valve_90_degress_counterclockwise_100/resolve/1f7ed68357ecdbd8e31415414359f4e43a355b15/videos/observation.images.top_right/chunk-000/file-013.mp4 "HTTP/1.1 302 Found"
DEBUG 2026-06-30 07:10:31 re/_trace.py:47 receive_response_body.started request=<Request [b'HEAD']>
DEBUG 2026-06-30 07:10:31 re/_trace.py:47 receive_response_body.complete
DEBUG 2026-06-30 07:10:31 re/_trace.py:47 response_closed.started
DEBUG 2026-06-30 07:10:31 re/_trace.py:47 response_closed.complete
DEBUG 2026-06-30 07:10:31 ock/_api.py:501 Attempting to acquire lock 132611813479424 on /root/.cache/huggingface/lerobot/coport-uni/FR5_task3_turn_the_sliver_air_valve_90_degress_counterclockwise_100/.cache/huggingface/download/videos/observation.images.top_right/chunk-000/file-013.mp4.lock
DEBUG 2026-06-30 07:10:31 ock/_api.py:504 Lock 132611813479424 acquired on /root/.cache/huggingface/lerobot/coport-uni/FR5_task3_turn_the_sliver_air_valve_90_degress_counterclockwise_100/.cache/huggingface/download/videos/observation.images.top_right/chunk-000/file-013.mp4.lock
DEBUG 2026-06-30 07:10:31 ock/_api.py:541 Attempting to release lock 132620757645072 on /root/.cache/huggingface/lerobot/coport-uni/FR5_task3_turn_the_sliver_air_valve_90_degress_counterclockwise_100/.cache/huggingface/download/videos/observation.images.top_right/chunk-000/file-004.mp4.lock
DEBUG 2026-06-30 07:10:31 ock/_api.py:545 Lock 132620757645072 released on /root/.cache/huggingface/lerobot/coport-uni/FR5_task3_turn_the_sliver_air_valve_90_degress_counterclockwise_100/.cache/huggingface/download/videos/observation.images.top_right/chunk-000/file-004.mp4.lock
DEBUG 2026-06-30 07:10:31 ock/_api.py:501 Attempting to acquire lock 132611814785536 on /root/.cache/huggingface/lerobot/coport-uni/FR5_task3_turn_the_sliver_air_valve_90_degress_counterclockwise_100/.cache/huggingface/download/videos/observation.images.top_right/chunk-000/file-004.mp4.lock
DEBUG 2026-06-30 07:10:31 ock/_api.py:504 Lock 132611814785536 acquired on /root/.cache/huggingface/lerobot/coport-uni/FR5_task3_turn_the_sliver_air_valve_90_degress_counterclockwise_100/.cache/huggingface/download/videos/observation.images.top_right/chunk-000/file-004.mp4.lock
DEBUG 2026-06-30 07:10:31 ock/_api.py:541 Attempting to release lock 132611814785536 on /root/.cache/huggingface/lerobot/coport-uni/FR5_task3_turn_the_sliver_air_valve_90_degress_counterclockwise_100/.cache/huggingface/download/videos/observation.images.top_right/chunk-000/file-004.mp4.lock
DEBUG 2026-06-30 07:10:31 ock/_api.py:545 Lock 132611814785536 released on /root/.cache/huggingface/lerobot/coport-uni/FR5_task3_turn_the_sliver_air_valve_90_degress_counterclockwise_100/.cache/huggingface/download/videos/observation.images.top_right/chunk-000/file-004.mp4.lock
DEBUG 2026-06-30 07:10:31 ock/_api.py:501 Attempting to acquire lock 132611814798256 on /root/.cache/huggingface/lerobot/coport-uni/FR5_task3_turn_the_sliver_air_valve_90_degress_counterclockwise_100/.cache/huggingface/download/videos/observation.images.top_right/chunk-000/file-014.mp4.lock
DEBUG 2026-06-30 07:10:31 ock/_api.py:504 Lock 132611814798256 acquired on /root/.cache/huggingface/lerobot/coport-uni/FR5_task3_turn_the_sliver_air_valve_90_degress_counterclockwise_100/.cache/huggingface/download/videos/observation.images.top_right/chunk-000/file-014.mp4.lock
DEBUG 2026-06-30 07:10:31 ock/_api.py:541 Attempting to release lock 132611814798256 on /root/.cache/huggingface/lerobot/coport-uni/FR5_task3_turn_the_sliver_air_valve_90_degress_counterclockwise_100/.cache/huggingface/download/videos/observation.images.top_right/chunk-000/file-014.mp4.lock
DEBUG 2026-06-30 07:10:31 ock/_api.py:545 Lock 132611814798256 released on /root/.cache/huggingface/lerobot/coport-uni/FR5_task3_turn_the_sliver_air_valve_90_degress_counterclockwise_100/.cache/huggingface/download/videos/observation.images.top_right/chunk-000/file-014.mp4.lock
DEBUG 2026-06-30 07:10:31 re/_trace.py:47 send_request_headers.started request=<Request [b'HEAD']>
DEBUG 2026-06-30 07:10:31 re/_trace.py:47 send_request_headers.complete
DEBUG 2026-06-30 07:10:31 re/_trace.py:47 send_request_body.started request=<Request [b'HEAD']>
DEBUG 2026-06-30 07:10:31 re/_trace.py:47 send_request_body.complete
DEBUG 2026-06-30 07:10:31 re/_trace.py:47 receive_response_headers.started request=<Request [b'HEAD']>
DEBUG 2026-06-30 07:10:32 re/_trace.py:47 receive_response_headers.complete return_value=(b'HTTP/1.1', 302, b'Found', [(b'Content-Type', b'text/plain; charset=utf-8'), (b'Content-Length', b'1056'), (b'Connection', b'keep-alive'), (b'Date', b'Tue, 30 Jun 2026 07:10:31 GMT'), (b'Location', b'https://cas-bridge.xethub.hf.co/xet-bridge-us/6a4276dae074855e8c8cddb1/b41c06eabffc4484cef37c692d73a7c237910fe5159ae6d7031d976978d911c8?Expires=1782807031&Policy=eyJTdGF0ZW1lbnQiOlt7IlJlc291cmNlIjoiaHR0cHM6Ly9jYXMtYnJpZGdlLnhldGh1Yi5oZi5jby94ZXQtYnJpZGdlLXVzLzZhNDI3NmRhZTA3NDg1NWU4YzhjZGRiMS9iNDFjMDZlYWJmZmM0NDg0Y2VmMzdjNjkyZDczYTdjMjM3OTEwZmU1MTU5YWU2ZDcwMzFkOTc2OTc4ZDkxMWM4KiIsIkNvbmRpdGlvbiI6eyJEYXRlTGVzc1RoYW4iOnsiQVdTOkVwb2NoVGltZSI6MTc4MjgwNzAzMX19fV19&Signature=MEUCIQCx1Su-RtsEGq1yBbpDs4S%7EmwnSDAapXDrQU0Dn5wMghAIgTVIgpx18IT7rmUunKUrqH51xZSXWoNBpEFympIx%7EIMM_&Key-Pair-Id=K1LYXO563TGWFU&response-content-disposition=inline%3B+filename*%3DUTF-8%27%27file-014.mp4%3B+filename%3D%22file-014.mp4%22%3B&X-Xet-Cas-Uid=6968a8befacf9a9b049da27a&response-content-type=video%2Fmp4&X-Amz-Algorithm=AWS4-HMAC-SHA256&X-Amz-Credential=cas%2F20260630%2Fus-east-1%2Fs3%2Faws4_request&X-Amz-Date=20260630T071031Z&X-Amz-Expires=3600&X-Amz-SignedHeaders=host&X-Amz-Signature=79b9151ce0532c716cff658ac32908539e2478b281be8e77c1da3fc619af7fe5'), (b'X-Powered-By', b'huggingface-moon'), (b'X-Request-Id', b'Root=1-6a436be7-3b701e7a69d71fc77c72d86b;e86b4cc8-31f1-4653-9ce4-b394c82946d2'), (b'RateLimit', b'"resolvers";r=4924;t=191'), (b'RateLimit-Policy', b'"fixed window";"resolvers";q=5000;w=300'), (b'cross-origin-opener-policy', b'same-origin'), (b'Referrer-Policy', b'strict-origin-when-cross-origin'), (b'Access-Control-Max-Age', b'86400'), (b'Access-Control-Allow-Origin', b'https://huggingface.co'), (b'Vary', b'Origin, Accept'), (b'Access-Control-Expose-Headers', b'X-Repo-Commit,X-Request-Id,X-Error-Code,X-Error-Message,X-Total-Count,ETag,Link,Accept-Ranges,Content-Range,X-Linked-Size,X-Linked-ETag,X-Xet-Hash'), (b'X-Repo-Commit', b'1f7ed68357ecdbd8e31415414359f4e43a355b15'), (b'Accept-Ranges', b'bytes'), (b'X-Hub-Cache', b'MISS'), (b'X-Linked-Size', b'21191138'), (b'X-Linked-ETag', b'"7aa3a322fa949fae92206b0ebe36e4f91665b17745daef56ac326175c80b238b"'), (b'X-Xet-Hash', b'b41c06eabffc4484cef37c692d73a7c237910fe5159ae6d7031d976978d911c8'), (b'Link', b'<https://huggingface.co/api/datasets/coport-uni/FR5_task3_turn_the_sliver_air_valve_90_degress_counterclockwise_100/xet-read-token/1f7ed68357ecdbd8e31415414359f4e43a355b15>; rel="xet-auth", <https://cas-server.xethub.hf.co/v1/reconstructions/b41c06eabffc4484cef37c692d73a7c237910fe5159ae6d7031d976978d911c8>; rel="xet-reconstruction-info"'), (b'X-Cache', b'Miss from cloudfront'), (b'Via', b'1.1 cd59529676cd6614aefd1a455d902808.cloudfront.net (CloudFront)'), (b'X-Amz-Cf-Pop', b'ICN57-P5'), (b'X-Amz-Cf-Id', b'DAg-NYgQ7DJM8KSiiHflpiQNEbVPqMfz83yQkaQA4G_qoCV1SXhW8A==')])
INFO 2026-06-30 07:10:32 _client.py:1025 HTTP Request: HEAD https://huggingface.co/datasets/coport-uni/FR5_task3_turn_the_sliver_air_valve_90_degress_counterclockwise_100/resolve/1f7ed68357ecdbd8e31415414359f4e43a355b15/videos/observation.images.top_right/chunk-000/file-014.mp4 "HTTP/1.1 302 Found"
DEBUG 2026-06-30 07:10:32 re/_trace.py:47 receive_response_body.started request=<Request [b'HEAD']>
DEBUG 2026-06-30 07:10:32 re/_trace.py:47 receive_response_body.complete
DEBUG 2026-06-30 07:10:32 re/_trace.py:47 response_closed.started
DEBUG 2026-06-30 07:10:32 re/_trace.py:47 response_closed.complete
DEBUG 2026-06-30 07:10:32 ock/_api.py:501 Attempting to acquire lock 132611814797728 on /root/.cache/huggingface/lerobot/coport-uni/FR5_task3_turn_the_sliver_air_valve_90_degress_counterclockwise_100/.cache/huggingface/download/videos/observation.images.top_right/chunk-000/file-014.mp4.lock
DEBUG 2026-06-30 07:10:32 ock/_api.py:504 Lock 132611814797728 acquired on /root/.cache/huggingface/lerobot/coport-uni/FR5_task3_turn_the_sliver_air_valve_90_degress_counterclockwise_100/.cache/huggingface/download/videos/observation.images.top_right/chunk-000/file-014.mp4.lock
DEBUG 2026-06-30 07:10:32 ock/_api.py:541 Attempting to release lock 132620748957856 on /root/.cache/huggingface/lerobot/coport-uni/FR5_task3_turn_the_sliver_air_valve_90_degress_counterclockwise_100/.cache/huggingface/download/videos/observation.images.top_right/chunk-000/file-010.mp4.lock
DEBUG 2026-06-30 07:10:32 ock/_api.py:545 Lock 132620748957856 released on /root/.cache/huggingface/lerobot/coport-uni/FR5_task3_turn_the_sliver_air_valve_90_degress_counterclockwise_100/.cache/huggingface/download/videos/observation.images.top_right/chunk-000/file-010.mp4.lock
DEBUG 2026-06-30 07:10:32 ock/_api.py:501 Attempting to acquire lock 132620748957136 on /root/.cache/huggingface/lerobot/coport-uni/FR5_task3_turn_the_sliver_air_valve_90_degress_counterclockwise_100/.cache/huggingface/download/videos/observation.images.top_right/chunk-000/file-010.mp4.lock
DEBUG 2026-06-30 07:10:32 ock/_api.py:504 Lock 132620748957136 acquired on /root/.cache/huggingface/lerobot/coport-uni/FR5_task3_turn_the_sliver_air_valve_90_degress_counterclockwise_100/.cache/huggingface/download/videos/observation.images.top_right/chunk-000/file-010.mp4.lock
DEBUG 2026-06-30 07:10:32 ock/_api.py:541 Attempting to release lock 132620748957136 on /root/.cache/huggingface/lerobot/coport-uni/FR5_task3_turn_the_sliver_air_valve_90_degress_counterclockwise_100/.cache/huggingface/download/videos/observation.images.top_right/chunk-000/file-010.mp4.lock
DEBUG 2026-06-30 07:10:32 ock/_api.py:545 Lock 132620748957136 released on /root/.cache/huggingface/lerobot/coport-uni/FR5_task3_turn_the_sliver_air_valve_90_degress_counterclockwise_100/.cache/huggingface/download/videos/observation.images.top_right/chunk-000/file-010.mp4.lock
DEBUG 2026-06-30 07:10:36 ock/_api.py:541 Attempting to release lock 132611813489456 on /root/.cache/huggingface/lerobot/coport-uni/FR5_task3_turn_the_sliver_air_valve_90_degress_counterclockwise_100/.cache/huggingface/download/videos/observation.images.top_right/chunk-000/file-012.mp4.lock
DEBUG 2026-06-30 07:10:36 ock/_api.py:545 Lock 132611813489456 released on /root/.cache/huggingface/lerobot/coport-uni/FR5_task3_turn_the_sliver_air_valve_90_degress_counterclockwise_100/.cache/huggingface/download/videos/observation.images.top_right/chunk-000/file-012.mp4.lock
DEBUG 2026-06-30 07:10:36 ock/_api.py:501 Attempting to acquire lock 132620748960160 on /root/.cache/huggingface/lerobot/coport-uni/FR5_task3_turn_the_sliver_air_valve_90_degress_counterclockwise_100/.cache/huggingface/download/videos/observation.images.top_right/chunk-000/file-012.mp4.lock
DEBUG 2026-06-30 07:10:36 ock/_api.py:504 Lock 132620748960160 acquired on /root/.cache/huggingface/lerobot/coport-uni/FR5_task3_turn_the_sliver_air_valve_90_degress_counterclockwise_100/.cache/huggingface/download/videos/observation.images.top_right/chunk-000/file-012.mp4.lock
DEBUG 2026-06-30 07:10:36 ock/_api.py:541 Attempting to release lock 132620748960160 on /root/.cache/huggingface/lerobot/coport-uni/FR5_task3_turn_the_sliver_air_valve_90_degress_counterclockwise_100/.cache/huggingface/download/videos/observation.images.top_right/chunk-000/file-012.mp4.lock
DEBUG 2026-06-30 07:10:36 ock/_api.py:545 Lock 132620748960160 released on /root/.cache/huggingface/lerobot/coport-uni/FR5_task3_turn_the_sliver_air_valve_90_degress_counterclockwise_100/.cache/huggingface/download/videos/observation.images.top_right/chunk-000/file-012.mp4.lock
DEBUG 2026-06-30 07:10:41 ock/_api.py:541 Attempting to release lock 132611813479424 on /root/.cache/huggingface/lerobot/coport-uni/FR5_task3_turn_the_sliver_air_valve_90_degress_counterclockwise_100/.cache/huggingface/download/videos/observation.images.top_right/chunk-000/file-013.mp4.lock
DEBUG 2026-06-30 07:10:41 ock/_api.py:545 Lock 132611813479424 released on /root/.cache/huggingface/lerobot/coport-uni/FR5_task3_turn_the_sliver_air_valve_90_degress_counterclockwise_100/.cache/huggingface/download/videos/observation.images.top_right/chunk-000/file-013.mp4.lock
DEBUG 2026-06-30 07:10:41 ock/_api.py:501 Attempting to acquire lock 132611813487632 on /root/.cache/huggingface/lerobot/coport-uni/FR5_task3_turn_the_sliver_air_valve_90_degress_counterclockwise_100/.cache/huggingface/download/videos/observation.images.top_right/chunk-000/file-013.mp4.lock
DEBUG 2026-06-30 07:10:41 ock/_api.py:504 Lock 132611813487632 acquired on /root/.cache/huggingface/lerobot/coport-uni/FR5_task3_turn_the_sliver_air_valve_90_degress_counterclockwise_100/.cache/huggingface/download/videos/observation.images.top_right/chunk-000/file-013.mp4.lock
DEBUG 2026-06-30 07:10:41 ock/_api.py:541 Attempting to release lock 132611813487632 on /root/.cache/huggingface/lerobot/coport-uni/FR5_task3_turn_the_sliver_air_valve_90_degress_counterclockwise_100/.cache/huggingface/download/videos/observation.images.top_right/chunk-000/file-013.mp4.lock
DEBUG 2026-06-30 07:10:41 ock/_api.py:545 Lock 132611813487632 released on /root/.cache/huggingface/lerobot/coport-uni/FR5_task3_turn_the_sliver_air_valve_90_degress_counterclockwise_100/.cache/huggingface/download/videos/observation.images.top_right/chunk-000/file-013.mp4.lock
DEBUG 2026-06-30 07:10:42 ock/_api.py:541 Attempting to release lock 132620748955024 on /root/.cache/huggingface/lerobot/coport-uni/FR5_task3_turn_the_sliver_air_valve_90_degress_counterclockwise_100/.cache/huggingface/download/videos/observation.images.top_right/chunk-000/file-011.mp4.lock
DEBUG 2026-06-30 07:10:42 ock/_api.py:545 Lock 132620748955024 released on /root/.cache/huggingface/lerobot/coport-uni/FR5_task3_turn_the_sliver_air_valve_90_degress_counterclockwise_100/.cache/huggingface/download/videos/observation.images.top_right/chunk-000/file-011.mp4.lock
DEBUG 2026-06-30 07:10:42 ock/_api.py:501 Attempting to acquire lock 132611813485520 on /root/.cache/huggingface/lerobot/coport-uni/FR5_task3_turn_the_sliver_air_valve_90_degress_counterclockwise_100/.cache/huggingface/download/videos/observation.images.top_right/chunk-000/file-011.mp4.lock
DEBUG 2026-06-30 07:10:42 ock/_api.py:504 Lock 132611813485520 acquired on /root/.cache/huggingface/lerobot/coport-uni/FR5_task3_turn_the_sliver_air_valve_90_degress_counterclockwise_100/.cache/huggingface/download/videos/observation.images.top_right/chunk-000/file-011.mp4.lock
DEBUG 2026-06-30 07:10:42 ock/_api.py:541 Attempting to release lock 132611813485520 on /root/.cache/huggingface/lerobot/coport-uni/FR5_task3_turn_the_sliver_air_valve_90_degress_counterclockwise_100/.cache/huggingface/download/videos/observation.images.top_right/chunk-000/file-011.mp4.lock
DEBUG 2026-06-30 07:10:42 ock/_api.py:545 Lock 132611813485520 released on /root/.cache/huggingface/lerobot/coport-uni/FR5_task3_turn_the_sliver_air_valve_90_degress_counterclockwise_100/.cache/huggingface/download/videos/observation.images.top_right/chunk-000/file-011.mp4.lock
DEBUG 2026-06-30 07:10:42 ock/_api.py:541 Attempting to release lock 132620757802048 on /root/.cache/huggingface/lerobot/coport-uni/FR5_task3_turn_the_sliver_air_valve_90_degress_counterclockwise_100/.cache/huggingface/download/videos/observation.images.top_right/chunk-000/file-009.mp4.lock
DEBUG 2026-06-30 07:10:42 ock/_api.py:545 Lock 132620757802048 released on /root/.cache/huggingface/lerobot/coport-uni/FR5_task3_turn_the_sliver_air_valve_90_degress_counterclockwise_100/.cache/huggingface/download/videos/observation.images.top_right/chunk-000/file-009.mp4.lock
DEBUG 2026-06-30 07:10:42 ock/_api.py:501 Attempting to acquire lock 132611813482064 on /root/.cache/huggingface/lerobot/coport-uni/FR5_task3_turn_the_sliver_air_valve_90_degress_counterclockwise_100/.cache/huggingface/download/videos/observation.images.top_right/chunk-000/file-009.mp4.lock
DEBUG 2026-06-30 07:10:42 ock/_api.py:504 Lock 132611813482064 acquired on /root/.cache/huggingface/lerobot/coport-uni/FR5_task3_turn_the_sliver_air_valve_90_degress_counterclockwise_100/.cache/huggingface/download/videos/observation.images.top_right/chunk-000/file-009.mp4.lock
DEBUG 2026-06-30 07:10:42 ock/_api.py:541 Attempting to release lock 132611813482064 on /root/.cache/huggingface/lerobot/coport-uni/FR5_task3_turn_the_sliver_air_valve_90_degress_counterclockwise_100/.cache/huggingface/download/videos/observation.images.top_right/chunk-000/file-009.mp4.lock
DEBUG 2026-06-30 07:10:42 ock/_api.py:545 Lock 132611813482064 released on /root/.cache/huggingface/lerobot/coport-uni/FR5_task3_turn_the_sliver_air_valve_90_degress_counterclockwise_100/.cache/huggingface/download/videos/observation.images.top_right/chunk-000/file-009.mp4.lock
DEBUG 2026-06-30 07:10:43 ock/_api.py:541 Attempting to release lock 132620758192768 on /root/.cache/huggingface/lerobot/coport-uni/FR5_task3_turn_the_sliver_air_valve_90_degress_counterclockwise_100/.cache/huggingface/download/videos/observation.images.top_right/chunk-000/file-000.mp4.lock
DEBUG 2026-06-30 07:10:43 ock/_api.py:545 Lock 132620758192768 released on /root/.cache/huggingface/lerobot/coport-uni/FR5_task3_turn_the_sliver_air_valve_90_degress_counterclockwise_100/.cache/huggingface/download/videos/observation.images.top_right/chunk-000/file-000.mp4.lock
DEBUG 2026-06-30 07:10:43 ock/_api.py:501 Attempting to acquire lock 132611813487632 on /root/.cache/huggingface/lerobot/coport-uni/FR5_task3_turn_the_sliver_air_valve_90_degress_counterclockwise_100/.cache/huggingface/download/videos/observation.images.top_right/chunk-000/file-000.mp4.lock
DEBUG 2026-06-30 07:10:43 ock/_api.py:504 Lock 132611813487632 acquired on /root/.cache/huggingface/lerobot/coport-uni/FR5_task3_turn_the_sliver_air_valve_90_degress_counterclockwise_100/.cache/huggingface/download/videos/observation.images.top_right/chunk-000/file-000.mp4.lock
DEBUG 2026-06-30 07:10:43 ock/_api.py:541 Attempting to release lock 132611813487632 on /root/.cache/huggingface/lerobot/coport-uni/FR5_task3_turn_the_sliver_air_valve_90_degress_counterclockwise_100/.cache/huggingface/download/videos/observation.images.top_right/chunk-000/file-000.mp4.lock
DEBUG 2026-06-30 07:10:43 ock/_api.py:545 Lock 132611813487632 released on /root/.cache/huggingface/lerobot/coport-uni/FR5_task3_turn_the_sliver_air_valve_90_degress_counterclockwise_100/.cache/huggingface/download/videos/observation.images.top_right/chunk-000/file-000.mp4.lock
DEBUG 2026-06-30 07:10:44 ock/_api.py:541 Attempting to release lock 132611814790432 on /root/.cache/huggingface/lerobot/coport-uni/FR5_task3_turn_the_sliver_air_valve_90_degress_counterclockwise_100/.cache/huggingface/download/videos/observation.images.top_right/chunk-000/file-007.mp4.lock
DEBUG 2026-06-30 07:10:44 ock/_api.py:545 Lock 132611814790432 released on /root/.cache/huggingface/lerobot/coport-uni/FR5_task3_turn_the_sliver_air_valve_90_degress_counterclockwise_100/.cache/huggingface/download/videos/observation.images.top_right/chunk-000/file-007.mp4.lock
DEBUG 2026-06-30 07:10:44 ock/_api.py:501 Attempting to acquire lock 132611813481824 on /root/.cache/huggingface/lerobot/coport-uni/FR5_task3_turn_the_sliver_air_valve_90_degress_counterclockwise_100/.cache/huggingface/download/videos/observation.images.top_right/chunk-000/file-007.mp4.lock
DEBUG 2026-06-30 07:10:44 ock/_api.py:504 Lock 132611813481824 acquired on /root/.cache/huggingface/lerobot/coport-uni/FR5_task3_turn_the_sliver_air_valve_90_degress_counterclockwise_100/.cache/huggingface/download/videos/observation.images.top_right/chunk-000/file-007.mp4.lock
DEBUG 2026-06-30 07:10:44 ock/_api.py:541 Attempting to release lock 132611813481824 on /root/.cache/huggingface/lerobot/coport-uni/FR5_task3_turn_the_sliver_air_valve_90_degress_counterclockwise_100/.cache/huggingface/download/videos/observation.images.top_right/chunk-000/file-007.mp4.lock
DEBUG 2026-06-30 07:10:44 ock/_api.py:545 Lock 132611813481824 released on /root/.cache/huggingface/lerobot/coport-uni/FR5_task3_turn_the_sliver_air_valve_90_degress_counterclockwise_100/.cache/huggingface/download/videos/observation.images.top_right/chunk-000/file-007.mp4.lock
DEBUG 2026-06-30 07:10:49 ock/_api.py:541 Attempting to release lock 132611814797728 on /root/.cache/huggingface/lerobot/coport-uni/FR5_task3_turn_the_sliver_air_valve_90_degress_counterclockwise_100/.cache/huggingface/download/videos/observation.images.top_right/chunk-000/file-014.mp4.lock
DEBUG 2026-06-30 07:10:49 ock/_api.py:545 Lock 132611814797728 released on /root/.cache/huggingface/lerobot/coport-uni/FR5_task3_turn_the_sliver_air_valve_90_degress_counterclockwise_100/.cache/huggingface/download/videos/observation.images.top_right/chunk-000/file-014.mp4.lock
DEBUG 2026-06-30 07:10:49 ock/_api.py:501 Attempting to acquire lock 132611813476592 on /root/.cache/huggingface/lerobot/coport-uni/FR5_task3_turn_the_sliver_air_valve_90_degress_counterclockwise_100/.cache/huggingface/download/videos/observation.images.top_right/chunk-000/file-014.mp4.lock
DEBUG 2026-06-30 07:10:49 ock/_api.py:504 Lock 132611813476592 acquired on /root/.cache/huggingface/lerobot/coport-uni/FR5_task3_turn_the_sliver_air_valve_90_degress_counterclockwise_100/.cache/huggingface/download/videos/observation.images.top_right/chunk-000/file-014.mp4.lock
DEBUG 2026-06-30 07:10:49 ock/_api.py:541 Attempting to release lock 132611813476592 on /root/.cache/huggingface/lerobot/coport-uni/FR5_task3_turn_the_sliver_air_valve_90_degress_counterclockwise_100/.cache/huggingface/download/videos/observation.images.top_right/chunk-000/file-014.mp4.lock
DEBUG 2026-06-30 07:10:49 ock/_api.py:545 Lock 132611813476592 released on /root/.cache/huggingface/lerobot/coport-uni/FR5_task3_turn_the_sliver_air_valve_90_degress_counterclockwise_100/.cache/huggingface/download/videos/observation.images.top_right/chunk-000/file-014.mp4.lock
DEBUG 2026-06-30 07:10:49 ock/_api.py:501 Attempting to acquire lock 132611814975888 on /root/.cache/huggingface/datasets/_root_.cache_huggingface_datasets_parquet_default-d50c274c0ea97d3b_0.0.0_ec3958b52035e87929642b609b5a781870321434b151a14fbe8fd5a26ff494bb.lock
DEBUG 2026-06-30 07:10:49 ock/_api.py:504 Lock 132611814975888 acquired on /root/.cache/huggingface/datasets/_root_.cache_huggingface_datasets_parquet_default-d50c274c0ea97d3b_0.0.0_ec3958b52035e87929642b609b5a781870321434b151a14fbe8fd5a26ff494bb.lock
DEBUG 2026-06-30 07:10:49 ock/_api.py:541 Attempting to release lock 132611814975888 on /root/.cache/huggingface/datasets/_root_.cache_huggingface_datasets_parquet_default-d50c274c0ea97d3b_0.0.0_ec3958b52035e87929642b609b5a781870321434b151a14fbe8fd5a26ff494bb.lock
DEBUG 2026-06-30 07:10:49 ock/_api.py:545 Lock 132611814975888 released on /root/.cache/huggingface/datasets/_root_.cache_huggingface_datasets_parquet_default-d50c274c0ea97d3b_0.0.0_ec3958b52035e87929642b609b5a781870321434b151a14fbe8fd5a26ff494bb.lock
DEBUG 2026-06-30 07:10:49 ock/_api.py:501 Attempting to acquire lock 132620757727568 on /root/.cache/huggingface/datasets/parquet/default-d50c274c0ea97d3b/0.0.0/ec3958b52035e87929642b609b5a781870321434b151a14fbe8fd5a26ff494bb_builder.lock
DEBUG 2026-06-30 07:10:49 ock/_api.py:504 Lock 132620757727568 acquired on /root/.cache/huggingface/datasets/parquet/default-d50c274c0ea97d3b/0.0.0/ec3958b52035e87929642b609b5a781870321434b151a14fbe8fd5a26ff494bb_builder.lock
DEBUG 2026-06-30 07:10:49 ns/local.py:383 open file: /root/.cache/huggingface/datasets/parquet/default-d50c274c0ea97d3b/0.0.0/ec3958b52035e87929642b609b5a781870321434b151a14fbe8fd5a26ff494bb.incomplete/parquet-train-00000-00000-of-NNNNN.arrow
DEBUG 2026-06-30 07:10:49 ock/_api.py:501 Attempting to acquire lock 132611814791536 on /root/.cache/huggingface/datasets/parquet/default-d50c274c0ea97d3b/0.0.0/ec3958b52035e87929642b609b5a781870321434b151a14fbe8fd5a26ff494bb.incomplete_info.lock
DEBUG 2026-06-30 07:10:49 ock/_api.py:504 Lock 132611814791536 acquired on /root/.cache/huggingface/datasets/parquet/default-d50c274c0ea97d3b/0.0.0/ec3958b52035e87929642b609b5a781870321434b151a14fbe8fd5a26ff494bb.incomplete_info.lock
DEBUG 2026-06-30 07:10:49 ns/local.py:383 open file: /root/.cache/huggingface/datasets/parquet/default-d50c274c0ea97d3b/0.0.0/ec3958b52035e87929642b609b5a781870321434b151a14fbe8fd5a26ff494bb.incomplete/dataset_info.json
DEBUG 2026-06-30 07:10:49 ock/_api.py:541 Attempting to release lock 132611814791536 on /root/.cache/huggingface/datasets/parquet/default-d50c274c0ea97d3b/0.0.0/ec3958b52035e87929642b609b5a781870321434b151a14fbe8fd5a26ff494bb.incomplete_info.lock
DEBUG 2026-06-30 07:10:49 ock/_api.py:545 Lock 132611814791536 released on /root/.cache/huggingface/datasets/parquet/default-d50c274c0ea97d3b/0.0.0/ec3958b52035e87929642b609b5a781870321434b151a14fbe8fd5a26ff494bb.incomplete_info.lock
DEBUG 2026-06-30 07:10:49 ock/_api.py:541 Attempting to release lock 132620757727568 on /root/.cache/huggingface/datasets/parquet/default-d50c274c0ea97d3b/0.0.0/ec3958b52035e87929642b609b5a781870321434b151a14fbe8fd5a26ff494bb_builder.lock
DEBUG 2026-06-30 07:10:49 ock/_api.py:545 Lock 132620757727568 released on /root/.cache/huggingface/datasets/parquet/default-d50c274c0ea97d3b/0.0.0/ec3958b52035e87929642b609b5a781870321434b151a14fbe8fd5a26ff494bb_builder.lock
INFO 2026-06-30 07:10:49 ot_train.py:259 Creating policy
INFO 2026-06-30 07:10:49 ot_train.py:314 Creating optimizer and scheduler
INFO 2026-06-30 07:10:49 ot_train.py:349 [1m[33mOutput dir:[0m outputs/train/FR5_task3_turn_the_sliver_air_valve_90_degress_counterclockwise_100_act_h200
INFO 2026-06-30 07:10:49 ot_train.py:356 cfg.steps=100000 (100K)
INFO 2026-06-30 07:10:49 ot_train.py:357 dataset.num_frames=71437 (71K)
INFO 2026-06-30 07:10:49 ot_train.py:358 dataset.num_episodes=100
INFO 2026-06-30 07:10:49 ot_train.py:361 Effective batch size: 248 x 2 = 496
INFO 2026-06-30 07:10:49 ot_train.py:362 num_learnable_params=51599239 (52M)
INFO 2026-06-30 07:10:49 ot_train.py:363 num_total_params=51599239 (52M)
INFO 2026-06-30 07:10:50 ot_train.py:427 Start offline training on a fixed dataset, with effective batch size: 496
DEBUG 2026-06-30 07:10:50 re/_trace.py:47 close.started
DEBUG 2026-06-30 07:10:50 re/_trace.py:47 close.complete
DEBUG 2026-06-30 07:10:50 re/_trace.py:47 close.started
DEBUG 2026-06-30 07:10:50 re/_trace.py:47 close.complete
DEBUG 2026-06-30 07:10:50 re/_trace.py:47 close.started
DEBUG 2026-06-30 07:10:50 re/_trace.py:47 close.complete
DEBUG 2026-06-30 07:10:50 re/_trace.py:47 close.started
DEBUG 2026-06-30 07:10:50 re/_trace.py:47 close.complete
DEBUG 2026-06-30 07:10:50 re/_trace.py:47 close.started
DEBUG 2026-06-30 07:10:50 re/_trace.py:47 close.complete
DEBUG 2026-06-30 07:10:50 re/_trace.py:47 close.started
DEBUG 2026-06-30 07:10:50 re/_trace.py:47 close.complete
DEBUG 2026-06-30 07:10:50 re/_trace.py:47 close.started
DEBUG 2026-06-30 07:10:50 re/_trace.py:47 close.complete
DEBUG 2026-06-30 07:10:50 re/_trace.py:47 close.started
DEBUG 2026-06-30 07:10:50 re/_trace.py:47 close.complete
