INFO 2026-06-23 14:33:33 ot_train.py:217 {'batch_size': 101,
 'checkpoint_path': None,
 'cudnn_deterministic': False,
 'dataset': {'episodes': None,
             'image_transforms': {'enable': False,
                                  'max_num_transforms': 3,
                                  'random_order': False,
                                  'tfs': {'affine': {'kwargs': {'degrees': [-5.0,
                                                                            5.0],
                                                                'translate': [0.05,
                                                                              0.05]},
                                                     'type': 'RandomAffine',
                                                     'weight': 1.0},
                                          'brightness': {'kwargs': {'brightness': [0.8,
                                                                                   1.2]},
                                                         'type': 'ColorJitter',
                                                         'weight': 1.0},
                                          'contrast': {'kwargs': {'contrast': [0.8,
                                                                               1.2]},
                                                       'type': 'ColorJitter',
                                                       'weight': 1.0},
                                          'hue': {'kwargs': {'hue': [-0.05,
                                                                     0.05]},
                                                  'type': 'ColorJitter',
                                                  'weight': 1.0},
                                          'saturation': {'kwargs': {'saturation': [0.5,
                                                                                   1.5]},
                                                         'type': 'ColorJitter',
                                                         'weight': 1.0},
                                          'sharpness': {'kwargs': {'sharpness': [0.5,
                                                                                 1.5]},
                                                        'type': 'SharpnessJitter',
                                                        'weight': 1.0}}},
             'repo_id': 'coport-uni/FR5_task1_move_the_brown_colored_glass_bottle_to_the_designated_location_200',
             'revision': None,
             'root': None,
             'streaming': False,
             'use_imagenet_stats': True,
             'video_backend': 'pyav'},
 'env': None,
 'eval': {'batch_size': 50, 'n_episodes': 50, 'use_async_envs': False},
 'eval_freq': 20000,
 'job_name': 'FR5_task1_move_the_brown_colored_glass_bottle_to_the_designated_location_200_pi05_b200',
 'log_freq': 200,
 'num_workers': 10,
 'optimizer': {'betas': [0.9, 0.95],
               'eps': 1e-08,
               'grad_clip_norm': 1.0,
               'lr': 0.00011,
               'type': 'adamw',
               'weight_decay': 1e-10},
 'output_dir': 'outputs/train/FR5_task1_move_the_brown_colored_glass_bottle_to_the_designated_location_200_pi05_b200',
 'peft': None,
 'policy': {'action_expert_variant': 'gemma_300m',
            'chunk_size': 50,
            'compile_mode': 'default',
            'compile_model': True,
            'device': 'cuda',
            'dtype': 'bfloat16',
            'empty_cameras': 0,
            'freeze_vision_encoder': False,
            'gradient_checkpointing': True,
            'image_resolution': [224, 224],
            'input_features': {},
            'license': None,
            'max_action_dim': 32,
            'max_period': 4.0,
            'max_state_dim': 32,
            'min_period': 0.004,
            'n_action_steps': 50,
            'n_obs_steps': 1,
            'normalization_mapping': {'ACTION': <NormalizationMode.MEAN_STD: 'MEAN_STD'>,
                                      'STATE': <NormalizationMode.MEAN_STD: 'MEAN_STD'>,
                                      'VISUAL': <NormalizationMode.IDENTITY: 'IDENTITY'>},
            'num_inference_steps': 10,
            'optimizer_betas': [0.9, 0.95],
            'optimizer_eps': 1e-08,
            'optimizer_grad_clip_norm': 1.0,
            'optimizer_lr': 0.00011,
            'optimizer_weight_decay': 1e-10,
            'output_features': {},
            'paligemma_variant': 'gemma_2b',
            'pretrained_path': 'models/pi05_base_v051compat',
            'private': None,
            'push_to_hub': True,
            'repo_id': 'coport-uni/FR5_task1_move_the_brown_colored_glass_bottle_to_the_designated_location_200_pi05_b200_model',
            'rtc_config': None,
            'scheduler_decay_lr': 2.5e-06,
            'scheduler_decay_steps': 30000,
            'scheduler_warmup_steps': 1000,
            'tags': None,
            'time_sampling_beta_alpha': 1.5,
            'time_sampling_beta_beta': 1.0,
            'time_sampling_offset': 0.001,
            'time_sampling_scale': 0.999,
            'tokenizer_max_length': 200,
            'train_expert_only': False,
            'type': 'pi05',
            'use_amp': False,
            'use_peft': False},
 'rabc_epsilon': 1e-06,
 'rabc_head_mode': 'sparse',
 'rabc_kappa': 0.01,
 'rabc_progress_path': None,
 'rename_map': {},
 'resume': False,
 'save_checkpoint': True,
 'save_freq': 3000,
 'scheduler': {'decay_lr': 2.5e-06,
               'num_decay_steps': 30000,
               'num_warmup_steps': 1000,
               'peak_lr': 0.00011,
               'type': 'cosine_decay_with_warmup'},
 'seed': 55,
 'steps': 30000,
 'tolerance_s': 0.1,
 'use_policy_training_preset': True,
 'use_rabc': False,
 'wandb': {'add_tags': True,
           'disable_artifact': False,
           'enable': True,
           'entity': None,
           'mode': None,
           'notes': None,
           'project': 'lerobot',
           'run_id': None}}
DEBUG 2026-06-23 14:33:33 or_events.py:64 Using selector: EpollSelector
DEBUG 2026-06-23 14:33:33 git/cmd.py:1286 Popen(['git', 'version'], cwd=/NHNHOME/WORKSPACE/26msit002_E/appeal_workspace/sungwoo/FR5ControllerVLA, stdin=None, shell=False, universal_newlines=False)
DEBUG 2026-06-23 14:33:33 git/cmd.py:1286 Popen(['git', 'version'], cwd=/NHNHOME/WORKSPACE/26msit002_E/appeal_workspace/sungwoo/FR5ControllerVLA, stdin=None, shell=False, universal_newlines=False)
DEBUG 2026-06-23 14:33:33 git/util.py:494 sys.platform='linux', git_executable='git'
DEBUG 2026-06-23 14:33:33 git/cmd.py:1286 Popen(['git', 'rev-parse', '--show-toplevel'], cwd=/NHNHOME/WORKSPACE/26msit002_E/appeal_workspace/sungwoo/FR5ControllerVLA, stdin=None, shell=False, universal_newlines=False)
DEBUG 2026-06-23 14:33:33 git/util.py:494 sys.platform='linux', git_executable='git'
DEBUG 2026-06-23 14:33:33 git/cmd.py:1286 Popen(['git', 'cat-file', '--batch-check'], cwd=/NHNHOME/WORKSPACE/26msit002_E/appeal_workspace/sungwoo/FR5ControllerVLA, stdin=<valid stream>, shell=False, universal_newlines=False)
INFO 2026-06-23 14:33:34 db_utils.py:117 [1m[34mLogs will be synced with wandb.[0m
INFO 2026-06-23 14:33:34 db_utils.py:118 Track this run --> [1m[33mhttps://wandb.ai/ohsungwoo-unist/lerobot/runs/h0dfgej5[0m
INFO 2026-06-23 14:33:34 ot_train.py:241 Creating dataset
DEBUG 2026-06-23 14:33:34 ock/_api.py:536 Attempting to acquire lock 139926244605488 on /home/appeal/.cache/huggingface/datasets/_home_appeal_.cache_huggingface_datasets_parquet_default-1c5ec0d0cc55d399_0.0.0_ec3958b52035e87929642b609b5a781870321434b151a14fbe8fd5a26ff494bb.lock
DEBUG 2026-06-23 14:33:34 ock/_api.py:539 Lock 139926244605488 acquired on /home/appeal/.cache/huggingface/datasets/_home_appeal_.cache_huggingface_datasets_parquet_default-1c5ec0d0cc55d399_0.0.0_ec3958b52035e87929642b609b5a781870321434b151a14fbe8fd5a26ff494bb.lock
DEBUG 2026-06-23 14:33:34 ns/local.py:383 open file: /home/appeal/.cache/huggingface/datasets/parquet/default-1c5ec0d0cc55d399/0.0.0/ec3958b52035e87929642b609b5a781870321434b151a14fbe8fd5a26ff494bb/dataset_info.json
DEBUG 2026-06-23 14:33:34 ock/_api.py:568 Attempting to release lock 139926244605488 on /home/appeal/.cache/huggingface/datasets/_home_appeal_.cache_huggingface_datasets_parquet_default-1c5ec0d0cc55d399_0.0.0_ec3958b52035e87929642b609b5a781870321434b151a14fbe8fd5a26ff494bb.lock
DEBUG 2026-06-23 14:33:34 ock/_api.py:572 Lock 139926244605488 released on /home/appeal/.cache/huggingface/datasets/_home_appeal_.cache_huggingface_datasets_parquet_default-1c5ec0d0cc55d399_0.0.0_ec3958b52035e87929642b609b5a781870321434b151a14fbe8fd5a26ff494bb.lock
DEBUG 2026-06-23 14:33:34 ock/_api.py:536 Attempting to acquire lock 139925479817040 on /home/appeal/.cache/huggingface/datasets/parquet/default-1c5ec0d0cc55d399/0.0.0/ec3958b52035e87929642b609b5a781870321434b151a14fbe8fd5a26ff494bb_builder.lock
DEBUG 2026-06-23 14:33:34 ock/_api.py:539 Lock 139925479817040 acquired on /home/appeal/.cache/huggingface/datasets/parquet/default-1c5ec0d0cc55d399/0.0.0/ec3958b52035e87929642b609b5a781870321434b151a14fbe8fd5a26ff494bb_builder.lock
DEBUG 2026-06-23 14:33:34 ns/local.py:383 open file: /home/appeal/.cache/huggingface/datasets/parquet/default-1c5ec0d0cc55d399/0.0.0/ec3958b52035e87929642b609b5a781870321434b151a14fbe8fd5a26ff494bb/dataset_info.json
DEBUG 2026-06-23 14:33:34 ock/_api.py:568 Attempting to release lock 139925479817040 on /home/appeal/.cache/huggingface/datasets/parquet/default-1c5ec0d0cc55d399/0.0.0/ec3958b52035e87929642b609b5a781870321434b151a14fbe8fd5a26ff494bb_builder.lock
DEBUG 2026-06-23 14:33:34 ock/_api.py:572 Lock 139925479817040 released on /home/appeal/.cache/huggingface/datasets/parquet/default-1c5ec0d0cc55d399/0.0.0/ec3958b52035e87929642b609b5a781870321434b151a14fbe8fd5a26ff494bb_builder.lock
INFO 2026-06-23 14:33:34 eo_utils.py:108 Using video codec: libsvtav1
DEBUG 2026-06-23 14:33:34 ock/_api.py:536 Attempting to acquire lock 139935405360096 on /home/appeal/.cache/huggingface/datasets/_home_appeal_.cache_huggingface_datasets_parquet_default-1c5ec0d0cc55d399_0.0.0_ec3958b52035e87929642b609b5a781870321434b151a14fbe8fd5a26ff494bb.lock
DEBUG 2026-06-23 14:33:34 ock/_api.py:539 Lock 139935405360096 acquired on /home/appeal/.cache/huggingface/datasets/_home_appeal_.cache_huggingface_datasets_parquet_default-1c5ec0d0cc55d399_0.0.0_ec3958b52035e87929642b609b5a781870321434b151a14fbe8fd5a26ff494bb.lock
DEBUG 2026-06-23 14:33:34 ns/local.py:383 open file: /home/appeal/.cache/huggingface/datasets/parquet/default-1c5ec0d0cc55d399/0.0.0/ec3958b52035e87929642b609b5a781870321434b151a14fbe8fd5a26ff494bb/dataset_info.json
DEBUG 2026-06-23 14:33:34 ock/_api.py:568 Attempting to release lock 139935405360096 on /home/appeal/.cache/huggingface/datasets/_home_appeal_.cache_huggingface_datasets_parquet_default-1c5ec0d0cc55d399_0.0.0_ec3958b52035e87929642b609b5a781870321434b151a14fbe8fd5a26ff494bb.lock
DEBUG 2026-06-23 14:33:34 ock/_api.py:572 Lock 139935405360096 released on /home/appeal/.cache/huggingface/datasets/_home_appeal_.cache_huggingface_datasets_parquet_default-1c5ec0d0cc55d399_0.0.0_ec3958b52035e87929642b609b5a781870321434b151a14fbe8fd5a26ff494bb.lock
DEBUG 2026-06-23 14:33:34 ock/_api.py:536 Attempting to acquire lock 139935384857408 on /home/appeal/.cache/huggingface/datasets/parquet/default-1c5ec0d0cc55d399/0.0.0/ec3958b52035e87929642b609b5a781870321434b151a14fbe8fd5a26ff494bb_builder.lock
DEBUG 2026-06-23 14:33:34 ock/_api.py:539 Lock 139935384857408 acquired on /home/appeal/.cache/huggingface/datasets/parquet/default-1c5ec0d0cc55d399/0.0.0/ec3958b52035e87929642b609b5a781870321434b151a14fbe8fd5a26ff494bb_builder.lock
DEBUG 2026-06-23 14:33:34 ns/local.py:383 open file: /home/appeal/.cache/huggingface/datasets/parquet/default-1c5ec0d0cc55d399/0.0.0/ec3958b52035e87929642b609b5a781870321434b151a14fbe8fd5a26ff494bb/dataset_info.json
DEBUG 2026-06-23 14:33:34 ock/_api.py:568 Attempting to release lock 139935384857408 on /home/appeal/.cache/huggingface/datasets/parquet/default-1c5ec0d0cc55d399/0.0.0/ec3958b52035e87929642b609b5a781870321434b151a14fbe8fd5a26ff494bb_builder.lock
DEBUG 2026-06-23 14:33:34 ock/_api.py:572 Lock 139935384857408 released on /home/appeal/.cache/huggingface/datasets/parquet/default-1c5ec0d0cc55d399/0.0.0/ec3958b52035e87929642b609b5a781870321434b151a14fbe8fd5a26ff494bb_builder.lock
DEBUG 2026-06-23 14:33:34 ock/_api.py:536 Attempting to acquire lock 139925522772240 on /home/appeal/.cache/huggingface/datasets/_home_appeal_.cache_huggingface_datasets_parquet_default-62b54265029e4675_0.0.0_ec3958b52035e87929642b609b5a781870321434b151a14fbe8fd5a26ff494bb.lock
DEBUG 2026-06-23 14:33:34 ock/_api.py:539 Lock 139925522772240 acquired on /home/appeal/.cache/huggingface/datasets/_home_appeal_.cache_huggingface_datasets_parquet_default-62b54265029e4675_0.0.0_ec3958b52035e87929642b609b5a781870321434b151a14fbe8fd5a26ff494bb.lock
DEBUG 2026-06-23 14:33:34 ns/local.py:383 open file: /home/appeal/.cache/huggingface/datasets/parquet/default-62b54265029e4675/0.0.0/ec3958b52035e87929642b609b5a781870321434b151a14fbe8fd5a26ff494bb/dataset_info.json
DEBUG 2026-06-23 14:33:34 ock/_api.py:568 Attempting to release lock 139925522772240 on /home/appeal/.cache/huggingface/datasets/_home_appeal_.cache_huggingface_datasets_parquet_default-62b54265029e4675_0.0.0_ec3958b52035e87929642b609b5a781870321434b151a14fbe8fd5a26ff494bb.lock
DEBUG 2026-06-23 14:33:34 ock/_api.py:572 Lock 139925522772240 released on /home/appeal/.cache/huggingface/datasets/_home_appeal_.cache_huggingface_datasets_parquet_default-62b54265029e4675_0.0.0_ec3958b52035e87929642b609b5a781870321434b151a14fbe8fd5a26ff494bb.lock
DEBUG 2026-06-23 14:33:34 ock/_api.py:536 Attempting to acquire lock 139925523263376 on /home/appeal/.cache/huggingface/datasets/parquet/default-62b54265029e4675/0.0.0/ec3958b52035e87929642b609b5a781870321434b151a14fbe8fd5a26ff494bb_builder.lock
DEBUG 2026-06-23 14:33:34 ock/_api.py:539 Lock 139925523263376 acquired on /home/appeal/.cache/huggingface/datasets/parquet/default-62b54265029e4675/0.0.0/ec3958b52035e87929642b609b5a781870321434b151a14fbe8fd5a26ff494bb_builder.lock
DEBUG 2026-06-23 14:33:34 ns/local.py:383 open file: /home/appeal/.cache/huggingface/datasets/parquet/default-62b54265029e4675/0.0.0/ec3958b52035e87929642b609b5a781870321434b151a14fbe8fd5a26ff494bb/dataset_info.json
DEBUG 2026-06-23 14:33:34 ock/_api.py:568 Attempting to release lock 139925523263376 on /home/appeal/.cache/huggingface/datasets/parquet/default-62b54265029e4675/0.0.0/ec3958b52035e87929642b609b5a781870321434b151a14fbe8fd5a26ff494bb_builder.lock
DEBUG 2026-06-23 14:33:34 ock/_api.py:572 Lock 139925523263376 released on /home/appeal/.cache/huggingface/datasets/parquet/default-62b54265029e4675/0.0.0/ec3958b52035e87929642b609b5a781870321434b151a14fbe8fd5a26ff494bb_builder.lock
INFO 2026-06-23 14:33:37 ot_train.py:259 Creating policy
INFO 2026-06-23 14:34:41 ing_pi05.py:598 Enabled gradient checkpointing for PI05Pytorch model
WARNING 2026-06-23 14:34:44 ng_pi05.py:1102 Vision embedding key might need handling: paligemma_with_expert.paligemma.model.vision_tower.vision_model.embeddings.patch_embedding.bias
WARNING 2026-06-23 14:34:44 ng_pi05.py:1102 Vision embedding key might need handling: paligemma_with_expert.paligemma.model.vision_tower.vision_model.embeddings.patch_embedding.weight
DEBUG 2026-06-23 14:35:25 re/_trace.py:47 connect_tcp.started host='huggingface.co' port=443 local_address=None timeout=10 socket_options=None
DEBUG 2026-06-23 14:35:25 re/_trace.py:47 connect_tcp.complete return_value=<httpcore._backends.sync.SyncStream object at 0x7f42cd4e0cb0>
DEBUG 2026-06-23 14:35:25 re/_trace.py:47 start_tls.started ssl_context=<ssl.SSLContext object at 0x7f42cd0739d0> server_hostname='huggingface.co' timeout=10
DEBUG 2026-06-23 14:35:25 re/_trace.py:47 start_tls.complete return_value=<httpcore._backends.sync.SyncStream object at 0x7f42cd6ae120>
DEBUG 2026-06-23 14:35:25 re/_trace.py:47 send_request_headers.started request=<Request [b'HEAD']>
DEBUG 2026-06-23 14:35:25 re/_trace.py:47 send_request_headers.complete
DEBUG 2026-06-23 14:35:25 re/_trace.py:47 send_request_body.started request=<Request [b'HEAD']>
DEBUG 2026-06-23 14:35:25 re/_trace.py:47 send_request_body.complete
DEBUG 2026-06-23 14:35:25 re/_trace.py:47 receive_response_headers.started request=<Request [b'HEAD']>
DEBUG 2026-06-23 14:35:25 re/_trace.py:47 receive_response_headers.complete return_value=(b'HTTP/1.1', 200, b'OK', [(b'Content-Type', b'text/plain; charset=utf-8'), (b'Content-Length', b'1027'), (b'Connection', b'keep-alive'), (b'Date', b'Tue, 23 Jun 2026 05:35:25 GMT'), (b'ETag', b'"b89393ba09b432265173f688b8a41a2c3c9e3e4c"'), (b'X-Powered-By', b'huggingface-moon'), (b'X-Request-Id', b'Root=1-6a3a1b1d-4a0e8d5c7201a687381edabd;5d1af495-6358-4b32-a9ba-e8648933ccc2'), (b'RateLimit', b'"resolvers";r=4999;t=197'), (b'RateLimit-Policy', b'"fixed window";"resolvers";q=5000;w=300'), (b'cross-origin-opener-policy', b'same-origin'), (b'Referrer-Policy', b'strict-origin-when-cross-origin'), (b'Access-Control-Max-Age', b'86400'), (b'Access-Control-Allow-Origin', b'https://huggingface.co'), (b'Vary', b'Origin'), (b'Access-Control-Expose-Headers', b'X-Repo-Commit,X-Request-Id,X-Error-Code,X-Error-Message,X-Total-Count,ETag,Link,Accept-Ranges,Content-Range,X-Linked-Size,X-Linked-ETag,X-Xet-Hash'), (b'X-Repo-Commit', b'35e4f46485b4d07967e7e9935bc3786aad50687c'), (b'Accept-Ranges', b'bytes'), (b'X-Hub-Cache', b'HIT'), (b'Content-Disposition', b'inline; filename*=UTF-8\'\'config.json; filename="config.json";'), (b'Content-Security-Policy', b"default-src 'none'; sandbox"), (b'X-Cache', b'Miss from cloudfront'), (b'Via', b'1.1 42bcc6b15e008993757869eb392e21d6.cloudfront.net (CloudFront)'), (b'X-Amz-Cf-Pop', b'ICN57-P5'), (b'X-Amz-Cf-Id', b'6O2kwRg4nCxQsG0M8KekfBAOla9pnnUWD2atGgHD0TWKTyyHWn9NLw==')])
INFO 2026-06-23 14:35:25 _client.py:1025 HTTP Request: HEAD https://huggingface.co/google/paligemma-3b-pt-224/resolve/main/config.json "HTTP/1.1 200 OK"
DEBUG 2026-06-23 14:35:25 re/_trace.py:47 receive_response_body.started request=<Request [b'HEAD']>
DEBUG 2026-06-23 14:35:25 re/_trace.py:47 receive_response_body.complete
DEBUG 2026-06-23 14:35:25 re/_trace.py:47 response_closed.started
DEBUG 2026-06-23 14:35:25 re/_trace.py:47 response_closed.complete
DEBUG 2026-06-23 14:35:25 re/_trace.py:47 send_request_headers.started request=<Request [b'HEAD']>
DEBUG 2026-06-23 14:35:25 re/_trace.py:47 send_request_headers.complete
DEBUG 2026-06-23 14:35:25 re/_trace.py:47 send_request_body.started request=<Request [b'HEAD']>
DEBUG 2026-06-23 14:35:25 re/_trace.py:47 send_request_body.complete
DEBUG 2026-06-23 14:35:25 re/_trace.py:47 receive_response_headers.started request=<Request [b'HEAD']>
DEBUG 2026-06-23 14:35:25 re/_trace.py:47 receive_response_headers.complete return_value=(b'HTTP/1.1', 200, b'OK', [(b'Content-Type', b'text/plain; charset=utf-8'), (b'Content-Length', b'39968'), (b'Connection', b'keep-alive'), (b'Date', b'Tue, 23 Jun 2026 05:35:25 GMT'), (b'ETag', b'"960dcec0bccc6e594d865eceb63c8078e164cfb2"'), (b'X-Powered-By', b'huggingface-moon'), (b'X-Request-Id', b'Root=1-6a3a1b1d-73f2f3ff27bf8fc02fae7289;95a7565f-c562-41c9-8aab-2ba39e6fbd29'), (b'RateLimit', b'"resolvers";r=4993;t=197'), (b'RateLimit-Policy', b'"fixed window";"resolvers";q=5000;w=300'), (b'cross-origin-opener-policy', b'same-origin'), (b'Referrer-Policy', b'strict-origin-when-cross-origin'), (b'Access-Control-Max-Age', b'86400'), (b'Access-Control-Allow-Origin', b'https://huggingface.co'), (b'Vary', b'Origin'), (b'Access-Control-Expose-Headers', b'X-Repo-Commit,X-Request-Id,X-Error-Code,X-Error-Message,X-Total-Count,ETag,Link,Accept-Ranges,Content-Range,X-Linked-Size,X-Linked-ETag,X-Xet-Hash'), (b'X-Repo-Commit', b'35e4f46485b4d07967e7e9935bc3786aad50687c'), (b'Accept-Ranges', b'bytes'), (b'X-Hub-Cache', b'HIT'), (b'Content-Disposition', b'inline; filename*=UTF-8\'\'tokenizer_config.json; filename="tokenizer_config.json";'), (b'Content-Security-Policy', b"default-src 'none'; sandbox"), (b'X-Cache', b'Miss from cloudfront'), (b'Via', b'1.1 42bcc6b15e008993757869eb392e21d6.cloudfront.net (CloudFront)'), (b'X-Amz-Cf-Pop', b'ICN57-P5'), (b'X-Amz-Cf-Id', b'y0siQ1IYb91JU_feg4ID5peszbeEw0F8aj-43dGtjoevn9T4LRnx0g==')])
INFO 2026-06-23 14:35:25 _client.py:1025 HTTP Request: HEAD https://huggingface.co/google/paligemma-3b-pt-224/resolve/main/tokenizer_config.json "HTTP/1.1 200 OK"
DEBUG 2026-06-23 14:35:25 re/_trace.py:47 receive_response_body.started request=<Request [b'HEAD']>
DEBUG 2026-06-23 14:35:25 re/_trace.py:47 receive_response_body.complete
DEBUG 2026-06-23 14:35:25 re/_trace.py:47 response_closed.started
DEBUG 2026-06-23 14:35:25 re/_trace.py:47 response_closed.complete
DEBUG 2026-06-23 14:35:25 re/_trace.py:47 send_request_headers.started request=<Request [b'GET']>
DEBUG 2026-06-23 14:35:25 re/_trace.py:47 send_request_headers.complete
DEBUG 2026-06-23 14:35:25 re/_trace.py:47 send_request_body.started request=<Request [b'GET']>
DEBUG 2026-06-23 14:35:25 re/_trace.py:47 send_request_body.complete
DEBUG 2026-06-23 14:35:25 re/_trace.py:47 receive_response_headers.started request=<Request [b'GET']>
DEBUG 2026-06-23 14:35:25 re/_trace.py:47 receive_response_headers.complete return_value=(b'HTTP/1.1', 404, b'Not Found', [(b'Content-Type', b'application/json; charset=utf-8'), (b'Content-Length', b'64'), (b'Connection', b'keep-alive'), (b'Date', b'Tue, 23 Jun 2026 05:35:25 GMT'), (b'ETag', b'W/"40-09f9IAqP13xarAhQxFS2W8rvRkM"'), (b'X-Powered-By', b'huggingface-moon'), (b'X-Request-Id', b'Root=1-6a3a1b1d-54644f44290e02521810fedf;a933681e-188f-4a04-b993-82639ead5164'), (b'RateLimit', b'"api";r=992;t=197'), (b'RateLimit-Policy', b'"fixed window";"api";q=1000;w=300'), (b'cross-origin-opener-policy', b'same-origin'), (b'Referrer-Policy', b'strict-origin-when-cross-origin'), (b'Access-Control-Max-Age', b'86400'), (b'Access-Control-Allow-Origin', b'https://huggingface.co'), (b'Vary', b'Origin'), (b'Access-Control-Expose-Headers', b'X-Repo-Commit,X-Request-Id,X-Error-Code,X-Error-Message,X-Total-Count,ETag,Link,Accept-Ranges,Content-Range,X-Linked-Size,X-Linked-ETag,X-Xet-Hash'), (b'X-Error-Code', b'EntryNotFound'), (b'X-Error-Message', b'additional_chat_templates does not exist on "main"'), (b'X-Cache', b'Error from cloudfront'), (b'Via', b'1.1 42bcc6b15e008993757869eb392e21d6.cloudfront.net (CloudFront)'), (b'X-Amz-Cf-Pop', b'ICN57-P5'), (b'X-Amz-Cf-Id', b'jS-k8qP4VwBWWv5lJtNDhW3kdicz_7rb2zormPb-fP7YsCyXmoeaAw==')])
INFO 2026-06-23 14:35:25 _client.py:1025 HTTP Request: GET https://huggingface.co/api/models/google/paligemma-3b-pt-224/tree/main/additional_chat_templates?recursive=false&expand=false "HTTP/1.1 404 Not Found"
DEBUG 2026-06-23 14:35:25 re/_trace.py:47 receive_response_body.started request=<Request [b'GET']>
DEBUG 2026-06-23 14:35:25 re/_trace.py:47 receive_response_body.complete
DEBUG 2026-06-23 14:35:25 re/_trace.py:47 response_closed.started
DEBUG 2026-06-23 14:35:25 re/_trace.py:47 response_closed.complete
DEBUG 2026-06-23 14:35:25 re/_trace.py:47 send_request_headers.started request=<Request [b'GET']>
DEBUG 2026-06-23 14:35:25 re/_trace.py:47 send_request_headers.complete
DEBUG 2026-06-23 14:35:25 re/_trace.py:47 send_request_body.started request=<Request [b'GET']>
DEBUG 2026-06-23 14:35:25 re/_trace.py:47 send_request_body.complete
DEBUG 2026-06-23 14:35:25 re/_trace.py:47 receive_response_headers.started request=<Request [b'GET']>
DEBUG 2026-06-23 14:35:26 re/_trace.py:47 receive_response_headers.complete return_value=(b'HTTP/1.1', 200, b'OK', [(b'Content-Type', b'application/json; charset=utf-8'), (b'Transfer-Encoding', b'chunked'), (b'Connection', b'keep-alive'), (b'Date', b'Tue, 23 Jun 2026 05:35:26 GMT'), (b'content-encoding', b'gzip'), (b'ETag', b'W/"9c5-q9seafptu6jJvow4apCGJpG2b2M"'), (b'X-Powered-By', b'huggingface-moon'), (b'X-Request-Id', b'Root=1-6a3a1b1e-39e177d871fff9b72a96d416;823aad14-03e7-4eb6-a5c7-e3439c933513'), (b'RateLimit', b'"api";r=986;t=196'), (b'RateLimit-Policy', b'"fixed window";"api";q=1000;w=300'), (b'cross-origin-opener-policy', b'same-origin'), (b'Referrer-Policy', b'strict-origin-when-cross-origin'), (b'Access-Control-Max-Age', b'86400'), (b'Access-Control-Allow-Origin', b'https://huggingface.co'), (b'Vary', b'Origin'), (b'vary', b'Accept-Encoding'), (b'Access-Control-Expose-Headers', b'X-Repo-Commit,X-Request-Id,X-Error-Code,X-Error-Message,X-Total-Count,ETag,Link,Accept-Ranges,Content-Range,X-Linked-Size,X-Linked-ETag,X-Xet-Hash'), (b'X-Cache', b'Miss from cloudfront'), (b'Via', b'1.1 42bcc6b15e008993757869eb392e21d6.cloudfront.net (CloudFront)'), (b'X-Amz-Cf-Pop', b'ICN57-P5'), (b'X-Amz-Cf-Id', b'56kzFm2QUVEOdzZRL__qJ-3wukuyaNOytlv5kyHtwAYYBmpFTAaigg==')])
INFO 2026-06-23 14:35:26 _client.py:1025 HTTP Request: GET https://huggingface.co/api/models/google/paligemma-3b-pt-224/tree/main?recursive=true&expand=false "HTTP/1.1 200 OK"
DEBUG 2026-06-23 14:35:26 re/_trace.py:47 receive_response_body.started request=<Request [b'GET']>
DEBUG 2026-06-23 14:35:26 re/_trace.py:47 receive_response_body.complete
DEBUG 2026-06-23 14:35:26 re/_trace.py:47 response_closed.started
DEBUG 2026-06-23 14:35:26 re/_trace.py:47 response_closed.complete
DEBUG 2026-06-23 14:35:26 re/_trace.py:47 send_request_headers.started request=<Request [b'GET']>
DEBUG 2026-06-23 14:35:26 re/_trace.py:47 send_request_headers.complete
DEBUG 2026-06-23 14:35:26 re/_trace.py:47 send_request_body.started request=<Request [b'GET']>
DEBUG 2026-06-23 14:35:26 re/_trace.py:47 send_request_body.complete
DEBUG 2026-06-23 14:35:26 re/_trace.py:47 receive_response_headers.started request=<Request [b'GET']>
DEBUG 2026-06-23 14:35:26 re/_trace.py:47 receive_response_headers.complete return_value=(b'HTTP/1.1', 200, b'OK', [(b'Content-Type', b'application/json; charset=utf-8'), (b'Transfer-Encoding', b'chunked'), (b'Connection', b'keep-alive'), (b'Date', b'Tue, 23 Jun 2026 05:35:26 GMT'), (b'content-encoding', b'gzip'), (b'ETag', b'W/"ca0-pX7u07XaalBOFlEjgdh256TdW9Q"'), (b'X-Powered-By', b'huggingface-moon'), (b'X-Request-Id', b'Root=1-6a3a1b1e-4b3bbe803c8a0ad60b0218d5;74f091a8-d31e-4399-bf9f-139a8cc59ab9'), (b'RateLimit', b'"api";r=980;t=196'), (b'RateLimit-Policy', b'"fixed window";"api";q=1000;w=300'), (b'cross-origin-opener-policy', b'same-origin'), (b'Referrer-Policy', b'strict-origin-when-cross-origin'), (b'Access-Control-Max-Age', b'86400'), (b'Access-Control-Allow-Origin', b'https://huggingface.co'), (b'Vary', b'Origin'), (b'vary', b'Accept-Encoding'), (b'Access-Control-Expose-Headers', b'X-Repo-Commit,X-Request-Id,X-Error-Code,X-Error-Message,X-Total-Count,ETag,Link,Accept-Ranges,Content-Range,X-Linked-Size,X-Linked-ETag,X-Xet-Hash'), (b'X-Cache', b'Miss from cloudfront'), (b'Via', b'1.1 42bcc6b15e008993757869eb392e21d6.cloudfront.net (CloudFront)'), (b'X-Amz-Cf-Pop', b'ICN57-P5'), (b'X-Amz-Cf-Id', b'iPYMdekyjkmgPlCL_htP6hLwN5ZrTU_K0i_uCNNNVOyEUCXhNxA-sg==')])
INFO 2026-06-23 14:35:26 _client.py:1025 HTTP Request: GET https://huggingface.co/api/models/google/paligemma-3b-pt-224 "HTTP/1.1 200 OK"
DEBUG 2026-06-23 14:35:26 re/_trace.py:47 receive_response_body.started request=<Request [b'GET']>
DEBUG 2026-06-23 14:35:26 re/_trace.py:47 receive_response_body.complete
DEBUG 2026-06-23 14:35:26 re/_trace.py:47 response_closed.started
DEBUG 2026-06-23 14:35:26 re/_trace.py:47 response_closed.complete
INFO 2026-06-23 14:35:26 ot_train.py:314 Creating optimizer and scheduler
INFO 2026-06-23 14:35:26 ot_train.py:349 [1m[33mOutput dir:[0m outputs/train/FR5_task1_move_the_brown_colored_glass_bottle_to_the_designated_location_200_pi05_b200
INFO 2026-06-23 14:35:26 ot_train.py:356 cfg.steps=30000 (30K)
INFO 2026-06-23 14:35:26 ot_train.py:357 dataset.num_frames=119190 (119K)
INFO 2026-06-23 14:35:26 ot_train.py:358 dataset.num_episodes=200
INFO 2026-06-23 14:35:26 ot_train.py:361 Effective batch size: 101 x 6 = 606
INFO 2026-06-23 14:35:26 ot_train.py:362 num_learnable_params=4143404816 (4B)
INFO 2026-06-23 14:35:26 ot_train.py:363 num_total_params=4143404816 (4B)
INFO 2026-06-23 14:35:27 ot_train.py:427 Start offline training on a fixed dataset, with effective batch size: 606
DEBUG 2026-06-23 14:35:27 re/_trace.py:47 close.started
DEBUG 2026-06-23 14:35:27 re/_trace.py:47 close.complete
DEBUG 2026-06-23 14:35:27 re/_trace.py:47 close.started
DEBUG 2026-06-23 14:35:27 re/_trace.py:47 close.complete
DEBUG 2026-06-23 14:35:27 re/_trace.py:47 close.started
DEBUG 2026-06-23 14:35:27 re/_trace.py:47 close.complete
DEBUG 2026-06-23 14:35:27 re/_trace.py:47 close.started
DEBUG 2026-06-23 14:35:27 re/_trace.py:47 close.complete
DEBUG 2026-06-23 14:35:27 re/_trace.py:47 close.started
DEBUG 2026-06-23 14:35:27 re/_trace.py:47 close.complete
DEBUG 2026-06-23 14:35:27 re/_trace.py:47 close.started
DEBUG 2026-06-23 14:35:27 re/_trace.py:47 close.complete
DEBUG 2026-06-23 14:35:27 re/_trace.py:47 close.started
DEBUG 2026-06-23 14:35:27 re/_trace.py:47 close.complete
DEBUG 2026-06-23 14:35:27 re/_trace.py:47 close.started
DEBUG 2026-06-23 14:35:27 re/_trace.py:47 close.complete
DEBUG 2026-06-23 14:35:28 re/_trace.py:47 close.started
DEBUG 2026-06-23 14:35:28 re/_trace.py:47 close.complete
DEBUG 2026-06-23 14:35:28 re/_trace.py:47 close.started
DEBUG 2026-06-23 14:35:28 re/_trace.py:47 close.complete
DEBUG 2026-06-23 14:35:52 ock/_api.py:536 Attempting to acquire lock 139901221401520 on /NHNHOME/WORKSPACE/26msit002_E/appeal_workspace/sungwoo/FR5ControllerVLA/.cache/torchinductor/locks/cf3c2y3itjriwbc3lx4pjamef6f2iyh5u7427we2pywnktc4srcq.lock
DEBUG 2026-06-23 14:35:52 ock/_api.py:551 Lock 139901221401520 not acquired on /NHNHOME/WORKSPACE/26msit002_E/appeal_workspace/sungwoo/FR5ControllerVLA/.cache/torchinductor/locks/cf3c2y3itjriwbc3lx4pjamef6f2iyh5u7427we2pywnktc4srcq.lock, waiting 0.05 seconds ...
DEBUG 2026-06-23 14:35:52 ock/_api.py:536 Attempting to acquire lock 139901221401520 on /NHNHOME/WORKSPACE/26msit002_E/appeal_workspace/sungwoo/FR5ControllerVLA/.cache/torchinductor/locks/cf3c2y3itjriwbc3lx4pjamef6f2iyh5u7427we2pywnktc4srcq.lock
DEBUG 2026-06-23 14:35:52 ock/_api.py:551 Lock 139901221401520 not acquired on /NHNHOME/WORKSPACE/26msit002_E/appeal_workspace/sungwoo/FR5ControllerVLA/.cache/torchinductor/locks/cf3c2y3itjriwbc3lx4pjamef6f2iyh5u7427we2pywnktc4srcq.lock, waiting 0.05 seconds ...
DEBUG 2026-06-23 14:35:52 ock/_api.py:536 Attempting to acquire lock 139901221401520 on /NHNHOME/WORKSPACE/26msit002_E/appeal_workspace/sungwoo/FR5ControllerVLA/.cache/torchinductor/locks/cf3c2y3itjriwbc3lx4pjamef6f2iyh5u7427we2pywnktc4srcq.lock
DEBUG 2026-06-23 14:35:52 ock/_api.py:551 Lock 139901221401520 not acquired on /NHNHOME/WORKSPACE/26msit002_E/appeal_workspace/sungwoo/FR5ControllerVLA/.cache/torchinductor/locks/cf3c2y3itjriwbc3lx4pjamef6f2iyh5u7427we2pywnktc4srcq.lock, waiting 0.05 seconds ...
DEBUG 2026-06-23 14:35:52 ock/_api.py:536 Attempting to acquire lock 139901221401520 on /NHNHOME/WORKSPACE/26msit002_E/appeal_workspace/sungwoo/FR5ControllerVLA/.cache/torchinductor/locks/cf3c2y3itjriwbc3lx4pjamef6f2iyh5u7427we2pywnktc4srcq.lock
DEBUG 2026-06-23 14:35:52 ock/_api.py:551 Lock 139901221401520 not acquired on /NHNHOME/WORKSPACE/26msit002_E/appeal_workspace/sungwoo/FR5ControllerVLA/.cache/torchinductor/locks/cf3c2y3itjriwbc3lx4pjamef6f2iyh5u7427we2pywnktc4srcq.lock, waiting 0.05 seconds ...
DEBUG 2026-06-23 14:35:52 ock/_api.py:536 Attempting to acquire lock 139901221401520 on /NHNHOME/WORKSPACE/26msit002_E/appeal_workspace/sungwoo/FR5ControllerVLA/.cache/torchinductor/locks/cf3c2y3itjriwbc3lx4pjamef6f2iyh5u7427we2pywnktc4srcq.lock
DEBUG 2026-06-23 14:35:52 ock/_api.py:551 Lock 139901221401520 not acquired on /NHNHOME/WORKSPACE/26msit002_E/appeal_workspace/sungwoo/FR5ControllerVLA/.cache/torchinductor/locks/cf3c2y3itjriwbc3lx4pjamef6f2iyh5u7427we2pywnktc4srcq.lock, waiting 0.05 seconds ...
DEBUG 2026-06-23 14:35:52 ock/_api.py:536 Attempting to acquire lock 139901221401520 on /NHNHOME/WORKSPACE/26msit002_E/appeal_workspace/sungwoo/FR5ControllerVLA/.cache/torchinductor/locks/cf3c2y3itjriwbc3lx4pjamef6f2iyh5u7427we2pywnktc4srcq.lock
DEBUG 2026-06-23 14:35:52 ock/_api.py:551 Lock 139901221401520 not acquired on /NHNHOME/WORKSPACE/26msit002_E/appeal_workspace/sungwoo/FR5ControllerVLA/.cache/torchinductor/locks/cf3c2y3itjriwbc3lx4pjamef6f2iyh5u7427we2pywnktc4srcq.lock, waiting 0.05 seconds ...
DEBUG 2026-06-23 14:35:52 ock/_api.py:536 Attempting to acquire lock 139901221401520 on /NHNHOME/WORKSPACE/26msit002_E/appeal_workspace/sungwoo/FR5ControllerVLA/.cache/torchinductor/locks/cf3c2y3itjriwbc3lx4pjamef6f2iyh5u7427we2pywnktc4srcq.lock
DEBUG 2026-06-23 14:35:52 ock/_api.py:551 Lock 139901221401520 not acquired on /NHNHOME/WORKSPACE/26msit002_E/appeal_workspace/sungwoo/FR5ControllerVLA/.cache/torchinductor/locks/cf3c2y3itjriwbc3lx4pjamef6f2iyh5u7427we2pywnktc4srcq.lock, waiting 0.05 seconds ...
DEBUG 2026-06-23 14:35:52 ock/_api.py:536 Attempting to acquire lock 139901221401520 on /NHNHOME/WORKSPACE/26msit002_E/appeal_workspace/sungwoo/FR5ControllerVLA/.cache/torchinductor/locks/cf3c2y3itjriwbc3lx4pjamef6f2iyh5u7427we2pywnktc4srcq.lock
DEBUG 2026-06-23 14:35:52 ock/_api.py:551 Lock 139901221401520 not acquired on /NHNHOME/WORKSPACE/26msit002_E/appeal_workspace/sungwoo/FR5ControllerVLA/.cache/torchinductor/locks/cf3c2y3itjriwbc3lx4pjamef6f2iyh5u7427we2pywnktc4srcq.lock, waiting 0.05 seconds ...
DEBUG 2026-06-23 14:35:52 ock/_api.py:536 Attempting to acquire lock 139901221401520 on /NHNHOME/WORKSPACE/26msit002_E/appeal_workspace/sungwoo/FR5ControllerVLA/.cache/torchinductor/locks/cf3c2y3itjriwbc3lx4pjamef6f2iyh5u7427we2pywnktc4srcq.lock
DEBUG 2026-06-23 14:35:52 ock/_api.py:551 Lock 139901221401520 not acquired on /NHNHOME/WORKSPACE/26msit002_E/appeal_workspace/sungwoo/FR5ControllerVLA/.cache/torchinductor/locks/cf3c2y3itjriwbc3lx4pjamef6f2iyh5u7427we2pywnktc4srcq.lock, waiting 0.05 seconds ...
DEBUG 2026-06-23 14:35:52 ock/_api.py:536 Attempting to acquire lock 139901221401520 on /NHNHOME/WORKSPACE/26msit002_E/appeal_workspace/sungwoo/FR5ControllerVLA/.cache/torchinductor/locks/cf3c2y3itjriwbc3lx4pjamef6f2iyh5u7427we2pywnktc4srcq.lock
DEBUG 2026-06-23 14:35:52 ock/_api.py:551 Lock 139901221401520 not acquired on /NHNHOME/WORKSPACE/26msit002_E/appeal_workspace/sungwoo/FR5ControllerVLA/.cache/torchinductor/locks/cf3c2y3itjriwbc3lx4pjamef6f2iyh5u7427we2pywnktc4srcq.lock, waiting 0.05 seconds ...
DEBUG 2026-06-23 14:35:53 ock/_api.py:536 Attempting to acquire lock 139901221401520 on /NHNHOME/WORKSPACE/26msit002_E/appeal_workspace/sungwoo/FR5ControllerVLA/.cache/torchinductor/locks/cf3c2y3itjriwbc3lx4pjamef6f2iyh5u7427we2pywnktc4srcq.lock
DEBUG 2026-06-23 14:35:53 ock/_api.py:551 Lock 139901221401520 not acquired on /NHNHOME/WORKSPACE/26msit002_E/appeal_workspace/sungwoo/FR5ControllerVLA/.cache/torchinductor/locks/cf3c2y3itjriwbc3lx4pjamef6f2iyh5u7427we2pywnktc4srcq.lock, waiting 0.05 seconds ...
DEBUG 2026-06-23 14:35:53 ock/_api.py:536 Attempting to acquire lock 139901221401520 on /NHNHOME/WORKSPACE/26msit002_E/appeal_workspace/sungwoo/FR5ControllerVLA/.cache/torchinductor/locks/cf3c2y3itjriwbc3lx4pjamef6f2iyh5u7427we2pywnktc4srcq.lock
DEBUG 2026-06-23 14:35:53 ock/_api.py:551 Lock 139901221401520 not acquired on /NHNHOME/WORKSPACE/26msit002_E/appeal_workspace/sungwoo/FR5ControllerVLA/.cache/torchinductor/locks/cf3c2y3itjriwbc3lx4pjamef6f2iyh5u7427we2pywnktc4srcq.lock, waiting 0.05 seconds ...
DEBUG 2026-06-23 14:35:53 ock/_api.py:536 Attempting to acquire lock 139901221401520 on /NHNHOME/WORKSPACE/26msit002_E/appeal_workspace/sungwoo/FR5ControllerVLA/.cache/torchinductor/locks/cf3c2y3itjriwbc3lx4pjamef6f2iyh5u7427we2pywnktc4srcq.lock
DEBUG 2026-06-23 14:35:53 ock/_api.py:551 Lock 139901221401520 not acquired on /NHNHOME/WORKSPACE/26msit002_E/appeal_workspace/sungwoo/FR5ControllerVLA/.cache/torchinductor/locks/cf3c2y3itjriwbc3lx4pjamef6f2iyh5u7427we2pywnktc4srcq.lock, waiting 0.05 seconds ...
DEBUG 2026-06-23 14:35:53 ock/_api.py:536 Attempting to acquire lock 139901221401520 on /NHNHOME/WORKSPACE/26msit002_E/appeal_workspace/sungwoo/FR5ControllerVLA/.cache/torchinductor/locks/cf3c2y3itjriwbc3lx4pjamef6f2iyh5u7427we2pywnktc4srcq.lock
DEBUG 2026-06-23 14:35:53 ock/_api.py:551 Lock 139901221401520 not acquired on /NHNHOME/WORKSPACE/26msit002_E/appeal_workspace/sungwoo/FR5ControllerVLA/.cache/torchinductor/locks/cf3c2y3itjriwbc3lx4pjamef6f2iyh5u7427we2pywnktc4srcq.lock, waiting 0.05 seconds ...
DEBUG 2026-06-23 14:35:53 ock/_api.py:536 Attempting to acquire lock 139901221401520 on /NHNHOME/WORKSPACE/26msit002_E/appeal_workspace/sungwoo/FR5ControllerVLA/.cache/torchinductor/locks/cf3c2y3itjriwbc3lx4pjamef6f2iyh5u7427we2pywnktc4srcq.lock
DEBUG 2026-06-23 14:35:53 ock/_api.py:551 Lock 139901221401520 not acquired on /NHNHOME/WORKSPACE/26msit002_E/appeal_workspace/sungwoo/FR5ControllerVLA/.cache/torchinductor/locks/cf3c2y3itjriwbc3lx4pjamef6f2iyh5u7427we2pywnktc4srcq.lock, waiting 0.05 seconds ...
DEBUG 2026-06-23 14:35:53 ock/_api.py:536 Attempting to acquire lock 139901221401520 on /NHNHOME/WORKSPACE/26msit002_E/appeal_workspace/sungwoo/FR5ControllerVLA/.cache/torchinductor/locks/cf3c2y3itjriwbc3lx4pjamef6f2iyh5u7427we2pywnktc4srcq.lock
DEBUG 2026-06-23 14:35:53 ock/_api.py:551 Lock 139901221401520 not acquired on /NHNHOME/WORKSPACE/26msit002_E/appeal_workspace/sungwoo/FR5ControllerVLA/.cache/torchinductor/locks/cf3c2y3itjriwbc3lx4pjamef6f2iyh5u7427we2pywnktc4srcq.lock, waiting 0.05 seconds ...
DEBUG 2026-06-23 14:35:53 ock/_api.py:536 Attempting to acquire lock 139901221401520 on /NHNHOME/WORKSPACE/26msit002_E/appeal_workspace/sungwoo/FR5ControllerVLA/.cache/torchinductor/locks/cf3c2y3itjriwbc3lx4pjamef6f2iyh5u7427we2pywnktc4srcq.lock
DEBUG 2026-06-23 14:35:53 ock/_api.py:551 Lock 139901221401520 not acquired on /NHNHOME/WORKSPACE/26msit002_E/appeal_workspace/sungwoo/FR5ControllerVLA/.cache/torchinductor/locks/cf3c2y3itjriwbc3lx4pjamef6f2iyh5u7427we2pywnktc4srcq.lock, waiting 0.05 seconds ...
DEBUG 2026-06-23 14:35:53 ock/_api.py:536 Attempting to acquire lock 139901221401520 on /NHNHOME/WORKSPACE/26msit002_E/appeal_workspace/sungwoo/FR5ControllerVLA/.cache/torchinductor/locks/cf3c2y3itjriwbc3lx4pjamef6f2iyh5u7427we2pywnktc4srcq.lock
DEBUG 2026-06-23 14:35:53 ock/_api.py:551 Lock 139901221401520 not acquired on /NHNHOME/WORKSPACE/26msit002_E/appeal_workspace/sungwoo/FR5ControllerVLA/.cache/torchinductor/locks/cf3c2y3itjriwbc3lx4pjamef6f2iyh5u7427we2pywnktc4srcq.lock, waiting 0.05 seconds ...
DEBUG 2026-06-23 14:35:53 ock/_api.py:536 Attempting to acquire lock 139901221401520 on /NHNHOME/WORKSPACE/26msit002_E/appeal_workspace/sungwoo/FR5ControllerVLA/.cache/torchinductor/locks/cf3c2y3itjriwbc3lx4pjamef6f2iyh5u7427we2pywnktc4srcq.lock
DEBUG 2026-06-23 14:35:53 ock/_api.py:551 Lock 139901221401520 not acquired on /NHNHOME/WORKSPACE/26msit002_E/appeal_workspace/sungwoo/FR5ControllerVLA/.cache/torchinductor/locks/cf3c2y3itjriwbc3lx4pjamef6f2iyh5u7427we2pywnktc4srcq.lock, waiting 0.05 seconds ...
DEBUG 2026-06-23 14:35:53 ock/_api.py:536 Attempting to acquire lock 139901221401520 on /NHNHOME/WORKSPACE/26msit002_E/appeal_workspace/sungwoo/FR5ControllerVLA/.cache/torchinductor/locks/cf3c2y3itjriwbc3lx4pjamef6f2iyh5u7427we2pywnktc4srcq.lock
DEBUG 2026-06-23 14:35:53 ock/_api.py:551 Lock 139901221401520 not acquired on /NHNHOME/WORKSPACE/26msit002_E/appeal_workspace/sungwoo/FR5ControllerVLA/.cache/torchinductor/locks/cf3c2y3itjriwbc3lx4pjamef6f2iyh5u7427we2pywnktc4srcq.lock, waiting 0.05 seconds ...
DEBUG 2026-06-23 14:35:53 ock/_api.py:536 Attempting to acquire lock 139901221401520 on /NHNHOME/WORKSPACE/26msit002_E/appeal_workspace/sungwoo/FR5ControllerVLA/.cache/torchinductor/locks/cf3c2y3itjriwbc3lx4pjamef6f2iyh5u7427we2pywnktc4srcq.lock
DEBUG 2026-06-23 14:35:53 ock/_api.py:551 Lock 139901221401520 not acquired on /NHNHOME/WORKSPACE/26msit002_E/appeal_workspace/sungwoo/FR5ControllerVLA/.cache/torchinductor/locks/cf3c2y3itjriwbc3lx4pjamef6f2iyh5u7427we2pywnktc4srcq.lock, waiting 0.05 seconds ...
DEBUG 2026-06-23 14:35:53 ock/_api.py:536 Attempting to acquire lock 139901221401520 on /NHNHOME/WORKSPACE/26msit002_E/appeal_workspace/sungwoo/FR5ControllerVLA/.cache/torchinductor/locks/cf3c2y3itjriwbc3lx4pjamef6f2iyh5u7427we2pywnktc4srcq.lock
DEBUG 2026-06-23 14:35:53 ock/_api.py:551 Lock 139901221401520 not acquired on /NHNHOME/WORKSPACE/26msit002_E/appeal_workspace/sungwoo/FR5ControllerVLA/.cache/torchinductor/locks/cf3c2y3itjriwbc3lx4pjamef6f2iyh5u7427we2pywnktc4srcq.lock, waiting 0.05 seconds ...
DEBUG 2026-06-23 14:35:53 ock/_api.py:536 Attempting to acquire lock 139901221401520 on /NHNHOME/WORKSPACE/26msit002_E/appeal_workspace/sungwoo/FR5ControllerVLA/.cache/torchinductor/locks/cf3c2y3itjriwbc3lx4pjamef6f2iyh5u7427we2pywnktc4srcq.lock
DEBUG 2026-06-23 14:35:53 ock/_api.py:551 Lock 139901221401520 not acquired on /NHNHOME/WORKSPACE/26msit002_E/appeal_workspace/sungwoo/FR5ControllerVLA/.cache/torchinductor/locks/cf3c2y3itjriwbc3lx4pjamef6f2iyh5u7427we2pywnktc4srcq.lock, waiting 0.05 seconds ...
DEBUG 2026-06-23 14:35:53 ock/_api.py:536 Attempting to acquire lock 139901221401520 on /NHNHOME/WORKSPACE/26msit002_E/appeal_workspace/sungwoo/FR5ControllerVLA/.cache/torchinductor/locks/cf3c2y3itjriwbc3lx4pjamef6f2iyh5u7427we2pywnktc4srcq.lock
DEBUG 2026-06-23 14:35:53 ock/_api.py:551 Lock 139901221401520 not acquired on /NHNHOME/WORKSPACE/26msit002_E/appeal_workspace/sungwoo/FR5ControllerVLA/.cache/torchinductor/locks/cf3c2y3itjriwbc3lx4pjamef6f2iyh5u7427we2pywnktc4srcq.lock, waiting 0.05 seconds ...
DEBUG 2026-06-23 14:35:53 ock/_api.py:536 Attempting to acquire lock 139901221401520 on /NHNHOME/WORKSPACE/26msit002_E/appeal_workspace/sungwoo/FR5ControllerVLA/.cache/torchinductor/locks/cf3c2y3itjriwbc3lx4pjamef6f2iyh5u7427we2pywnktc4srcq.lock
DEBUG 2026-06-23 14:35:53 ock/_api.py:551 Lock 139901221401520 not acquired on /NHNHOME/WORKSPACE/26msit002_E/appeal_workspace/sungwoo/FR5ControllerVLA/.cache/torchinductor/locks/cf3c2y3itjriwbc3lx4pjamef6f2iyh5u7427we2pywnktc4srcq.lock, waiting 0.05 seconds ...
DEBUG 2026-06-23 14:35:53 ock/_api.py:536 Attempting to acquire lock 139901221401520 on /NHNHOME/WORKSPACE/26msit002_E/appeal_workspace/sungwoo/FR5ControllerVLA/.cache/torchinductor/locks/cf3c2y3itjriwbc3lx4pjamef6f2iyh5u7427we2pywnktc4srcq.lock
DEBUG 2026-06-23 14:35:53 ock/_api.py:551 Lock 139901221401520 not acquired on /NHNHOME/WORKSPACE/26msit002_E/appeal_workspace/sungwoo/FR5ControllerVLA/.cache/torchinductor/locks/cf3c2y3itjriwbc3lx4pjamef6f2iyh5u7427we2pywnktc4srcq.lock, waiting 0.05 seconds ...
DEBUG 2026-06-23 14:35:53 ock/_api.py:536 Attempting to acquire lock 139901221401520 on /NHNHOME/WORKSPACE/26msit002_E/appeal_workspace/sungwoo/FR5ControllerVLA/.cache/torchinductor/locks/cf3c2y3itjriwbc3lx4pjamef6f2iyh5u7427we2pywnktc4srcq.lock
DEBUG 2026-06-23 14:35:53 ock/_api.py:551 Lock 139901221401520 not acquired on /NHNHOME/WORKSPACE/26msit002_E/appeal_workspace/sungwoo/FR5ControllerVLA/.cache/torchinductor/locks/cf3c2y3itjriwbc3lx4pjamef6f2iyh5u7427we2pywnktc4srcq.lock, waiting 0.05 seconds ...
DEBUG 2026-06-23 14:35:54 ock/_api.py:536 Attempting to acquire lock 139901221401520 on /NHNHOME/WORKSPACE/26msit002_E/appeal_workspace/sungwoo/FR5ControllerVLA/.cache/torchinductor/locks/cf3c2y3itjriwbc3lx4pjamef6f2iyh5u7427we2pywnktc4srcq.lock
DEBUG 2026-06-23 14:35:54 ock/_api.py:551 Lock 139901221401520 not acquired on /NHNHOME/WORKSPACE/26msit002_E/appeal_workspace/sungwoo/FR5ControllerVLA/.cache/torchinductor/locks/cf3c2y3itjriwbc3lx4pjamef6f2iyh5u7427we2pywnktc4srcq.lock, waiting 0.05 seconds ...
DEBUG 2026-06-23 14:35:54 ock/_api.py:536 Attempting to acquire lock 139901221401520 on /NHNHOME/WORKSPACE/26msit002_E/appeal_workspace/sungwoo/FR5ControllerVLA/.cache/torchinductor/locks/cf3c2y3itjriwbc3lx4pjamef6f2iyh5u7427we2pywnktc4srcq.lock
DEBUG 2026-06-23 14:35:54 ock/_api.py:551 Lock 139901221401520 not acquired on /NHNHOME/WORKSPACE/26msit002_E/appeal_workspace/sungwoo/FR5ControllerVLA/.cache/torchinductor/locks/cf3c2y3itjriwbc3lx4pjamef6f2iyh5u7427we2pywnktc4srcq.lock, waiting 0.05 seconds ...
DEBUG 2026-06-23 14:35:54 ock/_api.py:536 Attempting to acquire lock 139901221401520 on /NHNHOME/WORKSPACE/26msit002_E/appeal_workspace/sungwoo/FR5ControllerVLA/.cache/torchinductor/locks/cf3c2y3itjriwbc3lx4pjamef6f2iyh5u7427we2pywnktc4srcq.lock
DEBUG 2026-06-23 14:35:54 ock/_api.py:551 Lock 139901221401520 not acquired on /NHNHOME/WORKSPACE/26msit002_E/appeal_workspace/sungwoo/FR5ControllerVLA/.cache/torchinductor/locks/cf3c2y3itjriwbc3lx4pjamef6f2iyh5u7427we2pywnktc4srcq.lock, waiting 0.05 seconds ...
DEBUG 2026-06-23 14:35:54 ock/_api.py:536 Attempting to acquire lock 139901221401520 on /NHNHOME/WORKSPACE/26msit002_E/appeal_workspace/sungwoo/FR5ControllerVLA/.cache/torchinductor/locks/cf3c2y3itjriwbc3lx4pjamef6f2iyh5u7427we2pywnktc4srcq.lock
DEBUG 2026-06-23 14:35:54 ock/_api.py:551 Lock 139901221401520 not acquired on /NHNHOME/WORKSPACE/26msit002_E/appeal_workspace/sungwoo/FR5ControllerVLA/.cache/torchinductor/locks/cf3c2y3itjriwbc3lx4pjamef6f2iyh5u7427we2pywnktc4srcq.lock, waiting 0.05 seconds ...
DEBUG 2026-06-23 14:35:54 ock/_api.py:536 Attempting to acquire lock 139901221401520 on /NHNHOME/WORKSPACE/26msit002_E/appeal_workspace/sungwoo/FR5ControllerVLA/.cache/torchinductor/locks/cf3c2y3itjriwbc3lx4pjamef6f2iyh5u7427we2pywnktc4srcq.lock
DEBUG 2026-06-23 14:35:54 ock/_api.py:551 Lock 139901221401520 not acquired on /NHNHOME/WORKSPACE/26msit002_E/appeal_workspace/sungwoo/FR5ControllerVLA/.cache/torchinductor/locks/cf3c2y3itjriwbc3lx4pjamef6f2iyh5u7427we2pywnktc4srcq.lock, waiting 0.05 seconds ...
DEBUG 2026-06-23 14:35:54 ock/_api.py:536 Attempting to acquire lock 139901221401520 on /NHNHOME/WORKSPACE/26msit002_E/appeal_workspace/sungwoo/FR5ControllerVLA/.cache/torchinductor/locks/cf3c2y3itjriwbc3lx4pjamef6f2iyh5u7427we2pywnktc4srcq.lock
DEBUG 2026-06-23 14:35:54 ock/_api.py:551 Lock 139901221401520 not acquired on /NHNHOME/WORKSPACE/26msit002_E/appeal_workspace/sungwoo/FR5ControllerVLA/.cache/torchinductor/locks/cf3c2y3itjriwbc3lx4pjamef6f2iyh5u7427we2pywnktc4srcq.lock, waiting 0.05 seconds ...
DEBUG 2026-06-23 14:35:54 ock/_api.py:536 Attempting to acquire lock 139901221401520 on /NHNHOME/WORKSPACE/26msit002_E/appeal_workspace/sungwoo/FR5ControllerVLA/.cache/torchinductor/locks/cf3c2y3itjriwbc3lx4pjamef6f2iyh5u7427we2pywnktc4srcq.lock
DEBUG 2026-06-23 14:35:54 ock/_api.py:551 Lock 139901221401520 not acquired on /NHNHOME/WORKSPACE/26msit002_E/appeal_workspace/sungwoo/FR5ControllerVLA/.cache/torchinductor/locks/cf3c2y3itjriwbc3lx4pjamef6f2iyh5u7427we2pywnktc4srcq.lock, waiting 0.05 seconds ...
DEBUG 2026-06-23 14:35:54 ock/_api.py:536 Attempting to acquire lock 139901221401520 on /NHNHOME/WORKSPACE/26msit002_E/appeal_workspace/sungwoo/FR5ControllerVLA/.cache/torchinductor/locks/cf3c2y3itjriwbc3lx4pjamef6f2iyh5u7427we2pywnktc4srcq.lock
DEBUG 2026-06-23 14:35:54 ock/_api.py:551 Lock 139901221401520 not acquired on /NHNHOME/WORKSPACE/26msit002_E/appeal_workspace/sungwoo/FR5ControllerVLA/.cache/torchinductor/locks/cf3c2y3itjriwbc3lx4pjamef6f2iyh5u7427we2pywnktc4srcq.lock, waiting 0.05 seconds ...
DEBUG 2026-06-23 14:35:54 ock/_api.py:536 Attempting to acquire lock 139901221401520 on /NHNHOME/WORKSPACE/26msit002_E/appeal_workspace/sungwoo/FR5ControllerVLA/.cache/torchinductor/locks/cf3c2y3itjriwbc3lx4pjamef6f2iyh5u7427we2pywnktc4srcq.lock
DEBUG 2026-06-23 14:35:54 ock/_api.py:551 Lock 139901221401520 not acquired on /NHNHOME/WORKSPACE/26msit002_E/appeal_workspace/sungwoo/FR5ControllerVLA/.cache/torchinductor/locks/cf3c2y3itjriwbc3lx4pjamef6f2iyh5u7427we2pywnktc4srcq.lock, waiting 0.05 seconds ...
DEBUG 2026-06-23 14:35:54 ock/_api.py:536 Attempting to acquire lock 139901221401520 on /NHNHOME/WORKSPACE/26msit002_E/appeal_workspace/sungwoo/FR5ControllerVLA/.cache/torchinductor/locks/cf3c2y3itjriwbc3lx4pjamef6f2iyh5u7427we2pywnktc4srcq.lock
DEBUG 2026-06-23 14:35:54 ock/_api.py:551 Lock 139901221401520 not acquired on /NHNHOME/WORKSPACE/26msit002_E/appeal_workspace/sungwoo/FR5ControllerVLA/.cache/torchinductor/locks/cf3c2y3itjriwbc3lx4pjamef6f2iyh5u7427we2pywnktc4srcq.lock, waiting 0.05 seconds ...
DEBUG 2026-06-23 14:35:54 ock/_api.py:536 Attempting to acquire lock 139901221401520 on /NHNHOME/WORKSPACE/26msit002_E/appeal_workspace/sungwoo/FR5ControllerVLA/.cache/torchinductor/locks/cf3c2y3itjriwbc3lx4pjamef6f2iyh5u7427we2pywnktc4srcq.lock
DEBUG 2026-06-23 14:35:54 ock/_api.py:551 Lock 139901221401520 not acquired on /NHNHOME/WORKSPACE/26msit002_E/appeal_workspace/sungwoo/FR5ControllerVLA/.cache/torchinductor/locks/cf3c2y3itjriwbc3lx4pjamef6f2iyh5u7427we2pywnktc4srcq.lock, waiting 0.05 seconds ...
DEBUG 2026-06-23 14:35:54 ock/_api.py:536 Attempting to acquire lock 139901221401520 on /NHNHOME/WORKSPACE/26msit002_E/appeal_workspace/sungwoo/FR5ControllerVLA/.cache/torchinductor/locks/cf3c2y3itjriwbc3lx4pjamef6f2iyh5u7427we2pywnktc4srcq.lock
DEBUG 2026-06-23 14:35:54 ock/_api.py:551 Lock 139901221401520 not acquired on /NHNHOME/WORKSPACE/26msit002_E/appeal_workspace/sungwoo/FR5ControllerVLA/.cache/torchinductor/locks/cf3c2y3itjriwbc3lx4pjamef6f2iyh5u7427we2pywnktc4srcq.lock, waiting 0.05 seconds ...
DEBUG 2026-06-23 14:35:54 ock/_api.py:536 Attempting to acquire lock 139901221401520 on /NHNHOME/WORKSPACE/26msit002_E/appeal_workspace/sungwoo/FR5ControllerVLA/.cache/torchinductor/locks/cf3c2y3itjriwbc3lx4pjamef6f2iyh5u7427we2pywnktc4srcq.lock
DEBUG 2026-06-23 14:35:54 ock/_api.py:551 Lock 139901221401520 not acquired on /NHNHOME/WORKSPACE/26msit002_E/appeal_workspace/sungwoo/FR5ControllerVLA/.cache/torchinductor/locks/cf3c2y3itjriwbc3lx4pjamef6f2iyh5u7427we2pywnktc4srcq.lock, waiting 0.05 seconds ...
DEBUG 2026-06-23 14:35:54 ock/_api.py:536 Attempting to acquire lock 139901221401520 on /NHNHOME/WORKSPACE/26msit002_E/appeal_workspace/sungwoo/FR5ControllerVLA/.cache/torchinductor/locks/cf3c2y3itjriwbc3lx4pjamef6f2iyh5u7427we2pywnktc4srcq.lock
DEBUG 2026-06-23 14:35:54 ock/_api.py:551 Lock 139901221401520 not acquired on /NHNHOME/WORKSPACE/26msit002_E/appeal_workspace/sungwoo/FR5ControllerVLA/.cache/torchinductor/locks/cf3c2y3itjriwbc3lx4pjamef6f2iyh5u7427we2pywnktc4srcq.lock, waiting 0.05 seconds ...
DEBUG 2026-06-23 14:35:54 ock/_api.py:536 Attempting to acquire lock 139901221401520 on /NHNHOME/WORKSPACE/26msit002_E/appeal_workspace/sungwoo/FR5ControllerVLA/.cache/torchinductor/locks/cf3c2y3itjriwbc3lx4pjamef6f2iyh5u7427we2pywnktc4srcq.lock
DEBUG 2026-06-23 14:35:54 ock/_api.py:551 Lock 139901221401520 not acquired on /NHNHOME/WORKSPACE/26msit002_E/appeal_workspace/sungwoo/FR5ControllerVLA/.cache/torchinductor/locks/cf3c2y3itjriwbc3lx4pjamef6f2iyh5u7427we2pywnktc4srcq.lock, waiting 0.05 seconds ...
DEBUG 2026-06-23 14:35:54 ock/_api.py:536 Attempting to acquire lock 139901221401520 on /NHNHOME/WORKSPACE/26msit002_E/appeal_workspace/sungwoo/FR5ControllerVLA/.cache/torchinductor/locks/cf3c2y3itjriwbc3lx4pjamef6f2iyh5u7427we2pywnktc4srcq.lock
DEBUG 2026-06-23 14:35:54 ock/_api.py:551 Lock 139901221401520 not acquired on /NHNHOME/WORKSPACE/26msit002_E/appeal_workspace/sungwoo/FR5ControllerVLA/.cache/torchinductor/locks/cf3c2y3itjriwbc3lx4pjamef6f2iyh5u7427we2pywnktc4srcq.lock, waiting 0.05 seconds ...
DEBUG 2026-06-23 14:35:54 ock/_api.py:536 Attempting to acquire lock 139901221401520 on /NHNHOME/WORKSPACE/26msit002_E/appeal_workspace/sungwoo/FR5ControllerVLA/.cache/torchinductor/locks/cf3c2y3itjriwbc3lx4pjamef6f2iyh5u7427we2pywnktc4srcq.lock
DEBUG 2026-06-23 14:35:54 ock/_api.py:551 Lock 139901221401520 not acquired on /NHNHOME/WORKSPACE/26msit002_E/appeal_workspace/sungwoo/FR5ControllerVLA/.cache/torchinductor/locks/cf3c2y3itjriwbc3lx4pjamef6f2iyh5u7427we2pywnktc4srcq.lock, waiting 0.05 seconds ...
DEBUG 2026-06-23 14:35:54 ock/_api.py:536 Attempting to acquire lock 139901221401520 on /NHNHOME/WORKSPACE/26msit002_E/appeal_workspace/sungwoo/FR5ControllerVLA/.cache/torchinductor/locks/cf3c2y3itjriwbc3lx4pjamef6f2iyh5u7427we2pywnktc4srcq.lock
DEBUG 2026-06-23 14:35:54 ock/_api.py:551 Lock 139901221401520 not acquired on /NHNHOME/WORKSPACE/26msit002_E/appeal_workspace/sungwoo/FR5ControllerVLA/.cache/torchinductor/locks/cf3c2y3itjriwbc3lx4pjamef6f2iyh5u7427we2pywnktc4srcq.lock, waiting 0.05 seconds ...
DEBUG 2026-06-23 14:35:55 ock/_api.py:536 Attempting to acquire lock 139901221401520 on /NHNHOME/WORKSPACE/26msit002_E/appeal_workspace/sungwoo/FR5ControllerVLA/.cache/torchinductor/locks/cf3c2y3itjriwbc3lx4pjamef6f2iyh5u7427we2pywnktc4srcq.lock
DEBUG 2026-06-23 14:35:55 ock/_api.py:551 Lock 139901221401520 not acquired on /NHNHOME/WORKSPACE/26msit002_E/appeal_workspace/sungwoo/FR5ControllerVLA/.cache/torchinductor/locks/cf3c2y3itjriwbc3lx4pjamef6f2iyh5u7427we2pywnktc4srcq.lock, waiting 0.05 seconds ...
DEBUG 2026-06-23 14:35:55 ock/_api.py:536 Attempting to acquire lock 139901221401520 on /NHNHOME/WORKSPACE/26msit002_E/appeal_workspace/sungwoo/FR5ControllerVLA/.cache/torchinductor/locks/cf3c2y3itjriwbc3lx4pjamef6f2iyh5u7427we2pywnktc4srcq.lock
DEBUG 2026-06-23 14:35:55 ock/_api.py:551 Lock 139901221401520 not acquired on /NHNHOME/WORKSPACE/26msit002_E/appeal_workspace/sungwoo/FR5ControllerVLA/.cache/torchinductor/locks/cf3c2y3itjriwbc3lx4pjamef6f2iyh5u7427we2pywnktc4srcq.lock, waiting 0.05 seconds ...
DEBUG 2026-06-23 14:35:55 ock/_api.py:536 Attempting to acquire lock 139901221401520 on /NHNHOME/WORKSPACE/26msit002_E/appeal_workspace/sungwoo/FR5ControllerVLA/.cache/torchinductor/locks/cf3c2y3itjriwbc3lx4pjamef6f2iyh5u7427we2pywnktc4srcq.lock
DEBUG 2026-06-23 14:35:55 ock/_api.py:551 Lock 139901221401520 not acquired on /NHNHOME/WORKSPACE/26msit002_E/appeal_workspace/sungwoo/FR5ControllerVLA/.cache/torchinductor/locks/cf3c2y3itjriwbc3lx4pjamef6f2iyh5u7427we2pywnktc4srcq.lock, waiting 0.05 seconds ...
DEBUG 2026-06-23 14:35:55 ock/_api.py:536 Attempting to acquire lock 139901221401520 on /NHNHOME/WORKSPACE/26msit002_E/appeal_workspace/sungwoo/FR5ControllerVLA/.cache/torchinductor/locks/cf3c2y3itjriwbc3lx4pjamef6f2iyh5u7427we2pywnktc4srcq.lock
DEBUG 2026-06-23 14:35:55 ock/_api.py:551 Lock 139901221401520 not acquired on /NHNHOME/WORKSPACE/26msit002_E/appeal_workspace/sungwoo/FR5ControllerVLA/.cache/torchinductor/locks/cf3c2y3itjriwbc3lx4pjamef6f2iyh5u7427we2pywnktc4srcq.lock, waiting 0.05 seconds ...
DEBUG 2026-06-23 14:35:55 ock/_api.py:536 Attempting to acquire lock 139901221401520 on /NHNHOME/WORKSPACE/26msit002_E/appeal_workspace/sungwoo/FR5ControllerVLA/.cache/torchinductor/locks/cf3c2y3itjriwbc3lx4pjamef6f2iyh5u7427we2pywnktc4srcq.lock
DEBUG 2026-06-23 14:35:55 ock/_api.py:551 Lock 139901221401520 not acquired on /NHNHOME/WORKSPACE/26msit002_E/appeal_workspace/sungwoo/FR5ControllerVLA/.cache/torchinductor/locks/cf3c2y3itjriwbc3lx4pjamef6f2iyh5u7427we2pywnktc4srcq.lock, waiting 0.05 seconds ...
DEBUG 2026-06-23 14:35:55 ock/_api.py:536 Attempting to acquire lock 139901221401520 on /NHNHOME/WORKSPACE/26msit002_E/appeal_workspace/sungwoo/FR5ControllerVLA/.cache/torchinductor/locks/cf3c2y3itjriwbc3lx4pjamef6f2iyh5u7427we2pywnktc4srcq.lock
DEBUG 2026-06-23 14:35:55 ock/_api.py:551 Lock 139901221401520 not acquired on /NHNHOME/WORKSPACE/26msit002_E/appeal_workspace/sungwoo/FR5ControllerVLA/.cache/torchinductor/locks/cf3c2y3itjriwbc3lx4pjamef6f2iyh5u7427we2pywnktc4srcq.lock, waiting 0.05 seconds ...
DEBUG 2026-06-23 14:35:55 ock/_api.py:536 Attempting to acquire lock 139901221401520 on /NHNHOME/WORKSPACE/26msit002_E/appeal_workspace/sungwoo/FR5ControllerVLA/.cache/torchinductor/locks/cf3c2y3itjriwbc3lx4pjamef6f2iyh5u7427we2pywnktc4srcq.lock
DEBUG 2026-06-23 14:35:55 ock/_api.py:551 Lock 139901221401520 not acquired on /NHNHOME/WORKSPACE/26msit002_E/appeal_workspace/sungwoo/FR5ControllerVLA/.cache/torchinductor/locks/cf3c2y3itjriwbc3lx4pjamef6f2iyh5u7427we2pywnktc4srcq.lock, waiting 0.05 seconds ...
DEBUG 2026-06-23 14:35:55 ock/_api.py:536 Attempting to acquire lock 139901221401520 on /NHNHOME/WORKSPACE/26msit002_E/appeal_workspace/sungwoo/FR5ControllerVLA/.cache/torchinductor/locks/cf3c2y3itjriwbc3lx4pjamef6f2iyh5u7427we2pywnktc4srcq.lock
DEBUG 2026-06-23 14:35:55 ock/_api.py:551 Lock 139901221401520 not acquired on /NHNHOME/WORKSPACE/26msit002_E/appeal_workspace/sungwoo/FR5ControllerVLA/.cache/torchinductor/locks/cf3c2y3itjriwbc3lx4pjamef6f2iyh5u7427we2pywnktc4srcq.lock, waiting 0.05 seconds ...
DEBUG 2026-06-23 14:35:55 ock/_api.py:536 Attempting to acquire lock 139901221401520 on /NHNHOME/WORKSPACE/26msit002_E/appeal_workspace/sungwoo/FR5ControllerVLA/.cache/torchinductor/locks/cf3c2y3itjriwbc3lx4pjamef6f2iyh5u7427we2pywnktc4srcq.lock
DEBUG 2026-06-23 14:35:55 ock/_api.py:551 Lock 139901221401520 not acquired on /NHNHOME/WORKSPACE/26msit002_E/appeal_workspace/sungwoo/FR5ControllerVLA/.cache/torchinductor/locks/cf3c2y3itjriwbc3lx4pjamef6f2iyh5u7427we2pywnktc4srcq.lock, waiting 0.05 seconds ...
DEBUG 2026-06-23 14:35:55 ock/_api.py:536 Attempting to acquire lock 139901221401520 on /NHNHOME/WORKSPACE/26msit002_E/appeal_workspace/sungwoo/FR5ControllerVLA/.cache/torchinductor/locks/cf3c2y3itjriwbc3lx4pjamef6f2iyh5u7427we2pywnktc4srcq.lock
DEBUG 2026-06-23 14:35:55 ock/_api.py:551 Lock 139901221401520 not acquired on /NHNHOME/WORKSPACE/26msit002_E/appeal_workspace/sungwoo/FR5ControllerVLA/.cache/torchinductor/locks/cf3c2y3itjriwbc3lx4pjamef6f2iyh5u7427we2pywnktc4srcq.lock, waiting 0.05 seconds ...
DEBUG 2026-06-23 14:35:55 ock/_api.py:536 Attempting to acquire lock 139901221401520 on /NHNHOME/WORKSPACE/26msit002_E/appeal_workspace/sungwoo/FR5ControllerVLA/.cache/torchinductor/locks/cf3c2y3itjriwbc3lx4pjamef6f2iyh5u7427we2pywnktc4srcq.lock
DEBUG 2026-06-23 14:35:55 ock/_api.py:551 Lock 139901221401520 not acquired on /NHNHOME/WORKSPACE/26msit002_E/appeal_workspace/sungwoo/FR5ControllerVLA/.cache/torchinductor/locks/cf3c2y3itjriwbc3lx4pjamef6f2iyh5u7427we2pywnktc4srcq.lock, waiting 0.05 seconds ...
DEBUG 2026-06-23 14:35:55 ock/_api.py:536 Attempting to acquire lock 139901221401520 on /NHNHOME/WORKSPACE/26msit002_E/appeal_workspace/sungwoo/FR5ControllerVLA/.cache/torchinductor/locks/cf3c2y3itjriwbc3lx4pjamef6f2iyh5u7427we2pywnktc4srcq.lock
DEBUG 2026-06-23 14:35:55 ock/_api.py:551 Lock 139901221401520 not acquired on /NHNHOME/WORKSPACE/26msit002_E/appeal_workspace/sungwoo/FR5ControllerVLA/.cache/torchinductor/locks/cf3c2y3itjriwbc3lx4pjamef6f2iyh5u7427we2pywnktc4srcq.lock, waiting 0.05 seconds ...
DEBUG 2026-06-23 14:35:55 ock/_api.py:536 Attempting to acquire lock 139901221401520 on /NHNHOME/WORKSPACE/26msit002_E/appeal_workspace/sungwoo/FR5ControllerVLA/.cache/torchinductor/locks/cf3c2y3itjriwbc3lx4pjamef6f2iyh5u7427we2pywnktc4srcq.lock
DEBUG 2026-06-23 14:35:55 ock/_api.py:551 Lock 139901221401520 not acquired on /NHNHOME/WORKSPACE/26msit002_E/appeal_workspace/sungwoo/FR5ControllerVLA/.cache/torchinductor/locks/cf3c2y3itjriwbc3lx4pjamef6f2iyh5u7427we2pywnktc4srcq.lock, waiting 0.05 seconds ...
DEBUG 2026-06-23 14:35:55 ock/_api.py:536 Attempting to acquire lock 139901221401520 on /NHNHOME/WORKSPACE/26msit002_E/appeal_workspace/sungwoo/FR5ControllerVLA/.cache/torchinductor/locks/cf3c2y3itjriwbc3lx4pjamef6f2iyh5u7427we2pywnktc4srcq.lock
DEBUG 2026-06-23 14:35:55 ock/_api.py:551 Lock 139901221401520 not acquired on /NHNHOME/WORKSPACE/26msit002_E/appeal_workspace/sungwoo/FR5ControllerVLA/.cache/torchinductor/locks/cf3c2y3itjriwbc3lx4pjamef6f2iyh5u7427we2pywnktc4srcq.lock, waiting 0.05 seconds ...
DEBUG 2026-06-23 14:35:55 ock/_api.py:536 Attempting to acquire lock 139901221401520 on /NHNHOME/WORKSPACE/26msit002_E/appeal_workspace/sungwoo/FR5ControllerVLA/.cache/torchinductor/locks/cf3c2y3itjriwbc3lx4pjamef6f2iyh5u7427we2pywnktc4srcq.lock
DEBUG 2026-06-23 14:35:55 ock/_api.py:551 Lock 139901221401520 not acquired on /NHNHOME/WORKSPACE/26msit002_E/appeal_workspace/sungwoo/FR5ControllerVLA/.cache/torchinductor/locks/cf3c2y3itjriwbc3lx4pjamef6f2iyh5u7427we2pywnktc4srcq.lock, waiting 0.05 seconds ...
DEBUG 2026-06-23 14:35:55 ock/_api.py:536 Attempting to acquire lock 139901221401520 on /NHNHOME/WORKSPACE/26msit002_E/appeal_workspace/sungwoo/FR5ControllerVLA/.cache/torchinductor/locks/cf3c2y3itjriwbc3lx4pjamef6f2iyh5u7427we2pywnktc4srcq.lock
DEBUG 2026-06-23 14:35:55 ock/_api.py:551 Lock 139901221401520 not acquired on /NHNHOME/WORKSPACE/26msit002_E/appeal_workspace/sungwoo/FR5ControllerVLA/.cache/torchinductor/locks/cf3c2y3itjriwbc3lx4pjamef6f2iyh5u7427we2pywnktc4srcq.lock, waiting 0.05 seconds ...
DEBUG 2026-06-23 14:35:55 ock/_api.py:536 Attempting to acquire lock 139901221401520 on /NHNHOME/WORKSPACE/26msit002_E/appeal_workspace/sungwoo/FR5ControllerVLA/.cache/torchinductor/locks/cf3c2y3itjriwbc3lx4pjamef6f2iyh5u7427we2pywnktc4srcq.lock
DEBUG 2026-06-23 14:35:55 ock/_api.py:551 Lock 139901221401520 not acquired on /NHNHOME/WORKSPACE/26msit002_E/appeal_workspace/sungwoo/FR5ControllerVLA/.cache/torchinductor/locks/cf3c2y3itjriwbc3lx4pjamef6f2iyh5u7427we2pywnktc4srcq.lock, waiting 0.05 seconds ...
DEBUG 2026-06-23 14:35:55 ock/_api.py:536 Attempting to acquire lock 139901221401520 on /NHNHOME/WORKSPACE/26msit002_E/appeal_workspace/sungwoo/FR5ControllerVLA/.cache/torchinductor/locks/cf3c2y3itjriwbc3lx4pjamef6f2iyh5u7427we2pywnktc4srcq.lock
DEBUG 2026-06-23 14:35:55 ock/_api.py:551 Lock 139901221401520 not acquired on /NHNHOME/WORKSPACE/26msit002_E/appeal_workspace/sungwoo/FR5ControllerVLA/.cache/torchinductor/locks/cf3c2y3itjriwbc3lx4pjamef6f2iyh5u7427we2pywnktc4srcq.lock, waiting 0.05 seconds ...
DEBUG 2026-06-23 14:35:56 ock/_api.py:536 Attempting to acquire lock 139901221401520 on /NHNHOME/WORKSPACE/26msit002_E/appeal_workspace/sungwoo/FR5ControllerVLA/.cache/torchinductor/locks/cf3c2y3itjriwbc3lx4pjamef6f2iyh5u7427we2pywnktc4srcq.lock
DEBUG 2026-06-23 14:35:56 ock/_api.py:551 Lock 139901221401520 not acquired on /NHNHOME/WORKSPACE/26msit002_E/appeal_workspace/sungwoo/FR5ControllerVLA/.cache/torchinductor/locks/cf3c2y3itjriwbc3lx4pjamef6f2iyh5u7427we2pywnktc4srcq.lock, waiting 0.05 seconds ...
DEBUG 2026-06-23 14:35:56 ock/_api.py:536 Attempting to acquire lock 139901221401520 on /NHNHOME/WORKSPACE/26msit002_E/appeal_workspace/sungwoo/FR5ControllerVLA/.cache/torchinductor/locks/cf3c2y3itjriwbc3lx4pjamef6f2iyh5u7427we2pywnktc4srcq.lock
DEBUG 2026-06-23 14:35:56 ock/_api.py:551 Lock 139901221401520 not acquired on /NHNHOME/WORKSPACE/26msit002_E/appeal_workspace/sungwoo/FR5ControllerVLA/.cache/torchinductor/locks/cf3c2y3itjriwbc3lx4pjamef6f2iyh5u7427we2pywnktc4srcq.lock, waiting 0.05 seconds ...
DEBUG 2026-06-23 14:35:56 ock/_api.py:536 Attempting to acquire lock 139901221401520 on /NHNHOME/WORKSPACE/26msit002_E/appeal_workspace/sungwoo/FR5ControllerVLA/.cache/torchinductor/locks/cf3c2y3itjriwbc3lx4pjamef6f2iyh5u7427we2pywnktc4srcq.lock
DEBUG 2026-06-23 14:35:56 ock/_api.py:551 Lock 139901221401520 not acquired on /NHNHOME/WORKSPACE/26msit002_E/appeal_workspace/sungwoo/FR5ControllerVLA/.cache/torchinductor/locks/cf3c2y3itjriwbc3lx4pjamef6f2iyh5u7427we2pywnktc4srcq.lock, waiting 0.05 seconds ...
DEBUG 2026-06-23 14:35:56 ock/_api.py:536 Attempting to acquire lock 139901221401520 on /NHNHOME/WORKSPACE/26msit002_E/appeal_workspace/sungwoo/FR5ControllerVLA/.cache/torchinductor/locks/cf3c2y3itjriwbc3lx4pjamef6f2iyh5u7427we2pywnktc4srcq.lock
DEBUG 2026-06-23 14:35:56 ock/_api.py:551 Lock 139901221401520 not acquired on /NHNHOME/WORKSPACE/26msit002_E/appeal_workspace/sungwoo/FR5ControllerVLA/.cache/torchinductor/locks/cf3c2y3itjriwbc3lx4pjamef6f2iyh5u7427we2pywnktc4srcq.lock, waiting 0.05 seconds ...
DEBUG 2026-06-23 14:35:56 ock/_api.py:536 Attempting to acquire lock 139901221401520 on /NHNHOME/WORKSPACE/26msit002_E/appeal_workspace/sungwoo/FR5ControllerVLA/.cache/torchinductor/locks/cf3c2y3itjriwbc3lx4pjamef6f2iyh5u7427we2pywnktc4srcq.lock
DEBUG 2026-06-23 14:35:56 ock/_api.py:551 Lock 139901221401520 not acquired on /NHNHOME/WORKSPACE/26msit002_E/appeal_workspace/sungwoo/FR5ControllerVLA/.cache/torchinductor/locks/cf3c2y3itjriwbc3lx4pjamef6f2iyh5u7427we2pywnktc4srcq.lock, waiting 0.05 seconds ...
DEBUG 2026-06-23 14:35:56 ock/_api.py:536 Attempting to acquire lock 139901221401520 on /NHNHOME/WORKSPACE/26msit002_E/appeal_workspace/sungwoo/FR5ControllerVLA/.cache/torchinductor/locks/cf3c2y3itjriwbc3lx4pjamef6f2iyh5u7427we2pywnktc4srcq.lock
DEBUG 2026-06-23 14:35:56 ock/_api.py:551 Lock 139901221401520 not acquired on /NHNHOME/WORKSPACE/26msit002_E/appeal_workspace/sungwoo/FR5ControllerVLA/.cache/torchinductor/locks/cf3c2y3itjriwbc3lx4pjamef6f2iyh5u7427we2pywnktc4srcq.lock, waiting 0.05 seconds ...
DEBUG 2026-06-23 14:35:56 ock/_api.py:536 Attempting to acquire lock 139901221401520 on /NHNHOME/WORKSPACE/26msit002_E/appeal_workspace/sungwoo/FR5ControllerVLA/.cache/torchinductor/locks/cf3c2y3itjriwbc3lx4pjamef6f2iyh5u7427we2pywnktc4srcq.lock
DEBUG 2026-06-23 14:35:56 ock/_api.py:551 Lock 139901221401520 not acquired on /NHNHOME/WORKSPACE/26msit002_E/appeal_workspace/sungwoo/FR5ControllerVLA/.cache/torchinductor/locks/cf3c2y3itjriwbc3lx4pjamef6f2iyh5u7427we2pywnktc4srcq.lock, waiting 0.05 seconds ...
DEBUG 2026-06-23 14:35:56 ock/_api.py:536 Attempting to acquire lock 139901221401520 on /NHNHOME/WORKSPACE/26msit002_E/appeal_workspace/sungwoo/FR5ControllerVLA/.cache/torchinductor/locks/cf3c2y3itjriwbc3lx4pjamef6f2iyh5u7427we2pywnktc4srcq.lock
DEBUG 2026-06-23 14:35:56 ock/_api.py:551 Lock 139901221401520 not acquired on /NHNHOME/WORKSPACE/26msit002_E/appeal_workspace/sungwoo/FR5ControllerVLA/.cache/torchinductor/locks/cf3c2y3itjriwbc3lx4pjamef6f2iyh5u7427we2pywnktc4srcq.lock, waiting 0.05 seconds ...
DEBUG 2026-06-23 14:35:56 ock/_api.py:536 Attempting to acquire lock 139901221401520 on /NHNHOME/WORKSPACE/26msit002_E/appeal_workspace/sungwoo/FR5ControllerVLA/.cache/torchinductor/locks/cf3c2y3itjriwbc3lx4pjamef6f2iyh5u7427we2pywnktc4srcq.lock
DEBUG 2026-06-23 14:35:56 ock/_api.py:551 Lock 139901221401520 not acquired on /NHNHOME/WORKSPACE/26msit002_E/appeal_workspace/sungwoo/FR5ControllerVLA/.cache/torchinductor/locks/cf3c2y3itjriwbc3lx4pjamef6f2iyh5u7427we2pywnktc4srcq.lock, waiting 0.05 seconds ...
DEBUG 2026-06-23 14:35:56 ock/_api.py:536 Attempting to acquire lock 139901221401520 on /NHNHOME/WORKSPACE/26msit002_E/appeal_workspace/sungwoo/FR5ControllerVLA/.cache/torchinductor/locks/cf3c2y3itjriwbc3lx4pjamef6f2iyh5u7427we2pywnktc4srcq.lock
DEBUG 2026-06-23 14:35:56 ock/_api.py:551 Lock 139901221401520 not acquired on /NHNHOME/WORKSPACE/26msit002_E/appeal_workspace/sungwoo/FR5ControllerVLA/.cache/torchinductor/locks/cf3c2y3itjriwbc3lx4pjamef6f2iyh5u7427we2pywnktc4srcq.lock, waiting 0.05 seconds ...
DEBUG 2026-06-23 14:35:56 ock/_api.py:536 Attempting to acquire lock 139901221401520 on /NHNHOME/WORKSPACE/26msit002_E/appeal_workspace/sungwoo/FR5ControllerVLA/.cache/torchinductor/locks/cf3c2y3itjriwbc3lx4pjamef6f2iyh5u7427we2pywnktc4srcq.lock
DEBUG 2026-06-23 14:35:56 ock/_api.py:551 Lock 139901221401520 not acquired on /NHNHOME/WORKSPACE/26msit002_E/appeal_workspace/sungwoo/FR5ControllerVLA/.cache/torchinductor/locks/cf3c2y3itjriwbc3lx4pjamef6f2iyh5u7427we2pywnktc4srcq.lock, waiting 0.05 seconds ...
DEBUG 2026-06-23 14:35:56 ock/_api.py:536 Attempting to acquire lock 139901221401520 on /NHNHOME/WORKSPACE/26msit002_E/appeal_workspace/sungwoo/FR5ControllerVLA/.cache/torchinductor/locks/cf3c2y3itjriwbc3lx4pjamef6f2iyh5u7427we2pywnktc4srcq.lock
DEBUG 2026-06-23 14:35:56 ock/_api.py:551 Lock 139901221401520 not acquired on /NHNHOME/WORKSPACE/26msit002_E/appeal_workspace/sungwoo/FR5ControllerVLA/.cache/torchinductor/locks/cf3c2y3itjriwbc3lx4pjamef6f2iyh5u7427we2pywnktc4srcq.lock, waiting 0.05 seconds ...
DEBUG 2026-06-23 14:35:56 ock/_api.py:536 Attempting to acquire lock 139901221401520 on /NHNHOME/WORKSPACE/26msit002_E/appeal_workspace/sungwoo/FR5ControllerVLA/.cache/torchinductor/locks/cf3c2y3itjriwbc3lx4pjamef6f2iyh5u7427we2pywnktc4srcq.lock
DEBUG 2026-06-23 14:35:56 ock/_api.py:551 Lock 139901221401520 not acquired on /NHNHOME/WORKSPACE/26msit002_E/appeal_workspace/sungwoo/FR5ControllerVLA/.cache/torchinductor/locks/cf3c2y3itjriwbc3lx4pjamef6f2iyh5u7427we2pywnktc4srcq.lock, waiting 0.05 seconds ...
DEBUG 2026-06-23 14:35:56 ock/_api.py:536 Attempting to acquire lock 139901221401520 on /NHNHOME/WORKSPACE/26msit002_E/appeal_workspace/sungwoo/FR5ControllerVLA/.cache/torchinductor/locks/cf3c2y3itjriwbc3lx4pjamef6f2iyh5u7427we2pywnktc4srcq.lock
DEBUG 2026-06-23 14:35:56 ock/_api.py:551 Lock 139901221401520 not acquired on /NHNHOME/WORKSPACE/26msit002_E/appeal_workspace/sungwoo/FR5ControllerVLA/.cache/torchinductor/locks/cf3c2y3itjriwbc3lx4pjamef6f2iyh5u7427we2pywnktc4srcq.lock, waiting 0.05 seconds ...
DEBUG 2026-06-23 14:35:56 ock/_api.py:536 Attempting to acquire lock 139901221401520 on /NHNHOME/WORKSPACE/26msit002_E/appeal_workspace/sungwoo/FR5ControllerVLA/.cache/torchinductor/locks/cf3c2y3itjriwbc3lx4pjamef6f2iyh5u7427we2pywnktc4srcq.lock
DEBUG 2026-06-23 14:35:56 ock/_api.py:551 Lock 139901221401520 not acquired on /NHNHOME/WORKSPACE/26msit002_E/appeal_workspace/sungwoo/FR5ControllerVLA/.cache/torchinductor/locks/cf3c2y3itjriwbc3lx4pjamef6f2iyh5u7427we2pywnktc4srcq.lock, waiting 0.05 seconds ...
DEBUG 2026-06-23 14:35:56 ock/_api.py:536 Attempting to acquire lock 139901221401520 on /NHNHOME/WORKSPACE/26msit002_E/appeal_workspace/sungwoo/FR5ControllerVLA/.cache/torchinductor/locks/cf3c2y3itjriwbc3lx4pjamef6f2iyh5u7427we2pywnktc4srcq.lock
DEBUG 2026-06-23 14:35:56 ock/_api.py:551 Lock 139901221401520 not acquired on /NHNHOME/WORKSPACE/26msit002_E/appeal_workspace/sungwoo/FR5ControllerVLA/.cache/torchinductor/locks/cf3c2y3itjriwbc3lx4pjamef6f2iyh5u7427we2pywnktc4srcq.lock, waiting 0.05 seconds ...
DEBUG 2026-06-23 14:35:56 ock/_api.py:536 Attempting to acquire lock 139901221401520 on /NHNHOME/WORKSPACE/26msit002_E/appeal_workspace/sungwoo/FR5ControllerVLA/.cache/torchinductor/locks/cf3c2y3itjriwbc3lx4pjamef6f2iyh5u7427we2pywnktc4srcq.lock
DEBUG 2026-06-23 14:35:56 ock/_api.py:551 Lock 139901221401520 not acquired on /NHNHOME/WORKSPACE/26msit002_E/appeal_workspace/sungwoo/FR5ControllerVLA/.cache/torchinductor/locks/cf3c2y3itjriwbc3lx4pjamef6f2iyh5u7427we2pywnktc4srcq.lock, waiting 0.05 seconds ...
DEBUG 2026-06-23 14:35:56 ock/_api.py:536 Attempting to acquire lock 139901221401520 on /NHNHOME/WORKSPACE/26msit002_E/appeal_workspace/sungwoo/FR5ControllerVLA/.cache/torchinductor/locks/cf3c2y3itjriwbc3lx4pjamef6f2iyh5u7427we2pywnktc4srcq.lock
DEBUG 2026-06-23 14:35:56 ock/_api.py:551 Lock 139901221401520 not acquired on /NHNHOME/WORKSPACE/26msit002_E/appeal_workspace/sungwoo/FR5ControllerVLA/.cache/torchinductor/locks/cf3c2y3itjriwbc3lx4pjamef6f2iyh5u7427we2pywnktc4srcq.lock, waiting 0.05 seconds ...
DEBUG 2026-06-23 14:35:57 ock/_api.py:536 Attempting to acquire lock 139901221401520 on /NHNHOME/WORKSPACE/26msit002_E/appeal_workspace/sungwoo/FR5ControllerVLA/.cache/torchinductor/locks/cf3c2y3itjriwbc3lx4pjamef6f2iyh5u7427we2pywnktc4srcq.lock
DEBUG 2026-06-23 14:35:57 ock/_api.py:551 Lock 139901221401520 not acquired on /NHNHOME/WORKSPACE/26msit002_E/appeal_workspace/sungwoo/FR5ControllerVLA/.cache/torchinductor/locks/cf3c2y3itjriwbc3lx4pjamef6f2iyh5u7427we2pywnktc4srcq.lock, waiting 0.05 seconds ...
DEBUG 2026-06-23 14:35:57 ock/_api.py:536 Attempting to acquire lock 139901221401520 on /NHNHOME/WORKSPACE/26msit002_E/appeal_workspace/sungwoo/FR5ControllerVLA/.cache/torchinductor/locks/cf3c2y3itjriwbc3lx4pjamef6f2iyh5u7427we2pywnktc4srcq.lock
DEBUG 2026-06-23 14:35:57 ock/_api.py:551 Lock 139901221401520 not acquired on /NHNHOME/WORKSPACE/26msit002_E/appeal_workspace/sungwoo/FR5ControllerVLA/.cache/torchinductor/locks/cf3c2y3itjriwbc3lx4pjamef6f2iyh5u7427we2pywnktc4srcq.lock, waiting 0.05 seconds ...
DEBUG 2026-06-23 14:35:57 ock/_api.py:536 Attempting to acquire lock 139901221401520 on /NHNHOME/WORKSPACE/26msit002_E/appeal_workspace/sungwoo/FR5ControllerVLA/.cache/torchinductor/locks/cf3c2y3itjriwbc3lx4pjamef6f2iyh5u7427we2pywnktc4srcq.lock
DEBUG 2026-06-23 14:35:57 ock/_api.py:551 Lock 139901221401520 not acquired on /NHNHOME/WORKSPACE/26msit002_E/appeal_workspace/sungwoo/FR5ControllerVLA/.cache/torchinductor/locks/cf3c2y3itjriwbc3lx4pjamef6f2iyh5u7427we2pywnktc4srcq.lock, waiting 0.05 seconds ...
DEBUG 2026-06-23 14:35:57 ock/_api.py:536 Attempting to acquire lock 139901221401520 on /NHNHOME/WORKSPACE/26msit002_E/appeal_workspace/sungwoo/FR5ControllerVLA/.cache/torchinductor/locks/cf3c2y3itjriwbc3lx4pjamef6f2iyh5u7427we2pywnktc4srcq.lock
DEBUG 2026-06-23 14:35:57 ock/_api.py:551 Lock 139901221401520 not acquired on /NHNHOME/WORKSPACE/26msit002_E/appeal_workspace/sungwoo/FR5ControllerVLA/.cache/torchinductor/locks/cf3c2y3itjriwbc3lx4pjamef6f2iyh5u7427we2pywnktc4srcq.lock, waiting 0.05 seconds ...
DEBUG 2026-06-23 14:35:57 ock/_api.py:536 Attempting to acquire lock 139901221401520 on /NHNHOME/WORKSPACE/26msit002_E/appeal_workspace/sungwoo/FR5ControllerVLA/.cache/torchinductor/locks/cf3c2y3itjriwbc3lx4pjamef6f2iyh5u7427we2pywnktc4srcq.lock
DEBUG 2026-06-23 14:35:57 ock/_api.py:551 Lock 139901221401520 not acquired on /NHNHOME/WORKSPACE/26msit002_E/appeal_workspace/sungwoo/FR5ControllerVLA/.cache/torchinductor/locks/cf3c2y3itjriwbc3lx4pjamef6f2iyh5u7427we2pywnktc4srcq.lock, waiting 0.05 seconds ...
DEBUG 2026-06-23 14:35:57 ock/_api.py:536 Attempting to acquire lock 139901221401520 on /NHNHOME/WORKSPACE/26msit002_E/appeal_workspace/sungwoo/FR5ControllerVLA/.cache/torchinductor/locks/cf3c2y3itjriwbc3lx4pjamef6f2iyh5u7427we2pywnktc4srcq.lock
DEBUG 2026-06-23 14:35:57 ock/_api.py:551 Lock 139901221401520 not acquired on /NHNHOME/WORKSPACE/26msit002_E/appeal_workspace/sungwoo/FR5ControllerVLA/.cache/torchinductor/locks/cf3c2y3itjriwbc3lx4pjamef6f2iyh5u7427we2pywnktc4srcq.lock, waiting 0.05 seconds ...
DEBUG 2026-06-23 14:35:57 ock/_api.py:536 Attempting to acquire lock 139901221401520 on /NHNHOME/WORKSPACE/26msit002_E/appeal_workspace/sungwoo/FR5ControllerVLA/.cache/torchinductor/locks/cf3c2y3itjriwbc3lx4pjamef6f2iyh5u7427we2pywnktc4srcq.lock
DEBUG 2026-06-23 14:35:57 ock/_api.py:551 Lock 139901221401520 not acquired on /NHNHOME/WORKSPACE/26msit002_E/appeal_workspace/sungwoo/FR5ControllerVLA/.cache/torchinductor/locks/cf3c2y3itjriwbc3lx4pjamef6f2iyh5u7427we2pywnktc4srcq.lock, waiting 0.05 seconds ...
DEBUG 2026-06-23 14:35:57 ock/_api.py:536 Attempting to acquire lock 139901221401520 on /NHNHOME/WORKSPACE/26msit002_E/appeal_workspace/sungwoo/FR5ControllerVLA/.cache/torchinductor/locks/cf3c2y3itjriwbc3lx4pjamef6f2iyh5u7427we2pywnktc4srcq.lock
DEBUG 2026-06-23 14:35:57 ock/_api.py:551 Lock 139901221401520 not acquired on /NHNHOME/WORKSPACE/26msit002_E/appeal_workspace/sungwoo/FR5ControllerVLA/.cache/torchinductor/locks/cf3c2y3itjriwbc3lx4pjamef6f2iyh5u7427we2pywnktc4srcq.lock, waiting 0.05 seconds ...
DEBUG 2026-06-23 14:35:57 ock/_api.py:536 Attempting to acquire lock 139901221401520 on /NHNHOME/WORKSPACE/26msit002_E/appeal_workspace/sungwoo/FR5ControllerVLA/.cache/torchinductor/locks/cf3c2y3itjriwbc3lx4pjamef6f2iyh5u7427we2pywnktc4srcq.lock
DEBUG 2026-06-23 14:35:57 ock/_api.py:551 Lock 139901221401520 not acquired on /NHNHOME/WORKSPACE/26msit002_E/appeal_workspace/sungwoo/FR5ControllerVLA/.cache/torchinductor/locks/cf3c2y3itjriwbc3lx4pjamef6f2iyh5u7427we2pywnktc4srcq.lock, waiting 0.05 seconds ...
DEBUG 2026-06-23 14:35:57 ock/_api.py:536 Attempting to acquire lock 139901221401520 on /NHNHOME/WORKSPACE/26msit002_E/appeal_workspace/sungwoo/FR5ControllerVLA/.cache/torchinductor/locks/cf3c2y3itjriwbc3lx4pjamef6f2iyh5u7427we2pywnktc4srcq.lock
DEBUG 2026-06-23 14:35:57 ock/_api.py:551 Lock 139901221401520 not acquired on /NHNHOME/WORKSPACE/26msit002_E/appeal_workspace/sungwoo/FR5ControllerVLA/.cache/torchinductor/locks/cf3c2y3itjriwbc3lx4pjamef6f2iyh5u7427we2pywnktc4srcq.lock, waiting 0.05 seconds ...
DEBUG 2026-06-23 14:35:57 ock/_api.py:536 Attempting to acquire lock 139901221401520 on /NHNHOME/WORKSPACE/26msit002_E/appeal_workspace/sungwoo/FR5ControllerVLA/.cache/torchinductor/locks/cf3c2y3itjriwbc3lx4pjamef6f2iyh5u7427we2pywnktc4srcq.lock
DEBUG 2026-06-23 14:35:57 ock/_api.py:551 Lock 139901221401520 not acquired on /NHNHOME/WORKSPACE/26msit002_E/appeal_workspace/sungwoo/FR5ControllerVLA/.cache/torchinductor/locks/cf3c2y3itjriwbc3lx4pjamef6f2iyh5u7427we2pywnktc4srcq.lock, waiting 0.05 seconds ...
DEBUG 2026-06-23 14:35:57 ock/_api.py:536 Attempting to acquire lock 139901221401520 on /NHNHOME/WORKSPACE/26msit002_E/appeal_workspace/sungwoo/FR5ControllerVLA/.cache/torchinductor/locks/cf3c2y3itjriwbc3lx4pjamef6f2iyh5u7427we2pywnktc4srcq.lock
DEBUG 2026-06-23 14:35:57 ock/_api.py:551 Lock 139901221401520 not acquired on /NHNHOME/WORKSPACE/26msit002_E/appeal_workspace/sungwoo/FR5ControllerVLA/.cache/torchinductor/locks/cf3c2y3itjriwbc3lx4pjamef6f2iyh5u7427we2pywnktc4srcq.lock, waiting 0.05 seconds ...
DEBUG 2026-06-23 14:35:57 ock/_api.py:536 Attempting to acquire lock 139901221401520 on /NHNHOME/WORKSPACE/26msit002_E/appeal_workspace/sungwoo/FR5ControllerVLA/.cache/torchinductor/locks/cf3c2y3itjriwbc3lx4pjamef6f2iyh5u7427we2pywnktc4srcq.lock
DEBUG 2026-06-23 14:35:57 ock/_api.py:551 Lock 139901221401520 not acquired on /NHNHOME/WORKSPACE/26msit002_E/appeal_workspace/sungwoo/FR5ControllerVLA/.cache/torchinductor/locks/cf3c2y3itjriwbc3lx4pjamef6f2iyh5u7427we2pywnktc4srcq.lock, waiting 0.05 seconds ...
DEBUG 2026-06-23 14:35:57 ock/_api.py:536 Attempting to acquire lock 139901221401520 on /NHNHOME/WORKSPACE/26msit002_E/appeal_workspace/sungwoo/FR5ControllerVLA/.cache/torchinductor/locks/cf3c2y3itjriwbc3lx4pjamef6f2iyh5u7427we2pywnktc4srcq.lock
DEBUG 2026-06-23 14:35:57 ock/_api.py:551 Lock 139901221401520 not acquired on /NHNHOME/WORKSPACE/26msit002_E/appeal_workspace/sungwoo/FR5ControllerVLA/.cache/torchinductor/locks/cf3c2y3itjriwbc3lx4pjamef6f2iyh5u7427we2pywnktc4srcq.lock, waiting 0.05 seconds ...
DEBUG 2026-06-23 14:35:57 ock/_api.py:536 Attempting to acquire lock 139901221401520 on /NHNHOME/WORKSPACE/26msit002_E/appeal_workspace/sungwoo/FR5ControllerVLA/.cache/torchinductor/locks/cf3c2y3itjriwbc3lx4pjamef6f2iyh5u7427we2pywnktc4srcq.lock
DEBUG 2026-06-23 14:35:57 ock/_api.py:551 Lock 139901221401520 not acquired on /NHNHOME/WORKSPACE/26msit002_E/appeal_workspace/sungwoo/FR5ControllerVLA/.cache/torchinductor/locks/cf3c2y3itjriwbc3lx4pjamef6f2iyh5u7427we2pywnktc4srcq.lock, waiting 0.05 seconds ...
DEBUG 2026-06-23 14:35:57 ock/_api.py:536 Attempting to acquire lock 139901221401520 on /NHNHOME/WORKSPACE/26msit002_E/appeal_workspace/sungwoo/FR5ControllerVLA/.cache/torchinductor/locks/cf3c2y3itjriwbc3lx4pjamef6f2iyh5u7427we2pywnktc4srcq.lock
DEBUG 2026-06-23 14:35:57 ock/_api.py:551 Lock 139901221401520 not acquired on /NHNHOME/WORKSPACE/26msit002_E/appeal_workspace/sungwoo/FR5ControllerVLA/.cache/torchinductor/locks/cf3c2y3itjriwbc3lx4pjamef6f2iyh5u7427we2pywnktc4srcq.lock, waiting 0.05 seconds ...
DEBUG 2026-06-23 14:35:57 ock/_api.py:536 Attempting to acquire lock 139901221401520 on /NHNHOME/WORKSPACE/26msit002_E/appeal_workspace/sungwoo/FR5ControllerVLA/.cache/torchinductor/locks/cf3c2y3itjriwbc3lx4pjamef6f2iyh5u7427we2pywnktc4srcq.lock
DEBUG 2026-06-23 14:35:57 ock/_api.py:551 Lock 139901221401520 not acquired on /NHNHOME/WORKSPACE/26msit002_E/appeal_workspace/sungwoo/FR5ControllerVLA/.cache/torchinductor/locks/cf3c2y3itjriwbc3lx4pjamef6f2iyh5u7427we2pywnktc4srcq.lock, waiting 0.05 seconds ...
DEBUG 2026-06-23 14:35:57 ock/_api.py:536 Attempting to acquire lock 139901221401520 on /NHNHOME/WORKSPACE/26msit002_E/appeal_workspace/sungwoo/FR5ControllerVLA/.cache/torchinductor/locks/cf3c2y3itjriwbc3lx4pjamef6f2iyh5u7427we2pywnktc4srcq.lock
DEBUG 2026-06-23 14:35:57 ock/_api.py:551 Lock 139901221401520 not acquired on /NHNHOME/WORKSPACE/26msit002_E/appeal_workspace/sungwoo/FR5ControllerVLA/.cache/torchinductor/locks/cf3c2y3itjriwbc3lx4pjamef6f2iyh5u7427we2pywnktc4srcq.lock, waiting 0.05 seconds ...
DEBUG 2026-06-23 14:35:57 ock/_api.py:536 Attempting to acquire lock 139901221401520 on /NHNHOME/WORKSPACE/26msit002_E/appeal_workspace/sungwoo/FR5ControllerVLA/.cache/torchinductor/locks/cf3c2y3itjriwbc3lx4pjamef6f2iyh5u7427we2pywnktc4srcq.lock
DEBUG 2026-06-23 14:35:57 ock/_api.py:551 Lock 139901221401520 not acquired on /NHNHOME/WORKSPACE/26msit002_E/appeal_workspace/sungwoo/FR5ControllerVLA/.cache/torchinductor/locks/cf3c2y3itjriwbc3lx4pjamef6f2iyh5u7427we2pywnktc4srcq.lock, waiting 0.05 seconds ...
DEBUG 2026-06-23 14:35:58 ock/_api.py:536 Attempting to acquire lock 139901221401520 on /NHNHOME/WORKSPACE/26msit002_E/appeal_workspace/sungwoo/FR5ControllerVLA/.cache/torchinductor/locks/cf3c2y3itjriwbc3lx4pjamef6f2iyh5u7427we2pywnktc4srcq.lock
DEBUG 2026-06-23 14:35:58 ock/_api.py:551 Lock 139901221401520 not acquired on /NHNHOME/WORKSPACE/26msit002_E/appeal_workspace/sungwoo/FR5ControllerVLA/.cache/torchinductor/locks/cf3c2y3itjriwbc3lx4pjamef6f2iyh5u7427we2pywnktc4srcq.lock, waiting 0.05 seconds ...
DEBUG 2026-06-23 14:35:58 ock/_api.py:536 Attempting to acquire lock 139901221401520 on /NHNHOME/WORKSPACE/26msit002_E/appeal_workspace/sungwoo/FR5ControllerVLA/.cache/torchinductor/locks/cf3c2y3itjriwbc3lx4pjamef6f2iyh5u7427we2pywnktc4srcq.lock
DEBUG 2026-06-23 14:35:58 ock/_api.py:551 Lock 139901221401520 not acquired on /NHNHOME/WORKSPACE/26msit002_E/appeal_workspace/sungwoo/FR5ControllerVLA/.cache/torchinductor/locks/cf3c2y3itjriwbc3lx4pjamef6f2iyh5u7427we2pywnktc4srcq.lock, waiting 0.05 seconds ...
DEBUG 2026-06-23 14:35:58 ock/_api.py:536 Attempting to acquire lock 139901221401520 on /NHNHOME/WORKSPACE/26msit002_E/appeal_workspace/sungwoo/FR5ControllerVLA/.cache/torchinductor/locks/cf3c2y3itjriwbc3lx4pjamef6f2iyh5u7427we2pywnktc4srcq.lock
DEBUG 2026-06-23 14:35:58 ock/_api.py:551 Lock 139901221401520 not acquired on /NHNHOME/WORKSPACE/26msit002_E/appeal_workspace/sungwoo/FR5ControllerVLA/.cache/torchinductor/locks/cf3c2y3itjriwbc3lx4pjamef6f2iyh5u7427we2pywnktc4srcq.lock, waiting 0.05 seconds ...
DEBUG 2026-06-23 14:35:58 ock/_api.py:536 Attempting to acquire lock 139901221401520 on /NHNHOME/WORKSPACE/26msit002_E/appeal_workspace/sungwoo/FR5ControllerVLA/.cache/torchinductor/locks/cf3c2y3itjriwbc3lx4pjamef6f2iyh5u7427we2pywnktc4srcq.lock
DEBUG 2026-06-23 14:35:58 ock/_api.py:551 Lock 139901221401520 not acquired on /NHNHOME/WORKSPACE/26msit002_E/appeal_workspace/sungwoo/FR5ControllerVLA/.cache/torchinductor/locks/cf3c2y3itjriwbc3lx4pjamef6f2iyh5u7427we2pywnktc4srcq.lock, waiting 0.05 seconds ...
DEBUG 2026-06-23 14:35:58 ock/_api.py:536 Attempting to acquire lock 139901221401520 on /NHNHOME/WORKSPACE/26msit002_E/appeal_workspace/sungwoo/FR5ControllerVLA/.cache/torchinductor/locks/cf3c2y3itjriwbc3lx4pjamef6f2iyh5u7427we2pywnktc4srcq.lock
DEBUG 2026-06-23 14:35:58 ock/_api.py:551 Lock 139901221401520 not acquired on /NHNHOME/WORKSPACE/26msit002_E/appeal_workspace/sungwoo/FR5ControllerVLA/.cache/torchinductor/locks/cf3c2y3itjriwbc3lx4pjamef6f2iyh5u7427we2pywnktc4srcq.lock, waiting 0.05 seconds ...
DEBUG 2026-06-23 14:35:58 ock/_api.py:536 Attempting to acquire lock 139901221401520 on /NHNHOME/WORKSPACE/26msit002_E/appeal_workspace/sungwoo/FR5ControllerVLA/.cache/torchinductor/locks/cf3c2y3itjriwbc3lx4pjamef6f2iyh5u7427we2pywnktc4srcq.lock
DEBUG 2026-06-23 14:35:58 ock/_api.py:551 Lock 139901221401520 not acquired on /NHNHOME/WORKSPACE/26msit002_E/appeal_workspace/sungwoo/FR5ControllerVLA/.cache/torchinductor/locks/cf3c2y3itjriwbc3lx4pjamef6f2iyh5u7427we2pywnktc4srcq.lock, waiting 0.05 seconds ...
DEBUG 2026-06-23 14:35:58 ock/_api.py:536 Attempting to acquire lock 139901221401520 on /NHNHOME/WORKSPACE/26msit002_E/appeal_workspace/sungwoo/FR5ControllerVLA/.cache/torchinductor/locks/cf3c2y3itjriwbc3lx4pjamef6f2iyh5u7427we2pywnktc4srcq.lock
DEBUG 2026-06-23 14:35:58 ock/_api.py:551 Lock 139901221401520 not acquired on /NHNHOME/WORKSPACE/26msit002_E/appeal_workspace/sungwoo/FR5ControllerVLA/.cache/torchinductor/locks/cf3c2y3itjriwbc3lx4pjamef6f2iyh5u7427we2pywnktc4srcq.lock, waiting 0.05 seconds ...
DEBUG 2026-06-23 14:35:58 ock/_api.py:536 Attempting to acquire lock 139901221401520 on /NHNHOME/WORKSPACE/26msit002_E/appeal_workspace/sungwoo/FR5ControllerVLA/.cache/torchinductor/locks/cf3c2y3itjriwbc3lx4pjamef6f2iyh5u7427we2pywnktc4srcq.lock
DEBUG 2026-06-23 14:35:58 ock/_api.py:551 Lock 139901221401520 not acquired on /NHNHOME/WORKSPACE/26msit002_E/appeal_workspace/sungwoo/FR5ControllerVLA/.cache/torchinductor/locks/cf3c2y3itjriwbc3lx4pjamef6f2iyh5u7427we2pywnktc4srcq.lock, waiting 0.05 seconds ...
DEBUG 2026-06-23 14:35:58 ock/_api.py:536 Attempting to acquire lock 139901221401520 on /NHNHOME/WORKSPACE/26msit002_E/appeal_workspace/sungwoo/FR5ControllerVLA/.cache/torchinductor/locks/cf3c2y3itjriwbc3lx4pjamef6f2iyh5u7427we2pywnktc4srcq.lock
DEBUG 2026-06-23 14:35:58 ock/_api.py:551 Lock 139901221401520 not acquired on /NHNHOME/WORKSPACE/26msit002_E/appeal_workspace/sungwoo/FR5ControllerVLA/.cache/torchinductor/locks/cf3c2y3itjriwbc3lx4pjamef6f2iyh5u7427we2pywnktc4srcq.lock, waiting 0.05 seconds ...
DEBUG 2026-06-23 14:35:58 ock/_api.py:536 Attempting to acquire lock 139901221401520 on /NHNHOME/WORKSPACE/26msit002_E/appeal_workspace/sungwoo/FR5ControllerVLA/.cache/torchinductor/locks/cf3c2y3itjriwbc3lx4pjamef6f2iyh5u7427we2pywnktc4srcq.lock
DEBUG 2026-06-23 14:35:58 ock/_api.py:539 Lock 139901221401520 acquired on /NHNHOME/WORKSPACE/26msit002_E/appeal_workspace/sungwoo/FR5ControllerVLA/.cache/torchinductor/locks/cf3c2y3itjriwbc3lx4pjamef6f2iyh5u7427we2pywnktc4srcq.lock
DEBUG 2026-06-23 14:35:59 ock/_api.py:568 Attempting to release lock 139901221401520 on /NHNHOME/WORKSPACE/26msit002_E/appeal_workspace/sungwoo/FR5ControllerVLA/.cache/torchinductor/locks/cf3c2y3itjriwbc3lx4pjamef6f2iyh5u7427we2pywnktc4srcq.lock
DEBUG 2026-06-23 14:35:59 ock/_api.py:572 Lock 139901221401520 released on /NHNHOME/WORKSPACE/26msit002_E/appeal_workspace/sungwoo/FR5ControllerVLA/.cache/torchinductor/locks/cf3c2y3itjriwbc3lx4pjamef6f2iyh5u7427we2pywnktc4srcq.lock
DEBUG 2026-06-23 14:35:59 ock/_api.py:536 Attempting to acquire lock 139901223737376 on /NHNHOME/WORKSPACE/26msit002_E/appeal_workspace/sungwoo/FR5ControllerVLA/.cache/torchinductor/locks/cnqn66uwixyzuccim6bspnqfoahsve6ufksbo2mmmwnwvfye3zwq.lock
DEBUG 2026-06-23 14:35:59 ock/_api.py:539 Lock 139901223737376 acquired on /NHNHOME/WORKSPACE/26msit002_E/appeal_workspace/sungwoo/FR5ControllerVLA/.cache/torchinductor/locks/cnqn66uwixyzuccim6bspnqfoahsve6ufksbo2mmmwnwvfye3zwq.lock
DEBUG 2026-06-23 14:36:01 ock/_api.py:568 Attempting to release lock 139901223737376 on /NHNHOME/WORKSPACE/26msit002_E/appeal_workspace/sungwoo/FR5ControllerVLA/.cache/torchinductor/locks/cnqn66uwixyzuccim6bspnqfoahsve6ufksbo2mmmwnwvfye3zwq.lock
DEBUG 2026-06-23 14:36:01 ock/_api.py:572 Lock 139901223737376 released on /NHNHOME/WORKSPACE/26msit002_E/appeal_workspace/sungwoo/FR5ControllerVLA/.cache/torchinductor/locks/cnqn66uwixyzuccim6bspnqfoahsve6ufksbo2mmmwnwvfye3zwq.lock
DEBUG 2026-06-23 14:36:01 ock/_api.py:536 Attempting to acquire lock 139901223737376 on /NHNHOME/WORKSPACE/26msit002_E/appeal_workspace/sungwoo/FR5ControllerVLA/.cache/torchinductor/locks/cbuiawkcao226cm43gj2woepy52yi5beodvnkwntqpsqt3tpwl3z.lock
DEBUG 2026-06-23 14:36:01 ock/_api.py:539 Lock 139901223737376 acquired on /NHNHOME/WORKSPACE/26msit002_E/appeal_workspace/sungwoo/FR5ControllerVLA/.cache/torchinductor/locks/cbuiawkcao226cm43gj2woepy52yi5beodvnkwntqpsqt3tpwl3z.lock
DEBUG 2026-06-23 14:36:02 ock/_api.py:568 Attempting to release lock 139901223737376 on /NHNHOME/WORKSPACE/26msit002_E/appeal_workspace/sungwoo/FR5ControllerVLA/.cache/torchinductor/locks/cbuiawkcao226cm43gj2woepy52yi5beodvnkwntqpsqt3tpwl3z.lock
DEBUG 2026-06-23 14:36:02 ock/_api.py:572 Lock 139901223737376 released on /NHNHOME/WORKSPACE/26msit002_E/appeal_workspace/sungwoo/FR5ControllerVLA/.cache/torchinductor/locks/cbuiawkcao226cm43gj2woepy52yi5beodvnkwntqpsqt3tpwl3z.lock
DEBUG 2026-06-23 14:36:02 ock/_api.py:536 Attempting to acquire lock 139901223737376 on /NHNHOME/WORKSPACE/26msit002_E/appeal_workspace/sungwoo/FR5ControllerVLA/.cache/torchinductor/locks/cqzkpn554ktul6b6rfmhff45r6u4h5a3tp5juqeoaexdrr3uirbq.lock
DEBUG 2026-06-23 14:36:02 ock/_api.py:539 Lock 139901223737376 acquired on /NHNHOME/WORKSPACE/26msit002_E/appeal_workspace/sungwoo/FR5ControllerVLA/.cache/torchinductor/locks/cqzkpn554ktul6b6rfmhff45r6u4h5a3tp5juqeoaexdrr3uirbq.lock
DEBUG 2026-06-23 14:36:03 ock/_api.py:568 Attempting to release lock 139901223737376 on /NHNHOME/WORKSPACE/26msit002_E/appeal_workspace/sungwoo/FR5ControllerVLA/.cache/torchinductor/locks/cqzkpn554ktul6b6rfmhff45r6u4h5a3tp5juqeoaexdrr3uirbq.lock
DEBUG 2026-06-23 14:36:03 ock/_api.py:572 Lock 139901223737376 released on /NHNHOME/WORKSPACE/26msit002_E/appeal_workspace/sungwoo/FR5ControllerVLA/.cache/torchinductor/locks/cqzkpn554ktul6b6rfmhff45r6u4h5a3tp5juqeoaexdrr3uirbq.lock
DEBUG 2026-06-23 14:36:03 ock/_api.py:536 Attempting to acquire lock 139921367891840 on /NHNHOME/WORKSPACE/26msit002_E/appeal_workspace/sungwoo/FR5ControllerVLA/.cache/torchinductor/locks/ccu2sfwnvwsiq6x3pig35rx2vmwcqmy52w575bsrlcrs5ighvgol.lock
DEBUG 2026-06-23 14:36:03 ock/_api.py:539 Lock 139921367891840 acquired on /NHNHOME/WORKSPACE/26msit002_E/appeal_workspace/sungwoo/FR5ControllerVLA/.cache/torchinductor/locks/ccu2sfwnvwsiq6x3pig35rx2vmwcqmy52w575bsrlcrs5ighvgol.lock
DEBUG 2026-06-23 14:36:04 ock/_api.py:568 Attempting to release lock 139921367891840 on /NHNHOME/WORKSPACE/26msit002_E/appeal_workspace/sungwoo/FR5ControllerVLA/.cache/torchinductor/locks/ccu2sfwnvwsiq6x3pig35rx2vmwcqmy52w575bsrlcrs5ighvgol.lock
DEBUG 2026-06-23 14:36:04 ock/_api.py:572 Lock 139921367891840 released on /NHNHOME/WORKSPACE/26msit002_E/appeal_workspace/sungwoo/FR5ControllerVLA/.cache/torchinductor/locks/ccu2sfwnvwsiq6x3pig35rx2vmwcqmy52w575bsrlcrs5ighvgol.lock
DEBUG 2026-06-23 14:36:04 ock/_api.py:536 Attempting to acquire lock 139901211426256 on /NHNHOME/WORKSPACE/26msit002_E/appeal_workspace/sungwoo/FR5ControllerVLA/.cache/torchinductor/locks/cuxiebnh26foehyjwlpflpstp5bd5gkxcgz2kearg3pvp6bopaox.lock
DEBUG 2026-06-23 14:36:04 ock/_api.py:539 Lock 139901211426256 acquired on /NHNHOME/WORKSPACE/26msit002_E/appeal_workspace/sungwoo/FR5ControllerVLA/.cache/torchinductor/locks/cuxiebnh26foehyjwlpflpstp5bd5gkxcgz2kearg3pvp6bopaox.lock
DEBUG 2026-06-23 14:36:05 ock/_api.py:568 Attempting to release lock 139901211426256 on /NHNHOME/WORKSPACE/26msit002_E/appeal_workspace/sungwoo/FR5ControllerVLA/.cache/torchinductor/locks/cuxiebnh26foehyjwlpflpstp5bd5gkxcgz2kearg3pvp6bopaox.lock
DEBUG 2026-06-23 14:36:05 ock/_api.py:572 Lock 139901211426256 released on /NHNHOME/WORKSPACE/26msit002_E/appeal_workspace/sungwoo/FR5ControllerVLA/.cache/torchinductor/locks/cuxiebnh26foehyjwlpflpstp5bd5gkxcgz2kearg3pvp6bopaox.lock
DEBUG 2026-06-23 14:36:06 ock/_api.py:536 Attempting to acquire lock 139901221397392 on /tmp/torchinductor_appeal/precompiled_headers/locks/c7k2hxkfozjikth4grj3pzrz3pbnkked426ant2x24sdnwmaamxl.lock
DEBUG 2026-06-23 14:36:06 ock/_api.py:539 Lock 139901221397392 acquired on /tmp/torchinductor_appeal/precompiled_headers/locks/c7k2hxkfozjikth4grj3pzrz3pbnkked426ant2x24sdnwmaamxl.lock
DEBUG 2026-06-23 14:36:06 ock/_api.py:568 Attempting to release lock 139901221397392 on /tmp/torchinductor_appeal/precompiled_headers/locks/c7k2hxkfozjikth4grj3pzrz3pbnkked426ant2x24sdnwmaamxl.lock
DEBUG 2026-06-23 14:36:06 ock/_api.py:572 Lock 139901221397392 released on /tmp/torchinductor_appeal/precompiled_headers/locks/c7k2hxkfozjikth4grj3pzrz3pbnkked426ant2x24sdnwmaamxl.lock
DEBUG 2026-06-23 14:36:06 ock/_api.py:536 Attempting to acquire lock 139901221397392 on /NHNHOME/WORKSPACE/26msit002_E/appeal_workspace/sungwoo/FR5ControllerVLA/.cache/torchinductor/locks/ch2bf3lwddxeyotlgw6bczxg6la3wjik6pgqvxv26np4ztn23d5h.lock
DEBUG 2026-06-23 14:36:06 ock/_api.py:539 Lock 139901221397392 acquired on /NHNHOME/WORKSPACE/26msit002_E/appeal_workspace/sungwoo/FR5ControllerVLA/.cache/torchinductor/locks/ch2bf3lwddxeyotlgw6bczxg6la3wjik6pgqvxv26np4ztn23d5h.lock
DEBUG 2026-06-23 14:36:06 ock/_api.py:568 Attempting to release lock 139901221397392 on /NHNHOME/WORKSPACE/26msit002_E/appeal_workspace/sungwoo/FR5ControllerVLA/.cache/torchinductor/locks/ch2bf3lwddxeyotlgw6bczxg6la3wjik6pgqvxv26np4ztn23d5h.lock
DEBUG 2026-06-23 14:36:06 ock/_api.py:572 Lock 139901221397392 released on /NHNHOME/WORKSPACE/26msit002_E/appeal_workspace/sungwoo/FR5ControllerVLA/.cache/torchinductor/locks/ch2bf3lwddxeyotlgw6bczxg6la3wjik6pgqvxv26np4ztn23d5h.lock
DEBUG 2026-06-23 14:36:06 ock/_api.py:536 Attempting to acquire lock 139901209397200 on /NHNHOME/WORKSPACE/26msit002_E/appeal_workspace/sungwoo/FR5ControllerVLA/.cache/torchinductor/locks/c3cn5igbnjee2axwwjvuxxnyotq46qiwvmsdyf7p3zetmvvieadp.lock
DEBUG 2026-06-23 14:36:06 ock/_api.py:539 Lock 139901209397200 acquired on /NHNHOME/WORKSPACE/26msit002_E/appeal_workspace/sungwoo/FR5ControllerVLA/.cache/torchinductor/locks/c3cn5igbnjee2axwwjvuxxnyotq46qiwvmsdyf7p3zetmvvieadp.lock
DEBUG 2026-06-23 14:36:06 ock/_api.py:568 Attempting to release lock 139901209397200 on /NHNHOME/WORKSPACE/26msit002_E/appeal_workspace/sungwoo/FR5ControllerVLA/.cache/torchinductor/locks/c3cn5igbnjee2axwwjvuxxnyotq46qiwvmsdyf7p3zetmvvieadp.lock
DEBUG 2026-06-23 14:36:06 ock/_api.py:572 Lock 139901209397200 released on /NHNHOME/WORKSPACE/26msit002_E/appeal_workspace/sungwoo/FR5ControllerVLA/.cache/torchinductor/locks/c3cn5igbnjee2axwwjvuxxnyotq46qiwvmsdyf7p3zetmvvieadp.lock
DEBUG 2026-06-23 14:36:06 ock/_api.py:536 Attempting to acquire lock 139901209397680 on /NHNHOME/WORKSPACE/26msit002_E/appeal_workspace/sungwoo/FR5ControllerVLA/.cache/torchinductor/locks/ch2bf3lwddxeyotlgw6bczxg6la3wjik6pgqvxv26np4ztn23d5h.lock
DEBUG 2026-06-23 14:36:06 ock/_api.py:539 Lock 139901209397680 acquired on /NHNHOME/WORKSPACE/26msit002_E/appeal_workspace/sungwoo/FR5ControllerVLA/.cache/torchinductor/locks/ch2bf3lwddxeyotlgw6bczxg6la3wjik6pgqvxv26np4ztn23d5h.lock
DEBUG 2026-06-23 14:36:06 ock/_api.py:568 Attempting to release lock 139901209397680 on /NHNHOME/WORKSPACE/26msit002_E/appeal_workspace/sungwoo/FR5ControllerVLA/.cache/torchinductor/locks/ch2bf3lwddxeyotlgw6bczxg6la3wjik6pgqvxv26np4ztn23d5h.lock
DEBUG 2026-06-23 14:36:06 ock/_api.py:572 Lock 139901209397680 released on /NHNHOME/WORKSPACE/26msit002_E/appeal_workspace/sungwoo/FR5ControllerVLA/.cache/torchinductor/locks/ch2bf3lwddxeyotlgw6bczxg6la3wjik6pgqvxv26np4ztn23d5h.lock
DEBUG 2026-06-23 14:36:06 ock/_api.py:536 Attempting to acquire lock 139901209396576 on /NHNHOME/WORKSPACE/26msit002_E/appeal_workspace/sungwoo/FR5ControllerVLA/.cache/torchinductor/locks/c3cn5igbnjee2axwwjvuxxnyotq46qiwvmsdyf7p3zetmvvieadp.lock
DEBUG 2026-06-23 14:36:06 ock/_api.py:539 Lock 139901209396576 acquired on /NHNHOME/WORKSPACE/26msit002_E/appeal_workspace/sungwoo/FR5ControllerVLA/.cache/torchinductor/locks/c3cn5igbnjee2axwwjvuxxnyotq46qiwvmsdyf7p3zetmvvieadp.lock
DEBUG 2026-06-23 14:36:06 ock/_api.py:568 Attempting to release lock 139901209396576 on /NHNHOME/WORKSPACE/26msit002_E/appeal_workspace/sungwoo/FR5ControllerVLA/.cache/torchinductor/locks/c3cn5igbnjee2axwwjvuxxnyotq46qiwvmsdyf7p3zetmvvieadp.lock
DEBUG 2026-06-23 14:36:06 ock/_api.py:572 Lock 139901209396576 released on /NHNHOME/WORKSPACE/26msit002_E/appeal_workspace/sungwoo/FR5ControllerVLA/.cache/torchinductor/locks/c3cn5igbnjee2axwwjvuxxnyotq46qiwvmsdyf7p3zetmvvieadp.lock
DEBUG 2026-06-23 14:44:46 re/_trace.py:47 close.started
DEBUG 2026-06-23 14:44:46 re/_trace.py:47 close.complete
DEBUG 2026-06-23 14:44:46 re/_trace.py:47 close.started
DEBUG 2026-06-23 14:44:46 re/_trace.py:47 close.complete
DEBUG 2026-06-23 14:44:46 re/_trace.py:47 close.started
DEBUG 2026-06-23 14:44:46 re/_trace.py:47 close.complete
DEBUG 2026-06-23 14:44:47 re/_trace.py:47 close.started
DEBUG 2026-06-23 14:44:47 re/_trace.py:47 close.complete
DEBUG 2026-06-23 14:44:47 re/_trace.py:47 close.started
DEBUG 2026-06-23 14:44:47 re/_trace.py:47 close.complete
DEBUG 2026-06-23 14:44:47 re/_trace.py:47 close.started
DEBUG 2026-06-23 14:44:47 re/_trace.py:47 close.complete
DEBUG 2026-06-23 14:44:47 re/_trace.py:47 close.started
DEBUG 2026-06-23 14:44:47 re/_trace.py:47 close.complete
DEBUG 2026-06-23 14:44:47 re/_trace.py:47 close.started
DEBUG 2026-06-23 14:44:47 re/_trace.py:47 close.complete
DEBUG 2026-06-23 14:44:47 re/_trace.py:47 close.started
DEBUG 2026-06-23 14:44:47 re/_trace.py:47 close.complete
DEBUG 2026-06-23 14:44:47 re/_trace.py:47 close.started
DEBUG 2026-06-23 14:44:47 re/_trace.py:47 close.complete
INFO 2026-06-23 14:45:12 ot_train.py:459 step:200 smpl:121K ep:203 epch:1.02 loss:0.897 grdn:16.882 lr:1.1e-05 updt_s:2.677 data_s:0.247
WARNING 2026-06-23 14:45:12 db_utils.py:181 WandB logging of key "loss_per_dim" was ignored as its type "<class 'list'>" is not handled by this wrapper.
DEBUG 2026-06-23 14:52:38 re/_trace.py:47 close.started
DEBUG 2026-06-23 14:52:38 re/_trace.py:47 close.complete
DEBUG 2026-06-23 14:52:38 re/_trace.py:47 close.started
DEBUG 2026-06-23 14:52:38 re/_trace.py:47 close.complete
DEBUG 2026-06-23 14:52:38 re/_trace.py:47 close.started
DEBUG 2026-06-23 14:52:38 re/_trace.py:47 close.complete
DEBUG 2026-06-23 14:52:38 re/_trace.py:47 close.started
DEBUG 2026-06-23 14:52:38 re/_trace.py:47 close.complete
DEBUG 2026-06-23 14:52:38 re/_trace.py:47 close.started
DEBUG 2026-06-23 14:52:38 re/_trace.py:47 close.complete
DEBUG 2026-06-23 14:52:38 re/_trace.py:47 close.started
DEBUG 2026-06-23 14:52:38 re/_trace.py:47 close.complete
DEBUG 2026-06-23 14:52:38 re/_trace.py:47 close.started
DEBUG 2026-06-23 14:52:38 re/_trace.py:47 close.complete
DEBUG 2026-06-23 14:52:38 re/_trace.py:47 close.started
DEBUG 2026-06-23 14:52:38 re/_trace.py:47 close.complete
DEBUG 2026-06-23 14:52:39 re/_trace.py:47 close.started
DEBUG 2026-06-23 14:52:39 re/_trace.py:47 close.complete
DEBUG 2026-06-23 14:52:39 re/_trace.py:47 close.started
DEBUG 2026-06-23 14:52:39 re/_trace.py:47 close.complete
INFO 2026-06-23 14:53:12 ot_train.py:459 step:400 smpl:242K ep:407 epch:2.03 loss:0.194 grdn:1.738 lr:3.3e-05 updt_s:2.257 data_s:0.139
WARNING 2026-06-23 14:53:12 db_utils.py:181 WandB logging of key "loss_per_dim" was ignored as its type "<class 'list'>" is not handled by this wrapper.
DEBUG 2026-06-23 15:00:27 re/_trace.py:47 close.started
DEBUG 2026-06-23 15:00:27 re/_trace.py:47 close.complete
DEBUG 2026-06-23 15:00:27 re/_trace.py:47 close.started
DEBUG 2026-06-23 15:00:27 re/_trace.py:47 close.complete
DEBUG 2026-06-23 15:00:27 re/_trace.py:47 close.started
DEBUG 2026-06-23 15:00:27 re/_trace.py:47 close.complete
DEBUG 2026-06-23 15:00:27 re/_trace.py:47 close.started
DEBUG 2026-06-23 15:00:27 re/_trace.py:47 close.complete
DEBUG 2026-06-23 15:00:28 re/_trace.py:47 close.started
DEBUG 2026-06-23 15:00:28 re/_trace.py:47 close.complete
DEBUG 2026-06-23 15:00:28 re/_trace.py:47 close.started
DEBUG 2026-06-23 15:00:28 re/_trace.py:47 close.complete
DEBUG 2026-06-23 15:00:28 re/_trace.py:47 close.started
DEBUG 2026-06-23 15:00:28 re/_trace.py:47 close.complete
DEBUG 2026-06-23 15:00:28 re/_trace.py:47 close.started
DEBUG 2026-06-23 15:00:28 re/_trace.py:47 close.complete
DEBUG 2026-06-23 15:00:28 re/_trace.py:47 close.started
DEBUG 2026-06-23 15:00:28 re/_trace.py:47 close.complete
DEBUG 2026-06-23 15:00:28 re/_trace.py:47 close.started
DEBUG 2026-06-23 15:00:28 re/_trace.py:47 close.complete
INFO 2026-06-23 15:01:11 ot_train.py:459 step:600 smpl:364K ep:610 epch:3.05 loss:0.133 grdn:0.777 lr:5.5e-05 updt_s:2.267 data_s:0.126
WARNING 2026-06-23 15:01:11 db_utils.py:181 WandB logging of key "loss_per_dim" was ignored as its type "<class 'list'>" is not handled by this wrapper.
DEBUG 2026-06-23 15:08:20 re/_trace.py:47 close.started
DEBUG 2026-06-23 15:08:20 re/_trace.py:47 close.complete
DEBUG 2026-06-23 15:08:20 re/_trace.py:47 close.started
DEBUG 2026-06-23 15:08:20 re/_trace.py:47 close.complete
DEBUG 2026-06-23 15:08:20 re/_trace.py:47 close.started
DEBUG 2026-06-23 15:08:20 re/_trace.py:47 close.complete
DEBUG 2026-06-23 15:08:20 re/_trace.py:47 close.started
DEBUG 2026-06-23 15:08:20 re/_trace.py:47 close.complete
DEBUG 2026-06-23 15:08:20 re/_trace.py:47 close.started
DEBUG 2026-06-23 15:08:20 re/_trace.py:47 close.complete
DEBUG 2026-06-23 15:08:20 re/_trace.py:47 close.started
DEBUG 2026-06-23 15:08:20 re/_trace.py:47 close.complete
DEBUG 2026-06-23 15:08:20 re/_trace.py:47 close.started
DEBUG 2026-06-23 15:08:20 re/_trace.py:47 close.complete
DEBUG 2026-06-23 15:08:21 re/_trace.py:47 close.started
DEBUG 2026-06-23 15:08:21 re/_trace.py:47 close.complete
DEBUG 2026-06-23 15:08:21 re/_trace.py:47 close.started
DEBUG 2026-06-23 15:08:21 re/_trace.py:47 close.complete
DEBUG 2026-06-23 15:08:21 re/_trace.py:47 close.started
DEBUG 2026-06-23 15:08:21 re/_trace.py:47 close.complete
INFO 2026-06-23 15:09:09 ot_train.py:459 step:800 smpl:485K ep:813 epch:4.07 loss:0.110 grdn:0.520 lr:7.7e-05 updt_s:2.258 data_s:0.129
WARNING 2026-06-23 15:09:09 db_utils.py:181 WandB logging of key "loss_per_dim" was ignored as its type "<class 'list'>" is not handled by this wrapper.
DEBUG 2026-06-23 15:16:11 re/_trace.py:47 close.started
DEBUG 2026-06-23 15:16:11 re/_trace.py:47 close.complete
DEBUG 2026-06-23 15:16:11 re/_trace.py:47 close.started
DEBUG 2026-06-23 15:16:11 re/_trace.py:47 close.complete
DEBUG 2026-06-23 15:16:11 re/_trace.py:47 close.started
DEBUG 2026-06-23 15:16:11 re/_trace.py:47 close.complete
DEBUG 2026-06-23 15:16:11 re/_trace.py:47 close.started
DEBUG 2026-06-23 15:16:11 re/_trace.py:47 close.complete
DEBUG 2026-06-23 15:16:11 re/_trace.py:47 close.started
DEBUG 2026-06-23 15:16:11 re/_trace.py:47 close.complete
DEBUG 2026-06-23 15:16:11 re/_trace.py:47 close.started
DEBUG 2026-06-23 15:16:11 re/_trace.py:47 close.complete
DEBUG 2026-06-23 15:16:11 re/_trace.py:47 close.started
DEBUG 2026-06-23 15:16:11 re/_trace.py:47 close.complete
DEBUG 2026-06-23 15:16:11 re/_trace.py:47 close.started
DEBUG 2026-06-23 15:16:11 re/_trace.py:47 close.complete
DEBUG 2026-06-23 15:16:11 re/_trace.py:47 close.started
DEBUG 2026-06-23 15:16:11 re/_trace.py:47 close.complete
DEBUG 2026-06-23 15:16:11 re/_trace.py:47 close.started
DEBUG 2026-06-23 15:16:11 re/_trace.py:47 close.complete
INFO 2026-06-23 15:17:08 ot_train.py:459 step:1K smpl:606K ep:1K epch:5.08 loss:0.096 grdn:0.361 lr:9.9e-05 updt_s:2.268 data_s:0.121
WARNING 2026-06-23 15:17:08 db_utils.py:181 WandB logging of key "loss_per_dim" was ignored as its type "<class 'list'>" is not handled by this wrapper.
DEBUG 2026-06-23 15:24:05 re/_trace.py:47 close.started
DEBUG 2026-06-23 15:24:05 re/_trace.py:47 close.complete
DEBUG 2026-06-23 15:24:05 re/_trace.py:47 close.started
DEBUG 2026-06-23 15:24:05 re/_trace.py:47 close.complete
DEBUG 2026-06-23 15:24:05 re/_trace.py:47 close.started
DEBUG 2026-06-23 15:24:05 re/_trace.py:47 close.complete
DEBUG 2026-06-23 15:24:05 re/_trace.py:47 close.started
DEBUG 2026-06-23 15:24:05 re/_trace.py:47 close.complete
DEBUG 2026-06-23 15:24:05 re/_trace.py:47 close.started
DEBUG 2026-06-23 15:24:05 re/_trace.py:47 close.complete
DEBUG 2026-06-23 15:24:05 re/_trace.py:47 close.started
DEBUG 2026-06-23 15:24:05 re/_trace.py:47 close.complete
DEBUG 2026-06-23 15:24:05 re/_trace.py:47 close.started
DEBUG 2026-06-23 15:24:05 re/_trace.py:47 close.complete
DEBUG 2026-06-23 15:24:05 re/_trace.py:47 close.started
DEBUG 2026-06-23 15:24:05 re/_trace.py:47 close.complete
DEBUG 2026-06-23 15:24:05 re/_trace.py:47 close.started
DEBUG 2026-06-23 15:24:05 re/_trace.py:47 close.complete
DEBUG 2026-06-23 15:24:05 re/_trace.py:47 close.started
DEBUG 2026-06-23 15:24:05 re/_trace.py:47 close.complete
INFO 2026-06-23 15:25:08 ot_train.py:459 step:1K smpl:727K ep:1K epch:6.10 loss:0.085 grdn:0.276 lr:1.1e-04 updt_s:2.269 data_s:0.131
WARNING 2026-06-23 15:25:08 db_utils.py:181 WandB logging of key "loss_per_dim" was ignored as its type "<class 'list'>" is not handled by this wrapper.
DEBUG 2026-06-23 15:31:59 re/_trace.py:47 close.started
DEBUG 2026-06-23 15:31:59 re/_trace.py:47 close.complete
DEBUG 2026-06-23 15:31:59 re/_trace.py:47 close.started
DEBUG 2026-06-23 15:31:59 re/_trace.py:47 close.complete
DEBUG 2026-06-23 15:31:59 re/_trace.py:47 close.started
DEBUG 2026-06-23 15:31:59 re/_trace.py:47 close.complete
DEBUG 2026-06-23 15:31:59 re/_trace.py:47 close.started
DEBUG 2026-06-23 15:31:59 re/_trace.py:47 close.complete
DEBUG 2026-06-23 15:31:59 re/_trace.py:47 close.started
DEBUG 2026-06-23 15:31:59 re/_trace.py:47 close.complete
DEBUG 2026-06-23 15:31:59 re/_trace.py:47 close.started
DEBUG 2026-06-23 15:31:59 re/_trace.py:47 close.complete
DEBUG 2026-06-23 15:31:59 re/_trace.py:47 close.started
DEBUG 2026-06-23 15:31:59 re/_trace.py:47 close.complete
DEBUG 2026-06-23 15:31:59 re/_trace.py:47 close.started
DEBUG 2026-06-23 15:31:59 re/_trace.py:47 close.complete
DEBUG 2026-06-23 15:31:59 re/_trace.py:47 close.started
DEBUG 2026-06-23 15:31:59 re/_trace.py:47 close.complete
DEBUG 2026-06-23 15:31:59 re/_trace.py:47 close.started
DEBUG 2026-06-23 15:31:59 re/_trace.py:47 close.complete
INFO 2026-06-23 15:33:10 ot_train.py:459 step:1K smpl:848K ep:1K epch:7.12 loss:0.075 grdn:0.224 lr:1.1e-04 updt_s:2.297 data_s:0.108
WARNING 2026-06-23 15:33:10 db_utils.py:181 WandB logging of key "loss_per_dim" was ignored as its type "<class 'list'>" is not handled by this wrapper.
DEBUG 2026-06-23 15:39:52 re/_trace.py:47 close.started
DEBUG 2026-06-23 15:39:52 re/_trace.py:47 close.complete
DEBUG 2026-06-23 15:39:52 re/_trace.py:47 close.started
DEBUG 2026-06-23 15:39:52 re/_trace.py:47 close.complete
DEBUG 2026-06-23 15:39:52 re/_trace.py:47 close.started
DEBUG 2026-06-23 15:39:52 re/_trace.py:47 close.complete
DEBUG 2026-06-23 15:39:52 re/_trace.py:47 close.started
DEBUG 2026-06-23 15:39:52 re/_trace.py:47 close.complete
DEBUG 2026-06-23 15:39:52 re/_trace.py:47 close.started
DEBUG 2026-06-23 15:39:52 re/_trace.py:47 close.complete
DEBUG 2026-06-23 15:39:52 re/_trace.py:47 close.started
DEBUG 2026-06-23 15:39:52 re/_trace.py:47 close.complete
DEBUG 2026-06-23 15:39:53 re/_trace.py:47 close.started
DEBUG 2026-06-23 15:39:53 re/_trace.py:47 close.complete
DEBUG 2026-06-23 15:39:53 re/_trace.py:47 close.started
DEBUG 2026-06-23 15:39:53 re/_trace.py:47 close.complete
DEBUG 2026-06-23 15:39:53 re/_trace.py:47 close.started
DEBUG 2026-06-23 15:39:53 re/_trace.py:47 close.complete
DEBUG 2026-06-23 15:39:53 re/_trace.py:47 close.started
DEBUG 2026-06-23 15:39:53 re/_trace.py:47 close.complete
INFO 2026-06-23 15:41:11 ot_train.py:459 step:2K smpl:970K ep:2K epch:8.13 loss:0.067 grdn:0.200 lr:1.1e-04 updt_s:2.279 data_s:0.120
WARNING 2026-06-23 15:41:11 db_utils.py:181 WandB logging of key "loss_per_dim" was ignored as its type "<class 'list'>" is not handled by this wrapper.
DEBUG 2026-06-23 15:47:44 re/_trace.py:47 close.started
DEBUG 2026-06-23 15:47:44 re/_trace.py:47 close.complete
DEBUG 2026-06-23 15:47:45 re/_trace.py:47 close.started
DEBUG 2026-06-23 15:47:45 re/_trace.py:47 close.complete
DEBUG 2026-06-23 15:47:45 re/_trace.py:47 close.started
DEBUG 2026-06-23 15:47:45 re/_trace.py:47 close.complete
DEBUG 2026-06-23 15:47:45 re/_trace.py:47 close.started
DEBUG 2026-06-23 15:47:45 re/_trace.py:47 close.complete
DEBUG 2026-06-23 15:47:45 re/_trace.py:47 close.started
DEBUG 2026-06-23 15:47:45 re/_trace.py:47 close.complete
DEBUG 2026-06-23 15:47:45 re/_trace.py:47 close.started
DEBUG 2026-06-23 15:47:45 re/_trace.py:47 close.complete
DEBUG 2026-06-23 15:47:45 re/_trace.py:47 close.started
DEBUG 2026-06-23 15:47:45 re/_trace.py:47 close.complete
DEBUG 2026-06-23 15:47:45 re/_trace.py:47 close.started
DEBUG 2026-06-23 15:47:45 re/_trace.py:47 close.complete
DEBUG 2026-06-23 15:47:45 re/_trace.py:47 close.started
DEBUG 2026-06-23 15:47:45 re/_trace.py:47 close.complete
DEBUG 2026-06-23 15:47:45 re/_trace.py:47 close.started
DEBUG 2026-06-23 15:47:45 re/_trace.py:47 close.complete
INFO 2026-06-23 15:49:10 ot_train.py:459 step:2K smpl:1M ep:2K epch:9.15 loss:0.060 grdn:0.178 lr:1.1e-04 updt_s:2.274 data_s:0.118
WARNING 2026-06-23 15:49:10 db_utils.py:181 WandB logging of key "loss_per_dim" was ignored as its type "<class 'list'>" is not handled by this wrapper.
DEBUG 2026-06-23 15:55:37 re/_trace.py:47 close.started
DEBUG 2026-06-23 15:55:37 re/_trace.py:47 close.complete
DEBUG 2026-06-23 15:55:37 re/_trace.py:47 close.started
DEBUG 2026-06-23 15:55:37 re/_trace.py:47 close.complete
DEBUG 2026-06-23 15:55:37 re/_trace.py:47 close.started
DEBUG 2026-06-23 15:55:37 re/_trace.py:47 close.complete
DEBUG 2026-06-23 15:55:37 re/_trace.py:47 close.started
DEBUG 2026-06-23 15:55:37 re/_trace.py:47 close.complete
DEBUG 2026-06-23 15:55:37 re/_trace.py:47 close.started
DEBUG 2026-06-23 15:55:37 re/_trace.py:47 close.complete
DEBUG 2026-06-23 15:55:37 re/_trace.py:47 close.started
DEBUG 2026-06-23 15:55:37 re/_trace.py:47 close.complete
DEBUG 2026-06-23 15:55:37 re/_trace.py:47 close.started
DEBUG 2026-06-23 15:55:37 re/_trace.py:47 close.complete
DEBUG 2026-06-23 15:55:37 re/_trace.py:47 close.started
DEBUG 2026-06-23 15:55:37 re/_trace.py:47 close.complete
DEBUG 2026-06-23 15:55:37 re/_trace.py:47 close.started
DEBUG 2026-06-23 15:55:37 re/_trace.py:47 close.complete
DEBUG 2026-06-23 15:55:37 re/_trace.py:47 close.started
DEBUG 2026-06-23 15:55:37 re/_trace.py:47 close.complete
INFO 2026-06-23 15:57:08 ot_train.py:459 step:2K smpl:1M ep:2K epch:10.17 loss:0.055 grdn:0.165 lr:1.1e-04 updt_s:2.288 data_s:0.102
WARNING 2026-06-23 15:57:08 db_utils.py:181 WandB logging of key "loss_per_dim" was ignored as its type "<class 'list'>" is not handled by this wrapper.
DEBUG 2026-06-23 16:03:32 re/_trace.py:47 close.started
DEBUG 2026-06-23 16:03:32 re/_trace.py:47 close.complete
DEBUG 2026-06-23 16:03:32 re/_trace.py:47 close.started
DEBUG 2026-06-23 16:03:32 re/_trace.py:47 close.complete
DEBUG 2026-06-23 16:03:32 re/_trace.py:47 close.started
DEBUG 2026-06-23 16:03:32 re/_trace.py:47 close.complete
DEBUG 2026-06-23 16:03:32 re/_trace.py:47 close.started
DEBUG 2026-06-23 16:03:32 re/_trace.py:47 close.complete
DEBUG 2026-06-23 16:03:32 re/_trace.py:47 close.started
DEBUG 2026-06-23 16:03:32 re/_trace.py:47 close.complete
DEBUG 2026-06-23 16:03:32 re/_trace.py:47 close.started
DEBUG 2026-06-23 16:03:32 re/_trace.py:47 close.complete
DEBUG 2026-06-23 16:03:32 re/_trace.py:47 close.started
DEBUG 2026-06-23 16:03:32 re/_trace.py:47 close.complete
DEBUG 2026-06-23 16:03:32 re/_trace.py:47 close.started
DEBUG 2026-06-23 16:03:32 re/_trace.py:47 close.complete
DEBUG 2026-06-23 16:03:32 re/_trace.py:47 close.started
DEBUG 2026-06-23 16:03:32 re/_trace.py:47 close.complete
DEBUG 2026-06-23 16:03:32 re/_trace.py:47 close.started
DEBUG 2026-06-23 16:03:32 re/_trace.py:47 close.complete
INFO 2026-06-23 16:05:11 ot_train.py:459 step:2K smpl:1M ep:2K epch:11.19 loss:0.049 grdn:0.145 lr:1.1e-04 updt_s:2.286 data_s:0.125
WARNING 2026-06-23 16:05:11 db_utils.py:181 WandB logging of key "loss_per_dim" was ignored as its type "<class 'list'>" is not handled by this wrapper.
DEBUG 2026-06-23 16:11:27 re/_trace.py:47 close.started
DEBUG 2026-06-23 16:11:27 re/_trace.py:47 close.complete
DEBUG 2026-06-23 16:11:27 re/_trace.py:47 close.started
DEBUG 2026-06-23 16:11:27 re/_trace.py:47 close.complete
DEBUG 2026-06-23 16:11:27 re/_trace.py:47 close.started
DEBUG 2026-06-23 16:11:27 re/_trace.py:47 close.complete
DEBUG 2026-06-23 16:11:27 re/_trace.py:47 close.started
DEBUG 2026-06-23 16:11:27 re/_trace.py:47 close.complete
DEBUG 2026-06-23 16:11:28 re/_trace.py:47 close.started
DEBUG 2026-06-23 16:11:28 re/_trace.py:47 close.complete
DEBUG 2026-06-23 16:11:28 re/_trace.py:47 close.started
DEBUG 2026-06-23 16:11:28 re/_trace.py:47 close.complete
DEBUG 2026-06-23 16:11:28 re/_trace.py:47 close.started
DEBUG 2026-06-23 16:11:28 re/_trace.py:47 close.complete
DEBUG 2026-06-23 16:11:28 re/_trace.py:47 close.started
DEBUG 2026-06-23 16:11:28 re/_trace.py:47 close.complete
DEBUG 2026-06-23 16:11:28 re/_trace.py:47 close.started
DEBUG 2026-06-23 16:11:28 re/_trace.py:47 close.complete
DEBUG 2026-06-23 16:11:28 re/_trace.py:47 close.started
DEBUG 2026-06-23 16:11:28 re/_trace.py:47 close.complete
INFO 2026-06-23 16:13:12 ot_train.py:459 step:2K smpl:1M ep:2K epch:12.20 loss:0.046 grdn:0.140 lr:1.1e-04 updt_s:2.265 data_s:0.134
WARNING 2026-06-23 16:13:12 db_utils.py:181 WandB logging of key "loss_per_dim" was ignored as its type "<class 'list'>" is not handled by this wrapper.
DEBUG 2026-06-23 16:19:20 re/_trace.py:47 close.started
DEBUG 2026-06-23 16:19:20 re/_trace.py:47 close.complete
DEBUG 2026-06-23 16:19:20 re/_trace.py:47 close.started
DEBUG 2026-06-23 16:19:20 re/_trace.py:47 close.complete
DEBUG 2026-06-23 16:19:20 re/_trace.py:47 close.started
DEBUG 2026-06-23 16:19:20 re/_trace.py:47 close.complete
DEBUG 2026-06-23 16:19:20 re/_trace.py:47 close.started
DEBUG 2026-06-23 16:19:20 re/_trace.py:47 close.complete
DEBUG 2026-06-23 16:19:20 re/_trace.py:47 close.started
DEBUG 2026-06-23 16:19:20 re/_trace.py:47 close.complete
DEBUG 2026-06-23 16:19:20 re/_trace.py:47 close.started
DEBUG 2026-06-23 16:19:20 re/_trace.py:47 close.complete
DEBUG 2026-06-23 16:19:21 re/_trace.py:47 close.started
DEBUG 2026-06-23 16:19:21 re/_trace.py:47 close.complete
DEBUG 2026-06-23 16:19:21 re/_trace.py:47 close.started
DEBUG 2026-06-23 16:19:21 re/_trace.py:47 close.complete
DEBUG 2026-06-23 16:19:21 re/_trace.py:47 close.started
DEBUG 2026-06-23 16:19:21 re/_trace.py:47 close.complete
DEBUG 2026-06-23 16:19:21 re/_trace.py:47 close.started
DEBUG 2026-06-23 16:19:21 re/_trace.py:47 close.complete
INFO 2026-06-23 16:21:12 ot_train.py:459 step:3K smpl:2M ep:3K epch:13.22 loss:0.042 grdn:0.130 lr:1.1e-04 updt_s:2.272 data_s:0.126
WARNING 2026-06-23 16:21:12 db_utils.py:181 WandB logging of key "loss_per_dim" was ignored as its type "<class 'list'>" is not handled by this wrapper.
DEBUG 2026-06-23 16:27:15 re/_trace.py:47 close.started
DEBUG 2026-06-23 16:27:15 re/_trace.py:47 close.complete
DEBUG 2026-06-23 16:27:15 re/_trace.py:47 close.started
DEBUG 2026-06-23 16:27:15 re/_trace.py:47 close.complete
DEBUG 2026-06-23 16:27:15 re/_trace.py:47 close.started
DEBUG 2026-06-23 16:27:15 re/_trace.py:47 close.complete
DEBUG 2026-06-23 16:27:15 re/_trace.py:47 close.started
DEBUG 2026-06-23 16:27:15 re/_trace.py:47 close.complete
DEBUG 2026-06-23 16:27:15 re/_trace.py:47 close.started
DEBUG 2026-06-23 16:27:15 re/_trace.py:47 close.complete
DEBUG 2026-06-23 16:27:15 re/_trace.py:47 close.started
DEBUG 2026-06-23 16:27:15 re/_trace.py:47 close.complete
DEBUG 2026-06-23 16:27:15 re/_trace.py:47 close.started
DEBUG 2026-06-23 16:27:15 re/_trace.py:47 close.complete
DEBUG 2026-06-23 16:27:15 re/_trace.py:47 close.started
DEBUG 2026-06-23 16:27:15 re/_trace.py:47 close.complete
DEBUG 2026-06-23 16:27:15 re/_trace.py:47 close.started
DEBUG 2026-06-23 16:27:15 re/_trace.py:47 close.complete
DEBUG 2026-06-23 16:27:15 re/_trace.py:47 close.started
DEBUG 2026-06-23 16:27:15 re/_trace.py:47 close.complete
INFO 2026-06-23 16:29:13 ot_train.py:459 step:3K smpl:2M ep:3K epch:14.24 loss:0.038 grdn:0.124 lr:1.1e-04 updt_s:2.267 data_s:0.135
WARNING 2026-06-23 16:29:13 db_utils.py:181 WandB logging of key "loss_per_dim" was ignored as its type "<class 'list'>" is not handled by this wrapper.
DEBUG 2026-06-23 16:35:08 re/_trace.py:47 close.started
DEBUG 2026-06-23 16:35:08 re/_trace.py:47 close.complete
DEBUG 2026-06-23 16:35:08 re/_trace.py:47 close.started
DEBUG 2026-06-23 16:35:08 re/_trace.py:47 close.complete
DEBUG 2026-06-23 16:35:08 re/_trace.py:47 close.started
DEBUG 2026-06-23 16:35:09 re/_trace.py:47 close.complete
DEBUG 2026-06-23 16:35:09 re/_trace.py:47 close.started
DEBUG 2026-06-23 16:35:09 re/_trace.py:47 close.complete
DEBUG 2026-06-23 16:35:09 re/_trace.py:47 close.started
DEBUG 2026-06-23 16:35:09 re/_trace.py:47 close.complete
DEBUG 2026-06-23 16:35:09 re/_trace.py:47 close.started
DEBUG 2026-06-23 16:35:09 re/_trace.py:47 close.complete
DEBUG 2026-06-23 16:35:09 re/_trace.py:47 close.started
DEBUG 2026-06-23 16:35:09 re/_trace.py:47 close.complete
DEBUG 2026-06-23 16:35:09 re/_trace.py:47 close.started
DEBUG 2026-06-23 16:35:09 re/_trace.py:47 close.complete
DEBUG 2026-06-23 16:35:09 re/_trace.py:47 close.started
DEBUG 2026-06-23 16:35:09 re/_trace.py:47 close.complete
DEBUG 2026-06-23 16:35:09 re/_trace.py:47 close.started
DEBUG 2026-06-23 16:35:09 re/_trace.py:47 close.complete
INFO 2026-06-23 16:37:15 ot_train.py:459 step:3K smpl:2M ep:3K epch:15.25 loss:0.036 grdn:0.117 lr:1.1e-04 updt_s:2.281 data_s:0.125
WARNING 2026-06-23 16:37:15 db_utils.py:181 WandB logging of key "loss_per_dim" was ignored as its type "<class 'list'>" is not handled by this wrapper.
INFO 2026-06-23 16:37:15 ot_train.py:479 Checkpoint policy after step 3000
DEBUG 2026-06-23 16:37:49 ionpool.py:1062 Starting new HTTPS connection (1): api.wandb.ai:443
DEBUG 2026-06-23 16:37:49 tionpool.py:544 https://api.wandb.ai:443 "POST /graphql HTTP/1.1" 200 None
DEBUG 2026-06-23 16:37:49 ionpool.py:1062 Starting new HTTPS connection (1): api.wandb.ai:443
DEBUG 2026-06-23 16:37:49 tionpool.py:544 https://api.wandb.ai:443 "POST /graphql HTTP/1.1" 200 None
DEBUG 2026-06-23 16:37:50 tionpool.py:544 https://api.wandb.ai:443 "POST /graphql HTTP/1.1" 200 None
DEBUG 2026-06-23 16:43:38 re/_trace.py:47 close.started
DEBUG 2026-06-23 16:43:38 re/_trace.py:47 close.complete
DEBUG 2026-06-23 16:43:38 re/_trace.py:47 close.started
DEBUG 2026-06-23 16:43:38 re/_trace.py:47 close.complete
DEBUG 2026-06-23 16:43:38 re/_trace.py:47 close.started
DEBUG 2026-06-23 16:43:38 re/_trace.py:47 close.complete
DEBUG 2026-06-23 16:43:38 re/_trace.py:47 close.started
DEBUG 2026-06-23 16:43:38 re/_trace.py:47 close.complete
DEBUG 2026-06-23 16:43:38 re/_trace.py:47 close.started
DEBUG 2026-06-23 16:43:38 re/_trace.py:47 close.complete
DEBUG 2026-06-23 16:43:38 re/_trace.py:47 close.started
DEBUG 2026-06-23 16:43:38 re/_trace.py:47 close.complete
DEBUG 2026-06-23 16:43:38 re/_trace.py:47 close.started
DEBUG 2026-06-23 16:43:38 re/_trace.py:47 close.complete
DEBUG 2026-06-23 16:43:39 re/_trace.py:47 close.started
DEBUG 2026-06-23 16:43:39 re/_trace.py:47 close.complete
DEBUG 2026-06-23 16:43:39 re/_trace.py:47 close.started
DEBUG 2026-06-23 16:43:39 re/_trace.py:47 close.complete
DEBUG 2026-06-23 16:43:39 re/_trace.py:47 close.started
DEBUG 2026-06-23 16:43:39 re/_trace.py:47 close.complete
INFO 2026-06-23 16:45:51 ot_train.py:459 step:3K smpl:2M ep:3K epch:16.27 loss:0.034 grdn:0.113 lr:1.1e-04 updt_s:2.278 data_s:0.125
WARNING 2026-06-23 16:45:51 db_utils.py:181 WandB logging of key "loss_per_dim" was ignored as its type "<class 'list'>" is not handled by this wrapper.
DEBUG 2026-06-23 16:51:32 re/_trace.py:47 close.started
DEBUG 2026-06-23 16:51:32 re/_trace.py:47 close.complete
DEBUG 2026-06-23 16:51:32 re/_trace.py:47 close.started
DEBUG 2026-06-23 16:51:32 re/_trace.py:47 close.complete
DEBUG 2026-06-23 16:51:32 re/_trace.py:47 close.started
DEBUG 2026-06-23 16:51:32 re/_trace.py:47 close.complete
DEBUG 2026-06-23 16:51:32 re/_trace.py:47 close.started
DEBUG 2026-06-23 16:51:32 re/_trace.py:47 close.complete
DEBUG 2026-06-23 16:51:33 re/_trace.py:47 close.started
DEBUG 2026-06-23 16:51:33 re/_trace.py:47 close.complete
DEBUG 2026-06-23 16:51:33 re/_trace.py:47 close.started
DEBUG 2026-06-23 16:51:33 re/_trace.py:47 close.complete
DEBUG 2026-06-23 16:51:33 re/_trace.py:47 close.started
DEBUG 2026-06-23 16:51:33 re/_trace.py:47 close.complete
DEBUG 2026-06-23 16:51:33 re/_trace.py:47 close.started
DEBUG 2026-06-23 16:51:33 re/_trace.py:47 close.complete
DEBUG 2026-06-23 16:51:33 re/_trace.py:47 close.started
DEBUG 2026-06-23 16:51:33 re/_trace.py:47 close.complete
DEBUG 2026-06-23 16:51:33 re/_trace.py:47 close.started
DEBUG 2026-06-23 16:51:33 re/_trace.py:47 close.complete
INFO 2026-06-23 16:53:52 ot_train.py:459 step:3K smpl:2M ep:3K epch:17.29 loss:0.032 grdn:0.108 lr:1.1e-04 updt_s:2.284 data_s:0.118
WARNING 2026-06-23 16:53:52 db_utils.py:181 WandB logging of key "loss_per_dim" was ignored as its type "<class 'list'>" is not handled by this wrapper.
DEBUG 2026-06-23 16:59:27 re/_trace.py:47 close.started
DEBUG 2026-06-23 16:59:27 re/_trace.py:47 close.complete
DEBUG 2026-06-23 16:59:27 re/_trace.py:47 close.started
DEBUG 2026-06-23 16:59:27 re/_trace.py:47 close.complete
DEBUG 2026-06-23 16:59:27 re/_trace.py:47 close.started
DEBUG 2026-06-23 16:59:27 re/_trace.py:47 close.complete
DEBUG 2026-06-23 16:59:27 re/_trace.py:47 close.started
DEBUG 2026-06-23 16:59:27 re/_trace.py:47 close.complete
DEBUG 2026-06-23 16:59:27 re/_trace.py:47 close.started
DEBUG 2026-06-23 16:59:27 re/_trace.py:47 close.complete
DEBUG 2026-06-23 16:59:27 re/_trace.py:47 close.started
DEBUG 2026-06-23 16:59:27 re/_trace.py:47 close.complete
DEBUG 2026-06-23 16:59:27 re/_trace.py:47 close.started
DEBUG 2026-06-23 16:59:27 re/_trace.py:47 close.complete
DEBUG 2026-06-23 16:59:27 re/_trace.py:47 close.started
DEBUG 2026-06-23 16:59:27 re/_trace.py:47 close.complete
DEBUG 2026-06-23 16:59:28 re/_trace.py:47 close.started
DEBUG 2026-06-23 16:59:28 re/_trace.py:47 close.complete
DEBUG 2026-06-23 16:59:28 re/_trace.py:47 close.started
DEBUG 2026-06-23 16:59:28 re/_trace.py:47 close.complete
INFO 2026-06-23 17:01:52 ot_train.py:459 step:4K smpl:2M ep:4K epch:18.30 loss:0.030 grdn:0.110 lr:1.1e-04 updt_s:2.284 data_s:0.117
WARNING 2026-06-23 17:01:52 db_utils.py:181 WandB logging of key "loss_per_dim" was ignored as its type "<class 'list'>" is not handled by this wrapper.
DEBUG 2026-06-23 17:07:20 re/_trace.py:47 close.started
DEBUG 2026-06-23 17:07:20 re/_trace.py:47 close.complete
DEBUG 2026-06-23 17:07:20 re/_trace.py:47 close.started
DEBUG 2026-06-23 17:07:20 re/_trace.py:47 close.complete
DEBUG 2026-06-23 17:07:20 re/_trace.py:47 close.started
DEBUG 2026-06-23 17:07:20 re/_trace.py:47 close.complete
DEBUG 2026-06-23 17:07:20 re/_trace.py:47 close.started
DEBUG 2026-06-23 17:07:20 re/_trace.py:47 close.complete
DEBUG 2026-06-23 17:07:20 re/_trace.py:47 close.started
DEBUG 2026-06-23 17:07:20 re/_trace.py:47 close.complete
DEBUG 2026-06-23 17:07:20 re/_trace.py:47 close.started
DEBUG 2026-06-23 17:07:20 re/_trace.py:47 close.complete
DEBUG 2026-06-23 17:07:20 re/_trace.py:47 close.started
DEBUG 2026-06-23 17:07:20 re/_trace.py:47 close.complete
DEBUG 2026-06-23 17:07:21 re/_trace.py:47 close.started
DEBUG 2026-06-23 17:07:21 re/_trace.py:47 close.complete
DEBUG 2026-06-23 17:07:21 re/_trace.py:47 close.started
DEBUG 2026-06-23 17:07:21 re/_trace.py:47 close.complete
DEBUG 2026-06-23 17:07:21 re/_trace.py:47 close.started
DEBUG 2026-06-23 17:07:21 re/_trace.py:47 close.complete
INFO 2026-06-23 17:09:53 ot_train.py:459 step:4K smpl:2M ep:4K epch:19.32 loss:0.029 grdn:0.101 lr:1.1e-04 updt_s:2.287 data_s:0.116
WARNING 2026-06-23 17:09:53 db_utils.py:181 WandB logging of key "loss_per_dim" was ignored as its type "<class 'list'>" is not handled by this wrapper.
DEBUG 2026-06-23 17:15:14 re/_trace.py:47 close.started
DEBUG 2026-06-23 17:15:14 re/_trace.py:47 close.complete
DEBUG 2026-06-23 17:15:14 re/_trace.py:47 close.started
DEBUG 2026-06-23 17:15:14 re/_trace.py:47 close.complete
DEBUG 2026-06-23 17:15:14 re/_trace.py:47 close.started
DEBUG 2026-06-23 17:15:14 re/_trace.py:47 close.complete
DEBUG 2026-06-23 17:15:14 re/_trace.py:47 close.started
DEBUG 2026-06-23 17:15:14 re/_trace.py:47 close.complete
DEBUG 2026-06-23 17:15:14 re/_trace.py:47 close.started
DEBUG 2026-06-23 17:15:14 re/_trace.py:47 close.complete
DEBUG 2026-06-23 17:15:14 re/_trace.py:47 close.started
DEBUG 2026-06-23 17:15:14 re/_trace.py:47 close.complete
DEBUG 2026-06-23 17:15:14 re/_trace.py:47 close.started
DEBUG 2026-06-23 17:15:14 re/_trace.py:47 close.complete
DEBUG 2026-06-23 17:15:14 re/_trace.py:47 close.started
DEBUG 2026-06-23 17:15:14 re/_trace.py:47 close.complete
DEBUG 2026-06-23 17:15:14 re/_trace.py:47 close.started
DEBUG 2026-06-23 17:15:14 re/_trace.py:47 close.complete
DEBUG 2026-06-23 17:15:14 re/_trace.py:47 close.started
DEBUG 2026-06-23 17:15:14 re/_trace.py:47 close.complete
INFO 2026-06-23 17:17:54 ot_train.py:459 step:4K smpl:2M ep:4K epch:20.34 loss:0.028 grdn:0.103 lr:1.1e-04 updt_s:2.270 data_s:0.130
WARNING 2026-06-23 17:17:54 db_utils.py:181 WandB logging of key "loss_per_dim" was ignored as its type "<class 'list'>" is not handled by this wrapper.
DEBUG 2026-06-23 17:23:08 re/_trace.py:47 close.started
DEBUG 2026-06-23 17:23:08 re/_trace.py:47 close.complete
DEBUG 2026-06-23 17:23:09 re/_trace.py:47 close.started
DEBUG 2026-06-23 17:23:09 re/_trace.py:47 close.complete
DEBUG 2026-06-23 17:23:09 re/_trace.py:47 close.started
DEBUG 2026-06-23 17:23:09 re/_trace.py:47 close.complete
DEBUG 2026-06-23 17:23:09 re/_trace.py:47 close.started
DEBUG 2026-06-23 17:23:09 re/_trace.py:47 close.complete
DEBUG 2026-06-23 17:23:09 re/_trace.py:47 close.started
DEBUG 2026-06-23 17:23:09 re/_trace.py:47 close.complete
DEBUG 2026-06-23 17:23:09 re/_trace.py:47 close.started
DEBUG 2026-06-23 17:23:09 re/_trace.py:47 close.complete
DEBUG 2026-06-23 17:23:09 re/_trace.py:47 close.started
DEBUG 2026-06-23 17:23:09 re/_trace.py:47 close.complete
DEBUG 2026-06-23 17:23:09 re/_trace.py:47 close.started
DEBUG 2026-06-23 17:23:09 re/_trace.py:47 close.complete
DEBUG 2026-06-23 17:23:09 re/_trace.py:47 close.started
DEBUG 2026-06-23 17:23:09 re/_trace.py:47 close.complete
DEBUG 2026-06-23 17:23:09 re/_trace.py:47 close.started
DEBUG 2026-06-23 17:23:09 re/_trace.py:47 close.complete
INFO 2026-06-23 17:25:55 ot_train.py:459 step:4K smpl:3M ep:4K epch:21.35 loss:0.027 grdn:0.100 lr:1.1e-04 updt_s:2.278 data_s:0.125
WARNING 2026-06-23 17:25:55 db_utils.py:181 WandB logging of key "loss_per_dim" was ignored as its type "<class 'list'>" is not handled by this wrapper.
DEBUG 2026-06-23 17:31:02 re/_trace.py:47 close.started
DEBUG 2026-06-23 17:31:02 re/_trace.py:47 close.complete
DEBUG 2026-06-23 17:31:02 re/_trace.py:47 close.started
DEBUG 2026-06-23 17:31:02 re/_trace.py:47 close.complete
DEBUG 2026-06-23 17:31:02 re/_trace.py:47 close.started
DEBUG 2026-06-23 17:31:02 re/_trace.py:47 close.complete
DEBUG 2026-06-23 17:31:02 re/_trace.py:47 close.started
DEBUG 2026-06-23 17:31:02 re/_trace.py:47 close.complete
DEBUG 2026-06-23 17:31:02 re/_trace.py:47 close.started
DEBUG 2026-06-23 17:31:02 re/_trace.py:47 close.complete
DEBUG 2026-06-23 17:31:02 re/_trace.py:47 close.started
DEBUG 2026-06-23 17:31:02 re/_trace.py:47 close.complete
DEBUG 2026-06-23 17:31:02 re/_trace.py:47 close.started
DEBUG 2026-06-23 17:31:02 re/_trace.py:47 close.complete
DEBUG 2026-06-23 17:31:03 re/_trace.py:47 close.started
DEBUG 2026-06-23 17:31:03 re/_trace.py:47 close.complete
DEBUG 2026-06-23 17:31:03 re/_trace.py:47 close.started
DEBUG 2026-06-23 17:31:03 re/_trace.py:47 close.complete
DEBUG 2026-06-23 17:31:03 re/_trace.py:47 close.started
DEBUG 2026-06-23 17:31:03 re/_trace.py:47 close.complete
INFO 2026-06-23 17:33:55 ot_train.py:459 step:4K smpl:3M ep:4K epch:22.37 loss:0.026 grdn:0.096 lr:1.0e-04 updt_s:2.269 data_s:0.126
WARNING 2026-06-23 17:33:55 db_utils.py:181 WandB logging of key "loss_per_dim" was ignored as its type "<class 'list'>" is not handled by this wrapper.
DEBUG 2026-06-23 17:38:55 re/_trace.py:47 close.started
DEBUG 2026-06-23 17:38:55 re/_trace.py:47 close.complete
DEBUG 2026-06-23 17:38:55 re/_trace.py:47 close.started
DEBUG 2026-06-23 17:38:55 re/_trace.py:47 close.complete
DEBUG 2026-06-23 17:38:55 re/_trace.py:47 close.started
DEBUG 2026-06-23 17:38:55 re/_trace.py:47 close.complete
DEBUG 2026-06-23 17:38:55 re/_trace.py:47 close.started
DEBUG 2026-06-23 17:38:55 re/_trace.py:47 close.complete
DEBUG 2026-06-23 17:38:55 re/_trace.py:47 close.started
DEBUG 2026-06-23 17:38:55 re/_trace.py:47 close.complete
DEBUG 2026-06-23 17:38:55 re/_trace.py:47 close.started
DEBUG 2026-06-23 17:38:55 re/_trace.py:47 close.complete
DEBUG 2026-06-23 17:38:55 re/_trace.py:47 close.started
DEBUG 2026-06-23 17:38:55 re/_trace.py:47 close.complete
DEBUG 2026-06-23 17:38:55 re/_trace.py:47 close.started
DEBUG 2026-06-23 17:38:55 re/_trace.py:47 close.complete
DEBUG 2026-06-23 17:38:55 re/_trace.py:47 close.started
DEBUG 2026-06-23 17:38:55 re/_trace.py:47 close.complete
DEBUG 2026-06-23 17:38:55 re/_trace.py:47 close.started
DEBUG 2026-06-23 17:38:55 re/_trace.py:47 close.complete
INFO 2026-06-23 17:41:56 ot_train.py:459 step:5K smpl:3M ep:5K epch:23.39 loss:0.025 grdn:0.092 lr:1.0e-04 updt_s:2.271 data_s:0.132
WARNING 2026-06-23 17:41:56 db_utils.py:181 WandB logging of key "loss_per_dim" was ignored as its type "<class 'list'>" is not handled by this wrapper.
DEBUG 2026-06-23 17:46:50 re/_trace.py:47 close.started
DEBUG 2026-06-23 17:46:50 re/_trace.py:47 close.complete
DEBUG 2026-06-23 17:46:50 re/_trace.py:47 close.started
DEBUG 2026-06-23 17:46:50 re/_trace.py:47 close.complete
DEBUG 2026-06-23 17:46:50 re/_trace.py:47 close.started
DEBUG 2026-06-23 17:46:50 re/_trace.py:47 close.complete
DEBUG 2026-06-23 17:46:50 re/_trace.py:47 close.started
DEBUG 2026-06-23 17:46:50 re/_trace.py:47 close.complete
DEBUG 2026-06-23 17:46:50 re/_trace.py:47 close.started
DEBUG 2026-06-23 17:46:50 re/_trace.py:47 close.complete
DEBUG 2026-06-23 17:46:50 re/_trace.py:47 close.started
DEBUG 2026-06-23 17:46:50 re/_trace.py:47 close.complete
DEBUG 2026-06-23 17:46:50 re/_trace.py:47 close.started
DEBUG 2026-06-23 17:46:50 re/_trace.py:47 close.complete
DEBUG 2026-06-23 17:46:50 re/_trace.py:47 close.started
DEBUG 2026-06-23 17:46:50 re/_trace.py:47 close.complete
DEBUG 2026-06-23 17:46:50 re/_trace.py:47 close.started
DEBUG 2026-06-23 17:46:50 re/_trace.py:47 close.complete
DEBUG 2026-06-23 17:46:50 re/_trace.py:47 close.started
DEBUG 2026-06-23 17:46:50 re/_trace.py:47 close.complete
INFO 2026-06-23 17:49:57 ot_train.py:459 step:5K smpl:3M ep:5K epch:24.40 loss:0.024 grdn:0.092 lr:1.0e-04 updt_s:2.289 data_s:0.114
WARNING 2026-06-23 17:49:57 db_utils.py:181 WandB logging of key "loss_per_dim" was ignored as its type "<class 'list'>" is not handled by this wrapper.
DEBUG 2026-06-23 17:54:44 re/_trace.py:47 close.started
DEBUG 2026-06-23 17:54:44 re/_trace.py:47 close.complete
DEBUG 2026-06-23 17:54:45 re/_trace.py:47 close.started
DEBUG 2026-06-23 17:54:45 re/_trace.py:47 close.complete
DEBUG 2026-06-23 17:54:45 re/_trace.py:47 close.started
DEBUG 2026-06-23 17:54:45 re/_trace.py:47 close.complete
DEBUG 2026-06-23 17:54:45 re/_trace.py:47 close.started
DEBUG 2026-06-23 17:54:45 re/_trace.py:47 close.complete
DEBUG 2026-06-23 17:54:45 re/_trace.py:47 close.started
DEBUG 2026-06-23 17:54:45 re/_trace.py:47 close.complete
DEBUG 2026-06-23 17:54:45 re/_trace.py:47 close.started
DEBUG 2026-06-23 17:54:45 re/_trace.py:47 close.complete
DEBUG 2026-06-23 17:54:45 re/_trace.py:47 close.started
DEBUG 2026-06-23 17:54:45 re/_trace.py:47 close.complete
DEBUG 2026-06-23 17:54:45 re/_trace.py:47 close.started
DEBUG 2026-06-23 17:54:45 re/_trace.py:47 close.complete
DEBUG 2026-06-23 17:54:45 re/_trace.py:47 close.started
DEBUG 2026-06-23 17:54:45 re/_trace.py:47 close.complete
DEBUG 2026-06-23 17:54:45 re/_trace.py:47 close.started
DEBUG 2026-06-23 17:54:45 re/_trace.py:47 close.complete
INFO 2026-06-23 17:57:58 ot_train.py:459 step:5K smpl:3M ep:5K epch:25.42 loss:0.023 grdn:0.090 lr:1.0e-04 updt_s:2.285 data_s:0.119
WARNING 2026-06-23 17:57:58 db_utils.py:181 WandB logging of key "loss_per_dim" was ignored as its type "<class 'list'>" is not handled by this wrapper.
DEBUG 2026-06-23 18:02:38 re/_trace.py:47 close.started
DEBUG 2026-06-23 18:02:38 re/_trace.py:47 close.complete
DEBUG 2026-06-23 18:02:38 re/_trace.py:47 close.started
DEBUG 2026-06-23 18:02:38 re/_trace.py:47 close.complete
DEBUG 2026-06-23 18:02:38 re/_trace.py:47 close.started
DEBUG 2026-06-23 18:02:38 re/_trace.py:47 close.complete
DEBUG 2026-06-23 18:02:38 re/_trace.py:47 close.started
DEBUG 2026-06-23 18:02:38 re/_trace.py:47 close.complete
DEBUG 2026-06-23 18:02:38 re/_trace.py:47 close.started
DEBUG 2026-06-23 18:02:38 re/_trace.py:47 close.complete
DEBUG 2026-06-23 18:02:38 re/_trace.py:47 close.started
DEBUG 2026-06-23 18:02:38 re/_trace.py:47 close.complete
DEBUG 2026-06-23 18:02:38 re/_trace.py:47 close.started
DEBUG 2026-06-23 18:02:38 re/_trace.py:47 close.complete
DEBUG 2026-06-23 18:02:38 re/_trace.py:47 close.started
DEBUG 2026-06-23 18:02:38 re/_trace.py:47 close.complete
DEBUG 2026-06-23 18:02:38 re/_trace.py:47 close.started
DEBUG 2026-06-23 18:02:38 re/_trace.py:47 close.complete
DEBUG 2026-06-23 18:02:38 re/_trace.py:47 close.started
DEBUG 2026-06-23 18:02:38 re/_trace.py:47 close.complete
INFO 2026-06-23 18:06:00 ot_train.py:459 step:5K smpl:3M ep:5K epch:26.44 loss:0.022 grdn:0.089 lr:1.0e-04 updt_s:2.276 data_s:0.131
WARNING 2026-06-23 18:06:00 db_utils.py:181 WandB logging of key "loss_per_dim" was ignored as its type "<class 'list'>" is not handled by this wrapper.
DEBUG 2026-06-23 18:10:33 re/_trace.py:47 close.started
DEBUG 2026-06-23 18:10:33 re/_trace.py:47 close.complete
DEBUG 2026-06-23 18:10:33 re/_trace.py:47 close.started
DEBUG 2026-06-23 18:10:33 re/_trace.py:47 close.complete
DEBUG 2026-06-23 18:10:33 re/_trace.py:47 close.started
DEBUG 2026-06-23 18:10:33 re/_trace.py:47 close.complete
DEBUG 2026-06-23 18:10:33 re/_trace.py:47 close.started
DEBUG 2026-06-23 18:10:33 re/_trace.py:47 close.complete
DEBUG 2026-06-23 18:10:33 re/_trace.py:47 close.started
DEBUG 2026-06-23 18:10:33 re/_trace.py:47 close.complete
DEBUG 2026-06-23 18:10:33 re/_trace.py:47 close.started
DEBUG 2026-06-23 18:10:33 re/_trace.py:47 close.complete
DEBUG 2026-06-23 18:10:33 re/_trace.py:47 close.started
DEBUG 2026-06-23 18:10:33 re/_trace.py:47 close.complete
DEBUG 2026-06-23 18:10:33 re/_trace.py:47 close.started
DEBUG 2026-06-23 18:10:33 re/_trace.py:47 close.complete
DEBUG 2026-06-23 18:10:33 re/_trace.py:47 close.started
DEBUG 2026-06-23 18:10:33 re/_trace.py:47 close.complete
DEBUG 2026-06-23 18:10:33 re/_trace.py:47 close.started
DEBUG 2026-06-23 18:10:33 re/_trace.py:47 close.complete
INFO 2026-06-23 18:14:00 ot_train.py:459 step:5K smpl:3M ep:5K epch:27.46 loss:0.022 grdn:0.087 lr:1.0e-04 updt_s:2.265 data_s:0.137
WARNING 2026-06-23 18:14:00 db_utils.py:181 WandB logging of key "loss_per_dim" was ignored as its type "<class 'list'>" is not handled by this wrapper.
DEBUG 2026-06-23 18:18:26 re/_trace.py:47 close.started
DEBUG 2026-06-23 18:18:26 re/_trace.py:47 close.complete
DEBUG 2026-06-23 18:18:26 re/_trace.py:47 close.started
DEBUG 2026-06-23 18:18:26 re/_trace.py:47 close.complete
DEBUG 2026-06-23 18:18:26 re/_trace.py:47 close.started
DEBUG 2026-06-23 18:18:26 re/_trace.py:47 close.complete
DEBUG 2026-06-23 18:18:26 re/_trace.py:47 close.started
DEBUG 2026-06-23 18:18:26 re/_trace.py:47 close.complete
DEBUG 2026-06-23 18:18:26 re/_trace.py:47 close.started
DEBUG 2026-06-23 18:18:26 re/_trace.py:47 close.complete
DEBUG 2026-06-23 18:18:26 re/_trace.py:47 close.started
DEBUG 2026-06-23 18:18:26 re/_trace.py:47 close.complete
DEBUG 2026-06-23 18:18:26 re/_trace.py:47 close.started
DEBUG 2026-06-23 18:18:26 re/_trace.py:47 close.complete
DEBUG 2026-06-23 18:18:26 re/_trace.py:47 close.started
DEBUG 2026-06-23 18:18:26 re/_trace.py:47 close.complete
DEBUG 2026-06-23 18:18:26 re/_trace.py:47 close.started
DEBUG 2026-06-23 18:18:26 re/_trace.py:47 close.complete
DEBUG 2026-06-23 18:18:26 re/_trace.py:47 close.started
DEBUG 2026-06-23 18:18:26 re/_trace.py:47 close.complete
INFO 2026-06-23 18:22:02 ot_train.py:459 step:6K smpl:3M ep:6K epch:28.47 loss:0.021 grdn:0.086 lr:1.0e-04 updt_s:2.286 data_s:0.118
WARNING 2026-06-23 18:22:02 db_utils.py:181 WandB logging of key "loss_per_dim" was ignored as its type "<class 'list'>" is not handled by this wrapper.
DEBUG 2026-06-23 18:26:21 re/_trace.py:47 close.started
DEBUG 2026-06-23 18:26:21 re/_trace.py:47 close.complete
DEBUG 2026-06-23 18:26:21 re/_trace.py:47 close.started
DEBUG 2026-06-23 18:26:21 re/_trace.py:47 close.complete
DEBUG 2026-06-23 18:26:21 re/_trace.py:47 close.started
DEBUG 2026-06-23 18:26:21 re/_trace.py:47 close.complete
DEBUG 2026-06-23 18:26:21 re/_trace.py:47 close.started
DEBUG 2026-06-23 18:26:21 re/_trace.py:47 close.complete
DEBUG 2026-06-23 18:26:21 re/_trace.py:47 close.started
DEBUG 2026-06-23 18:26:21 re/_trace.py:47 close.complete
DEBUG 2026-06-23 18:26:21 re/_trace.py:47 close.started
DEBUG 2026-06-23 18:26:21 re/_trace.py:47 close.complete
DEBUG 2026-06-23 18:26:21 re/_trace.py:47 close.started
DEBUG 2026-06-23 18:26:21 re/_trace.py:47 close.complete
DEBUG 2026-06-23 18:26:21 re/_trace.py:47 close.started
DEBUG 2026-06-23 18:26:21 re/_trace.py:47 close.complete
DEBUG 2026-06-23 18:26:21 re/_trace.py:47 close.started
DEBUG 2026-06-23 18:26:21 re/_trace.py:47 close.complete
DEBUG 2026-06-23 18:26:21 re/_trace.py:47 close.started
DEBUG 2026-06-23 18:26:21 re/_trace.py:47 close.complete
INFO 2026-06-23 18:30:02 ot_train.py:459 step:6K smpl:4M ep:6K epch:29.49 loss:0.021 grdn:0.085 lr:1.0e-04 updt_s:2.273 data_s:0.125
WARNING 2026-06-23 18:30:02 db_utils.py:181 WandB logging of key "loss_per_dim" was ignored as its type "<class 'list'>" is not handled by this wrapper.
DEBUG 2026-06-23 18:34:13 re/_trace.py:47 close.started
DEBUG 2026-06-23 18:34:13 re/_trace.py:47 close.complete
DEBUG 2026-06-23 18:34:13 re/_trace.py:47 close.started
DEBUG 2026-06-23 18:34:13 re/_trace.py:47 close.complete
DEBUG 2026-06-23 18:34:13 re/_trace.py:47 close.started
DEBUG 2026-06-23 18:34:13 re/_trace.py:47 close.complete
DEBUG 2026-06-23 18:34:14 re/_trace.py:47 close.started
DEBUG 2026-06-23 18:34:14 re/_trace.py:47 close.complete
DEBUG 2026-06-23 18:34:14 re/_trace.py:47 close.started
DEBUG 2026-06-23 18:34:14 re/_trace.py:47 close.complete
DEBUG 2026-06-23 18:34:14 re/_trace.py:47 close.started
DEBUG 2026-06-23 18:34:14 re/_trace.py:47 close.complete
DEBUG 2026-06-23 18:34:14 re/_trace.py:47 close.started
DEBUG 2026-06-23 18:34:14 re/_trace.py:47 close.complete
DEBUG 2026-06-23 18:34:14 re/_trace.py:47 close.started
DEBUG 2026-06-23 18:34:14 re/_trace.py:47 close.complete
DEBUG 2026-06-23 18:34:14 re/_trace.py:47 close.started
DEBUG 2026-06-23 18:34:14 re/_trace.py:47 close.complete
DEBUG 2026-06-23 18:34:14 re/_trace.py:47 close.started
DEBUG 2026-06-23 18:34:14 re/_trace.py:47 close.complete
INFO 2026-06-23 18:38:01 ot_train.py:459 step:6K smpl:4M ep:6K epch:30.51 loss:0.020 grdn:0.083 lr:1.0e-04 updt_s:2.270 data_s:0.124
WARNING 2026-06-23 18:38:01 db_utils.py:181 WandB logging of key "loss_per_dim" was ignored as its type "<class 'list'>" is not handled by this wrapper.
INFO 2026-06-23 18:38:01 ot_train.py:479 Checkpoint policy after step 6000
DEBUG 2026-06-23 18:38:34 tionpool.py:289 Resetting dropped connection: api.wandb.ai
DEBUG 2026-06-23 18:38:35 tionpool.py:544 https://api.wandb.ai:443 "POST /graphql HTTP/1.1" 200 None
DEBUG 2026-06-23 18:42:40 re/_trace.py:47 close.started
DEBUG 2026-06-23 18:42:40 re/_trace.py:47 close.complete
DEBUG 2026-06-23 18:42:40 re/_trace.py:47 close.started
DEBUG 2026-06-23 18:42:40 re/_trace.py:47 close.complete
DEBUG 2026-06-23 18:42:40 re/_trace.py:47 close.started
DEBUG 2026-06-23 18:42:40 re/_trace.py:47 close.complete
DEBUG 2026-06-23 18:42:40 re/_trace.py:47 close.started
DEBUG 2026-06-23 18:42:40 re/_trace.py:47 close.complete
DEBUG 2026-06-23 18:42:40 re/_trace.py:47 close.started
DEBUG 2026-06-23 18:42:40 re/_trace.py:47 close.complete
DEBUG 2026-06-23 18:42:40 re/_trace.py:47 close.started
DEBUG 2026-06-23 18:42:40 re/_trace.py:47 close.complete
DEBUG 2026-06-23 18:42:41 re/_trace.py:47 close.started
DEBUG 2026-06-23 18:42:41 re/_trace.py:47 close.complete
DEBUG 2026-06-23 18:42:41 re/_trace.py:47 close.started
DEBUG 2026-06-23 18:42:41 re/_trace.py:47 close.complete
DEBUG 2026-06-23 18:42:41 re/_trace.py:47 close.started
DEBUG 2026-06-23 18:42:41 re/_trace.py:47 close.complete
DEBUG 2026-06-23 18:42:41 re/_trace.py:47 close.started
DEBUG 2026-06-23 18:42:41 re/_trace.py:47 close.complete
INFO 2026-06-23 18:46:34 ot_train.py:459 step:6K smpl:4M ep:6K epch:31.52 loss:0.020 grdn:0.084 lr:9.9e-05 updt_s:2.259 data_s:0.133
WARNING 2026-06-23 18:46:34 db_utils.py:181 WandB logging of key "loss_per_dim" was ignored as its type "<class 'list'>" is not handled by this wrapper.
DEBUG 2026-06-23 18:50:32 re/_trace.py:47 close.started
DEBUG 2026-06-23 18:50:32 re/_trace.py:47 close.complete
DEBUG 2026-06-23 18:50:32 re/_trace.py:47 close.started
DEBUG 2026-06-23 18:50:32 re/_trace.py:47 close.complete
DEBUG 2026-06-23 18:50:32 re/_trace.py:47 close.started
DEBUG 2026-06-23 18:50:32 re/_trace.py:47 close.complete
DEBUG 2026-06-23 18:50:32 re/_trace.py:47 close.started
DEBUG 2026-06-23 18:50:32 re/_trace.py:47 close.complete
DEBUG 2026-06-23 18:50:32 re/_trace.py:47 close.started
DEBUG 2026-06-23 18:50:32 re/_trace.py:47 close.complete
DEBUG 2026-06-23 18:50:32 re/_trace.py:47 close.started
DEBUG 2026-06-23 18:50:32 re/_trace.py:47 close.complete
DEBUG 2026-06-23 18:50:33 re/_trace.py:47 close.started
DEBUG 2026-06-23 18:50:33 re/_trace.py:47 close.complete
DEBUG 2026-06-23 18:50:33 re/_trace.py:47 close.started
DEBUG 2026-06-23 18:50:33 re/_trace.py:47 close.complete
DEBUG 2026-06-23 18:50:33 re/_trace.py:47 close.started
DEBUG 2026-06-23 18:50:33 re/_trace.py:47 close.complete
DEBUG 2026-06-23 18:50:33 re/_trace.py:47 close.started
DEBUG 2026-06-23 18:50:33 re/_trace.py:47 close.complete
INFO 2026-06-23 18:54:33 ot_train.py:459 step:6K smpl:4M ep:7K epch:32.54 loss:0.020 grdn:0.083 lr:9.9e-05 updt_s:2.264 data_s:0.133
WARNING 2026-06-23 18:54:33 db_utils.py:181 WandB logging of key "loss_per_dim" was ignored as its type "<class 'list'>" is not handled by this wrapper.
DEBUG 2026-06-23 18:58:24 re/_trace.py:47 close.started
DEBUG 2026-06-23 18:58:24 re/_trace.py:47 close.complete
DEBUG 2026-06-23 18:58:24 re/_trace.py:47 close.started
DEBUG 2026-06-23 18:58:24 re/_trace.py:47 close.complete
DEBUG 2026-06-23 18:58:24 re/_trace.py:47 close.started
DEBUG 2026-06-23 18:58:24 re/_trace.py:47 close.complete
DEBUG 2026-06-23 18:58:25 re/_trace.py:47 close.started
DEBUG 2026-06-23 18:58:25 re/_trace.py:47 close.complete
DEBUG 2026-06-23 18:58:25 re/_trace.py:47 close.started
DEBUG 2026-06-23 18:58:25 re/_trace.py:47 close.complete
DEBUG 2026-06-23 18:58:25 re/_trace.py:47 close.started
DEBUG 2026-06-23 18:58:25 re/_trace.py:47 close.complete
DEBUG 2026-06-23 18:58:25 re/_trace.py:47 close.started
DEBUG 2026-06-23 18:58:25 re/_trace.py:47 close.complete
DEBUG 2026-06-23 18:58:25 re/_trace.py:47 close.started
DEBUG 2026-06-23 18:58:25 re/_trace.py:47 close.complete
DEBUG 2026-06-23 18:58:25 re/_trace.py:47 close.started
DEBUG 2026-06-23 18:58:25 re/_trace.py:47 close.complete
DEBUG 2026-06-23 18:58:25 re/_trace.py:47 close.started
DEBUG 2026-06-23 18:58:25 re/_trace.py:47 close.complete
INFO 2026-06-23 19:02:34 ot_train.py:459 step:7K smpl:4M ep:7K epch:33.56 loss:0.019 grdn:0.083 lr:9.8e-05 updt_s:2.279 data_s:0.122
WARNING 2026-06-23 19:02:34 db_utils.py:181 WandB logging of key "loss_per_dim" was ignored as its type "<class 'list'>" is not handled by this wrapper.
DEBUG 2026-06-23 19:06:20 re/_trace.py:47 close.started
DEBUG 2026-06-23 19:06:20 re/_trace.py:47 close.complete
DEBUG 2026-06-23 19:06:20 re/_trace.py:47 close.started
DEBUG 2026-06-23 19:06:20 re/_trace.py:47 close.complete
DEBUG 2026-06-23 19:06:20 re/_trace.py:47 close.started
DEBUG 2026-06-23 19:06:20 re/_trace.py:47 close.complete
DEBUG 2026-06-23 19:06:20 re/_trace.py:47 close.started
DEBUG 2026-06-23 19:06:20 re/_trace.py:47 close.complete
DEBUG 2026-06-23 19:06:20 re/_trace.py:47 close.started
DEBUG 2026-06-23 19:06:20 re/_trace.py:47 close.complete
DEBUG 2026-06-23 19:06:21 re/_trace.py:47 close.started
DEBUG 2026-06-23 19:06:21 re/_trace.py:47 close.complete
DEBUG 2026-06-23 19:06:21 re/_trace.py:47 close.started
DEBUG 2026-06-23 19:06:21 re/_trace.py:47 close.complete
DEBUG 2026-06-23 19:06:21 re/_trace.py:47 close.started
DEBUG 2026-06-23 19:06:21 re/_trace.py:47 close.complete
DEBUG 2026-06-23 19:06:21 re/_trace.py:47 close.started
DEBUG 2026-06-23 19:06:21 re/_trace.py:47 close.complete
DEBUG 2026-06-23 19:06:21 re/_trace.py:47 close.started
DEBUG 2026-06-23 19:06:21 re/_trace.py:47 close.complete
INFO 2026-06-23 19:10:36 ot_train.py:459 step:7K smpl:4M ep:7K epch:34.57 loss:0.019 grdn:0.084 lr:9.7e-05 updt_s:2.269 data_s:0.136
WARNING 2026-06-23 19:10:36 db_utils.py:181 WandB logging of key "loss_per_dim" was ignored as its type "<class 'list'>" is not handled by this wrapper.
DEBUG 2026-06-23 19:14:13 re/_trace.py:47 close.started
DEBUG 2026-06-23 19:14:13 re/_trace.py:47 close.complete
DEBUG 2026-06-23 19:14:13 re/_trace.py:47 close.started
DEBUG 2026-06-23 19:14:13 re/_trace.py:47 close.complete
DEBUG 2026-06-23 19:14:13 re/_trace.py:47 close.started
DEBUG 2026-06-23 19:14:13 re/_trace.py:47 close.complete
DEBUG 2026-06-23 19:14:13 re/_trace.py:47 close.started
DEBUG 2026-06-23 19:14:13 re/_trace.py:47 close.complete
DEBUG 2026-06-23 19:14:14 re/_trace.py:47 close.started
DEBUG 2026-06-23 19:14:14 re/_trace.py:47 close.complete
DEBUG 2026-06-23 19:14:14 re/_trace.py:47 close.started
DEBUG 2026-06-23 19:14:14 re/_trace.py:47 close.complete
DEBUG 2026-06-23 19:14:14 re/_trace.py:47 close.started
DEBUG 2026-06-23 19:14:14 re/_trace.py:47 close.complete
DEBUG 2026-06-23 19:14:14 re/_trace.py:47 close.started
DEBUG 2026-06-23 19:14:14 re/_trace.py:47 close.complete
DEBUG 2026-06-23 19:14:14 re/_trace.py:47 close.started
DEBUG 2026-06-23 19:14:14 re/_trace.py:47 close.complete
DEBUG 2026-06-23 19:14:14 re/_trace.py:47 close.started
DEBUG 2026-06-23 19:14:14 re/_trace.py:47 close.complete
INFO 2026-06-23 19:18:35 ot_train.py:459 step:7K smpl:4M ep:7K epch:35.59 loss:0.018 grdn:0.081 lr:9.7e-05 updt_s:2.264 data_s:0.128
WARNING 2026-06-23 19:18:35 db_utils.py:181 WandB logging of key "loss_per_dim" was ignored as its type "<class 'list'>" is not handled by this wrapper.
DEBUG 2026-06-23 19:22:06 re/_trace.py:47 close.started
DEBUG 2026-06-23 19:22:06 re/_trace.py:47 close.complete
DEBUG 2026-06-23 19:22:06 re/_trace.py:47 close.started
DEBUG 2026-06-23 19:22:06 re/_trace.py:47 close.complete
DEBUG 2026-06-23 19:22:06 re/_trace.py:47 close.started
DEBUG 2026-06-23 19:22:06 re/_trace.py:47 close.complete
DEBUG 2026-06-23 19:22:06 re/_trace.py:47 close.started
DEBUG 2026-06-23 19:22:06 re/_trace.py:47 close.complete
DEBUG 2026-06-23 19:22:06 re/_trace.py:47 close.started
DEBUG 2026-06-23 19:22:06 re/_trace.py:47 close.complete
DEBUG 2026-06-23 19:22:06 re/_trace.py:47 close.started
DEBUG 2026-06-23 19:22:06 re/_trace.py:47 close.complete
DEBUG 2026-06-23 19:22:06 re/_trace.py:47 close.started
DEBUG 2026-06-23 19:22:06 re/_trace.py:47 close.complete
DEBUG 2026-06-23 19:22:07 re/_trace.py:47 close.started
DEBUG 2026-06-23 19:22:07 re/_trace.py:47 close.complete
DEBUG 2026-06-23 19:22:07 re/_trace.py:47 close.started
DEBUG 2026-06-23 19:22:07 re/_trace.py:47 close.complete
DEBUG 2026-06-23 19:22:07 re/_trace.py:47 close.started
DEBUG 2026-06-23 19:22:07 re/_trace.py:47 close.complete
INFO 2026-06-23 19:26:35 ot_train.py:459 step:7K smpl:4M ep:7K epch:36.61 loss:0.018 grdn:0.079 lr:9.6e-05 updt_s:2.273 data_s:0.125
WARNING 2026-06-23 19:26:35 db_utils.py:181 WandB logging of key "loss_per_dim" was ignored as its type "<class 'list'>" is not handled by this wrapper.
DEBUG 2026-06-23 19:30:00 re/_trace.py:47 close.started
DEBUG 2026-06-23 19:30:00 re/_trace.py:47 close.complete
DEBUG 2026-06-23 19:30:00 re/_trace.py:47 close.started
DEBUG 2026-06-23 19:30:00 re/_trace.py:47 close.complete
DEBUG 2026-06-23 19:30:00 re/_trace.py:47 close.started
DEBUG 2026-06-23 19:30:00 re/_trace.py:47 close.complete
DEBUG 2026-06-23 19:30:00 re/_trace.py:47 close.started
DEBUG 2026-06-23 19:30:00 re/_trace.py:47 close.complete
DEBUG 2026-06-23 19:30:00 re/_trace.py:47 close.started
DEBUG 2026-06-23 19:30:00 re/_trace.py:47 close.complete
DEBUG 2026-06-23 19:30:00 re/_trace.py:47 close.started
DEBUG 2026-06-23 19:30:00 re/_trace.py:47 close.complete
DEBUG 2026-06-23 19:30:00 re/_trace.py:47 close.started
DEBUG 2026-06-23 19:30:00 re/_trace.py:47 close.complete
DEBUG 2026-06-23 19:30:00 re/_trace.py:47 close.started
DEBUG 2026-06-23 19:30:00 re/_trace.py:47 close.complete
DEBUG 2026-06-23 19:30:00 re/_trace.py:47 close.started
DEBUG 2026-06-23 19:30:00 re/_trace.py:47 close.complete
DEBUG 2026-06-23 19:30:00 re/_trace.py:47 close.started
DEBUG 2026-06-23 19:30:00 re/_trace.py:47 close.complete
INFO 2026-06-23 19:34:35 ot_train.py:459 step:7K smpl:4M ep:8K epch:37.62 loss:0.018 grdn:0.081 lr:9.5e-05 updt_s:2.270 data_s:0.128
WARNING 2026-06-23 19:34:35 db_utils.py:181 WandB logging of key "loss_per_dim" was ignored as its type "<class 'list'>" is not handled by this wrapper.
DEBUG 2026-06-23 19:37:51 re/_trace.py:47 close.started
DEBUG 2026-06-23 19:37:51 re/_trace.py:47 close.complete
DEBUG 2026-06-23 19:37:51 re/_trace.py:47 close.started
DEBUG 2026-06-23 19:37:51 re/_trace.py:47 close.complete
DEBUG 2026-06-23 19:37:51 re/_trace.py:47 close.started
DEBUG 2026-06-23 19:37:51 re/_trace.py:47 close.complete
DEBUG 2026-06-23 19:37:51 re/_trace.py:47 close.started
DEBUG 2026-06-23 19:37:51 re/_trace.py:47 close.complete
DEBUG 2026-06-23 19:37:51 re/_trace.py:47 close.started
DEBUG 2026-06-23 19:37:51 re/_trace.py:47 close.complete
DEBUG 2026-06-23 19:37:51 re/_trace.py:47 close.started
DEBUG 2026-06-23 19:37:51 re/_trace.py:47 close.complete
DEBUG 2026-06-23 19:37:51 re/_trace.py:47 close.started
DEBUG 2026-06-23 19:37:51 re/_trace.py:47 close.complete
DEBUG 2026-06-23 19:37:51 re/_trace.py:47 close.started
DEBUG 2026-06-23 19:37:51 re/_trace.py:47 close.complete
DEBUG 2026-06-23 19:37:51 re/_trace.py:47 close.started
DEBUG 2026-06-23 19:37:51 re/_trace.py:47 close.complete
DEBUG 2026-06-23 19:37:51 re/_trace.py:47 close.started
DEBUG 2026-06-23 19:37:51 re/_trace.py:47 close.complete
INFO 2026-06-23 19:42:35 ot_train.py:459 step:8K smpl:5M ep:8K epch:38.64 loss:0.017 grdn:0.079 lr:9.4e-05 updt_s:2.280 data_s:0.116
WARNING 2026-06-23 19:42:35 db_utils.py:181 WandB logging of key "loss_per_dim" was ignored as its type "<class 'list'>" is not handled by this wrapper.
DEBUG 2026-06-23 19:45:45 re/_trace.py:47 close.started
DEBUG 2026-06-23 19:45:45 re/_trace.py:47 close.complete
DEBUG 2026-06-23 19:45:46 re/_trace.py:47 close.started
DEBUG 2026-06-23 19:45:46 re/_trace.py:47 close.complete
DEBUG 2026-06-23 19:45:46 re/_trace.py:47 close.started
DEBUG 2026-06-23 19:45:46 re/_trace.py:47 close.complete
DEBUG 2026-06-23 19:45:46 re/_trace.py:47 close.started
DEBUG 2026-06-23 19:45:46 re/_trace.py:47 close.complete
DEBUG 2026-06-23 19:45:46 re/_trace.py:47 close.started
DEBUG 2026-06-23 19:45:46 re/_trace.py:47 close.complete
DEBUG 2026-06-23 19:45:46 re/_trace.py:47 close.started
DEBUG 2026-06-23 19:45:46 re/_trace.py:47 close.complete
DEBUG 2026-06-23 19:45:46 re/_trace.py:47 close.started
DEBUG 2026-06-23 19:45:46 re/_trace.py:47 close.complete
DEBUG 2026-06-23 19:45:46 re/_trace.py:47 close.started
DEBUG 2026-06-23 19:45:46 re/_trace.py:47 close.complete
DEBUG 2026-06-23 19:45:46 re/_trace.py:47 close.started
DEBUG 2026-06-23 19:45:46 re/_trace.py:47 close.complete
DEBUG 2026-06-23 19:45:46 re/_trace.py:47 close.started
DEBUG 2026-06-23 19:45:46 re/_trace.py:47 close.complete
INFO 2026-06-23 19:50:34 ot_train.py:459 step:8K smpl:5M ep:8K epch:39.66 loss:0.017 grdn:0.079 lr:9.3e-05 updt_s:2.275 data_s:0.120
WARNING 2026-06-23 19:50:34 db_utils.py:181 WandB logging of key "loss_per_dim" was ignored as its type "<class 'list'>" is not handled by this wrapper.
DEBUG 2026-06-23 19:53:37 re/_trace.py:47 close.started
DEBUG 2026-06-23 19:53:37 re/_trace.py:47 close.complete
DEBUG 2026-06-23 19:53:37 re/_trace.py:47 close.started
DEBUG 2026-06-23 19:53:37 re/_trace.py:47 close.complete
DEBUG 2026-06-23 19:53:37 re/_trace.py:47 close.started
DEBUG 2026-06-23 19:53:37 re/_trace.py:47 close.complete
DEBUG 2026-06-23 19:53:37 re/_trace.py:47 close.started
DEBUG 2026-06-23 19:53:37 re/_trace.py:47 close.complete
DEBUG 2026-06-23 19:53:38 re/_trace.py:47 close.started
DEBUG 2026-06-23 19:53:38 re/_trace.py:47 close.complete
DEBUG 2026-06-23 19:53:38 re/_trace.py:47 close.started
DEBUG 2026-06-23 19:53:38 re/_trace.py:47 close.complete
DEBUG 2026-06-23 19:53:38 re/_trace.py:47 close.started
DEBUG 2026-06-23 19:53:38 re/_trace.py:47 close.complete
DEBUG 2026-06-23 19:53:38 re/_trace.py:47 close.started
DEBUG 2026-06-23 19:53:38 re/_trace.py:47 close.complete
DEBUG 2026-06-23 19:53:38 re/_trace.py:47 close.started
DEBUG 2026-06-23 19:53:38 re/_trace.py:47 close.complete
DEBUG 2026-06-23 19:53:38 re/_trace.py:47 close.started
DEBUG 2026-06-23 19:53:38 re/_trace.py:47 close.complete
INFO 2026-06-23 19:58:35 ot_train.py:459 step:8K smpl:5M ep:8K epch:40.67 loss:0.016 grdn:0.079 lr:9.3e-05 updt_s:2.276 data_s:0.127
WARNING 2026-06-23 19:58:35 db_utils.py:181 WandB logging of key "loss_per_dim" was ignored as its type "<class 'list'>" is not handled by this wrapper.
DEBUG 2026-06-23 20:01:31 re/_trace.py:47 close.started
DEBUG 2026-06-23 20:01:31 re/_trace.py:47 close.complete
DEBUG 2026-06-23 20:01:31 re/_trace.py:47 close.started
DEBUG 2026-06-23 20:01:31 re/_trace.py:47 close.complete
DEBUG 2026-06-23 20:01:31 re/_trace.py:47 close.started
DEBUG 2026-06-23 20:01:31 re/_trace.py:47 close.complete
DEBUG 2026-06-23 20:01:31 re/_trace.py:47 close.started
DEBUG 2026-06-23 20:01:31 re/_trace.py:47 close.complete
DEBUG 2026-06-23 20:01:31 re/_trace.py:47 close.started
DEBUG 2026-06-23 20:01:31 re/_trace.py:47 close.complete
DEBUG 2026-06-23 20:01:31 re/_trace.py:47 close.started
DEBUG 2026-06-23 20:01:31 re/_trace.py:47 close.complete
DEBUG 2026-06-23 20:01:31 re/_trace.py:47 close.started
DEBUG 2026-06-23 20:01:31 re/_trace.py:47 close.complete
DEBUG 2026-06-23 20:01:31 re/_trace.py:47 close.started
DEBUG 2026-06-23 20:01:31 re/_trace.py:47 close.complete
DEBUG 2026-06-23 20:01:31 re/_trace.py:47 close.started
DEBUG 2026-06-23 20:01:31 re/_trace.py:47 close.complete
DEBUG 2026-06-23 20:01:31 re/_trace.py:47 close.started
DEBUG 2026-06-23 20:01:31 re/_trace.py:47 close.complete
INFO 2026-06-23 20:06:34 ot_train.py:459 step:8K smpl:5M ep:8K epch:41.69 loss:0.016 grdn:0.078 lr:9.2e-05 updt_s:2.268 data_s:0.126
WARNING 2026-06-23 20:06:34 db_utils.py:181 WandB logging of key "loss_per_dim" was ignored as its type "<class 'list'>" is not handled by this wrapper.
DEBUG 2026-06-23 20:09:23 re/_trace.py:47 close.started
DEBUG 2026-06-23 20:09:23 re/_trace.py:47 close.complete
DEBUG 2026-06-23 20:09:23 re/_trace.py:47 close.started
DEBUG 2026-06-23 20:09:23 re/_trace.py:47 close.complete
DEBUG 2026-06-23 20:09:23 re/_trace.py:47 close.started
DEBUG 2026-06-23 20:09:23 re/_trace.py:47 close.complete
DEBUG 2026-06-23 20:09:23 re/_trace.py:47 close.started
DEBUG 2026-06-23 20:09:23 re/_trace.py:47 close.complete
DEBUG 2026-06-23 20:09:23 re/_trace.py:47 close.started
DEBUG 2026-06-23 20:09:23 re/_trace.py:47 close.complete
DEBUG 2026-06-23 20:09:23 re/_trace.py:47 close.started
DEBUG 2026-06-23 20:09:23 re/_trace.py:47 close.complete
DEBUG 2026-06-23 20:09:23 re/_trace.py:47 close.started
DEBUG 2026-06-23 20:09:23 re/_trace.py:47 close.complete
DEBUG 2026-06-23 20:09:23 re/_trace.py:47 close.started
DEBUG 2026-06-23 20:09:23 re/_trace.py:47 close.complete
DEBUG 2026-06-23 20:09:23 re/_trace.py:47 close.started
DEBUG 2026-06-23 20:09:23 re/_trace.py:47 close.complete
DEBUG 2026-06-23 20:09:24 re/_trace.py:47 close.started
DEBUG 2026-06-23 20:09:24 re/_trace.py:47 close.complete
INFO 2026-06-23 20:14:34 ot_train.py:459 step:8K smpl:5M ep:9K epch:42.71 loss:0.016 grdn:0.080 lr:9.1e-05 updt_s:2.276 data_s:0.120
WARNING 2026-06-23 20:14:34 db_utils.py:181 WandB logging of key "loss_per_dim" was ignored as its type "<class 'list'>" is not handled by this wrapper.
DEBUG 2026-06-23 20:17:17 re/_trace.py:47 close.started
DEBUG 2026-06-23 20:17:17 re/_trace.py:47 close.complete
DEBUG 2026-06-23 20:17:17 re/_trace.py:47 close.started
DEBUG 2026-06-23 20:17:17 re/_trace.py:47 close.complete
DEBUG 2026-06-23 20:17:17 re/_trace.py:47 close.started
DEBUG 2026-06-23 20:17:17 re/_trace.py:47 close.complete
DEBUG 2026-06-23 20:17:17 re/_trace.py:47 close.started
DEBUG 2026-06-23 20:17:17 re/_trace.py:47 close.complete
DEBUG 2026-06-23 20:17:17 re/_trace.py:47 close.started
DEBUG 2026-06-23 20:17:17 re/_trace.py:47 close.complete
DEBUG 2026-06-23 20:17:17 re/_trace.py:47 close.started
DEBUG 2026-06-23 20:17:17 re/_trace.py:47 close.complete
DEBUG 2026-06-23 20:17:17 re/_trace.py:47 close.started
DEBUG 2026-06-23 20:17:17 re/_trace.py:47 close.complete
DEBUG 2026-06-23 20:17:17 re/_trace.py:47 close.started
DEBUG 2026-06-23 20:17:17 re/_trace.py:47 close.complete
DEBUG 2026-06-23 20:17:17 re/_trace.py:47 close.started
DEBUG 2026-06-23 20:17:17 re/_trace.py:47 close.complete
DEBUG 2026-06-23 20:17:17 re/_trace.py:47 close.started
DEBUG 2026-06-23 20:17:17 re/_trace.py:47 close.complete
INFO 2026-06-23 20:22:35 ot_train.py:459 step:9K smpl:5M ep:9K epch:43.73 loss:0.016 grdn:0.076 lr:9.0e-05 updt_s:2.283 data_s:0.118
WARNING 2026-06-23 20:22:35 db_utils.py:181 WandB logging of key "loss_per_dim" was ignored as its type "<class 'list'>" is not handled by this wrapper.
DEBUG 2026-06-23 20:25:11 re/_trace.py:47 close.started
DEBUG 2026-06-23 20:25:11 re/_trace.py:47 close.complete
DEBUG 2026-06-23 20:25:12 re/_trace.py:47 close.started
DEBUG 2026-06-23 20:25:12 re/_trace.py:47 close.complete
DEBUG 2026-06-23 20:25:12 re/_trace.py:47 close.started
DEBUG 2026-06-23 20:25:12 re/_trace.py:47 close.complete
DEBUG 2026-06-23 20:25:12 re/_trace.py:47 close.started
DEBUG 2026-06-23 20:25:12 re/_trace.py:47 close.complete
DEBUG 2026-06-23 20:25:12 re/_trace.py:47 close.started
DEBUG 2026-06-23 20:25:12 re/_trace.py:47 close.complete
DEBUG 2026-06-23 20:25:12 re/_trace.py:47 close.started
DEBUG 2026-06-23 20:25:12 re/_trace.py:47 close.complete
DEBUG 2026-06-23 20:25:12 re/_trace.py:47 close.started
DEBUG 2026-06-23 20:25:12 re/_trace.py:47 close.complete
DEBUG 2026-06-23 20:25:12 re/_trace.py:47 close.started
DEBUG 2026-06-23 20:25:12 re/_trace.py:47 close.complete
DEBUG 2026-06-23 20:25:12 re/_trace.py:47 close.started
DEBUG 2026-06-23 20:25:12 re/_trace.py:47 close.complete
DEBUG 2026-06-23 20:25:12 re/_trace.py:47 close.started
DEBUG 2026-06-23 20:25:12 re/_trace.py:47 close.complete
INFO 2026-06-23 20:30:34 ot_train.py:459 step:9K smpl:5M ep:9K epch:44.74 loss:0.016 grdn:0.077 lr:8.9e-05 updt_s:2.275 data_s:0.120
WARNING 2026-06-23 20:30:34 db_utils.py:181 WandB logging of key "loss_per_dim" was ignored as its type "<class 'list'>" is not handled by this wrapper.
DEBUG 2026-06-23 20:33:04 re/_trace.py:47 close.started
DEBUG 2026-06-23 20:33:04 re/_trace.py:47 close.complete
DEBUG 2026-06-23 20:33:04 re/_trace.py:47 close.started
DEBUG 2026-06-23 20:33:04 re/_trace.py:47 close.complete
DEBUG 2026-06-23 20:33:04 re/_trace.py:47 close.started
DEBUG 2026-06-23 20:33:04 re/_trace.py:47 close.complete
DEBUG 2026-06-23 20:33:04 re/_trace.py:47 close.started
DEBUG 2026-06-23 20:33:04 re/_trace.py:47 close.complete
DEBUG 2026-06-23 20:33:04 re/_trace.py:47 close.started
DEBUG 2026-06-23 20:33:04 re/_trace.py:47 close.complete
DEBUG 2026-06-23 20:33:04 re/_trace.py:47 close.started
DEBUG 2026-06-23 20:33:04 re/_trace.py:47 close.complete
DEBUG 2026-06-23 20:33:04 re/_trace.py:47 close.started
DEBUG 2026-06-23 20:33:04 re/_trace.py:47 close.complete
DEBUG 2026-06-23 20:33:04 re/_trace.py:47 close.started
DEBUG 2026-06-23 20:33:04 re/_trace.py:47 close.complete
DEBUG 2026-06-23 20:33:04 re/_trace.py:47 close.started
DEBUG 2026-06-23 20:33:04 re/_trace.py:47 close.complete
DEBUG 2026-06-23 20:33:04 re/_trace.py:47 close.started
DEBUG 2026-06-23 20:33:04 re/_trace.py:47 close.complete
INFO 2026-06-23 20:38:35 ot_train.py:459 step:9K smpl:5M ep:9K epch:45.76 loss:0.016 grdn:0.075 lr:8.8e-05 updt_s:2.274 data_s:0.130
WARNING 2026-06-23 20:38:35 db_utils.py:181 WandB logging of key "loss_per_dim" was ignored as its type "<class 'list'>" is not handled by this wrapper.
INFO 2026-06-23 20:38:35 ot_train.py:479 Checkpoint policy after step 9000
DEBUG 2026-06-23 20:39:09 tionpool.py:289 Resetting dropped connection: api.wandb.ai
DEBUG 2026-06-23 20:39:09 tionpool.py:544 https://api.wandb.ai:443 "POST /graphql HTTP/1.1" 200 None
DEBUG 2026-06-23 20:41:32 re/_trace.py:47 close.started
DEBUG 2026-06-23 20:41:32 re/_trace.py:47 close.complete
DEBUG 2026-06-23 20:41:32 re/_trace.py:47 close.started
DEBUG 2026-06-23 20:41:32 re/_trace.py:47 close.complete
DEBUG 2026-06-23 20:41:32 re/_trace.py:47 close.started
DEBUG 2026-06-23 20:41:32 re/_trace.py:47 close.complete
DEBUG 2026-06-23 20:41:32 re/_trace.py:47 close.started
DEBUG 2026-06-23 20:41:32 re/_trace.py:47 close.complete
DEBUG 2026-06-23 20:41:32 re/_trace.py:47 close.started
DEBUG 2026-06-23 20:41:32 re/_trace.py:47 close.complete
DEBUG 2026-06-23 20:41:32 re/_trace.py:47 close.started
DEBUG 2026-06-23 20:41:32 re/_trace.py:47 close.complete
DEBUG 2026-06-23 20:41:32 re/_trace.py:47 close.started
DEBUG 2026-06-23 20:41:32 re/_trace.py:47 close.complete
DEBUG 2026-06-23 20:41:32 re/_trace.py:47 close.started
DEBUG 2026-06-23 20:41:32 re/_trace.py:47 close.complete
DEBUG 2026-06-23 20:41:32 re/_trace.py:47 close.started
DEBUG 2026-06-23 20:41:32 re/_trace.py:47 close.complete
DEBUG 2026-06-23 20:41:32 re/_trace.py:47 close.started
DEBUG 2026-06-23 20:41:32 re/_trace.py:47 close.complete
INFO 2026-06-23 20:47:10 ot_train.py:459 step:9K smpl:6M ep:9K epch:46.78 loss:0.016 grdn:0.076 lr:8.7e-05 updt_s:2.279 data_s:0.122
WARNING 2026-06-23 20:47:10 db_utils.py:181 WandB logging of key "loss_per_dim" was ignored as its type "<class 'list'>" is not handled by this wrapper.
DEBUG 2026-06-23 20:49:26 re/_trace.py:47 close.started
DEBUG 2026-06-23 20:49:26 re/_trace.py:47 close.complete
DEBUG 2026-06-23 20:49:26 re/_trace.py:47 close.started
DEBUG 2026-06-23 20:49:26 re/_trace.py:47 close.complete
DEBUG 2026-06-23 20:49:26 re/_trace.py:47 close.started
DEBUG 2026-06-23 20:49:26 re/_trace.py:47 close.complete
DEBUG 2026-06-23 20:49:26 re/_trace.py:47 close.started
DEBUG 2026-06-23 20:49:26 re/_trace.py:47 close.complete
DEBUG 2026-06-23 20:49:26 re/_trace.py:47 close.started
DEBUG 2026-06-23 20:49:26 re/_trace.py:47 close.complete
DEBUG 2026-06-23 20:49:26 re/_trace.py:47 close.started
DEBUG 2026-06-23 20:49:26 re/_trace.py:47 close.complete
DEBUG 2026-06-23 20:49:26 re/_trace.py:47 close.started
DEBUG 2026-06-23 20:49:26 re/_trace.py:47 close.complete
DEBUG 2026-06-23 20:49:26 re/_trace.py:47 close.started
DEBUG 2026-06-23 20:49:26 re/_trace.py:47 close.complete
DEBUG 2026-06-23 20:49:26 re/_trace.py:47 close.started
DEBUG 2026-06-23 20:49:26 re/_trace.py:47 close.complete
DEBUG 2026-06-23 20:49:26 re/_trace.py:47 close.started
DEBUG 2026-06-23 20:49:26 re/_trace.py:47 close.complete
INFO 2026-06-23 20:55:12 ot_train.py:459 step:9K smpl:6M ep:10K epch:47.79 loss:0.015 grdn:0.077 lr:8.6e-05 updt_s:2.281 data_s:0.129
WARNING 2026-06-23 20:55:12 db_utils.py:181 WandB logging of key "loss_per_dim" was ignored as its type "<class 'list'>" is not handled by this wrapper.
DEBUG 2026-06-23 20:57:22 re/_trace.py:47 close.started
DEBUG 2026-06-23 20:57:22 re/_trace.py:47 close.complete
DEBUG 2026-06-23 20:57:22 re/_trace.py:47 close.started
DEBUG 2026-06-23 20:57:22 re/_trace.py:47 close.complete
DEBUG 2026-06-23 20:57:22 re/_trace.py:47 close.started
DEBUG 2026-06-23 20:57:22 re/_trace.py:47 close.complete
DEBUG 2026-06-23 20:57:22 re/_trace.py:47 close.started
DEBUG 2026-06-23 20:57:22 re/_trace.py:47 close.complete
DEBUG 2026-06-23 20:57:22 re/_trace.py:47 close.started
DEBUG 2026-06-23 20:57:22 re/_trace.py:47 close.complete
DEBUG 2026-06-23 20:57:22 re/_trace.py:47 close.started
DEBUG 2026-06-23 20:57:22 re/_trace.py:47 close.complete
DEBUG 2026-06-23 20:57:22 re/_trace.py:47 close.started
DEBUG 2026-06-23 20:57:22 re/_trace.py:47 close.complete
DEBUG 2026-06-23 20:57:22 re/_trace.py:47 close.started
DEBUG 2026-06-23 20:57:22 re/_trace.py:47 close.complete
DEBUG 2026-06-23 20:57:22 re/_trace.py:47 close.started
DEBUG 2026-06-23 20:57:22 re/_trace.py:47 close.complete
DEBUG 2026-06-23 20:57:22 re/_trace.py:47 close.started
DEBUG 2026-06-23 20:57:22 re/_trace.py:47 close.complete
INFO 2026-06-23 21:03:16 ot_train.py:459 step:10K smpl:6M ep:10K epch:48.81 loss:0.015 grdn:0.075 lr:8.6e-05 updt_s:2.305 data_s:0.113
WARNING 2026-06-23 21:03:16 db_utils.py:181 WandB logging of key "loss_per_dim" was ignored as its type "<class 'list'>" is not handled by this wrapper.
DEBUG 2026-06-23 21:05:18 re/_trace.py:47 close.started
DEBUG 2026-06-23 21:05:18 re/_trace.py:47 close.complete
DEBUG 2026-06-23 21:05:19 re/_trace.py:47 close.started
DEBUG 2026-06-23 21:05:19 re/_trace.py:47 close.complete
DEBUG 2026-06-23 21:05:19 re/_trace.py:47 close.started
DEBUG 2026-06-23 21:05:19 re/_trace.py:47 close.complete
DEBUG 2026-06-23 21:05:19 re/_trace.py:47 close.started
DEBUG 2026-06-23 21:05:19 re/_trace.py:47 close.complete
DEBUG 2026-06-23 21:05:19 re/_trace.py:47 close.started
DEBUG 2026-06-23 21:05:19 re/_trace.py:47 close.complete
DEBUG 2026-06-23 21:05:19 re/_trace.py:47 close.started
DEBUG 2026-06-23 21:05:19 re/_trace.py:47 close.complete
DEBUG 2026-06-23 21:05:19 re/_trace.py:47 close.started
DEBUG 2026-06-23 21:05:19 re/_trace.py:47 close.complete
DEBUG 2026-06-23 21:05:19 re/_trace.py:47 close.started
DEBUG 2026-06-23 21:05:19 re/_trace.py:47 close.complete
DEBUG 2026-06-23 21:05:19 re/_trace.py:47 close.started
DEBUG 2026-06-23 21:05:19 re/_trace.py:47 close.complete
DEBUG 2026-06-23 21:05:19 re/_trace.py:47 close.started
DEBUG 2026-06-23 21:05:19 re/_trace.py:47 close.complete
INFO 2026-06-23 21:11:14 ot_train.py:459 step:10K smpl:6M ep:10K epch:49.83 loss:0.015 grdn:0.074 lr:8.5e-05 updt_s:2.261 data_s:0.125
WARNING 2026-06-23 21:11:14 db_utils.py:181 WandB logging of key "loss_per_dim" was ignored as its type "<class 'list'>" is not handled by this wrapper.
DEBUG 2026-06-23 21:13:09 re/_trace.py:47 close.started
DEBUG 2026-06-23 21:13:09 re/_trace.py:47 close.complete
DEBUG 2026-06-23 21:13:09 re/_trace.py:47 close.started
DEBUG 2026-06-23 21:13:09 re/_trace.py:47 close.complete
DEBUG 2026-06-23 21:13:09 re/_trace.py:47 close.started
DEBUG 2026-06-23 21:13:09 re/_trace.py:47 close.complete
DEBUG 2026-06-23 21:13:09 re/_trace.py:47 close.started
DEBUG 2026-06-23 21:13:09 re/_trace.py:47 close.complete
DEBUG 2026-06-23 21:13:09 re/_trace.py:47 close.started
DEBUG 2026-06-23 21:13:09 re/_trace.py:47 close.complete
DEBUG 2026-06-23 21:13:09 re/_trace.py:47 close.started
DEBUG 2026-06-23 21:13:09 re/_trace.py:47 close.complete
DEBUG 2026-06-23 21:13:10 re/_trace.py:47 close.started
DEBUG 2026-06-23 21:13:10 re/_trace.py:47 close.complete
DEBUG 2026-06-23 21:13:10 re/_trace.py:47 close.started
DEBUG 2026-06-23 21:13:10 re/_trace.py:47 close.complete
DEBUG 2026-06-23 21:13:10 re/_trace.py:47 close.started
DEBUG 2026-06-23 21:13:10 re/_trace.py:47 close.complete
DEBUG 2026-06-23 21:13:10 re/_trace.py:47 close.started
DEBUG 2026-06-23 21:13:10 re/_trace.py:47 close.complete
INFO 2026-06-23 21:19:13 ot_train.py:459 step:10K smpl:6M ep:10K epch:50.84 loss:0.015 grdn:0.074 lr:8.4e-05 updt_s:2.265 data_s:0.128
WARNING 2026-06-23 21:19:13 db_utils.py:181 WandB logging of key "loss_per_dim" was ignored as its type "<class 'list'>" is not handled by this wrapper.
DEBUG 2026-06-23 21:21:01 re/_trace.py:47 close.started
DEBUG 2026-06-23 21:21:01 re/_trace.py:47 close.complete
DEBUG 2026-06-23 21:21:02 re/_trace.py:47 close.started
DEBUG 2026-06-23 21:21:02 re/_trace.py:47 close.complete
DEBUG 2026-06-23 21:21:02 re/_trace.py:47 close.started
DEBUG 2026-06-23 21:21:02 re/_trace.py:47 close.complete
DEBUG 2026-06-23 21:21:02 re/_trace.py:47 close.started
DEBUG 2026-06-23 21:21:02 re/_trace.py:47 close.complete
DEBUG 2026-06-23 21:21:02 re/_trace.py:47 close.started
DEBUG 2026-06-23 21:21:02 re/_trace.py:47 close.complete
DEBUG 2026-06-23 21:21:02 re/_trace.py:47 close.started
DEBUG 2026-06-23 21:21:02 re/_trace.py:47 close.complete
DEBUG 2026-06-23 21:21:02 re/_trace.py:47 close.started
DEBUG 2026-06-23 21:21:02 re/_trace.py:47 close.complete
DEBUG 2026-06-23 21:21:02 re/_trace.py:47 close.started
DEBUG 2026-06-23 21:21:02 re/_trace.py:47 close.complete
DEBUG 2026-06-23 21:21:02 re/_trace.py:47 close.started
DEBUG 2026-06-23 21:21:02 re/_trace.py:47 close.complete
DEBUG 2026-06-23 21:21:02 re/_trace.py:47 close.started
DEBUG 2026-06-23 21:21:02 re/_trace.py:47 close.complete
INFO 2026-06-23 21:27:14 ot_train.py:459 step:10K smpl:6M ep:10K epch:51.86 loss:0.014 grdn:0.074 lr:8.3e-05 updt_s:2.279 data_s:0.120
WARNING 2026-06-23 21:27:14 db_utils.py:181 WandB logging of key "loss_per_dim" was ignored as its type "<class 'list'>" is not handled by this wrapper.
DEBUG 2026-06-23 21:28:55 re/_trace.py:47 close.started
DEBUG 2026-06-23 21:28:55 re/_trace.py:47 close.complete
DEBUG 2026-06-23 21:28:55 re/_trace.py:47 close.started
DEBUG 2026-06-23 21:28:55 re/_trace.py:47 close.complete
DEBUG 2026-06-23 21:28:55 re/_trace.py:47 close.started
DEBUG 2026-06-23 21:28:55 re/_trace.py:47 close.complete
DEBUG 2026-06-23 21:28:55 re/_trace.py:47 close.started
DEBUG 2026-06-23 21:28:55 re/_trace.py:47 close.complete
DEBUG 2026-06-23 21:28:55 re/_trace.py:47 close.started
DEBUG 2026-06-23 21:28:55 re/_trace.py:47 close.complete
DEBUG 2026-06-23 21:28:55 re/_trace.py:47 close.started
DEBUG 2026-06-23 21:28:55 re/_trace.py:47 close.complete
DEBUG 2026-06-23 21:28:55 re/_trace.py:47 close.started
DEBUG 2026-06-23 21:28:55 re/_trace.py:47 close.complete
DEBUG 2026-06-23 21:28:56 re/_trace.py:47 close.started
DEBUG 2026-06-23 21:28:56 re/_trace.py:47 close.complete
DEBUG 2026-06-23 21:28:56 re/_trace.py:47 close.started
DEBUG 2026-06-23 21:28:56 re/_trace.py:47 close.complete
DEBUG 2026-06-23 21:28:56 re/_trace.py:47 close.started
DEBUG 2026-06-23 21:28:56 re/_trace.py:47 close.complete
INFO 2026-06-23 21:35:13 ot_train.py:459 step:10K smpl:6M ep:11K epch:52.88 loss:0.014 grdn:0.073 lr:8.2e-05 updt_s:2.274 data_s:0.121
WARNING 2026-06-23 21:35:13 db_utils.py:181 WandB logging of key "loss_per_dim" was ignored as its type "<class 'list'>" is not handled by this wrapper.
DEBUG 2026-06-23 21:36:47 re/_trace.py:47 close.started
DEBUG 2026-06-23 21:36:47 re/_trace.py:47 close.complete
DEBUG 2026-06-23 21:36:47 re/_trace.py:47 close.started
DEBUG 2026-06-23 21:36:47 re/_trace.py:47 close.complete
DEBUG 2026-06-23 21:36:47 re/_trace.py:47 close.started
DEBUG 2026-06-23 21:36:47 re/_trace.py:47 close.complete
DEBUG 2026-06-23 21:36:47 re/_trace.py:47 close.started
DEBUG 2026-06-23 21:36:47 re/_trace.py:47 close.complete
DEBUG 2026-06-23 21:36:47 re/_trace.py:47 close.started
DEBUG 2026-06-23 21:36:47 re/_trace.py:47 close.complete
DEBUG 2026-06-23 21:36:47 re/_trace.py:47 close.started
DEBUG 2026-06-23 21:36:47 re/_trace.py:47 close.complete
DEBUG 2026-06-23 21:36:47 re/_trace.py:47 close.started
DEBUG 2026-06-23 21:36:47 re/_trace.py:47 close.complete
DEBUG 2026-06-23 21:36:47 re/_trace.py:47 close.started
DEBUG 2026-06-23 21:36:47 re/_trace.py:47 close.complete
DEBUG 2026-06-23 21:36:47 re/_trace.py:47 close.started
DEBUG 2026-06-23 21:36:47 re/_trace.py:47 close.complete
DEBUG 2026-06-23 21:36:47 re/_trace.py:47 close.started
DEBUG 2026-06-23 21:36:47 re/_trace.py:47 close.complete
INFO 2026-06-23 21:43:12 ot_train.py:459 step:11K smpl:6M ep:11K epch:53.89 loss:0.014 grdn:0.076 lr:8.1e-05 updt_s:2.260 data_s:0.131
WARNING 2026-06-23 21:43:12 db_utils.py:181 WandB logging of key "loss_per_dim" was ignored as its type "<class 'list'>" is not handled by this wrapper.
DEBUG 2026-06-23 21:44:38 re/_trace.py:47 close.started
DEBUG 2026-06-23 21:44:38 re/_trace.py:47 close.complete
DEBUG 2026-06-23 21:44:38 re/_trace.py:47 close.started
DEBUG 2026-06-23 21:44:38 re/_trace.py:47 close.complete
DEBUG 2026-06-23 21:44:38 re/_trace.py:47 close.started
DEBUG 2026-06-23 21:44:38 re/_trace.py:47 close.complete
DEBUG 2026-06-23 21:44:38 re/_trace.py:47 close.started
DEBUG 2026-06-23 21:44:38 re/_trace.py:47 close.complete
DEBUG 2026-06-23 21:44:38 re/_trace.py:47 close.started
DEBUG 2026-06-23 21:44:38 re/_trace.py:47 close.complete
DEBUG 2026-06-23 21:44:38 re/_trace.py:47 close.started
DEBUG 2026-06-23 21:44:38 re/_trace.py:47 close.complete
DEBUG 2026-06-23 21:44:38 re/_trace.py:47 close.started
DEBUG 2026-06-23 21:44:38 re/_trace.py:47 close.complete
DEBUG 2026-06-23 21:44:38 re/_trace.py:47 close.started
DEBUG 2026-06-23 21:44:38 re/_trace.py:47 close.complete
DEBUG 2026-06-23 21:44:38 re/_trace.py:47 close.started
DEBUG 2026-06-23 21:44:38 re/_trace.py:47 close.complete
DEBUG 2026-06-23 21:44:38 re/_trace.py:47 close.started
DEBUG 2026-06-23 21:44:38 re/_trace.py:47 close.complete
INFO 2026-06-23 21:51:14 ot_train.py:459 step:11K smpl:7M ep:11K epch:54.91 loss:0.014 grdn:0.069 lr:8.0e-05 updt_s:2.281 data_s:0.125
WARNING 2026-06-23 21:51:14 db_utils.py:181 WandB logging of key "loss_per_dim" was ignored as its type "<class 'list'>" is not handled by this wrapper.
DEBUG 2026-06-23 21:52:34 re/_trace.py:47 close.started
DEBUG 2026-06-23 21:52:34 re/_trace.py:47 close.complete
DEBUG 2026-06-23 21:52:34 re/_trace.py:47 close.started
DEBUG 2026-06-23 21:52:34 re/_trace.py:47 close.complete
DEBUG 2026-06-23 21:52:34 re/_trace.py:47 close.started
DEBUG 2026-06-23 21:52:34 re/_trace.py:47 close.complete
DEBUG 2026-06-23 21:52:34 re/_trace.py:47 close.started
DEBUG 2026-06-23 21:52:34 re/_trace.py:47 close.complete
DEBUG 2026-06-23 21:52:34 re/_trace.py:47 close.started
DEBUG 2026-06-23 21:52:34 re/_trace.py:47 close.complete
DEBUG 2026-06-23 21:52:34 re/_trace.py:47 close.started
DEBUG 2026-06-23 21:52:34 re/_trace.py:47 close.complete
DEBUG 2026-06-23 21:52:34 re/_trace.py:47 close.started
DEBUG 2026-06-23 21:52:34 re/_trace.py:47 close.complete
DEBUG 2026-06-23 21:52:34 re/_trace.py:47 close.started
DEBUG 2026-06-23 21:52:34 re/_trace.py:47 close.complete
DEBUG 2026-06-23 21:52:34 re/_trace.py:47 close.started
DEBUG 2026-06-23 21:52:34 re/_trace.py:47 close.complete
DEBUG 2026-06-23 21:52:35 re/_trace.py:47 close.started
DEBUG 2026-06-23 21:52:35 re/_trace.py:47 close.complete
INFO 2026-06-23 21:59:15 ot_train.py:459 step:11K smpl:7M ep:11K epch:55.93 loss:0.013 grdn:0.074 lr:7.9e-05 updt_s:2.284 data_s:0.120
WARNING 2026-06-23 21:59:15 db_utils.py:181 WandB logging of key "loss_per_dim" was ignored as its type "<class 'list'>" is not handled by this wrapper.
DEBUG 2026-06-23 22:00:28 re/_trace.py:47 close.started
DEBUG 2026-06-23 22:00:28 re/_trace.py:47 close.complete
DEBUG 2026-06-23 22:00:28 re/_trace.py:47 close.started
DEBUG 2026-06-23 22:00:28 re/_trace.py:47 close.complete
DEBUG 2026-06-23 22:00:29 re/_trace.py:47 close.started
DEBUG 2026-06-23 22:00:29 re/_trace.py:47 close.complete
DEBUG 2026-06-23 22:00:29 re/_trace.py:47 close.started
DEBUG 2026-06-23 22:00:29 re/_trace.py:47 close.complete
DEBUG 2026-06-23 22:00:29 re/_trace.py:47 close.started
DEBUG 2026-06-23 22:00:29 re/_trace.py:47 close.complete
DEBUG 2026-06-23 22:00:29 re/_trace.py:47 close.started
DEBUG 2026-06-23 22:00:29 re/_trace.py:47 close.complete
DEBUG 2026-06-23 22:00:29 re/_trace.py:47 close.started
DEBUG 2026-06-23 22:00:29 re/_trace.py:47 close.complete
DEBUG 2026-06-23 22:00:29 re/_trace.py:47 close.started
DEBUG 2026-06-23 22:00:29 re/_trace.py:47 close.complete
DEBUG 2026-06-23 22:00:29 re/_trace.py:47 close.started
DEBUG 2026-06-23 22:00:29 re/_trace.py:47 close.complete
DEBUG 2026-06-23 22:00:29 re/_trace.py:47 close.started
DEBUG 2026-06-23 22:00:29 re/_trace.py:47 close.complete
INFO 2026-06-23 22:07:16 ot_train.py:459 step:11K smpl:7M ep:11K epch:56.94 loss:0.013 grdn:0.072 lr:7.8e-05 updt_s:2.288 data_s:0.116
WARNING 2026-06-23 22:07:16 db_utils.py:181 WandB logging of key "loss_per_dim" was ignored as its type "<class 'list'>" is not handled by this wrapper.
DEBUG 2026-06-23 22:08:24 re/_trace.py:47 close.started
DEBUG 2026-06-23 22:08:24 re/_trace.py:47 close.complete
DEBUG 2026-06-23 22:08:24 re/_trace.py:47 close.started
DEBUG 2026-06-23 22:08:24 re/_trace.py:47 close.complete
DEBUG 2026-06-23 22:08:24 re/_trace.py:47 close.started
DEBUG 2026-06-23 22:08:24 re/_trace.py:47 close.complete
DEBUG 2026-06-23 22:08:24 re/_trace.py:47 close.started
DEBUG 2026-06-23 22:08:24 re/_trace.py:47 close.complete
DEBUG 2026-06-23 22:08:24 re/_trace.py:47 close.started
DEBUG 2026-06-23 22:08:24 re/_trace.py:47 close.complete
DEBUG 2026-06-23 22:08:24 re/_trace.py:47 close.started
DEBUG 2026-06-23 22:08:24 re/_trace.py:47 close.complete
DEBUG 2026-06-23 22:08:24 re/_trace.py:47 close.started
DEBUG 2026-06-23 22:08:24 re/_trace.py:47 close.complete
DEBUG 2026-06-23 22:08:24 re/_trace.py:47 close.started
DEBUG 2026-06-23 22:08:24 re/_trace.py:47 close.complete
DEBUG 2026-06-23 22:08:24 re/_trace.py:47 close.started
DEBUG 2026-06-23 22:08:24 re/_trace.py:47 close.complete
DEBUG 2026-06-23 22:08:24 re/_trace.py:47 close.started
DEBUG 2026-06-23 22:08:24 re/_trace.py:47 close.complete
INFO 2026-06-23 22:15:16 ot_train.py:459 step:11K smpl:7M ep:12K epch:57.96 loss:0.013 grdn:0.071 lr:7.7e-05 updt_s:2.267 data_s:0.127
WARNING 2026-06-23 22:15:16 db_utils.py:181 WandB logging of key "loss_per_dim" was ignored as its type "<class 'list'>" is not handled by this wrapper.
DEBUG 2026-06-23 22:16:15 re/_trace.py:47 close.started
DEBUG 2026-06-23 22:16:15 re/_trace.py:47 close.complete
DEBUG 2026-06-23 22:16:15 re/_trace.py:47 close.started
DEBUG 2026-06-23 22:16:15 re/_trace.py:47 close.complete
DEBUG 2026-06-23 22:16:15 re/_trace.py:47 close.started
DEBUG 2026-06-23 22:16:15 re/_trace.py:47 close.complete
DEBUG 2026-06-23 22:16:15 re/_trace.py:47 close.started
DEBUG 2026-06-23 22:16:15 re/_trace.py:47 close.complete
DEBUG 2026-06-23 22:16:15 re/_trace.py:47 close.started
DEBUG 2026-06-23 22:16:15 re/_trace.py:47 close.complete
DEBUG 2026-06-23 22:16:15 re/_trace.py:47 close.started
DEBUG 2026-06-23 22:16:15 re/_trace.py:47 close.complete
DEBUG 2026-06-23 22:16:15 re/_trace.py:47 close.started
DEBUG 2026-06-23 22:16:15 re/_trace.py:47 close.complete
DEBUG 2026-06-23 22:16:15 re/_trace.py:47 close.started
DEBUG 2026-06-23 22:16:15 re/_trace.py:47 close.complete
DEBUG 2026-06-23 22:16:15 re/_trace.py:47 close.started
DEBUG 2026-06-23 22:16:15 re/_trace.py:47 close.complete
DEBUG 2026-06-23 22:16:15 re/_trace.py:47 close.started
DEBUG 2026-06-23 22:16:15 re/_trace.py:47 close.complete
INFO 2026-06-23 22:23:13 ot_train.py:459 step:12K smpl:7M ep:12K epch:58.98 loss:0.013 grdn:0.070 lr:7.6e-05 updt_s:2.252 data_s:0.130
WARNING 2026-06-23 22:23:13 db_utils.py:181 WandB logging of key "loss_per_dim" was ignored as its type "<class 'list'>" is not handled by this wrapper.
DEBUG 2026-06-23 22:24:06 re/_trace.py:47 close.started
DEBUG 2026-06-23 22:24:06 re/_trace.py:47 close.complete
DEBUG 2026-06-23 22:24:06 re/_trace.py:47 close.started
DEBUG 2026-06-23 22:24:06 re/_trace.py:47 close.complete
DEBUG 2026-06-23 22:24:06 re/_trace.py:47 close.started
DEBUG 2026-06-23 22:24:06 re/_trace.py:47 close.complete
DEBUG 2026-06-23 22:24:06 re/_trace.py:47 close.started
DEBUG 2026-06-23 22:24:06 re/_trace.py:47 close.complete
DEBUG 2026-06-23 22:24:06 re/_trace.py:47 close.started
DEBUG 2026-06-23 22:24:06 re/_trace.py:47 close.complete
DEBUG 2026-06-23 22:24:06 re/_trace.py:47 close.started
DEBUG 2026-06-23 22:24:06 re/_trace.py:47 close.complete
DEBUG 2026-06-23 22:24:06 re/_trace.py:47 close.started
DEBUG 2026-06-23 22:24:06 re/_trace.py:47 close.complete
DEBUG 2026-06-23 22:24:06 re/_trace.py:47 close.started
DEBUG 2026-06-23 22:24:06 re/_trace.py:47 close.complete
DEBUG 2026-06-23 22:24:06 re/_trace.py:47 close.started
DEBUG 2026-06-23 22:24:06 re/_trace.py:47 close.complete
DEBUG 2026-06-23 22:24:06 re/_trace.py:47 close.started
DEBUG 2026-06-23 22:24:06 re/_trace.py:47 close.complete
INFO 2026-06-23 22:31:13 ot_train.py:459 step:12K smpl:7M ep:12K epch:59.99 loss:0.013 grdn:0.070 lr:7.4e-05 updt_s:2.279 data_s:0.122
WARNING 2026-06-23 22:31:13 db_utils.py:181 WandB logging of key "loss_per_dim" was ignored as its type "<class 'list'>" is not handled by this wrapper.
DEBUG 2026-06-23 22:32:00 re/_trace.py:47 close.started
DEBUG 2026-06-23 22:32:00 re/_trace.py:47 close.complete
DEBUG 2026-06-23 22:32:00 re/_trace.py:47 close.started
DEBUG 2026-06-23 22:32:00 re/_trace.py:47 close.complete
DEBUG 2026-06-23 22:32:00 re/_trace.py:47 close.started
DEBUG 2026-06-23 22:32:00 re/_trace.py:47 close.complete
DEBUG 2026-06-23 22:32:00 re/_trace.py:47 close.started
DEBUG 2026-06-23 22:32:00 re/_trace.py:47 close.complete
DEBUG 2026-06-23 22:32:00 re/_trace.py:47 close.started
DEBUG 2026-06-23 22:32:00 re/_trace.py:47 close.complete
DEBUG 2026-06-23 22:32:00 re/_trace.py:47 close.started
DEBUG 2026-06-23 22:32:00 re/_trace.py:47 close.complete
DEBUG 2026-06-23 22:32:00 re/_trace.py:47 close.started
DEBUG 2026-06-23 22:32:00 re/_trace.py:47 close.complete
DEBUG 2026-06-23 22:32:00 re/_trace.py:47 close.started
DEBUG 2026-06-23 22:32:00 re/_trace.py:47 close.complete
DEBUG 2026-06-23 22:32:00 re/_trace.py:47 close.started
DEBUG 2026-06-23 22:32:00 re/_trace.py:47 close.complete
DEBUG 2026-06-23 22:32:00 re/_trace.py:47 close.started
DEBUG 2026-06-23 22:32:00 re/_trace.py:47 close.complete
INFO 2026-06-23 22:39:13 ot_train.py:459 step:12K smpl:7M ep:12K epch:61.01 loss:0.013 grdn:0.073 lr:7.3e-05 updt_s:2.263 data_s:0.132
WARNING 2026-06-23 22:39:13 db_utils.py:181 WandB logging of key "loss_per_dim" was ignored as its type "<class 'list'>" is not handled by this wrapper.
INFO 2026-06-23 22:39:13 ot_train.py:479 Checkpoint policy after step 12000
DEBUG 2026-06-23 22:39:46 tionpool.py:289 Resetting dropped connection: api.wandb.ai
DEBUG 2026-06-23 22:39:46 tionpool.py:544 https://api.wandb.ai:443 "POST /graphql HTTP/1.1" 200 None
DEBUG 2026-06-23 22:40:25 re/_trace.py:47 close.started
DEBUG 2026-06-23 22:40:25 re/_trace.py:47 close.complete
DEBUG 2026-06-23 22:40:25 re/_trace.py:47 close.started
DEBUG 2026-06-23 22:40:25 re/_trace.py:47 close.complete
DEBUG 2026-06-23 22:40:25 re/_trace.py:47 close.started
DEBUG 2026-06-23 22:40:25 re/_trace.py:47 close.complete
DEBUG 2026-06-23 22:40:25 re/_trace.py:47 close.started
DEBUG 2026-06-23 22:40:25 re/_trace.py:47 close.complete
DEBUG 2026-06-23 22:40:25 re/_trace.py:47 close.started
DEBUG 2026-06-23 22:40:25 re/_trace.py:47 close.complete
DEBUG 2026-06-23 22:40:25 re/_trace.py:47 close.started
DEBUG 2026-06-23 22:40:25 re/_trace.py:47 close.complete
DEBUG 2026-06-23 22:40:25 re/_trace.py:47 close.started
DEBUG 2026-06-23 22:40:25 re/_trace.py:47 close.complete
DEBUG 2026-06-23 22:40:25 re/_trace.py:47 close.started
DEBUG 2026-06-23 22:40:25 re/_trace.py:47 close.complete
DEBUG 2026-06-23 22:40:25 re/_trace.py:47 close.started
DEBUG 2026-06-23 22:40:25 re/_trace.py:47 close.complete
DEBUG 2026-06-23 22:40:25 re/_trace.py:47 close.started
DEBUG 2026-06-23 22:40:25 re/_trace.py:47 close.complete
INFO 2026-06-23 22:47:47 ot_train.py:459 step:12K smpl:7M ep:12K epch:62.03 loss:0.012 grdn:0.074 lr:7.2e-05 updt_s:2.291 data_s:0.114
WARNING 2026-06-23 22:47:47 db_utils.py:181 WandB logging of key "loss_per_dim" was ignored as its type "<class 'list'>" is not handled by this wrapper.
DEBUG 2026-06-23 22:48:20 re/_trace.py:47 close.started
DEBUG 2026-06-23 22:48:20 re/_trace.py:47 close.complete
DEBUG 2026-06-23 22:48:20 re/_trace.py:47 close.started
DEBUG 2026-06-23 22:48:20 re/_trace.py:47 close.complete
DEBUG 2026-06-23 22:48:20 re/_trace.py:47 close.started
DEBUG 2026-06-23 22:48:20 re/_trace.py:47 close.complete
DEBUG 2026-06-23 22:48:20 re/_trace.py:47 close.started
DEBUG 2026-06-23 22:48:20 re/_trace.py:47 close.complete
DEBUG 2026-06-23 22:48:20 re/_trace.py:47 close.started
DEBUG 2026-06-23 22:48:20 re/_trace.py:47 close.complete
DEBUG 2026-06-23 22:48:20 re/_trace.py:47 close.started
DEBUG 2026-06-23 22:48:20 re/_trace.py:47 close.complete
DEBUG 2026-06-23 22:48:20 re/_trace.py:47 close.started
DEBUG 2026-06-23 22:48:20 re/_trace.py:47 close.complete
DEBUG 2026-06-23 22:48:20 re/_trace.py:47 close.started
DEBUG 2026-06-23 22:48:20 re/_trace.py:47 close.complete
DEBUG 2026-06-23 22:48:20 re/_trace.py:47 close.started
DEBUG 2026-06-23 22:48:20 re/_trace.py:47 close.complete
DEBUG 2026-06-23 22:48:20 re/_trace.py:47 close.started
DEBUG 2026-06-23 22:48:20 re/_trace.py:47 close.complete
INFO 2026-06-23 22:55:49 ot_train.py:459 step:12K smpl:8M ep:13K epch:63.05 loss:0.012 grdn:0.070 lr:7.1e-05 updt_s:2.277 data_s:0.128
WARNING 2026-06-23 22:55:49 db_utils.py:181 WandB logging of key "loss_per_dim" was ignored as its type "<class 'list'>" is not handled by this wrapper.
DEBUG 2026-06-23 22:56:14 re/_trace.py:47 close.started
DEBUG 2026-06-23 22:56:14 re/_trace.py:47 close.complete
DEBUG 2026-06-23 22:56:14 re/_trace.py:47 close.started
DEBUG 2026-06-23 22:56:14 re/_trace.py:47 close.complete
DEBUG 2026-06-23 22:56:14 re/_trace.py:47 close.started
DEBUG 2026-06-23 22:56:14 re/_trace.py:47 close.complete
DEBUG 2026-06-23 22:56:14 re/_trace.py:47 close.started
DEBUG 2026-06-23 22:56:14 re/_trace.py:47 close.complete
DEBUG 2026-06-23 22:56:14 re/_trace.py:47 close.started
DEBUG 2026-06-23 22:56:14 re/_trace.py:47 close.complete
DEBUG 2026-06-23 22:56:14 re/_trace.py:47 close.started
DEBUG 2026-06-23 22:56:14 re/_trace.py:47 close.complete
DEBUG 2026-06-23 22:56:14 re/_trace.py:47 close.started
DEBUG 2026-06-23 22:56:14 re/_trace.py:47 close.complete
DEBUG 2026-06-23 22:56:14 re/_trace.py:47 close.started
DEBUG 2026-06-23 22:56:14 re/_trace.py:47 close.complete
DEBUG 2026-06-23 22:56:14 re/_trace.py:47 close.started
DEBUG 2026-06-23 22:56:14 re/_trace.py:47 close.complete
DEBUG 2026-06-23 22:56:15 re/_trace.py:47 close.started
DEBUG 2026-06-23 22:56:15 re/_trace.py:47 close.complete
INFO 2026-06-23 23:03:48 ot_train.py:459 step:13K smpl:8M ep:13K epch:64.06 loss:0.012 grdn:0.072 lr:7.0e-05 updt_s:2.268 data_s:0.126
WARNING 2026-06-23 23:03:48 db_utils.py:181 WandB logging of key "loss_per_dim" was ignored as its type "<class 'list'>" is not handled by this wrapper.
DEBUG 2026-06-23 23:04:08 re/_trace.py:47 close.started
DEBUG 2026-06-23 23:04:08 re/_trace.py:47 close.complete
DEBUG 2026-06-23 23:04:08 re/_trace.py:47 close.started
DEBUG 2026-06-23 23:04:08 re/_trace.py:47 close.complete
DEBUG 2026-06-23 23:04:08 re/_trace.py:47 close.started
DEBUG 2026-06-23 23:04:08 re/_trace.py:47 close.complete
DEBUG 2026-06-23 23:04:08 re/_trace.py:47 close.started
DEBUG 2026-06-23 23:04:08 re/_trace.py:47 close.complete
DEBUG 2026-06-23 23:04:08 re/_trace.py:47 close.started
DEBUG 2026-06-23 23:04:08 re/_trace.py:47 close.complete
DEBUG 2026-06-23 23:04:08 re/_trace.py:47 close.started
DEBUG 2026-06-23 23:04:08 re/_trace.py:47 close.complete
DEBUG 2026-06-23 23:04:08 re/_trace.py:47 close.started
DEBUG 2026-06-23 23:04:08 re/_trace.py:47 close.complete
DEBUG 2026-06-23 23:04:08 re/_trace.py:47 close.started
DEBUG 2026-06-23 23:04:08 re/_trace.py:47 close.complete
DEBUG 2026-06-23 23:04:08 re/_trace.py:47 close.started
DEBUG 2026-06-23 23:04:08 re/_trace.py:47 close.complete
DEBUG 2026-06-23 23:04:08 re/_trace.py:47 close.started
DEBUG 2026-06-23 23:04:08 re/_trace.py:47 close.complete
INFO 2026-06-23 23:11:49 ot_train.py:459 step:13K smpl:8M ep:13K epch:65.08 loss:0.012 grdn:0.072 lr:6.9e-05 updt_s:2.277 data_s:0.124
WARNING 2026-06-23 23:11:49 db_utils.py:181 WandB logging of key "loss_per_dim" was ignored as its type "<class 'list'>" is not handled by this wrapper.
DEBUG 2026-06-23 23:12:01 re/_trace.py:47 close.started
DEBUG 2026-06-23 23:12:01 re/_trace.py:47 close.complete
DEBUG 2026-06-23 23:12:01 re/_trace.py:47 close.started
DEBUG 2026-06-23 23:12:01 re/_trace.py:47 close.complete
DEBUG 2026-06-23 23:12:01 re/_trace.py:47 close.started
DEBUG 2026-06-23 23:12:01 re/_trace.py:47 close.complete
DEBUG 2026-06-23 23:12:01 re/_trace.py:47 close.started
DEBUG 2026-06-23 23:12:01 re/_trace.py:47 close.complete
DEBUG 2026-06-23 23:12:01 re/_trace.py:47 close.started
DEBUG 2026-06-23 23:12:01 re/_trace.py:47 close.complete
DEBUG 2026-06-23 23:12:01 re/_trace.py:47 close.started
DEBUG 2026-06-23 23:12:01 re/_trace.py:47 close.complete
DEBUG 2026-06-23 23:12:01 re/_trace.py:47 close.started
DEBUG 2026-06-23 23:12:01 re/_trace.py:47 close.complete
DEBUG 2026-06-23 23:12:01 re/_trace.py:47 close.started
DEBUG 2026-06-23 23:12:01 re/_trace.py:47 close.complete
DEBUG 2026-06-23 23:12:01 re/_trace.py:47 close.started
DEBUG 2026-06-23 23:12:01 re/_trace.py:47 close.complete
DEBUG 2026-06-23 23:12:02 re/_trace.py:47 close.started
DEBUG 2026-06-23 23:12:02 re/_trace.py:47 close.complete
INFO 2026-06-23 23:19:49 ot_train.py:459 step:13K smpl:8M ep:13K epch:66.10 loss:0.011 grdn:0.068 lr:6.8e-05 updt_s:2.274 data_s:0.125
WARNING 2026-06-23 23:19:49 db_utils.py:181 WandB logging of key "loss_per_dim" was ignored as its type "<class 'list'>" is not handled by this wrapper.
DEBUG 2026-06-23 23:19:55 re/_trace.py:47 close.started
DEBUG 2026-06-23 23:19:55 re/_trace.py:47 close.complete
DEBUG 2026-06-23 23:19:55 re/_trace.py:47 close.started
DEBUG 2026-06-23 23:19:55 re/_trace.py:47 close.complete
DEBUG 2026-06-23 23:19:55 re/_trace.py:47 close.started
DEBUG 2026-06-23 23:19:55 re/_trace.py:47 close.complete
DEBUG 2026-06-23 23:19:55 re/_trace.py:47 close.started
DEBUG 2026-06-23 23:19:55 re/_trace.py:47 close.complete
DEBUG 2026-06-23 23:19:55 re/_trace.py:47 close.started
DEBUG 2026-06-23 23:19:55 re/_trace.py:47 close.complete
DEBUG 2026-06-23 23:19:55 re/_trace.py:47 close.started
DEBUG 2026-06-23 23:19:55 re/_trace.py:47 close.complete
DEBUG 2026-06-23 23:19:55 re/_trace.py:47 close.started
DEBUG 2026-06-23 23:19:55 re/_trace.py:47 close.complete
DEBUG 2026-06-23 23:19:55 re/_trace.py:47 close.started
DEBUG 2026-06-23 23:19:55 re/_trace.py:47 close.complete
DEBUG 2026-06-23 23:19:55 re/_trace.py:47 close.started
DEBUG 2026-06-23 23:19:55 re/_trace.py:47 close.complete
DEBUG 2026-06-23 23:19:55 re/_trace.py:47 close.started
DEBUG 2026-06-23 23:19:55 re/_trace.py:47 close.complete
DEBUG 2026-06-23 23:27:51 re/_trace.py:47 close.started
DEBUG 2026-06-23 23:27:51 re/_trace.py:47 close.complete
DEBUG 2026-06-23 23:27:51 re/_trace.py:47 close.started
DEBUG 2026-06-23 23:27:51 re/_trace.py:47 close.complete
DEBUG 2026-06-23 23:27:51 re/_trace.py:47 close.started
DEBUG 2026-06-23 23:27:51 re/_trace.py:47 close.complete
DEBUG 2026-06-23 23:27:51 re/_trace.py:47 close.started
DEBUG 2026-06-23 23:27:51 re/_trace.py:47 close.complete
DEBUG 2026-06-23 23:27:51 re/_trace.py:47 close.started
DEBUG 2026-06-23 23:27:51 re/_trace.py:47 close.complete
DEBUG 2026-06-23 23:27:51 re/_trace.py:47 close.started
DEBUG 2026-06-23 23:27:51 re/_trace.py:47 close.complete
DEBUG 2026-06-23 23:27:51 re/_trace.py:47 close.started
DEBUG 2026-06-23 23:27:51 re/_trace.py:47 close.complete
DEBUG 2026-06-23 23:27:51 re/_trace.py:47 close.started
DEBUG 2026-06-23 23:27:51 re/_trace.py:47 close.complete
DEBUG 2026-06-23 23:27:51 re/_trace.py:47 close.started
DEBUG 2026-06-23 23:27:51 re/_trace.py:47 close.complete
DEBUG 2026-06-23 23:27:51 re/_trace.py:47 close.started
DEBUG 2026-06-23 23:27:51 re/_trace.py:47 close.complete
INFO 2026-06-23 23:28:12 ot_train.py:459 step:13K smpl:8M ep:13K epch:67.11 loss:0.011 grdn:0.068 lr:6.7e-05 updt_s:2.302 data_s:0.211
WARNING 2026-06-23 23:28:12 db_utils.py:181 WandB logging of key "loss_per_dim" was ignored as its type "<class 'list'>" is not handled by this wrapper.
DEBUG 2026-06-23 23:35:43 re/_trace.py:47 close.started
DEBUG 2026-06-23 23:35:43 re/_trace.py:47 close.complete
DEBUG 2026-06-23 23:35:43 re/_trace.py:47 close.started
DEBUG 2026-06-23 23:35:43 re/_trace.py:47 close.complete
DEBUG 2026-06-23 23:35:43 re/_trace.py:47 close.started
DEBUG 2026-06-23 23:35:43 re/_trace.py:47 close.complete
DEBUG 2026-06-23 23:35:43 re/_trace.py:47 close.started
DEBUG 2026-06-23 23:35:43 re/_trace.py:47 close.complete
DEBUG 2026-06-23 23:35:43 re/_trace.py:47 close.started
DEBUG 2026-06-23 23:35:43 re/_trace.py:47 close.complete
DEBUG 2026-06-23 23:35:43 re/_trace.py:47 close.started
DEBUG 2026-06-23 23:35:43 re/_trace.py:47 close.complete
DEBUG 2026-06-23 23:35:43 re/_trace.py:47 close.started
DEBUG 2026-06-23 23:35:43 re/_trace.py:47 close.complete
DEBUG 2026-06-23 23:35:43 re/_trace.py:47 close.started
DEBUG 2026-06-23 23:35:43 re/_trace.py:47 close.complete
DEBUG 2026-06-23 23:35:43 re/_trace.py:47 close.started
DEBUG 2026-06-23 23:35:43 re/_trace.py:47 close.complete
DEBUG 2026-06-23 23:35:44 re/_trace.py:47 close.started
DEBUG 2026-06-23 23:35:44 re/_trace.py:47 close.complete
INFO 2026-06-23 23:36:12 ot_train.py:459 step:13K smpl:8M ep:14K epch:68.13 loss:0.011 grdn:0.070 lr:6.6e-05 updt_s:2.266 data_s:0.132
WARNING 2026-06-23 23:36:12 db_utils.py:181 WandB logging of key "loss_per_dim" was ignored as its type "<class 'list'>" is not handled by this wrapper.
DEBUG 2026-06-23 23:43:38 re/_trace.py:47 close.started
DEBUG 2026-06-23 23:43:38 re/_trace.py:47 close.complete
DEBUG 2026-06-23 23:43:38 re/_trace.py:47 close.started
DEBUG 2026-06-23 23:43:38 re/_trace.py:47 close.complete
DEBUG 2026-06-23 23:43:38 re/_trace.py:47 close.started
DEBUG 2026-06-23 23:43:38 re/_trace.py:47 close.complete
DEBUG 2026-06-23 23:43:38 re/_trace.py:47 close.started
DEBUG 2026-06-23 23:43:38 re/_trace.py:47 close.complete
DEBUG 2026-06-23 23:43:38 re/_trace.py:47 close.started
DEBUG 2026-06-23 23:43:38 re/_trace.py:47 close.complete
DEBUG 2026-06-23 23:43:38 re/_trace.py:47 close.started
DEBUG 2026-06-23 23:43:38 re/_trace.py:47 close.complete
DEBUG 2026-06-23 23:43:38 re/_trace.py:47 close.started
DEBUG 2026-06-23 23:43:38 re/_trace.py:47 close.complete
DEBUG 2026-06-23 23:43:38 re/_trace.py:47 close.started
DEBUG 2026-06-23 23:43:38 re/_trace.py:47 close.complete
DEBUG 2026-06-23 23:43:38 re/_trace.py:47 close.started
DEBUG 2026-06-23 23:43:38 re/_trace.py:47 close.complete
DEBUG 2026-06-23 23:43:38 re/_trace.py:47 close.started
DEBUG 2026-06-23 23:43:38 re/_trace.py:47 close.complete
INFO 2026-06-23 23:44:15 ot_train.py:459 step:14K smpl:8M ep:14K epch:69.15 loss:0.012 grdn:0.070 lr:6.5e-05 updt_s:2.278 data_s:0.134
WARNING 2026-06-23 23:44:15 db_utils.py:181 WandB logging of key "loss_per_dim" was ignored as its type "<class 'list'>" is not handled by this wrapper.
DEBUG 2026-06-23 23:51:30 re/_trace.py:47 close.started
DEBUG 2026-06-23 23:51:30 re/_trace.py:47 close.complete
DEBUG 2026-06-23 23:51:30 re/_trace.py:47 close.started
DEBUG 2026-06-23 23:51:30 re/_trace.py:47 close.complete
DEBUG 2026-06-23 23:51:30 re/_trace.py:47 close.started
DEBUG 2026-06-23 23:51:30 re/_trace.py:47 close.complete
DEBUG 2026-06-23 23:51:30 re/_trace.py:47 close.started
DEBUG 2026-06-23 23:51:30 re/_trace.py:47 close.complete
DEBUG 2026-06-23 23:51:31 re/_trace.py:47 close.started
DEBUG 2026-06-23 23:51:31 re/_trace.py:47 close.complete
DEBUG 2026-06-23 23:51:31 re/_trace.py:47 close.started
DEBUG 2026-06-23 23:51:31 re/_trace.py:47 close.complete
DEBUG 2026-06-23 23:51:31 re/_trace.py:47 close.started
DEBUG 2026-06-23 23:51:31 re/_trace.py:47 close.complete
DEBUG 2026-06-23 23:51:31 re/_trace.py:47 close.started
DEBUG 2026-06-23 23:51:31 re/_trace.py:47 close.complete
DEBUG 2026-06-23 23:51:31 re/_trace.py:47 close.started
DEBUG 2026-06-23 23:51:31 re/_trace.py:47 close.complete
DEBUG 2026-06-23 23:51:31 re/_trace.py:47 close.started
DEBUG 2026-06-23 23:51:31 re/_trace.py:47 close.complete
INFO 2026-06-23 23:52:16 ot_train.py:459 step:14K smpl:8M ep:14K epch:70.16 loss:0.011 grdn:0.070 lr:6.4e-05 updt_s:2.270 data_s:0.131
WARNING 2026-06-23 23:52:16 db_utils.py:181 WandB logging of key "loss_per_dim" was ignored as its type "<class 'list'>" is not handled by this wrapper.
DEBUG 2026-06-23 23:59:25 re/_trace.py:47 close.started
DEBUG 2026-06-23 23:59:25 re/_trace.py:47 close.complete
DEBUG 2026-06-23 23:59:25 re/_trace.py:47 close.started
DEBUG 2026-06-23 23:59:25 re/_trace.py:47 close.complete
DEBUG 2026-06-23 23:59:25 re/_trace.py:47 close.started
DEBUG 2026-06-23 23:59:25 re/_trace.py:47 close.complete
DEBUG 2026-06-23 23:59:25 re/_trace.py:47 close.started
DEBUG 2026-06-23 23:59:25 re/_trace.py:47 close.complete
DEBUG 2026-06-23 23:59:25 re/_trace.py:47 close.started
DEBUG 2026-06-23 23:59:25 re/_trace.py:47 close.complete
DEBUG 2026-06-23 23:59:25 re/_trace.py:47 close.started
DEBUG 2026-06-23 23:59:25 re/_trace.py:47 close.complete
DEBUG 2026-06-23 23:59:25 re/_trace.py:47 close.started
DEBUG 2026-06-23 23:59:25 re/_trace.py:47 close.complete
DEBUG 2026-06-23 23:59:26 re/_trace.py:47 close.started
DEBUG 2026-06-23 23:59:26 re/_trace.py:47 close.complete
DEBUG 2026-06-23 23:59:26 re/_trace.py:47 close.started
DEBUG 2026-06-23 23:59:26 re/_trace.py:47 close.complete
DEBUG 2026-06-23 23:59:26 re/_trace.py:47 close.started
DEBUG 2026-06-23 23:59:26 re/_trace.py:47 close.complete
INFO 2026-06-24 00:00:16 ot_train.py:459 step:14K smpl:8M ep:14K epch:71.18 loss:0.011 grdn:0.071 lr:6.2e-05 updt_s:2.269 data_s:0.129
WARNING 2026-06-24 00:00:16 db_utils.py:181 WandB logging of key "loss_per_dim" was ignored as its type "<class 'list'>" is not handled by this wrapper.
DEBUG 2026-06-24 00:07:17 re/_trace.py:47 close.started
DEBUG 2026-06-24 00:07:17 re/_trace.py:47 close.complete
DEBUG 2026-06-24 00:07:17 re/_trace.py:47 close.started
DEBUG 2026-06-24 00:07:17 re/_trace.py:47 close.complete
DEBUG 2026-06-24 00:07:17 re/_trace.py:47 close.started
DEBUG 2026-06-24 00:07:17 re/_trace.py:47 close.complete
DEBUG 2026-06-24 00:07:17 re/_trace.py:47 close.started
DEBUG 2026-06-24 00:07:17 re/_trace.py:47 close.complete
DEBUG 2026-06-24 00:07:17 re/_trace.py:47 close.started
DEBUG 2026-06-24 00:07:17 re/_trace.py:47 close.complete
DEBUG 2026-06-24 00:07:17 re/_trace.py:47 close.started
DEBUG 2026-06-24 00:07:17 re/_trace.py:47 close.complete
DEBUG 2026-06-24 00:07:17 re/_trace.py:47 close.started
DEBUG 2026-06-24 00:07:17 re/_trace.py:47 close.complete
DEBUG 2026-06-24 00:07:17 re/_trace.py:47 close.started
DEBUG 2026-06-24 00:07:17 re/_trace.py:47 close.complete
DEBUG 2026-06-24 00:07:17 re/_trace.py:47 close.started
DEBUG 2026-06-24 00:07:17 re/_trace.py:47 close.complete
DEBUG 2026-06-24 00:07:18 re/_trace.py:47 close.started
DEBUG 2026-06-24 00:07:18 re/_trace.py:47 close.complete
INFO 2026-06-24 00:08:15 ot_train.py:459 step:14K smpl:9M ep:14K epch:72.20 loss:0.010 grdn:0.067 lr:6.1e-05 updt_s:2.272 data_s:0.122
WARNING 2026-06-24 00:08:15 db_utils.py:181 WandB logging of key "loss_per_dim" was ignored as its type "<class 'list'>" is not handled by this wrapper.
DEBUG 2026-06-24 00:15:09 re/_trace.py:47 close.started
DEBUG 2026-06-24 00:15:09 re/_trace.py:47 close.complete
DEBUG 2026-06-24 00:15:09 re/_trace.py:47 close.started
DEBUG 2026-06-24 00:15:09 re/_trace.py:47 close.complete
DEBUG 2026-06-24 00:15:09 re/_trace.py:47 close.started
DEBUG 2026-06-24 00:15:09 re/_trace.py:47 close.complete
DEBUG 2026-06-24 00:15:09 re/_trace.py:47 close.started
DEBUG 2026-06-24 00:15:09 re/_trace.py:47 close.complete
DEBUG 2026-06-24 00:15:09 re/_trace.py:47 close.started
DEBUG 2026-06-24 00:15:09 re/_trace.py:47 close.complete
DEBUG 2026-06-24 00:15:09 re/_trace.py:47 close.started
DEBUG 2026-06-24 00:15:09 re/_trace.py:47 close.complete
DEBUG 2026-06-24 00:15:09 re/_trace.py:47 close.started
DEBUG 2026-06-24 00:15:09 re/_trace.py:47 close.complete
DEBUG 2026-06-24 00:15:09 re/_trace.py:47 close.started
DEBUG 2026-06-24 00:15:09 re/_trace.py:47 close.complete
DEBUG 2026-06-24 00:15:09 re/_trace.py:47 close.started
DEBUG 2026-06-24 00:15:09 re/_trace.py:47 close.complete
DEBUG 2026-06-24 00:15:09 re/_trace.py:47 close.started
DEBUG 2026-06-24 00:15:09 re/_trace.py:47 close.complete
INFO 2026-06-24 00:16:15 ot_train.py:459 step:14K smpl:9M ep:15K epch:73.21 loss:0.010 grdn:0.068 lr:6.0e-05 updt_s:2.272 data_s:0.124
WARNING 2026-06-24 00:16:15 db_utils.py:181 WandB logging of key "loss_per_dim" was ignored as its type "<class 'list'>" is not handled by this wrapper.
DEBUG 2026-06-24 00:23:03 re/_trace.py:47 close.started
DEBUG 2026-06-24 00:23:03 re/_trace.py:47 close.complete
DEBUG 2026-06-24 00:23:03 re/_trace.py:47 close.started
DEBUG 2026-06-24 00:23:03 re/_trace.py:47 close.complete
DEBUG 2026-06-24 00:23:03 re/_trace.py:47 close.started
DEBUG 2026-06-24 00:23:03 re/_trace.py:47 close.complete
DEBUG 2026-06-24 00:23:03 re/_trace.py:47 close.started
DEBUG 2026-06-24 00:23:03 re/_trace.py:47 close.complete
DEBUG 2026-06-24 00:23:04 re/_trace.py:47 close.started
DEBUG 2026-06-24 00:23:04 re/_trace.py:47 close.complete
DEBUG 2026-06-24 00:23:04 re/_trace.py:47 close.started
DEBUG 2026-06-24 00:23:04 re/_trace.py:47 close.complete
DEBUG 2026-06-24 00:23:04 re/_trace.py:47 close.started
DEBUG 2026-06-24 00:23:04 re/_trace.py:47 close.complete
DEBUG 2026-06-24 00:23:04 re/_trace.py:47 close.started
DEBUG 2026-06-24 00:23:04 re/_trace.py:47 close.complete
DEBUG 2026-06-24 00:23:04 re/_trace.py:47 close.started
DEBUG 2026-06-24 00:23:04 re/_trace.py:47 close.complete
DEBUG 2026-06-24 00:23:04 re/_trace.py:47 close.started
DEBUG 2026-06-24 00:23:04 re/_trace.py:47 close.complete
INFO 2026-06-24 00:24:15 ot_train.py:459 step:15K smpl:9M ep:15K epch:74.23 loss:0.010 grdn:0.070 lr:5.9e-05 updt_s:2.284 data_s:0.116
WARNING 2026-06-24 00:24:15 db_utils.py:181 WandB logging of key "loss_per_dim" was ignored as its type "<class 'list'>" is not handled by this wrapper.
DEBUG 2026-06-24 00:30:55 re/_trace.py:47 close.started
DEBUG 2026-06-24 00:30:55 re/_trace.py:47 close.complete
DEBUG 2026-06-24 00:30:55 re/_trace.py:47 close.started
DEBUG 2026-06-24 00:30:55 re/_trace.py:47 close.complete
DEBUG 2026-06-24 00:30:55 re/_trace.py:47 close.started
DEBUG 2026-06-24 00:30:55 re/_trace.py:47 close.complete
DEBUG 2026-06-24 00:30:55 re/_trace.py:47 close.started
DEBUG 2026-06-24 00:30:55 re/_trace.py:47 close.complete
DEBUG 2026-06-24 00:30:55 re/_trace.py:47 close.started
DEBUG 2026-06-24 00:30:55 re/_trace.py:47 close.complete
DEBUG 2026-06-24 00:30:55 re/_trace.py:47 close.started
DEBUG 2026-06-24 00:30:55 re/_trace.py:47 close.complete
DEBUG 2026-06-24 00:30:55 re/_trace.py:47 close.started
DEBUG 2026-06-24 00:30:55 re/_trace.py:47 close.complete
DEBUG 2026-06-24 00:30:55 re/_trace.py:47 close.started
DEBUG 2026-06-24 00:30:55 re/_trace.py:47 close.complete
DEBUG 2026-06-24 00:30:55 re/_trace.py:47 close.started
DEBUG 2026-06-24 00:30:55 re/_trace.py:47 close.complete
DEBUG 2026-06-24 00:30:55 re/_trace.py:47 close.started
DEBUG 2026-06-24 00:30:55 re/_trace.py:47 close.complete
INFO 2026-06-24 00:32:15 ot_train.py:459 step:15K smpl:9M ep:15K epch:75.25 loss:0.010 grdn:0.068 lr:5.8e-05 updt_s:2.279 data_s:0.115
WARNING 2026-06-24 00:32:15 db_utils.py:181 WandB logging of key "loss_per_dim" was ignored as its type "<class 'list'>" is not handled by this wrapper.
DEBUG 2026-06-24 00:38:50 re/_trace.py:47 close.started
DEBUG 2026-06-24 00:38:50 re/_trace.py:47 close.complete
DEBUG 2026-06-24 00:38:50 re/_trace.py:47 close.started
DEBUG 2026-06-24 00:38:50 re/_trace.py:47 close.complete
DEBUG 2026-06-24 00:38:50 re/_trace.py:47 close.started
DEBUG 2026-06-24 00:38:50 re/_trace.py:47 close.complete
DEBUG 2026-06-24 00:38:50 re/_trace.py:47 close.started
DEBUG 2026-06-24 00:38:50 re/_trace.py:47 close.complete
DEBUG 2026-06-24 00:38:50 re/_trace.py:47 close.started
DEBUG 2026-06-24 00:38:50 re/_trace.py:47 close.complete
DEBUG 2026-06-24 00:38:50 re/_trace.py:47 close.started
DEBUG 2026-06-24 00:38:50 re/_trace.py:47 close.complete
DEBUG 2026-06-24 00:38:50 re/_trace.py:47 close.started
DEBUG 2026-06-24 00:38:50 re/_trace.py:47 close.complete
DEBUG 2026-06-24 00:38:50 re/_trace.py:47 close.started
DEBUG 2026-06-24 00:38:50 re/_trace.py:47 close.complete
DEBUG 2026-06-24 00:38:50 re/_trace.py:47 close.started
DEBUG 2026-06-24 00:38:50 re/_trace.py:47 close.complete
DEBUG 2026-06-24 00:38:50 re/_trace.py:47 close.started
DEBUG 2026-06-24 00:38:50 re/_trace.py:47 close.complete
INFO 2026-06-24 00:40:16 ot_train.py:459 step:15K smpl:9M ep:15K epch:76.26 loss:0.010 grdn:0.065 lr:5.7e-05 updt_s:2.290 data_s:0.117
WARNING 2026-06-24 00:40:16 db_utils.py:181 WandB logging of key "loss_per_dim" was ignored as its type "<class 'list'>" is not handled by this wrapper.
INFO 2026-06-24 00:40:16 ot_train.py:479 Checkpoint policy after step 15000
DEBUG 2026-06-24 00:40:49 tionpool.py:289 Resetting dropped connection: api.wandb.ai
DEBUG 2026-06-24 00:40:50 tionpool.py:544 https://api.wandb.ai:443 "POST /graphql HTTP/1.1" 200 None
DEBUG 2026-06-24 00:47:16 re/_trace.py:47 close.started
DEBUG 2026-06-24 00:47:16 re/_trace.py:47 close.complete
DEBUG 2026-06-24 00:47:17 re/_trace.py:47 close.started
DEBUG 2026-06-24 00:47:17 re/_trace.py:47 close.complete
DEBUG 2026-06-24 00:47:17 re/_trace.py:47 close.started
DEBUG 2026-06-24 00:47:17 re/_trace.py:47 close.complete
DEBUG 2026-06-24 00:47:17 re/_trace.py:47 close.started
DEBUG 2026-06-24 00:47:17 re/_trace.py:47 close.complete
DEBUG 2026-06-24 00:47:17 re/_trace.py:47 close.started
DEBUG 2026-06-24 00:47:17 re/_trace.py:47 close.complete
DEBUG 2026-06-24 00:47:17 re/_trace.py:47 close.started
DEBUG 2026-06-24 00:47:17 re/_trace.py:47 close.complete
DEBUG 2026-06-24 00:47:17 re/_trace.py:47 close.started
DEBUG 2026-06-24 00:47:17 re/_trace.py:47 close.complete
DEBUG 2026-06-24 00:47:17 re/_trace.py:47 close.started
DEBUG 2026-06-24 00:47:17 re/_trace.py:47 close.complete
DEBUG 2026-06-24 00:47:17 re/_trace.py:47 close.started
DEBUG 2026-06-24 00:47:17 re/_trace.py:47 close.complete
DEBUG 2026-06-24 00:47:17 re/_trace.py:47 close.started
DEBUG 2026-06-24 00:47:17 re/_trace.py:47 close.complete
INFO 2026-06-24 00:48:48 ot_train.py:459 step:15K smpl:9M ep:15K epch:77.28 loss:0.010 grdn:0.068 lr:5.6e-05 updt_s:2.256 data_s:0.134
WARNING 2026-06-24 00:48:48 db_utils.py:181 WandB logging of key "loss_per_dim" was ignored as its type "<class 'list'>" is not handled by this wrapper.
DEBUG 2026-06-24 00:55:08 re/_trace.py:47 close.started
DEBUG 2026-06-24 00:55:08 re/_trace.py:47 close.complete
DEBUG 2026-06-24 00:55:08 re/_trace.py:47 close.started
DEBUG 2026-06-24 00:55:08 re/_trace.py:47 close.complete
DEBUG 2026-06-24 00:55:09 re/_trace.py:47 close.started
DEBUG 2026-06-24 00:55:09 re/_trace.py:47 close.complete
DEBUG 2026-06-24 00:55:09 re/_trace.py:47 close.started
DEBUG 2026-06-24 00:55:09 re/_trace.py:47 close.complete
DEBUG 2026-06-24 00:55:09 re/_trace.py:47 close.started
DEBUG 2026-06-24 00:55:09 re/_trace.py:47 close.complete
DEBUG 2026-06-24 00:55:09 re/_trace.py:47 close.started
DEBUG 2026-06-24 00:55:09 re/_trace.py:47 close.complete
DEBUG 2026-06-24 00:55:09 re/_trace.py:47 close.started
DEBUG 2026-06-24 00:55:09 re/_trace.py:47 close.complete
DEBUG 2026-06-24 00:55:09 re/_trace.py:47 close.started
DEBUG 2026-06-24 00:55:09 re/_trace.py:47 close.complete
DEBUG 2026-06-24 00:55:09 re/_trace.py:47 close.started
DEBUG 2026-06-24 00:55:09 re/_trace.py:47 close.complete
DEBUG 2026-06-24 00:55:09 re/_trace.py:47 close.started
DEBUG 2026-06-24 00:55:09 re/_trace.py:47 close.complete
INFO 2026-06-24 00:56:52 ot_train.py:459 step:15K smpl:9M ep:16K epch:78.30 loss:0.009 grdn:0.065 lr:5.5e-05 updt_s:2.292 data_s:0.123
WARNING 2026-06-24 00:56:52 db_utils.py:181 WandB logging of key "loss_per_dim" was ignored as its type "<class 'list'>" is not handled by this wrapper.
DEBUG 2026-06-24 01:03:04 re/_trace.py:47 close.started
DEBUG 2026-06-24 01:03:04 re/_trace.py:47 close.complete
DEBUG 2026-06-24 01:03:04 re/_trace.py:47 close.started
DEBUG 2026-06-24 01:03:04 re/_trace.py:47 close.complete
DEBUG 2026-06-24 01:03:04 re/_trace.py:47 close.started
DEBUG 2026-06-24 01:03:04 re/_trace.py:47 close.complete
DEBUG 2026-06-24 01:03:04 re/_trace.py:47 close.started
DEBUG 2026-06-24 01:03:04 re/_trace.py:47 close.complete
DEBUG 2026-06-24 01:03:04 re/_trace.py:47 close.started
DEBUG 2026-06-24 01:03:04 re/_trace.py:47 close.complete
DEBUG 2026-06-24 01:03:04 re/_trace.py:47 close.started
DEBUG 2026-06-24 01:03:04 re/_trace.py:47 close.complete
DEBUG 2026-06-24 01:03:04 re/_trace.py:47 close.started
DEBUG 2026-06-24 01:03:04 re/_trace.py:47 close.complete
DEBUG 2026-06-24 01:03:04 re/_trace.py:47 close.started
DEBUG 2026-06-24 01:03:04 re/_trace.py:47 close.complete
DEBUG 2026-06-24 01:03:04 re/_trace.py:47 close.started
DEBUG 2026-06-24 01:03:04 re/_trace.py:47 close.complete
DEBUG 2026-06-24 01:03:04 re/_trace.py:47 close.started
DEBUG 2026-06-24 01:03:04 re/_trace.py:47 close.complete
INFO 2026-06-24 01:04:50 ot_train.py:459 step:16K smpl:9M ep:16K epch:79.32 loss:0.009 grdn:0.067 lr:5.3e-05 updt_s:2.274 data_s:0.119
WARNING 2026-06-24 01:04:51 db_utils.py:181 WandB logging of key "loss_per_dim" was ignored as its type "<class 'list'>" is not handled by this wrapper.
DEBUG 2026-06-24 01:10:56 re/_trace.py:47 close.started
DEBUG 2026-06-24 01:10:56 re/_trace.py:47 close.complete
DEBUG 2026-06-24 01:10:56 re/_trace.py:47 close.started
DEBUG 2026-06-24 01:10:56 re/_trace.py:47 close.complete
DEBUG 2026-06-24 01:10:56 re/_trace.py:47 close.started
DEBUG 2026-06-24 01:10:56 re/_trace.py:47 close.complete
DEBUG 2026-06-24 01:10:56 re/_trace.py:47 close.started
DEBUG 2026-06-24 01:10:56 re/_trace.py:47 close.complete
DEBUG 2026-06-24 01:10:56 re/_trace.py:47 close.started
DEBUG 2026-06-24 01:10:56 re/_trace.py:47 close.complete
DEBUG 2026-06-24 01:10:56 re/_trace.py:47 close.started
DEBUG 2026-06-24 01:10:56 re/_trace.py:47 close.complete
DEBUG 2026-06-24 01:10:56 re/_trace.py:47 close.started
DEBUG 2026-06-24 01:10:56 re/_trace.py:47 close.complete
DEBUG 2026-06-24 01:10:56 re/_trace.py:47 close.started
DEBUG 2026-06-24 01:10:56 re/_trace.py:47 close.complete
DEBUG 2026-06-24 01:10:56 re/_trace.py:47 close.started
DEBUG 2026-06-24 01:10:56 re/_trace.py:47 close.complete
DEBUG 2026-06-24 01:10:56 re/_trace.py:47 close.started
DEBUG 2026-06-24 01:10:56 re/_trace.py:47 close.complete
INFO 2026-06-24 01:12:48 ot_train.py:459 step:16K smpl:10M ep:16K epch:80.33 loss:0.009 grdn:0.065 lr:5.2e-05 updt_s:2.268 data_s:0.116
WARNING 2026-06-24 01:12:48 db_utils.py:181 WandB logging of key "loss_per_dim" was ignored as its type "<class 'list'>" is not handled by this wrapper.
DEBUG 2026-06-24 01:18:46 re/_trace.py:47 close.started
DEBUG 2026-06-24 01:18:46 re/_trace.py:47 close.complete
DEBUG 2026-06-24 01:18:46 re/_trace.py:47 close.started
DEBUG 2026-06-24 01:18:46 re/_trace.py:47 close.complete
DEBUG 2026-06-24 01:18:46 re/_trace.py:47 close.started
DEBUG 2026-06-24 01:18:46 re/_trace.py:47 close.complete
DEBUG 2026-06-24 01:18:46 re/_trace.py:47 close.started
DEBUG 2026-06-24 01:18:46 re/_trace.py:47 close.complete
DEBUG 2026-06-24 01:18:47 re/_trace.py:47 close.started
DEBUG 2026-06-24 01:18:47 re/_trace.py:47 close.complete
DEBUG 2026-06-24 01:18:47 re/_trace.py:47 close.started
DEBUG 2026-06-24 01:18:47 re/_trace.py:47 close.complete
DEBUG 2026-06-24 01:18:47 re/_trace.py:47 close.started
DEBUG 2026-06-24 01:18:47 re/_trace.py:47 close.complete
DEBUG 2026-06-24 01:18:47 re/_trace.py:47 close.started
DEBUG 2026-06-24 01:18:47 re/_trace.py:47 close.complete
DEBUG 2026-06-24 01:18:47 re/_trace.py:47 close.started
DEBUG 2026-06-24 01:18:47 re/_trace.py:47 close.complete
DEBUG 2026-06-24 01:18:47 re/_trace.py:47 close.started
DEBUG 2026-06-24 01:18:47 re/_trace.py:47 close.complete
INFO 2026-06-24 01:20:48 ot_train.py:459 step:16K smpl:10M ep:16K epch:81.35 loss:0.009 grdn:0.064 lr:5.1e-05 updt_s:2.284 data_s:0.115
WARNING 2026-06-24 01:20:48 db_utils.py:181 WandB logging of key "loss_per_dim" was ignored as its type "<class 'list'>" is not handled by this wrapper.
DEBUG 2026-06-24 01:26:40 re/_trace.py:47 close.started
DEBUG 2026-06-24 01:26:40 re/_trace.py:47 close.complete
DEBUG 2026-06-24 01:26:40 re/_trace.py:47 close.started
DEBUG 2026-06-24 01:26:40 re/_trace.py:47 close.complete
DEBUG 2026-06-24 01:26:40 re/_trace.py:47 close.started
DEBUG 2026-06-24 01:26:40 re/_trace.py:47 close.complete
DEBUG 2026-06-24 01:26:41 re/_trace.py:47 close.started
DEBUG 2026-06-24 01:26:41 re/_trace.py:47 close.complete
DEBUG 2026-06-24 01:26:41 re/_trace.py:47 close.started
DEBUG 2026-06-24 01:26:41 re/_trace.py:47 close.complete
DEBUG 2026-06-24 01:26:41 re/_trace.py:47 close.started
DEBUG 2026-06-24 01:26:41 re/_trace.py:47 close.complete
DEBUG 2026-06-24 01:26:41 re/_trace.py:47 close.started
DEBUG 2026-06-24 01:26:41 re/_trace.py:47 close.complete
DEBUG 2026-06-24 01:26:41 re/_trace.py:47 close.started
DEBUG 2026-06-24 01:26:41 re/_trace.py:47 close.complete
DEBUG 2026-06-24 01:26:41 re/_trace.py:47 close.started
DEBUG 2026-06-24 01:26:41 re/_trace.py:47 close.complete
DEBUG 2026-06-24 01:26:41 re/_trace.py:47 close.started
DEBUG 2026-06-24 01:26:41 re/_trace.py:47 close.complete
INFO 2026-06-24 01:28:48 ot_train.py:459 step:16K smpl:10M ep:16K epch:82.37 loss:0.009 grdn:0.064 lr:5.0e-05 updt_s:2.279 data_s:0.117
WARNING 2026-06-24 01:28:48 db_utils.py:181 WandB logging of key "loss_per_dim" was ignored as its type "<class 'list'>" is not handled by this wrapper.
DEBUG 2026-06-24 01:34:35 re/_trace.py:47 close.started
DEBUG 2026-06-24 01:34:35 re/_trace.py:47 close.complete
DEBUG 2026-06-24 01:34:35 re/_trace.py:47 close.started
DEBUG 2026-06-24 01:34:35 re/_trace.py:47 close.complete
DEBUG 2026-06-24 01:34:35 re/_trace.py:47 close.started
DEBUG 2026-06-24 01:34:35 re/_trace.py:47 close.complete
DEBUG 2026-06-24 01:34:35 re/_trace.py:47 close.started
DEBUG 2026-06-24 01:34:35 re/_trace.py:47 close.complete
DEBUG 2026-06-24 01:34:35 re/_trace.py:47 close.started
DEBUG 2026-06-24 01:34:35 re/_trace.py:47 close.complete
DEBUG 2026-06-24 01:34:35 re/_trace.py:47 close.started
DEBUG 2026-06-24 01:34:35 re/_trace.py:47 close.complete
DEBUG 2026-06-24 01:34:35 re/_trace.py:47 close.started
DEBUG 2026-06-24 01:34:35 re/_trace.py:47 close.complete
DEBUG 2026-06-24 01:34:35 re/_trace.py:47 close.started
DEBUG 2026-06-24 01:34:35 re/_trace.py:47 close.complete
DEBUG 2026-06-24 01:34:35 re/_trace.py:47 close.started
DEBUG 2026-06-24 01:34:35 re/_trace.py:47 close.complete
DEBUG 2026-06-24 01:34:35 re/_trace.py:47 close.started
DEBUG 2026-06-24 01:34:35 re/_trace.py:47 close.complete
INFO 2026-06-24 01:36:50 ot_train.py:459 step:16K smpl:10M ep:17K epch:83.38 loss:0.009 grdn:0.064 lr:4.9e-05 updt_s:2.281 data_s:0.126
WARNING 2026-06-24 01:36:50 db_utils.py:181 WandB logging of key "loss_per_dim" was ignored as its type "<class 'list'>" is not handled by this wrapper.
DEBUG 2026-06-24 01:42:29 re/_trace.py:47 close.started
DEBUG 2026-06-24 01:42:29 re/_trace.py:47 close.complete
DEBUG 2026-06-24 01:42:29 re/_trace.py:47 close.started
DEBUG 2026-06-24 01:42:29 re/_trace.py:47 close.complete
DEBUG 2026-06-24 01:42:29 re/_trace.py:47 close.started
DEBUG 2026-06-24 01:42:29 re/_trace.py:47 close.complete
DEBUG 2026-06-24 01:42:29 re/_trace.py:47 close.started
DEBUG 2026-06-24 01:42:29 re/_trace.py:47 close.complete
DEBUG 2026-06-24 01:42:29 re/_trace.py:47 close.started
DEBUG 2026-06-24 01:42:29 re/_trace.py:47 close.complete
DEBUG 2026-06-24 01:42:30 re/_trace.py:47 close.started
DEBUG 2026-06-24 01:42:30 re/_trace.py:47 close.complete
DEBUG 2026-06-24 01:42:30 re/_trace.py:47 close.started
DEBUG 2026-06-24 01:42:30 re/_trace.py:47 close.complete
DEBUG 2026-06-24 01:42:30 re/_trace.py:47 close.started
DEBUG 2026-06-24 01:42:30 re/_trace.py:47 close.complete
DEBUG 2026-06-24 01:42:30 re/_trace.py:47 close.started
DEBUG 2026-06-24 01:42:30 re/_trace.py:47 close.complete
DEBUG 2026-06-24 01:42:30 re/_trace.py:47 close.started
DEBUG 2026-06-24 01:42:30 re/_trace.py:47 close.complete
INFO 2026-06-24 01:44:50 ot_train.py:459 step:17K smpl:10M ep:17K epch:84.40 loss:0.008 grdn:0.065 lr:4.8e-05 updt_s:2.280 data_s:0.120
WARNING 2026-06-24 01:44:50 db_utils.py:181 WandB logging of key "loss_per_dim" was ignored as its type "<class 'list'>" is not handled by this wrapper.
DEBUG 2026-06-24 01:50:20 re/_trace.py:47 close.started
DEBUG 2026-06-24 01:50:20 re/_trace.py:47 close.complete
DEBUG 2026-06-24 01:50:20 re/_trace.py:47 close.started
DEBUG 2026-06-24 01:50:20 re/_trace.py:47 close.complete
DEBUG 2026-06-24 01:50:20 re/_trace.py:47 close.started
DEBUG 2026-06-24 01:50:20 re/_trace.py:47 close.complete
DEBUG 2026-06-24 01:50:20 re/_trace.py:47 close.started
DEBUG 2026-06-24 01:50:20 re/_trace.py:47 close.complete
DEBUG 2026-06-24 01:50:20 re/_trace.py:47 close.started
DEBUG 2026-06-24 01:50:20 re/_trace.py:47 close.complete
DEBUG 2026-06-24 01:50:20 re/_trace.py:47 close.started
DEBUG 2026-06-24 01:50:20 re/_trace.py:47 close.complete
DEBUG 2026-06-24 01:50:20 re/_trace.py:47 close.started
DEBUG 2026-06-24 01:50:20 re/_trace.py:47 close.complete
DEBUG 2026-06-24 01:50:20 re/_trace.py:47 close.started
DEBUG 2026-06-24 01:50:20 re/_trace.py:47 close.complete
DEBUG 2026-06-24 01:50:20 re/_trace.py:47 close.started
DEBUG 2026-06-24 01:50:20 re/_trace.py:47 close.complete
DEBUG 2026-06-24 01:50:20 re/_trace.py:47 close.started
DEBUG 2026-06-24 01:50:20 re/_trace.py:47 close.complete
INFO 2026-06-24 01:52:48 ot_train.py:459 step:17K smpl:10M ep:17K epch:85.42 loss:0.009 grdn:0.065 lr:4.7e-05 updt_s:2.266 data_s:0.124
WARNING 2026-06-24 01:52:48 db_utils.py:181 WandB logging of key "loss_per_dim" was ignored as its type "<class 'list'>" is not handled by this wrapper.
DEBUG 2026-06-24 01:58:12 re/_trace.py:47 close.started
DEBUG 2026-06-24 01:58:12 re/_trace.py:47 close.complete
DEBUG 2026-06-24 01:58:12 re/_trace.py:47 close.started
DEBUG 2026-06-24 01:58:12 re/_trace.py:47 close.complete
DEBUG 2026-06-24 01:58:12 re/_trace.py:47 close.started
DEBUG 2026-06-24 01:58:12 re/_trace.py:47 close.complete
DEBUG 2026-06-24 01:58:12 re/_trace.py:47 close.started
DEBUG 2026-06-24 01:58:12 re/_trace.py:47 close.complete
DEBUG 2026-06-24 01:58:12 re/_trace.py:47 close.started
DEBUG 2026-06-24 01:58:12 re/_trace.py:47 close.complete
DEBUG 2026-06-24 01:58:12 re/_trace.py:47 close.started
DEBUG 2026-06-24 01:58:12 re/_trace.py:47 close.complete
DEBUG 2026-06-24 01:58:12 re/_trace.py:47 close.started
DEBUG 2026-06-24 01:58:12 re/_trace.py:47 close.complete
DEBUG 2026-06-24 01:58:12 re/_trace.py:47 close.started
DEBUG 2026-06-24 01:58:12 re/_trace.py:47 close.complete
DEBUG 2026-06-24 01:58:12 re/_trace.py:47 close.started
DEBUG 2026-06-24 01:58:12 re/_trace.py:47 close.complete
DEBUG 2026-06-24 01:58:12 re/_trace.py:47 close.started
DEBUG 2026-06-24 01:58:12 re/_trace.py:47 close.complete
INFO 2026-06-24 02:00:48 ot_train.py:459 step:17K smpl:10M ep:17K epch:86.43 loss:0.008 grdn:0.064 lr:4.6e-05 updt_s:2.288 data_s:0.110
WARNING 2026-06-24 02:00:48 db_utils.py:181 WandB logging of key "loss_per_dim" was ignored as its type "<class 'list'>" is not handled by this wrapper.
DEBUG 2026-06-24 02:06:06 re/_trace.py:47 close.started
DEBUG 2026-06-24 02:06:06 re/_trace.py:47 close.complete
DEBUG 2026-06-24 02:06:06 re/_trace.py:47 close.started
DEBUG 2026-06-24 02:06:06 re/_trace.py:47 close.complete
DEBUG 2026-06-24 02:06:06 re/_trace.py:47 close.started
DEBUG 2026-06-24 02:06:06 re/_trace.py:47 close.complete
DEBUG 2026-06-24 02:06:06 re/_trace.py:47 close.started
DEBUG 2026-06-24 02:06:06 re/_trace.py:47 close.complete
DEBUG 2026-06-24 02:06:06 re/_trace.py:47 close.started
DEBUG 2026-06-24 02:06:06 re/_trace.py:47 close.complete
DEBUG 2026-06-24 02:06:06 re/_trace.py:47 close.started
DEBUG 2026-06-24 02:06:06 re/_trace.py:47 close.complete
DEBUG 2026-06-24 02:06:06 re/_trace.py:47 close.started
DEBUG 2026-06-24 02:06:06 re/_trace.py:47 close.complete
DEBUG 2026-06-24 02:06:06 re/_trace.py:47 close.started
DEBUG 2026-06-24 02:06:06 re/_trace.py:47 close.complete
DEBUG 2026-06-24 02:06:06 re/_trace.py:47 close.started
DEBUG 2026-06-24 02:06:06 re/_trace.py:47 close.complete
DEBUG 2026-06-24 02:06:06 re/_trace.py:47 close.started
DEBUG 2026-06-24 02:06:06 re/_trace.py:47 close.complete
INFO 2026-06-24 02:08:46 ot_train.py:459 step:17K smpl:10M ep:17K epch:87.45 loss:0.008 grdn:0.063 lr:4.5e-05 updt_s:2.269 data_s:0.117
WARNING 2026-06-24 02:08:46 db_utils.py:181 WandB logging of key "loss_per_dim" was ignored as its type "<class 'list'>" is not handled by this wrapper.
DEBUG 2026-06-24 02:13:58 re/_trace.py:47 close.started
DEBUG 2026-06-24 02:13:58 re/_trace.py:47 close.complete
DEBUG 2026-06-24 02:13:58 re/_trace.py:47 close.started
DEBUG 2026-06-24 02:13:58 re/_trace.py:47 close.complete
DEBUG 2026-06-24 02:13:58 re/_trace.py:47 close.started
DEBUG 2026-06-24 02:13:58 re/_trace.py:47 close.complete
DEBUG 2026-06-24 02:13:58 re/_trace.py:47 close.started
DEBUG 2026-06-24 02:13:58 re/_trace.py:47 close.complete
DEBUG 2026-06-24 02:13:58 re/_trace.py:47 close.started
DEBUG 2026-06-24 02:13:58 re/_trace.py:47 close.complete
DEBUG 2026-06-24 02:13:58 re/_trace.py:47 close.started
DEBUG 2026-06-24 02:13:58 re/_trace.py:47 close.complete
DEBUG 2026-06-24 02:13:58 re/_trace.py:47 close.started
DEBUG 2026-06-24 02:13:58 re/_trace.py:47 close.complete
DEBUG 2026-06-24 02:13:58 re/_trace.py:47 close.started
DEBUG 2026-06-24 02:13:58 re/_trace.py:47 close.complete
DEBUG 2026-06-24 02:13:58 re/_trace.py:47 close.started
DEBUG 2026-06-24 02:13:58 re/_trace.py:47 close.complete
DEBUG 2026-06-24 02:13:59 re/_trace.py:47 close.started
DEBUG 2026-06-24 02:13:59 re/_trace.py:47 close.complete
INFO 2026-06-24 02:16:46 ot_train.py:459 step:17K smpl:11M ep:18K epch:88.47 loss:0.008 grdn:0.064 lr:4.3e-05 updt_s:2.271 data_s:0.128
WARNING 2026-06-24 02:16:46 db_utils.py:181 WandB logging of key "loss_per_dim" was ignored as its type "<class 'list'>" is not handled by this wrapper.
DEBUG 2026-06-24 02:21:51 re/_trace.py:47 close.started
DEBUG 2026-06-24 02:21:51 re/_trace.py:47 close.complete
DEBUG 2026-06-24 02:21:51 re/_trace.py:47 close.started
DEBUG 2026-06-24 02:21:51 re/_trace.py:47 close.complete
DEBUG 2026-06-24 02:21:51 re/_trace.py:47 close.started
DEBUG 2026-06-24 02:21:51 re/_trace.py:47 close.complete
DEBUG 2026-06-24 02:21:51 re/_trace.py:47 close.started
DEBUG 2026-06-24 02:21:51 re/_trace.py:47 close.complete
DEBUG 2026-06-24 02:21:51 re/_trace.py:47 close.started
DEBUG 2026-06-24 02:21:51 re/_trace.py:47 close.complete
DEBUG 2026-06-24 02:21:51 re/_trace.py:47 close.started
DEBUG 2026-06-24 02:21:51 re/_trace.py:47 close.complete
DEBUG 2026-06-24 02:21:51 re/_trace.py:47 close.started
DEBUG 2026-06-24 02:21:51 re/_trace.py:47 close.complete
DEBUG 2026-06-24 02:21:51 re/_trace.py:47 close.started
DEBUG 2026-06-24 02:21:51 re/_trace.py:47 close.complete
DEBUG 2026-06-24 02:21:51 re/_trace.py:47 close.started
DEBUG 2026-06-24 02:21:51 re/_trace.py:47 close.complete
DEBUG 2026-06-24 02:21:51 re/_trace.py:47 close.started
DEBUG 2026-06-24 02:21:51 re/_trace.py:47 close.complete
INFO 2026-06-24 02:24:49 ot_train.py:459 step:18K smpl:11M ep:18K epch:89.48 loss:0.008 grdn:0.064 lr:4.2e-05 updt_s:2.278 data_s:0.132
WARNING 2026-06-24 02:24:49 db_utils.py:181 WandB logging of key "loss_per_dim" was ignored as its type "<class 'list'>" is not handled by this wrapper.
DEBUG 2026-06-24 02:29:47 re/_trace.py:47 close.started
DEBUG 2026-06-24 02:29:47 re/_trace.py:47 close.complete
DEBUG 2026-06-24 02:29:47 re/_trace.py:47 close.started
DEBUG 2026-06-24 02:29:47 re/_trace.py:47 close.complete
DEBUG 2026-06-24 02:29:47 re/_trace.py:47 close.started
DEBUG 2026-06-24 02:29:47 re/_trace.py:47 close.complete
DEBUG 2026-06-24 02:29:47 re/_trace.py:47 close.started
DEBUG 2026-06-24 02:29:47 re/_trace.py:47 close.complete
DEBUG 2026-06-24 02:29:47 re/_trace.py:47 close.started
DEBUG 2026-06-24 02:29:47 re/_trace.py:47 close.complete
DEBUG 2026-06-24 02:29:47 re/_trace.py:47 close.started
DEBUG 2026-06-24 02:29:47 re/_trace.py:47 close.complete
DEBUG 2026-06-24 02:29:47 re/_trace.py:47 close.started
DEBUG 2026-06-24 02:29:47 re/_trace.py:47 close.complete
DEBUG 2026-06-24 02:29:47 re/_trace.py:47 close.started
DEBUG 2026-06-24 02:29:47 re/_trace.py:47 close.complete
DEBUG 2026-06-24 02:29:47 re/_trace.py:47 close.started
DEBUG 2026-06-24 02:29:47 re/_trace.py:47 close.complete
DEBUG 2026-06-24 02:29:47 re/_trace.py:47 close.started
DEBUG 2026-06-24 02:29:47 re/_trace.py:47 close.complete
INFO 2026-06-24 02:32:49 ot_train.py:459 step:18K smpl:11M ep:18K epch:90.50 loss:0.008 grdn:0.063 lr:4.1e-05 updt_s:2.273 data_s:0.126
WARNING 2026-06-24 02:32:49 db_utils.py:181 WandB logging of key "loss_per_dim" was ignored as its type "<class 'list'>" is not handled by this wrapper.
DEBUG 2026-06-24 02:37:40 re/_trace.py:47 close.started
DEBUG 2026-06-24 02:37:40 re/_trace.py:47 close.complete
DEBUG 2026-06-24 02:37:40 re/_trace.py:47 close.started
DEBUG 2026-06-24 02:37:40 re/_trace.py:47 close.complete
DEBUG 2026-06-24 02:37:40 re/_trace.py:47 close.started
DEBUG 2026-06-24 02:37:40 re/_trace.py:47 close.complete
DEBUG 2026-06-24 02:37:40 re/_trace.py:47 close.started
DEBUG 2026-06-24 02:37:40 re/_trace.py:47 close.complete
DEBUG 2026-06-24 02:37:40 re/_trace.py:47 close.started
DEBUG 2026-06-24 02:37:40 re/_trace.py:47 close.complete
DEBUG 2026-06-24 02:37:40 re/_trace.py:47 close.started
DEBUG 2026-06-24 02:37:40 re/_trace.py:47 close.complete
DEBUG 2026-06-24 02:37:40 re/_trace.py:47 close.started
DEBUG 2026-06-24 02:37:40 re/_trace.py:47 close.complete
DEBUG 2026-06-24 02:37:40 re/_trace.py:47 close.started
DEBUG 2026-06-24 02:37:40 re/_trace.py:47 close.complete
DEBUG 2026-06-24 02:37:40 re/_trace.py:47 close.started
DEBUG 2026-06-24 02:37:40 re/_trace.py:47 close.complete
DEBUG 2026-06-24 02:37:40 re/_trace.py:47 close.started
DEBUG 2026-06-24 02:37:40 re/_trace.py:47 close.complete
INFO 2026-06-24 02:40:50 ot_train.py:459 step:18K smpl:11M ep:18K epch:91.52 loss:0.008 grdn:0.064 lr:4.0e-05 updt_s:2.280 data_s:0.120
WARNING 2026-06-24 02:40:50 db_utils.py:181 WandB logging of key "loss_per_dim" was ignored as its type "<class 'list'>" is not handled by this wrapper.
INFO 2026-06-24 02:40:50 ot_train.py:479 Checkpoint policy after step 18000
DEBUG 2026-06-24 02:41:23 tionpool.py:289 Resetting dropped connection: api.wandb.ai
DEBUG 2026-06-24 02:41:23 tionpool.py:544 https://api.wandb.ai:443 "POST /graphql HTTP/1.1" 200 None
DEBUG 2026-06-24 02:46:08 re/_trace.py:47 close.started
DEBUG 2026-06-24 02:46:08 re/_trace.py:47 close.complete
DEBUG 2026-06-24 02:46:08 re/_trace.py:47 close.started
DEBUG 2026-06-24 02:46:08 re/_trace.py:47 close.complete
DEBUG 2026-06-24 02:46:08 re/_trace.py:47 close.started
DEBUG 2026-06-24 02:46:08 re/_trace.py:47 close.complete
DEBUG 2026-06-24 02:46:09 re/_trace.py:47 close.started
DEBUG 2026-06-24 02:46:09 re/_trace.py:47 close.complete
DEBUG 2026-06-24 02:46:09 re/_trace.py:47 close.started
DEBUG 2026-06-24 02:46:09 re/_trace.py:47 close.complete
DEBUG 2026-06-24 02:46:09 re/_trace.py:47 close.started
DEBUG 2026-06-24 02:46:09 re/_trace.py:47 close.complete
DEBUG 2026-06-24 02:46:09 re/_trace.py:47 close.started
DEBUG 2026-06-24 02:46:09 re/_trace.py:47 close.complete
DEBUG 2026-06-24 02:46:09 re/_trace.py:47 close.started
DEBUG 2026-06-24 02:46:09 re/_trace.py:47 close.complete
DEBUG 2026-06-24 02:46:09 re/_trace.py:47 close.started
DEBUG 2026-06-24 02:46:09 re/_trace.py:47 close.complete
DEBUG 2026-06-24 02:46:09 re/_trace.py:47 close.started
DEBUG 2026-06-24 02:46:09 re/_trace.py:47 close.complete
INFO 2026-06-24 02:49:25 ot_train.py:459 step:18K smpl:11M ep:19K epch:92.53 loss:0.008 grdn:0.065 lr:3.9e-05 updt_s:2.284 data_s:0.123
WARNING 2026-06-24 02:49:25 db_utils.py:181 WandB logging of key "loss_per_dim" was ignored as its type "<class 'list'>" is not handled by this wrapper.
DEBUG 2026-06-24 02:54:04 re/_trace.py:47 close.started
DEBUG 2026-06-24 02:54:04 re/_trace.py:47 close.complete
DEBUG 2026-06-24 02:54:04 re/_trace.py:47 close.started
DEBUG 2026-06-24 02:54:04 re/_trace.py:47 close.complete
DEBUG 2026-06-24 02:54:04 re/_trace.py:47 close.started
DEBUG 2026-06-24 02:54:04 re/_trace.py:47 close.complete
DEBUG 2026-06-24 02:54:05 re/_trace.py:47 close.started
DEBUG 2026-06-24 02:54:05 re/_trace.py:47 close.complete
DEBUG 2026-06-24 02:54:05 re/_trace.py:47 close.started
DEBUG 2026-06-24 02:54:05 re/_trace.py:47 close.complete
DEBUG 2026-06-24 02:54:05 re/_trace.py:47 close.started
DEBUG 2026-06-24 02:54:05 re/_trace.py:47 close.complete
DEBUG 2026-06-24 02:54:05 re/_trace.py:47 close.started
DEBUG 2026-06-24 02:54:05 re/_trace.py:47 close.complete
DEBUG 2026-06-24 02:54:05 re/_trace.py:47 close.started
DEBUG 2026-06-24 02:54:05 re/_trace.py:47 close.complete
DEBUG 2026-06-24 02:54:05 re/_trace.py:47 close.started
DEBUG 2026-06-24 02:54:05 re/_trace.py:47 close.complete
DEBUG 2026-06-24 02:54:05 re/_trace.py:47 close.started
DEBUG 2026-06-24 02:54:05 re/_trace.py:47 close.complete
INFO 2026-06-24 02:57:28 ot_train.py:459 step:18K smpl:11M ep:19K epch:93.55 loss:0.007 grdn:0.065 lr:3.8e-05 updt_s:2.290 data_s:0.122
WARNING 2026-06-24 02:57:28 db_utils.py:181 WandB logging of key "loss_per_dim" was ignored as its type "<class 'list'>" is not handled by this wrapper.
DEBUG 2026-06-24 03:01:58 re/_trace.py:47 close.started
DEBUG 2026-06-24 03:01:58 re/_trace.py:47 close.complete
DEBUG 2026-06-24 03:01:58 re/_trace.py:47 close.started
DEBUG 2026-06-24 03:01:58 re/_trace.py:47 close.complete
DEBUG 2026-06-24 03:01:58 re/_trace.py:47 close.started
DEBUG 2026-06-24 03:01:58 re/_trace.py:47 close.complete
DEBUG 2026-06-24 03:01:58 re/_trace.py:47 close.started
DEBUG 2026-06-24 03:01:58 re/_trace.py:47 close.complete
DEBUG 2026-06-24 03:01:58 re/_trace.py:47 close.started
DEBUG 2026-06-24 03:01:58 re/_trace.py:47 close.complete
DEBUG 2026-06-24 03:01:58 re/_trace.py:47 close.started
DEBUG 2026-06-24 03:01:58 re/_trace.py:47 close.complete
DEBUG 2026-06-24 03:01:58 re/_trace.py:47 close.started
DEBUG 2026-06-24 03:01:58 re/_trace.py:47 close.complete
DEBUG 2026-06-24 03:01:58 re/_trace.py:47 close.started
DEBUG 2026-06-24 03:01:58 re/_trace.py:47 close.complete
DEBUG 2026-06-24 03:01:58 re/_trace.py:47 close.started
DEBUG 2026-06-24 03:01:58 re/_trace.py:47 close.complete
DEBUG 2026-06-24 03:01:58 re/_trace.py:47 close.started
DEBUG 2026-06-24 03:01:58 re/_trace.py:47 close.complete
INFO 2026-06-24 03:05:29 ot_train.py:459 step:19K smpl:11M ep:19K epch:94.57 loss:0.007 grdn:0.064 lr:3.7e-05 updt_s:2.267 data_s:0.133
WARNING 2026-06-24 03:05:29 db_utils.py:181 WandB logging of key "loss_per_dim" was ignored as its type "<class 'list'>" is not handled by this wrapper.
DEBUG 2026-06-24 03:09:52 re/_trace.py:47 close.started
DEBUG 2026-06-24 03:09:52 re/_trace.py:47 close.complete
DEBUG 2026-06-24 03:09:52 re/_trace.py:47 close.started
DEBUG 2026-06-24 03:09:52 re/_trace.py:47 close.complete
DEBUG 2026-06-24 03:09:52 re/_trace.py:47 close.started
DEBUG 2026-06-24 03:09:52 re/_trace.py:47 close.complete
DEBUG 2026-06-24 03:09:52 re/_trace.py:47 close.started
DEBUG 2026-06-24 03:09:52 re/_trace.py:47 close.complete
DEBUG 2026-06-24 03:09:52 re/_trace.py:47 close.started
DEBUG 2026-06-24 03:09:52 re/_trace.py:47 close.complete
DEBUG 2026-06-24 03:09:53 re/_trace.py:47 close.started
DEBUG 2026-06-24 03:09:53 re/_trace.py:47 close.complete
DEBUG 2026-06-24 03:09:53 re/_trace.py:47 close.started
DEBUG 2026-06-24 03:09:53 re/_trace.py:47 close.complete
DEBUG 2026-06-24 03:09:53 re/_trace.py:47 close.started
DEBUG 2026-06-24 03:09:53 re/_trace.py:47 close.complete
DEBUG 2026-06-24 03:09:53 re/_trace.py:47 close.started
DEBUG 2026-06-24 03:09:53 re/_trace.py:47 close.complete
DEBUG 2026-06-24 03:09:53 re/_trace.py:47 close.started
DEBUG 2026-06-24 03:09:53 re/_trace.py:47 close.complete
INFO 2026-06-24 03:13:28 ot_train.py:459 step:19K smpl:11M ep:19K epch:95.59 loss:0.007 grdn:0.061 lr:3.6e-05 updt_s:2.268 data_s:0.125
WARNING 2026-06-24 03:13:28 db_utils.py:181 WandB logging of key "loss_per_dim" was ignored as its type "<class 'list'>" is not handled by this wrapper.
DEBUG 2026-06-24 03:17:44 re/_trace.py:47 close.started
DEBUG 2026-06-24 03:17:44 re/_trace.py:47 close.complete
DEBUG 2026-06-24 03:17:44 re/_trace.py:47 close.started
DEBUG 2026-06-24 03:17:44 re/_trace.py:47 close.complete
DEBUG 2026-06-24 03:17:44 re/_trace.py:47 close.started
DEBUG 2026-06-24 03:17:44 re/_trace.py:47 close.complete
DEBUG 2026-06-24 03:17:44 re/_trace.py:47 close.started
DEBUG 2026-06-24 03:17:44 re/_trace.py:47 close.complete
DEBUG 2026-06-24 03:17:44 re/_trace.py:47 close.started
DEBUG 2026-06-24 03:17:44 re/_trace.py:47 close.complete
DEBUG 2026-06-24 03:17:44 re/_trace.py:47 close.started
DEBUG 2026-06-24 03:17:44 re/_trace.py:47 close.complete
DEBUG 2026-06-24 03:17:44 re/_trace.py:47 close.started
DEBUG 2026-06-24 03:17:44 re/_trace.py:47 close.complete
DEBUG 2026-06-24 03:17:44 re/_trace.py:47 close.started
DEBUG 2026-06-24 03:17:44 re/_trace.py:47 close.complete
DEBUG 2026-06-24 03:17:44 re/_trace.py:47 close.started
DEBUG 2026-06-24 03:17:44 re/_trace.py:47 close.complete
DEBUG 2026-06-24 03:17:44 re/_trace.py:47 close.started
DEBUG 2026-06-24 03:17:44 re/_trace.py:47 close.complete
INFO 2026-06-24 03:21:26 ot_train.py:459 step:19K smpl:12M ep:19K epch:96.60 loss:0.007 grdn:0.059 lr:3.5e-05 updt_s:2.269 data_s:0.119
WARNING 2026-06-24 03:21:26 db_utils.py:181 WandB logging of key "loss_per_dim" was ignored as its type "<class 'list'>" is not handled by this wrapper.
DEBUG 2026-06-24 03:25:36 re/_trace.py:47 close.started
DEBUG 2026-06-24 03:25:36 re/_trace.py:47 close.complete
DEBUG 2026-06-24 03:25:36 re/_trace.py:47 close.started
DEBUG 2026-06-24 03:25:36 re/_trace.py:47 close.complete
DEBUG 2026-06-24 03:25:36 re/_trace.py:47 close.started
DEBUG 2026-06-24 03:25:36 re/_trace.py:47 close.complete
DEBUG 2026-06-24 03:25:36 re/_trace.py:47 close.started
DEBUG 2026-06-24 03:25:36 re/_trace.py:47 close.complete
DEBUG 2026-06-24 03:25:36 re/_trace.py:47 close.started
DEBUG 2026-06-24 03:25:36 re/_trace.py:47 close.complete
DEBUG 2026-06-24 03:25:36 re/_trace.py:47 close.started
DEBUG 2026-06-24 03:25:36 re/_trace.py:47 close.complete
DEBUG 2026-06-24 03:25:36 re/_trace.py:47 close.started
DEBUG 2026-06-24 03:25:36 re/_trace.py:47 close.complete
DEBUG 2026-06-24 03:25:36 re/_trace.py:47 close.started
DEBUG 2026-06-24 03:25:36 re/_trace.py:47 close.complete
DEBUG 2026-06-24 03:25:36 re/_trace.py:47 close.started
DEBUG 2026-06-24 03:25:36 re/_trace.py:47 close.complete
DEBUG 2026-06-24 03:25:36 re/_trace.py:47 close.started
DEBUG 2026-06-24 03:25:36 re/_trace.py:47 close.complete
INFO 2026-06-24 03:29:25 ot_train.py:459 step:19K smpl:12M ep:20K epch:97.62 loss:0.007 grdn:0.060 lr:3.4e-05 updt_s:2.265 data_s:0.128
WARNING 2026-06-24 03:29:25 db_utils.py:181 WandB logging of key "loss_per_dim" was ignored as its type "<class 'list'>" is not handled by this wrapper.
DEBUG 2026-06-24 03:33:29 re/_trace.py:47 close.started
DEBUG 2026-06-24 03:33:29 re/_trace.py:47 close.complete
DEBUG 2026-06-24 03:33:29 re/_trace.py:47 close.started
DEBUG 2026-06-24 03:33:29 re/_trace.py:47 close.complete
DEBUG 2026-06-24 03:33:29 re/_trace.py:47 close.started
DEBUG 2026-06-24 03:33:29 re/_trace.py:47 close.complete
DEBUG 2026-06-24 03:33:29 re/_trace.py:47 close.started
DEBUG 2026-06-24 03:33:29 re/_trace.py:47 close.complete
DEBUG 2026-06-24 03:33:29 re/_trace.py:47 close.started
DEBUG 2026-06-24 03:33:29 re/_trace.py:47 close.complete
DEBUG 2026-06-24 03:33:30 re/_trace.py:47 close.started
DEBUG 2026-06-24 03:33:30 re/_trace.py:47 close.complete
DEBUG 2026-06-24 03:33:30 re/_trace.py:47 close.started
DEBUG 2026-06-24 03:33:30 re/_trace.py:47 close.complete
DEBUG 2026-06-24 03:33:30 re/_trace.py:47 close.started
DEBUG 2026-06-24 03:33:30 re/_trace.py:47 close.complete
DEBUG 2026-06-24 03:33:30 re/_trace.py:47 close.started
DEBUG 2026-06-24 03:33:30 re/_trace.py:47 close.complete
DEBUG 2026-06-24 03:33:30 re/_trace.py:47 close.started
DEBUG 2026-06-24 03:33:30 re/_trace.py:47 close.complete
INFO 2026-06-24 03:37:26 ot_train.py:459 step:19K smpl:12M ep:20K epch:98.64 loss:0.007 grdn:0.060 lr:3.3e-05 updt_s:2.285 data_s:0.119
WARNING 2026-06-24 03:37:26 db_utils.py:181 WandB logging of key "loss_per_dim" was ignored as its type "<class 'list'>" is not handled by this wrapper.
DEBUG 2026-06-24 03:41:23 re/_trace.py:47 close.started
DEBUG 2026-06-24 03:41:23 re/_trace.py:47 close.complete
DEBUG 2026-06-24 03:41:23 re/_trace.py:47 close.started
DEBUG 2026-06-24 03:41:23 re/_trace.py:47 close.complete
DEBUG 2026-06-24 03:41:23 re/_trace.py:47 close.started
DEBUG 2026-06-24 03:41:23 re/_trace.py:47 close.complete
DEBUG 2026-06-24 03:41:23 re/_trace.py:47 close.started
DEBUG 2026-06-24 03:41:23 re/_trace.py:47 close.complete
DEBUG 2026-06-24 03:41:23 re/_trace.py:47 close.started
DEBUG 2026-06-24 03:41:23 re/_trace.py:47 close.complete
DEBUG 2026-06-24 03:41:23 re/_trace.py:47 close.started
DEBUG 2026-06-24 03:41:23 re/_trace.py:47 close.complete
DEBUG 2026-06-24 03:41:23 re/_trace.py:47 close.started
DEBUG 2026-06-24 03:41:23 re/_trace.py:47 close.complete
DEBUG 2026-06-24 03:41:23 re/_trace.py:47 close.started
DEBUG 2026-06-24 03:41:23 re/_trace.py:47 close.complete
DEBUG 2026-06-24 03:41:23 re/_trace.py:47 close.started
DEBUG 2026-06-24 03:41:23 re/_trace.py:47 close.complete
DEBUG 2026-06-24 03:41:23 re/_trace.py:47 close.started
DEBUG 2026-06-24 03:41:23 re/_trace.py:47 close.complete
INFO 2026-06-24 03:45:28 ot_train.py:459 step:20K smpl:12M ep:20K epch:99.65 loss:0.007 grdn:0.063 lr:3.2e-05 updt_s:2.291 data_s:0.113
WARNING 2026-06-24 03:45:28 db_utils.py:181 WandB logging of key "loss_per_dim" was ignored as its type "<class 'list'>" is not handled by this wrapper.
DEBUG 2026-06-24 03:49:16 re/_trace.py:47 close.started
DEBUG 2026-06-24 03:49:16 re/_trace.py:47 close.complete
DEBUG 2026-06-24 03:49:16 re/_trace.py:47 close.started
DEBUG 2026-06-24 03:49:16 re/_trace.py:47 close.complete
DEBUG 2026-06-24 03:49:16 re/_trace.py:47 close.started
DEBUG 2026-06-24 03:49:16 re/_trace.py:47 close.complete
DEBUG 2026-06-24 03:49:16 re/_trace.py:47 close.started
DEBUG 2026-06-24 03:49:16 re/_trace.py:47 close.complete
DEBUG 2026-06-24 03:49:16 re/_trace.py:47 close.started
DEBUG 2026-06-24 03:49:16 re/_trace.py:47 close.complete
DEBUG 2026-06-24 03:49:16 re/_trace.py:47 close.started
DEBUG 2026-06-24 03:49:16 re/_trace.py:47 close.complete
DEBUG 2026-06-24 03:49:16 re/_trace.py:47 close.started
DEBUG 2026-06-24 03:49:16 re/_trace.py:47 close.complete
DEBUG 2026-06-24 03:49:16 re/_trace.py:47 close.started
DEBUG 2026-06-24 03:49:16 re/_trace.py:47 close.complete
DEBUG 2026-06-24 03:49:16 re/_trace.py:47 close.started
DEBUG 2026-06-24 03:49:16 re/_trace.py:47 close.complete
DEBUG 2026-06-24 03:49:16 re/_trace.py:47 close.started
DEBUG 2026-06-24 03:49:16 re/_trace.py:47 close.complete
INFO 2026-06-24 03:53:27 ot_train.py:459 step:20K smpl:12M ep:20K epch:100.67 loss:0.007 grdn:0.061 lr:3.1e-05 updt_s:2.280 data_s:0.113
WARNING 2026-06-24 03:53:27 db_utils.py:181 WandB logging of key "loss_per_dim" was ignored as its type "<class 'list'>" is not handled by this wrapper.
DEBUG 2026-06-24 03:57:08 re/_trace.py:47 close.started
DEBUG 2026-06-24 03:57:08 re/_trace.py:47 close.complete
DEBUG 2026-06-24 03:57:08 re/_trace.py:47 close.started
DEBUG 2026-06-24 03:57:08 re/_trace.py:47 close.complete
DEBUG 2026-06-24 03:57:08 re/_trace.py:47 close.started
DEBUG 2026-06-24 03:57:08 re/_trace.py:47 close.complete
DEBUG 2026-06-24 03:57:09 re/_trace.py:47 close.started
DEBUG 2026-06-24 03:57:09 re/_trace.py:47 close.complete
DEBUG 2026-06-24 03:57:09 re/_trace.py:47 close.started
DEBUG 2026-06-24 03:57:09 re/_trace.py:47 close.complete
DEBUG 2026-06-24 03:57:09 re/_trace.py:47 close.started
DEBUG 2026-06-24 03:57:09 re/_trace.py:47 close.complete
DEBUG 2026-06-24 03:57:09 re/_trace.py:47 close.started
DEBUG 2026-06-24 03:57:09 re/_trace.py:47 close.complete
DEBUG 2026-06-24 03:57:09 re/_trace.py:47 close.started
DEBUG 2026-06-24 03:57:09 re/_trace.py:47 close.complete
DEBUG 2026-06-24 03:57:09 re/_trace.py:47 close.started
DEBUG 2026-06-24 03:57:09 re/_trace.py:47 close.complete
DEBUG 2026-06-24 03:57:09 re/_trace.py:47 close.started
DEBUG 2026-06-24 03:57:09 re/_trace.py:47 close.complete
INFO 2026-06-24 04:01:27 ot_train.py:459 step:20K smpl:12M ep:20K epch:101.69 loss:0.007 grdn:0.061 lr:3.0e-05 updt_s:2.274 data_s:0.125
WARNING 2026-06-24 04:01:27 db_utils.py:181 WandB logging of key "loss_per_dim" was ignored as its type "<class 'list'>" is not handled by this wrapper.
DEBUG 2026-06-24 04:05:04 re/_trace.py:47 close.started
DEBUG 2026-06-24 04:05:04 re/_trace.py:47 close.complete
DEBUG 2026-06-24 04:05:04 re/_trace.py:47 close.started
DEBUG 2026-06-24 04:05:04 re/_trace.py:47 close.complete
DEBUG 2026-06-24 04:05:04 re/_trace.py:47 close.started
DEBUG 2026-06-24 04:05:04 re/_trace.py:47 close.complete
DEBUG 2026-06-24 04:05:04 re/_trace.py:47 close.started
DEBUG 2026-06-24 04:05:04 re/_trace.py:47 close.complete
DEBUG 2026-06-24 04:05:04 re/_trace.py:47 close.started
DEBUG 2026-06-24 04:05:04 re/_trace.py:47 close.complete
DEBUG 2026-06-24 04:05:04 re/_trace.py:47 close.started
DEBUG 2026-06-24 04:05:04 re/_trace.py:47 close.complete
DEBUG 2026-06-24 04:05:04 re/_trace.py:47 close.started
DEBUG 2026-06-24 04:05:04 re/_trace.py:47 close.complete
DEBUG 2026-06-24 04:05:04 re/_trace.py:47 close.started
DEBUG 2026-06-24 04:05:04 re/_trace.py:47 close.complete
DEBUG 2026-06-24 04:05:04 re/_trace.py:47 close.started
DEBUG 2026-06-24 04:05:04 re/_trace.py:47 close.complete
DEBUG 2026-06-24 04:05:04 re/_trace.py:47 close.started
DEBUG 2026-06-24 04:05:04 re/_trace.py:47 close.complete
INFO 2026-06-24 04:09:28 ot_train.py:459 step:20K smpl:12M ep:21K epch:102.70 loss:0.007 grdn:0.062 lr:2.9e-05 updt_s:2.272 data_s:0.130
WARNING 2026-06-24 04:09:28 db_utils.py:181 WandB logging of key "loss_per_dim" was ignored as its type "<class 'list'>" is not handled by this wrapper.
DEBUG 2026-06-24 04:12:57 re/_trace.py:47 close.started
DEBUG 2026-06-24 04:12:57 re/_trace.py:47 close.complete
DEBUG 2026-06-24 04:12:57 re/_trace.py:47 close.started
DEBUG 2026-06-24 04:12:57 re/_trace.py:47 close.complete
DEBUG 2026-06-24 04:12:57 re/_trace.py:47 close.started
DEBUG 2026-06-24 04:12:57 re/_trace.py:47 close.complete
DEBUG 2026-06-24 04:12:57 re/_trace.py:47 close.started
DEBUG 2026-06-24 04:12:57 re/_trace.py:47 close.complete
DEBUG 2026-06-24 04:12:57 re/_trace.py:47 close.started
DEBUG 2026-06-24 04:12:57 re/_trace.py:47 close.complete
DEBUG 2026-06-24 04:12:57 re/_trace.py:47 close.started
DEBUG 2026-06-24 04:12:57 re/_trace.py:47 close.complete
DEBUG 2026-06-24 04:12:57 re/_trace.py:47 close.started
DEBUG 2026-06-24 04:12:57 re/_trace.py:47 close.complete
DEBUG 2026-06-24 04:12:57 re/_trace.py:47 close.started
DEBUG 2026-06-24 04:12:57 re/_trace.py:47 close.complete
DEBUG 2026-06-24 04:12:57 re/_trace.py:47 close.started
DEBUG 2026-06-24 04:12:57 re/_trace.py:47 close.complete
DEBUG 2026-06-24 04:12:57 re/_trace.py:47 close.started
DEBUG 2026-06-24 04:12:57 re/_trace.py:47 close.complete
INFO 2026-06-24 04:17:29 ot_train.py:459 step:20K smpl:12M ep:21K epch:103.72 loss:0.006 grdn:0.060 lr:2.8e-05 updt_s:2.286 data_s:0.117
WARNING 2026-06-24 04:17:29 db_utils.py:181 WandB logging of key "loss_per_dim" was ignored as its type "<class 'list'>" is not handled by this wrapper.
DEBUG 2026-06-24 04:20:50 re/_trace.py:47 close.started
DEBUG 2026-06-24 04:20:50 re/_trace.py:47 close.complete
DEBUG 2026-06-24 04:20:50 re/_trace.py:47 close.started
DEBUG 2026-06-24 04:20:50 re/_trace.py:47 close.complete
DEBUG 2026-06-24 04:20:50 re/_trace.py:47 close.started
DEBUG 2026-06-24 04:20:50 re/_trace.py:47 close.complete
DEBUG 2026-06-24 04:20:51 re/_trace.py:47 close.started
DEBUG 2026-06-24 04:20:51 re/_trace.py:47 close.complete
DEBUG 2026-06-24 04:20:51 re/_trace.py:47 close.started
DEBUG 2026-06-24 04:20:51 re/_trace.py:47 close.complete
DEBUG 2026-06-24 04:20:51 re/_trace.py:47 close.started
DEBUG 2026-06-24 04:20:51 re/_trace.py:47 close.complete
DEBUG 2026-06-24 04:20:51 re/_trace.py:47 close.started
DEBUG 2026-06-24 04:20:51 re/_trace.py:47 close.complete
DEBUG 2026-06-24 04:20:51 re/_trace.py:47 close.started
DEBUG 2026-06-24 04:20:51 re/_trace.py:47 close.complete
DEBUG 2026-06-24 04:20:51 re/_trace.py:47 close.started
DEBUG 2026-06-24 04:20:51 re/_trace.py:47 close.complete
DEBUG 2026-06-24 04:20:51 re/_trace.py:47 close.started
DEBUG 2026-06-24 04:20:51 re/_trace.py:47 close.complete
INFO 2026-06-24 04:25:29 ot_train.py:459 step:21K smpl:12M ep:21K epch:104.74 loss:0.006 grdn:0.060 lr:2.7e-05 updt_s:2.281 data_s:0.116
WARNING 2026-06-24 04:25:29 db_utils.py:181 WandB logging of key "loss_per_dim" was ignored as its type "<class 'list'>" is not handled by this wrapper.
DEBUG 2026-06-24 04:28:44 re/_trace.py:47 close.started
DEBUG 2026-06-24 04:28:44 re/_trace.py:47 close.complete
DEBUG 2026-06-24 04:28:44 re/_trace.py:47 close.started
DEBUG 2026-06-24 04:28:44 re/_trace.py:47 close.complete
DEBUG 2026-06-24 04:28:44 re/_trace.py:47 close.started
DEBUG 2026-06-24 04:28:44 re/_trace.py:47 close.complete
DEBUG 2026-06-24 04:28:44 re/_trace.py:47 close.started
DEBUG 2026-06-24 04:28:44 re/_trace.py:47 close.complete
DEBUG 2026-06-24 04:28:44 re/_trace.py:47 close.started
DEBUG 2026-06-24 04:28:44 re/_trace.py:47 close.complete
DEBUG 2026-06-24 04:28:44 re/_trace.py:47 close.started
DEBUG 2026-06-24 04:28:44 re/_trace.py:47 close.complete
DEBUG 2026-06-24 04:28:44 re/_trace.py:47 close.started
DEBUG 2026-06-24 04:28:44 re/_trace.py:47 close.complete
DEBUG 2026-06-24 04:28:44 re/_trace.py:47 close.started
DEBUG 2026-06-24 04:28:44 re/_trace.py:47 close.complete
DEBUG 2026-06-24 04:28:44 re/_trace.py:47 close.started
DEBUG 2026-06-24 04:28:44 re/_trace.py:47 close.complete
DEBUG 2026-06-24 04:28:44 re/_trace.py:47 close.started
DEBUG 2026-06-24 04:28:44 re/_trace.py:47 close.complete
INFO 2026-06-24 04:33:28 ot_train.py:459 step:21K smpl:13M ep:21K epch:105.75 loss:0.006 grdn:0.061 lr:2.6e-05 updt_s:2.281 data_s:0.114
WARNING 2026-06-24 04:33:28 db_utils.py:181 WandB logging of key "loss_per_dim" was ignored as its type "<class 'list'>" is not handled by this wrapper.
DEBUG 2026-06-24 04:36:36 re/_trace.py:47 close.started
DEBUG 2026-06-24 04:36:36 re/_trace.py:47 close.complete
DEBUG 2026-06-24 04:36:36 re/_trace.py:47 close.started
DEBUG 2026-06-24 04:36:36 re/_trace.py:47 close.complete
DEBUG 2026-06-24 04:36:36 re/_trace.py:47 close.started
DEBUG 2026-06-24 04:36:36 re/_trace.py:47 close.complete
DEBUG 2026-06-24 04:36:36 re/_trace.py:47 close.started
DEBUG 2026-06-24 04:36:36 re/_trace.py:47 close.complete
DEBUG 2026-06-24 04:36:36 re/_trace.py:47 close.started
DEBUG 2026-06-24 04:36:36 re/_trace.py:47 close.complete
DEBUG 2026-06-24 04:36:36 re/_trace.py:47 close.started
DEBUG 2026-06-24 04:36:36 re/_trace.py:47 close.complete
DEBUG 2026-06-24 04:36:36 re/_trace.py:47 close.started
DEBUG 2026-06-24 04:36:36 re/_trace.py:47 close.complete
DEBUG 2026-06-24 04:36:36 re/_trace.py:47 close.started
DEBUG 2026-06-24 04:36:36 re/_trace.py:47 close.complete
DEBUG 2026-06-24 04:36:36 re/_trace.py:47 close.started
DEBUG 2026-06-24 04:36:36 re/_trace.py:47 close.complete
DEBUG 2026-06-24 04:36:37 re/_trace.py:47 close.started
DEBUG 2026-06-24 04:36:37 re/_trace.py:47 close.complete
INFO 2026-06-24 04:41:29 ot_train.py:459 step:21K smpl:13M ep:21K epch:106.77 loss:0.006 grdn:0.060 lr:2.5e-05 updt_s:2.274 data_s:0.124
WARNING 2026-06-24 04:41:29 db_utils.py:181 WandB logging of key "loss_per_dim" was ignored as its type "<class 'list'>" is not handled by this wrapper.
INFO 2026-06-24 04:41:29 ot_train.py:479 Checkpoint policy after step 21000
DEBUG 2026-06-24 04:42:02 tionpool.py:289 Resetting dropped connection: api.wandb.ai
DEBUG 2026-06-24 04:42:02 tionpool.py:544 https://api.wandb.ai:443 "POST /graphql HTTP/1.1" 200 None
DEBUG 2026-06-24 04:45:04 re/_trace.py:47 close.started
DEBUG 2026-06-24 04:45:04 re/_trace.py:47 close.complete
DEBUG 2026-06-24 04:45:04 re/_trace.py:47 close.started
DEBUG 2026-06-24 04:45:04 re/_trace.py:47 close.complete
DEBUG 2026-06-24 04:45:04 re/_trace.py:47 close.started
DEBUG 2026-06-24 04:45:04 re/_trace.py:47 close.complete
DEBUG 2026-06-24 04:45:04 re/_trace.py:47 close.started
DEBUG 2026-06-24 04:45:04 re/_trace.py:47 close.complete
DEBUG 2026-06-24 04:45:04 re/_trace.py:47 close.started
DEBUG 2026-06-24 04:45:04 re/_trace.py:47 close.complete
DEBUG 2026-06-24 04:45:04 re/_trace.py:47 close.started
DEBUG 2026-06-24 04:45:04 re/_trace.py:47 close.complete
DEBUG 2026-06-24 04:45:04 re/_trace.py:47 close.started
DEBUG 2026-06-24 04:45:04 re/_trace.py:47 close.complete
DEBUG 2026-06-24 04:45:04 re/_trace.py:47 close.started
DEBUG 2026-06-24 04:45:04 re/_trace.py:47 close.complete
DEBUG 2026-06-24 04:45:04 re/_trace.py:47 close.started
DEBUG 2026-06-24 04:45:04 re/_trace.py:47 close.complete
DEBUG 2026-06-24 04:45:04 re/_trace.py:47 close.started
DEBUG 2026-06-24 04:45:04 re/_trace.py:47 close.complete
INFO 2026-06-24 04:50:03 ot_train.py:459 step:21K smpl:13M ep:22K epch:107.79 loss:0.006 grdn:0.060 lr:2.4e-05 updt_s:2.282 data_s:0.120
WARNING 2026-06-24 04:50:03 db_utils.py:181 WandB logging of key "loss_per_dim" was ignored as its type "<class 'list'>" is not handled by this wrapper.
DEBUG 2026-06-24 04:52:58 re/_trace.py:47 close.started
DEBUG 2026-06-24 04:52:58 re/_trace.py:47 close.complete
DEBUG 2026-06-24 04:52:58 re/_trace.py:47 close.started
DEBUG 2026-06-24 04:52:58 re/_trace.py:47 close.complete
DEBUG 2026-06-24 04:52:58 re/_trace.py:47 close.started
DEBUG 2026-06-24 04:52:58 re/_trace.py:47 close.complete
DEBUG 2026-06-24 04:52:58 re/_trace.py:47 close.started
DEBUG 2026-06-24 04:52:58 re/_trace.py:47 close.complete
DEBUG 2026-06-24 04:52:58 re/_trace.py:47 close.started
DEBUG 2026-06-24 04:52:58 re/_trace.py:47 close.complete
DEBUG 2026-06-24 04:52:58 re/_trace.py:47 close.started
DEBUG 2026-06-24 04:52:58 re/_trace.py:47 close.complete
DEBUG 2026-06-24 04:52:58 re/_trace.py:47 close.started
DEBUG 2026-06-24 04:52:58 re/_trace.py:47 close.complete
DEBUG 2026-06-24 04:52:58 re/_trace.py:47 close.started
DEBUG 2026-06-24 04:52:58 re/_trace.py:47 close.complete
DEBUG 2026-06-24 04:52:58 re/_trace.py:47 close.started
DEBUG 2026-06-24 04:52:58 re/_trace.py:47 close.complete
DEBUG 2026-06-24 04:52:59 re/_trace.py:47 close.started
DEBUG 2026-06-24 04:52:59 re/_trace.py:47 close.complete
INFO 2026-06-24 04:58:05 ot_train.py:459 step:21K smpl:13M ep:22K epch:108.80 loss:0.006 grdn:0.063 lr:2.3e-05 updt_s:2.296 data_s:0.110
WARNING 2026-06-24 04:58:05 db_utils.py:181 WandB logging of key "loss_per_dim" was ignored as its type "<class 'list'>" is not handled by this wrapper.
DEBUG 2026-06-24 05:00:54 re/_trace.py:47 close.started
DEBUG 2026-06-24 05:00:54 re/_trace.py:47 close.complete
DEBUG 2026-06-24 05:00:54 re/_trace.py:47 close.started
DEBUG 2026-06-24 05:00:54 re/_trace.py:47 close.complete
DEBUG 2026-06-24 05:00:54 re/_trace.py:47 close.started
DEBUG 2026-06-24 05:00:54 re/_trace.py:47 close.complete
DEBUG 2026-06-24 05:00:54 re/_trace.py:47 close.started
DEBUG 2026-06-24 05:00:54 re/_trace.py:47 close.complete
DEBUG 2026-06-24 05:00:54 re/_trace.py:47 close.started
DEBUG 2026-06-24 05:00:54 re/_trace.py:47 close.complete
DEBUG 2026-06-24 05:00:54 re/_trace.py:47 close.started
DEBUG 2026-06-24 05:00:54 re/_trace.py:47 close.complete
DEBUG 2026-06-24 05:00:54 re/_trace.py:47 close.started
DEBUG 2026-06-24 05:00:54 re/_trace.py:47 close.complete
DEBUG 2026-06-24 05:00:54 re/_trace.py:47 close.started
DEBUG 2026-06-24 05:00:54 re/_trace.py:47 close.complete
DEBUG 2026-06-24 05:00:54 re/_trace.py:47 close.started
DEBUG 2026-06-24 05:00:54 re/_trace.py:47 close.complete
DEBUG 2026-06-24 05:00:54 re/_trace.py:47 close.started
DEBUG 2026-06-24 05:00:54 re/_trace.py:47 close.complete
INFO 2026-06-24 05:06:08 ot_train.py:459 step:22K smpl:13M ep:22K epch:109.82 loss:0.006 grdn:0.059 lr:2.2e-05 updt_s:2.284 data_s:0.129
WARNING 2026-06-24 05:06:08 db_utils.py:181 WandB logging of key "loss_per_dim" was ignored as its type "<class 'list'>" is not handled by this wrapper.
DEBUG 2026-06-24 05:08:49 re/_trace.py:47 close.started
DEBUG 2026-06-24 05:08:49 re/_trace.py:47 close.complete
DEBUG 2026-06-24 05:08:49 re/_trace.py:47 close.started
DEBUG 2026-06-24 05:08:49 re/_trace.py:47 close.complete
DEBUG 2026-06-24 05:08:49 re/_trace.py:47 close.started
DEBUG 2026-06-24 05:08:49 re/_trace.py:47 close.complete
DEBUG 2026-06-24 05:08:49 re/_trace.py:47 close.started
DEBUG 2026-06-24 05:08:49 re/_trace.py:47 close.complete
DEBUG 2026-06-24 05:08:49 re/_trace.py:47 close.started
DEBUG 2026-06-24 05:08:49 re/_trace.py:47 close.complete
DEBUG 2026-06-24 05:08:49 re/_trace.py:47 close.started
DEBUG 2026-06-24 05:08:49 re/_trace.py:47 close.complete
DEBUG 2026-06-24 05:08:49 re/_trace.py:47 close.started
DEBUG 2026-06-24 05:08:49 re/_trace.py:47 close.complete
DEBUG 2026-06-24 05:08:49 re/_trace.py:47 close.started
DEBUG 2026-06-24 05:08:49 re/_trace.py:47 close.complete
DEBUG 2026-06-24 05:08:49 re/_trace.py:47 close.started
DEBUG 2026-06-24 05:08:49 re/_trace.py:47 close.complete
DEBUG 2026-06-24 05:08:49 re/_trace.py:47 close.started
DEBUG 2026-06-24 05:08:49 re/_trace.py:47 close.complete
INFO 2026-06-24 05:14:08 ot_train.py:459 step:22K smpl:13M ep:22K epch:110.84 loss:0.006 grdn:0.060 lr:2.2e-05 updt_s:2.267 data_s:0.130
WARNING 2026-06-24 05:14:08 db_utils.py:181 WandB logging of key "loss_per_dim" was ignored as its type "<class 'list'>" is not handled by this wrapper.
DEBUG 2026-06-24 05:16:42 re/_trace.py:47 close.started
DEBUG 2026-06-24 05:16:42 re/_trace.py:47 close.complete
DEBUG 2026-06-24 05:16:42 re/_trace.py:47 close.started
DEBUG 2026-06-24 05:16:42 re/_trace.py:47 close.complete
DEBUG 2026-06-24 05:16:42 re/_trace.py:47 close.started
DEBUG 2026-06-24 05:16:42 re/_trace.py:47 close.complete
DEBUG 2026-06-24 05:16:42 re/_trace.py:47 close.started
DEBUG 2026-06-24 05:16:42 re/_trace.py:47 close.complete
DEBUG 2026-06-24 05:16:42 re/_trace.py:47 close.started
DEBUG 2026-06-24 05:16:42 re/_trace.py:47 close.complete
DEBUG 2026-06-24 05:16:42 re/_trace.py:47 close.started
DEBUG 2026-06-24 05:16:42 re/_trace.py:47 close.complete
DEBUG 2026-06-24 05:16:42 re/_trace.py:47 close.started
DEBUG 2026-06-24 05:16:42 re/_trace.py:47 close.complete
DEBUG 2026-06-24 05:16:42 re/_trace.py:47 close.started
DEBUG 2026-06-24 05:16:42 re/_trace.py:47 close.complete
DEBUG 2026-06-24 05:16:42 re/_trace.py:47 close.started
DEBUG 2026-06-24 05:16:42 re/_trace.py:47 close.complete
DEBUG 2026-06-24 05:16:42 re/_trace.py:47 close.started
DEBUG 2026-06-24 05:16:42 re/_trace.py:47 close.complete
INFO 2026-06-24 05:22:09 ot_train.py:459 step:22K smpl:13M ep:22K epch:111.86 loss:0.006 grdn:0.060 lr:2.1e-05 updt_s:2.283 data_s:0.121
WARNING 2026-06-24 05:22:09 db_utils.py:181 WandB logging of key "loss_per_dim" was ignored as its type "<class 'list'>" is not handled by this wrapper.
DEBUG 2026-06-24 05:24:36 re/_trace.py:47 close.started
DEBUG 2026-06-24 05:24:36 re/_trace.py:47 close.complete
DEBUG 2026-06-24 05:24:36 re/_trace.py:47 close.started
DEBUG 2026-06-24 05:24:36 re/_trace.py:47 close.complete
DEBUG 2026-06-24 05:24:36 re/_trace.py:47 close.started
DEBUG 2026-06-24 05:24:36 re/_trace.py:47 close.complete
DEBUG 2026-06-24 05:24:36 re/_trace.py:47 close.started
DEBUG 2026-06-24 05:24:36 re/_trace.py:47 close.complete
DEBUG 2026-06-24 05:24:36 re/_trace.py:47 close.started
DEBUG 2026-06-24 05:24:36 re/_trace.py:47 close.complete
DEBUG 2026-06-24 05:24:36 re/_trace.py:47 close.started
DEBUG 2026-06-24 05:24:36 re/_trace.py:47 close.complete
DEBUG 2026-06-24 05:24:36 re/_trace.py:47 close.started
DEBUG 2026-06-24 05:24:36 re/_trace.py:47 close.complete
DEBUG 2026-06-24 05:24:37 re/_trace.py:47 close.started
DEBUG 2026-06-24 05:24:37 re/_trace.py:47 close.complete
DEBUG 2026-06-24 05:24:37 re/_trace.py:47 close.started
DEBUG 2026-06-24 05:24:37 re/_trace.py:47 close.complete
DEBUG 2026-06-24 05:24:37 re/_trace.py:47 close.started
DEBUG 2026-06-24 05:24:37 re/_trace.py:47 close.complete
INFO 2026-06-24 05:30:09 ot_train.py:459 step:22K smpl:13M ep:23K epch:112.87 loss:0.005 grdn:0.060 lr:2.0e-05 updt_s:2.267 data_s:0.129
WARNING 2026-06-24 05:30:09 db_utils.py:181 WandB logging of key "loss_per_dim" was ignored as its type "<class 'list'>" is not handled by this wrapper.
DEBUG 2026-06-24 05:32:30 re/_trace.py:47 close.started
DEBUG 2026-06-24 05:32:30 re/_trace.py:47 close.complete
DEBUG 2026-06-24 05:32:30 re/_trace.py:47 close.started
DEBUG 2026-06-24 05:32:30 re/_trace.py:47 close.complete
DEBUG 2026-06-24 05:32:30 re/_trace.py:47 close.started
DEBUG 2026-06-24 05:32:30 re/_trace.py:47 close.complete
DEBUG 2026-06-24 05:32:30 re/_trace.py:47 close.started
DEBUG 2026-06-24 05:32:30 re/_trace.py:47 close.complete
DEBUG 2026-06-24 05:32:30 re/_trace.py:47 close.started
DEBUG 2026-06-24 05:32:30 re/_trace.py:47 close.complete
DEBUG 2026-06-24 05:32:30 re/_trace.py:47 close.started
DEBUG 2026-06-24 05:32:30 re/_trace.py:47 close.complete
DEBUG 2026-06-24 05:32:30 re/_trace.py:47 close.started
DEBUG 2026-06-24 05:32:30 re/_trace.py:47 close.complete
DEBUG 2026-06-24 05:32:30 re/_trace.py:47 close.started
DEBUG 2026-06-24 05:32:30 re/_trace.py:47 close.complete
DEBUG 2026-06-24 05:32:30 re/_trace.py:47 close.started
DEBUG 2026-06-24 05:32:30 re/_trace.py:47 close.complete
DEBUG 2026-06-24 05:32:30 re/_trace.py:47 close.started
DEBUG 2026-06-24 05:32:30 re/_trace.py:47 close.complete
INFO 2026-06-24 05:38:11 ot_train.py:459 step:22K smpl:14M ep:23K epch:113.89 loss:0.006 grdn:0.061 lr:1.9e-05 updt_s:2.282 data_s:0.127
WARNING 2026-06-24 05:38:11 db_utils.py:181 WandB logging of key "loss_per_dim" was ignored as its type "<class 'list'>" is not handled by this wrapper.
DEBUG 2026-06-24 05:40:24 re/_trace.py:47 close.started
DEBUG 2026-06-24 05:40:24 re/_trace.py:47 close.complete
DEBUG 2026-06-24 05:40:24 re/_trace.py:47 close.started
DEBUG 2026-06-24 05:40:24 re/_trace.py:47 close.complete
DEBUG 2026-06-24 05:40:24 re/_trace.py:47 close.started
DEBUG 2026-06-24 05:40:24 re/_trace.py:47 close.complete
DEBUG 2026-06-24 05:40:25 re/_trace.py:47 close.started
DEBUG 2026-06-24 05:40:25 re/_trace.py:47 close.complete
DEBUG 2026-06-24 05:40:25 re/_trace.py:47 close.started
DEBUG 2026-06-24 05:40:25 re/_trace.py:47 close.complete
DEBUG 2026-06-24 05:40:25 re/_trace.py:47 close.started
DEBUG 2026-06-24 05:40:25 re/_trace.py:47 close.complete
DEBUG 2026-06-24 05:40:25 re/_trace.py:47 close.started
DEBUG 2026-06-24 05:40:25 re/_trace.py:47 close.complete
DEBUG 2026-06-24 05:40:25 re/_trace.py:47 close.started
DEBUG 2026-06-24 05:40:25 re/_trace.py:47 close.complete
DEBUG 2026-06-24 05:40:25 re/_trace.py:47 close.started
DEBUG 2026-06-24 05:40:25 re/_trace.py:47 close.complete
DEBUG 2026-06-24 05:40:25 re/_trace.py:47 close.started
DEBUG 2026-06-24 05:40:25 re/_trace.py:47 close.complete
INFO 2026-06-24 05:46:12 ot_train.py:459 step:23K smpl:14M ep:23K epch:114.91 loss:0.006 grdn:0.060 lr:1.8e-05 updt_s:2.284 data_s:0.119
WARNING 2026-06-24 05:46:12 db_utils.py:181 WandB logging of key "loss_per_dim" was ignored as its type "<class 'list'>" is not handled by this wrapper.
DEBUG 2026-06-24 05:48:19 re/_trace.py:47 close.started
DEBUG 2026-06-24 05:48:19 re/_trace.py:47 close.complete
DEBUG 2026-06-24 05:48:19 re/_trace.py:47 close.started
DEBUG 2026-06-24 05:48:19 re/_trace.py:47 close.complete
DEBUG 2026-06-24 05:48:19 re/_trace.py:47 close.started
DEBUG 2026-06-24 05:48:19 re/_trace.py:47 close.complete
DEBUG 2026-06-24 05:48:19 re/_trace.py:47 close.started
DEBUG 2026-06-24 05:48:19 re/_trace.py:47 close.complete
DEBUG 2026-06-24 05:48:19 re/_trace.py:47 close.started
DEBUG 2026-06-24 05:48:19 re/_trace.py:47 close.complete
DEBUG 2026-06-24 05:48:19 re/_trace.py:47 close.started
DEBUG 2026-06-24 05:48:19 re/_trace.py:47 close.complete
DEBUG 2026-06-24 05:48:20 re/_trace.py:47 close.started
DEBUG 2026-06-24 05:48:20 re/_trace.py:47 close.complete
DEBUG 2026-06-24 05:48:20 re/_trace.py:47 close.started
DEBUG 2026-06-24 05:48:20 re/_trace.py:47 close.complete
DEBUG 2026-06-24 05:48:20 re/_trace.py:47 close.started
DEBUG 2026-06-24 05:48:20 re/_trace.py:47 close.complete
DEBUG 2026-06-24 05:48:20 re/_trace.py:47 close.started
DEBUG 2026-06-24 05:48:20 re/_trace.py:47 close.complete
INFO 2026-06-24 05:54:15 ot_train.py:459 step:23K smpl:14M ep:23K epch:115.92 loss:0.006 grdn:0.060 lr:1.7e-05 updt_s:2.286 data_s:0.125
WARNING 2026-06-24 05:54:15 db_utils.py:181 WandB logging of key "loss_per_dim" was ignored as its type "<class 'list'>" is not handled by this wrapper.
DEBUG 2026-06-24 05:56:15 re/_trace.py:47 close.started
DEBUG 2026-06-24 05:56:15 re/_trace.py:47 close.complete
DEBUG 2026-06-24 05:56:15 re/_trace.py:47 close.started
DEBUG 2026-06-24 05:56:15 re/_trace.py:47 close.complete
DEBUG 2026-06-24 05:56:15 re/_trace.py:47 close.started
DEBUG 2026-06-24 05:56:15 re/_trace.py:47 close.complete
DEBUG 2026-06-24 05:56:15 re/_trace.py:47 close.started
DEBUG 2026-06-24 05:56:15 re/_trace.py:47 close.complete
DEBUG 2026-06-24 05:56:15 re/_trace.py:47 close.started
DEBUG 2026-06-24 05:56:15 re/_trace.py:47 close.complete
DEBUG 2026-06-24 05:56:15 re/_trace.py:47 close.started
DEBUG 2026-06-24 05:56:15 re/_trace.py:47 close.complete
DEBUG 2026-06-24 05:56:15 re/_trace.py:47 close.started
DEBUG 2026-06-24 05:56:15 re/_trace.py:47 close.complete
DEBUG 2026-06-24 05:56:15 re/_trace.py:47 close.started
DEBUG 2026-06-24 05:56:15 re/_trace.py:47 close.complete
DEBUG 2026-06-24 05:56:15 re/_trace.py:47 close.started
DEBUG 2026-06-24 05:56:15 re/_trace.py:47 close.complete
DEBUG 2026-06-24 05:56:15 re/_trace.py:47 close.started
DEBUG 2026-06-24 05:56:15 re/_trace.py:47 close.complete
INFO 2026-06-24 06:02:14 ot_train.py:459 step:23K smpl:14M ep:23K epch:116.94 loss:0.005 grdn:0.059 lr:1.7e-05 updt_s:2.270 data_s:0.124
WARNING 2026-06-24 06:02:14 db_utils.py:181 WandB logging of key "loss_per_dim" was ignored as its type "<class 'list'>" is not handled by this wrapper.
DEBUG 2026-06-24 06:04:07 re/_trace.py:47 close.started
DEBUG 2026-06-24 06:04:07 re/_trace.py:47 close.complete
DEBUG 2026-06-24 06:04:07 re/_trace.py:47 close.started
DEBUG 2026-06-24 06:04:07 re/_trace.py:47 close.complete
DEBUG 2026-06-24 06:04:07 re/_trace.py:47 close.started
DEBUG 2026-06-24 06:04:07 re/_trace.py:47 close.complete
DEBUG 2026-06-24 06:04:07 re/_trace.py:47 close.started
DEBUG 2026-06-24 06:04:07 re/_trace.py:47 close.complete
DEBUG 2026-06-24 06:04:07 re/_trace.py:47 close.started
DEBUG 2026-06-24 06:04:07 re/_trace.py:47 close.complete
DEBUG 2026-06-24 06:04:07 re/_trace.py:47 close.started
DEBUG 2026-06-24 06:04:07 re/_trace.py:47 close.complete
DEBUG 2026-06-24 06:04:07 re/_trace.py:47 close.started
DEBUG 2026-06-24 06:04:07 re/_trace.py:47 close.complete
DEBUG 2026-06-24 06:04:07 re/_trace.py:47 close.started
DEBUG 2026-06-24 06:04:07 re/_trace.py:47 close.complete
DEBUG 2026-06-24 06:04:08 re/_trace.py:47 close.started
DEBUG 2026-06-24 06:04:08 re/_trace.py:47 close.complete
DEBUG 2026-06-24 06:04:08 re/_trace.py:47 close.started
DEBUG 2026-06-24 06:04:08 re/_trace.py:47 close.complete
INFO 2026-06-24 06:10:12 ot_train.py:459 step:23K smpl:14M ep:24K epch:117.96 loss:0.005 grdn:0.060 lr:1.6e-05 updt_s:2.260 data_s:0.129
WARNING 2026-06-24 06:10:12 db_utils.py:181 WandB logging of key "loss_per_dim" was ignored as its type "<class 'list'>" is not handled by this wrapper.
DEBUG 2026-06-24 06:11:58 re/_trace.py:47 close.started
DEBUG 2026-06-24 06:11:58 re/_trace.py:47 close.complete
DEBUG 2026-06-24 06:11:58 re/_trace.py:47 close.started
DEBUG 2026-06-24 06:11:58 re/_trace.py:47 close.complete
DEBUG 2026-06-24 06:11:58 re/_trace.py:47 close.started
DEBUG 2026-06-24 06:11:58 re/_trace.py:47 close.complete
DEBUG 2026-06-24 06:11:58 re/_trace.py:47 close.started
DEBUG 2026-06-24 06:11:58 re/_trace.py:47 close.complete
DEBUG 2026-06-24 06:11:58 re/_trace.py:47 close.started
DEBUG 2026-06-24 06:11:58 re/_trace.py:47 close.complete
DEBUG 2026-06-24 06:11:58 re/_trace.py:47 close.started
DEBUG 2026-06-24 06:11:58 re/_trace.py:47 close.complete
DEBUG 2026-06-24 06:11:58 re/_trace.py:47 close.started
DEBUG 2026-06-24 06:11:58 re/_trace.py:47 close.complete
DEBUG 2026-06-24 06:11:58 re/_trace.py:47 close.started
DEBUG 2026-06-24 06:11:58 re/_trace.py:47 close.complete
DEBUG 2026-06-24 06:11:58 re/_trace.py:47 close.started
DEBUG 2026-06-24 06:11:58 re/_trace.py:47 close.complete
DEBUG 2026-06-24 06:11:58 re/_trace.py:47 close.started
DEBUG 2026-06-24 06:11:58 re/_trace.py:47 close.complete
INFO 2026-06-24 06:18:12 ot_train.py:459 step:23K smpl:14M ep:24K epch:118.97 loss:0.005 grdn:0.060 lr:1.5e-05 updt_s:2.274 data_s:0.123
WARNING 2026-06-24 06:18:12 db_utils.py:181 WandB logging of key "loss_per_dim" was ignored as its type "<class 'list'>" is not handled by this wrapper.
DEBUG 2026-06-24 06:19:52 re/_trace.py:47 close.started
DEBUG 2026-06-24 06:19:52 re/_trace.py:47 close.complete
DEBUG 2026-06-24 06:19:52 re/_trace.py:47 close.started
DEBUG 2026-06-24 06:19:52 re/_trace.py:47 close.complete
DEBUG 2026-06-24 06:19:52 re/_trace.py:47 close.started
DEBUG 2026-06-24 06:19:52 re/_trace.py:47 close.complete
DEBUG 2026-06-24 06:19:52 re/_trace.py:47 close.started
DEBUG 2026-06-24 06:19:52 re/_trace.py:47 close.complete
DEBUG 2026-06-24 06:19:52 re/_trace.py:47 close.started
DEBUG 2026-06-24 06:19:52 re/_trace.py:47 close.complete
DEBUG 2026-06-24 06:19:52 re/_trace.py:47 close.started
DEBUG 2026-06-24 06:19:52 re/_trace.py:47 close.complete
DEBUG 2026-06-24 06:19:52 re/_trace.py:47 close.started
DEBUG 2026-06-24 06:19:52 re/_trace.py:47 close.complete
DEBUG 2026-06-24 06:19:52 re/_trace.py:47 close.started
DEBUG 2026-06-24 06:19:52 re/_trace.py:47 close.complete
DEBUG 2026-06-24 06:19:52 re/_trace.py:47 close.started
DEBUG 2026-06-24 06:19:52 re/_trace.py:47 close.complete
DEBUG 2026-06-24 06:19:52 re/_trace.py:47 close.started
DEBUG 2026-06-24 06:19:52 re/_trace.py:47 close.complete
INFO 2026-06-24 06:26:13 ot_train.py:459 step:24K smpl:14M ep:24K epch:119.99 loss:0.005 grdn:0.059 lr:1.4e-05 updt_s:2.273 data_s:0.128
WARNING 2026-06-24 06:26:13 db_utils.py:181 WandB logging of key "loss_per_dim" was ignored as its type "<class 'list'>" is not handled by this wrapper.
DEBUG 2026-06-24 06:27:45 re/_trace.py:47 close.started
DEBUG 2026-06-24 06:27:45 re/_trace.py:47 close.complete
DEBUG 2026-06-24 06:27:46 re/_trace.py:47 close.started
DEBUG 2026-06-24 06:27:46 re/_trace.py:47 close.complete
DEBUG 2026-06-24 06:27:46 re/_trace.py:47 close.started
DEBUG 2026-06-24 06:27:46 re/_trace.py:47 close.complete
DEBUG 2026-06-24 06:27:46 re/_trace.py:47 close.started
DEBUG 2026-06-24 06:27:46 re/_trace.py:47 close.complete
DEBUG 2026-06-24 06:27:46 re/_trace.py:47 close.started
DEBUG 2026-06-24 06:27:46 re/_trace.py:47 close.complete
DEBUG 2026-06-24 06:27:46 re/_trace.py:47 close.started
DEBUG 2026-06-24 06:27:46 re/_trace.py:47 close.complete
DEBUG 2026-06-24 06:27:46 re/_trace.py:47 close.started
DEBUG 2026-06-24 06:27:46 re/_trace.py:47 close.complete
DEBUG 2026-06-24 06:27:46 re/_trace.py:47 close.started
DEBUG 2026-06-24 06:27:46 re/_trace.py:47 close.complete
DEBUG 2026-06-24 06:27:46 re/_trace.py:47 close.started
DEBUG 2026-06-24 06:27:46 re/_trace.py:47 close.complete
DEBUG 2026-06-24 06:27:46 re/_trace.py:47 close.started
DEBUG 2026-06-24 06:27:46 re/_trace.py:47 close.complete
INFO 2026-06-24 06:34:15 ot_train.py:459 step:24K smpl:14M ep:24K epch:121.01 loss:0.005 grdn:0.058 lr:1.4e-05 updt_s:2.290 data_s:0.118
WARNING 2026-06-24 06:34:15 db_utils.py:181 WandB logging of key "loss_per_dim" was ignored as its type "<class 'list'>" is not handled by this wrapper.
DEBUG 2026-06-24 06:35:40 re/_trace.py:47 close.started
DEBUG 2026-06-24 06:35:40 re/_trace.py:47 close.complete
DEBUG 2026-06-24 06:35:40 re/_trace.py:47 close.started
DEBUG 2026-06-24 06:35:40 re/_trace.py:47 close.complete
DEBUG 2026-06-24 06:35:40 re/_trace.py:47 close.started
DEBUG 2026-06-24 06:35:41 re/_trace.py:47 close.complete
DEBUG 2026-06-24 06:35:41 re/_trace.py:47 close.started
DEBUG 2026-06-24 06:35:41 re/_trace.py:47 close.complete
DEBUG 2026-06-24 06:35:41 re/_trace.py:47 close.started
DEBUG 2026-06-24 06:35:41 re/_trace.py:47 close.complete
DEBUG 2026-06-24 06:35:41 re/_trace.py:47 close.started
DEBUG 2026-06-24 06:35:41 re/_trace.py:47 close.complete
DEBUG 2026-06-24 06:35:41 re/_trace.py:47 close.started
DEBUG 2026-06-24 06:35:41 re/_trace.py:47 close.complete
DEBUG 2026-06-24 06:35:41 re/_trace.py:47 close.started
DEBUG 2026-06-24 06:35:41 re/_trace.py:47 close.complete
DEBUG 2026-06-24 06:35:41 re/_trace.py:47 close.started
DEBUG 2026-06-24 06:35:41 re/_trace.py:47 close.complete
DEBUG 2026-06-24 06:35:41 re/_trace.py:47 close.started
DEBUG 2026-06-24 06:35:41 re/_trace.py:47 close.complete
INFO 2026-06-24 06:42:15 ot_train.py:459 step:24K smpl:15M ep:24K epch:122.02 loss:0.005 grdn:0.057 lr:1.3e-05 updt_s:2.284 data_s:0.113
WARNING 2026-06-24 06:42:15 db_utils.py:181 WandB logging of key "loss_per_dim" was ignored as its type "<class 'list'>" is not handled by this wrapper.
INFO 2026-06-24 06:42:15 ot_train.py:479 Checkpoint policy after step 24000
DEBUG 2026-06-24 06:42:49 tionpool.py:289 Resetting dropped connection: api.wandb.ai
DEBUG 2026-06-24 06:42:49 tionpool.py:544 https://api.wandb.ai:443 "POST /graphql HTTP/1.1" 200 None
DEBUG 2026-06-24 06:44:08 re/_trace.py:47 close.started
DEBUG 2026-06-24 06:44:08 re/_trace.py:47 close.complete
DEBUG 2026-06-24 06:44:08 re/_trace.py:47 close.started
DEBUG 2026-06-24 06:44:08 re/_trace.py:47 close.complete
DEBUG 2026-06-24 06:44:08 re/_trace.py:47 close.started
DEBUG 2026-06-24 06:44:08 re/_trace.py:47 close.complete
DEBUG 2026-06-24 06:44:08 re/_trace.py:47 close.started
DEBUG 2026-06-24 06:44:08 re/_trace.py:47 close.complete
DEBUG 2026-06-24 06:44:08 re/_trace.py:47 close.started
DEBUG 2026-06-24 06:44:08 re/_trace.py:47 close.complete
DEBUG 2026-06-24 06:44:08 re/_trace.py:47 close.started
DEBUG 2026-06-24 06:44:08 re/_trace.py:47 close.complete
DEBUG 2026-06-24 06:44:08 re/_trace.py:47 close.started
DEBUG 2026-06-24 06:44:08 re/_trace.py:47 close.complete
DEBUG 2026-06-24 06:44:09 re/_trace.py:47 close.started
DEBUG 2026-06-24 06:44:09 re/_trace.py:47 close.complete
DEBUG 2026-06-24 06:44:09 re/_trace.py:47 close.started
DEBUG 2026-06-24 06:44:09 re/_trace.py:47 close.complete
DEBUG 2026-06-24 06:44:09 re/_trace.py:47 close.started
DEBUG 2026-06-24 06:44:09 re/_trace.py:47 close.complete
INFO 2026-06-24 06:50:51 ot_train.py:459 step:24K smpl:15M ep:25K epch:123.04 loss:0.005 grdn:0.059 lr:1.2e-05 updt_s:2.286 data_s:0.124
WARNING 2026-06-24 06:50:51 db_utils.py:181 WandB logging of key "loss_per_dim" was ignored as its type "<class 'list'>" is not handled by this wrapper.
DEBUG 2026-06-24 06:52:03 re/_trace.py:47 close.started
DEBUG 2026-06-24 06:52:03 re/_trace.py:47 close.complete
DEBUG 2026-06-24 06:52:03 re/_trace.py:47 close.started
DEBUG 2026-06-24 06:52:03 re/_trace.py:47 close.complete
DEBUG 2026-06-24 06:52:03 re/_trace.py:47 close.started
DEBUG 2026-06-24 06:52:03 re/_trace.py:47 close.complete
DEBUG 2026-06-24 06:52:03 re/_trace.py:47 close.started
DEBUG 2026-06-24 06:52:03 re/_trace.py:47 close.complete
DEBUG 2026-06-24 06:52:03 re/_trace.py:47 close.started
DEBUG 2026-06-24 06:52:03 re/_trace.py:47 close.complete
DEBUG 2026-06-24 06:52:03 re/_trace.py:47 close.started
DEBUG 2026-06-24 06:52:03 re/_trace.py:47 close.complete
DEBUG 2026-06-24 06:52:03 re/_trace.py:47 close.started
DEBUG 2026-06-24 06:52:03 re/_trace.py:47 close.complete
DEBUG 2026-06-24 06:52:03 re/_trace.py:47 close.started
DEBUG 2026-06-24 06:52:03 re/_trace.py:47 close.complete
DEBUG 2026-06-24 06:52:03 re/_trace.py:47 close.started
DEBUG 2026-06-24 06:52:03 re/_trace.py:47 close.complete
DEBUG 2026-06-24 06:52:03 re/_trace.py:47 close.started
DEBUG 2026-06-24 06:52:03 re/_trace.py:47 close.complete
INFO 2026-06-24 06:58:53 ot_train.py:459 step:24K smpl:15M ep:25K epch:124.06 loss:0.005 grdn:0.057 lr:1.2e-05 updt_s:2.282 data_s:0.125
WARNING 2026-06-24 06:58:53 db_utils.py:181 WandB logging of key "loss_per_dim" was ignored as its type "<class 'list'>" is not handled by this wrapper.
DEBUG 2026-06-24 06:59:57 re/_trace.py:47 close.started
DEBUG 2026-06-24 06:59:57 re/_trace.py:47 close.complete
DEBUG 2026-06-24 06:59:57 re/_trace.py:47 close.started
DEBUG 2026-06-24 06:59:57 re/_trace.py:47 close.complete
DEBUG 2026-06-24 06:59:58 re/_trace.py:47 close.started
DEBUG 2026-06-24 06:59:58 re/_trace.py:47 close.complete
DEBUG 2026-06-24 06:59:58 re/_trace.py:47 close.started
DEBUG 2026-06-24 06:59:58 re/_trace.py:47 close.complete
DEBUG 2026-06-24 06:59:58 re/_trace.py:47 close.started
DEBUG 2026-06-24 06:59:58 re/_trace.py:47 close.complete
DEBUG 2026-06-24 06:59:58 re/_trace.py:47 close.started
DEBUG 2026-06-24 06:59:58 re/_trace.py:47 close.complete
DEBUG 2026-06-24 06:59:58 re/_trace.py:47 close.started
DEBUG 2026-06-24 06:59:58 re/_trace.py:47 close.complete
DEBUG 2026-06-24 06:59:58 re/_trace.py:47 close.started
DEBUG 2026-06-24 06:59:58 re/_trace.py:47 close.complete
DEBUG 2026-06-24 06:59:58 re/_trace.py:47 close.started
DEBUG 2026-06-24 06:59:58 re/_trace.py:47 close.complete
DEBUG 2026-06-24 06:59:58 re/_trace.py:47 close.started
DEBUG 2026-06-24 06:59:58 re/_trace.py:47 close.complete
INFO 2026-06-24 07:06:52 ot_train.py:459 step:25K smpl:15M ep:25K epch:125.07 loss:0.005 grdn:0.057 lr:1.1e-05 updt_s:2.279 data_s:0.115
WARNING 2026-06-24 07:06:52 db_utils.py:181 WandB logging of key "loss_per_dim" was ignored as its type "<class 'list'>" is not handled by this wrapper.
DEBUG 2026-06-24 07:07:51 re/_trace.py:47 close.started
DEBUG 2026-06-24 07:07:51 re/_trace.py:47 close.complete
DEBUG 2026-06-24 07:07:51 re/_trace.py:47 close.started
DEBUG 2026-06-24 07:07:51 re/_trace.py:47 close.complete
DEBUG 2026-06-24 07:07:51 re/_trace.py:47 close.started
DEBUG 2026-06-24 07:07:51 re/_trace.py:47 close.complete
DEBUG 2026-06-24 07:07:51 re/_trace.py:47 close.started
DEBUG 2026-06-24 07:07:51 re/_trace.py:47 close.complete
DEBUG 2026-06-24 07:07:51 re/_trace.py:47 close.started
DEBUG 2026-06-24 07:07:51 re/_trace.py:47 close.complete
DEBUG 2026-06-24 07:07:51 re/_trace.py:47 close.started
DEBUG 2026-06-24 07:07:51 re/_trace.py:47 close.complete
DEBUG 2026-06-24 07:07:51 re/_trace.py:47 close.started
DEBUG 2026-06-24 07:07:51 re/_trace.py:47 close.complete
DEBUG 2026-06-24 07:07:51 re/_trace.py:47 close.started
DEBUG 2026-06-24 07:07:51 re/_trace.py:47 close.complete
DEBUG 2026-06-24 07:07:51 re/_trace.py:47 close.started
DEBUG 2026-06-24 07:07:51 re/_trace.py:47 close.complete
DEBUG 2026-06-24 07:07:51 re/_trace.py:47 close.started
DEBUG 2026-06-24 07:07:51 re/_trace.py:47 close.complete
INFO 2026-06-24 07:14:53 ot_train.py:459 step:25K smpl:15M ep:25K epch:126.09 loss:0.005 grdn:0.059 lr:1.1e-05 updt_s:2.284 data_s:0.117
WARNING 2026-06-24 07:14:53 db_utils.py:181 WandB logging of key "loss_per_dim" was ignored as its type "<class 'list'>" is not handled by this wrapper.
DEBUG 2026-06-24 07:15:44 re/_trace.py:47 close.started
DEBUG 2026-06-24 07:15:44 re/_trace.py:47 close.complete
DEBUG 2026-06-24 07:15:44 re/_trace.py:47 close.started
DEBUG 2026-06-24 07:15:44 re/_trace.py:47 close.complete
DEBUG 2026-06-24 07:15:44 re/_trace.py:47 close.started
DEBUG 2026-06-24 07:15:44 re/_trace.py:47 close.complete
DEBUG 2026-06-24 07:15:44 re/_trace.py:47 close.started
DEBUG 2026-06-24 07:15:44 re/_trace.py:47 close.complete
DEBUG 2026-06-24 07:15:44 re/_trace.py:47 close.started
DEBUG 2026-06-24 07:15:44 re/_trace.py:47 close.complete
DEBUG 2026-06-24 07:15:44 re/_trace.py:47 close.started
DEBUG 2026-06-24 07:15:44 re/_trace.py:47 close.complete
DEBUG 2026-06-24 07:15:44 re/_trace.py:47 close.started
DEBUG 2026-06-24 07:15:44 re/_trace.py:47 close.complete
DEBUG 2026-06-24 07:15:44 re/_trace.py:47 close.started
DEBUG 2026-06-24 07:15:44 re/_trace.py:47 close.complete
DEBUG 2026-06-24 07:15:45 re/_trace.py:47 close.started
DEBUG 2026-06-24 07:15:45 re/_trace.py:47 close.complete
DEBUG 2026-06-24 07:15:45 re/_trace.py:47 close.started
DEBUG 2026-06-24 07:15:45 re/_trace.py:47 close.complete
INFO 2026-06-24 07:22:54 ot_train.py:459 step:25K smpl:15M ep:25K epch:127.11 loss:0.005 grdn:0.058 lr:1.0e-05 updt_s:2.279 data_s:0.124
WARNING 2026-06-24 07:22:54 db_utils.py:181 WandB logging of key "loss_per_dim" was ignored as its type "<class 'list'>" is not handled by this wrapper.
DEBUG 2026-06-24 07:23:38 re/_trace.py:47 close.started
DEBUG 2026-06-24 07:23:38 re/_trace.py:47 close.complete
DEBUG 2026-06-24 07:23:38 re/_trace.py:47 close.started
DEBUG 2026-06-24 07:23:38 re/_trace.py:47 close.complete
DEBUG 2026-06-24 07:23:38 re/_trace.py:47 close.started
DEBUG 2026-06-24 07:23:38 re/_trace.py:47 close.complete
DEBUG 2026-06-24 07:23:38 re/_trace.py:47 close.started
DEBUG 2026-06-24 07:23:38 re/_trace.py:47 close.complete
DEBUG 2026-06-24 07:23:38 re/_trace.py:47 close.started
DEBUG 2026-06-24 07:23:38 re/_trace.py:47 close.complete
DEBUG 2026-06-24 07:23:39 re/_trace.py:47 close.started
DEBUG 2026-06-24 07:23:39 re/_trace.py:47 close.complete
DEBUG 2026-06-24 07:23:39 re/_trace.py:47 close.started
DEBUG 2026-06-24 07:23:39 re/_trace.py:47 close.complete
DEBUG 2026-06-24 07:23:39 re/_trace.py:47 close.started
DEBUG 2026-06-24 07:23:39 re/_trace.py:47 close.complete
DEBUG 2026-06-24 07:23:39 re/_trace.py:47 close.started
DEBUG 2026-06-24 07:23:39 re/_trace.py:47 close.complete
DEBUG 2026-06-24 07:23:39 re/_trace.py:47 close.started
DEBUG 2026-06-24 07:23:39 re/_trace.py:47 close.complete
INFO 2026-06-24 07:30:57 ot_train.py:459 step:25K smpl:15M ep:26K epch:128.12 loss:0.005 grdn:0.058 lr:9.4e-06 updt_s:2.288 data_s:0.123
WARNING 2026-06-24 07:30:57 db_utils.py:181 WandB logging of key "loss_per_dim" was ignored as its type "<class 'list'>" is not handled by this wrapper.
DEBUG 2026-06-24 07:31:34 re/_trace.py:47 close.started
DEBUG 2026-06-24 07:31:34 re/_trace.py:47 close.complete
DEBUG 2026-06-24 07:31:34 re/_trace.py:47 close.started
DEBUG 2026-06-24 07:31:34 re/_trace.py:47 close.complete
DEBUG 2026-06-24 07:31:34 re/_trace.py:47 close.started
DEBUG 2026-06-24 07:31:34 re/_trace.py:47 close.complete
DEBUG 2026-06-24 07:31:34 re/_trace.py:47 close.started
DEBUG 2026-06-24 07:31:34 re/_trace.py:47 close.complete
DEBUG 2026-06-24 07:31:34 re/_trace.py:47 close.started
DEBUG 2026-06-24 07:31:34 re/_trace.py:47 close.complete
DEBUG 2026-06-24 07:31:34 re/_trace.py:47 close.started
DEBUG 2026-06-24 07:31:34 re/_trace.py:47 close.complete
DEBUG 2026-06-24 07:31:34 re/_trace.py:47 close.started
DEBUG 2026-06-24 07:31:34 re/_trace.py:47 close.complete
DEBUG 2026-06-24 07:31:34 re/_trace.py:47 close.started
DEBUG 2026-06-24 07:31:34 re/_trace.py:47 close.complete
DEBUG 2026-06-24 07:31:34 re/_trace.py:47 close.started
DEBUG 2026-06-24 07:31:34 re/_trace.py:47 close.complete
DEBUG 2026-06-24 07:31:34 re/_trace.py:47 close.started
DEBUG 2026-06-24 07:31:34 re/_trace.py:47 close.complete
INFO 2026-06-24 07:38:59 ot_train.py:459 step:25K smpl:15M ep:26K epch:129.14 loss:0.005 grdn:0.059 lr:8.9e-06 updt_s:2.289 data_s:0.117
WARNING 2026-06-24 07:38:59 db_utils.py:181 WandB logging of key "loss_per_dim" was ignored as its type "<class 'list'>" is not handled by this wrapper.
DEBUG 2026-06-24 07:39:29 re/_trace.py:47 close.started
DEBUG 2026-06-24 07:39:29 re/_trace.py:47 close.complete
DEBUG 2026-06-24 07:39:29 re/_trace.py:47 close.started
DEBUG 2026-06-24 07:39:29 re/_trace.py:47 close.complete
DEBUG 2026-06-24 07:39:29 re/_trace.py:47 close.started
DEBUG 2026-06-24 07:39:29 re/_trace.py:47 close.complete
DEBUG 2026-06-24 07:39:29 re/_trace.py:47 close.started
DEBUG 2026-06-24 07:39:29 re/_trace.py:47 close.complete
DEBUG 2026-06-24 07:39:29 re/_trace.py:47 close.started
DEBUG 2026-06-24 07:39:29 re/_trace.py:47 close.complete
DEBUG 2026-06-24 07:39:29 re/_trace.py:47 close.started
DEBUG 2026-06-24 07:39:29 re/_trace.py:47 close.complete
DEBUG 2026-06-24 07:39:29 re/_trace.py:47 close.started
DEBUG 2026-06-24 07:39:29 re/_trace.py:47 close.complete
DEBUG 2026-06-24 07:39:29 re/_trace.py:47 close.started
DEBUG 2026-06-24 07:39:29 re/_trace.py:47 close.complete
DEBUG 2026-06-24 07:39:29 re/_trace.py:47 close.started
DEBUG 2026-06-24 07:39:29 re/_trace.py:47 close.complete
DEBUG 2026-06-24 07:39:29 re/_trace.py:47 close.started
DEBUG 2026-06-24 07:39:29 re/_trace.py:47 close.complete
INFO 2026-06-24 07:47:01 ot_train.py:459 step:26K smpl:16M ep:26K epch:130.16 loss:0.004 grdn:0.056 lr:8.4e-06 updt_s:2.280 data_s:0.131
WARNING 2026-06-24 07:47:01 db_utils.py:181 WandB logging of key "loss_per_dim" was ignored as its type "<class 'list'>" is not handled by this wrapper.
DEBUG 2026-06-24 07:47:25 re/_trace.py:47 close.started
DEBUG 2026-06-24 07:47:25 re/_trace.py:47 close.complete
DEBUG 2026-06-24 07:47:25 re/_trace.py:47 close.started
DEBUG 2026-06-24 07:47:25 re/_trace.py:47 close.complete
DEBUG 2026-06-24 07:47:25 re/_trace.py:47 close.started
DEBUG 2026-06-24 07:47:25 re/_trace.py:47 close.complete
DEBUG 2026-06-24 07:47:25 re/_trace.py:47 close.started
DEBUG 2026-06-24 07:47:25 re/_trace.py:47 close.complete
DEBUG 2026-06-24 07:47:25 re/_trace.py:47 close.started
DEBUG 2026-06-24 07:47:25 re/_trace.py:47 close.complete
DEBUG 2026-06-24 07:47:25 re/_trace.py:47 close.started
DEBUG 2026-06-24 07:47:25 re/_trace.py:47 close.complete
DEBUG 2026-06-24 07:47:25 re/_trace.py:47 close.started
DEBUG 2026-06-24 07:47:25 re/_trace.py:47 close.complete
DEBUG 2026-06-24 07:47:25 re/_trace.py:47 close.started
DEBUG 2026-06-24 07:47:25 re/_trace.py:47 close.complete
DEBUG 2026-06-24 07:47:25 re/_trace.py:47 close.started
DEBUG 2026-06-24 07:47:25 re/_trace.py:47 close.complete
DEBUG 2026-06-24 07:47:25 re/_trace.py:47 close.started
DEBUG 2026-06-24 07:47:25 re/_trace.py:47 close.complete
INFO 2026-06-24 07:55:03 ot_train.py:459 step:26K smpl:16M ep:26K epch:131.18 loss:0.005 grdn:0.060 lr:7.9e-06 updt_s:2.285 data_s:0.125
WARNING 2026-06-24 07:55:03 db_utils.py:181 WandB logging of key "loss_per_dim" was ignored as its type "<class 'list'>" is not handled by this wrapper.
DEBUG 2026-06-24 07:55:21 re/_trace.py:47 close.started
DEBUG 2026-06-24 07:55:21 re/_trace.py:47 close.complete
DEBUG 2026-06-24 07:55:21 re/_trace.py:47 close.started
DEBUG 2026-06-24 07:55:21 re/_trace.py:47 close.complete
DEBUG 2026-06-24 07:55:21 re/_trace.py:47 close.started
DEBUG 2026-06-24 07:55:21 re/_trace.py:47 close.complete
DEBUG 2026-06-24 07:55:21 re/_trace.py:47 close.started
DEBUG 2026-06-24 07:55:21 re/_trace.py:47 close.complete
DEBUG 2026-06-24 07:55:21 re/_trace.py:47 close.started
DEBUG 2026-06-24 07:55:21 re/_trace.py:47 close.complete
DEBUG 2026-06-24 07:55:21 re/_trace.py:47 close.started
DEBUG 2026-06-24 07:55:21 re/_trace.py:47 close.complete
DEBUG 2026-06-24 07:55:21 re/_trace.py:47 close.started
DEBUG 2026-06-24 07:55:21 re/_trace.py:47 close.complete
DEBUG 2026-06-24 07:55:21 re/_trace.py:47 close.started
DEBUG 2026-06-24 07:55:21 re/_trace.py:47 close.complete
DEBUG 2026-06-24 07:55:21 re/_trace.py:47 close.started
DEBUG 2026-06-24 07:55:21 re/_trace.py:47 close.complete
DEBUG 2026-06-24 07:55:21 re/_trace.py:47 close.started
DEBUG 2026-06-24 07:55:21 re/_trace.py:47 close.complete
INFO 2026-06-24 08:03:02 ot_train.py:459 step:26K smpl:16M ep:26K epch:132.19 loss:0.005 grdn:0.060 lr:7.4e-06 updt_s:2.266 data_s:0.125
WARNING 2026-06-24 08:03:02 db_utils.py:181 WandB logging of key "loss_per_dim" was ignored as its type "<class 'list'>" is not handled by this wrapper.
DEBUG 2026-06-24 08:03:12 re/_trace.py:47 close.started
DEBUG 2026-06-24 08:03:12 re/_trace.py:47 close.complete
DEBUG 2026-06-24 08:03:12 re/_trace.py:47 close.started
DEBUG 2026-06-24 08:03:12 re/_trace.py:47 close.complete
DEBUG 2026-06-24 08:03:12 re/_trace.py:47 close.started
DEBUG 2026-06-24 08:03:12 re/_trace.py:47 close.complete
DEBUG 2026-06-24 08:03:12 re/_trace.py:47 close.started
DEBUG 2026-06-24 08:03:12 re/_trace.py:47 close.complete
DEBUG 2026-06-24 08:03:13 re/_trace.py:47 close.started
DEBUG 2026-06-24 08:03:13 re/_trace.py:47 close.complete
DEBUG 2026-06-24 08:03:13 re/_trace.py:47 close.started
DEBUG 2026-06-24 08:03:13 re/_trace.py:47 close.complete
DEBUG 2026-06-24 08:03:13 re/_trace.py:47 close.started
DEBUG 2026-06-24 08:03:13 re/_trace.py:47 close.complete
DEBUG 2026-06-24 08:03:13 re/_trace.py:47 close.started
DEBUG 2026-06-24 08:03:13 re/_trace.py:47 close.complete
DEBUG 2026-06-24 08:03:13 re/_trace.py:47 close.started
DEBUG 2026-06-24 08:03:13 re/_trace.py:47 close.complete
DEBUG 2026-06-24 08:03:13 re/_trace.py:47 close.started
DEBUG 2026-06-24 08:03:13 re/_trace.py:47 close.complete
INFO 2026-06-24 08:11:01 ot_train.py:459 step:26K smpl:16M ep:27K epch:133.21 loss:0.004 grdn:0.058 lr:6.9e-06 updt_s:2.264 data_s:0.129
WARNING 2026-06-24 08:11:01 db_utils.py:181 WandB logging of key "loss_per_dim" was ignored as its type "<class 'list'>" is not handled by this wrapper.
DEBUG 2026-06-24 08:11:05 re/_trace.py:47 close.started
DEBUG 2026-06-24 08:11:05 re/_trace.py:47 close.complete
DEBUG 2026-06-24 08:11:05 re/_trace.py:47 close.started
DEBUG 2026-06-24 08:11:05 re/_trace.py:47 close.complete
DEBUG 2026-06-24 08:11:05 re/_trace.py:47 close.started
DEBUG 2026-06-24 08:11:05 re/_trace.py:47 close.complete
DEBUG 2026-06-24 08:11:05 re/_trace.py:47 close.started
DEBUG 2026-06-24 08:11:05 re/_trace.py:47 close.complete
DEBUG 2026-06-24 08:11:05 re/_trace.py:47 close.started
DEBUG 2026-06-24 08:11:05 re/_trace.py:47 close.complete
DEBUG 2026-06-24 08:11:05 re/_trace.py:47 close.started
DEBUG 2026-06-24 08:11:05 re/_trace.py:47 close.complete
DEBUG 2026-06-24 08:11:05 re/_trace.py:47 close.started
DEBUG 2026-06-24 08:11:05 re/_trace.py:47 close.complete
DEBUG 2026-06-24 08:11:05 re/_trace.py:47 close.started
DEBUG 2026-06-24 08:11:05 re/_trace.py:47 close.complete
DEBUG 2026-06-24 08:11:05 re/_trace.py:47 close.started
DEBUG 2026-06-24 08:11:05 re/_trace.py:47 close.complete
DEBUG 2026-06-24 08:11:05 re/_trace.py:47 close.started
DEBUG 2026-06-24 08:11:05 re/_trace.py:47 close.complete
DEBUG 2026-06-24 08:18:58 re/_trace.py:47 close.started
DEBUG 2026-06-24 08:18:58 re/_trace.py:47 close.complete
DEBUG 2026-06-24 08:18:58 re/_trace.py:47 close.started
DEBUG 2026-06-24 08:18:58 re/_trace.py:47 close.complete
DEBUG 2026-06-24 08:18:58 re/_trace.py:47 close.started
DEBUG 2026-06-24 08:18:58 re/_trace.py:47 close.complete
DEBUG 2026-06-24 08:18:58 re/_trace.py:47 close.started
DEBUG 2026-06-24 08:18:58 re/_trace.py:47 close.complete
DEBUG 2026-06-24 08:18:58 re/_trace.py:47 close.started
DEBUG 2026-06-24 08:18:58 re/_trace.py:47 close.complete
DEBUG 2026-06-24 08:18:58 re/_trace.py:47 close.started
DEBUG 2026-06-24 08:18:58 re/_trace.py:47 close.complete
DEBUG 2026-06-24 08:18:58 re/_trace.py:47 close.started
DEBUG 2026-06-24 08:18:58 re/_trace.py:47 close.complete
DEBUG 2026-06-24 08:18:58 re/_trace.py:47 close.started
DEBUG 2026-06-24 08:18:58 re/_trace.py:47 close.complete
DEBUG 2026-06-24 08:18:58 re/_trace.py:47 close.started
DEBUG 2026-06-24 08:18:58 re/_trace.py:47 close.complete
DEBUG 2026-06-24 08:18:58 re/_trace.py:47 close.started
DEBUG 2026-06-24 08:18:58 re/_trace.py:47 close.complete
INFO 2026-06-24 08:19:21 ot_train.py:459 step:26K smpl:16M ep:27K epch:134.23 loss:0.004 grdn:0.058 lr:6.5e-06 updt_s:2.284 data_s:0.214
WARNING 2026-06-24 08:19:21 db_utils.py:181 WandB logging of key "loss_per_dim" was ignored as its type "<class 'list'>" is not handled by this wrapper.
DEBUG 2026-06-24 08:26:49 re/_trace.py:47 close.started
DEBUG 2026-06-24 08:26:49 re/_trace.py:47 close.complete
DEBUG 2026-06-24 08:26:49 re/_trace.py:47 close.started
DEBUG 2026-06-24 08:26:49 re/_trace.py:47 close.complete
DEBUG 2026-06-24 08:26:49 re/_trace.py:47 close.started
DEBUG 2026-06-24 08:26:49 re/_trace.py:47 close.complete
DEBUG 2026-06-24 08:26:49 re/_trace.py:47 close.started
DEBUG 2026-06-24 08:26:49 re/_trace.py:47 close.complete
DEBUG 2026-06-24 08:26:49 re/_trace.py:47 close.started
DEBUG 2026-06-24 08:26:49 re/_trace.py:47 close.complete
DEBUG 2026-06-24 08:26:49 re/_trace.py:47 close.started
DEBUG 2026-06-24 08:26:49 re/_trace.py:47 close.complete
DEBUG 2026-06-24 08:26:49 re/_trace.py:47 close.started
DEBUG 2026-06-24 08:26:49 re/_trace.py:47 close.complete
DEBUG 2026-06-24 08:26:49 re/_trace.py:47 close.started
DEBUG 2026-06-24 08:26:49 re/_trace.py:47 close.complete
DEBUG 2026-06-24 08:26:50 re/_trace.py:47 close.started
DEBUG 2026-06-24 08:26:50 re/_trace.py:47 close.complete
DEBUG 2026-06-24 08:26:50 re/_trace.py:47 close.started
DEBUG 2026-06-24 08:26:50 re/_trace.py:47 close.complete
INFO 2026-06-24 08:27:21 ot_train.py:459 step:27K smpl:16M ep:27K epch:135.24 loss:0.004 grdn:0.058 lr:6.1e-06 updt_s:2.269 data_s:0.129
WARNING 2026-06-24 08:27:21 db_utils.py:181 WandB logging of key "loss_per_dim" was ignored as its type "<class 'list'>" is not handled by this wrapper.
DEBUG 2026-06-24 08:34:40 re/_trace.py:47 close.started
DEBUG 2026-06-24 08:34:40 re/_trace.py:47 close.complete
DEBUG 2026-06-24 08:34:40 re/_trace.py:47 close.started
DEBUG 2026-06-24 08:34:40 re/_trace.py:47 close.complete
DEBUG 2026-06-24 08:34:40 re/_trace.py:47 close.started
DEBUG 2026-06-24 08:34:40 re/_trace.py:47 close.complete
DEBUG 2026-06-24 08:34:40 re/_trace.py:47 close.started
DEBUG 2026-06-24 08:34:40 re/_trace.py:47 close.complete
DEBUG 2026-06-24 08:34:40 re/_trace.py:47 close.started
DEBUG 2026-06-24 08:34:40 re/_trace.py:47 close.complete
DEBUG 2026-06-24 08:34:40 re/_trace.py:47 close.started
DEBUG 2026-06-24 08:34:40 re/_trace.py:47 close.complete
DEBUG 2026-06-24 08:34:40 re/_trace.py:47 close.started
DEBUG 2026-06-24 08:34:40 re/_trace.py:47 close.complete
DEBUG 2026-06-24 08:34:40 re/_trace.py:47 close.started
DEBUG 2026-06-24 08:34:40 re/_trace.py:47 close.complete
DEBUG 2026-06-24 08:34:41 re/_trace.py:47 close.started
DEBUG 2026-06-24 08:34:41 re/_trace.py:47 close.complete
DEBUG 2026-06-24 08:34:41 re/_trace.py:47 close.started
DEBUG 2026-06-24 08:34:41 re/_trace.py:47 close.complete
INFO 2026-06-24 08:35:21 ot_train.py:459 step:27K smpl:16M ep:27K epch:136.26 loss:0.004 grdn:0.059 lr:5.7e-06 updt_s:2.271 data_s:0.127
WARNING 2026-06-24 08:35:21 db_utils.py:181 WandB logging of key "loss_per_dim" was ignored as its type "<class 'list'>" is not handled by this wrapper.
DEBUG 2026-06-24 08:42:32 re/_trace.py:47 close.started
DEBUG 2026-06-24 08:42:32 re/_trace.py:47 close.complete
DEBUG 2026-06-24 08:42:32 re/_trace.py:47 close.started
DEBUG 2026-06-24 08:42:32 re/_trace.py:47 close.complete
DEBUG 2026-06-24 08:42:33 re/_trace.py:47 close.started
DEBUG 2026-06-24 08:42:33 re/_trace.py:47 close.complete
DEBUG 2026-06-24 08:42:33 re/_trace.py:47 close.started
DEBUG 2026-06-24 08:42:33 re/_trace.py:47 close.complete
DEBUG 2026-06-24 08:42:33 re/_trace.py:47 close.started
DEBUG 2026-06-24 08:42:33 re/_trace.py:47 close.complete
DEBUG 2026-06-24 08:42:33 re/_trace.py:47 close.started
DEBUG 2026-06-24 08:42:33 re/_trace.py:47 close.complete
DEBUG 2026-06-24 08:42:33 re/_trace.py:47 close.started
DEBUG 2026-06-24 08:42:33 re/_trace.py:47 close.complete
DEBUG 2026-06-24 08:42:33 re/_trace.py:47 close.started
DEBUG 2026-06-24 08:42:33 re/_trace.py:47 close.complete
DEBUG 2026-06-24 08:42:33 re/_trace.py:47 close.started
DEBUG 2026-06-24 08:42:33 re/_trace.py:47 close.complete
DEBUG 2026-06-24 08:42:33 re/_trace.py:47 close.started
DEBUG 2026-06-24 08:42:33 re/_trace.py:47 close.complete
INFO 2026-06-24 08:43:19 ot_train.py:459 step:27K smpl:16M ep:27K epch:137.28 loss:0.004 grdn:0.058 lr:5.3e-06 updt_s:2.254 data_s:0.130
WARNING 2026-06-24 08:43:19 db_utils.py:181 WandB logging of key "loss_per_dim" was ignored as its type "<class 'list'>" is not handled by this wrapper.
INFO 2026-06-24 08:43:19 ot_train.py:479 Checkpoint policy after step 27000
DEBUG 2026-06-24 08:43:53 tionpool.py:289 Resetting dropped connection: api.wandb.ai
DEBUG 2026-06-24 08:43:53 tionpool.py:544 https://api.wandb.ai:443 "POST /graphql HTTP/1.1" 200 None
DEBUG 2026-06-24 08:51:01 re/_trace.py:47 close.started
DEBUG 2026-06-24 08:51:01 re/_trace.py:47 close.complete
DEBUG 2026-06-24 08:51:01 re/_trace.py:47 close.started
DEBUG 2026-06-24 08:51:01 re/_trace.py:47 close.complete
DEBUG 2026-06-24 08:51:01 re/_trace.py:47 close.started
DEBUG 2026-06-24 08:51:01 re/_trace.py:47 close.complete
DEBUG 2026-06-24 08:51:01 re/_trace.py:47 close.started
DEBUG 2026-06-24 08:51:01 re/_trace.py:47 close.complete
DEBUG 2026-06-24 08:51:01 re/_trace.py:47 close.started
DEBUG 2026-06-24 08:51:01 re/_trace.py:47 close.complete
DEBUG 2026-06-24 08:51:01 re/_trace.py:47 close.started
DEBUG 2026-06-24 08:51:01 re/_trace.py:47 close.complete
DEBUG 2026-06-24 08:51:01 re/_trace.py:47 close.started
DEBUG 2026-06-24 08:51:01 re/_trace.py:47 close.complete
DEBUG 2026-06-24 08:51:01 re/_trace.py:47 close.started
DEBUG 2026-06-24 08:51:01 re/_trace.py:47 close.complete
DEBUG 2026-06-24 08:51:01 re/_trace.py:47 close.started
DEBUG 2026-06-24 08:51:01 re/_trace.py:47 close.complete
DEBUG 2026-06-24 08:51:01 re/_trace.py:47 close.started
DEBUG 2026-06-24 08:51:01 re/_trace.py:47 close.complete
INFO 2026-06-24 08:51:55 ot_train.py:459 step:27K smpl:16M ep:28K epch:138.29 loss:0.004 grdn:0.059 lr:5.0e-06 updt_s:2.273 data_s:0.134
WARNING 2026-06-24 08:51:55 db_utils.py:181 WandB logging of key "loss_per_dim" was ignored as its type "<class 'list'>" is not handled by this wrapper.
DEBUG 2026-06-24 08:58:55 re/_trace.py:47 close.started
DEBUG 2026-06-24 08:58:55 re/_trace.py:47 close.complete
DEBUG 2026-06-24 08:58:55 re/_trace.py:47 close.started
DEBUG 2026-06-24 08:58:55 re/_trace.py:47 close.complete
DEBUG 2026-06-24 08:58:55 re/_trace.py:47 close.started
DEBUG 2026-06-24 08:58:55 re/_trace.py:47 close.complete
DEBUG 2026-06-24 08:58:55 re/_trace.py:47 close.started
DEBUG 2026-06-24 08:58:55 re/_trace.py:47 close.complete
DEBUG 2026-06-24 08:58:55 re/_trace.py:47 close.started
DEBUG 2026-06-24 08:58:55 re/_trace.py:47 close.complete
DEBUG 2026-06-24 08:58:56 re/_trace.py:47 close.started
DEBUG 2026-06-24 08:58:56 re/_trace.py:47 close.complete
DEBUG 2026-06-24 08:58:56 re/_trace.py:47 close.started
DEBUG 2026-06-24 08:58:56 re/_trace.py:47 close.complete
DEBUG 2026-06-24 08:58:56 re/_trace.py:47 close.started
DEBUG 2026-06-24 08:58:56 re/_trace.py:47 close.complete
DEBUG 2026-06-24 08:58:56 re/_trace.py:47 close.started
DEBUG 2026-06-24 08:58:56 re/_trace.py:47 close.complete
DEBUG 2026-06-24 08:58:56 re/_trace.py:47 close.started
DEBUG 2026-06-24 08:58:56 re/_trace.py:47 close.complete
INFO 2026-06-24 08:59:57 ot_train.py:459 step:27K smpl:17M ep:28K epch:139.31 loss:0.004 grdn:0.058 lr:4.6e-06 updt_s:2.282 data_s:0.128
WARNING 2026-06-24 08:59:57 db_utils.py:181 WandB logging of key "loss_per_dim" was ignored as its type "<class 'list'>" is not handled by this wrapper.
DEBUG 2026-06-24 09:06:51 re/_trace.py:47 close.started
DEBUG 2026-06-24 09:06:51 re/_trace.py:47 close.complete
DEBUG 2026-06-24 09:06:51 re/_trace.py:47 close.started
DEBUG 2026-06-24 09:06:51 re/_trace.py:47 close.complete
DEBUG 2026-06-24 09:06:51 re/_trace.py:47 close.started
DEBUG 2026-06-24 09:06:51 re/_trace.py:47 close.complete
DEBUG 2026-06-24 09:06:51 re/_trace.py:47 close.started
DEBUG 2026-06-24 09:06:51 re/_trace.py:47 close.complete
DEBUG 2026-06-24 09:06:51 re/_trace.py:47 close.started
DEBUG 2026-06-24 09:06:51 re/_trace.py:47 close.complete
DEBUG 2026-06-24 09:06:51 re/_trace.py:47 close.started
DEBUG 2026-06-24 09:06:51 re/_trace.py:47 close.complete
DEBUG 2026-06-24 09:06:51 re/_trace.py:47 close.started
DEBUG 2026-06-24 09:06:51 re/_trace.py:47 close.complete
DEBUG 2026-06-24 09:06:51 re/_trace.py:47 close.started
DEBUG 2026-06-24 09:06:51 re/_trace.py:47 close.complete
DEBUG 2026-06-24 09:06:51 re/_trace.py:47 close.started
DEBUG 2026-06-24 09:06:51 re/_trace.py:47 close.complete
DEBUG 2026-06-24 09:06:51 re/_trace.py:47 close.started
DEBUG 2026-06-24 09:06:52 re/_trace.py:47 close.complete
INFO 2026-06-24 09:07:58 ot_train.py:459 step:28K smpl:17M ep:28K epch:140.33 loss:0.004 grdn:0.060 lr:4.3e-06 updt_s:2.270 data_s:0.133
WARNING 2026-06-24 09:07:58 db_utils.py:181 WandB logging of key "loss_per_dim" was ignored as its type "<class 'list'>" is not handled by this wrapper.
DEBUG 2026-06-24 09:14:45 re/_trace.py:47 close.started
DEBUG 2026-06-24 09:14:45 re/_trace.py:47 close.complete
DEBUG 2026-06-24 09:14:45 re/_trace.py:47 close.started
DEBUG 2026-06-24 09:14:45 re/_trace.py:47 close.complete
DEBUG 2026-06-24 09:14:45 re/_trace.py:47 close.started
DEBUG 2026-06-24 09:14:45 re/_trace.py:47 close.complete
DEBUG 2026-06-24 09:14:45 re/_trace.py:47 close.started
DEBUG 2026-06-24 09:14:45 re/_trace.py:47 close.complete
DEBUG 2026-06-24 09:14:45 re/_trace.py:47 close.started
DEBUG 2026-06-24 09:14:45 re/_trace.py:47 close.complete
DEBUG 2026-06-24 09:14:45 re/_trace.py:47 close.started
DEBUG 2026-06-24 09:14:45 re/_trace.py:47 close.complete
DEBUG 2026-06-24 09:14:45 re/_trace.py:47 close.started
DEBUG 2026-06-24 09:14:45 re/_trace.py:47 close.complete
DEBUG 2026-06-24 09:14:45 re/_trace.py:47 close.started
DEBUG 2026-06-24 09:14:45 re/_trace.py:47 close.complete
DEBUG 2026-06-24 09:14:45 re/_trace.py:47 close.started
DEBUG 2026-06-24 09:14:45 re/_trace.py:47 close.complete
DEBUG 2026-06-24 09:14:45 re/_trace.py:47 close.started
DEBUG 2026-06-24 09:14:45 re/_trace.py:47 close.complete
INFO 2026-06-24 09:16:00 ot_train.py:459 step:28K smpl:17M ep:28K epch:141.34 loss:0.004 grdn:0.059 lr:4.1e-06 updt_s:2.282 data_s:0.122
WARNING 2026-06-24 09:16:00 db_utils.py:181 WandB logging of key "loss_per_dim" was ignored as its type "<class 'list'>" is not handled by this wrapper.
DEBUG 2026-06-24 09:22:40 re/_trace.py:47 close.started
DEBUG 2026-06-24 09:22:40 re/_trace.py:47 close.complete
DEBUG 2026-06-24 09:22:40 re/_trace.py:47 close.started
DEBUG 2026-06-24 09:22:40 re/_trace.py:47 close.complete
DEBUG 2026-06-24 09:22:40 re/_trace.py:47 close.started
DEBUG 2026-06-24 09:22:40 re/_trace.py:47 close.complete
DEBUG 2026-06-24 09:22:40 re/_trace.py:47 close.started
DEBUG 2026-06-24 09:22:40 re/_trace.py:47 close.complete
DEBUG 2026-06-24 09:22:40 re/_trace.py:47 close.started
DEBUG 2026-06-24 09:22:40 re/_trace.py:47 close.complete
DEBUG 2026-06-24 09:22:40 re/_trace.py:47 close.started
DEBUG 2026-06-24 09:22:40 re/_trace.py:47 close.complete
DEBUG 2026-06-24 09:22:40 re/_trace.py:47 close.started
DEBUG 2026-06-24 09:22:40 re/_trace.py:47 close.complete
DEBUG 2026-06-24 09:22:41 re/_trace.py:47 close.started
DEBUG 2026-06-24 09:22:41 re/_trace.py:47 close.complete
DEBUG 2026-06-24 09:22:41 re/_trace.py:47 close.started
DEBUG 2026-06-24 09:22:41 re/_trace.py:47 close.complete
DEBUG 2026-06-24 09:22:41 re/_trace.py:47 close.started
DEBUG 2026-06-24 09:22:41 re/_trace.py:47 close.complete
INFO 2026-06-24 09:24:02 ot_train.py:459 step:28K smpl:17M ep:28K epch:142.36 loss:0.004 grdn:0.057 lr:3.8e-06 updt_s:2.292 data_s:0.115
WARNING 2026-06-24 09:24:02 db_utils.py:181 WandB logging of key "loss_per_dim" was ignored as its type "<class 'list'>" is not handled by this wrapper.
DEBUG 2026-06-24 09:30:34 re/_trace.py:47 close.started
DEBUG 2026-06-24 09:30:34 re/_trace.py:47 close.complete
DEBUG 2026-06-24 09:30:34 re/_trace.py:47 close.started
DEBUG 2026-06-24 09:30:34 re/_trace.py:47 close.complete
DEBUG 2026-06-24 09:30:34 re/_trace.py:47 close.started
DEBUG 2026-06-24 09:30:34 re/_trace.py:47 close.complete
DEBUG 2026-06-24 09:30:34 re/_trace.py:47 close.started
DEBUG 2026-06-24 09:30:34 re/_trace.py:47 close.complete
DEBUG 2026-06-24 09:30:34 re/_trace.py:47 close.started
DEBUG 2026-06-24 09:30:34 re/_trace.py:47 close.complete
DEBUG 2026-06-24 09:30:34 re/_trace.py:47 close.started
DEBUG 2026-06-24 09:30:34 re/_trace.py:47 close.complete
DEBUG 2026-06-24 09:30:34 re/_trace.py:47 close.started
DEBUG 2026-06-24 09:30:34 re/_trace.py:47 close.complete
DEBUG 2026-06-24 09:30:34 re/_trace.py:47 close.started
DEBUG 2026-06-24 09:30:34 re/_trace.py:47 close.complete
DEBUG 2026-06-24 09:30:34 re/_trace.py:47 close.started
DEBUG 2026-06-24 09:30:34 re/_trace.py:47 close.complete
DEBUG 2026-06-24 09:30:34 re/_trace.py:47 close.started
DEBUG 2026-06-24 09:30:34 re/_trace.py:47 close.complete
INFO 2026-06-24 09:32:03 ot_train.py:459 step:28K smpl:17M ep:29K epch:143.38 loss:0.004 grdn:0.057 lr:3.6e-06 updt_s:2.286 data_s:0.120
WARNING 2026-06-24 09:32:03 db_utils.py:181 WandB logging of key "loss_per_dim" was ignored as its type "<class 'list'>" is not handled by this wrapper.
DEBUG 2026-06-24 09:38:26 re/_trace.py:47 close.started
DEBUG 2026-06-24 09:38:26 re/_trace.py:47 close.complete
DEBUG 2026-06-24 09:38:26 re/_trace.py:47 close.started
DEBUG 2026-06-24 09:38:26 re/_trace.py:47 close.complete
DEBUG 2026-06-24 09:38:26 re/_trace.py:47 close.started
DEBUG 2026-06-24 09:38:26 re/_trace.py:47 close.complete
DEBUG 2026-06-24 09:38:26 re/_trace.py:47 close.started
DEBUG 2026-06-24 09:38:26 re/_trace.py:47 close.complete
DEBUG 2026-06-24 09:38:26 re/_trace.py:47 close.started
DEBUG 2026-06-24 09:38:26 re/_trace.py:47 close.complete
DEBUG 2026-06-24 09:38:26 re/_trace.py:47 close.started
DEBUG 2026-06-24 09:38:26 re/_trace.py:47 close.complete
DEBUG 2026-06-24 09:38:26 re/_trace.py:47 close.started
DEBUG 2026-06-24 09:38:26 re/_trace.py:47 close.complete
DEBUG 2026-06-24 09:38:26 re/_trace.py:47 close.started
DEBUG 2026-06-24 09:38:26 re/_trace.py:47 close.complete
DEBUG 2026-06-24 09:38:26 re/_trace.py:47 close.started
DEBUG 2026-06-24 09:38:26 re/_trace.py:47 close.complete
DEBUG 2026-06-24 09:38:26 re/_trace.py:47 close.started
DEBUG 2026-06-24 09:38:26 re/_trace.py:47 close.complete
INFO 2026-06-24 09:40:00 ot_train.py:459 step:28K smpl:17M ep:29K epch:144.39 loss:0.004 grdn:0.059 lr:3.3e-06 updt_s:2.256 data_s:0.127
WARNING 2026-06-24 09:40:00 db_utils.py:181 WandB logging of key "loss_per_dim" was ignored as its type "<class 'list'>" is not handled by this wrapper.
DEBUG 2026-06-24 09:46:20 re/_trace.py:47 close.started
DEBUG 2026-06-24 09:46:20 re/_trace.py:47 close.complete
DEBUG 2026-06-24 09:46:20 re/_trace.py:47 close.started
DEBUG 2026-06-24 09:46:20 re/_trace.py:47 close.complete
DEBUG 2026-06-24 09:46:20 re/_trace.py:47 close.started
DEBUG 2026-06-24 09:46:20 re/_trace.py:47 close.complete
DEBUG 2026-06-24 09:46:20 re/_trace.py:47 close.started
DEBUG 2026-06-24 09:46:20 re/_trace.py:47 close.complete
DEBUG 2026-06-24 09:46:20 re/_trace.py:47 close.started
DEBUG 2026-06-24 09:46:20 re/_trace.py:47 close.complete
DEBUG 2026-06-24 09:46:20 re/_trace.py:47 close.started
DEBUG 2026-06-24 09:46:20 re/_trace.py:47 close.complete
DEBUG 2026-06-24 09:46:20 re/_trace.py:47 close.started
DEBUG 2026-06-24 09:46:20 re/_trace.py:47 close.complete
DEBUG 2026-06-24 09:46:20 re/_trace.py:47 close.started
DEBUG 2026-06-24 09:46:20 re/_trace.py:47 close.complete
DEBUG 2026-06-24 09:46:21 re/_trace.py:47 close.started
DEBUG 2026-06-24 09:46:21 re/_trace.py:47 close.complete
DEBUG 2026-06-24 09:46:21 re/_trace.py:47 close.started
DEBUG 2026-06-24 09:46:21 re/_trace.py:47 close.complete
INFO 2026-06-24 09:48:03 ot_train.py:459 step:29K smpl:17M ep:29K epch:145.41 loss:0.004 grdn:0.059 lr:3.2e-06 updt_s:2.280 data_s:0.130
WARNING 2026-06-24 09:48:03 db_utils.py:181 WandB logging of key "loss_per_dim" was ignored as its type "<class 'list'>" is not handled by this wrapper.
DEBUG 2026-06-24 09:54:15 re/_trace.py:47 close.started
DEBUG 2026-06-24 09:54:15 re/_trace.py:47 close.complete
DEBUG 2026-06-24 09:54:15 re/_trace.py:47 close.started
DEBUG 2026-06-24 09:54:15 re/_trace.py:47 close.complete
DEBUG 2026-06-24 09:54:15 re/_trace.py:47 close.started
DEBUG 2026-06-24 09:54:15 re/_trace.py:47 close.complete
DEBUG 2026-06-24 09:54:15 re/_trace.py:47 close.started
DEBUG 2026-06-24 09:54:15 re/_trace.py:47 close.complete
DEBUG 2026-06-24 09:54:15 re/_trace.py:47 close.started
DEBUG 2026-06-24 09:54:15 re/_trace.py:47 close.complete
DEBUG 2026-06-24 09:54:15 re/_trace.py:47 close.started
DEBUG 2026-06-24 09:54:15 re/_trace.py:47 close.complete
DEBUG 2026-06-24 09:54:15 re/_trace.py:47 close.started
DEBUG 2026-06-24 09:54:15 re/_trace.py:47 close.complete
DEBUG 2026-06-24 09:54:15 re/_trace.py:47 close.started
DEBUG 2026-06-24 09:54:15 re/_trace.py:47 close.complete
DEBUG 2026-06-24 09:54:15 re/_trace.py:47 close.started
DEBUG 2026-06-24 09:54:15 re/_trace.py:47 close.complete
DEBUG 2026-06-24 09:54:16 re/_trace.py:47 close.started
DEBUG 2026-06-24 09:54:16 re/_trace.py:47 close.complete
INFO 2026-06-24 09:56:05 ot_train.py:459 step:29K smpl:17M ep:29K epch:146.43 loss:0.004 grdn:0.059 lr:3.0e-06 updt_s:2.280 data_s:0.130
WARNING 2026-06-24 09:56:05 db_utils.py:181 WandB logging of key "loss_per_dim" was ignored as its type "<class 'list'>" is not handled by this wrapper.
DEBUG 2026-06-24 10:02:10 re/_trace.py:47 close.started
DEBUG 2026-06-24 10:02:10 re/_trace.py:47 close.complete
DEBUG 2026-06-24 10:02:10 re/_trace.py:47 close.started
DEBUG 2026-06-24 10:02:10 re/_trace.py:47 close.complete
DEBUG 2026-06-24 10:02:10 re/_trace.py:47 close.started
DEBUG 2026-06-24 10:02:10 re/_trace.py:47 close.complete
DEBUG 2026-06-24 10:02:10 re/_trace.py:47 close.started
DEBUG 2026-06-24 10:02:10 re/_trace.py:47 close.complete
DEBUG 2026-06-24 10:02:10 re/_trace.py:47 close.started
DEBUG 2026-06-24 10:02:10 re/_trace.py:47 close.complete
DEBUG 2026-06-24 10:02:11 re/_trace.py:47 close.started
DEBUG 2026-06-24 10:02:11 re/_trace.py:47 close.complete
DEBUG 2026-06-24 10:02:11 re/_trace.py:47 close.started
DEBUG 2026-06-24 10:02:11 re/_trace.py:47 close.complete
DEBUG 2026-06-24 10:02:11 re/_trace.py:47 close.started
DEBUG 2026-06-24 10:02:11 re/_trace.py:47 close.complete
DEBUG 2026-06-24 10:02:11 re/_trace.py:47 close.started
DEBUG 2026-06-24 10:02:11 re/_trace.py:47 close.complete
DEBUG 2026-06-24 10:02:11 re/_trace.py:47 close.started
DEBUG 2026-06-24 10:02:11 re/_trace.py:47 close.complete
INFO 2026-06-24 10:04:06 ot_train.py:459 step:29K smpl:18M ep:29K epch:147.45 loss:0.004 grdn:0.059 lr:2.9e-06 updt_s:2.276 data_s:0.125
WARNING 2026-06-24 10:04:06 db_utils.py:181 WandB logging of key "loss_per_dim" was ignored as its type "<class 'list'>" is not handled by this wrapper.
DEBUG 2026-06-24 10:10:02 re/_trace.py:47 close.started
DEBUG 2026-06-24 10:10:02 re/_trace.py:47 close.complete
DEBUG 2026-06-24 10:10:02 re/_trace.py:47 close.started
DEBUG 2026-06-24 10:10:02 re/_trace.py:47 close.complete
DEBUG 2026-06-24 10:10:02 re/_trace.py:47 close.started
DEBUG 2026-06-24 10:10:02 re/_trace.py:47 close.complete
DEBUG 2026-06-24 10:10:02 re/_trace.py:47 close.started
DEBUG 2026-06-24 10:10:02 re/_trace.py:47 close.complete
DEBUG 2026-06-24 10:10:02 re/_trace.py:47 close.started
DEBUG 2026-06-24 10:10:02 re/_trace.py:47 close.complete
DEBUG 2026-06-24 10:10:02 re/_trace.py:47 close.started
DEBUG 2026-06-24 10:10:02 re/_trace.py:47 close.complete
DEBUG 2026-06-24 10:10:02 re/_trace.py:47 close.started
DEBUG 2026-06-24 10:10:02 re/_trace.py:47 close.complete
DEBUG 2026-06-24 10:10:02 re/_trace.py:47 close.started
DEBUG 2026-06-24 10:10:02 re/_trace.py:47 close.complete
DEBUG 2026-06-24 10:10:02 re/_trace.py:47 close.started
DEBUG 2026-06-24 10:10:02 re/_trace.py:47 close.complete
DEBUG 2026-06-24 10:10:02 re/_trace.py:47 close.started
DEBUG 2026-06-24 10:10:02 re/_trace.py:47 close.complete
INFO 2026-06-24 10:12:06 ot_train.py:459 step:29K smpl:18M ep:30K epch:148.46 loss:0.004 grdn:0.058 lr:2.7e-06 updt_s:2.293 data_s:0.105
WARNING 2026-06-24 10:12:06 db_utils.py:181 WandB logging of key "loss_per_dim" was ignored as its type "<class 'list'>" is not handled by this wrapper.
DEBUG 2026-06-24 10:17:58 re/_trace.py:47 close.started
DEBUG 2026-06-24 10:17:58 re/_trace.py:47 close.complete
DEBUG 2026-06-24 10:17:58 re/_trace.py:47 close.started
DEBUG 2026-06-24 10:17:58 re/_trace.py:47 close.complete
DEBUG 2026-06-24 10:17:58 re/_trace.py:47 close.started
DEBUG 2026-06-24 10:17:58 re/_trace.py:47 close.complete
DEBUG 2026-06-24 10:17:58 re/_trace.py:47 close.started
DEBUG 2026-06-24 10:17:58 re/_trace.py:47 close.complete
DEBUG 2026-06-24 10:17:58 re/_trace.py:47 close.started
DEBUG 2026-06-24 10:17:58 re/_trace.py:47 close.complete
DEBUG 2026-06-24 10:17:58 re/_trace.py:47 close.started
DEBUG 2026-06-24 10:17:58 re/_trace.py:47 close.complete
DEBUG 2026-06-24 10:17:58 re/_trace.py:47 close.started
DEBUG 2026-06-24 10:17:58 re/_trace.py:47 close.complete
DEBUG 2026-06-24 10:17:58 re/_trace.py:47 close.started
DEBUG 2026-06-24 10:17:58 re/_trace.py:47 close.complete
DEBUG 2026-06-24 10:17:58 re/_trace.py:47 close.started
DEBUG 2026-06-24 10:17:58 re/_trace.py:47 close.complete
DEBUG 2026-06-24 10:17:58 re/_trace.py:47 close.started
DEBUG 2026-06-24 10:17:58 re/_trace.py:47 close.complete
INFO 2026-06-24 10:20:06 ot_train.py:459 step:29K smpl:18M ep:30K epch:149.48 loss:0.004 grdn:0.059 lr:2.6e-06 updt_s:2.285 data_s:0.116
WARNING 2026-06-24 10:20:06 db_utils.py:181 WandB logging of key "loss_per_dim" was ignored as its type "<class 'list'>" is not handled by this wrapper.
DEBUG 2026-06-24 10:25:51 re/_trace.py:47 close.started
DEBUG 2026-06-24 10:25:51 re/_trace.py:47 close.complete
DEBUG 2026-06-24 10:25:51 re/_trace.py:47 close.started
DEBUG 2026-06-24 10:25:51 re/_trace.py:47 close.complete
DEBUG 2026-06-24 10:25:51 re/_trace.py:47 close.started
DEBUG 2026-06-24 10:25:51 re/_trace.py:47 close.complete
DEBUG 2026-06-24 10:25:52 re/_trace.py:47 close.started
DEBUG 2026-06-24 10:25:52 re/_trace.py:47 close.complete
DEBUG 2026-06-24 10:25:52 re/_trace.py:47 close.started
DEBUG 2026-06-24 10:25:52 re/_trace.py:47 close.complete
DEBUG 2026-06-24 10:25:52 re/_trace.py:47 close.started
DEBUG 2026-06-24 10:25:52 re/_trace.py:47 close.complete
DEBUG 2026-06-24 10:25:52 re/_trace.py:47 close.started
DEBUG 2026-06-24 10:25:52 re/_trace.py:47 close.complete
DEBUG 2026-06-24 10:25:52 re/_trace.py:47 close.started
DEBUG 2026-06-24 10:25:52 re/_trace.py:47 close.complete
DEBUG 2026-06-24 10:25:52 re/_trace.py:47 close.started
DEBUG 2026-06-24 10:25:52 re/_trace.py:47 close.complete
DEBUG 2026-06-24 10:25:52 re/_trace.py:47 close.started
DEBUG 2026-06-24 10:25:52 re/_trace.py:47 close.complete
INFO 2026-06-24 10:28:07 ot_train.py:459 step:30K smpl:18M ep:30K epch:150.50 loss:0.004 grdn:0.058 lr:2.6e-06 updt_s:2.279 data_s:0.122
WARNING 2026-06-24 10:28:07 db_utils.py:181 WandB logging of key "loss_per_dim" was ignored as its type "<class 'list'>" is not handled by this wrapper.
DEBUG 2026-06-24 10:33:44 re/_trace.py:47 close.started
DEBUG 2026-06-24 10:33:44 re/_trace.py:47 close.complete
DEBUG 2026-06-24 10:33:44 re/_trace.py:47 close.started
DEBUG 2026-06-24 10:33:44 re/_trace.py:47 close.complete
DEBUG 2026-06-24 10:33:44 re/_trace.py:47 close.started
DEBUG 2026-06-24 10:33:44 re/_trace.py:47 close.complete
DEBUG 2026-06-24 10:33:44 re/_trace.py:47 close.started
DEBUG 2026-06-24 10:33:44 re/_trace.py:47 close.complete
DEBUG 2026-06-24 10:33:44 re/_trace.py:47 close.started
DEBUG 2026-06-24 10:33:44 re/_trace.py:47 close.complete
DEBUG 2026-06-24 10:33:44 re/_trace.py:47 close.started
DEBUG 2026-06-24 10:33:44 re/_trace.py:47 close.complete
DEBUG 2026-06-24 10:33:44 re/_trace.py:47 close.started
DEBUG 2026-06-24 10:33:44 re/_trace.py:47 close.complete
DEBUG 2026-06-24 10:33:44 re/_trace.py:47 close.started
DEBUG 2026-06-24 10:33:44 re/_trace.py:47 close.complete
DEBUG 2026-06-24 10:33:44 re/_trace.py:47 close.started
DEBUG 2026-06-24 10:33:44 re/_trace.py:47 close.complete
DEBUG 2026-06-24 10:33:44 re/_trace.py:47 close.started
DEBUG 2026-06-24 10:33:44 re/_trace.py:47 close.complete
INFO 2026-06-24 10:36:08 ot_train.py:459 step:30K smpl:18M ep:30K epch:151.51 loss:0.004 grdn:0.061 lr:2.5e-06 updt_s:2.275 data_s:0.126
WARNING 2026-06-24 10:36:08 db_utils.py:181 WandB logging of key "loss_per_dim" was ignored as its type "<class 'list'>" is not handled by this wrapper.
DEBUG 2026-06-24 10:41:39 re/_trace.py:47 close.started
DEBUG 2026-06-24 10:41:39 re/_trace.py:47 close.complete
DEBUG 2026-06-24 10:41:39 re/_trace.py:47 close.started
DEBUG 2026-06-24 10:41:39 re/_trace.py:47 close.complete
DEBUG 2026-06-24 10:41:39 re/_trace.py:47 close.started
DEBUG 2026-06-24 10:41:39 re/_trace.py:47 close.complete
DEBUG 2026-06-24 10:41:39 re/_trace.py:47 close.started
DEBUG 2026-06-24 10:41:39 re/_trace.py:47 close.complete
DEBUG 2026-06-24 10:41:39 re/_trace.py:47 close.started
DEBUG 2026-06-24 10:41:39 re/_trace.py:47 close.complete
DEBUG 2026-06-24 10:41:39 re/_trace.py:47 close.started
DEBUG 2026-06-24 10:41:39 re/_trace.py:47 close.complete
DEBUG 2026-06-24 10:41:39 re/_trace.py:47 close.started
DEBUG 2026-06-24 10:41:39 re/_trace.py:47 close.complete
DEBUG 2026-06-24 10:41:39 re/_trace.py:47 close.started
DEBUG 2026-06-24 10:41:39 re/_trace.py:47 close.complete
DEBUG 2026-06-24 10:41:39 re/_trace.py:47 close.started
DEBUG 2026-06-24 10:41:39 re/_trace.py:47 close.complete
DEBUG 2026-06-24 10:41:40 re/_trace.py:47 close.started
DEBUG 2026-06-24 10:41:40 re/_trace.py:47 close.complete
INFO 2026-06-24 10:44:10 ot_train.py:459 step:30K smpl:18M ep:31K epch:152.53 loss:0.004 grdn:0.061 lr:2.5e-06 updt_s:2.277 data_s:0.132
WARNING 2026-06-24 10:44:10 db_utils.py:181 WandB logging of key "loss_per_dim" was ignored as its type "<class 'list'>" is not handled by this wrapper.
INFO 2026-06-24 10:44:10 ot_train.py:479 Checkpoint policy after step 30000
DEBUG 2026-06-24 10:44:43 tionpool.py:289 Resetting dropped connection: api.wandb.ai
DEBUG 2026-06-24 10:44:44 tionpool.py:544 https://api.wandb.ai:443 "POST /graphql HTTP/1.1" 200 None
INFO 2026-06-24 10:44:44 ot_train.py:553 End of training
DEBUG 2026-06-24 10:44:44 re/_trace.py:47 close.started
DEBUG 2026-06-24 10:44:44 re/_trace.py:47 close.complete
DEBUG 2026-06-24 10:44:44 re/_trace.py:47 connect_tcp.started host='huggingface.co' port=443 local_address=None timeout=None socket_options=None
DEBUG 2026-06-24 10:44:44 re/_trace.py:47 connect_tcp.complete return_value=<httpcore._backends.sync.SyncStream object at 0x7f393d33a270>
DEBUG 2026-06-24 10:44:44 re/_trace.py:47 start_tls.started ssl_context=<ssl.SSLContext object at 0x7f42cd0739d0> server_hostname='huggingface.co' timeout=None
DEBUG 2026-06-24 10:44:44 re/_trace.py:47 start_tls.complete return_value=<httpcore._backends.sync.SyncStream object at 0x7f393d33b9b0>
DEBUG 2026-06-24 10:44:44 re/_trace.py:47 send_request_headers.started request=<Request [b'POST']>
DEBUG 2026-06-24 10:44:44 re/_trace.py:47 send_request_headers.complete
DEBUG 2026-06-24 10:44:44 re/_trace.py:47 send_request_body.started request=<Request [b'POST']>
DEBUG 2026-06-24 10:44:44 re/_trace.py:47 send_request_body.complete
DEBUG 2026-06-24 10:44:44 re/_trace.py:47 receive_response_headers.started request=<Request [b'POST']>
DEBUG 2026-06-24 10:44:45 re/_trace.py:47 receive_response_headers.complete return_value=(b'HTTP/1.1', 200, b'OK', [(b'Content-Type', b'application/json; charset=utf-8'), (b'Content-Length', b'281'), (b'Connection', b'keep-alive'), (b'Date', b'Wed, 24 Jun 2026 01:44:45 GMT'), (b'ETag', b'W/"119-wo+EdMTBm01ykOArwXG9uTxa7Bk"'), (b'X-Powered-By', b'huggingface-moon'), (b'X-Request-Id', b'Root=1-6a3b368c-2eb86cc45710fe5d199b7fc0;3bb58f7e-c858-42b1-b165-002f6eab54e3'), (b'RateLimit', b'"api";r=999;t=238'), (b'RateLimit-Policy', b'"fixed window";"api";q=1000;w=300'), (b'cross-origin-opener-policy', b'same-origin'), (b'Referrer-Policy', b'strict-origin-when-cross-origin'), (b'Access-Control-Max-Age', b'86400'), (b'Access-Control-Allow-Origin', b'https://huggingface.co'), (b'Vary', b'Origin'), (b'Access-Control-Expose-Headers', b'X-Repo-Commit,X-Request-Id,X-Error-Code,X-Error-Message,X-Total-Count,ETag,Link,Accept-Ranges,Content-Range,X-Linked-Size,X-Linked-ETag,X-Xet-Hash'), (b'X-Cache', b'Miss from cloudfront'), (b'Via', b'1.1 801cd5a1ed5abecf586d9f00fbf82766.cloudfront.net (CloudFront)'), (b'X-Amz-Cf-Pop', b'ICN57-P5'), (b'X-Amz-Cf-Id', b'tn12NPd7pUrGxpaB6p8NW3Dhc6vatUXppngLBkR7Kbrv6Pkp6u7Tgw==')])
INFO 2026-06-24 10:44:45 _client.py:1025 HTTP Request: POST https://huggingface.co/api/repos/create "HTTP/1.1 200 OK"
DEBUG 2026-06-24 10:44:45 re/_trace.py:47 receive_response_body.started request=<Request [b'POST']>
DEBUG 2026-06-24 10:44:45 re/_trace.py:47 receive_response_body.complete
DEBUG 2026-06-24 10:44:45 re/_trace.py:47 response_closed.started
DEBUG 2026-06-24 10:44:45 re/_trace.py:47 response_closed.complete
DEBUG 2026-06-24 10:44:49 re/_trace.py:47 send_request_headers.started request=<Request [b'POST']>
DEBUG 2026-06-24 10:44:49 re/_trace.py:47 send_request_headers.complete
DEBUG 2026-06-24 10:44:49 re/_trace.py:47 send_request_body.started request=<Request [b'POST']>
DEBUG 2026-06-24 10:44:49 re/_trace.py:47 send_request_body.complete
DEBUG 2026-06-24 10:44:49 re/_trace.py:47 receive_response_headers.started request=<Request [b'POST']>
DEBUG 2026-06-24 10:44:49 re/_trace.py:47 receive_response_headers.complete return_value=(b'HTTP/1.1', 200, b'OK', [(b'Content-Type', b'text/plain; charset=utf-8'), (b'Content-Length', b'2'), (b'Connection', b'keep-alive'), (b'Date', b'Wed, 24 Jun 2026 01:44:49 GMT'), (b'ETag', b'W/"2-nOO9QiTIwXgNtWtBJezz8kv3SLc"'), (b'X-Powered-By', b'huggingface-moon'), (b'X-Request-Id', b'Root=1-6a3b3691-4a4b77bf3124d2c03a71bd3c;267018dd-00aa-4326-a3d2-57b65f2887d9'), (b'RateLimit', b'"api";r=9999;t=259'), (b'RateLimit-Policy', b'"fixed window";"api";q=10000;w=300'), (b'cross-origin-opener-policy', b'same-origin'), (b'Referrer-Policy', b'strict-origin-when-cross-origin'), (b'Access-Control-Max-Age', b'86400'), (b'Access-Control-Allow-Origin', b'https://huggingface.co'), (b'Vary', b'Origin'), (b'Access-Control-Expose-Headers', b'X-Repo-Commit,X-Request-Id,X-Error-Code,X-Error-Message,X-Total-Count,ETag,Link,Accept-Ranges,Content-Range,X-Linked-Size,X-Linked-ETag,X-Xet-Hash'), (b'X-Cache', b'Miss from cloudfront'), (b'Via', b'1.1 801cd5a1ed5abecf586d9f00fbf82766.cloudfront.net (CloudFront)'), (b'X-Amz-Cf-Pop', b'ICN57-P5'), (b'X-Amz-Cf-Id', b'R-4N4Jug7WgfZm2i-EqMzYKPOUFQMBpfCf--E8e1Uc0XsucDyoxhZQ==')])
INFO 2026-06-24 10:44:49 _client.py:1025 HTTP Request: POST https://huggingface.co/api/validate-yaml "HTTP/1.1 200 OK"
DEBUG 2026-06-24 10:44:49 re/_trace.py:47 receive_response_body.started request=<Request [b'POST']>
DEBUG 2026-06-24 10:44:49 re/_trace.py:47 receive_response_body.complete
DEBUG 2026-06-24 10:44:49 re/_trace.py:47 response_closed.started
DEBUG 2026-06-24 10:44:49 re/_trace.py:47 response_closed.complete
DEBUG 2026-06-24 10:44:49 re/_trace.py:47 send_request_headers.started request=<Request [b'POST']>
DEBUG 2026-06-24 10:44:49 re/_trace.py:47 send_request_headers.complete
DEBUG 2026-06-24 10:44:49 re/_trace.py:47 send_request_body.started request=<Request [b'POST']>
DEBUG 2026-06-24 10:44:49 re/_trace.py:47 send_request_body.complete
DEBUG 2026-06-24 10:44:49 re/_trace.py:47 receive_response_headers.started request=<Request [b'POST']>
DEBUG 2026-06-24 10:44:49 re/_trace.py:47 receive_response_headers.complete return_value=(b'HTTP/1.1', 200, b'OK', [(b'Content-Type', b'application/json; charset=utf-8'), (b'Content-Length', b'27'), (b'Connection', b'keep-alive'), (b'Date', b'Wed, 24 Jun 2026 01:44:49 GMT'), (b'ETag', b'W/"1b-cMjusAgmzfbmgmCE/uezyFkHDTo"'), (b'X-Powered-By', b'huggingface-moon'), (b'X-Request-Id', b'Root=1-6a3b3691-397067ea6c8309014a7a7b5f;cefdbca0-0e48-4650-8277-671f662221fd'), (b'RateLimit', b'"api";r=9998;t=259'), (b'RateLimit-Policy', b'"fixed window";"api";q=10000;w=300'), (b'cross-origin-opener-policy', b'same-origin'), (b'Referrer-Policy', b'strict-origin-when-cross-origin'), (b'Access-Control-Max-Age', b'86400'), (b'Access-Control-Allow-Origin', b'https://huggingface.co'), (b'Vary', b'Origin'), (b'Access-Control-Expose-Headers', b'X-Repo-Commit,X-Request-Id,X-Error-Code,X-Error-Message,X-Total-Count,ETag,Link,Accept-Ranges,Content-Range,X-Linked-Size,X-Linked-ETag,X-Xet-Hash'), (b'X-Cache', b'Miss from cloudfront'), (b'Via', b'1.1 801cd5a1ed5abecf586d9f00fbf82766.cloudfront.net (CloudFront)'), (b'X-Amz-Cf-Pop', b'ICN57-P5'), (b'X-Amz-Cf-Id', b'D5BH165icLuB3ggnUJ4NskczKKrMAOTBU2wi3ikd_6wFSFRMIVFejA==')])
INFO 2026-06-24 10:44:49 _client.py:1025 HTTP Request: POST https://huggingface.co/api/validate-yaml "HTTP/1.1 200 OK"
DEBUG 2026-06-24 10:44:49 re/_trace.py:47 receive_response_body.started request=<Request [b'POST']>
DEBUG 2026-06-24 10:44:49 re/_trace.py:47 receive_response_body.complete
DEBUG 2026-06-24 10:44:49 re/_trace.py:47 response_closed.started
DEBUG 2026-06-24 10:44:49 re/_trace.py:47 response_closed.complete
DEBUG 2026-06-24 10:44:49 re/_trace.py:47 send_request_headers.started request=<Request [b'POST']>
DEBUG 2026-06-24 10:44:49 re/_trace.py:47 send_request_headers.complete
DEBUG 2026-06-24 10:44:49 re/_trace.py:47 send_request_body.started request=<Request [b'POST']>
DEBUG 2026-06-24 10:44:49 re/_trace.py:47 send_request_body.complete
DEBUG 2026-06-24 10:44:49 re/_trace.py:47 receive_response_headers.started request=<Request [b'POST']>
DEBUG 2026-06-24 10:44:49 re/_trace.py:47 receive_response_headers.complete return_value=(b'HTTP/1.1', 200, b'OK', [(b'Content-Type', b'application/json; charset=utf-8'), (b'Content-Length', b'340'), (b'Connection', b'keep-alive'), (b'Date', b'Wed, 24 Jun 2026 01:44:49 GMT'), (b'ETag', b'W/"154-Tk6/pI+/IsJiGdCILry5UxPxjhM"'), (b'X-Powered-By', b'huggingface-moon'), (b'X-Request-Id', b'Root=1-6a3b3691-36522856018c9ca137dedb2d;12872f49-72dc-412d-8acf-06de7b5e1f17'), (b'RateLimit', b'"api";r=998;t=233'), (b'RateLimit-Policy', b'"fixed window";"api";q=1000;w=300'), (b'cross-origin-opener-policy', b'same-origin'), (b'Referrer-Policy', b'strict-origin-when-cross-origin'), (b'Access-Control-Max-Age', b'86400'), (b'Access-Control-Allow-Origin', b'https://huggingface.co'), (b'Vary', b'Origin'), (b'Access-Control-Expose-Headers', b'X-Repo-Commit,X-Request-Id,X-Error-Code,X-Error-Message,X-Total-Count,ETag,Link,Accept-Ranges,Content-Range,X-Linked-Size,X-Linked-ETag,X-Xet-Hash'), (b'X-Cache', b'Miss from cloudfront'), (b'Via', b'1.1 801cd5a1ed5abecf586d9f00fbf82766.cloudfront.net (CloudFront)'), (b'X-Amz-Cf-Pop', b'ICN57-P5'), (b'X-Amz-Cf-Id', b'EiMbpsBHkybcapdyu_ok_iiPM0CFBmlQhBQeIclSVsNvPfuVl8EX4g==')])
INFO 2026-06-24 10:44:49 _client.py:1025 HTTP Request: POST https://huggingface.co/api/models/coport-uni/FR5_task1_move_the_brown_colored_glass_bottle_to_the_designated_location_200_pi05_b200_model/preupload/main "HTTP/1.1 200 OK"
DEBUG 2026-06-24 10:44:49 re/_trace.py:47 receive_response_body.started request=<Request [b'POST']>
DEBUG 2026-06-24 10:44:49 re/_trace.py:47 receive_response_body.complete
DEBUG 2026-06-24 10:44:49 re/_trace.py:47 response_closed.started
DEBUG 2026-06-24 10:44:49 re/_trace.py:47 response_closed.complete
DEBUG 2026-06-24 10:46:01 re/_trace.py:47 close.started
DEBUG 2026-06-24 10:46:01 re/_trace.py:47 close.complete
DEBUG 2026-06-24 10:46:01 re/_trace.py:47 connect_tcp.started host='huggingface.co' port=443 local_address=None timeout=None socket_options=None
DEBUG 2026-06-24 10:46:01 re/_trace.py:47 connect_tcp.complete return_value=<httpcore._backends.sync.SyncStream object at 0x7f42cdd2f6e0>
DEBUG 2026-06-24 10:46:01 re/_trace.py:47 start_tls.started ssl_context=<ssl.SSLContext object at 0x7f42cd0739d0> server_hostname='huggingface.co' timeout=None
DEBUG 2026-06-24 10:46:01 re/_trace.py:47 start_tls.complete return_value=<httpcore._backends.sync.SyncStream object at 0x7f393d33b500>
DEBUG 2026-06-24 10:46:01 re/_trace.py:47 send_request_headers.started request=<Request [b'POST']>
DEBUG 2026-06-24 10:46:01 re/_trace.py:47 send_request_headers.complete
DEBUG 2026-06-24 10:46:01 re/_trace.py:47 send_request_body.started request=<Request [b'POST']>
DEBUG 2026-06-24 10:46:01 re/_trace.py:47 send_request_body.complete
DEBUG 2026-06-24 10:46:01 re/_trace.py:47 receive_response_headers.started request=<Request [b'POST']>
DEBUG 2026-06-24 10:46:03 re/_trace.py:47 receive_response_headers.complete return_value=(b'HTTP/1.1', 200, b'OK', [(b'Content-Type', b'application/json; charset=utf-8'), (b'Content-Length', b'276'), (b'Connection', b'keep-alive'), (b'Date', b'Wed, 24 Jun 2026 01:46:03 GMT'), (b'ETag', b'W/"114-AQN2wrOs9dUUeB7B2YZGAEFtFK8"'), (b'X-Powered-By', b'huggingface-moon'), (b'X-Request-Id', b'Root=1-6a3b36d9-5a718e285db075c26403a45d;48b9ee8d-c1b2-4668-8f47-23ccc69ec12d'), (b'RateLimit', b'"api";r=996;t=161'), (b'RateLimit-Policy', b'"fixed window";"api";q=1000;w=300'), (b'cross-origin-opener-policy', b'same-origin'), (b'Referrer-Policy', b'strict-origin-when-cross-origin'), (b'Access-Control-Max-Age', b'86400'), (b'Access-Control-Allow-Origin', b'https://huggingface.co'), (b'Vary', b'Origin'), (b'Access-Control-Expose-Headers', b'X-Repo-Commit,X-Request-Id,X-Error-Code,X-Error-Message,X-Total-Count,ETag,Link,Accept-Ranges,Content-Range,X-Linked-Size,X-Linked-ETag,X-Xet-Hash'), (b'X-Cache', b'Miss from cloudfront'), (b'Via', b'1.1 585f4a417478f2c595c6349bb58bcd98.cloudfront.net (CloudFront)'), (b'X-Amz-Cf-Pop', b'ICN57-P5'), (b'X-Amz-Cf-Id', b'ceH9WyfKWpLHl7TJRh63cl3jW-Yqxod8ZLW5gm1g-C40B4f1tF1u6A==')])
INFO 2026-06-24 10:46:03 _client.py:1025 HTTP Request: POST https://huggingface.co/api/models/coport-uni/FR5_task1_move_the_brown_colored_glass_bottle_to_the_designated_location_200_pi05_b200_model/commit/main "HTTP/1.1 200 OK"
DEBUG 2026-06-24 10:46:03 re/_trace.py:47 receive_response_body.started request=<Request [b'POST']>
DEBUG 2026-06-24 10:46:03 re/_trace.py:47 receive_response_body.complete
DEBUG 2026-06-24 10:46:03 re/_trace.py:47 response_closed.started
DEBUG 2026-06-24 10:46:03 re/_trace.py:47 response_closed.complete
INFO 2026-06-24 10:46:03 etrained.py:245 Model pushed to https://huggingface.co/coport-uni/FR5_task1_move_the_brown_colored_glass_bottle_to_the_designated_location_200_pi05_b200_model
DEBUG 2026-06-24 10:46:03 re/_trace.py:47 send_request_headers.started request=<Request [b'POST']>
DEBUG 2026-06-24 10:46:03 re/_trace.py:47 send_request_headers.complete
DEBUG 2026-06-24 10:46:03 re/_trace.py:47 send_request_body.started request=<Request [b'POST']>
DEBUG 2026-06-24 10:46:03 re/_trace.py:47 send_request_body.complete
DEBUG 2026-06-24 10:46:03 re/_trace.py:47 receive_response_headers.started request=<Request [b'POST']>
DEBUG 2026-06-24 10:46:03 re/_trace.py:47 receive_response_headers.complete return_value=(b'HTTP/1.1', 409, b'Conflict', [(b'Content-Type', b'application/json; charset=utf-8'), (b'Content-Length', b'287'), (b'Connection', b'keep-alive'), (b'Date', b'Wed, 24 Jun 2026 01:46:03 GMT'), (b'ETag', b'W/"11f-TKN8HgKKtR4KjrIbEpeIIXmY72w"'), (b'X-Powered-By', b'huggingface-moon'), (b'X-Request-Id', b'Root=1-6a3b36db-4469206415ddee9873668c89;2231c00e-1880-4bfa-b6be-a89483c0cb42'), (b'RateLimit', b'"api";r=995;t=159'), (b'RateLimit-Policy', b'"fixed window";"api";q=1000;w=300'), (b'cross-origin-opener-policy', b'same-origin'), (b'Referrer-Policy', b'strict-origin-when-cross-origin'), (b'Access-Control-Max-Age', b'86400'), (b'Access-Control-Allow-Origin', b'https://huggingface.co'), (b'Vary', b'Origin'), (b'Access-Control-Expose-Headers', b'X-Repo-Commit,X-Request-Id,X-Error-Code,X-Error-Message,X-Total-Count,ETag,Link,Accept-Ranges,Content-Range,X-Linked-Size,X-Linked-ETag,X-Xet-Hash'), (b'X-Error-Message', b'You already created this model repo: coport-uni/FR5_task1_move_the_brown_colored_glass_bottle_to_the_designated_location_200_pi05_b200_model'), (b'X-Cache', b'Error from cloudfront'), (b'Via', b'1.1 585f4a417478f2c595c6349bb58bcd98.cloudfront.net (CloudFront)'), (b'X-Amz-Cf-Pop', b'ICN57-P5'), (b'X-Amz-Cf-Id', b'qLTZq9s8V_NWQftslG9dqgS2Kg1OCw2yb7jn78n5ATNxGroZDswwrQ==')])
INFO 2026-06-24 10:46:03 _client.py:1025 HTTP Request: POST https://huggingface.co/api/repos/create "HTTP/1.1 409 Conflict"
DEBUG 2026-06-24 10:46:03 re/_trace.py:47 receive_response_body.started request=<Request [b'POST']>
DEBUG 2026-06-24 10:46:03 re/_trace.py:47 receive_response_body.complete
DEBUG 2026-06-24 10:46:03 re/_trace.py:47 response_closed.started
DEBUG 2026-06-24 10:46:03 re/_trace.py:47 response_closed.complete
DEBUG 2026-06-24 10:46:03 re/_trace.py:47 send_request_headers.started request=<Request [b'POST']>
DEBUG 2026-06-24 10:46:03 re/_trace.py:47 send_request_headers.complete
DEBUG 2026-06-24 10:46:03 re/_trace.py:47 send_request_body.started request=<Request [b'POST']>
DEBUG 2026-06-24 10:46:03 re/_trace.py:47 send_request_body.complete
DEBUG 2026-06-24 10:46:03 re/_trace.py:47 receive_response_headers.started request=<Request [b'POST']>
DEBUG 2026-06-24 10:46:03 re/_trace.py:47 receive_response_headers.complete return_value=(b'HTTP/1.1', 200, b'OK', [(b'Content-Type', b'application/json; charset=utf-8'), (b'Content-Length', b'257'), (b'Connection', b'keep-alive'), (b'Date', b'Wed, 24 Jun 2026 01:46:03 GMT'), (b'ETag', b'W/"101-E7XyuqJPq8dS3HW60Yuq4kztG4Y"'), (b'X-Powered-By', b'huggingface-moon'), (b'X-Request-Id', b'Root=1-6a3b36db-792448c16f9275964c8c5be5;d0617dbe-59ed-4030-8330-0c87879291f2'), (b'RateLimit', b'"api";r=994;t=159'), (b'RateLimit-Policy', b'"fixed window";"api";q=1000;w=300'), (b'cross-origin-opener-policy', b'same-origin'), (b'Referrer-Policy', b'strict-origin-when-cross-origin'), (b'Access-Control-Max-Age', b'86400'), (b'Access-Control-Allow-Origin', b'https://huggingface.co'), (b'Vary', b'Origin'), (b'Access-Control-Expose-Headers', b'X-Repo-Commit,X-Request-Id,X-Error-Code,X-Error-Message,X-Total-Count,ETag,Link,Accept-Ranges,Content-Range,X-Linked-Size,X-Linked-ETag,X-Xet-Hash'), (b'X-Cache', b'Miss from cloudfront'), (b'Via', b'1.1 585f4a417478f2c595c6349bb58bcd98.cloudfront.net (CloudFront)'), (b'X-Amz-Cf-Pop', b'ICN57-P5'), (b'X-Amz-Cf-Id', b'QA-18VmP3MeiOYuqfNwrok4a_Mbvq125Cjfhat4gYPygF1RvbGfSRg==')])
INFO 2026-06-24 10:46:03 _client.py:1025 HTTP Request: POST https://huggingface.co/api/models/coport-uni/FR5_task1_move_the_brown_colored_glass_bottle_to_the_designated_location_200_pi05_b200_model/preupload/main "HTTP/1.1 200 OK"
DEBUG 2026-06-24 10:46:03 re/_trace.py:47 receive_response_body.started request=<Request [b'POST']>
DEBUG 2026-06-24 10:46:03 re/_trace.py:47 receive_response_body.complete
DEBUG 2026-06-24 10:46:03 re/_trace.py:47 response_closed.started
DEBUG 2026-06-24 10:46:03 re/_trace.py:47 response_closed.complete
DEBUG 2026-06-24 10:46:06 re/_trace.py:47 send_request_headers.started request=<Request [b'POST']>
DEBUG 2026-06-24 10:46:06 re/_trace.py:47 send_request_headers.complete
DEBUG 2026-06-24 10:46:06 re/_trace.py:47 send_request_body.started request=<Request [b'POST']>
DEBUG 2026-06-24 10:46:06 re/_trace.py:47 send_request_body.complete
DEBUG 2026-06-24 10:46:06 re/_trace.py:47 receive_response_headers.started request=<Request [b'POST']>
DEBUG 2026-06-24 10:46:07 re/_trace.py:47 receive_response_headers.complete return_value=(b'HTTP/1.1', 200, b'OK', [(b'Content-Type', b'application/json; charset=utf-8'), (b'Content-Length', b'276'), (b'Connection', b'keep-alive'), (b'Date', b'Wed, 24 Jun 2026 01:46:07 GMT'), (b'ETag', b'W/"114-Kk0MNBiWuJPIDONwdeL0wd2BVNI"'), (b'X-Powered-By', b'huggingface-moon'), (b'X-Request-Id', b'Root=1-6a3b36de-29475c597ab209e43dd36730;6d9bb68b-af01-4984-9a64-e01aae7032eb'), (b'RateLimit', b'"api";r=992;t=156'), (b'RateLimit-Policy', b'"fixed window";"api";q=1000;w=300'), (b'cross-origin-opener-policy', b'same-origin'), (b'Referrer-Policy', b'strict-origin-when-cross-origin'), (b'Access-Control-Max-Age', b'86400'), (b'Access-Control-Allow-Origin', b'https://huggingface.co'), (b'Vary', b'Origin'), (b'Access-Control-Expose-Headers', b'X-Repo-Commit,X-Request-Id,X-Error-Code,X-Error-Message,X-Total-Count,ETag,Link,Accept-Ranges,Content-Range,X-Linked-Size,X-Linked-ETag,X-Xet-Hash'), (b'X-Cache', b'Miss from cloudfront'), (b'Via', b'1.1 585f4a417478f2c595c6349bb58bcd98.cloudfront.net (CloudFront)'), (b'X-Amz-Cf-Pop', b'ICN57-P5'), (b'X-Amz-Cf-Id', b'bColTzS0ynBPH1hu30u_E38b_3Dp4ECcQG_LxCyPFTOj3cnnrwtT1Q==')])
INFO 2026-06-24 10:46:07 _client.py:1025 HTTP Request: POST https://huggingface.co/api/models/coport-uni/FR5_task1_move_the_brown_colored_glass_bottle_to_the_designated_location_200_pi05_b200_model/commit/main "HTTP/1.1 200 OK"
DEBUG 2026-06-24 10:46:07 re/_trace.py:47 receive_response_body.started request=<Request [b'POST']>
DEBUG 2026-06-24 10:46:07 re/_trace.py:47 receive_response_body.complete
DEBUG 2026-06-24 10:46:07 re/_trace.py:47 response_closed.started
DEBUG 2026-06-24 10:46:07 re/_trace.py:47 response_closed.complete
DEBUG 2026-06-24 10:46:07 re/_trace.py:47 send_request_headers.started request=<Request [b'POST']>
DEBUG 2026-06-24 10:46:07 re/_trace.py:47 send_request_headers.complete
DEBUG 2026-06-24 10:46:07 re/_trace.py:47 send_request_body.started request=<Request [b'POST']>
DEBUG 2026-06-24 10:46:07 re/_trace.py:47 send_request_body.complete
DEBUG 2026-06-24 10:46:07 re/_trace.py:47 receive_response_headers.started request=<Request [b'POST']>
DEBUG 2026-06-24 10:46:08 re/_trace.py:47 receive_response_headers.complete return_value=(b'HTTP/1.1', 409, b'Conflict', [(b'Content-Type', b'application/json; charset=utf-8'), (b'Content-Length', b'287'), (b'Connection', b'keep-alive'), (b'Date', b'Wed, 24 Jun 2026 01:46:08 GMT'), (b'ETag', b'W/"11f-TKN8HgKKtR4KjrIbEpeIIXmY72w"'), (b'X-Powered-By', b'huggingface-moon'), (b'X-Request-Id', b'Root=1-6a3b36df-23bf2b7419ea10af56c5e27a;8663fcb3-9602-4088-902d-476e7b154e5d'), (b'RateLimit', b'"api";r=991;t=154'), (b'RateLimit-Policy', b'"fixed window";"api";q=1000;w=300'), (b'cross-origin-opener-policy', b'same-origin'), (b'Referrer-Policy', b'strict-origin-when-cross-origin'), (b'Access-Control-Max-Age', b'86400'), (b'Access-Control-Allow-Origin', b'https://huggingface.co'), (b'Vary', b'Origin'), (b'Access-Control-Expose-Headers', b'X-Repo-Commit,X-Request-Id,X-Error-Code,X-Error-Message,X-Total-Count,ETag,Link,Accept-Ranges,Content-Range,X-Linked-Size,X-Linked-ETag,X-Xet-Hash'), (b'X-Error-Message', b'You already created this model repo: coport-uni/FR5_task1_move_the_brown_colored_glass_bottle_to_the_designated_location_200_pi05_b200_model'), (b'X-Cache', b'Error from cloudfront'), (b'Via', b'1.1 585f4a417478f2c595c6349bb58bcd98.cloudfront.net (CloudFront)'), (b'X-Amz-Cf-Pop', b'ICN57-P5'), (b'X-Amz-Cf-Id', b'ETpasDhwWC9Zt5KUYYu7sDc4g5kZMOJOa5HuUp9cwktXzgyTevBjDQ==')])
INFO 2026-06-24 10:46:08 _client.py:1025 HTTP Request: POST https://huggingface.co/api/repos/create "HTTP/1.1 409 Conflict"
DEBUG 2026-06-24 10:46:08 re/_trace.py:47 receive_response_body.started request=<Request [b'POST']>
DEBUG 2026-06-24 10:46:08 re/_trace.py:47 receive_response_body.complete
DEBUG 2026-06-24 10:46:08 re/_trace.py:47 response_closed.started
DEBUG 2026-06-24 10:46:08 re/_trace.py:47 response_closed.complete
DEBUG 2026-06-24 10:46:08 re/_trace.py:47 send_request_headers.started request=<Request [b'POST']>
DEBUG 2026-06-24 10:46:08 re/_trace.py:47 send_request_headers.complete
DEBUG 2026-06-24 10:46:08 re/_trace.py:47 send_request_body.started request=<Request [b'POST']>
DEBUG 2026-06-24 10:46:08 re/_trace.py:47 send_request_body.complete
DEBUG 2026-06-24 10:46:08 re/_trace.py:47 receive_response_headers.started request=<Request [b'POST']>
DEBUG 2026-06-24 10:46:08 re/_trace.py:47 receive_response_headers.complete return_value=(b'HTTP/1.1', 200, b'OK', [(b'Content-Type', b'application/json; charset=utf-8'), (b'Content-Length', b'261'), (b'Connection', b'keep-alive'), (b'Date', b'Wed, 24 Jun 2026 01:46:08 GMT'), (b'ETag', b'W/"105-49ty2D6SXIIjzCtaNP+ryCwPqSA"'), (b'X-Powered-By', b'huggingface-moon'), (b'X-Request-Id', b'Root=1-6a3b36e0-5c2f470a1bd92e541cd4d2f4;4a9d9511-7d2d-40cb-a47b-d1ee70be9340'), (b'RateLimit', b'"api";r=990;t=154'), (b'RateLimit-Policy', b'"fixed window";"api";q=1000;w=300'), (b'cross-origin-opener-policy', b'same-origin'), (b'Referrer-Policy', b'strict-origin-when-cross-origin'), (b'Access-Control-Max-Age', b'86400'), (b'Access-Control-Allow-Origin', b'https://huggingface.co'), (b'Vary', b'Origin'), (b'Access-Control-Expose-Headers', b'X-Repo-Commit,X-Request-Id,X-Error-Code,X-Error-Message,X-Total-Count,ETag,Link,Accept-Ranges,Content-Range,X-Linked-Size,X-Linked-ETag,X-Xet-Hash'), (b'X-Cache', b'Miss from cloudfront'), (b'Via', b'1.1 585f4a417478f2c595c6349bb58bcd98.cloudfront.net (CloudFront)'), (b'X-Amz-Cf-Pop', b'ICN57-P5'), (b'X-Amz-Cf-Id', b'IXsQb91NwiaKxTl6tbUxGWcE9u_1TAyTcviBvvDZvfM_yauhZdAeIQ==')])
INFO 2026-06-24 10:46:08 _client.py:1025 HTTP Request: POST https://huggingface.co/api/models/coport-uni/FR5_task1_move_the_brown_colored_glass_bottle_to_the_designated_location_200_pi05_b200_model/preupload/main "HTTP/1.1 200 OK"
DEBUG 2026-06-24 10:46:08 re/_trace.py:47 receive_response_body.started request=<Request [b'POST']>
DEBUG 2026-06-24 10:46:08 re/_trace.py:47 receive_response_body.complete
DEBUG 2026-06-24 10:46:08 re/_trace.py:47 response_closed.started
DEBUG 2026-06-24 10:46:08 re/_trace.py:47 response_closed.complete
DEBUG 2026-06-24 10:46:09 re/_trace.py:47 send_request_headers.started request=<Request [b'POST']>
DEBUG 2026-06-24 10:46:09 re/_trace.py:47 send_request_headers.complete
DEBUG 2026-06-24 10:46:09 re/_trace.py:47 send_request_body.started request=<Request [b'POST']>
DEBUG 2026-06-24 10:46:09 re/_trace.py:47 send_request_body.complete
DEBUG 2026-06-24 10:46:09 re/_trace.py:47 receive_response_headers.started request=<Request [b'POST']>
DEBUG 2026-06-24 10:46:10 re/_trace.py:47 receive_response_headers.complete return_value=(b'HTTP/1.1', 200, b'OK', [(b'Content-Type', b'application/json; charset=utf-8'), (b'Content-Length', b'276'), (b'Connection', b'keep-alive'), (b'Date', b'Wed, 24 Jun 2026 01:46:10 GMT'), (b'ETag', b'W/"114-J+kNKxCBm/aKgOG4AI5CqtZ4JjY"'), (b'X-Powered-By', b'huggingface-moon'), (b'X-Request-Id', b'Root=1-6a3b36e1-0c92e6871c7c8d9d59394dbc;27c5692a-70df-4a22-bac6-7a2d37c61e5a'), (b'RateLimit', b'"api";r=988;t=153'), (b'RateLimit-Policy', b'"fixed window";"api";q=1000;w=300'), (b'cross-origin-opener-policy', b'same-origin'), (b'Referrer-Policy', b'strict-origin-when-cross-origin'), (b'Access-Control-Max-Age', b'86400'), (b'Access-Control-Allow-Origin', b'https://huggingface.co'), (b'Vary', b'Origin'), (b'Access-Control-Expose-Headers', b'X-Repo-Commit,X-Request-Id,X-Error-Code,X-Error-Message,X-Total-Count,ETag,Link,Accept-Ranges,Content-Range,X-Linked-Size,X-Linked-ETag,X-Xet-Hash'), (b'X-Cache', b'Miss from cloudfront'), (b'Via', b'1.1 585f4a417478f2c595c6349bb58bcd98.cloudfront.net (CloudFront)'), (b'X-Amz-Cf-Pop', b'ICN57-P5'), (b'X-Amz-Cf-Id', b'lesr25kyywd1vL0Vi1325y1xYwnH63FxJmwdP8WgAXEcArxSc56cCw==')])
INFO 2026-06-24 10:46:10 _client.py:1025 HTTP Request: POST https://huggingface.co/api/models/coport-uni/FR5_task1_move_the_brown_colored_glass_bottle_to_the_designated_location_200_pi05_b200_model/commit/main "HTTP/1.1 200 OK"
DEBUG 2026-06-24 10:46:10 re/_trace.py:47 receive_response_body.started request=<Request [b'POST']>
DEBUG 2026-06-24 10:46:10 re/_trace.py:47 receive_response_body.complete
DEBUG 2026-06-24 10:46:10 re/_trace.py:47 response_closed.started
DEBUG 2026-06-24 10:46:10 re/_trace.py:47 response_closed.complete
DEBUG 2026-06-24 10:46:24 re/_trace.py:47 close.started
DEBUG 2026-06-24 10:46:24 re/_trace.py:47 close.complete
